#VRML V2.0 utf8
# 3D model generated by easyeda2kicad.py (https://github.com/uPesy/easyeda2kicad.py)

Shape{
    appearance Appearance {
        material  Material 	{
            diffuseColor 0.8235294117647058 0.8235294117647058 0.8235294117647058
            specularColor 0.4117647058823529 0.4117647058823529 0.4117647058823529
            ambientIntensity 0.8235
            transparency 0.0
            shininess 0.5
        }
    }
    geometry IndexedFaceSet {
        ccw TRUE
        solid FALSE
        coord DEF co Coordinate {
            point [
                -2.8524 0.108 5.4724, -3.0061 -0.0998 5.4724, -2.8524 -0.0998 5.4724, -2.8524 1.1811 4.394, -4.0335 1.1811 4.394, -2.8524 0.8827 4.394, -4.0335 0.8827 4.394, -4.0335 -0.3313 4.394, -2.8524 -0.3313 4.394, -4.0335 -0.2287 4.394, -2.8524 -0.2287 4.394, -2.8524 0.8827 4.6063, -2.8524 1.405 4.6063, -2.8524 -0.2287 4.6063, -2.8524 -0.3313 4.6063, -4.0335 1.405 4.6063, -4.0335 0.8827 4.6063, -4.0335 -0.3313 4.6063, -4.0335 -0.2287 4.6063, -3.1673 -0.8421 4.6063, -3.1673 -1.039 4.6063, -2.754 -1.039 4.6063, -2.754 -0.1476 4.6063, -2.754 1.5038 4.6063, -3.199 -0.724 4.6063, -3.1754 -0.781 4.6063, -4.1319 -0.1476 4.6063, -4.1319 1.5038 4.6063, -3.7185 -0.8421 4.6063, -3.7105 -0.781 4.6063, -3.7185 -1.039 4.6063, -4.1319 -1.039 4.6063, -3.6869 -0.724 4.6063, -3.6493 -0.6751 4.6063, -3.6004 -0.6376 4.6063, -3.3424 -0.614 4.6063, -3.2854 -0.6376 4.6063, -3.2365 -0.6751 4.6063, -3.5434 -0.614 4.6063, -3.4823 -0.6059 4.6063, -3.4036 -0.6059 4.6063, -4.1319 1.9039 3.7757, -2.754 1.9039 3.7757, -4.1319 1.9039 2.6331, -2.754 1.9039 2.6331, -4.1319 1.9039 2.2965, -2.754 1.9039 2.2965, -4.1319 1.832 2.2246, -2.754 1.832 2.2246, -4.1319 1.832 1.6716, -2.754 1.832 1.6716, -4.1319 1.9039 1.5996, -2.754 1.9039 1.5996, -4.1319 1.9039 0.0394, -2.754 1.9039 0.0394, -4.1319 1.5038 0.0394, -2.754 1.5038 0.0394, -4.1319 1.5038 0.1705, -2.754 1.5038 0.1705, -4.1319 -0.1476 0.1705, -2.754 -0.1476 0.1705, -4.1319 -2.5292 0.1705, -2.754 -2.5292 0.1705, -4.1319 -2.5292 0.0394, -2.754 -2.5292 0.0394, -4.1319 -2.8599 0.0394, -2.754 -2.8599 0.0394, -2.754 -2.8599 2.7854, -4.1319 -2.8599 2.7854, -2.754 -2.8599 2.6331, -4.1319 -2.8599 2.6331, -3.4671 -1.7239 3.9214, -3.394 -1.7216 3.9237, -3.1663 -1.6111 4.0342, -3.2418 -1.6694 3.9759, -3.3195 -1.7048 3.9405, -3.5409 -1.7122 3.933, -3.6174 -1.6838 3.9614, -3.6964 -1.6321 4.0131, -3.8093 -1.1868 4.4585, -3.7629 -1.1016 4.5437, -3.1724 -1.0393 4.606, -3.1774 -1.0403 4.605, -3.1415 -1.0776 4.5676, -3.8335 -1.2814 4.3639, -3.7085 -1.0403 4.605, -3.7135 -1.0393 4.606, -3.0883 -1.1598 4.4854, -3.0571 -1.2528 4.3925, -3.7628 -1.5605 4.0848, -3.8095 -1.4744 4.1709, -3.8336 -1.3793 4.2659, -3.0497 -1.3506 4.2947, -3.0667 -1.4468 4.1984, -3.1066 -1.5355 4.1098, -4.1319 -2.3752 3.0439, -4.1319 -2.3985 2.9876, -4.1319 -2.4065 2.9271, -4.1319 -2.3985 2.8667, -4.1319 -2.3752 2.8103, -4.1319 -2.3381 2.762, -4.1319 -2.2897 2.7248, -4.1319 -2.0561 2.7248, -4.1319 -2.0077 2.762, -4.1319 -0.1476 2.6331, -4.1319 -1.9706 2.8103, -4.1319 -1.9472 2.8667, -4.1319 -2.2333 2.7015, -4.1319 -2.1729 2.6935, -4.1319 -2.1124 2.7015, -4.1319 -2.0077 3.0923, -4.1319 -2.0561 3.1294, -4.1319 -2.1124 3.1528, -4.1319 -2.3381 3.0923, -4.1319 -2.2897 3.1294, -4.1319 -1.9393 2.9271, -4.1319 -1.9472 2.9876, -4.1319 -1.9706 3.0439, -4.1319 -2.1729 3.1607, -4.1319 -2.2333 3.1528, -4.1319 -1.5218 1.4031, -4.1319 -1.4618 1.4491, -4.1319 -2.4659 0.8866, -4.1319 -2.5174 0.8652, -4.1319 -2.5617 0.8313, -4.1319 -2.5957 0.787, -4.1319 -2.2595 0.5291, -4.1319 -2.2256 0.5734, -4.1319 -2.617 0.7355, -4.1319 -2.6243 0.6802, -4.1319 -2.617 0.6249, -4.1319 -2.5957 0.5734, -4.1319 -2.2595 0.8313, -4.1319 -1.9566 1.6541, -4.1319 -2.2256 0.787, -4.1319 -1.9468 1.5791, -4.1319 -2.2042 0.7355, -4.1319 -2.1969 0.6802, -4.1319 -2.3038 0.8652, -4.1319 -2.3553 0.8866, -4.1319 -2.4106 0.8939, -4.1319 -2.5617 0.5291, -4.1319 -2.5174 0.4952, -4.1319 -2.4659 0.4738, -4.1319 -2.2042 0.6249, -4.1319 -1.9178 1.5092, -4.1319 -1.8717 1.4491, -4.1319 -1.3867 1.7292, -4.1319 -1.4157 1.7991, -4.1319 -1.4618 1.8591, -4.1319 -2.4106 0.4665, -4.1319 -2.3553 0.4738, -4.1319 -2.3038 0.4952, -4.1319 -1.8117 1.4031, -4.1319 -1.7418 1.3741, -4.1319 -1.6667 1.3642, -4.1319 -1.5917 1.3741, -4.1319 -1.4157 1.5092, -4.1319 -1.3867 1.5791, -4.1319 -1.3768 1.6541, -4.1319 -1.5218 1.9052, -4.1319 -1.5917 1.9341, -4.1319 -1.6667 1.944, -4.1319 -1.7418 1.9341, -4.1319 -1.8117 1.9052, -4.1319 -1.8717 1.8591, -4.1319 -1.9178 1.7991, -4.1319 -1.9468 1.7292, -4.1319 1.5117 2.5012, -4.1319 1.4612 2.5399, -4.1319 1.4612 2.118, -4.1319 1.5117 2.1567, -4.1319 1.5504 2.2072, -4.1319 1.5747 2.2659, -4.1319 1.583 2.329, -4.1319 1.5747 2.392, -4.1319 1.5504 2.4508, -4.1319 1.2176 2.5399, -4.1319 1.1672 2.5012, -4.1319 1.1285 2.4508, -4.1319 1.1041 2.392, -4.1319 1.4025 2.5643, -4.1319 1.3394 2.5726, -4.1319 1.2764 2.5643, -4.1319 1.1672 2.1567, -4.1319 1.2176 2.118, -4.1319 1.0958 2.329, -4.1319 1.1041 2.2659, -4.1319 1.1285 2.2072, -4.1319 1.2764 2.0937, -4.1319 1.3394 2.0854, -4.1319 1.4025 2.0937, -4.1319 1.1571 3.251, -4.1319 1.1162 3.3044, -4.1319 1.0904 3.3666, -4.1319 1.4061 3.6823, -4.1319 1.3394 3.6911, -4.1319 1.2727 3.6823, -4.1319 1.2105 3.6565, -4.1319 1.1571 3.6156, -4.1319 1.1162 3.5622, -4.1319 1.0904 3.5, -4.1319 1.0816 3.4333, -4.1319 1.4061 3.1843, -4.1319 1.4683 3.21, -4.1319 1.5217 3.251, -4.1319 1.2105 3.21, -4.1319 1.2727 3.1843, -4.1319 1.3394 3.1755, -4.1319 1.5884 3.5, -4.1319 1.5627 3.5622, -4.1319 1.5217 3.6156, -4.1319 1.4683 3.6565, -4.1319 1.5627 3.3044, -4.1319 1.5884 3.3666, -4.1319 1.5972 3.4333, -2.754 1.1571 3.251, -2.754 1.1162 3.3044, -2.754 -0.1476 2.6331, -2.754 1.5627 3.3044, -2.754 1.5217 3.251, -2.754 1.3394 3.6911, -2.754 1.4061 3.6823, -2.754 1.4683 3.6565, -2.754 1.5217 3.6156, -2.754 1.5627 3.5622, -2.754 1.5884 3.5, -2.754 1.5972 3.4333, -2.754 1.5884 3.3666, -2.754 1.4683 3.21, -2.754 1.4061 3.1843, -2.754 1.3394 3.1755, -2.754 1.0904 3.3666, -2.754 1.0816 3.4333, -2.754 1.0904 3.5, -2.754 1.1162 3.5622, -2.754 1.1571 3.6156, -2.754 1.2105 3.6565, -2.754 1.2727 3.6823, -2.754 1.2727 3.1843, -2.754 1.2105 3.21, -2.754 1.4025 2.5643, -2.754 1.4612 2.5399, -2.754 1.5117 2.5012, -2.754 1.5117 2.1567, -2.754 1.4612 2.118, -2.754 1.3394 2.5726, -2.754 1.5504 2.4508, -2.754 1.5747 2.392, -2.754 1.583 2.329, -2.754 1.5747 2.2659, -2.754 1.5504 2.2072, -2.754 1.3394 2.0854, -2.754 1.2764 2.0937, -2.754 1.4025 2.0937, -2.754 1.2176 2.118, -2.754 1.1672 2.1567, -2.754 1.1285 2.2072, -2.754 1.1041 2.2659, -2.754 1.0958 2.329, -2.754 1.1041 2.392, -2.754 1.1285 2.4508, -2.754 1.1672 2.5012, -2.754 1.2176 2.5399, -2.754 1.2764 2.5643, -2.754 -2.5617 0.5291, -2.754 -2.5957 0.5734, -2.754 -2.617 0.6249, -2.754 -2.6243 0.6802, -2.754 -2.617 0.7355, -2.754 -2.5957 0.787, -2.754 -2.2042 0.7355, -2.754 -2.1969 0.6802, -2.754 -2.2042 0.6249, -2.754 -2.2256 0.5734, -2.754 -2.2595 0.5291, -2.754 -2.3038 0.4952, -2.754 -2.3553 0.4738, -2.754 -2.4106 0.4665, -2.754 -2.4659 0.4738, -2.754 -2.5174 0.4952, -2.754 -2.4659 0.8866, -2.754 -2.4106 0.8939, -2.754 -2.3553 0.8866, -2.754 -2.3038 0.8652, -2.754 -2.2595 0.8313, -2.754 -1.3768 1.6541, -2.754 -1.3867 1.5791, -2.754 -2.5617 0.8313, -2.754 -2.5174 0.8652, -2.754 -1.5917 1.3741, -2.754 -1.6667 1.3642, -2.754 -1.7418 1.3741, -2.754 -1.8117 1.4031, -2.754 -1.4157 1.5092, -2.754 -1.4618 1.4491, -2.754 -1.5218 1.4031, -2.754 -1.8717 1.8591, -2.754 -1.9178 1.7991, -2.754 -1.9468 1.7292, -2.754 -1.6667 1.944, -2.754 -1.5917 1.9341, -2.754 -1.5218 1.9052, -2.754 -1.4618 1.8591, -2.754 -1.8717 1.4491, -2.754 -1.9178 1.5092, -2.754 -1.9468 1.5791, -2.754 -1.9566 1.6541, -2.754 -1.8117 1.9052, -2.754 -1.7418 1.9341, -2.754 -1.4157 1.7991, -2.754 -1.3867 1.7292, -2.754 -2.2256 0.787, -2.754 -1.9393 2.9271, -2.754 -1.9472 2.8667, -2.754 -2.4065 2.9271, -2.754 -2.3985 2.9876, -2.754 -2.0561 3.1294, -2.754 -2.0077 3.0923, -2.754 -1.9706 3.0439, -2.754 -1.9472 2.9876, -2.754 -1.9706 2.8103, -2.754 -2.0077 2.762, -2.754 -2.0561 2.7248, -2.754 -2.2897 2.7248, -2.754 -2.3381 2.762, -2.754 -2.3752 2.8103, -2.754 -2.3985 2.8667, -2.754 -2.2333 3.1528, -2.754 -2.1729 3.1607, -2.754 -2.1124 3.1528, -2.754 -2.1124 2.7015, -2.754 -2.1729 2.6935, -2.754 -2.2333 2.7015, -2.754 -2.3752 3.0439, -2.754 -2.3381 3.0923, -2.754 -2.2897 3.1294, -4.0335 0.8827 5.0536, -4.0335 1.0277 5.0536, -2.8524 0.8827 5.0536, -2.8524 1.0277 5.0536, -2.8524 -0.2287 4.7669, -4.0335 -0.2287 4.7669, -4.0335 -0.0998 4.7669, -2.8524 -0.0998 4.7669, -3.0061 -0.0998 5.2756, -3.4951 -0.0998 5.4724, -4.0335 -0.0998 5.4724, -3.4951 -0.0998 5.2756, -4.0335 0.8827 5.4724, -2.8524 0.769 5.4724, -2.8524 0.8827 5.4724, -4.0335 1.0277 5.2598, -2.8524 1.0277 5.2598, -2.8524 0.108 5.2756, -2.8524 0.769 5.2756, -4.25 1.2727 3.6823, -4.25 1.2105 3.6565, -4.25 1.1571 3.6156, -4.25 1.1162 3.5622, -4.25 1.0904 3.5, -4.25 1.0816 3.4333, -4.25 1.0904 3.3666, -4.25 1.1162 3.3044, -4.25 1.1571 3.251, -4.25 1.2105 3.21, -4.25 1.2727 3.1843, -4.25 1.3394 3.1755, -4.25 1.4061 3.1843, -4.25 1.4683 3.21, -4.25 1.5217 3.251, -4.25 1.5627 3.3044, -4.25 1.5884 3.3666, -4.25 1.5972 3.4333, -4.25 1.5884 3.5, -4.25 1.5627 3.5622, -4.25 1.5217 3.6156, -4.25 1.4683 3.6565, -4.25 1.4061 3.6823, -4.25 1.3394 3.6911, -4.25 1.3394 3.4333, -4.25 1.2764 2.5643, -4.25 1.2176 2.5399, -4.25 1.1672 2.5012, -4.25 1.1285 2.4508, -4.25 1.1041 2.392, -4.25 1.0958 2.329, -4.25 1.1041 2.2659, -4.25 1.1285 2.2072, -4.25 1.1672 2.1567, -4.25 1.2176 2.118, -4.25 1.2764 2.0937, -4.25 1.3394 2.0854, -4.25 1.4025 2.0937, -4.25 1.4612 2.118, -4.25 1.5117 2.1567, -4.25 1.5504 2.2072, -4.25 1.5747 2.2659, -4.25 1.583 2.329, -4.25 1.5747 2.392, -4.25 1.5504 2.4508, -4.25 1.5117 2.5012, -4.25 1.4612 2.5399, -4.25 1.4025 2.5643, -4.25 1.3394 2.5726, -4.25 1.3394 2.329, -4.25 -2.2333 3.1528, -4.25 -2.2897 3.1294, -4.25 -2.3381 3.0923, -4.25 -2.3752 3.0439, -4.25 -2.3985 2.9876, -4.25 -2.4065 2.9271, -4.25 -2.3985 2.8667, -4.25 -2.3752 2.8103, -4.25 -2.3381 2.762, -4.25 -2.2897 2.7248, -4.25 -2.2333 2.7015, -4.25 -2.1729 2.6935, -4.25 -2.1124 2.7015, -4.25 -2.0561 2.7248, -4.25 -2.0077 2.762, -4.25 -1.9706 2.8103, -4.25 -1.9472 2.8667, -4.25 -1.9393 2.9271, -4.25 -1.9472 2.9876, -4.25 -1.9706 3.0439, -4.25 -2.0077 3.0923, -4.25 -2.0561 3.1294, -4.25 -2.1124 3.1528, -4.25 -2.1729 3.1607, -4.25 -2.1729 2.9271, -4.25 -2.4659 0.8866, -4.25 -2.5174 0.8652, -4.25 -2.5617 0.8313, -4.25 -2.5957 0.787, -4.25 -2.617 0.7355, -4.25 -2.6243 0.6802, -4.25 -2.617 0.6249, -4.25 -2.5957 0.5734, -4.25 -2.5617 0.5291, -4.25 -2.5174 0.4952, -4.25 -2.4659 0.4738, -4.25 -2.4106 0.4665, -4.25 -2.3553 0.4738, -4.25 -2.3038 0.4952, -4.25 -2.2595 0.5291, -4.25 -2.2256 0.5734, -4.25 -2.2042 0.6249, -4.25 -2.1969 0.6802, -4.25 -2.2042 0.7355, -4.25 -2.2256 0.787, -4.25 -2.2595 0.8313, -4.25 -2.3038 0.8652, -4.25 -2.3553 0.8866, -4.25 -2.4106 0.8939, -4.25 -2.4106 0.6802, -4.25 -1.7418 1.9341, -4.25 -1.8117 1.9052, -4.25 -1.8717 1.8591, -4.25 -1.9178 1.7991, -4.25 -1.9468 1.7292, -4.25 -1.9566 1.6541, -4.25 -1.9468 1.5791, -4.25 -1.9178 1.5092, -4.25 -1.8717 1.4491, -4.25 -1.8117 1.4031, -4.25 -1.7418 1.3741, -4.25 -1.6667 1.3642, -4.25 -1.5917 1.3741, -4.25 -1.5218 1.4031, -4.25 -1.4618 1.4491, -4.25 -1.4157 1.5092, -4.25 -1.3867 1.5791, -4.25 -1.3768 1.6541, -4.25 -1.3867 1.7292, -4.25 -1.4157 1.7991, -4.25 -1.4618 1.8591, -4.25 -1.5218 1.9052, -4.25 -1.5917 1.9341, -4.25 -1.6667 1.944, -4.25 -1.6667 1.6541, -2.8721 -2.1729 3.1607, -2.8721 -2.2333 3.1528, -2.8721 -2.2897 3.1294, -2.8721 -2.3381 3.0923, -2.8721 -2.3752 3.0439, -2.8721 -2.3985 2.9876, -2.8721 -2.4065 2.9271, -2.8721 -2.3985 2.8667, -2.8721 -2.3752 2.8103, -2.8721 -2.3381 2.762, -2.8721 -2.2897 2.7248, -2.8721 -2.2333 2.7015, -2.8721 -2.1729 2.6935, -2.8721 -2.1124 2.7015, -2.8721 -2.0561 2.7248, -2.8721 -2.0077 2.762, -2.8721 -1.9706 2.8103, -2.8721 -1.9472 2.8667, -2.8721 -1.9393 2.9271, -2.8721 -1.9472 2.9876, -2.8721 -1.9706 3.0439, -2.8721 -2.0077 3.0923, -2.8721 -2.0561 3.1294, -2.8721 -2.1124 3.1528, -2.8721 -2.1729 2.9271, -2.8721 -1.6667 1.944, -2.8721 -1.7418 1.9341, -2.8721 -1.8117 1.9052, -2.8721 -1.8717 1.8591, -2.8721 -1.9178 1.7991, -2.8721 -1.9468 1.7292, -2.8721 -1.9566 1.6541, -2.8721 -1.9468 1.5791, -2.8721 -1.9178 1.5092, -2.8721 -1.8717 1.4491, -2.8721 -1.8117 1.4031, -2.8721 -1.7418 1.3741, -2.8721 -1.6667 1.3642, -2.8721 -1.5917 1.3741, -2.8721 -1.5218 1.4031, -2.8721 -1.4618 1.4491, -2.8721 -1.4157 1.5092, -2.8721 -1.3867 1.5791, -2.8721 -1.3768 1.6541, -2.8721 -1.3867 1.7292, -2.8721 -1.4157 1.7991, -2.8721 -1.4618 1.8591, -2.8721 -1.5218 1.9052, -2.8721 -1.5917 1.9341, -2.8721 -1.6667 1.6541, -2.8721 1.3394 3.6911, -2.8721 1.2727 3.6823, -2.8721 1.2105 3.6565, -2.8721 1.1571 3.6156, -2.8721 1.1162 3.5622, -2.8721 1.0904 3.5, -2.8721 1.0816 3.4333, -2.8721 1.0904 3.3666, -2.8721 1.1162 3.3044, -2.8721 1.1571 3.251, -2.8721 1.2105 3.21, -2.8721 1.2727 3.1843, -2.8721 1.3394 3.1755, -2.8721 1.4061 3.1843, -2.8721 1.4683 3.21, -2.8721 1.5217 3.251, -2.8721 1.5627 3.3044, -2.8721 1.5884 3.3666, -2.8721 1.5972 3.4333, -2.8721 1.5884 3.5, -2.8721 1.5627 3.5622, -2.8721 1.5217 3.6156, -2.8721 1.4683 3.6565, -2.8721 1.4061 3.6823, -2.8721 1.3394 3.4333, -2.8721 1.3394 2.5726, -2.8721 1.2764 2.5643, -2.8721 1.2176 2.5399, -2.8721 1.1672 2.5012, -2.8721 1.1285 2.4508, -2.8721 1.1041 2.392, -2.8721 1.0958 2.329, -2.8721 1.1041 2.2659, -2.8721 1.1285 2.2072, -2.8721 1.1672 2.1567, -2.8721 1.2176 2.118, -2.8721 1.2764 2.0937, -2.8721 1.3394 2.0854, -2.8721 1.4025 2.0937, -2.8721 1.4612 2.118, -2.8721 1.5117 2.1567, -2.8721 1.5504 2.2072, -2.8721 1.5747 2.2659, -2.8721 1.583 2.329, -2.8721 1.5747 2.392, -2.8721 1.5504 2.4508, -2.8721 1.5117 2.5012, -2.8721 1.4612 2.5399, -2.8721 1.4025 2.5643, -2.8721 1.3394 2.329, -2.8721 -2.4106 0.8939, -2.8721 -2.4659 0.8866, -2.8721 -2.5174 0.8652, -2.8721 -2.5617 0.8313, -2.8721 -2.5957 0.787, -2.8721 -2.617 0.7355, -2.8721 -2.6243 0.6802, -2.8721 -2.617 0.6249, -2.8721 -2.5957 0.5734, -2.8721 -2.5617 0.5291, -2.8721 -2.5174 0.4952, -2.8721 -2.4659 0.4738, -2.8721 -2.4106 0.4665, -2.8721 -2.3553 0.4738, -2.8721 -2.3038 0.4952, -2.8721 -2.2595 0.5291, -2.8721 -2.2256 0.5734, -2.8721 -2.2042 0.6249, -2.8721 -2.1969 0.6802, -2.8721 -2.2042 0.7355, -2.8721 -2.2256 0.787, -2.8721 -2.2595 0.8313, -2.8721 -2.3038 0.8652, -2.8721 -2.3553 0.8866, -2.8721 -2.4106 0.6802, -3.6791 -1.039 4.5669, -3.6791 -1.039 2.6378, -3.6791 -0.8421 4.5669, -3.6791 -0.8421 2.6378, -3.4823 -0.6453 4.5669, -3.4823 -0.6453 2.6378, -3.4036 -0.6453 4.5669, -3.4036 -0.6453 2.6378, -3.2067 -0.8421 4.5669, -3.2067 -0.8421 2.6378, -3.2067 -1.039 4.5669, -3.2067 -1.039 2.6378, -3.7379 -1.1068 2.6378, -3.718 -1.5265 2.6378, -3.653 -1.5884 2.6378, -3.5746 -1.632 2.6378, -3.1679 -1.5265 2.6378, -3.1206 -1.4503 2.6378, -3.7919 -1.3646 2.6378, -3.7778 -1.1872 2.6378, -3.7961 -1.275 2.6378, -3.1479 -1.1068 2.6378, -3.1081 -1.1872 2.6378, -3.7652 -1.4503 2.6378, -3.094 -1.3646 2.6378, -3.0897 -1.275 2.6378, -3.4878 -1.6546 2.6378, -3.3981 -1.6546 2.6378, -3.3112 -1.632 2.6378, -3.2328 -1.5884 2.6378, -3.2644 -0.7029 2.6378, -3.3051 -0.6717 2.6378, -3.2331 -0.7437 2.6378, -3.2134 -0.7912 2.6378, -3.3526 -0.652 2.6378, -3.5332 -0.652 2.6378, -3.5807 -0.6717 2.6378, -3.6215 -0.7029 2.6378, -3.6528 -0.7437 2.6378, -3.6724 -0.7912 2.6378, -3.7309 -1.0967 4.5159, -3.6795 -1.0393 4.5721, -3.6806 -1.0403 4.5771, -3.6808 -1.0405 4.5783, -3.1502 -1.1083 4.503, -3.1717 -1.0751 4.5398, -3.205 -1.0405 4.5783, -3.2054 -1.0402 4.5771, -3.2064 -1.0393 4.5721, -3.0925 -1.2752 4.3175, -3.0956 -1.2328 4.3646, -3.1107 -1.188 4.4144, -3.1238 -1.1491 4.4576, -3.1231 -1.4491 4.1242, -3.1043 -1.4074 4.1706, -3.0967 -1.3641 4.2187, -3.089 -1.3208 4.2669, -3.2344 -1.5864 3.9717, -3.194 -1.5553 4.0063, -3.17 -1.5249 4.0401, -3.1402 -1.4872 4.0819, -3.3981 -1.6545 3.8961, -3.3318 -1.6395 3.9127, -3.3119 -1.6305 3.9227, -3.2619 -1.6077 3.9481, -3.4646 -1.6567 3.8936, -3.3989 -1.6547 3.8959, -3.5311 -1.6463 3.9052, -3.4876 -1.6531 3.8976, -3.6 -1.6207 3.9336, -3.574 -1.6303 3.9229, -3.6711 -1.5742 3.9853, -3.6519 -1.5867 3.9714, -3.7308 -1.5097 4.0569, -3.7165 -1.5252 4.0398, -3.7729 -1.4322 4.143, -3.7636 -1.4494 4.124, -3.7946 -1.3467 4.2381, -3.7901 -1.3642 4.2187, -3.7944 -1.2585 4.3361, -3.7945 -1.275 4.3177, -3.7368 -1.1074 4.5039, -3.7727 -1.1733 4.4307, -3.7763 -1.1876 4.4149, -3.6724 -0.7912 4.5669, -3.6528 -0.7437 4.5669, -3.6215 -0.7029 4.5669, -3.5807 -0.6717 4.5669, -3.5332 -0.652 4.5669, -3.3526 -0.652 4.5669, -3.3051 -0.6717 4.5669, -3.2644 -0.7029 4.5669, -3.2331 -0.7437 4.5669, -3.2134 -0.7912 4.5669, -3.6805 -0.8421 4.5771, -3.6737 -0.7908 4.5771, -3.6844 -0.8421 4.5866, -3.6775 -0.7898 4.5866, -3.6907 -0.8421 4.5948, -3.6836 -0.7882 4.5948, -3.6988 -0.8421 4.601, -3.6915 -0.7861 4.601, -3.7083 -0.8421 4.605, -3.7006 -0.7836 4.605, -3.6539 -0.743 4.5771, -3.6573 -0.7411 4.5866, -3.6628 -0.7379 4.5948, -3.6698 -0.7339 4.601, -3.678 -0.7291 4.605, -3.6224 -0.702 4.5771, -3.6252 -0.6992 4.5866, -3.6296 -0.6948 4.5948, -3.6354 -0.689 4.601, -3.6421 -0.6823 4.605, -3.5814 -0.6705 4.5771, -3.5834 -0.6671 4.5866, -3.5865 -0.6617 4.5948, -3.5906 -0.6546 4.601, -3.5953 -0.6464 4.605, -3.5336 -0.6507 4.5771, -3.5346 -0.6469 4.5866, -3.5362 -0.6408 4.5948, -3.5383 -0.633 4.601, -3.5408 -0.6238 4.605, -3.4823 -0.6439 4.5771, -3.4823 -0.64 4.5866, -3.4823 -0.6337 4.5948, -3.4823 -0.6256 4.601, -3.4823 -0.6161 4.605, -3.6841 -1.0422 4.586, -3.6826 -1.0414 4.5824, -3.6897 -1.0429 4.5935, -3.6868 -1.0427 4.5901, -3.6859 -1.0427 4.5889, -3.6844 -1.0423 4.5866, -3.694 -1.0429 4.5977, -3.6912 -1.043 4.5952, -3.6907 -1.043 4.5947, -3.704 -1.0414 4.6035, -3.7011 -1.0419 4.6023, -3.6989 -1.0422 4.6009, -3.6964 -1.0426 4.5993, -3.7083 -1.0403 4.605, -3.7042 -1.0413 4.6036, -3.4036 -0.6439 4.5771, -3.4036 -0.64 4.5866, -3.4036 -0.6337 4.5948, -3.4036 -0.6256 4.601, -3.4036 -0.6161 4.605, -3.2036 -1.0415 4.5822, -3.167 -1.0788 4.5474, -3.2013 -1.0422 4.5863, -3.2035 -1.0415 4.5825, -3.1641 -1.08 4.551, -3.1996 -1.0427 4.5894, -3.2012 -1.0422 4.5865, -3.1609 -1.0808 4.5545, -3.1962 -1.0429 4.5935, -3.1976 -1.043 4.5922, -3.1574 -1.0811 4.5577, -3.193 -1.0429 4.5966, -3.195 -1.0429 4.5946, -3.1536 -1.0809 4.5607, -3.1884 -1.0425 4.6002, -3.1916 -1.0429 4.5979, -3.1775 -1.0403 4.605, -3.1456 -1.0792 4.5657, -3.1806 -1.0411 4.604, -3.1816 -1.0413 4.6035, -3.1856 -1.042 4.6015, -3.7585 -1.1029 4.5419, -3.7541 -1.1038 4.5396, -3.7498 -1.1043 4.537, -3.7458 -1.1042 4.534, -3.7386 -1.1025 4.5273, -3.733 -1.099 4.5197, -3.0943 -1.237 4.3691, -3.1219 -1.1523 4.4617, -3.1696 -1.0772 4.5436, -3.1051 -1.4128 4.1762, -3.0887 -1.3257 4.2718, -3.197 -1.5597 4.0138, -3.1423 -1.4924 4.0884, -3.2651 -1.611 3.9566, -3.3342 -1.6417 3.9222, -3.4 -1.6561 3.9059, -3.4641 -1.6581 3.9037, -3.529 -1.6481 3.915, -3.597 -1.6236 3.9425, -3.6679 -1.5783 3.9931, -3.7284 -1.5147 4.0637, -3.7946 -1.3518 4.2432, -3.7717 -1.4376 4.1488, -3.7745 -1.1768 4.4348, -3.7955 -1.2629 4.3407, -3.7356 -1.101 4.5236, -3.777 -1.1799 4.4389, -3.7977 -1.2671 4.3451, -3.796 -1.3569 4.2482, -3.772 -1.4433 4.1544, -3.7277 -1.5206 4.07, -3.6664 -1.5838 4.0005, -3.5952 -1.6285 3.9509, -3.5278 -1.6524 3.9241, -3.4638 -1.6621 3.9132, -3.4007 -1.6602 3.9153, -3.3357 -1.6462 3.9311, -3.2668 -1.6161 3.9647, -3.1983 -1.5654 4.0208, -3.1427 -1.4983 4.0945, -3.1045 -1.4183 4.1816, -3.087 -1.3306 4.2766, -3.092 -1.2408 4.3734, -3.1193 -1.155 4.4657, -3.7802 -1.1825 4.4429, -3.8008 -1.2709 4.3493, -3.7986 -1.3618 4.2528, -3.7739 -1.4491 4.1595, -3.7287 -1.5271 4.0758, -3.6666 -1.5905 4.007, -3.5949 -1.6351 3.9582, -3.5274 -1.6588 3.9319, -3.4636 -1.6683 3.9213, -3.4009 -1.6665 3.9234, -3.3361 -1.6526 3.9388, -3.2671 -1.6228 3.9717, -3.1979 -1.5721 4.0271, -3.1414 -1.5046 4.1, -3.1024 -1.4239 4.1865, -3.0842 -1.3352 4.2811, -3.0888 -1.2443 4.3775, -3.1161 -1.1573 4.4695, -3.742 -1.1036 4.5308, -3.7841 -1.1847 4.4465, -3.8047 -1.2743 4.3532, -3.8024 -1.3664 4.2569, -3.7773 -1.4549 4.164, -3.7313 -1.5338 4.0806, -3.6684 -1.598 4.0123, -3.596 -1.643 3.964, -3.5279 -1.6669 3.938, -3.4638 -1.6765 3.9276, -3.4007 -1.6746 3.9296, -3.3354 -1.6607 3.9448, -3.2658 -1.6306 3.9773, -3.1958 -1.5793 4.0322, -3.1385 -1.511 4.1047, -3.0988 -1.4294 4.1908, -3.0803 -1.3394 4.2851, -3.0849 -1.2473 4.3813, -3.1123 -1.1591 4.4731, -3.7884 -1.1863 4.4498, -3.8095 -1.2771 4.3566, -3.8073 -1.3705 4.2604, -3.782 -1.4603 4.1675, -3.7355 -1.5405 4.0843, -3.6719 -1.6059 4.016, -3.5984 -1.6517 3.9678, -3.5293 -1.6762 3.9419, -3.4641 -1.686 3.9315, -3.4 -1.684 3.9336, -3.3337 -1.6698 3.9487, -3.263 -1.6391 3.9812, -3.1921 -1.5868 4.0359, -3.1341 -1.5174 4.1084, -3.094 -1.4344 4.1944, -3.0755 -1.3431 4.2886, -3.0802 -1.2497 4.3847, -3.1081 -1.1604 4.4764, -3.7933 -1.1873 4.4527, -3.8149 -1.2792 4.3594, -3.8131 -1.3739 4.2631, -3.7878 -1.4651 4.1701, -3.7411 -1.5468 4.0866, -3.6767 -1.6136 4.0181, -3.602 -1.6607 3.9695, -3.5315 -1.686 3.9434, -3.4646 -1.6961 3.9329, -3.3989 -1.6941 3.9349, -3.331 -1.6794 3.9502, -3.2589 -1.6477 3.983, -3.187 -1.5941 4.0381, -3.1284 -1.5232 4.1108, -3.0882 -1.4388 4.197, -3.0698 -1.3462 4.2913, -3.0749 -1.2515 4.3876, -3.1035 -1.1611 4.4794, -3.7984 -1.1877 4.4552, -3.8208 -1.2807 4.3616, -3.8195 -1.3766 4.265, -3.7945 -1.4692 4.1715, -3.7477 -1.5524 4.0875, -3.6826 -1.6208 4.0182, -3.6066 -1.6694 3.969, -3.5342 -1.6957 3.9423, -3.4654 -1.7063 3.9315, -3.3975 -1.7042 3.9337, -3.3276 -1.6888 3.9493, -3.2538 -1.6559 3.9827, -3.1807 -1.6008 4.0385, -3.1217 -1.5283 4.1118, -3.0815 -1.4424 4.1986, -3.0635 -1.3485 4.2933, -3.0692 -1.2526 4.3899, -3.0986 -1.1612 4.4819, -3.1497 -1.0803 4.5634, -3.187 -1.0423 4.6009, -3.8038 -1.1876 4.4571, -3.8271 -1.2814 4.3631, -3.8265 -1.3784 4.2659, -3.8019 -1.4723 4.1718, -3.755 -1.5571 4.0869, -3.6893 -1.6271 4.0166, -3.6118 -1.6773 3.9662, -3.5374 -1.7046 3.9388, -3.4662 -1.7158 3.9276, -3.3958 -1.7136 3.9298, -3.3237 -1.6975 3.946, -3.248 -1.6633 3.9803, -3.1737 -1.6066 4.0372, -3.1143 -1.5325 4.1115, -3.0742 -1.4451 4.1991, -3.0567 -1.3499 4.2944, -3.0632 -1.2531 4.3915, -3.0935 -1.1608 4.4839, -3.3523 -0.6507 4.5771, -3.3512 -0.6469 4.5866, -3.3496 -0.6408 4.5948, -3.3475 -0.633 4.601, -3.3451 -0.6238 4.605, -3.3045 -0.6705 4.5771, -3.3025 -0.6671 4.5866, -3.2994 -0.6617 4.5948, -3.2953 -0.6546 4.601, -3.2905 -0.6464 4.605, -3.2634 -0.702 4.5771, -3.2606 -0.6992 4.5866, -3.2562 -0.6948 4.5948, -3.2504 -0.689 4.601, -3.2437 -0.6823 4.605, -3.2319 -0.743 4.5771, -3.2285 -0.7411 4.5866, -3.2231 -0.7379 4.5948, -3.216 -0.7339 4.601, -3.2078 -0.7291 4.605, -3.2121 -0.7908 4.5771, -3.2083 -0.7898 4.5866, -3.2023 -0.7882 4.5948, -3.1944 -0.7861 4.601, -3.1852 -0.7836 4.605, -3.2054 -0.8421 4.5771, -3.2014 -0.8421 4.5866, -3.1952 -0.8421 4.5948, -3.187 -0.8421 4.601, -3.1775 -0.8421 4.605, 4.0374 0.108 5.4724, 3.8837 -0.0998 5.4724, 4.0374 -0.0998 5.4724, 4.0374 1.1811 4.394, 2.8563 1.1811 4.394, 4.0374 0.8827 4.394, 2.8563 0.8827 4.394, 2.8563 -0.3313 4.394, 4.0374 -0.3313 4.394, 2.8563 -0.2287 4.394, 4.0374 -0.2287 4.394, 4.0374 0.8827 4.6063, 4.0374 1.405 4.6063, 4.0374 -0.2287 4.6063, 4.0374 -0.3313 4.6063, 2.8563 1.405 4.6063, 2.8563 0.8827 4.6063, 2.8563 -0.3313 4.6063, 2.8563 -0.2287 4.6063, 4.1358 -1.039 4.6063, 4.1358 -0.1476 4.6063, 2.7579 -0.1476 4.6063, 2.7579 1.5038 4.6063, 4.1358 1.5038 4.6063, 3.1712 -0.8421 4.6063, 3.1793 -0.781 4.6063, 3.5473 -0.614 4.6063, 3.6043 -0.6376 4.6063, 3.6532 -0.6751 4.6063, 3.6908 -0.724 4.6063, 3.7144 -0.781 4.6063, 3.7224 -0.8421 4.6063, 3.7224 -1.039 4.6063, 3.1712 -1.039 4.6063, 2.7579 -1.039 4.6063, 3.2029 -0.724 4.6063, 3.2404 -0.6751 4.6063, 3.2894 -0.6376 4.6063, 3.3463 -0.614 4.6063, 3.4075 -0.6059 4.6063, 3.4862 -0.6059 4.6063, 2.7579 1.9039 3.7757, 4.1358 1.9039 3.7757, 4.1358 1.9039 2.2965, 2.7579 1.9039 2.2965, 4.1358 1.9039 2.6331, 2.7579 1.9039 2.6331, 2.7579 1.832 2.2246, 4.1358 1.832 2.2246, 2.7579 1.832 1.6716, 4.1358 1.832 1.6716, 2.7579 1.9039 1.5996, 4.1358 1.9039 1.5996, 2.7579 1.9039 0.0394, 4.1358 1.9039 0.0394, 2.7579 1.5038 0.0394, 4.1358 1.5038 0.0394, 2.7579 1.5038 0.1705, 4.1358 1.5038 0.1705, 4.1358 -2.5292 0.1705, 2.7579 -2.5292 0.1705, 4.1358 -0.1476 0.1705, 2.7579 -0.1476 0.1705, 2.7579 -2.5292 0.0394, 4.1358 -2.5292 0.0394, 2.7579 -2.8599 0.0394, 4.1358 -2.8599 0.0394, 4.1358 -2.8599 2.7854, 2.7579 -2.8599 2.7854, 4.1358 -2.8599 2.6331, 2.7579 -2.8599 2.6331, 3.4227 -1.7239 3.9214, 3.4957 -1.7216 3.9237, 3.7234 -1.6111 4.0342, 3.6479 -1.6694 3.9759, 3.5703 -1.7048 3.9405, 3.3489 -1.7122 3.933, 3.2723 -1.6838 3.9614, 3.1933 -1.6321 4.0131, 3.0805 -1.1868 4.4585, 3.1268 -1.1016 4.5437, 3.7174 -1.0393 4.606, 3.7124 -1.0403 4.605, 3.7482 -1.0776 4.5676, 3.0563 -1.2814 4.3639, 3.1813 -1.0403 4.605, 3.1763 -1.0393 4.606, 3.8014 -1.1598 4.4854, 3.8327 -1.2528 4.3925, 3.127 -1.5605 4.0848, 3.0802 -1.4744 4.1709, 3.0561 -1.3793 4.2659, 3.84 -1.3506 4.2947, 3.8231 -1.4468 4.1984, 3.7832 -1.5355 4.1098, 2.7579 -2.3985 2.8667, 2.7579 -2.3752 2.8103, 2.7579 -2.3381 2.762, 2.7579 -2.2897 2.7248, 2.7579 -2.3752 3.0439, 2.7579 -2.3985 2.9876, 2.7579 -2.4065 2.9271, 2.7579 -2.0561 2.7248, 2.7579 -2.0077 2.762, 2.7579 -0.1476 2.6331, 2.7579 -1.9706 2.8103, 2.7579 -1.9472 2.8667, 2.7579 -2.2333 2.7015, 2.7579 -2.1729 2.6935, 2.7579 -2.1124 2.7015, 2.7579 -2.0077 3.0923, 2.7579 -2.0561 3.1294, 2.7579 -2.1124 3.1528, 2.7579 -2.3381 3.0923, 2.7579 -2.2897 3.1294, 2.7579 -1.9393 2.9271, 2.7579 -1.9472 2.9876, 2.7579 -1.9706 3.0439, 2.7579 -2.1729 3.1607, 2.7579 -2.2333 3.1528, 2.7579 -2.5617 0.5291, 2.7579 -2.5174 0.4952, 2.7579 -2.617 0.7355, 2.7579 -2.6243 0.6802, 2.7579 -2.617 0.6249, 2.7579 -2.5957 0.5734, 2.7579 -2.3553 0.4738, 2.7579 -2.3038 0.4952, 2.7579 -2.2595 0.5291, 2.7579 -1.5218 1.4031, 2.7579 -1.4618 1.4491, 2.7579 -2.4659 0.4738, 2.7579 -2.4106 0.4665, 2.7579 -1.9468 1.5791, 2.7579 -2.3038 0.8652, 2.7579 -1.9566 1.6541, 2.7579 -2.3553 0.8866, 2.7579 -2.4106 0.8939, 2.7579 -2.4659 0.8866, 2.7579 -2.5174 0.8652, 2.7579 -2.5617 0.8313, 2.7579 -2.5957 0.787, 2.7579 -2.2256 0.5734, 2.7579 -2.2042 0.6249, 2.7579 -2.1969 0.6802, 2.7579 -2.2042 0.7355, 2.7579 -1.8117 1.4031, 2.7579 -1.3867 1.7292, 2.7579 -1.4157 1.7991, 2.7579 -1.4618 1.8591, 2.7579 -1.9178 1.5092, 2.7579 -1.8717 1.4491, 2.7579 -2.2595 0.8313, 2.7579 -2.2256 0.787, 2.7579 -1.7418 1.3741, 2.7579 -1.6667 1.3642, 2.7579 -1.5917 1.3741, 2.7579 -1.4157 1.5092, 2.7579 -1.3867 1.5791, 2.7579 -1.3768 1.6541, 2.7579 -1.5218 1.9052, 2.7579 -1.5917 1.9341, 2.7579 -1.6667 1.944, 2.7579 -1.7418 1.9341, 2.7579 -1.8117 1.9052, 2.7579 -1.8717 1.8591, 2.7579 -1.9178 1.7991, 2.7579 -1.9468 1.7292, 2.7579 1.5117 2.5012, 2.7579 1.4612 2.5399, 2.7579 1.583 2.329, 2.7579 1.5747 2.392, 2.7579 1.5504 2.4508, 2.7579 1.2176 2.5399, 2.7579 1.1672 2.5012, 2.7579 1.1285 2.4508, 2.7579 1.1041 2.392, 2.7579 1.4612 2.118, 2.7579 1.5117 2.1567, 2.7579 1.5504 2.2072, 2.7579 1.5747 2.2659, 2.7579 1.4025 2.5643, 2.7579 1.3394 2.5726, 2.7579 1.2764 2.5643, 2.7579 1.1672 2.1567, 2.7579 1.2176 2.118, 2.7579 1.0958 2.329, 2.7579 1.1041 2.2659, 2.7579 1.1285 2.2072, 2.7579 1.2764 2.0937, 2.7579 1.3394 2.0854, 2.7579 1.4025 2.0937, 2.7579 1.1571 3.251, 2.7579 1.1162 3.3044, 2.7579 1.0904 3.3666, 2.7579 1.4061 3.6823, 2.7579 1.3394 3.6911, 2.7579 1.2727 3.6823, 2.7579 1.2105 3.6565, 2.7579 1.1571 3.6156, 2.7579 1.1162 3.5622, 2.7579 1.0904 3.5, 2.7579 1.0816 3.4333, 2.7579 1.4061 3.1843, 2.7579 1.4683 3.21, 2.7579 1.5217 3.251, 2.7579 1.2105 3.21, 2.7579 1.2727 3.1843, 2.7579 1.3394 3.1755, 2.7579 1.5884 3.5, 2.7579 1.5627 3.5622, 2.7579 1.5217 3.6156, 2.7579 1.4683 3.6565, 2.7579 1.5627 3.3044, 2.7579 1.5884 3.3666, 2.7579 1.5972 3.4333, 4.1358 -0.1476 2.6331, 4.1358 1.1571 3.251, 4.1358 1.1162 3.3044, 4.1358 1.5627 3.3044, 4.1358 1.5217 3.251, 4.1358 1.5627 3.5622, 4.1358 1.5884 3.5, 4.1358 1.5972 3.4333, 4.1358 1.5884 3.3666, 4.1358 1.4683 3.21, 4.1358 1.4061 3.1843, 4.1358 1.3394 3.1755, 4.1358 1.0904 3.3666, 4.1358 1.0816 3.4333, 4.1358 1.0904 3.5, 4.1358 1.1162 3.5622, 4.1358 1.1571 3.6156, 4.1358 1.2105 3.6565, 4.1358 1.2727 3.6823, 4.1358 1.3394 3.6911, 4.1358 1.4061 3.6823, 4.1358 1.4683 3.6565, 4.1358 1.5217 3.6156, 4.1358 1.2727 3.1843, 4.1358 1.2105 3.21, 4.1358 1.4025 2.5643, 4.1358 1.4612 2.5399, 4.1358 1.5117 2.5012, 4.1358 1.5117 2.1567, 4.1358 1.4612 2.118, 4.1358 1.3394 2.5726, 4.1358 1.5504 2.4508, 4.1358 1.5747 2.392, 4.1358 1.583 2.329, 4.1358 1.5747 2.2659, 4.1358 1.5504 2.2072, 4.1358 1.3394 2.0854, 4.1358 1.2764 2.0937, 4.1358 1.4025 2.0937, 4.1358 1.2176 2.118, 4.1358 1.1672 2.1567, 4.1358 1.1285 2.2072, 4.1358 1.1041 2.2659, 4.1358 1.0958 2.329, 4.1358 1.1041 2.392, 4.1358 1.1285 2.4508, 4.1358 1.1672 2.5012, 4.1358 1.2176 2.5399, 4.1358 1.2764 2.5643, 4.1358 -2.5617 0.5291, 4.1358 -2.5957 0.5734, 4.1358 -2.617 0.6249, 4.1358 -2.6243 0.6802, 4.1358 -2.617 0.7355, 4.1358 -2.5957 0.787, 4.1358 -2.2042 0.7355, 4.1358 -2.1969 0.6802, 4.1358 -2.2042 0.6249, 4.1358 -2.2256 0.5734, 4.1358 -2.2595 0.5291, 4.1358 -2.3038 0.4952, 4.1358 -2.3553 0.4738, 4.1358 -2.4106 0.4665, 4.1358 -2.4659 0.4738, 4.1358 -2.5174 0.4952, 4.1358 -2.4659 0.8866, 4.1358 -2.4106 0.8939, 4.1358 -2.3553 0.8866, 4.1358 -2.3038 0.8652, 4.1358 -2.2595 0.8313, 4.1358 -1.3768 1.6541, 4.1358 -1.3867 1.5791, 4.1358 -2.5617 0.8313, 4.1358 -2.5174 0.8652, 4.1358 -1.5917 1.3741, 4.1358 -1.6667 1.3642, 4.1358 -1.7418 1.3741, 4.1358 -1.8117 1.4031, 4.1358 -1.4157 1.5092, 4.1358 -1.4618 1.4491, 4.1358 -1.5218 1.4031, 4.1358 -1.8717 1.8591, 4.1358 -1.9178 1.7991, 4.1358 -1.9468 1.7292, 4.1358 -1.6667 1.944, 4.1358 -1.5917 1.9341, 4.1358 -1.5218 1.9052, 4.1358 -1.4618 1.8591, 4.1358 -1.8717 1.4491, 4.1358 -1.9178 1.5092, 4.1358 -1.9468 1.5791, 4.1358 -1.9566 1.6541, 4.1358 -1.8117 1.9052, 4.1358 -1.7418 1.9341, 4.1358 -1.4157 1.7991, 4.1358 -1.3867 1.7292, 4.1358 -2.2256 0.787, 4.1358 -1.9393 2.9271, 4.1358 -1.9472 2.8667, 4.1358 -1.9706 2.8103, 4.1358 -2.0077 2.762, 4.1358 -2.0561 2.7248, 4.1358 -2.0561 3.1294, 4.1358 -2.0077 3.0923, 4.1358 -1.9706 3.0439, 4.1358 -1.9472 2.9876, 4.1358 -2.4065 2.9271, 4.1358 -2.3985 2.9876, 4.1358 -2.2333 3.1528, 4.1358 -2.1729 3.1607, 4.1358 -2.1124 3.1528, 4.1358 -2.1124 2.7015, 4.1358 -2.1729 2.6935, 4.1358 -2.2333 2.7015, 4.1358 -2.2897 2.7248, 4.1358 -2.3752 3.0439, 4.1358 -2.3381 3.0923, 4.1358 -2.2897 3.1294, 4.1358 -2.3381 2.762, 4.1358 -2.3752 2.8103, 4.1358 -2.3985 2.8667, 2.8563 0.8827 5.0536, 2.8563 1.0277 5.0536, 4.0374 0.8827 5.0536, 4.0374 1.0277 5.0536, 4.0374 -0.2287 4.7669, 2.8563 -0.2287 4.7669, 2.8563 -0.0998 4.7669, 4.0374 -0.0998 4.7669, 3.8837 -0.0998 5.2756, 3.3947 -0.0998 5.4724, 2.8563 -0.0998 5.4724, 3.3947 -0.0998 5.2756, 2.8563 0.8827 5.4724, 4.0374 0.769 5.4724, 4.0374 0.8827 5.4724, 2.8563 1.0277 5.2598, 4.0374 1.0277 5.2598, 4.0374 0.108 5.2756, 4.0374 0.769 5.2756, 2.6397 1.2727 3.6823, 2.6397 1.2105 3.6565, 2.6397 1.1571 3.6156, 2.6397 1.1162 3.5622, 2.6397 1.0904 3.5, 2.6397 1.0816 3.4333, 2.6397 1.0904 3.3666, 2.6397 1.1162 3.3044, 2.6397 1.1571 3.251, 2.6397 1.2105 3.21, 2.6397 1.2727 3.1843, 2.6397 1.3394 3.1755, 2.6397 1.4061 3.1843, 2.6397 1.4683 3.21, 2.6397 1.5217 3.251, 2.6397 1.5627 3.3044, 2.6397 1.5884 3.3666, 2.6397 1.5972 3.4333, 2.6397 1.5884 3.5, 2.6397 1.5627 3.5622, 2.6397 1.5217 3.6156, 2.6397 1.4683 3.6565, 2.6397 1.4061 3.6823, 2.6397 1.3394 3.6911, 2.6397 1.3394 3.4333, 2.6397 1.2764 2.5643, 2.6397 1.2176 2.5399, 2.6397 1.1672 2.5012, 2.6397 1.1285 2.4508, 2.6397 1.1041 2.392, 2.6397 1.0958 2.329, 2.6397 1.1041 2.2659, 2.6397 1.1285 2.2072, 2.6397 1.1672 2.1567, 2.6397 1.2176 2.118, 2.6397 1.2764 2.0937, 2.6397 1.3394 2.0854, 2.6397 1.4025 2.0937, 2.6397 1.4612 2.118, 2.6397 1.5117 2.1567, 2.6397 1.5504 2.2072, 2.6397 1.5747 2.2659, 2.6397 1.583 2.329, 2.6397 1.5747 2.392, 2.6397 1.5504 2.4508, 2.6397 1.5117 2.5012, 2.6397 1.4612 2.5399, 2.6397 1.4025 2.5643, 2.6397 1.3394 2.5726, 2.6397 1.3394 2.329, 2.6397 -2.2333 3.1528, 2.6397 -2.2897 3.1294, 2.6397 -2.3381 3.0923, 2.6397 -2.3752 3.0439, 2.6397 -2.3985 2.9876, 2.6397 -2.4065 2.9271, 2.6397 -2.3985 2.8667, 2.6397 -2.3752 2.8103, 2.6397 -2.3381 2.762, 2.6397 -2.2897 2.7248, 2.6397 -2.2333 2.7015, 2.6397 -2.1729 2.6935, 2.6397 -2.1124 2.7015, 2.6397 -2.0561 2.7248, 2.6397 -2.0077 2.762, 2.6397 -1.9706 2.8103, 2.6397 -1.9472 2.8667, 2.6397 -1.9393 2.9271, 2.6397 -1.9472 2.9876, 2.6397 -1.9706 3.0439, 2.6397 -2.0077 3.0923, 2.6397 -2.0561 3.1294, 2.6397 -2.1124 3.1528, 2.6397 -2.1729 3.1607, 2.6397 -2.1729 2.9271, 2.6397 -2.4659 0.8866, 2.6397 -2.5174 0.8652, 2.6397 -2.5617 0.8313, 2.6397 -2.5957 0.787, 2.6397 -2.617 0.7355, 2.6397 -2.6243 0.6802, 2.6397 -2.617 0.6249, 2.6397 -2.5957 0.5734, 2.6397 -2.5617 0.5291, 2.6397 -2.5174 0.4952, 2.6397 -2.4659 0.4738, 2.6397 -2.4106 0.4665, 2.6397 -2.3553 0.4738, 2.6397 -2.3038 0.4952, 2.6397 -2.2595 0.5291, 2.6397 -2.2256 0.5734, 2.6397 -2.2042 0.6249, 2.6397 -2.1969 0.6802, 2.6397 -2.2042 0.7355, 2.6397 -2.2256 0.787, 2.6397 -2.2595 0.8313, 2.6397 -2.3038 0.8652, 2.6397 -2.3553 0.8866, 2.6397 -2.4106 0.8939, 2.6397 -2.4106 0.6802, 2.6397 -1.7418 1.9341, 2.6397 -1.8117 1.9052, 2.6397 -1.8717 1.8591, 2.6397 -1.9178 1.7991, 2.6397 -1.9468 1.7292, 2.6397 -1.9566 1.6541, 2.6397 -1.9468 1.5791, 2.6397 -1.9178 1.5092, 2.6397 -1.8717 1.4491, 2.6397 -1.8117 1.4031, 2.6397 -1.7418 1.3741, 2.6397 -1.6667 1.3642, 2.6397 -1.5917 1.3741, 2.6397 -1.5218 1.4031, 2.6397 -1.4618 1.4491, 2.6397 -1.4157 1.5092, 2.6397 -1.3867 1.5791, 2.6397 -1.3768 1.6541, 2.6397 -1.3867 1.7292, 2.6397 -1.4157 1.7991, 2.6397 -1.4618 1.8591, 2.6397 -1.5218 1.9052, 2.6397 -1.5917 1.9341, 2.6397 -1.6667 1.944, 2.6397 -1.6667 1.6541, 4.0177 -2.1729 3.1607, 4.0177 -2.2333 3.1528, 4.0177 -2.2897 3.1294, 4.0177 -2.3381 3.0923, 4.0177 -2.3752 3.0439, 4.0177 -2.3985 2.9876, 4.0177 -2.4065 2.9271, 4.0177 -2.3985 2.8667, 4.0177 -2.3752 2.8103, 4.0177 -2.3381 2.762, 4.0177 -2.2897 2.7248, 4.0177 -2.2333 2.7015, 4.0177 -2.1729 2.6935, 4.0177 -2.1124 2.7015, 4.0177 -2.0561 2.7248, 4.0177 -2.0077 2.762, 4.0177 -1.9706 2.8103, 4.0177 -1.9472 2.8667, 4.0177 -1.9393 2.9271, 4.0177 -1.9472 2.9876, 4.0177 -1.9706 3.0439, 4.0177 -2.0077 3.0923, 4.0177 -2.0561 3.1294, 4.0177 -2.1124 3.1528, 4.0177 -2.1729 2.9271, 4.0177 -1.6667 1.944, 4.0177 -1.7418 1.9341, 4.0177 -1.8117 1.9052, 4.0177 -1.8717 1.8591, 4.0177 -1.9178 1.7991, 4.0177 -1.9468 1.7292, 4.0177 -1.9566 1.6541, 4.0177 -1.9468 1.5791, 4.0177 -1.9178 1.5092, 4.0177 -1.8717 1.4491, 4.0177 -1.8117 1.4031, 4.0177 -1.7418 1.3741, 4.0177 -1.6667 1.3642, 4.0177 -1.5917 1.3741, 4.0177 -1.5218 1.4031, 4.0177 -1.4618 1.4491, 4.0177 -1.4157 1.5092, 4.0177 -1.3867 1.5791, 4.0177 -1.3768 1.6541, 4.0177 -1.3867 1.7292, 4.0177 -1.4157 1.7991, 4.0177 -1.4618 1.8591, 4.0177 -1.5218 1.9052, 4.0177 -1.5917 1.9341, 4.0177 -1.6667 1.6541, 4.0177 1.3394 3.6911, 4.0177 1.2727 3.6823, 4.0177 1.2105 3.6565, 4.0177 1.1571 3.6156, 4.0177 1.1162 3.5622, 4.0177 1.0904 3.5, 4.0177 1.0816 3.4333, 4.0177 1.0904 3.3666, 4.0177 1.1162 3.3044, 4.0177 1.1571 3.251, 4.0177 1.2105 3.21, 4.0177 1.2727 3.1843, 4.0177 1.3394 3.1755, 4.0177 1.4061 3.1843, 4.0177 1.4683 3.21, 4.0177 1.5217 3.251, 4.0177 1.5627 3.3044, 4.0177 1.5884 3.3666, 4.0177 1.5972 3.4333, 4.0177 1.5884 3.5, 4.0177 1.5627 3.5622, 4.0177 1.5217 3.6156, 4.0177 1.4683 3.6565, 4.0177 1.4061 3.6823, 4.0177 1.3394 3.4333, 4.0177 1.3394 2.5726, 4.0177 1.2764 2.5643, 4.0177 1.2176 2.5399, 4.0177 1.1672 2.5012, 4.0177 1.1285 2.4508, 4.0177 1.1041 2.392, 4.0177 1.0958 2.329, 4.0177 1.1041 2.2659, 4.0177 1.1285 2.2072, 4.0177 1.1672 2.1567, 4.0177 1.2176 2.118, 4.0177 1.2764 2.0937, 4.0177 1.3394 2.0854, 4.0177 1.4025 2.0937, 4.0177 1.4612 2.118, 4.0177 1.5117 2.1567, 4.0177 1.5504 2.2072, 4.0177 1.5747 2.2659, 4.0177 1.583 2.329, 4.0177 1.5747 2.392, 4.0177 1.5504 2.4508, 4.0177 1.5117 2.5012, 4.0177 1.4612 2.5399, 4.0177 1.4025 2.5643, 4.0177 1.3394 2.329, 4.0177 -2.4106 0.8939, 4.0177 -2.4659 0.8866, 4.0177 -2.5174 0.8652, 4.0177 -2.5617 0.8313, 4.0177 -2.5957 0.787, 4.0177 -2.617 0.7355, 4.0177 -2.6243 0.6802, 4.0177 -2.617 0.6249, 4.0177 -2.5957 0.5734, 4.0177 -2.5617 0.5291, 4.0177 -2.5174 0.4952, 4.0177 -2.4659 0.4738, 4.0177 -2.4106 0.4665, 4.0177 -2.3553 0.4738, 4.0177 -2.3038 0.4952, 4.0177 -2.2595 0.5291, 4.0177 -2.2256 0.5734, 4.0177 -2.2042 0.6249, 4.0177 -2.1969 0.6802, 4.0177 -2.2042 0.7355, 4.0177 -2.2256 0.787, 4.0177 -2.2595 0.8313, 4.0177 -2.3038 0.8652, 4.0177 -2.3553 0.8866, 4.0177 -2.4106 0.6802, 3.2106 -1.039 4.5669, 3.2106 -1.039 2.6378, 3.2106 -0.8421 4.5669, 3.2106 -0.8421 2.6378, 3.4075 -0.6453 4.5669, 3.4075 -0.6453 2.6378, 3.4862 -0.6453 4.5669, 3.4862 -0.6453 2.6378, 3.6831 -0.8421 4.5669, 3.6831 -0.8421 2.6378, 3.6831 -1.039 4.5669, 3.6831 -1.039 2.6378, 3.8 -1.275 2.6378, 3.7817 -1.1872 2.6378, 3.402 -1.6546 2.6378, 3.4917 -1.6546 2.6378, 3.7418 -1.1068 2.6378, 3.6567 -0.7437 2.6378, 3.6254 -0.7029 2.6378, 3.5846 -0.6717 2.6378, 3.5372 -0.652 2.6378, 3.6569 -1.5884 2.6378, 3.7219 -1.5265 2.6378, 3.7692 -1.4503 2.6378, 3.1519 -1.1068 2.6378, 3.112 -1.1872 2.6378, 3.0936 -1.275 2.6378, 3.0979 -1.3646 2.6378, 3.1245 -1.4503 2.6378, 3.1718 -1.5265 2.6378, 3.5785 -1.632 2.6378, 3.7958 -1.3646 2.6378, 3.6763 -0.7912 2.6378, 3.2367 -1.5884 2.6378, 3.3151 -1.632 2.6378, 3.3565 -0.652 2.6378, 3.309 -0.6717 2.6378, 3.2683 -0.7029 2.6378, 3.237 -0.7437 2.6378, 3.2173 -0.7912 2.6378, 3.1588 -1.0967 4.5159, 3.2103 -1.0393 4.5721, 3.2092 -1.0403 4.5771, 3.2089 -1.0405 4.5783, 3.7395 -1.1083 4.503, 3.7181 -1.0751 4.5398, 3.6847 -1.0405 4.5783, 3.6844 -1.0402 4.5771, 3.6834 -1.0393 4.5721, 3.7973 -1.2752 4.3175, 3.7941 -1.2328 4.3646, 3.7791 -1.188 4.4144, 3.766 -1.1491 4.4576, 3.7667 -1.4491 4.1242, 3.7855 -1.4074 4.1706, 3.7931 -1.3641 4.2187, 3.8007 -1.3208 4.2669, 3.6554 -1.5864 3.9717, 3.6958 -1.5553 4.0063, 3.7198 -1.5249 4.0401, 3.7496 -1.4872 4.0819, 3.4917 -1.6545 3.8961, 3.558 -1.6395 3.9127, 3.5778 -1.6305 3.9227, 3.6278 -1.6077 3.9481, 3.4251 -1.6567 3.8936, 3.4908 -1.6547 3.8959, 3.3587 -1.6463 3.9052, 3.4022 -1.6531 3.8976, 3.2898 -1.6207 3.9336, 3.3158 -1.6303 3.9229, 3.2187 -1.5742 3.9853, 3.2379 -1.5867 3.9714, 3.159 -1.5097 4.0569, 3.1733 -1.5252 4.0398, 3.1169 -1.4322 4.143, 3.1262 -1.4494 4.124, 3.0952 -1.3467 4.2381, 3.0996 -1.3642 4.2187, 3.0953 -1.2585 4.3361, 3.0953 -1.275 4.3177, 3.153 -1.1074 4.5039, 3.1171 -1.1733 4.4307, 3.1135 -1.1876 4.4149, 3.2173 -0.7912 4.5669, 3.237 -0.7437 4.5669, 3.2683 -0.7029 4.5669, 3.309 -0.6717 4.5669, 3.3565 -0.652 4.5669, 3.5372 -0.652 4.5669, 3.5846 -0.6717 4.5669, 3.6254 -0.7029 4.5669, 3.6567 -0.7437 4.5669, 3.6763 -0.7912 4.5669, 3.3563 -0.651 4.5757, 3.2096 -0.8421 4.5757, 3.2164 -0.7909 4.5757, 3.2091 -0.8421 4.5771, 3.2136 -0.7902 4.584, 3.4075 -0.6443 4.5757, 3.4075 -0.6438 4.5771, 3.3555 -0.6482 4.584, 3.209 -0.789 4.5915, 3.2052 -0.8421 4.5865, 3.2067 -0.8421 4.584, 3.4075 -0.6414 4.584, 3.4075 -0.6398 4.5865, 3.3543 -0.6437 4.5915, 3.203 -0.7873 4.5977, 3.1989 -0.8421 4.5946, 3.202 -0.8421 4.5915, 3.4075 -0.6367 4.5915, 3.4075 -0.6336 4.5946, 3.3527 -0.6377 4.5977, 3.1814 -0.8421 4.6048, 3.1883 -0.8421 4.6024, 3.1958 -0.7854 4.6024, 3.1908 -0.8421 4.6008, 3.1958 -0.8421 4.5977, 3.2361 -0.7432 4.5757, 3.2336 -0.7418 4.584, 3.2296 -0.7394 4.5915, 3.2242 -0.7363 4.5977, 3.2177 -0.7326 4.6024, 3.2676 -0.7022 4.5757, 3.2655 -0.7002 4.584, 3.2622 -0.6969 4.5915, 3.2578 -0.6925 4.5977, 3.2525 -0.6872 4.6024, 3.3085 -0.6708 4.5757, 3.3071 -0.6683 4.584, 3.3047 -0.6642 4.5915, 3.3016 -0.6588 4.5977, 3.2979 -0.6524 4.6024, 3.3507 -0.6305 4.6024, 3.18 -0.8421 4.6053, 3.1878 -0.7833 4.6053, 3.4075 -0.6305 4.5977, 3.4075 -0.6255 4.6008, 3.4075 -0.623 4.6024, 3.4075 -0.6161 4.6048, 3.2105 -0.7284 4.6053, 3.2466 -0.6813 4.6053, 3.2937 -0.6451 4.6053, 3.3486 -0.6224 4.6053, 3.4075 -0.6147 4.6053, 3.2057 -1.0422 4.586, 3.2072 -1.0414 4.5824, 3.199 -1.043 4.5947, 3.2001 -1.0429 4.5935, 3.2029 -1.0427 4.5901, 3.2039 -1.0427 4.5889, 3.2053 -1.0423 4.5866, 3.1986 -1.043 4.5952, 3.1958 -1.0429 4.5977, 3.1934 -1.0426 4.5993, 3.1908 -1.0422 4.6009, 3.1886 -1.0419 4.6023, 3.1858 -1.0414 4.6035, 3.1814 -1.0403 4.605, 3.1856 -1.0413 4.6036, 3.4862 -0.6439 4.5771, 3.4862 -0.64 4.5866, 3.4862 -0.6337 4.5948, 3.4862 -0.6256 4.601, 3.4862 -0.6161 4.605, 3.6861 -1.0415 4.5822, 3.7227 -1.0788 4.5474, 3.6884 -1.0422 4.5863, 3.6863 -1.0415 4.5825, 3.7256 -1.08 4.551, 3.6901 -1.0427 4.5894, 3.6885 -1.0422 4.5865, 3.7289 -1.0808 4.5545, 3.6936 -1.0429 4.5935, 3.6922 -1.043 4.5922, 3.7324 -1.0811 4.5577, 3.6968 -1.0429 4.5966, 3.6947 -1.0429 4.5946, 3.7361 -1.0809 4.5607, 3.7014 -1.0425 4.6002, 3.6982 -1.0429 4.5979, 3.7122 -1.0403 4.605, 3.7441 -1.0792 4.5657, 3.7092 -1.0411 4.604, 3.7082 -1.0413 4.6035, 3.7041 -1.042 4.6015, 3.1313 -1.1029 4.5419, 3.1357 -1.1038 4.5396, 3.1399 -1.1043 4.537, 3.144 -1.1042 4.534, 3.1511 -1.1025 4.5273, 3.1567 -1.099 4.5197, 3.7955 -1.237 4.3691, 3.7679 -1.1523 4.4617, 3.7202 -1.0772 4.5436, 3.7846 -1.4128 4.1762, 3.8011 -1.3257 4.2718, 3.6928 -1.5597 4.0138, 3.7475 -1.4924 4.0884, 3.6247 -1.611 3.9566, 3.5555 -1.6417 3.9222, 3.4898 -1.6561 3.9059, 3.4257 -1.6581 3.9037, 3.3607 -1.6481 3.915, 3.2928 -1.6236 3.9425, 3.2218 -1.5783 3.9931, 3.1614 -1.5147 4.0637, 3.0952 -1.3518 4.2432, 3.1181 -1.4376 4.1488, 3.1153 -1.1768 4.4348, 3.0942 -1.2629 4.3407, 3.1542 -1.101 4.5236, 3.1128 -1.1799 4.4389, 3.0921 -1.2671 4.3451, 3.0938 -1.3569 4.2482, 3.1178 -1.4433 4.1544, 3.1621 -1.5206 4.07, 3.2233 -1.5838 4.0005, 3.2945 -1.6285 3.9509, 3.362 -1.6524 3.9241, 3.426 -1.6621 3.9132, 3.4891 -1.6602 3.9153, 3.5541 -1.6462 3.9311, 3.6229 -1.6161 3.9647, 3.6915 -1.5654 4.0208, 3.7471 -1.4983 4.0945, 3.7853 -1.4183 4.1816, 3.8027 -1.3306 4.2766, 3.7978 -1.2408 4.3734, 3.7705 -1.155 4.4657, 3.1095 -1.1825 4.4429, 3.089 -1.2709 4.3493, 3.0912 -1.3618 4.2528, 3.1159 -1.4491 4.1595, 3.1611 -1.5271 4.0758, 3.2232 -1.5905 4.007, 3.2949 -1.6351 3.9582, 3.3623 -1.6588 3.9319, 3.4261 -1.6683 3.9213, 3.4889 -1.6665 3.9234, 3.5537 -1.6526 3.9388, 3.6227 -1.6228 3.9717, 3.6919 -1.5721 4.0271, 3.7484 -1.5046 4.1, 3.7874 -1.4239 4.1865, 3.8055 -1.3352 4.2811, 3.8009 -1.2443 4.3775, 3.7737 -1.1573 4.4695, 3.1477 -1.1036 4.5308, 3.1057 -1.1847 4.4465, 3.085 -1.2743 4.3532, 3.0874 -1.3664 4.2569, 3.1125 -1.4549 4.164, 3.1584 -1.5338 4.0806, 3.2213 -1.598 4.0123, 3.2938 -1.643 3.964, 3.3618 -1.6669 3.938, 3.426 -1.6765 3.9276, 3.4891 -1.6746 3.9296, 3.5543 -1.6607 3.9448, 3.624 -1.6306 3.9773, 3.694 -1.5793 4.0322, 3.7513 -1.511 4.1047, 3.7909 -1.4294 4.1908, 3.8094 -1.3394 4.2851, 3.8049 -1.2473 4.3813, 3.7774 -1.1591 4.4731, 3.1013 -1.1863 4.4498, 3.0803 -1.2771 4.3566, 3.0825 -1.3705 4.2604, 3.1078 -1.4603 4.1675, 3.1542 -1.5405 4.0843, 3.2179 -1.6059 4.016, 3.2914 -1.6517 3.9678, 3.3604 -1.6762 3.9419, 3.4257 -1.686 3.9315, 3.4898 -1.684 3.9336, 3.5561 -1.6698 3.9487, 3.6268 -1.6391 3.9812, 3.6977 -1.5868 4.0359, 3.7557 -1.5174 4.1084, 3.7957 -1.4344 4.1944, 3.8143 -1.3431 4.2886, 3.8096 -1.2497 4.3847, 3.7817 -1.1604 4.4764, 3.0965 -1.1873 4.4527, 3.0749 -1.2792 4.3594, 3.0767 -1.3739 4.2631, 3.102 -1.4651 4.1701, 3.1487 -1.5468 4.0866, 3.2131 -1.6136 4.0181, 3.2878 -1.6607 3.9695, 3.3583 -1.686 3.9434, 3.4251 -1.6961 3.9329, 3.4909 -1.6941 3.9349, 3.5587 -1.6794 3.9502, 3.6308 -1.6477 3.983, 3.7028 -1.5941 4.0381, 3.7613 -1.5232 4.1108, 3.8016 -1.4388 4.197, 3.82 -1.3462 4.2913, 3.8148 -1.2515 4.3876, 3.7862 -1.1611 4.4794, 3.0914 -1.1877 4.4552, 3.0689 -1.2807 4.3616, 3.0702 -1.3766 4.265, 3.0952 -1.4692 4.1715, 3.1421 -1.5524 4.0875, 3.2071 -1.6208 4.0182, 3.2832 -1.6694 3.969, 3.3555 -1.6957 3.9423, 3.4244 -1.7063 3.9315, 3.4923 -1.7042 3.9337, 3.5621 -1.6888 3.9493, 3.6359 -1.6559 3.9827, 3.709 -1.6008 4.0385, 3.768 -1.5283 4.1118, 3.8083 -1.4424 4.1986, 3.8263 -1.3485 4.2933, 3.8205 -1.2526 4.3899, 3.7911 -1.1612 4.4819, 3.7401 -1.0803 4.5634, 3.7028 -1.0423 4.6009, 3.086 -1.1876 4.4571, 3.0627 -1.2814 4.3631, 3.0633 -1.3784 4.2659, 3.0879 -1.4723 4.1718, 3.1347 -1.5571 4.0869, 3.2004 -1.6271 4.0166, 3.2779 -1.6773 3.9662, 3.3523 -1.7046 3.9388, 3.4236 -1.7158 3.9276, 3.494 -1.7136 3.9298, 3.5661 -1.6975 3.946, 3.6417 -1.6633 3.9803, 3.716 -1.6066 4.0372, 3.7754 -1.5325 4.1115, 3.8155 -1.4451 4.1991, 3.8331 -1.3499 4.2944, 3.8265 -1.2531 4.3915, 3.7962 -1.1608 4.4839, 3.5375 -0.6507 4.5771, 3.5385 -0.6469 4.5866, 3.5401 -0.6408 4.5948, 3.5422 -0.633 4.601, 3.5447 -0.6238 4.605, 3.5853 -0.6705 4.5771, 3.5873 -0.6671 4.5866, 3.5904 -0.6617 4.5948, 3.5945 -0.6546 4.601, 3.5992 -0.6464 4.605, 3.6263 -0.702 4.5771, 3.6291 -0.6992 4.5866, 3.6336 -0.6948 4.5948, 3.6393 -0.689 4.601, 3.646 -0.6823 4.605, 3.6578 -0.743 4.5771, 3.6613 -0.7411 4.5866, 3.6667 -0.7379 4.5948, 3.6737 -0.7339 4.601, 3.682 -0.7291 4.605, 3.6776 -0.7908 4.5771, 3.6814 -0.7898 4.5866, 3.6875 -0.7882 4.5948, 3.6954 -0.7861 4.601, 3.7045 -0.7836 4.605, 3.6844 -0.8421 4.5771, 3.6883 -0.8421 4.5866, 3.6946 -0.8421 4.5948, 3.7027 -0.8421 4.601, 3.7122 -0.8421 4.605
            ]
        }
        coordIndex [
            0,1,2,-1,3,4,5,-1,5,4,6,-1,7,8,9,-1,9,8,10,-1,11,12,5,-1,5,12,3,-1,10,8,13,-1,13,8,14,-1,4,15,6,-1,6,15,16,-1,17,7,18,-1,18,7,9,-1,19,20,21,-1,22,23,11,-1,24,25,14,-1,26,16,27,-1,27,16,15,-1,27,15,23,-1,23,15,12,-1,23,12,11,-1,28,29,17,-1,11,13,22,-1,22,13,14,-1,22,14,21,-1,21,14,25,-1,21,25,19,-1,30,28,31,-1,31,28,17,-1,31,17,26,-1,26,17,18,-1,26,18,16,-1,29,32,17,-1,17,32,33,-1,17,33,34,-1,35,36,14,-1,14,36,37,-1,14,37,24,-1,34,38,17,-1,17,38,39,-1,17,39,14,-1,14,39,40,-1,14,40,35,-1,41,27,42,-1,42,27,23,-1,41,42,43,-1,43,42,44,-1,43,44,45,-1,45,44,46,-1,47,45,48,-1,48,45,46,-1,49,47,50,-1,50,47,48,-1,51,49,52,-1,52,49,50,-1,53,51,54,-1,54,51,52,-1,55,53,56,-1,56,53,54,-1,57,55,58,-1,58,55,56,-1,57,58,59,-1,59,58,60,-1,59,60,61,-1,61,60,62,-1,63,61,64,-1,64,61,62,-1,65,63,66,-1,66,63,64,-1,67,68,69,-1,69,68,70,-1,69,70,66,-1,66,70,65,-1,71,68,72,-1,72,68,67,-1,73,74,67,-1,67,74,75,-1,67,75,72,-1,71,76,68,-1,68,76,77,-1,68,77,78,-1,79,80,31,-1,81,82,83,-1,79,31,84,-1,85,86,80,-1,80,86,30,-1,80,30,31,-1,21,87,88,-1,87,21,83,-1,83,21,20,-1,83,20,81,-1,78,89,68,-1,68,89,90,-1,68,90,31,-1,31,90,91,-1,31,91,84,-1,88,92,21,-1,21,92,93,-1,21,93,67,-1,67,93,94,-1,67,94,73,-1,61,63,65,-1,95,96,68,-1,68,96,97,-1,68,97,70,-1,70,97,98,-1,98,99,70,-1,70,99,100,-1,70,100,101,-1,102,103,104,-1,104,103,105,-1,104,105,106,-1,101,107,70,-1,70,107,108,-1,70,108,104,-1,104,108,109,-1,104,109,102,-1,26,110,31,-1,31,110,111,-1,31,111,112,-1,95,68,113,-1,113,68,31,-1,113,31,114,-1,106,115,104,-1,104,115,116,-1,104,116,26,-1,26,116,117,-1,26,117,110,-1,112,118,31,-1,31,118,119,-1,31,119,114,-1,120,121,59,-1,122,123,70,-1,70,123,124,-1,70,124,125,-1,126,127,59,-1,125,128,70,-1,70,128,129,-1,70,129,65,-1,65,129,130,-1,65,130,61,-1,61,130,131,-1,132,133,134,-1,134,133,135,-1,134,135,136,-1,136,135,137,-1,132,138,133,-1,133,138,139,-1,133,139,70,-1,70,139,140,-1,70,140,122,-1,131,141,61,-1,61,141,142,-1,61,142,143,-1,137,135,144,-1,144,135,145,-1,144,145,146,-1,147,148,104,-1,104,148,149,-1,143,150,61,-1,61,150,151,-1,61,151,59,-1,59,151,152,-1,59,152,126,-1,146,153,144,-1,144,153,154,-1,144,154,127,-1,127,154,155,-1,127,155,59,-1,59,155,156,-1,59,156,120,-1,121,157,59,-1,59,157,158,-1,59,158,104,-1,104,158,159,-1,104,159,147,-1,149,160,104,-1,104,160,161,-1,104,161,70,-1,70,161,162,-1,162,163,70,-1,70,163,164,-1,70,164,165,-1,165,166,70,-1,70,166,167,-1,70,167,133,-1,53,55,57,-1,59,49,57,-1,57,49,51,-1,57,51,53,-1,168,169,43,-1,170,171,49,-1,49,171,172,-1,49,172,47,-1,172,173,47,-1,47,173,174,-1,47,174,45,-1,45,174,175,-1,45,175,43,-1,43,175,176,-1,43,176,168,-1,177,178,104,-1,104,178,179,-1,104,179,180,-1,169,181,43,-1,43,181,182,-1,43,182,104,-1,104,182,183,-1,104,183,177,-1,184,185,59,-1,180,186,104,-1,104,186,187,-1,104,187,59,-1,59,187,188,-1,59,188,184,-1,185,189,59,-1,59,189,190,-1,59,190,49,-1,49,190,191,-1,49,191,170,-1,192,104,193,-1,193,104,194,-1,195,196,27,-1,27,196,197,-1,27,197,26,-1,26,197,198,-1,26,198,199,-1,199,200,26,-1,26,200,201,-1,26,201,104,-1,104,201,202,-1,104,202,194,-1,203,204,43,-1,43,204,205,-1,192,206,104,-1,104,206,207,-1,104,207,43,-1,43,207,208,-1,43,208,203,-1,209,210,41,-1,41,210,211,-1,41,211,27,-1,27,211,212,-1,27,212,195,-1,205,213,43,-1,43,213,214,-1,43,214,41,-1,41,214,215,-1,41,215,209,-1,216,217,218,-1,44,219,220,-1,221,222,23,-1,23,222,223,-1,23,223,42,-1,42,223,224,-1,42,224,225,-1,225,226,42,-1,42,226,227,-1,42,227,44,-1,44,227,228,-1,44,228,219,-1,220,229,44,-1,44,229,230,-1,44,230,231,-1,217,232,218,-1,218,232,233,-1,218,233,22,-1,22,233,234,-1,22,234,235,-1,235,236,22,-1,22,236,237,-1,22,237,23,-1,23,237,238,-1,23,238,221,-1,231,239,218,-1,218,239,240,-1,218,240,216,-1,241,242,44,-1,44,242,243,-1,50,244,245,-1,231,218,44,-1,44,218,246,-1,44,246,241,-1,243,247,44,-1,44,247,248,-1,44,248,46,-1,46,248,249,-1,46,249,48,-1,48,249,250,-1,48,250,50,-1,50,250,251,-1,50,251,244,-1,252,253,60,-1,252,60,254,-1,245,254,50,-1,50,254,60,-1,50,60,52,-1,52,60,58,-1,52,58,54,-1,54,58,56,-1,253,255,60,-1,60,255,256,-1,60,256,257,-1,258,259,218,-1,259,260,218,-1,218,260,261,-1,218,261,262,-1,262,263,218,-1,218,263,264,-1,218,264,246,-1,66,64,62,-1,265,266,62,-1,62,266,267,-1,62,267,66,-1,66,267,268,-1,66,268,69,-1,69,268,269,-1,69,269,270,-1,271,60,218,-1,218,60,257,-1,218,257,258,-1,271,272,60,-1,60,272,273,-1,60,273,274,-1,274,275,60,-1,60,275,276,-1,60,276,62,-1,62,276,277,-1,62,277,278,-1,278,279,62,-1,62,279,280,-1,62,280,265,-1,281,282,69,-1,282,283,69,-1,69,283,284,-1,69,284,285,-1,218,286,287,-1,270,288,69,-1,69,288,289,-1,69,289,281,-1,290,291,271,-1,271,291,292,-1,271,292,293,-1,287,294,218,-1,218,294,295,-1,218,295,271,-1,271,295,296,-1,271,296,290,-1,297,69,298,-1,298,69,299,-1,218,69,300,-1,300,301,218,-1,218,301,302,-1,218,302,303,-1,304,305,285,-1,285,305,306,-1,285,306,69,-1,69,306,307,-1,69,307,299,-1,297,308,69,-1,69,308,309,-1,69,309,300,-1,303,310,218,-1,218,310,311,-1,218,311,286,-1,304,285,293,-1,293,285,312,-1,293,312,271,-1,218,313,314,-1,315,316,67,-1,22,21,317,-1,317,318,22,-1,22,318,319,-1,22,319,218,-1,218,319,320,-1,218,320,313,-1,314,321,218,-1,218,321,322,-1,218,322,323,-1,324,325,69,-1,69,325,326,-1,69,326,67,-1,67,326,327,-1,67,327,315,-1,328,329,21,-1,21,329,330,-1,21,330,317,-1,323,331,218,-1,218,331,332,-1,218,332,69,-1,69,332,333,-1,69,333,324,-1,316,334,67,-1,67,334,335,-1,67,335,21,-1,21,335,336,-1,21,336,328,-1,14,8,17,-1,17,8,7,-1,3,12,4,-1,4,12,15,-1,337,338,339,-1,339,338,340,-1,5,6,11,-1,11,6,16,-1,11,16,339,-1,339,16,337,-1,341,342,13,-1,13,342,18,-1,13,18,10,-1,10,18,9,-1,343,342,344,-1,344,342,341,-1,2,1,345,-1,346,347,348,-1,348,347,343,-1,348,343,345,-1,345,343,344,-1,345,344,2,-1,347,346,349,-1,349,346,350,-1,349,350,351,-1,352,349,353,-1,353,349,351,-1,338,352,340,-1,340,352,353,-1,337,16,343,-1,343,16,18,-1,343,18,342,-1,352,338,349,-1,349,338,337,-1,349,337,347,-1,347,337,343,-1,354,0,2,-1,351,350,353,-1,353,350,355,-1,341,13,344,-1,344,13,11,-1,344,11,339,-1,2,344,354,-1,354,344,339,-1,354,339,355,-1,355,339,340,-1,355,340,353,-1,196,356,197,-1,197,356,357,-1,197,357,198,-1,198,357,358,-1,198,358,199,-1,199,358,359,-1,199,359,200,-1,200,359,360,-1,200,360,201,-1,201,360,361,-1,201,361,202,-1,202,361,362,-1,202,362,194,-1,194,362,363,-1,194,363,193,-1,193,363,364,-1,193,364,192,-1,192,364,365,-1,192,365,206,-1,206,365,366,-1,206,366,207,-1,207,366,367,-1,207,367,208,-1,208,367,368,-1,208,368,203,-1,203,368,369,-1,203,369,204,-1,204,369,370,-1,204,370,205,-1,205,370,371,-1,205,371,213,-1,213,371,372,-1,213,372,214,-1,214,372,373,-1,214,373,215,-1,215,373,374,-1,215,374,209,-1,209,374,375,-1,209,375,210,-1,210,375,376,-1,210,376,211,-1,211,376,377,-1,211,377,212,-1,212,377,378,-1,212,378,195,-1,195,378,379,-1,195,379,196,-1,196,379,356,-1,369,368,380,-1,380,368,367,-1,380,367,366,-1,372,371,380,-1,380,371,370,-1,380,370,369,-1,375,374,380,-1,380,374,373,-1,380,373,372,-1,378,377,380,-1,380,377,376,-1,380,376,375,-1,357,356,380,-1,380,356,379,-1,380,379,378,-1,360,359,380,-1,380,359,358,-1,380,358,357,-1,363,362,380,-1,380,362,361,-1,380,361,360,-1,366,365,380,-1,380,365,364,-1,380,364,363,-1,182,381,183,-1,183,381,382,-1,183,382,177,-1,177,382,383,-1,177,383,178,-1,178,383,384,-1,178,384,179,-1,179,384,385,-1,179,385,180,-1,180,385,386,-1,180,386,186,-1,186,386,387,-1,186,387,187,-1,187,387,388,-1,187,388,188,-1,188,388,389,-1,188,389,184,-1,184,389,390,-1,184,390,185,-1,185,390,391,-1,185,391,189,-1,189,391,392,-1,189,392,190,-1,190,392,393,-1,190,393,191,-1,191,393,394,-1,191,394,170,-1,170,394,395,-1,170,395,171,-1,171,395,396,-1,171,396,172,-1,172,396,397,-1,172,397,173,-1,173,397,398,-1,173,398,174,-1,174,398,399,-1,174,399,175,-1,175,399,400,-1,175,400,176,-1,176,400,401,-1,176,401,168,-1,168,401,402,-1,168,402,169,-1,169,402,403,-1,169,403,181,-1,181,403,404,-1,181,404,182,-1,182,404,381,-1,394,393,405,-1,405,393,392,-1,405,392,391,-1,397,396,405,-1,405,396,395,-1,405,395,394,-1,400,399,405,-1,405,399,398,-1,405,398,397,-1,403,402,405,-1,405,402,401,-1,405,401,400,-1,382,381,405,-1,405,381,404,-1,405,404,403,-1,385,384,405,-1,405,384,383,-1,405,383,382,-1,388,387,405,-1,405,387,386,-1,405,386,385,-1,391,390,405,-1,405,390,389,-1,405,389,388,-1,118,406,119,-1,119,406,407,-1,119,407,114,-1,114,407,408,-1,114,408,113,-1,113,408,409,-1,113,409,95,-1,95,409,410,-1,95,410,96,-1,96,410,411,-1,96,411,97,-1,97,411,412,-1,97,412,98,-1,98,412,413,-1,98,413,99,-1,99,413,414,-1,99,414,100,-1,100,414,415,-1,100,415,101,-1,101,415,416,-1,101,416,107,-1,107,416,417,-1,107,417,108,-1,108,417,418,-1,108,418,109,-1,109,418,419,-1,109,419,102,-1,102,419,420,-1,102,420,103,-1,103,420,421,-1,103,421,105,-1,105,421,422,-1,105,422,106,-1,106,422,423,-1,106,423,115,-1,115,423,424,-1,115,424,116,-1,116,424,425,-1,116,425,117,-1,117,425,426,-1,117,426,110,-1,110,426,427,-1,110,427,111,-1,111,427,428,-1,111,428,112,-1,112,428,429,-1,112,429,118,-1,118,429,406,-1,419,418,430,-1,430,418,417,-1,430,417,416,-1,422,421,430,-1,430,421,420,-1,430,420,419,-1,425,424,430,-1,430,424,423,-1,430,423,422,-1,428,427,430,-1,430,427,426,-1,430,426,425,-1,407,406,430,-1,430,406,429,-1,430,429,428,-1,410,409,430,-1,430,409,408,-1,430,408,407,-1,413,412,430,-1,430,412,411,-1,430,411,410,-1,416,415,430,-1,430,415,414,-1,430,414,413,-1,140,431,122,-1,122,431,432,-1,122,432,123,-1,123,432,433,-1,123,433,124,-1,124,433,434,-1,124,434,125,-1,125,434,435,-1,125,435,128,-1,128,435,436,-1,128,436,129,-1,129,436,437,-1,129,437,130,-1,130,437,438,-1,130,438,131,-1,131,438,439,-1,131,439,141,-1,141,439,440,-1,141,440,142,-1,142,440,441,-1,142,441,143,-1,143,441,442,-1,143,442,150,-1,150,442,443,-1,150,443,151,-1,151,443,444,-1,151,444,152,-1,152,444,445,-1,152,445,126,-1,126,445,446,-1,126,446,127,-1,127,446,447,-1,127,447,144,-1,144,447,448,-1,144,448,137,-1,137,448,449,-1,137,449,136,-1,136,449,450,-1,136,450,134,-1,134,450,451,-1,134,451,132,-1,132,451,452,-1,132,452,138,-1,138,452,453,-1,138,453,139,-1,139,453,454,-1,139,454,140,-1,140,454,431,-1,444,443,455,-1,455,443,442,-1,455,442,441,-1,447,446,455,-1,455,446,445,-1,455,445,444,-1,450,449,455,-1,455,449,448,-1,455,448,447,-1,453,452,455,-1,455,452,451,-1,455,451,450,-1,432,431,455,-1,455,431,454,-1,455,454,453,-1,435,434,455,-1,455,434,433,-1,455,433,432,-1,438,437,455,-1,455,437,436,-1,455,436,435,-1,441,440,455,-1,455,440,439,-1,455,439,438,-1,162,456,163,-1,163,456,457,-1,163,457,164,-1,164,457,458,-1,164,458,165,-1,165,458,459,-1,165,459,166,-1,166,459,460,-1,166,460,167,-1,167,460,461,-1,167,461,133,-1,133,461,462,-1,133,462,135,-1,135,462,463,-1,135,463,145,-1,145,463,464,-1,145,464,146,-1,146,464,465,-1,146,465,153,-1,153,465,466,-1,153,466,154,-1,154,466,467,-1,154,467,155,-1,155,467,468,-1,155,468,156,-1,156,468,469,-1,156,469,120,-1,120,469,470,-1,120,470,121,-1,121,470,471,-1,121,471,157,-1,157,471,472,-1,157,472,158,-1,158,472,473,-1,158,473,159,-1,159,473,474,-1,159,474,147,-1,147,474,475,-1,147,475,148,-1,148,475,476,-1,148,476,149,-1,149,476,477,-1,149,477,160,-1,160,477,478,-1,160,478,161,-1,161,478,479,-1,161,479,162,-1,162,479,456,-1,469,468,480,-1,480,468,467,-1,480,467,466,-1,472,471,480,-1,480,471,470,-1,480,470,469,-1,475,474,480,-1,480,474,473,-1,480,473,472,-1,478,477,480,-1,480,477,476,-1,480,476,475,-1,457,456,480,-1,480,456,479,-1,480,479,478,-1,460,459,480,-1,480,459,458,-1,480,458,457,-1,463,462,480,-1,480,462,461,-1,480,461,460,-1,466,465,480,-1,480,465,464,-1,480,464,463,-1,481,329,482,-1,482,329,328,-1,482,328,483,-1,483,328,336,-1,483,336,484,-1,484,336,335,-1,484,335,485,-1,485,335,334,-1,485,334,486,-1,486,334,316,-1,486,316,487,-1,487,316,315,-1,487,315,488,-1,488,315,327,-1,488,327,489,-1,489,327,326,-1,489,326,490,-1,490,326,325,-1,490,325,491,-1,491,325,324,-1,491,324,492,-1,492,324,333,-1,492,333,493,-1,493,333,332,-1,493,332,494,-1,494,332,331,-1,494,331,495,-1,495,331,323,-1,495,323,496,-1,496,323,322,-1,496,322,497,-1,497,322,321,-1,497,321,498,-1,498,321,314,-1,498,314,499,-1,499,314,313,-1,499,313,500,-1,500,313,320,-1,500,320,501,-1,501,320,319,-1,501,319,502,-1,502,319,318,-1,502,318,503,-1,503,318,317,-1,503,317,504,-1,504,317,330,-1,504,330,481,-1,481,330,329,-1,503,504,505,-1,505,504,481,-1,505,481,482,-1,500,501,505,-1,505,501,502,-1,505,502,503,-1,497,498,505,-1,505,498,499,-1,505,499,500,-1,494,495,505,-1,505,495,496,-1,505,496,497,-1,491,492,505,-1,505,492,493,-1,505,493,494,-1,488,489,505,-1,505,489,490,-1,505,490,491,-1,485,486,505,-1,505,486,487,-1,505,487,488,-1,482,483,505,-1,505,483,484,-1,505,484,485,-1,506,300,507,-1,507,300,309,-1,507,309,508,-1,508,309,308,-1,508,308,509,-1,509,308,297,-1,509,297,510,-1,510,297,298,-1,510,298,511,-1,511,298,299,-1,511,299,512,-1,512,299,307,-1,512,307,513,-1,513,307,306,-1,513,306,514,-1,514,306,305,-1,514,305,515,-1,515,305,304,-1,515,304,516,-1,516,304,293,-1,516,293,517,-1,517,293,292,-1,517,292,518,-1,518,292,291,-1,518,291,519,-1,519,291,290,-1,519,290,520,-1,520,290,296,-1,520,296,521,-1,521,296,295,-1,521,295,522,-1,522,295,294,-1,522,294,523,-1,523,294,287,-1,523,287,524,-1,524,287,286,-1,524,286,525,-1,525,286,311,-1,525,311,526,-1,526,311,310,-1,526,310,527,-1,527,310,303,-1,527,303,528,-1,528,303,302,-1,528,302,529,-1,529,302,301,-1,529,301,506,-1,506,301,300,-1,528,529,530,-1,530,529,506,-1,530,506,507,-1,525,526,530,-1,530,526,527,-1,530,527,528,-1,522,523,530,-1,530,523,524,-1,530,524,525,-1,519,520,530,-1,530,520,521,-1,530,521,522,-1,516,517,530,-1,530,517,518,-1,530,518,519,-1,513,514,530,-1,530,514,515,-1,530,515,516,-1,510,511,530,-1,530,511,512,-1,530,512,513,-1,507,508,530,-1,530,508,509,-1,530,509,510,-1,531,221,532,-1,532,221,238,-1,532,238,533,-1,533,238,237,-1,533,237,534,-1,534,237,236,-1,534,236,535,-1,535,236,235,-1,535,235,536,-1,536,235,234,-1,536,234,537,-1,537,234,233,-1,537,233,538,-1,538,233,232,-1,538,232,539,-1,539,232,217,-1,539,217,540,-1,540,217,216,-1,540,216,541,-1,541,216,240,-1,541,240,542,-1,542,240,239,-1,542,239,543,-1,543,239,231,-1,543,231,544,-1,544,231,230,-1,544,230,545,-1,545,230,229,-1,545,229,546,-1,546,229,220,-1,546,220,547,-1,547,220,219,-1,547,219,548,-1,548,219,228,-1,548,228,549,-1,549,228,227,-1,549,227,550,-1,550,227,226,-1,550,226,551,-1,551,226,225,-1,551,225,552,-1,552,225,224,-1,552,224,553,-1,553,224,223,-1,553,223,554,-1,554,223,222,-1,554,222,531,-1,531,222,221,-1,553,554,555,-1,555,554,531,-1,555,531,532,-1,550,551,555,-1,555,551,552,-1,555,552,553,-1,547,548,555,-1,555,548,549,-1,555,549,550,-1,544,545,555,-1,555,545,546,-1,555,546,547,-1,541,542,555,-1,555,542,543,-1,555,543,544,-1,538,539,555,-1,555,539,540,-1,555,540,541,-1,535,536,555,-1,555,536,537,-1,555,537,538,-1,532,533,555,-1,555,533,534,-1,555,534,535,-1,556,246,557,-1,557,246,264,-1,557,264,558,-1,558,264,263,-1,558,263,559,-1,559,263,262,-1,559,262,560,-1,560,262,261,-1,560,261,561,-1,561,261,260,-1,561,260,562,-1,562,260,259,-1,562,259,563,-1,563,259,258,-1,563,258,564,-1,564,258,257,-1,564,257,565,-1,565,257,256,-1,565,256,566,-1,566,256,255,-1,566,255,567,-1,567,255,253,-1,567,253,568,-1,568,253,252,-1,568,252,569,-1,569,252,254,-1,569,254,570,-1,570,254,245,-1,570,245,571,-1,571,245,244,-1,571,244,572,-1,572,244,251,-1,572,251,573,-1,573,251,250,-1,573,250,574,-1,574,250,249,-1,574,249,575,-1,575,249,248,-1,575,248,576,-1,576,248,247,-1,576,247,577,-1,577,247,243,-1,577,243,578,-1,578,243,242,-1,578,242,579,-1,579,242,241,-1,579,241,556,-1,556,241,246,-1,578,579,580,-1,580,579,556,-1,580,556,557,-1,575,576,580,-1,580,576,577,-1,580,577,578,-1,572,573,580,-1,580,573,574,-1,580,574,575,-1,569,570,580,-1,580,570,571,-1,580,571,572,-1,566,567,580,-1,580,567,568,-1,580,568,569,-1,563,564,580,-1,580,564,565,-1,580,565,566,-1,560,561,580,-1,580,561,562,-1,580,562,563,-1,557,558,580,-1,580,558,559,-1,580,559,560,-1,581,282,582,-1,582,282,281,-1,582,281,583,-1,583,281,289,-1,583,289,584,-1,584,289,288,-1,584,288,585,-1,585,288,270,-1,585,270,586,-1,586,270,269,-1,586,269,587,-1,587,269,268,-1,587,268,588,-1,588,268,267,-1,588,267,589,-1,589,267,266,-1,589,266,590,-1,590,266,265,-1,590,265,591,-1,591,265,280,-1,591,280,592,-1,592,280,279,-1,592,279,593,-1,593,279,278,-1,593,278,594,-1,594,278,277,-1,594,277,595,-1,595,277,276,-1,595,276,596,-1,596,276,275,-1,596,275,597,-1,597,275,274,-1,597,274,598,-1,598,274,273,-1,598,273,599,-1,599,273,272,-1,599,272,600,-1,600,272,271,-1,600,271,601,-1,601,271,312,-1,601,312,602,-1,602,312,285,-1,602,285,603,-1,603,285,284,-1,603,284,604,-1,604,284,283,-1,604,283,581,-1,581,283,282,-1,603,604,605,-1,605,604,581,-1,605,581,582,-1,600,601,605,-1,605,601,602,-1,605,602,603,-1,597,598,605,-1,605,598,599,-1,605,599,600,-1,594,595,605,-1,605,595,596,-1,605,596,597,-1,591,592,605,-1,605,592,593,-1,605,593,594,-1,588,589,605,-1,605,589,590,-1,605,590,591,-1,585,586,605,-1,605,586,587,-1,605,587,588,-1,582,583,605,-1,605,583,584,-1,605,584,585,-1,354,345,0,-1,0,345,1,-1,350,346,355,-1,355,346,348,-1,355,348,354,-1,354,348,345,-1,606,607,608,-1,608,607,609,-1,610,611,612,-1,612,611,613,-1,614,615,616,-1,616,615,617,-1,609,607,617,-1,617,607,618,-1,619,620,621,-1,622,623,624,-1,618,625,617,-1,617,625,626,-1,617,626,627,-1,627,626,624,-1,627,624,628,-1,619,621,629,-1,623,630,624,-1,624,630,631,-1,624,631,628,-1,617,613,611,-1,629,621,624,-1,624,621,632,-1,624,632,633,-1,633,634,624,-1,624,634,635,-1,624,635,622,-1,636,637,638,-1,638,637,639,-1,617,615,613,-1,613,615,639,-1,613,639,640,-1,640,639,637,-1,611,641,617,-1,617,641,642,-1,617,642,643,-1,643,644,617,-1,617,644,645,-1,617,645,609,-1,607,606,646,-1,607,646,618,-1,606,647,646,-1,646,647,648,-1,646,648,649,-1,627,650,617,-1,617,650,651,-1,651,652,653,-1,653,654,651,-1,651,654,616,-1,651,616,617,-1,628,631,655,-1,655,656,628,-1,628,656,657,-1,628,657,627,-1,627,657,658,-1,627,658,650,-1,630,623,659,-1,659,660,630,-1,630,660,661,-1,630,661,631,-1,631,661,662,-1,631,662,655,-1,622,635,663,-1,663,664,622,-1,622,664,665,-1,622,665,623,-1,623,665,666,-1,623,666,659,-1,634,633,667,-1,667,668,634,-1,634,668,669,-1,634,669,635,-1,635,669,670,-1,635,670,663,-1,632,671,633,-1,633,671,672,-1,633,672,667,-1,621,673,632,-1,632,673,674,-1,632,674,671,-1,620,675,621,-1,621,675,676,-1,621,676,673,-1,619,677,620,-1,620,677,678,-1,620,678,675,-1,629,679,619,-1,619,679,680,-1,619,680,677,-1,624,681,629,-1,629,681,682,-1,629,682,679,-1,626,683,624,-1,624,683,684,-1,624,684,681,-1,625,685,626,-1,626,685,686,-1,626,686,683,-1,646,687,618,-1,618,687,688,-1,618,688,625,-1,625,688,689,-1,625,689,685,-1,608,609,690,-1,690,609,645,-1,690,645,691,-1,691,645,644,-1,691,644,692,-1,692,644,643,-1,692,643,693,-1,693,643,642,-1,693,642,694,-1,694,642,641,-1,694,641,610,-1,610,641,611,-1,612,613,695,-1,695,613,640,-1,695,640,696,-1,696,640,637,-1,696,637,697,-1,697,637,636,-1,697,636,698,-1,698,636,638,-1,698,638,699,-1,699,638,639,-1,699,639,614,-1,614,639,615,-1,608,690,700,-1,700,690,701,-1,700,701,702,-1,702,701,703,-1,702,703,704,-1,704,703,705,-1,704,705,706,-1,706,705,707,-1,706,707,708,-1,708,707,709,-1,708,709,28,-1,28,709,29,-1,690,691,701,-1,701,691,710,-1,701,710,703,-1,703,710,711,-1,703,711,705,-1,705,711,712,-1,705,712,707,-1,707,712,713,-1,707,713,709,-1,709,713,714,-1,709,714,29,-1,29,714,32,-1,691,692,710,-1,710,692,715,-1,710,715,711,-1,711,715,716,-1,711,716,712,-1,712,716,717,-1,712,717,713,-1,713,717,718,-1,713,718,714,-1,714,718,719,-1,714,719,32,-1,32,719,33,-1,692,693,715,-1,715,693,720,-1,715,720,716,-1,716,720,721,-1,716,721,717,-1,717,721,722,-1,717,722,718,-1,718,722,723,-1,718,723,719,-1,719,723,724,-1,719,724,33,-1,33,724,34,-1,693,694,720,-1,720,694,725,-1,720,725,721,-1,721,725,726,-1,721,726,722,-1,722,726,727,-1,722,727,723,-1,723,727,728,-1,723,728,724,-1,724,728,729,-1,724,729,34,-1,34,729,38,-1,694,610,725,-1,725,610,730,-1,725,730,726,-1,726,730,731,-1,726,731,727,-1,727,731,732,-1,727,732,728,-1,728,732,733,-1,728,733,729,-1,729,733,734,-1,729,734,38,-1,38,734,39,-1,606,608,647,-1,647,608,700,-1,735,736,702,-1,702,736,649,-1,702,649,700,-1,700,649,648,-1,700,648,647,-1,737,738,704,-1,704,738,739,-1,704,739,702,-1,702,739,740,-1,702,740,735,-1,741,742,704,-1,704,742,743,-1,704,743,737,-1,744,745,706,-1,706,745,746,-1,706,746,704,-1,704,746,747,-1,704,747,741,-1,28,30,708,-1,708,30,86,-1,86,85,708,-1,708,85,748,-1,708,748,706,-1,706,748,749,-1,706,749,744,-1,610,612,750,-1,610,750,730,-1,730,750,751,-1,730,751,731,-1,731,751,752,-1,731,752,732,-1,732,752,753,-1,732,753,733,-1,733,753,754,-1,733,754,734,-1,734,754,40,-1,734,40,39,-1,755,652,651,-1,756,757,758,-1,759,760,761,-1,762,763,764,-1,765,766,767,-1,768,769,770,-1,82,771,772,-1,771,773,772,-1,772,773,774,-1,772,774,775,-1,744,749,776,-1,776,749,748,-1,746,745,777,-1,777,745,744,-1,778,747,746,-1,737,743,779,-1,743,742,779,-1,779,742,741,-1,779,741,747,-1,735,740,780,-1,740,739,780,-1,780,739,738,-1,780,738,737,-1,781,736,735,-1,657,782,783,-1,755,651,784,-1,784,651,650,-1,784,650,783,-1,783,650,658,-1,783,658,657,-1,661,785,786,-1,657,656,782,-1,782,656,655,-1,782,655,786,-1,786,655,662,-1,786,662,661,-1,665,787,788,-1,661,660,785,-1,785,660,659,-1,785,659,788,-1,788,659,666,-1,788,666,665,-1,665,664,787,-1,787,664,663,-1,787,663,789,-1,789,663,670,-1,789,670,790,-1,790,670,669,-1,669,668,790,-1,790,668,667,-1,790,667,791,-1,667,672,791,-1,791,672,671,-1,791,671,792,-1,792,671,674,-1,792,674,793,-1,793,674,673,-1,793,673,794,-1,673,676,794,-1,794,676,675,-1,794,675,795,-1,795,675,678,-1,678,677,795,-1,795,677,680,-1,795,680,796,-1,684,797,798,-1,680,679,796,-1,796,679,682,-1,796,682,798,-1,798,682,681,-1,798,681,684,-1,689,799,800,-1,684,683,797,-1,797,683,686,-1,797,686,800,-1,800,686,685,-1,800,685,689,-1,689,688,799,-1,799,688,687,-1,799,687,781,-1,781,687,646,-1,781,646,736,-1,736,646,649,-1,735,801,781,-1,781,801,802,-1,781,802,799,-1,799,802,803,-1,799,803,800,-1,800,803,804,-1,800,804,797,-1,797,804,805,-1,797,805,798,-1,798,805,806,-1,798,806,796,-1,796,806,807,-1,796,807,795,-1,795,807,808,-1,795,808,794,-1,794,808,809,-1,794,809,793,-1,793,809,810,-1,793,810,792,-1,792,810,811,-1,792,811,791,-1,791,811,812,-1,791,812,790,-1,790,812,813,-1,790,813,789,-1,789,813,814,-1,789,814,787,-1,787,814,815,-1,787,815,788,-1,788,815,816,-1,788,816,785,-1,785,816,817,-1,785,817,786,-1,786,817,818,-1,786,818,782,-1,782,818,819,-1,782,819,783,-1,783,819,756,-1,783,756,784,-1,784,756,758,-1,784,758,755,-1,735,780,801,-1,801,780,820,-1,801,820,802,-1,802,820,821,-1,802,821,803,-1,803,821,822,-1,803,822,804,-1,804,822,823,-1,804,823,805,-1,805,823,824,-1,805,824,806,-1,806,824,825,-1,806,825,807,-1,807,825,826,-1,807,826,808,-1,808,826,827,-1,808,827,809,-1,809,827,828,-1,809,828,810,-1,810,828,829,-1,810,829,811,-1,811,829,830,-1,811,830,812,-1,812,830,831,-1,812,831,813,-1,813,831,832,-1,813,832,814,-1,814,832,833,-1,814,833,815,-1,815,833,834,-1,815,834,816,-1,816,834,835,-1,816,835,817,-1,817,835,836,-1,817,836,818,-1,818,836,837,-1,818,837,819,-1,819,837,759,-1,819,759,756,-1,756,759,761,-1,756,761,757,-1,737,838,780,-1,780,838,839,-1,780,839,820,-1,820,839,840,-1,820,840,821,-1,821,840,841,-1,821,841,822,-1,822,841,842,-1,822,842,823,-1,823,842,843,-1,823,843,824,-1,824,843,844,-1,824,844,825,-1,825,844,845,-1,825,845,826,-1,826,845,846,-1,826,846,827,-1,827,846,847,-1,827,847,828,-1,828,847,848,-1,828,848,829,-1,829,848,849,-1,829,849,830,-1,830,849,850,-1,830,850,831,-1,831,850,851,-1,831,851,832,-1,832,851,852,-1,832,852,833,-1,833,852,853,-1,833,853,834,-1,834,853,854,-1,834,854,835,-1,835,854,855,-1,835,855,836,-1,836,855,856,-1,836,856,837,-1,837,856,762,-1,837,762,759,-1,759,762,764,-1,759,764,760,-1,737,779,838,-1,838,779,857,-1,838,857,839,-1,839,857,858,-1,839,858,840,-1,840,858,859,-1,840,859,841,-1,841,859,860,-1,841,860,842,-1,842,860,861,-1,842,861,843,-1,843,861,862,-1,843,862,844,-1,844,862,863,-1,844,863,845,-1,845,863,864,-1,845,864,846,-1,846,864,865,-1,846,865,847,-1,847,865,866,-1,847,866,848,-1,848,866,867,-1,848,867,849,-1,849,867,868,-1,849,868,850,-1,850,868,869,-1,850,869,851,-1,851,869,870,-1,851,870,852,-1,852,870,871,-1,852,871,853,-1,853,871,872,-1,853,872,854,-1,854,872,873,-1,854,873,855,-1,855,873,874,-1,855,874,856,-1,856,874,765,-1,856,765,762,-1,762,765,767,-1,762,767,763,-1,747,778,779,-1,779,778,875,-1,779,875,857,-1,857,875,876,-1,857,876,858,-1,858,876,877,-1,858,877,859,-1,859,877,878,-1,859,878,860,-1,860,878,879,-1,860,879,861,-1,861,879,880,-1,861,880,862,-1,862,880,881,-1,862,881,863,-1,863,881,882,-1,863,882,864,-1,864,882,883,-1,864,883,865,-1,865,883,884,-1,865,884,866,-1,866,884,885,-1,866,885,867,-1,867,885,886,-1,867,886,868,-1,868,886,887,-1,868,887,869,-1,869,887,888,-1,869,888,870,-1,870,888,889,-1,870,889,871,-1,871,889,890,-1,871,890,872,-1,872,890,891,-1,872,891,873,-1,873,891,892,-1,873,892,874,-1,874,892,768,-1,874,768,765,-1,765,768,770,-1,765,770,766,-1,746,777,778,-1,778,777,893,-1,778,893,875,-1,875,893,894,-1,875,894,876,-1,876,894,895,-1,876,895,877,-1,877,895,896,-1,877,896,878,-1,878,896,897,-1,878,897,879,-1,879,897,898,-1,879,898,880,-1,880,898,899,-1,880,899,881,-1,881,899,900,-1,881,900,882,-1,882,900,901,-1,882,901,883,-1,883,901,902,-1,883,902,884,-1,884,902,903,-1,884,903,885,-1,885,903,904,-1,885,904,886,-1,886,904,905,-1,886,905,887,-1,887,905,906,-1,887,906,888,-1,888,906,907,-1,888,907,889,-1,889,907,908,-1,889,908,890,-1,890,908,909,-1,890,909,891,-1,891,909,910,-1,891,910,892,-1,892,910,911,-1,892,911,768,-1,768,911,912,-1,768,912,769,-1,744,776,777,-1,777,776,913,-1,777,913,893,-1,893,913,914,-1,893,914,894,-1,894,914,915,-1,894,915,895,-1,895,915,916,-1,895,916,896,-1,896,916,917,-1,896,917,897,-1,897,917,918,-1,897,918,898,-1,898,918,919,-1,898,919,899,-1,899,919,920,-1,899,920,900,-1,900,920,921,-1,900,921,901,-1,901,921,922,-1,901,922,902,-1,902,922,923,-1,902,923,903,-1,903,923,924,-1,903,924,904,-1,904,924,925,-1,904,925,905,-1,905,925,926,-1,905,926,906,-1,906,926,927,-1,906,927,907,-1,907,927,928,-1,907,928,908,-1,908,928,929,-1,908,929,909,-1,909,929,930,-1,909,930,910,-1,910,930,772,-1,910,772,911,-1,911,772,775,-1,911,775,912,-1,82,772,83,-1,83,772,930,-1,83,930,87,-1,87,930,929,-1,87,929,88,-1,88,929,928,-1,88,928,92,-1,92,928,927,-1,92,927,93,-1,93,927,926,-1,93,926,94,-1,94,926,925,-1,94,925,73,-1,73,925,924,-1,73,924,74,-1,74,924,923,-1,74,923,75,-1,75,923,922,-1,75,922,72,-1,72,922,921,-1,72,921,71,-1,71,921,920,-1,71,920,76,-1,76,920,919,-1,76,919,77,-1,77,919,918,-1,77,918,78,-1,78,918,917,-1,78,917,89,-1,89,917,916,-1,89,916,90,-1,90,916,915,-1,90,915,91,-1,91,915,914,-1,91,914,84,-1,84,914,913,-1,84,913,79,-1,79,913,776,-1,79,776,80,-1,80,776,748,-1,80,748,85,-1,612,695,750,-1,750,695,931,-1,750,931,751,-1,751,931,932,-1,751,932,752,-1,752,932,933,-1,752,933,753,-1,753,933,934,-1,753,934,754,-1,754,934,935,-1,754,935,40,-1,40,935,35,-1,695,696,931,-1,931,696,936,-1,931,936,932,-1,932,936,937,-1,932,937,933,-1,933,937,938,-1,933,938,934,-1,934,938,939,-1,934,939,935,-1,935,939,940,-1,935,940,35,-1,35,940,36,-1,696,697,936,-1,936,697,941,-1,936,941,937,-1,937,941,942,-1,937,942,938,-1,938,942,943,-1,938,943,939,-1,939,943,944,-1,939,944,940,-1,940,944,945,-1,940,945,36,-1,36,945,37,-1,697,698,941,-1,941,698,946,-1,941,946,942,-1,942,946,947,-1,942,947,943,-1,943,947,948,-1,943,948,944,-1,944,948,949,-1,944,949,945,-1,945,949,950,-1,945,950,37,-1,37,950,24,-1,698,699,946,-1,946,699,951,-1,946,951,947,-1,947,951,952,-1,947,952,948,-1,948,952,953,-1,948,953,949,-1,949,953,954,-1,949,954,950,-1,950,954,955,-1,950,955,24,-1,24,955,25,-1,699,614,951,-1,951,614,956,-1,951,956,952,-1,952,956,957,-1,952,957,953,-1,953,957,958,-1,953,958,954,-1,954,958,959,-1,954,959,955,-1,955,959,960,-1,955,960,25,-1,25,960,19,-1,20,19,81,-1,81,19,960,-1,81,960,82,-1,775,774,959,-1,959,774,773,-1,959,773,960,-1,960,773,771,-1,960,771,82,-1,763,767,958,-1,958,767,766,-1,766,770,958,-1,958,770,769,-1,958,769,959,-1,959,769,912,-1,959,912,775,-1,957,760,958,-1,958,760,764,-1,958,764,763,-1,755,758,957,-1,758,757,957,-1,957,757,761,-1,957,761,760,-1,956,614,616,-1,616,654,956,-1,956,654,653,-1,956,653,957,-1,957,653,652,-1,957,652,755,-1,961,962,963,-1,964,965,966,-1,966,965,967,-1,968,969,970,-1,970,969,971,-1,972,973,966,-1,966,973,964,-1,971,969,974,-1,974,969,975,-1,965,976,967,-1,967,976,977,-1,978,968,979,-1,979,968,970,-1,975,980,981,-1,982,977,983,-1,983,977,976,-1,983,976,984,-1,976,973,984,-1,984,973,972,-1,984,972,981,-1,981,972,974,-1,981,974,975,-1,985,986,978,-1,987,988,975,-1,975,988,989,-1,989,990,975,-1,975,990,991,-1,975,991,980,-1,980,991,992,-1,980,992,993,-1,994,985,995,-1,995,985,978,-1,995,978,982,-1,982,978,979,-1,982,979,977,-1,986,996,978,-1,978,996,997,-1,978,997,998,-1,998,999,978,-1,978,999,1000,-1,978,1000,975,-1,975,1000,1001,-1,975,1001,987,-1,1002,983,1003,-1,1003,983,984,-1,1004,1005,1006,-1,1006,1005,1007,-1,1006,1007,1003,-1,1003,1007,1002,-1,1008,1005,1009,-1,1009,1005,1004,-1,1010,1008,1011,-1,1011,1008,1009,-1,1012,1010,1013,-1,1013,1010,1011,-1,1014,1012,1015,-1,1015,1012,1013,-1,1016,1014,1017,-1,1017,1014,1015,-1,1018,1016,1019,-1,1019,1016,1017,-1,1020,1021,1022,-1,1022,1021,1023,-1,1022,1023,1019,-1,1019,1023,1018,-1,1024,1021,1025,-1,1025,1021,1020,-1,1026,1024,1027,-1,1027,1024,1025,-1,1028,1029,1030,-1,1030,1029,1031,-1,1030,1031,1027,-1,1027,1031,1026,-1,1032,1029,1033,-1,1033,1029,1028,-1,1034,1035,1028,-1,1028,1035,1036,-1,1028,1036,1033,-1,1032,1037,1029,-1,1029,1037,1038,-1,1029,1038,1039,-1,1040,1041,995,-1,1042,1043,1044,-1,1040,995,1045,-1,1046,1047,1041,-1,1041,1047,994,-1,1041,994,995,-1,980,1048,1049,-1,1048,980,1044,-1,1044,980,993,-1,1044,993,1042,-1,1039,1050,1029,-1,1029,1050,1051,-1,1029,1051,995,-1,995,1051,1052,-1,995,1052,1045,-1,1049,1053,980,-1,980,1053,1054,-1,980,1054,1028,-1,1028,1054,1055,-1,1028,1055,1034,-1,1021,1024,1026,-1,1031,1029,1056,-1,1056,1057,1031,-1,1031,1057,1058,-1,1031,1058,1059,-1,1060,1061,1029,-1,1029,1061,1062,-1,1029,1062,1056,-1,1063,1064,1065,-1,1065,1064,1066,-1,1065,1066,1067,-1,1059,1068,1031,-1,1031,1068,1069,-1,1031,1069,1065,-1,1065,1069,1070,-1,1065,1070,1063,-1,982,1071,995,-1,995,1071,1072,-1,995,1072,1073,-1,1060,1029,1074,-1,1074,1029,995,-1,1074,995,1075,-1,1067,1076,1065,-1,1065,1076,1077,-1,1065,1077,982,-1,982,1077,1078,-1,982,1078,1071,-1,1073,1079,995,-1,995,1079,1080,-1,995,1080,1075,-1,1081,1082,1021,-1,1031,1083,1084,-1,1031,1084,1026,-1,1026,1084,1085,-1,1026,1085,1021,-1,1021,1085,1086,-1,1021,1086,1081,-1,1021,1087,1023,-1,1023,1087,1088,-1,1023,1088,1089,-1,1090,1091,1023,-1,1082,1092,1021,-1,1021,1092,1093,-1,1021,1093,1087,-1,1094,1095,1096,-1,1096,1095,1097,-1,1096,1097,1031,-1,1097,1098,1031,-1,1031,1098,1099,-1,1031,1099,1100,-1,1100,1101,1031,-1,1031,1101,1102,-1,1031,1102,1083,-1,1089,1103,1023,-1,1023,1103,1104,-1,1023,1104,1105,-1,1105,1106,1107,-1,1108,1109,1065,-1,1065,1109,1110,-1,1094,1111,1095,-1,1095,1111,1112,-1,1095,1112,1113,-1,1113,1112,1107,-1,1113,1107,1114,-1,1114,1107,1106,-1,1107,1115,1105,-1,1105,1115,1116,-1,1105,1116,1023,-1,1023,1116,1117,-1,1023,1117,1090,-1,1091,1118,1023,-1,1023,1118,1119,-1,1023,1119,1065,-1,1065,1119,1120,-1,1065,1120,1108,-1,1110,1121,1065,-1,1065,1121,1122,-1,1065,1122,1031,-1,1031,1122,1123,-1,1123,1124,1031,-1,1031,1124,1125,-1,1031,1125,1126,-1,1126,1127,1031,-1,1031,1127,1128,-1,1031,1128,1096,-1,1014,1016,1018,-1,1129,1130,1007,-1,1023,1010,1018,-1,1018,1010,1012,-1,1018,1012,1014,-1,1008,1131,1005,-1,1005,1131,1132,-1,1005,1132,1007,-1,1007,1132,1133,-1,1007,1133,1129,-1,1134,1135,1065,-1,1065,1135,1136,-1,1065,1136,1137,-1,1138,1139,1010,-1,1010,1139,1140,-1,1010,1140,1008,-1,1008,1140,1141,-1,1008,1141,1131,-1,1130,1142,1007,-1,1007,1142,1143,-1,1007,1143,1065,-1,1065,1143,1144,-1,1065,1144,1134,-1,1145,1146,1023,-1,1137,1147,1065,-1,1065,1147,1148,-1,1065,1148,1023,-1,1023,1148,1149,-1,1023,1149,1145,-1,1146,1150,1023,-1,1023,1150,1151,-1,1023,1151,1010,-1,1010,1151,1152,-1,1010,1152,1138,-1,1153,1065,1154,-1,1154,1065,1155,-1,1156,1157,983,-1,983,1157,1158,-1,983,1158,982,-1,982,1158,1159,-1,982,1159,1160,-1,1160,1161,982,-1,982,1161,1162,-1,982,1162,1065,-1,1065,1162,1163,-1,1065,1163,1155,-1,1164,1165,1007,-1,1007,1165,1166,-1,1153,1167,1065,-1,1065,1167,1168,-1,1065,1168,1007,-1,1007,1168,1169,-1,1007,1169,1164,-1,1170,1171,1002,-1,1002,1171,1172,-1,1002,1172,983,-1,983,1172,1173,-1,983,1173,1156,-1,1166,1174,1007,-1,1007,1174,1175,-1,1007,1175,1002,-1,1002,1175,1176,-1,1002,1176,1170,-1,1177,1178,1179,-1,1006,1180,1181,-1,1182,1183,1003,-1,1003,1183,1184,-1,1003,1184,1006,-1,1006,1184,1185,-1,1006,1185,1180,-1,1181,1186,1006,-1,1006,1186,1187,-1,1006,1187,1188,-1,1179,1189,1177,-1,1177,1189,1190,-1,1177,1190,981,-1,981,1190,1191,-1,981,1191,1192,-1,1192,1193,981,-1,981,1193,1194,-1,981,1194,984,-1,984,1194,1195,-1,984,1195,1196,-1,1196,1197,984,-1,984,1197,1198,-1,984,1198,1003,-1,1003,1198,1199,-1,1003,1199,1182,-1,1188,1200,1177,-1,1177,1200,1201,-1,1177,1201,1178,-1,1202,1203,1006,-1,1006,1203,1204,-1,1011,1205,1206,-1,1188,1177,1006,-1,1006,1177,1207,-1,1006,1207,1202,-1,1204,1208,1006,-1,1006,1208,1209,-1,1006,1209,1004,-1,1004,1209,1210,-1,1004,1210,1009,-1,1009,1210,1211,-1,1009,1211,1011,-1,1011,1211,1212,-1,1011,1212,1205,-1,1213,1214,1022,-1,1213,1022,1215,-1,1206,1215,1011,-1,1011,1215,1022,-1,1011,1022,1013,-1,1013,1022,1019,-1,1013,1019,1015,-1,1015,1019,1017,-1,1214,1216,1022,-1,1022,1216,1217,-1,1022,1217,1218,-1,1219,1220,1177,-1,1220,1221,1177,-1,1177,1221,1222,-1,1177,1222,1223,-1,1223,1224,1177,-1,1177,1224,1225,-1,1177,1225,1207,-1,1027,1025,1020,-1,1226,1227,1020,-1,1020,1227,1228,-1,1020,1228,1027,-1,1027,1228,1229,-1,1027,1229,1030,-1,1030,1229,1230,-1,1030,1230,1231,-1,1232,1022,1177,-1,1177,1022,1218,-1,1177,1218,1219,-1,1232,1233,1022,-1,1022,1233,1234,-1,1022,1234,1235,-1,1235,1236,1022,-1,1022,1236,1237,-1,1022,1237,1020,-1,1020,1237,1238,-1,1020,1238,1239,-1,1239,1240,1020,-1,1020,1240,1241,-1,1020,1241,1226,-1,1242,1243,1030,-1,1243,1244,1030,-1,1030,1244,1245,-1,1030,1245,1246,-1,1177,1247,1248,-1,1231,1249,1030,-1,1030,1249,1250,-1,1030,1250,1242,-1,1251,1252,1232,-1,1232,1252,1253,-1,1232,1253,1254,-1,1248,1255,1177,-1,1177,1255,1256,-1,1177,1256,1232,-1,1232,1256,1257,-1,1232,1257,1251,-1,1258,1030,1259,-1,1259,1030,1260,-1,1177,1030,1261,-1,1261,1262,1177,-1,1177,1262,1263,-1,1177,1263,1264,-1,1265,1266,1246,-1,1246,1266,1267,-1,1246,1267,1030,-1,1030,1267,1268,-1,1030,1268,1260,-1,1258,1269,1030,-1,1030,1269,1270,-1,1030,1270,1261,-1,1264,1271,1177,-1,1177,1271,1272,-1,1177,1272,1247,-1,1265,1246,1254,-1,1254,1246,1273,-1,1254,1273,1232,-1,1177,1274,1275,-1,1275,1276,1177,-1,1177,1276,1277,-1,1177,1277,1278,-1,981,980,1279,-1,1279,1280,981,-1,981,1280,1281,-1,981,1281,1177,-1,1177,1281,1282,-1,1177,1282,1274,-1,1028,1283,1284,-1,1285,1286,980,-1,980,1286,1287,-1,980,1287,1279,-1,1278,1288,1177,-1,1177,1288,1289,-1,1177,1289,1030,-1,1030,1289,1290,-1,1030,1290,1291,-1,1284,1292,1028,-1,1028,1292,1293,-1,1028,1293,980,-1,980,1293,1294,-1,980,1294,1285,-1,1291,1295,1030,-1,1030,1295,1296,-1,1030,1296,1028,-1,1028,1296,1297,-1,1028,1297,1283,-1,975,969,978,-1,978,969,968,-1,964,973,965,-1,965,973,976,-1,1298,1299,1300,-1,1300,1299,1301,-1,966,967,972,-1,972,967,977,-1,972,977,1300,-1,1300,977,1298,-1,1302,1303,974,-1,974,1303,979,-1,974,979,971,-1,971,979,970,-1,1304,1303,1305,-1,1305,1303,1302,-1,963,962,1306,-1,1307,1308,1309,-1,1309,1308,1304,-1,1309,1304,1306,-1,1306,1304,1305,-1,1306,1305,963,-1,1308,1307,1310,-1,1310,1307,1311,-1,1310,1311,1312,-1,1313,1310,1314,-1,1314,1310,1312,-1,1299,1313,1301,-1,1301,1313,1314,-1,1298,977,1304,-1,1304,977,979,-1,1304,979,1303,-1,1313,1299,1310,-1,1310,1299,1298,-1,1310,1298,1308,-1,1308,1298,1304,-1,1315,961,963,-1,1312,1311,1314,-1,1314,1311,1316,-1,1302,974,1305,-1,1305,974,972,-1,1305,972,1300,-1,963,1305,1315,-1,1315,1305,1300,-1,1315,1300,1316,-1,1316,1300,1301,-1,1316,1301,1314,-1,1157,1317,1158,-1,1158,1317,1318,-1,1158,1318,1159,-1,1159,1318,1319,-1,1159,1319,1160,-1,1160,1319,1320,-1,1160,1320,1161,-1,1161,1320,1321,-1,1161,1321,1162,-1,1162,1321,1322,-1,1162,1322,1163,-1,1163,1322,1323,-1,1163,1323,1155,-1,1155,1323,1324,-1,1155,1324,1154,-1,1154,1324,1325,-1,1154,1325,1153,-1,1153,1325,1326,-1,1153,1326,1167,-1,1167,1326,1327,-1,1167,1327,1168,-1,1168,1327,1328,-1,1168,1328,1169,-1,1169,1328,1329,-1,1169,1329,1164,-1,1164,1329,1330,-1,1164,1330,1165,-1,1165,1330,1331,-1,1165,1331,1166,-1,1166,1331,1332,-1,1166,1332,1174,-1,1174,1332,1333,-1,1174,1333,1175,-1,1175,1333,1334,-1,1175,1334,1176,-1,1176,1334,1335,-1,1176,1335,1170,-1,1170,1335,1336,-1,1170,1336,1171,-1,1171,1336,1337,-1,1171,1337,1172,-1,1172,1337,1338,-1,1172,1338,1173,-1,1173,1338,1339,-1,1173,1339,1156,-1,1156,1339,1340,-1,1156,1340,1157,-1,1157,1340,1317,-1,1330,1329,1341,-1,1341,1329,1328,-1,1341,1328,1327,-1,1333,1332,1341,-1,1341,1332,1331,-1,1341,1331,1330,-1,1336,1335,1341,-1,1341,1335,1334,-1,1341,1334,1333,-1,1339,1338,1341,-1,1341,1338,1337,-1,1341,1337,1336,-1,1318,1317,1341,-1,1341,1317,1340,-1,1341,1340,1339,-1,1321,1320,1341,-1,1341,1320,1319,-1,1341,1319,1318,-1,1324,1323,1341,-1,1341,1323,1322,-1,1341,1322,1321,-1,1327,1326,1341,-1,1341,1326,1325,-1,1341,1325,1324,-1,1143,1342,1144,-1,1144,1342,1343,-1,1144,1343,1134,-1,1134,1343,1344,-1,1134,1344,1135,-1,1135,1344,1345,-1,1135,1345,1136,-1,1136,1345,1346,-1,1136,1346,1137,-1,1137,1346,1347,-1,1137,1347,1147,-1,1147,1347,1348,-1,1147,1348,1148,-1,1148,1348,1349,-1,1148,1349,1149,-1,1149,1349,1350,-1,1149,1350,1145,-1,1145,1350,1351,-1,1145,1351,1146,-1,1146,1351,1352,-1,1146,1352,1150,-1,1150,1352,1353,-1,1150,1353,1151,-1,1151,1353,1354,-1,1151,1354,1152,-1,1152,1354,1355,-1,1152,1355,1138,-1,1138,1355,1356,-1,1138,1356,1139,-1,1139,1356,1357,-1,1139,1357,1140,-1,1140,1357,1358,-1,1140,1358,1141,-1,1141,1358,1359,-1,1141,1359,1131,-1,1131,1359,1360,-1,1131,1360,1132,-1,1132,1360,1361,-1,1132,1361,1133,-1,1133,1361,1362,-1,1133,1362,1129,-1,1129,1362,1363,-1,1129,1363,1130,-1,1130,1363,1364,-1,1130,1364,1142,-1,1142,1364,1365,-1,1142,1365,1143,-1,1143,1365,1342,-1,1355,1354,1366,-1,1366,1354,1353,-1,1366,1353,1352,-1,1358,1357,1366,-1,1366,1357,1356,-1,1366,1356,1355,-1,1361,1360,1366,-1,1366,1360,1359,-1,1366,1359,1358,-1,1364,1363,1366,-1,1366,1363,1362,-1,1366,1362,1361,-1,1343,1342,1366,-1,1366,1342,1365,-1,1366,1365,1364,-1,1346,1345,1366,-1,1366,1345,1344,-1,1366,1344,1343,-1,1349,1348,1366,-1,1366,1348,1347,-1,1366,1347,1346,-1,1352,1351,1366,-1,1366,1351,1350,-1,1366,1350,1349,-1,1079,1367,1080,-1,1080,1367,1368,-1,1080,1368,1075,-1,1075,1368,1369,-1,1075,1369,1074,-1,1074,1369,1370,-1,1074,1370,1060,-1,1060,1370,1371,-1,1060,1371,1061,-1,1061,1371,1372,-1,1061,1372,1062,-1,1062,1372,1373,-1,1062,1373,1056,-1,1056,1373,1374,-1,1056,1374,1057,-1,1057,1374,1375,-1,1057,1375,1058,-1,1058,1375,1376,-1,1058,1376,1059,-1,1059,1376,1377,-1,1059,1377,1068,-1,1068,1377,1378,-1,1068,1378,1069,-1,1069,1378,1379,-1,1069,1379,1070,-1,1070,1379,1380,-1,1070,1380,1063,-1,1063,1380,1381,-1,1063,1381,1064,-1,1064,1381,1382,-1,1064,1382,1066,-1,1066,1382,1383,-1,1066,1383,1067,-1,1067,1383,1384,-1,1067,1384,1076,-1,1076,1384,1385,-1,1076,1385,1077,-1,1077,1385,1386,-1,1077,1386,1078,-1,1078,1386,1387,-1,1078,1387,1071,-1,1071,1387,1388,-1,1071,1388,1072,-1,1072,1388,1389,-1,1072,1389,1073,-1,1073,1389,1390,-1,1073,1390,1079,-1,1079,1390,1367,-1,1380,1379,1391,-1,1391,1379,1378,-1,1391,1378,1377,-1,1383,1382,1391,-1,1391,1382,1381,-1,1391,1381,1380,-1,1386,1385,1391,-1,1391,1385,1384,-1,1391,1384,1383,-1,1389,1388,1391,-1,1391,1388,1387,-1,1391,1387,1386,-1,1368,1367,1391,-1,1391,1367,1390,-1,1391,1390,1389,-1,1371,1370,1391,-1,1391,1370,1369,-1,1391,1369,1368,-1,1374,1373,1391,-1,1391,1373,1372,-1,1391,1372,1371,-1,1377,1376,1391,-1,1391,1376,1375,-1,1391,1375,1374,-1,1098,1392,1099,-1,1099,1392,1393,-1,1099,1393,1100,-1,1100,1393,1394,-1,1100,1394,1101,-1,1101,1394,1395,-1,1101,1395,1102,-1,1102,1395,1396,-1,1102,1396,1083,-1,1083,1396,1397,-1,1083,1397,1084,-1,1084,1397,1398,-1,1084,1398,1085,-1,1085,1398,1399,-1,1085,1399,1086,-1,1086,1399,1400,-1,1086,1400,1081,-1,1081,1400,1401,-1,1081,1401,1082,-1,1082,1401,1402,-1,1082,1402,1092,-1,1092,1402,1403,-1,1092,1403,1093,-1,1093,1403,1404,-1,1093,1404,1087,-1,1087,1404,1405,-1,1087,1405,1088,-1,1088,1405,1406,-1,1088,1406,1089,-1,1089,1406,1407,-1,1089,1407,1103,-1,1103,1407,1408,-1,1103,1408,1104,-1,1104,1408,1409,-1,1104,1409,1105,-1,1105,1409,1410,-1,1105,1410,1106,-1,1106,1410,1411,-1,1106,1411,1114,-1,1114,1411,1412,-1,1114,1412,1113,-1,1113,1412,1413,-1,1113,1413,1095,-1,1095,1413,1414,-1,1095,1414,1097,-1,1097,1414,1415,-1,1097,1415,1098,-1,1098,1415,1392,-1,1405,1404,1416,-1,1416,1404,1403,-1,1416,1403,1402,-1,1408,1407,1416,-1,1416,1407,1406,-1,1416,1406,1405,-1,1411,1410,1416,-1,1416,1410,1409,-1,1416,1409,1408,-1,1414,1413,1416,-1,1416,1413,1412,-1,1416,1412,1411,-1,1393,1392,1416,-1,1416,1392,1415,-1,1416,1415,1414,-1,1396,1395,1416,-1,1416,1395,1394,-1,1416,1394,1393,-1,1399,1398,1416,-1,1416,1398,1397,-1,1416,1397,1396,-1,1402,1401,1416,-1,1416,1401,1400,-1,1416,1400,1399,-1,1123,1417,1124,-1,1124,1417,1418,-1,1124,1418,1125,-1,1125,1418,1419,-1,1125,1419,1126,-1,1126,1419,1420,-1,1126,1420,1127,-1,1127,1420,1421,-1,1127,1421,1128,-1,1128,1421,1422,-1,1128,1422,1096,-1,1096,1422,1423,-1,1096,1423,1094,-1,1094,1423,1424,-1,1094,1424,1111,-1,1111,1424,1425,-1,1111,1425,1112,-1,1112,1425,1426,-1,1112,1426,1107,-1,1107,1426,1427,-1,1107,1427,1115,-1,1115,1427,1428,-1,1115,1428,1116,-1,1116,1428,1429,-1,1116,1429,1117,-1,1117,1429,1430,-1,1117,1430,1090,-1,1090,1430,1431,-1,1090,1431,1091,-1,1091,1431,1432,-1,1091,1432,1118,-1,1118,1432,1433,-1,1118,1433,1119,-1,1119,1433,1434,-1,1119,1434,1120,-1,1120,1434,1435,-1,1120,1435,1108,-1,1108,1435,1436,-1,1108,1436,1109,-1,1109,1436,1437,-1,1109,1437,1110,-1,1110,1437,1438,-1,1110,1438,1121,-1,1121,1438,1439,-1,1121,1439,1122,-1,1122,1439,1440,-1,1122,1440,1123,-1,1123,1440,1417,-1,1430,1429,1441,-1,1441,1429,1428,-1,1441,1428,1427,-1,1433,1432,1441,-1,1441,1432,1431,-1,1441,1431,1430,-1,1436,1435,1441,-1,1441,1435,1434,-1,1441,1434,1433,-1,1439,1438,1441,-1,1441,1438,1437,-1,1441,1437,1436,-1,1418,1417,1441,-1,1441,1417,1440,-1,1441,1440,1439,-1,1421,1420,1441,-1,1441,1420,1419,-1,1441,1419,1418,-1,1424,1423,1441,-1,1441,1423,1422,-1,1441,1422,1421,-1,1427,1426,1441,-1,1441,1426,1425,-1,1441,1425,1424,-1,1442,1286,1443,-1,1443,1286,1285,-1,1443,1285,1444,-1,1444,1285,1294,-1,1444,1294,1445,-1,1445,1294,1293,-1,1445,1293,1446,-1,1446,1293,1292,-1,1446,1292,1447,-1,1447,1292,1284,-1,1447,1284,1448,-1,1448,1284,1283,-1,1448,1283,1449,-1,1449,1283,1297,-1,1449,1297,1450,-1,1450,1297,1296,-1,1450,1296,1451,-1,1451,1296,1295,-1,1451,1295,1452,-1,1452,1295,1291,-1,1452,1291,1453,-1,1453,1291,1290,-1,1453,1290,1454,-1,1454,1290,1289,-1,1454,1289,1455,-1,1455,1289,1288,-1,1455,1288,1456,-1,1456,1288,1278,-1,1456,1278,1457,-1,1457,1278,1277,-1,1457,1277,1458,-1,1458,1277,1276,-1,1458,1276,1459,-1,1459,1276,1275,-1,1459,1275,1460,-1,1460,1275,1274,-1,1460,1274,1461,-1,1461,1274,1282,-1,1461,1282,1462,-1,1462,1282,1281,-1,1462,1281,1463,-1,1463,1281,1280,-1,1463,1280,1464,-1,1464,1280,1279,-1,1464,1279,1465,-1,1465,1279,1287,-1,1465,1287,1442,-1,1442,1287,1286,-1,1464,1465,1466,-1,1466,1465,1442,-1,1466,1442,1443,-1,1461,1462,1466,-1,1466,1462,1463,-1,1466,1463,1464,-1,1458,1459,1466,-1,1466,1459,1460,-1,1466,1460,1461,-1,1455,1456,1466,-1,1466,1456,1457,-1,1466,1457,1458,-1,1452,1453,1466,-1,1466,1453,1454,-1,1466,1454,1455,-1,1449,1450,1466,-1,1466,1450,1451,-1,1466,1451,1452,-1,1446,1447,1466,-1,1466,1447,1448,-1,1466,1448,1449,-1,1443,1444,1466,-1,1466,1444,1445,-1,1466,1445,1446,-1,1467,1261,1468,-1,1468,1261,1270,-1,1468,1270,1469,-1,1469,1270,1269,-1,1469,1269,1470,-1,1470,1269,1258,-1,1470,1258,1471,-1,1471,1258,1259,-1,1471,1259,1472,-1,1472,1259,1260,-1,1472,1260,1473,-1,1473,1260,1268,-1,1473,1268,1474,-1,1474,1268,1267,-1,1474,1267,1475,-1,1475,1267,1266,-1,1475,1266,1476,-1,1476,1266,1265,-1,1476,1265,1477,-1,1477,1265,1254,-1,1477,1254,1478,-1,1478,1254,1253,-1,1478,1253,1479,-1,1479,1253,1252,-1,1479,1252,1480,-1,1480,1252,1251,-1,1480,1251,1481,-1,1481,1251,1257,-1,1481,1257,1482,-1,1482,1257,1256,-1,1482,1256,1483,-1,1483,1256,1255,-1,1483,1255,1484,-1,1484,1255,1248,-1,1484,1248,1485,-1,1485,1248,1247,-1,1485,1247,1486,-1,1486,1247,1272,-1,1486,1272,1487,-1,1487,1272,1271,-1,1487,1271,1488,-1,1488,1271,1264,-1,1488,1264,1489,-1,1489,1264,1263,-1,1489,1263,1490,-1,1490,1263,1262,-1,1490,1262,1467,-1,1467,1262,1261,-1,1489,1490,1491,-1,1491,1490,1467,-1,1491,1467,1468,-1,1486,1487,1491,-1,1491,1487,1488,-1,1491,1488,1489,-1,1483,1484,1491,-1,1491,1484,1485,-1,1491,1485,1486,-1,1480,1481,1491,-1,1491,1481,1482,-1,1491,1482,1483,-1,1477,1478,1491,-1,1491,1478,1479,-1,1491,1479,1480,-1,1474,1475,1491,-1,1491,1475,1476,-1,1491,1476,1477,-1,1471,1472,1491,-1,1491,1472,1473,-1,1491,1473,1474,-1,1468,1469,1491,-1,1491,1469,1470,-1,1491,1470,1471,-1,1492,1196,1493,-1,1493,1196,1195,-1,1493,1195,1494,-1,1494,1195,1194,-1,1494,1194,1495,-1,1495,1194,1193,-1,1495,1193,1496,-1,1496,1193,1192,-1,1496,1192,1497,-1,1497,1192,1191,-1,1497,1191,1498,-1,1498,1191,1190,-1,1498,1190,1499,-1,1499,1190,1189,-1,1499,1189,1500,-1,1500,1189,1179,-1,1500,1179,1501,-1,1501,1179,1178,-1,1501,1178,1502,-1,1502,1178,1201,-1,1502,1201,1503,-1,1503,1201,1200,-1,1503,1200,1504,-1,1504,1200,1188,-1,1504,1188,1505,-1,1505,1188,1187,-1,1505,1187,1506,-1,1506,1187,1186,-1,1506,1186,1507,-1,1507,1186,1181,-1,1507,1181,1508,-1,1508,1181,1180,-1,1508,1180,1509,-1,1509,1180,1185,-1,1509,1185,1510,-1,1510,1185,1184,-1,1510,1184,1511,-1,1511,1184,1183,-1,1511,1183,1512,-1,1512,1183,1182,-1,1512,1182,1513,-1,1513,1182,1199,-1,1513,1199,1514,-1,1514,1199,1198,-1,1514,1198,1515,-1,1515,1198,1197,-1,1515,1197,1492,-1,1492,1197,1196,-1,1514,1515,1516,-1,1516,1515,1492,-1,1516,1492,1493,-1,1511,1512,1516,-1,1516,1512,1513,-1,1516,1513,1514,-1,1508,1509,1516,-1,1516,1509,1510,-1,1516,1510,1511,-1,1505,1506,1516,-1,1516,1506,1507,-1,1516,1507,1508,-1,1502,1503,1516,-1,1516,1503,1504,-1,1516,1504,1505,-1,1499,1500,1516,-1,1516,1500,1501,-1,1516,1501,1502,-1,1496,1497,1516,-1,1516,1497,1498,-1,1516,1498,1499,-1,1493,1494,1516,-1,1516,1494,1495,-1,1516,1495,1496,-1,1517,1207,1518,-1,1518,1207,1225,-1,1518,1225,1519,-1,1519,1225,1224,-1,1519,1224,1520,-1,1520,1224,1223,-1,1520,1223,1521,-1,1521,1223,1222,-1,1521,1222,1522,-1,1522,1222,1221,-1,1522,1221,1523,-1,1523,1221,1220,-1,1523,1220,1524,-1,1524,1220,1219,-1,1524,1219,1525,-1,1525,1219,1218,-1,1525,1218,1526,-1,1526,1218,1217,-1,1526,1217,1527,-1,1527,1217,1216,-1,1527,1216,1528,-1,1528,1216,1214,-1,1528,1214,1529,-1,1529,1214,1213,-1,1529,1213,1530,-1,1530,1213,1215,-1,1530,1215,1531,-1,1531,1215,1206,-1,1531,1206,1532,-1,1532,1206,1205,-1,1532,1205,1533,-1,1533,1205,1212,-1,1533,1212,1534,-1,1534,1212,1211,-1,1534,1211,1535,-1,1535,1211,1210,-1,1535,1210,1536,-1,1536,1210,1209,-1,1536,1209,1537,-1,1537,1209,1208,-1,1537,1208,1538,-1,1538,1208,1204,-1,1538,1204,1539,-1,1539,1204,1203,-1,1539,1203,1540,-1,1540,1203,1202,-1,1540,1202,1517,-1,1517,1202,1207,-1,1539,1540,1541,-1,1541,1540,1517,-1,1541,1517,1518,-1,1536,1537,1541,-1,1541,1537,1538,-1,1541,1538,1539,-1,1533,1534,1541,-1,1541,1534,1535,-1,1541,1535,1536,-1,1530,1531,1541,-1,1541,1531,1532,-1,1541,1532,1533,-1,1527,1528,1541,-1,1541,1528,1529,-1,1541,1529,1530,-1,1524,1525,1541,-1,1541,1525,1526,-1,1541,1526,1527,-1,1521,1522,1541,-1,1541,1522,1523,-1,1541,1523,1524,-1,1518,1519,1541,-1,1541,1519,1520,-1,1541,1520,1521,-1,1542,1243,1543,-1,1543,1243,1242,-1,1543,1242,1544,-1,1544,1242,1250,-1,1544,1250,1545,-1,1545,1250,1249,-1,1545,1249,1546,-1,1546,1249,1231,-1,1546,1231,1547,-1,1547,1231,1230,-1,1547,1230,1548,-1,1548,1230,1229,-1,1548,1229,1549,-1,1549,1229,1228,-1,1549,1228,1550,-1,1550,1228,1227,-1,1550,1227,1551,-1,1551,1227,1226,-1,1551,1226,1552,-1,1552,1226,1241,-1,1552,1241,1553,-1,1553,1241,1240,-1,1553,1240,1554,-1,1554,1240,1239,-1,1554,1239,1555,-1,1555,1239,1238,-1,1555,1238,1556,-1,1556,1238,1237,-1,1556,1237,1557,-1,1557,1237,1236,-1,1557,1236,1558,-1,1558,1236,1235,-1,1558,1235,1559,-1,1559,1235,1234,-1,1559,1234,1560,-1,1560,1234,1233,-1,1560,1233,1561,-1,1561,1233,1232,-1,1561,1232,1562,-1,1562,1232,1273,-1,1562,1273,1563,-1,1563,1273,1246,-1,1563,1246,1564,-1,1564,1246,1245,-1,1564,1245,1565,-1,1565,1245,1244,-1,1565,1244,1542,-1,1542,1244,1243,-1,1564,1565,1566,-1,1566,1565,1542,-1,1566,1542,1543,-1,1561,1562,1566,-1,1566,1562,1563,-1,1566,1563,1564,-1,1558,1559,1566,-1,1566,1559,1560,-1,1566,1560,1561,-1,1555,1556,1566,-1,1566,1556,1557,-1,1566,1557,1558,-1,1552,1553,1566,-1,1566,1553,1554,-1,1566,1554,1555,-1,1549,1550,1566,-1,1566,1550,1551,-1,1566,1551,1552,-1,1546,1547,1566,-1,1566,1547,1548,-1,1566,1548,1549,-1,1543,1544,1566,-1,1566,1544,1545,-1,1566,1545,1546,-1,1315,1306,961,-1,961,1306,962,-1,1311,1307,1316,-1,1316,1307,1309,-1,1316,1309,1315,-1,1315,1309,1306,-1,1567,1568,1569,-1,1569,1568,1570,-1,1571,1572,1573,-1,1573,1572,1574,-1,1575,1576,1577,-1,1577,1576,1578,-1,1568,1579,1580,-1,1581,1582,1579,-1,1580,1583,1568,-1,1568,1583,1578,-1,1568,1578,1570,-1,1584,1585,1586,-1,1572,1578,1574,-1,1574,1578,1576,-1,1574,1576,1587,-1,1588,1589,1590,-1,1568,1591,1579,-1,1579,1591,1592,-1,1579,1592,1593,-1,1593,1594,1579,-1,1579,1594,1595,-1,1579,1595,1596,-1,1582,1597,1579,-1,1579,1597,1588,-1,1579,1588,1598,-1,1598,1588,1590,-1,1587,1576,1586,-1,1586,1576,1599,-1,1586,1599,1584,-1,1596,1600,1579,-1,1579,1600,1601,-1,1579,1601,1581,-1,1572,1602,1578,-1,1578,1602,1603,-1,1578,1603,1604,-1,1604,1605,1578,-1,1578,1605,1606,-1,1578,1606,1570,-1,1568,1567,1607,-1,1568,1607,1591,-1,1567,1608,1607,-1,1607,1608,1609,-1,1607,1609,1610,-1,1583,1611,1578,-1,1578,1611,1612,-1,1612,1613,1614,-1,1614,1615,1612,-1,1612,1615,1577,-1,1612,1577,1578,-1,1580,1579,1616,-1,1616,1617,1580,-1,1580,1617,1618,-1,1580,1618,1583,-1,1583,1618,1619,-1,1583,1619,1611,-1,1598,1590,1620,-1,1620,1621,1598,-1,1598,1621,1622,-1,1598,1622,1579,-1,1579,1622,1623,-1,1579,1623,1616,-1,1589,1588,1624,-1,1624,1625,1589,-1,1589,1625,1626,-1,1589,1626,1590,-1,1590,1626,1627,-1,1590,1627,1620,-1,1597,1582,1628,-1,1628,1629,1597,-1,1597,1629,1630,-1,1597,1630,1588,-1,1588,1630,1631,-1,1588,1631,1624,-1,1581,1632,1582,-1,1582,1632,1633,-1,1582,1633,1628,-1,1601,1634,1581,-1,1581,1634,1635,-1,1581,1635,1632,-1,1600,1636,1601,-1,1601,1636,1637,-1,1601,1637,1634,-1,1596,1638,1600,-1,1600,1638,1639,-1,1600,1639,1636,-1,1595,1640,1596,-1,1596,1640,1641,-1,1596,1641,1638,-1,1594,1642,1595,-1,1595,1642,1643,-1,1595,1643,1640,-1,1593,1644,1594,-1,1594,1644,1645,-1,1594,1645,1642,-1,1592,1646,1593,-1,1593,1646,1647,-1,1593,1647,1644,-1,1607,1648,1591,-1,1591,1648,1649,-1,1591,1649,1592,-1,1592,1649,1650,-1,1592,1650,1646,-1,1569,1570,1651,-1,1651,1570,1606,-1,1651,1606,1652,-1,1652,1606,1605,-1,1652,1605,1653,-1,1653,1605,1604,-1,1653,1604,1654,-1,1654,1604,1603,-1,1654,1603,1655,-1,1655,1603,1602,-1,1655,1602,1571,-1,1571,1602,1572,-1,1573,1574,1656,-1,1656,1574,1587,-1,1656,1587,1657,-1,1657,1587,1586,-1,1657,1586,1658,-1,1658,1586,1585,-1,1658,1585,1659,-1,1659,1585,1584,-1,1659,1584,1660,-1,1660,1584,1599,-1,1660,1599,1575,-1,1575,1599,1576,-1,1661,1655,1571,-1,1569,1651,1662,-1,1662,1651,1663,-1,1662,1663,1664,-1,1664,1663,1665,-1,1571,1666,1661,-1,1661,1666,1667,-1,1661,1667,1668,-1,1669,1670,1665,-1,1665,1670,1671,-1,1665,1671,1664,-1,1667,1672,1668,-1,1668,1672,1673,-1,1668,1673,1674,-1,1675,1676,1669,-1,1669,1676,1677,-1,1669,1677,1670,-1,1673,1678,1674,-1,1674,1678,1679,-1,1674,1679,1680,-1,1681,1682,1683,-1,1683,1682,1684,-1,1683,1684,1675,-1,1675,1684,1685,-1,1675,1685,1676,-1,1651,1652,1663,-1,1663,1652,1686,-1,1663,1686,1665,-1,1665,1686,1687,-1,1665,1687,1669,-1,1669,1687,1688,-1,1669,1688,1675,-1,1675,1688,1689,-1,1675,1689,1683,-1,1683,1689,1690,-1,1652,1653,1686,-1,1686,1653,1691,-1,1686,1691,1687,-1,1687,1691,1692,-1,1687,1692,1688,-1,1688,1692,1693,-1,1688,1693,1689,-1,1689,1693,1694,-1,1689,1694,1690,-1,1690,1694,1695,-1,1653,1654,1691,-1,1691,1654,1696,-1,1691,1696,1692,-1,1692,1696,1697,-1,1692,1697,1693,-1,1693,1697,1698,-1,1693,1698,1694,-1,1694,1698,1699,-1,1694,1699,1695,-1,1695,1699,1700,-1,1654,1655,1696,-1,1696,1655,1661,-1,1696,1661,1697,-1,1697,1661,1668,-1,1697,1668,1698,-1,1698,1668,1674,-1,1698,1674,1699,-1,1699,1674,1680,-1,1699,1680,1700,-1,1700,1680,1701,-1,985,1702,1703,-1,1703,1702,1681,-1,1679,1704,1680,-1,1680,1704,1705,-1,1680,1705,1701,-1,1701,1705,1706,-1,1701,1706,1707,-1,1681,1683,1703,-1,1703,1683,1690,-1,1703,1690,1708,-1,1708,1690,1695,-1,1708,1695,1709,-1,1709,1695,1700,-1,1709,1700,1710,-1,1710,1700,1701,-1,1710,1701,1711,-1,1711,1701,1707,-1,1711,1707,1712,-1,985,1703,986,-1,986,1703,1708,-1,986,1708,996,-1,996,1708,1709,-1,996,1709,997,-1,997,1709,1710,-1,997,1710,998,-1,998,1710,1711,-1,998,1711,999,-1,999,1711,1712,-1,999,1712,1000,-1,1713,1714,1670,-1,1670,1714,1610,-1,1670,1610,1671,-1,1671,1610,1609,-1,1671,1609,1664,-1,1664,1609,1608,-1,1664,1608,1662,-1,1662,1608,1567,-1,1662,1567,1569,-1,1715,1716,1676,-1,1676,1716,1717,-1,1676,1717,1677,-1,1677,1717,1718,-1,1677,1718,1670,-1,1670,1718,1719,-1,1670,1719,1713,-1,1715,1676,1720,-1,1720,1676,1685,-1,1720,1685,1721,-1,1721,1685,1722,-1,1722,1685,1684,-1,1722,1684,1723,-1,1723,1684,1724,-1,1724,1684,1682,-1,1724,1682,1725,-1,985,994,1702,-1,1702,994,1047,-1,1702,1047,1681,-1,1047,1046,1681,-1,1681,1046,1726,-1,1681,1726,1682,-1,1682,1726,1727,-1,1682,1727,1725,-1,1571,1573,1666,-1,1666,1573,1728,-1,1666,1728,1667,-1,1667,1728,1672,-1,1672,1728,1729,-1,1672,1729,1673,-1,1673,1729,1678,-1,1678,1729,1730,-1,1678,1730,1679,-1,1679,1730,1704,-1,1704,1730,1731,-1,1704,1731,1705,-1,1705,1731,1706,-1,1706,1731,1732,-1,1706,1732,1707,-1,1707,1732,1712,-1,1712,1732,1001,-1,1712,1001,1000,-1,1733,1613,1612,-1,1734,1735,1736,-1,1737,1738,1739,-1,1740,1741,1742,-1,1743,1744,1745,-1,1746,1747,1748,-1,1043,1749,1750,-1,1749,1751,1750,-1,1750,1751,1752,-1,1750,1752,1753,-1,1725,1727,1754,-1,1754,1727,1726,-1,1723,1724,1755,-1,1755,1724,1725,-1,1756,1722,1723,-1,1716,1715,1757,-1,1715,1720,1757,-1,1757,1720,1721,-1,1757,1721,1722,-1,1713,1719,1758,-1,1719,1718,1758,-1,1758,1718,1717,-1,1758,1717,1716,-1,1759,1714,1713,-1,1618,1760,1761,-1,1733,1612,1762,-1,1762,1612,1611,-1,1762,1611,1761,-1,1761,1611,1619,-1,1761,1619,1618,-1,1622,1763,1764,-1,1618,1617,1760,-1,1760,1617,1616,-1,1760,1616,1764,-1,1764,1616,1623,-1,1764,1623,1622,-1,1626,1765,1766,-1,1622,1621,1763,-1,1763,1621,1620,-1,1763,1620,1766,-1,1766,1620,1627,-1,1766,1627,1626,-1,1626,1625,1765,-1,1765,1625,1624,-1,1765,1624,1767,-1,1767,1624,1631,-1,1767,1631,1768,-1,1768,1631,1630,-1,1630,1629,1768,-1,1768,1629,1628,-1,1768,1628,1769,-1,1628,1633,1769,-1,1769,1633,1632,-1,1769,1632,1770,-1,1770,1632,1635,-1,1770,1635,1771,-1,1771,1635,1634,-1,1771,1634,1772,-1,1634,1637,1772,-1,1772,1637,1636,-1,1772,1636,1773,-1,1773,1636,1639,-1,1639,1638,1773,-1,1773,1638,1641,-1,1773,1641,1774,-1,1645,1775,1776,-1,1641,1640,1774,-1,1774,1640,1643,-1,1774,1643,1776,-1,1776,1643,1642,-1,1776,1642,1645,-1,1650,1777,1778,-1,1645,1644,1775,-1,1775,1644,1647,-1,1775,1647,1778,-1,1778,1647,1646,-1,1778,1646,1650,-1,1650,1649,1777,-1,1777,1649,1648,-1,1777,1648,1759,-1,1759,1648,1607,-1,1759,1607,1714,-1,1714,1607,1610,-1,1713,1779,1759,-1,1759,1779,1780,-1,1759,1780,1777,-1,1777,1780,1781,-1,1777,1781,1778,-1,1778,1781,1782,-1,1778,1782,1775,-1,1775,1782,1783,-1,1775,1783,1776,-1,1776,1783,1784,-1,1776,1784,1774,-1,1774,1784,1785,-1,1774,1785,1773,-1,1773,1785,1786,-1,1773,1786,1772,-1,1772,1786,1787,-1,1772,1787,1771,-1,1771,1787,1788,-1,1771,1788,1770,-1,1770,1788,1789,-1,1770,1789,1769,-1,1769,1789,1790,-1,1769,1790,1768,-1,1768,1790,1791,-1,1768,1791,1767,-1,1767,1791,1792,-1,1767,1792,1765,-1,1765,1792,1793,-1,1765,1793,1766,-1,1766,1793,1794,-1,1766,1794,1763,-1,1763,1794,1795,-1,1763,1795,1764,-1,1764,1795,1796,-1,1764,1796,1760,-1,1760,1796,1797,-1,1760,1797,1761,-1,1761,1797,1734,-1,1761,1734,1762,-1,1762,1734,1736,-1,1762,1736,1733,-1,1713,1758,1779,-1,1779,1758,1798,-1,1779,1798,1780,-1,1780,1798,1799,-1,1780,1799,1781,-1,1781,1799,1800,-1,1781,1800,1782,-1,1782,1800,1801,-1,1782,1801,1783,-1,1783,1801,1802,-1,1783,1802,1784,-1,1784,1802,1803,-1,1784,1803,1785,-1,1785,1803,1804,-1,1785,1804,1786,-1,1786,1804,1805,-1,1786,1805,1787,-1,1787,1805,1806,-1,1787,1806,1788,-1,1788,1806,1807,-1,1788,1807,1789,-1,1789,1807,1808,-1,1789,1808,1790,-1,1790,1808,1809,-1,1790,1809,1791,-1,1791,1809,1810,-1,1791,1810,1792,-1,1792,1810,1811,-1,1792,1811,1793,-1,1793,1811,1812,-1,1793,1812,1794,-1,1794,1812,1813,-1,1794,1813,1795,-1,1795,1813,1814,-1,1795,1814,1796,-1,1796,1814,1815,-1,1796,1815,1797,-1,1797,1815,1737,-1,1797,1737,1734,-1,1734,1737,1739,-1,1734,1739,1735,-1,1716,1816,1758,-1,1758,1816,1817,-1,1758,1817,1798,-1,1798,1817,1818,-1,1798,1818,1799,-1,1799,1818,1819,-1,1799,1819,1800,-1,1800,1819,1820,-1,1800,1820,1801,-1,1801,1820,1821,-1,1801,1821,1802,-1,1802,1821,1822,-1,1802,1822,1803,-1,1803,1822,1823,-1,1803,1823,1804,-1,1804,1823,1824,-1,1804,1824,1805,-1,1805,1824,1825,-1,1805,1825,1806,-1,1806,1825,1826,-1,1806,1826,1807,-1,1807,1826,1827,-1,1807,1827,1808,-1,1808,1827,1828,-1,1808,1828,1809,-1,1809,1828,1829,-1,1809,1829,1810,-1,1810,1829,1830,-1,1810,1830,1811,-1,1811,1830,1831,-1,1811,1831,1812,-1,1812,1831,1832,-1,1812,1832,1813,-1,1813,1832,1833,-1,1813,1833,1814,-1,1814,1833,1834,-1,1814,1834,1815,-1,1815,1834,1740,-1,1815,1740,1737,-1,1737,1740,1742,-1,1737,1742,1738,-1,1716,1757,1816,-1,1816,1757,1835,-1,1816,1835,1817,-1,1817,1835,1836,-1,1817,1836,1818,-1,1818,1836,1837,-1,1818,1837,1819,-1,1819,1837,1838,-1,1819,1838,1820,-1,1820,1838,1839,-1,1820,1839,1821,-1,1821,1839,1840,-1,1821,1840,1822,-1,1822,1840,1841,-1,1822,1841,1823,-1,1823,1841,1842,-1,1823,1842,1824,-1,1824,1842,1843,-1,1824,1843,1825,-1,1825,1843,1844,-1,1825,1844,1826,-1,1826,1844,1845,-1,1826,1845,1827,-1,1827,1845,1846,-1,1827,1846,1828,-1,1828,1846,1847,-1,1828,1847,1829,-1,1829,1847,1848,-1,1829,1848,1830,-1,1830,1848,1849,-1,1830,1849,1831,-1,1831,1849,1850,-1,1831,1850,1832,-1,1832,1850,1851,-1,1832,1851,1833,-1,1833,1851,1852,-1,1833,1852,1834,-1,1834,1852,1743,-1,1834,1743,1740,-1,1740,1743,1745,-1,1740,1745,1741,-1,1722,1756,1757,-1,1757,1756,1853,-1,1757,1853,1835,-1,1835,1853,1854,-1,1835,1854,1836,-1,1836,1854,1855,-1,1836,1855,1837,-1,1837,1855,1856,-1,1837,1856,1838,-1,1838,1856,1857,-1,1838,1857,1839,-1,1839,1857,1858,-1,1839,1858,1840,-1,1840,1858,1859,-1,1840,1859,1841,-1,1841,1859,1860,-1,1841,1860,1842,-1,1842,1860,1861,-1,1842,1861,1843,-1,1843,1861,1862,-1,1843,1862,1844,-1,1844,1862,1863,-1,1844,1863,1845,-1,1845,1863,1864,-1,1845,1864,1846,-1,1846,1864,1865,-1,1846,1865,1847,-1,1847,1865,1866,-1,1847,1866,1848,-1,1848,1866,1867,-1,1848,1867,1849,-1,1849,1867,1868,-1,1849,1868,1850,-1,1850,1868,1869,-1,1850,1869,1851,-1,1851,1869,1870,-1,1851,1870,1852,-1,1852,1870,1746,-1,1852,1746,1743,-1,1743,1746,1748,-1,1743,1748,1744,-1,1723,1755,1756,-1,1756,1755,1871,-1,1756,1871,1853,-1,1853,1871,1872,-1,1853,1872,1854,-1,1854,1872,1873,-1,1854,1873,1855,-1,1855,1873,1874,-1,1855,1874,1856,-1,1856,1874,1875,-1,1856,1875,1857,-1,1857,1875,1876,-1,1857,1876,1858,-1,1858,1876,1877,-1,1858,1877,1859,-1,1859,1877,1878,-1,1859,1878,1860,-1,1860,1878,1879,-1,1860,1879,1861,-1,1861,1879,1880,-1,1861,1880,1862,-1,1862,1880,1881,-1,1862,1881,1863,-1,1863,1881,1882,-1,1863,1882,1864,-1,1864,1882,1883,-1,1864,1883,1865,-1,1865,1883,1884,-1,1865,1884,1866,-1,1866,1884,1885,-1,1866,1885,1867,-1,1867,1885,1886,-1,1867,1886,1868,-1,1868,1886,1887,-1,1868,1887,1869,-1,1869,1887,1888,-1,1869,1888,1870,-1,1870,1888,1889,-1,1870,1889,1746,-1,1746,1889,1890,-1,1746,1890,1747,-1,1725,1754,1755,-1,1755,1754,1891,-1,1755,1891,1871,-1,1871,1891,1892,-1,1871,1892,1872,-1,1872,1892,1893,-1,1872,1893,1873,-1,1873,1893,1894,-1,1873,1894,1874,-1,1874,1894,1895,-1,1874,1895,1875,-1,1875,1895,1896,-1,1875,1896,1876,-1,1876,1896,1897,-1,1876,1897,1877,-1,1877,1897,1898,-1,1877,1898,1878,-1,1878,1898,1899,-1,1878,1899,1879,-1,1879,1899,1900,-1,1879,1900,1880,-1,1880,1900,1901,-1,1880,1901,1881,-1,1881,1901,1902,-1,1881,1902,1882,-1,1882,1902,1903,-1,1882,1903,1883,-1,1883,1903,1904,-1,1883,1904,1884,-1,1884,1904,1905,-1,1884,1905,1885,-1,1885,1905,1906,-1,1885,1906,1886,-1,1886,1906,1907,-1,1886,1907,1887,-1,1887,1907,1908,-1,1887,1908,1888,-1,1888,1908,1750,-1,1888,1750,1889,-1,1889,1750,1753,-1,1889,1753,1890,-1,1043,1750,1044,-1,1044,1750,1908,-1,1044,1908,1048,-1,1048,1908,1907,-1,1048,1907,1049,-1,1049,1907,1906,-1,1049,1906,1053,-1,1053,1906,1905,-1,1053,1905,1054,-1,1054,1905,1904,-1,1054,1904,1055,-1,1055,1904,1903,-1,1055,1903,1034,-1,1034,1903,1902,-1,1034,1902,1035,-1,1035,1902,1901,-1,1035,1901,1036,-1,1036,1901,1900,-1,1036,1900,1033,-1,1033,1900,1899,-1,1033,1899,1032,-1,1032,1899,1898,-1,1032,1898,1037,-1,1037,1898,1897,-1,1037,1897,1038,-1,1038,1897,1896,-1,1038,1896,1039,-1,1039,1896,1895,-1,1039,1895,1050,-1,1050,1895,1894,-1,1050,1894,1051,-1,1051,1894,1893,-1,1051,1893,1052,-1,1052,1893,1892,-1,1052,1892,1045,-1,1045,1892,1891,-1,1045,1891,1040,-1,1040,1891,1754,-1,1040,1754,1041,-1,1041,1754,1726,-1,1041,1726,1046,-1,1573,1656,1728,-1,1728,1656,1909,-1,1728,1909,1729,-1,1729,1909,1910,-1,1729,1910,1730,-1,1730,1910,1911,-1,1730,1911,1731,-1,1731,1911,1912,-1,1731,1912,1732,-1,1732,1912,1913,-1,1732,1913,1001,-1,1001,1913,987,-1,1656,1657,1909,-1,1909,1657,1914,-1,1909,1914,1910,-1,1910,1914,1915,-1,1910,1915,1911,-1,1911,1915,1916,-1,1911,1916,1912,-1,1912,1916,1917,-1,1912,1917,1913,-1,1913,1917,1918,-1,1913,1918,987,-1,987,1918,988,-1,1657,1658,1914,-1,1914,1658,1919,-1,1914,1919,1915,-1,1915,1919,1920,-1,1915,1920,1916,-1,1916,1920,1921,-1,1916,1921,1917,-1,1917,1921,1922,-1,1917,1922,1918,-1,1918,1922,1923,-1,1918,1923,988,-1,988,1923,989,-1,1658,1659,1919,-1,1919,1659,1924,-1,1919,1924,1920,-1,1920,1924,1925,-1,1920,1925,1921,-1,1921,1925,1926,-1,1921,1926,1922,-1,1922,1926,1927,-1,1922,1927,1923,-1,1923,1927,1928,-1,1923,1928,989,-1,989,1928,990,-1,1659,1660,1924,-1,1924,1660,1929,-1,1924,1929,1925,-1,1925,1929,1930,-1,1925,1930,1926,-1,1926,1930,1931,-1,1926,1931,1927,-1,1927,1931,1932,-1,1927,1932,1928,-1,1928,1932,1933,-1,1928,1933,990,-1,990,1933,991,-1,1660,1575,1929,-1,1929,1575,1934,-1,1929,1934,1930,-1,1930,1934,1935,-1,1930,1935,1931,-1,1931,1935,1936,-1,1931,1936,1932,-1,1932,1936,1937,-1,1932,1937,1933,-1,1933,1937,1938,-1,1933,1938,991,-1,991,1938,992,-1,993,992,1042,-1,1042,992,1938,-1,1042,1938,1043,-1,1753,1752,1937,-1,1937,1752,1751,-1,1937,1751,1938,-1,1938,1751,1749,-1,1938,1749,1043,-1,1744,1748,1936,-1,1936,1748,1747,-1,1936,1747,1937,-1,1937,1747,1890,-1,1937,1890,1753,-1,1742,1741,1936,-1,1936,1741,1745,-1,1936,1745,1744,-1,1742,1936,1738,-1,1738,1936,1935,-1,1738,1935,1739,-1,1733,1736,1935,-1,1935,1736,1735,-1,1935,1735,1739,-1,1934,1575,1577,-1,1577,1615,1934,-1,1934,1615,1614,-1,1934,1614,1935,-1,1935,1614,1613,-1,1935,1613,1733,-1,
        ]
    }
}
Shape{
    appearance Appearance {
        material  Material 	{
            diffuseColor 0.6666666666666666 0.6980392156862745 0.7686274509803922
            specularColor 0.3333333333333333 0.34901960784313724 0.3843137254901961
            ambientIntensity 0.6967
            transparency 0.0
            shininess 0.5
        }
    }
    geometry IndexedFaceSet {
        ccw TRUE
        solid FALSE
        coord DEF co Coordinate {
            point [
                1.9212 0.9197 0.1705, 1.9212 0.9197 -0.6904, 2.2165 0.9197 0.1705, 2.2165 0.9197 -0.6904, 1.9212 1.0771 0.1705, 2.2165 1.0771 0.1705, 1.9212 1.0771 -0.6904, 2.2165 1.0771 -0.6904, 1.9212 1.1226 -0.7691, 2.2165 1.1226 -0.7691, 2.2165 1.136 -0.7992, 1.9212 1.136 -0.7992, 2.2165 1.1428 -0.8314, 1.9212 1.1428 -0.8314, 2.2165 1.1428 -0.8643, 1.9212 1.1428 -0.8643, 2.2165 1.136 -0.8965, 1.9212 1.136 -0.8965, 2.2165 1.1226 -0.9266, 1.9212 1.1226 -0.9266, 1.9212 1.0771 -1.0053, 2.2165 1.0771 -1.0053, 1.9212 1.0771 -1.122, 2.2165 1.0771 -1.122, 1.9898 1.0771 -1.378, 2.148 1.0771 -1.378, 2.148 0.9197 -1.378, 1.9898 0.9197 -1.378, 1.9212 0.9197 -1.122, 2.2165 0.9197 -1.122, 1.9212 0.9197 -1.0053, 2.2165 0.9197 -1.0053, 2.2165 0.9221 -0.978, 1.9212 0.9221 -0.978, 2.2165 0.9292 -0.9515, 1.9212 0.9292 -0.9515, 2.2165 0.9408 -0.9266, 1.9212 0.9408 -0.9266, 1.9212 0.9862 -0.8479, 2.2165 0.9862 -0.8479, 1.9212 0.9408 -0.7691, 2.2165 0.9408 -0.7691, 2.2165 0.9292 -0.7442, 1.9212 0.9292 -0.7442, 2.2165 0.9221 -0.7177, 1.9212 0.9221 -0.7177
            ]
        }
        coordIndex [
            0,1,2,-1,2,1,3,-1,4,0,5,-1,5,0,2,-1,6,4,7,-1,7,4,5,-1,8,6,9,-1,9,6,7,-1,8,9,10,-1,8,10,11,-1,11,10,12,-1,11,12,13,-1,13,12,14,-1,13,14,15,-1,15,14,16,-1,15,16,17,-1,17,16,18,-1,17,18,19,-1,20,19,21,-1,21,19,18,-1,20,21,22,-1,22,21,23,-1,22,23,24,-1,24,23,25,-1,26,27,25,-1,25,27,24,-1,27,26,28,-1,28,26,29,-1,28,29,30,-1,30,29,31,-1,30,31,32,-1,30,32,33,-1,33,32,34,-1,33,34,35,-1,35,34,36,-1,35,36,37,-1,38,37,39,-1,39,37,36,-1,40,38,41,-1,41,38,39,-1,40,41,42,-1,40,42,43,-1,43,42,44,-1,43,44,45,-1,45,44,3,-1,45,3,1,-1,33,20,30,-1,30,20,22,-1,30,22,28,-1,0,4,1,-1,1,4,6,-1,40,43,6,-1,6,43,45,-1,6,45,1,-1,33,35,20,-1,20,35,37,-1,20,37,19,-1,19,37,38,-1,19,38,17,-1,40,6,38,-1,38,6,8,-1,38,8,11,-1,11,13,38,-1,38,13,15,-1,38,15,17,-1,44,7,3,-1,3,7,5,-1,3,5,2,-1,16,14,39,-1,29,23,31,-1,31,23,21,-1,36,34,21,-1,21,34,32,-1,21,32,31,-1,44,42,7,-1,7,42,41,-1,7,41,9,-1,9,41,39,-1,36,21,39,-1,39,21,18,-1,39,18,16,-1,14,12,39,-1,39,12,10,-1,39,10,9,-1,25,23,26,-1,26,23,29,-1,22,24,28,-1,28,24,27,-1,
        ]
    }
}
Shape{
    appearance Appearance {
        material  Material 	{
            diffuseColor 0.8235294117647058 0.8235294117647058 0.8235294117647058
            specularColor 0.4117647058823529 0.4117647058823529 0.4117647058823529
            ambientIntensity 0.8235
            transparency 0.0
            shininess 0.5
        }
    }
    geometry IndexedFaceSet {
        ccw TRUE
        solid FALSE
        coord DEF co Coordinate {
            point [
                1.2815 0.108 5.4724, 1.1278 -0.0998 5.4724, 1.2815 -0.0998 5.4724, 1.2815 1.1811 4.394, 0.1004 1.1811 4.394, 1.2815 0.8827 4.394, 0.1004 0.8827 4.394, 0.1004 -0.3313 4.394, 1.2815 -0.3313 4.394, 0.1004 -0.2287 4.394, 1.2815 -0.2287 4.394, 1.2815 0.8827 4.6063, 1.2815 1.405 4.6063, 1.2815 -0.2287 4.6063, 1.2815 -0.3313 4.6063, 0.1004 1.405 4.6063, 0.1004 0.8827 4.6063, 0.1004 -0.3313 4.6063, 0.1004 -0.2287 4.6063, 1.3799 -0.1476 4.6063, 1.3799 1.5038 4.6063, 1.3799 -1.039 4.6063, 0.002 -0.1476 4.6063, 0.002 1.5038 4.6063, 0.4153 -0.8421 4.6063, 0.4234 -0.781 4.6063, 0.447 -0.724 4.6063, 0.4845 -0.6751 4.6063, 0.5335 -0.6376 4.6063, 0.7914 -0.614 4.6063, 0.8484 -0.6376 4.6063, 0.8973 -0.6751 4.6063, 0.9349 -0.724 4.6063, 0.9585 -0.781 4.6063, 0.9665 -0.8421 4.6063, 0.9665 -1.039 4.6063, 0.4153 -1.039 4.6063, 0.002 -1.039 4.6063, 0.5904 -0.614 4.6063, 0.6516 -0.6059 4.6063, 0.7303 -0.6059 4.6063, 0.002 1.9039 3.7757, 1.3799 1.9039 3.7757, 1.3799 1.9039 2.2965, 0.002 1.9039 2.2965, 1.3799 1.9039 2.6331, 0.002 1.9039 2.6331, 0.002 1.832 2.2246, 1.3799 1.832 2.2246, 0.002 1.832 1.6716, 1.3799 1.832 1.6716, 0.002 1.9039 1.5996, 1.3799 1.9039 1.5996, 0.002 1.9039 0.0394, 1.3799 1.9039 0.0394, 0.002 1.5038 0.0394, 1.3799 1.5038 0.0394, 0.002 1.5038 0.1705, 1.3799 1.5038 0.1705, 1.3799 -2.5292 0.1705, 0.002 -2.5292 0.1705, 1.3799 -0.1476 0.1705, 0.002 -0.1476 0.1705, 0.002 -2.5292 0.0394, 1.3799 -2.5292 0.0394, 0.002 -2.8599 0.0394, 1.3799 -2.8599 0.0394, 1.3799 -2.8599 2.7854, 0.002 -2.8599 2.7854, 1.3799 -2.8599 2.6331, 0.002 -2.8599 2.6331, 0.6668 -1.7239 3.9214, 0.7398 -1.7216 3.9237, 0.9675 -1.6111 4.0342, 0.892 -1.6694 3.9759, 0.8144 -1.7048 3.9405, 0.593 -1.7122 3.933, 0.5164 -1.6838 3.9614, 0.4374 -1.6321 4.0131, 0.3246 -1.1868 4.4585, 0.3709 -1.1016 4.5437, 0.9615 -1.0393 4.606, 0.9565 -1.0403 4.605, 0.9923 -1.0776 4.5676, 0.3004 -1.2814 4.3639, 0.4254 -1.0403 4.605, 0.4241 -1.04 4.6053, 1.0455 -1.1598 4.4854, 1.0768 -1.2528 4.3925, 0.4197 -1.0392 4.6061, 0.3711 -1.5605 4.0848, 0.3243 -1.4744 4.1709, 0.3002 -1.3793 4.2659, 1.0841 -1.3506 4.2947, 1.0672 -1.4468 4.1984, 1.0273 -1.5355 4.1098, 0.002 -1.9472 2.8667, 0.002 -1.9393 2.9271, 0.002 -0.1476 2.6331, 0.002 -1.9472 2.9876, 0.002 -2.3381 2.762, 0.002 -2.2897 2.7248, 0.002 -1.9706 3.0439, 0.002 -2.0077 3.0923, 0.002 -2.0561 3.1294, 0.002 -2.3985 2.9876, 0.002 -2.4065 2.9271, 0.002 -2.3985 2.8667, 0.002 -2.3752 2.8103, 0.002 -2.1124 3.1528, 0.002 -2.1729 3.1607, 0.002 -2.2333 3.1528, 0.002 -2.0561 2.7248, 0.002 -2.0077 2.762, 0.002 -1.9706 2.8103, 0.002 -2.2897 3.1294, 0.002 -2.3381 3.0923, 0.002 -2.3752 3.0439, 0.002 -2.2333 2.7015, 0.002 -2.1729 2.6935, 0.002 -2.1124 2.7015, 0.002 -2.2595 0.5291, 0.002 -2.2256 0.5734, 0.002 -2.5957 0.5734, 0.002 -2.617 0.6249, 0.002 -2.6243 0.6802, 0.002 -2.617 0.7355, 0.002 -2.5617 0.5291, 0.002 -2.5174 0.4952, 0.002 -2.4659 0.4738, 0.002 -2.4106 0.4665, 0.002 -2.3553 0.4738, 0.002 -2.3038 0.4952, 0.002 -1.4157 1.7991, 0.002 -1.4618 1.8591, 0.002 -2.2042 0.7355, 0.002 -2.1969 0.6802, 0.002 -2.2042 0.6249, 0.002 -2.4659 0.8866, 0.002 -2.5174 0.8652, 0.002 -2.2595 0.8313, 0.002 -2.3038 0.8652, 0.002 -1.8717 1.4491, 0.002 -1.7418 1.9341, 0.002 -1.8117 1.9052, 0.002 -1.8717 1.8591, 0.002 -1.9178 1.7991, 0.002 -1.9468 1.7292, 0.002 -1.9566 1.6541, 0.002 -2.5617 0.8313, 0.002 -2.5957 0.787, 0.002 -1.5917 1.3741, 0.002 -1.6667 1.3642, 0.002 -2.2256 0.787, 0.002 -1.7418 1.3741, 0.002 -1.8117 1.4031, 0.002 -1.5218 1.9052, 0.002 -1.5917 1.9341, 0.002 -1.6667 1.944, 0.002 -2.3553 0.8866, 0.002 -2.4106 0.8939, 0.002 -1.9178 1.5092, 0.002 -1.9468 1.5791, 0.002 -1.5218 1.4031, 0.002 -1.4618 1.4491, 0.002 -1.4157 1.5092, 0.002 -1.3867 1.5791, 0.002 -1.3768 1.6541, 0.002 -1.3867 1.7292, 0.002 1.5117 2.5012, 0.002 1.4612 2.5399, 0.002 1.583 2.329, 0.002 1.5747 2.392, 0.002 1.5504 2.4508, 0.002 1.4612 2.118, 0.002 1.5117 2.1567, 0.002 1.5504 2.2072, 0.002 1.5747 2.2659, 0.002 1.2176 2.5399, 0.002 1.1672 2.5012, 0.002 1.1285 2.4508, 0.002 1.1041 2.392, 0.002 1.4025 2.5643, 0.002 1.3394 2.5726, 0.002 1.2764 2.5643, 0.002 1.1672 2.1567, 0.002 1.2176 2.118, 0.002 1.0958 2.329, 0.002 1.1041 2.2659, 0.002 1.1285 2.2072, 0.002 1.2764 2.0937, 0.002 1.3394 2.0854, 0.002 1.4025 2.0937, 0.002 1.0904 3.3666, 0.002 1.1162 3.3044, 0.002 1.1571 3.251, 0.002 1.1571 3.6156, 0.002 1.1162 3.5622, 0.002 1.0904 3.5, 0.002 1.0816 3.4333, 0.002 1.4061 3.1843, 0.002 1.4683 3.21, 0.002 1.5217 3.251, 0.002 1.5884 3.5, 0.002 1.5627 3.5622, 0.002 1.5217 3.6156, 0.002 1.4683 3.6565, 0.002 1.4061 3.6823, 0.002 1.3394 3.6911, 0.002 1.2727 3.6823, 0.002 1.2105 3.6565, 0.002 1.2105 3.21, 0.002 1.2727 3.1843, 0.002 1.3394 3.1755, 0.002 1.5627 3.3044, 0.002 1.5884 3.3666, 0.002 1.5972 3.4333, 1.3799 -0.1476 2.6331, 1.3799 1.1571 3.251, 1.3799 1.1162 3.3044, 1.3799 1.5627 3.3044, 1.3799 1.5217 3.251, 1.3799 1.5627 3.5622, 1.3799 1.5884 3.5, 1.3799 1.5972 3.4333, 1.3799 1.5884 3.3666, 1.3799 1.4683 3.21, 1.3799 1.4061 3.1843, 1.3799 1.3394 3.1755, 1.3799 1.0904 3.3666, 1.3799 1.0816 3.4333, 1.3799 1.0904 3.5, 1.3799 1.1162 3.5622, 1.3799 1.1571 3.6156, 1.3799 1.2105 3.6565, 1.3799 1.2727 3.6823, 1.3799 1.3394 3.6911, 1.3799 1.4061 3.6823, 1.3799 1.4683 3.6565, 1.3799 1.5217 3.6156, 1.3799 1.2727 3.1843, 1.3799 1.2105 3.21, 1.3799 1.4025 2.5643, 1.3799 1.4612 2.5399, 1.3799 1.5117 2.5012, 1.3799 1.5117 2.1567, 1.3799 1.4612 2.118, 1.3799 1.3394 2.5726, 1.3799 1.5504 2.4508, 1.3799 1.5747 2.392, 1.3799 1.583 2.329, 1.3799 1.5747 2.2659, 1.3799 1.5504 2.2072, 1.3799 1.4025 2.0937, 1.3799 1.3394 2.0854, 1.3799 1.2764 2.0937, 1.3799 1.2176 2.118, 1.3799 1.0958 2.329, 1.3799 1.1041 2.392, 1.3799 1.1285 2.4508, 1.3799 1.1672 2.5012, 1.3799 1.1672 2.1567, 1.3799 1.1285 2.2072, 1.3799 1.1041 2.2659, 1.3799 1.2176 2.5399, 1.3799 1.2764 2.5643, 1.3799 -1.8117 1.9052, 1.3799 -1.8717 1.8591, 1.3799 -1.9178 1.7991, 1.3799 -2.2256 0.5734, 1.3799 -2.2042 0.6249, 1.3799 -2.1969 0.6802, 1.3799 -2.5617 0.5291, 1.3799 -2.5957 0.5734, 1.3799 -2.617 0.6249, 1.3799 -2.6243 0.6802, 1.3799 -1.5218 1.9052, 1.3799 -1.4618 1.8591, 1.3799 -1.4157 1.7991, 1.3799 -2.2595 0.5291, 1.3799 -2.3038 0.4952, 1.3799 -2.3553 0.4738, 1.3799 -2.4106 0.4665, 1.3799 -2.4659 0.4738, 1.3799 -2.5174 0.4952, 1.3799 -1.8717 1.4491, 1.3799 -1.9178 1.5092, 1.3799 -2.4106 0.8939, 1.3799 -1.3867 1.7292, 1.3799 -1.3768 1.6541, 1.3799 -1.3867 1.5791, 1.3799 -1.4157 1.5092, 1.3799 -1.4618 1.4491, 1.3799 -1.7418 1.9341, 1.3799 -1.6667 1.944, 1.3799 -1.5917 1.9341, 1.3799 -2.5617 0.8313, 1.3799 -2.5174 0.8652, 1.3799 -2.4659 0.8866, 1.3799 -2.617 0.7355, 1.3799 -2.5957 0.787, 1.3799 -1.9468 1.5791, 1.3799 -1.9566 1.6541, 1.3799 -1.9468 1.7292, 1.3799 -2.2595 0.8313, 1.3799 -2.2256 0.787, 1.3799 -1.6667 1.3642, 1.3799 -1.5218 1.4031, 1.3799 -1.5917 1.3741, 1.3799 -2.2042 0.7355, 1.3799 -2.3553 0.8866, 1.3799 -2.3038 0.8652, 1.3799 -1.8117 1.4031, 1.3799 -1.7418 1.3741, 1.3799 -1.9393 2.9271, 1.3799 -1.9472 2.8667, 1.3799 -2.4065 2.9271, 1.3799 -2.3985 2.9876, 1.3799 -2.0561 3.1294, 1.3799 -2.2897 2.7248, 1.3799 -2.3381 2.762, 1.3799 -2.3752 2.8103, 1.3799 -2.3985 2.8667, 1.3799 -1.9706 2.8103, 1.3799 -2.0077 2.762, 1.3799 -2.0561 2.7248, 1.3799 -2.3752 3.0439, 1.3799 -2.3381 3.0923, 1.3799 -2.2897 3.1294, 1.3799 -2.2333 3.1528, 1.3799 -2.1729 3.1607, 1.3799 -2.1124 3.1528, 1.3799 -2.0077 3.0923, 1.3799 -1.9706 3.0439, 1.3799 -1.9472 2.9876, 1.3799 -2.1124 2.7015, 1.3799 -2.1729 2.6935, 1.3799 -2.2333 2.7015, 0.1004 0.8827 5.0536, 0.1004 1.0277 5.0536, 1.2815 0.8827 5.0536, 1.2815 1.0277 5.0536, 1.2815 -0.2287 4.7669, 0.1004 -0.2287 4.7669, 0.1004 -0.0998 4.7669, 1.2815 -0.0998 4.7669, 1.1278 -0.0998 5.2756, 0.6388 -0.0998 5.4724, 0.1004 -0.0998 5.4724, 0.6388 -0.0998 5.2756, 0.1004 0.8827 5.4724, 1.2815 0.769 5.4724, 1.2815 0.8827 5.4724, 0.1004 1.0277 5.2598, 1.2815 1.0277 5.2598, 1.2815 0.108 5.2756, 1.2815 0.769 5.2756, -0.1162 1.2727 3.6823, -0.1162 1.2105 3.6565, -0.1162 1.1571 3.6156, -0.1162 1.1162 3.5622, -0.1162 1.0904 3.5, -0.1162 1.0816 3.4333, -0.1162 1.0904 3.3666, -0.1162 1.1162 3.3044, -0.1162 1.1571 3.251, -0.1162 1.2105 3.21, -0.1162 1.2727 3.1843, -0.1162 1.3394 3.1755, -0.1162 1.4061 3.1843, -0.1162 1.4683 3.21, -0.1162 1.5217 3.251, -0.1162 1.5627 3.3044, -0.1162 1.5884 3.3666, -0.1162 1.5972 3.4333, -0.1162 1.5884 3.5, -0.1162 1.5627 3.5622, -0.1162 1.5217 3.6156, -0.1162 1.4683 3.6565, -0.1162 1.4061 3.6823, -0.1162 1.3394 3.6911, -0.1162 1.3394 3.4333, -0.1162 1.2764 2.5643, -0.1162 1.2176 2.5399, -0.1162 1.1672 2.5012, -0.1162 1.1285 2.4508, -0.1162 1.1041 2.392, -0.1162 1.0958 2.329, -0.1162 1.1041 2.2659, -0.1162 1.1285 2.2072, -0.1162 1.1672 2.1567, -0.1162 1.2176 2.118, -0.1162 1.2764 2.0937, -0.1162 1.3394 2.0854, -0.1162 1.4025 2.0937, -0.1162 1.4612 2.118, -0.1162 1.5117 2.1567, -0.1162 1.5504 2.2072, -0.1162 1.5747 2.2659, -0.1162 1.583 2.329, -0.1162 1.5747 2.392, -0.1162 1.5504 2.4508, -0.1162 1.5117 2.5012, -0.1162 1.4612 2.5399, -0.1162 1.4025 2.5643, -0.1162 1.3394 2.5726, -0.1162 1.3394 2.329, -0.1162 -2.2333 3.1528, -0.1162 -2.2897 3.1294, -0.1162 -2.3381 3.0923, -0.1162 -2.3752 3.0439, -0.1162 -2.3985 2.9876, -0.1162 -2.4065 2.9271, -0.1162 -2.3985 2.8667, -0.1162 -2.3752 2.8103, -0.1162 -2.3381 2.762, -0.1162 -2.2897 2.7248, -0.1162 -2.2333 2.7015, -0.1162 -2.1729 2.6935, -0.1162 -2.1124 2.7015, -0.1162 -2.0561 2.7248, -0.1162 -2.0077 2.762, -0.1162 -1.9706 2.8103, -0.1162 -1.9472 2.8667, -0.1162 -1.9393 2.9271, -0.1162 -1.9472 2.9876, -0.1162 -1.9706 3.0439, -0.1162 -2.0077 3.0923, -0.1162 -2.0561 3.1294, -0.1162 -2.1124 3.1528, -0.1162 -2.1729 3.1607, -0.1162 -2.1729 2.9271, -0.1162 -2.4659 0.8866, -0.1162 -2.5174 0.8652, -0.1162 -2.5617 0.8313, -0.1162 -2.5957 0.787, -0.1162 -2.617 0.7355, -0.1162 -2.6243 0.6802, -0.1162 -2.617 0.6249, -0.1162 -2.5957 0.5734, -0.1162 -2.5617 0.5291, -0.1162 -2.5174 0.4952, -0.1162 -2.4659 0.4738, -0.1162 -2.4106 0.4665, -0.1162 -2.3553 0.4738, -0.1162 -2.3038 0.4952, -0.1162 -2.2595 0.5291, -0.1162 -2.2256 0.5734, -0.1162 -2.2042 0.6249, -0.1162 -2.1969 0.6802, -0.1162 -2.2042 0.7355, -0.1162 -2.2256 0.787, -0.1162 -2.2595 0.8313, -0.1162 -2.3038 0.8652, -0.1162 -2.3553 0.8866, -0.1162 -2.4106 0.8939, -0.1162 -2.4106 0.6802, -0.1162 -1.7418 1.9341, -0.1162 -1.8117 1.9052, -0.1162 -1.8717 1.8591, -0.1162 -1.9178 1.7991, -0.1162 -1.9468 1.7292, -0.1162 -1.9566 1.6541, -0.1162 -1.9468 1.5791, -0.1162 -1.9178 1.5092, -0.1162 -1.8717 1.4491, -0.1162 -1.8117 1.4031, -0.1162 -1.7418 1.3741, -0.1162 -1.6667 1.3642, -0.1162 -1.5917 1.3741, -0.1162 -1.5218 1.4031, -0.1162 -1.4618 1.4491, -0.1162 -1.4157 1.5092, -0.1162 -1.3867 1.5791, -0.1162 -1.3768 1.6541, -0.1162 -1.3867 1.7292, -0.1162 -1.4157 1.7991, -0.1162 -1.4618 1.8591, -0.1162 -1.5218 1.9052, -0.1162 -1.5917 1.9341, -0.1162 -1.6667 1.944, -0.1162 -1.6667 1.6541, 1.2618 -2.1729 3.1607, 1.2618 -2.2333 3.1528, 1.2618 -2.2897 3.1294, 1.2618 -2.3381 3.0923, 1.2618 -2.3752 3.0439, 1.2618 -2.3985 2.9876, 1.2618 -2.4065 2.9271, 1.2618 -2.3985 2.8667, 1.2618 -2.3752 2.8103, 1.2618 -2.3381 2.762, 1.2618 -2.2897 2.7248, 1.2618 -2.2333 2.7015, 1.2618 -2.1729 2.6935, 1.2618 -2.1124 2.7015, 1.2618 -2.0561 2.7248, 1.2618 -2.0077 2.762, 1.2618 -1.9706 2.8103, 1.2618 -1.9472 2.8667, 1.2618 -1.9393 2.9271, 1.2618 -1.9472 2.9876, 1.2618 -1.9706 3.0439, 1.2618 -2.0077 3.0923, 1.2618 -2.0561 3.1294, 1.2618 -2.1124 3.1528, 1.2618 -2.1729 2.9271, 1.2618 -1.6667 1.944, 1.2618 -1.7418 1.9341, 1.2618 -1.8117 1.9052, 1.2618 -1.8717 1.8591, 1.2618 -1.9178 1.7991, 1.2618 -1.9468 1.7292, 1.2618 -1.9566 1.6541, 1.2618 -1.9468 1.5791, 1.2618 -1.9178 1.5092, 1.2618 -1.8717 1.4491, 1.2618 -1.8117 1.4031, 1.2618 -1.7418 1.3741, 1.2618 -1.6667 1.3642, 1.2618 -1.5917 1.3741, 1.2618 -1.5218 1.4031, 1.2618 -1.4618 1.4491, 1.2618 -1.4157 1.5092, 1.2618 -1.3867 1.5791, 1.2618 -1.3768 1.6541, 1.2618 -1.3867 1.7292, 1.2618 -1.4157 1.7991, 1.2618 -1.4618 1.8591, 1.2618 -1.5218 1.9052, 1.2618 -1.5917 1.9341, 1.2618 -1.6667 1.6541, 1.2618 1.3394 3.6911, 1.2618 1.2727 3.6823, 1.2618 1.2105 3.6565, 1.2618 1.1571 3.6156, 1.2618 1.1162 3.5622, 1.2618 1.0904 3.5, 1.2618 1.0816 3.4333, 1.2618 1.0904 3.3666, 1.2618 1.1162 3.3044, 1.2618 1.1571 3.251, 1.2618 1.2105 3.21, 1.2618 1.2727 3.1843, 1.2618 1.3394 3.1755, 1.2618 1.4061 3.1843, 1.2618 1.4683 3.21, 1.2618 1.5217 3.251, 1.2618 1.5627 3.3044, 1.2618 1.5884 3.3666, 1.2618 1.5972 3.4333, 1.2618 1.5884 3.5, 1.2618 1.5627 3.5622, 1.2618 1.5217 3.6156, 1.2618 1.4683 3.6565, 1.2618 1.4061 3.6823, 1.2618 1.3394 3.4333, 1.2618 1.3394 2.5726, 1.2618 1.2764 2.5643, 1.2618 1.2176 2.5399, 1.2618 1.1672 2.5012, 1.2618 1.1285 2.4508, 1.2618 1.1041 2.392, 1.2618 1.0958 2.329, 1.2618 1.1041 2.2659, 1.2618 1.1285 2.2072, 1.2618 1.1672 2.1567, 1.2618 1.2176 2.118, 1.2618 1.2764 2.0937, 1.2618 1.3394 2.0854, 1.2618 1.4025 2.0937, 1.2618 1.4612 2.118, 1.2618 1.5117 2.1567, 1.2618 1.5504 2.2072, 1.2618 1.5747 2.2659, 1.2618 1.583 2.329, 1.2618 1.5747 2.392, 1.2618 1.5504 2.4508, 1.2618 1.5117 2.5012, 1.2618 1.4612 2.5399, 1.2618 1.4025 2.5643, 1.2618 1.3394 2.329, 1.2618 -2.4106 0.8939, 1.2618 -2.4659 0.8866, 1.2618 -2.5174 0.8652, 1.2618 -2.5617 0.8313, 1.2618 -2.5957 0.787, 1.2618 -2.617 0.7355, 1.2618 -2.6243 0.6802, 1.2618 -2.617 0.6249, 1.2618 -2.5957 0.5734, 1.2618 -2.5617 0.5291, 1.2618 -2.5174 0.4952, 1.2618 -2.4659 0.4738, 1.2618 -2.4106 0.4665, 1.2618 -2.3553 0.4738, 1.2618 -2.3038 0.4952, 1.2618 -2.2595 0.5291, 1.2618 -2.2256 0.5734, 1.2618 -2.2042 0.6249, 1.2618 -2.1969 0.6802, 1.2618 -2.2042 0.7355, 1.2618 -2.2256 0.787, 1.2618 -2.2595 0.8313, 1.2618 -2.3038 0.8652, 1.2618 -2.3553 0.8866, 1.2618 -2.4106 0.6802, 0.4547 -1.039 4.5669, 0.4547 -1.039 2.6378, 0.4547 -0.8421 4.5669, 0.4547 -0.8421 2.6378, 0.6516 -0.6453 4.5669, 0.6516 -0.6453 2.6378, 0.7303 -0.6453 4.5669, 0.7303 -0.6453 2.6378, 0.9272 -0.8421 4.5669, 0.9272 -0.8421 2.6378, 0.9272 -1.039 4.5669, 0.9272 -1.039 2.6378, 0.3686 -1.4503 2.6378, 0.4159 -1.5265 2.6378, 0.9859 -1.1068 2.6378, 0.3959 -1.1068 2.6378, 0.4808 -1.5884 2.6378, 0.5592 -1.632 2.6378, 1.0258 -1.1872 2.6378, 0.3561 -1.1872 2.6378, 0.3377 -1.275 2.6378, 0.342 -1.3646 2.6378, 0.4614 -0.7912 2.6378, 0.8226 -1.632 2.6378, 0.7358 -1.6546 2.6378, 0.6461 -1.6546 2.6378, 0.901 -1.5884 2.6378, 0.966 -1.5265 2.6378, 1.0133 -1.4503 2.6378, 0.8695 -0.7029 2.6378, 0.8287 -0.6717 2.6378, 0.9008 -0.7437 2.6378, 0.9204 -0.7912 2.6378, 0.7812 -0.652 2.6378, 0.6006 -0.652 2.6378, 0.5531 -0.6717 2.6378, 0.5124 -0.7029 2.6378, 1.0399 -1.3646 2.6378, 1.0441 -1.275 2.6378, 0.4811 -0.7437 2.6378, 0.4029 -1.0967 4.5159, 0.4545 -1.0392 4.5714, 0.4536 -1.04 4.5757, 0.453 -1.0405 4.5783, 0.9836 -1.1083 4.503, 0.9622 -1.0751 4.5398, 0.9288 -1.0405 4.5783, 0.9285 -1.0402 4.5771, 0.9275 -1.0393 4.5721, 1.0414 -1.2752 4.3175, 1.0382 -1.2328 4.3646, 1.0232 -1.188 4.4144, 1.0101 -1.1491 4.4576, 1.0108 -1.4491 4.1242, 1.0296 -1.4074 4.1706, 1.0372 -1.3641 4.2187, 1.0448 -1.3208 4.2669, 0.8995 -1.5864 3.9717, 0.9399 -1.5553 4.0063, 0.9639 -1.5249 4.0401, 0.9937 -1.4872 4.0819, 0.7358 -1.6545 3.8961, 0.8021 -1.6395 3.9127, 0.8219 -1.6305 3.9227, 0.8719 -1.6077 3.9481, 0.6692 -1.6567 3.8936, 0.7349 -1.6547 3.8959, 0.6028 -1.6463 3.9052, 0.6463 -1.6531 3.8976, 0.5339 -1.6207 3.9336, 0.5599 -1.6303 3.9229, 0.4628 -1.5742 3.9853, 0.4819 -1.5867 3.9714, 0.4031 -1.5097 4.0569, 0.4174 -1.5252 4.0398, 0.361 -1.4322 4.143, 0.3703 -1.4494 4.124, 0.3393 -1.3467 4.2381, 0.3437 -1.3642 4.2187, 0.3394 -1.2585 4.3361, 0.3394 -1.275 4.3177, 0.3971 -1.1074 4.5039, 0.3612 -1.1733 4.4307, 0.3576 -1.1876 4.4149, 0.4614 -0.7912 4.5669, 0.4811 -0.7437 4.5669, 0.5124 -0.7029 4.5669, 0.5531 -0.6717 4.5669, 0.6006 -0.652 4.5669, 0.7812 -0.652 4.5669, 0.8287 -0.6717 4.5669, 0.8695 -0.7029 4.5669, 0.9008 -0.7437 4.5669, 0.9204 -0.7912 4.5669, 0.4241 -0.8421 4.6053, 0.4319 -0.7833 4.6053, 0.6004 -0.651 4.5757, 0.6516 -0.6443 4.5757, 0.6516 -0.6438 4.5771, 0.5996 -0.6482 4.584, 0.6516 -0.6414 4.584, 0.6516 -0.6398 4.5865, 0.5984 -0.6437 4.5915, 0.6516 -0.6367 4.5915, 0.6516 -0.6336 4.5946, 0.5968 -0.6377 4.5977, 0.4537 -0.8421 4.5757, 0.4605 -0.7909 4.5757, 0.4508 -0.8421 4.584, 0.4577 -0.7902 4.584, 0.4461 -0.8421 4.5915, 0.4531 -0.789 4.5915, 0.4399 -0.8421 4.5977, 0.4471 -0.7873 4.5977, 0.4324 -0.8421 4.6024, 0.4399 -0.7854 4.6024, 0.4802 -0.7432 4.5757, 0.4777 -0.7418 4.584, 0.4736 -0.7394 4.5915, 0.4682 -0.7363 4.5977, 0.4618 -0.7326 4.6024, 0.5117 -0.7022 4.5757, 0.5096 -0.7002 4.584, 0.5063 -0.6969 4.5915, 0.5019 -0.6925 4.5977, 0.4966 -0.6872 4.6024, 0.5526 -0.6708 4.5757, 0.5512 -0.6683 4.584, 0.5488 -0.6642 4.5915, 0.5457 -0.6588 4.5977, 0.542 -0.6524 4.6024, 0.5948 -0.6305 4.6024, 0.6516 -0.6305 4.5977, 0.6516 -0.6255 4.6008, 0.6516 -0.623 4.6024, 0.6516 -0.6161 4.6048, 0.4546 -0.7284 4.6053, 0.4907 -0.6813 4.6053, 0.5378 -0.6451 4.6053, 0.5927 -0.6224 4.6053, 0.6516 -0.6147 4.6053, 0.4399 -1.0429 4.5977, 0.4399 -1.0429 4.5977, 0.4513 -1.0414 4.5824, 0.447 -1.0427 4.5901, 0.448 -1.0427 4.5889, 0.4498 -1.0422 4.586, 0.4506 -1.0418 4.5839, 0.4427 -1.043 4.5952, 0.4442 -1.0429 4.5935, 0.446 -1.0428 4.5913, 0.4298 -1.0414 4.6035, 0.4324 -1.0419 4.6024, 0.4327 -1.0419 4.6023, 0.4375 -1.0426 4.5993, 0.4297 -1.0413 4.6036, 0.7303 -0.6443 4.5757, 0.7303 -0.6438 4.5771, 0.7303 -0.6414 4.584, 0.7303 -0.6398 4.5865, 0.7303 -0.6367 4.5915, 0.7303 -0.6336 4.5946, 0.7303 -0.6305 4.5977, 0.7303 -0.6255 4.6008, 0.7303 -0.623 4.6024, 0.7303 -0.6161 4.6048, 0.7303 -0.6147 4.6053, 0.9302 -1.0415 4.5822, 0.9668 -1.0788 4.5474, 0.9325 -1.0422 4.5863, 0.9304 -1.0415 4.5825, 0.9697 -1.08 4.551, 0.9342 -1.0427 4.5894, 0.9326 -1.0422 4.5865, 0.9729 -1.0808 4.5545, 0.9377 -1.0429 4.5935, 0.9363 -1.043 4.5922, 0.9765 -1.0811 4.5577, 0.9409 -1.0429 4.5966, 0.9388 -1.0429 4.5946, 0.9802 -1.0809 4.5607, 0.9455 -1.0425 4.6002, 0.9423 -1.0429 4.5979, 0.9563 -1.0403 4.605, 0.9533 -1.0411 4.604, 0.9882 -1.0792 4.5657, 0.9523 -1.0413 4.6035, 0.9482 -1.042 4.6015, 0.3754 -1.1029 4.5419, 0.384 -1.1043 4.537, 0.3881 -1.1042 4.534, 0.3918 -1.1036 4.5308, 0.3952 -1.1025 4.5273, 0.3983 -1.101 4.5236, 0.4008 -1.099 4.5197, 1.0396 -1.237 4.3691, 1.012 -1.1523 4.4617, 0.9643 -1.0772 4.5436, 1.0287 -1.4128 4.1762, 1.0452 -1.3257 4.2718, 0.9369 -1.5597 4.0138, 0.9916 -1.4924 4.0884, 0.8688 -1.611 3.9566, 0.7996 -1.6417 3.9222, 0.7339 -1.6561 3.9059, 0.6698 -1.6581 3.9037, 0.6048 -1.6481 3.915, 0.5369 -1.6236 3.9425, 0.4659 -1.5783 3.9931, 0.4055 -1.5147 4.0637, 0.3393 -1.3518 4.2432, 0.3622 -1.4376 4.1488, 0.3594 -1.1768 4.4348, 0.3383 -1.2629 4.3407, 0.3568 -1.1799 4.4389, 0.3362 -1.2671 4.3451, 0.3379 -1.3569 4.2482, 0.3619 -1.4433 4.1544, 0.4062 -1.5206 4.07, 0.4674 -1.5838 4.0005, 0.5386 -1.6285 3.9509, 0.6061 -1.6524 3.9241, 0.6701 -1.6621 3.9132, 0.7332 -1.6602 3.9153, 0.7982 -1.6462 3.9311, 0.867 -1.6161 3.9647, 0.9356 -1.5654 4.0208, 0.9912 -1.4983 4.0945, 1.0294 -1.4183 4.1816, 1.0468 -1.3306 4.2766, 1.0419 -1.2408 4.3734, 1.0146 -1.155 4.4657, 0.3536 -1.1825 4.4429, 0.3331 -1.2709 4.3493, 0.3353 -1.3618 4.2528, 0.36 -1.4491 4.1595, 0.4052 -1.5271 4.0758, 0.4673 -1.5905 4.007, 0.5389 -1.6351 3.9582, 0.6064 -1.6588 3.9319, 0.6702 -1.6683 3.9213, 0.733 -1.6665 3.9234, 0.7978 -1.6526 3.9388, 0.8668 -1.6228 3.9717, 0.936 -1.5721 4.0271, 0.9925 -1.5046 4.1, 1.0315 -1.4239 4.1865, 1.0496 -1.3352 4.2811, 1.045 -1.2443 4.3775, 1.0178 -1.1573 4.4695, 0.3498 -1.1847 4.4465, 0.3291 -1.2743 4.3532, 0.3314 -1.3664 4.2569, 0.3566 -1.4549 4.164, 0.4025 -1.5338 4.0806, 0.4654 -1.598 4.0123, 0.5379 -1.643 3.964, 0.6059 -1.6669 3.938, 0.6701 -1.6765 3.9276, 0.7332 -1.6746 3.9296, 0.7984 -1.6607 3.9448, 0.8681 -1.6306 3.9773, 0.9381 -1.5793 4.0322, 0.9954 -1.511 4.1047, 1.035 -1.4294 4.1908, 1.0535 -1.3394 4.2851, 1.049 -1.2473 4.3813, 1.0215 -1.1591 4.4731, 0.3454 -1.1863 4.4498, 0.3244 -1.2771 4.3566, 0.3266 -1.3705 4.2604, 0.3519 -1.4603 4.1675, 0.3983 -1.5405 4.0843, 0.462 -1.6059 4.016, 0.5355 -1.6517 3.9678, 0.6045 -1.6762 3.9419, 0.6698 -1.686 3.9315, 0.7339 -1.684 3.9336, 0.8002 -1.6698 3.9487, 0.8709 -1.6391 3.9812, 0.9418 -1.5868 4.0359, 0.9998 -1.5174 4.1084, 1.0398 -1.4344 4.1944, 1.0584 -1.3431 4.2886, 1.0537 -1.2497 4.3847, 1.0257 -1.1604 4.4764, 0.3406 -1.1873 4.4527, 0.319 -1.2792 4.3594, 0.3208 -1.3739 4.2631, 0.3461 -1.4651 4.1701, 0.3928 -1.5468 4.0866, 0.4572 -1.6136 4.0181, 0.5319 -1.6607 3.9695, 0.6024 -1.686 3.9434, 0.6692 -1.6961 3.9329, 0.735 -1.6941 3.9349, 0.8028 -1.6794 3.9502, 0.8749 -1.6477 3.983, 0.9469 -1.5941 4.0381, 1.0054 -1.5232 4.1108, 1.0457 -1.4388 4.197, 1.0641 -1.3462 4.2913, 1.0589 -1.2515 4.3876, 1.0303 -1.1611 4.4794, 0.3798 -1.1038 4.5396, 0.3354 -1.1877 4.4552, 0.313 -1.2807 4.3616, 0.3143 -1.3766 4.265, 0.3393 -1.4692 4.1715, 0.3862 -1.5524 4.0875, 0.4512 -1.6208 4.0182, 0.5273 -1.6694 3.969, 0.5996 -1.6957 3.9423, 0.6685 -1.7063 3.9315, 0.7364 -1.7042 3.9337, 0.8062 -1.6888 3.9493, 0.88 -1.6559 3.9827, 0.9531 -1.6008 4.0385, 1.0121 -1.5283 4.1118, 1.0524 -1.4424 4.1986, 1.0704 -1.3485 4.2933, 1.0646 -1.2526 4.3899, 1.0352 -1.1612 4.4819, 0.9842 -1.0803 4.5634, 0.9469 -1.0423 4.6009, 0.3301 -1.1876 4.4571, 0.3068 -1.2814 4.3631, 0.3074 -1.3784 4.2659, 0.332 -1.4723 4.1718, 0.3788 -1.5571 4.0869, 0.4445 -1.6271 4.0166, 0.522 -1.6773 3.9662, 0.5964 -1.7046 3.9388, 0.6677 -1.7158 3.9276, 0.7381 -1.7136 3.9298, 0.8102 -1.6975 3.946, 0.8858 -1.6633 3.9803, 0.9601 -1.6066 4.0372, 1.0195 -1.5325 4.1115, 1.0596 -1.4451 4.1991, 1.0772 -1.3499 4.2944, 1.0706 -1.2531 4.3915, 1.0403 -1.1608 4.4839, 0.9214 -0.7909 4.5757, 0.7815 -0.651 4.5757, 0.7823 -0.6482 4.584, 0.9281 -0.8421 4.5757, 0.9286 -0.8421 4.5771, 0.9242 -0.7902 4.584, 0.7835 -0.6437 4.5915, 0.931 -0.8421 4.584, 0.9326 -0.8421 4.5865, 0.9287 -0.789 4.5915, 0.7851 -0.6377 4.5977, 0.9357 -0.8421 4.5915, 0.9389 -0.8421 4.5946, 0.9348 -0.7873 4.5977, 0.787 -0.6305 4.6024, 0.8292 -0.6708 4.5757, 0.8307 -0.6683 4.584, 0.833 -0.6642 4.5915, 0.8361 -0.6588 4.5977, 0.8399 -0.6524 4.6024, 0.8702 -0.7022 4.5757, 0.8723 -0.7002 4.584, 0.8756 -0.6969 4.5915, 0.88 -0.6925 4.5977, 0.8853 -0.6872 4.6024, 0.9016 -0.7432 4.5757, 0.9042 -0.7418 4.584, 0.9082 -0.7394 4.5915, 0.9136 -0.7363 4.5977, 0.9201 -0.7326 4.6024, 0.942 -0.7854 4.6024, 0.7892 -0.6224 4.6053, 0.942 -0.8421 4.5977, 0.947 -0.8421 4.6008, 0.9494 -0.8421 4.6024, 0.9564 -0.8421 4.6048, 0.844 -0.6451 4.6053, 0.8911 -0.6813 4.6053, 0.9273 -0.7284 4.6053, 0.95 -0.7833 4.6053, 0.9578 -0.8421 4.6053
            ]
        }
        coordIndex [
            0,1,2,-1,3,4,5,-1,5,4,6,-1,7,8,9,-1,9,8,10,-1,11,12,5,-1,5,12,3,-1,10,8,13,-1,13,8,14,-1,4,15,6,-1,6,15,16,-1,17,7,18,-1,18,7,9,-1,19,20,11,-1,11,13,19,-1,19,13,14,-1,19,14,21,-1,22,16,23,-1,23,16,15,-1,23,15,20,-1,20,15,12,-1,20,12,11,-1,24,25,17,-1,25,26,17,-1,17,26,27,-1,17,27,28,-1,29,30,14,-1,14,30,31,-1,31,32,14,-1,14,32,33,-1,14,33,21,-1,21,33,34,-1,21,34,35,-1,36,24,37,-1,37,24,17,-1,37,17,22,-1,22,17,18,-1,22,18,16,-1,28,38,17,-1,17,38,39,-1,17,39,14,-1,14,39,40,-1,14,40,29,-1,41,23,42,-1,42,23,20,-1,43,44,45,-1,45,44,46,-1,45,46,42,-1,42,46,41,-1,47,44,48,-1,48,44,43,-1,49,47,50,-1,50,47,48,-1,51,49,52,-1,52,49,50,-1,53,51,54,-1,54,51,52,-1,55,53,56,-1,56,53,54,-1,57,55,58,-1,58,55,56,-1,59,60,61,-1,61,60,62,-1,61,62,58,-1,58,62,57,-1,63,60,64,-1,64,60,59,-1,65,63,66,-1,66,63,64,-1,67,68,69,-1,69,68,70,-1,69,70,66,-1,66,70,65,-1,71,68,72,-1,72,68,67,-1,73,74,67,-1,67,74,75,-1,67,75,72,-1,71,76,68,-1,68,76,77,-1,68,77,78,-1,79,80,37,-1,81,82,83,-1,79,37,84,-1,80,85,86,-1,21,87,88,-1,86,89,80,-1,80,89,36,-1,80,36,37,-1,87,21,83,-1,83,21,35,-1,83,35,81,-1,78,90,68,-1,68,90,91,-1,68,91,37,-1,37,91,92,-1,37,92,84,-1,88,93,21,-1,21,93,94,-1,21,94,67,-1,67,94,95,-1,67,95,73,-1,60,63,65,-1,96,97,98,-1,98,97,99,-1,98,99,22,-1,100,101,70,-1,99,102,22,-1,22,102,103,-1,22,103,37,-1,37,103,104,-1,105,106,68,-1,68,106,107,-1,68,107,70,-1,70,107,108,-1,70,108,100,-1,104,109,37,-1,37,109,110,-1,37,110,111,-1,112,113,98,-1,98,113,114,-1,98,114,96,-1,111,115,37,-1,37,115,116,-1,37,116,68,-1,68,116,117,-1,68,117,105,-1,101,118,70,-1,70,118,119,-1,70,119,98,-1,98,119,120,-1,98,120,112,-1,62,121,122,-1,123,60,124,-1,124,60,65,-1,124,65,125,-1,125,65,70,-1,125,70,126,-1,123,127,60,-1,60,127,128,-1,60,128,129,-1,129,130,60,-1,60,130,131,-1,60,131,62,-1,62,131,132,-1,62,132,121,-1,133,134,98,-1,135,98,136,-1,136,98,62,-1,136,62,137,-1,137,62,122,-1,70,138,139,-1,140,141,142,-1,143,144,70,-1,70,144,145,-1,70,145,146,-1,146,147,70,-1,70,147,148,-1,70,148,138,-1,139,149,70,-1,70,149,150,-1,70,150,126,-1,151,135,152,-1,152,135,153,-1,152,153,154,-1,154,153,140,-1,154,140,155,-1,155,140,142,-1,134,156,98,-1,98,156,157,-1,98,157,70,-1,70,157,158,-1,70,158,143,-1,141,159,142,-1,142,159,160,-1,142,160,161,-1,161,160,138,-1,161,138,162,-1,162,138,148,-1,151,163,135,-1,135,163,164,-1,135,164,98,-1,98,164,165,-1,98,165,166,-1,166,167,98,-1,98,167,168,-1,98,168,133,-1,53,55,57,-1,169,170,46,-1,62,49,57,-1,57,49,51,-1,57,51,53,-1,47,171,44,-1,44,171,172,-1,44,172,46,-1,46,172,173,-1,46,173,169,-1,174,175,49,-1,49,175,176,-1,49,176,47,-1,47,176,177,-1,47,177,171,-1,178,179,98,-1,98,179,180,-1,98,180,181,-1,170,182,46,-1,46,182,183,-1,46,183,98,-1,98,183,184,-1,98,184,178,-1,185,186,62,-1,181,187,98,-1,98,187,188,-1,98,188,62,-1,62,188,189,-1,62,189,185,-1,186,190,62,-1,62,190,191,-1,62,191,49,-1,49,191,192,-1,49,192,174,-1,193,194,98,-1,98,194,195,-1,196,197,22,-1,22,197,198,-1,22,198,98,-1,98,198,199,-1,98,199,193,-1,200,201,46,-1,46,201,202,-1,203,204,41,-1,41,204,205,-1,41,205,23,-1,23,205,206,-1,23,206,207,-1,207,208,23,-1,23,208,209,-1,23,209,22,-1,22,209,210,-1,22,210,196,-1,195,211,98,-1,98,211,212,-1,98,212,46,-1,46,212,213,-1,46,213,200,-1,202,214,46,-1,46,214,215,-1,46,215,41,-1,41,215,216,-1,41,216,203,-1,217,218,219,-1,45,220,221,-1,222,223,42,-1,42,223,224,-1,42,224,45,-1,45,224,225,-1,45,225,220,-1,221,226,45,-1,45,226,227,-1,45,227,228,-1,219,229,217,-1,217,229,230,-1,217,230,19,-1,19,230,231,-1,19,231,232,-1,232,233,19,-1,19,233,234,-1,19,234,20,-1,20,234,235,-1,20,235,236,-1,236,237,20,-1,20,237,238,-1,20,238,42,-1,42,238,239,-1,42,239,222,-1,228,240,217,-1,217,240,241,-1,217,241,218,-1,242,243,45,-1,45,243,244,-1,50,245,246,-1,228,217,45,-1,45,217,247,-1,45,247,242,-1,244,248,45,-1,45,248,249,-1,45,249,43,-1,43,249,250,-1,43,250,48,-1,48,250,251,-1,48,251,50,-1,50,251,252,-1,50,252,245,-1,253,254,61,-1,61,254,255,-1,61,255,256,-1,246,253,50,-1,50,253,61,-1,50,61,52,-1,52,61,58,-1,52,58,54,-1,54,58,56,-1,257,258,217,-1,217,258,259,-1,217,259,260,-1,256,261,61,-1,61,261,262,-1,61,262,217,-1,217,262,263,-1,217,263,257,-1,260,264,217,-1,217,264,265,-1,217,265,247,-1,66,64,59,-1,266,69,267,-1,267,69,268,-1,269,61,270,-1,270,61,271,-1,272,273,59,-1,59,273,274,-1,59,274,66,-1,66,274,275,-1,66,275,69,-1,276,277,217,-1,217,277,278,-1,269,279,61,-1,61,279,280,-1,61,280,59,-1,59,280,281,-1,59,281,282,-1,282,283,59,-1,59,283,284,-1,59,284,272,-1,285,286,287,-1,278,288,217,-1,217,288,289,-1,217,289,61,-1,289,290,61,-1,61,290,291,-1,61,291,292,-1,266,293,69,-1,69,293,294,-1,69,294,217,-1,217,294,295,-1,217,295,276,-1,296,297,286,-1,286,297,298,-1,286,298,287,-1,275,299,69,-1,69,299,300,-1,69,300,296,-1,286,301,296,-1,296,301,302,-1,296,302,69,-1,69,302,303,-1,69,303,268,-1,304,305,306,-1,292,307,61,-1,61,307,308,-1,61,308,271,-1,271,308,306,-1,271,306,309,-1,309,306,305,-1,287,310,285,-1,285,310,311,-1,285,311,312,-1,312,311,304,-1,312,304,313,-1,313,304,306,-1,217,314,315,-1,316,317,67,-1,19,21,318,-1,319,320,69,-1,69,320,321,-1,69,321,67,-1,67,321,322,-1,67,322,316,-1,315,323,217,-1,217,323,324,-1,217,324,325,-1,317,326,67,-1,67,326,327,-1,67,327,21,-1,21,327,328,-1,21,328,329,-1,329,330,21,-1,21,330,331,-1,21,331,318,-1,318,332,19,-1,19,332,333,-1,19,333,217,-1,217,333,334,-1,217,334,314,-1,325,335,217,-1,217,335,336,-1,217,336,69,-1,69,336,337,-1,69,337,319,-1,14,8,17,-1,17,8,7,-1,3,12,4,-1,4,12,15,-1,338,339,340,-1,340,339,341,-1,5,6,11,-1,11,6,16,-1,11,16,340,-1,340,16,338,-1,342,343,13,-1,13,343,18,-1,13,18,10,-1,10,18,9,-1,344,343,345,-1,345,343,342,-1,2,1,346,-1,347,348,349,-1,349,348,344,-1,349,344,346,-1,346,344,345,-1,346,345,2,-1,348,347,350,-1,350,347,351,-1,350,351,352,-1,353,350,354,-1,354,350,352,-1,339,353,341,-1,341,353,354,-1,338,16,344,-1,344,16,18,-1,344,18,343,-1,353,339,350,-1,350,339,338,-1,350,338,348,-1,348,338,344,-1,355,0,2,-1,352,351,354,-1,354,351,356,-1,342,13,345,-1,345,13,11,-1,345,11,340,-1,2,345,355,-1,355,345,340,-1,355,340,356,-1,356,340,341,-1,356,341,354,-1,208,357,209,-1,209,357,358,-1,209,358,210,-1,210,358,359,-1,210,359,196,-1,196,359,360,-1,196,360,197,-1,197,360,361,-1,197,361,198,-1,198,361,362,-1,198,362,199,-1,199,362,363,-1,199,363,193,-1,193,363,364,-1,193,364,194,-1,194,364,365,-1,194,365,195,-1,195,365,366,-1,195,366,211,-1,211,366,367,-1,211,367,212,-1,212,367,368,-1,212,368,213,-1,213,368,369,-1,213,369,200,-1,200,369,370,-1,200,370,201,-1,201,370,371,-1,201,371,202,-1,202,371,372,-1,202,372,214,-1,214,372,373,-1,214,373,215,-1,215,373,374,-1,215,374,216,-1,216,374,375,-1,216,375,203,-1,203,375,376,-1,203,376,204,-1,204,376,377,-1,204,377,205,-1,205,377,378,-1,205,378,206,-1,206,378,379,-1,206,379,207,-1,207,379,380,-1,207,380,208,-1,208,380,357,-1,370,369,381,-1,381,369,368,-1,381,368,367,-1,373,372,381,-1,381,372,371,-1,381,371,370,-1,376,375,381,-1,381,375,374,-1,381,374,373,-1,379,378,381,-1,381,378,377,-1,381,377,376,-1,358,357,381,-1,381,357,380,-1,381,380,379,-1,361,360,381,-1,381,360,359,-1,381,359,358,-1,364,363,381,-1,381,363,362,-1,381,362,361,-1,367,366,381,-1,381,366,365,-1,381,365,364,-1,183,382,184,-1,184,382,383,-1,184,383,178,-1,178,383,384,-1,178,384,179,-1,179,384,385,-1,179,385,180,-1,180,385,386,-1,180,386,181,-1,181,386,387,-1,181,387,187,-1,187,387,388,-1,187,388,188,-1,188,388,389,-1,188,389,189,-1,189,389,390,-1,189,390,185,-1,185,390,391,-1,185,391,186,-1,186,391,392,-1,186,392,190,-1,190,392,393,-1,190,393,191,-1,191,393,394,-1,191,394,192,-1,192,394,395,-1,192,395,174,-1,174,395,396,-1,174,396,175,-1,175,396,397,-1,175,397,176,-1,176,397,398,-1,176,398,177,-1,177,398,399,-1,177,399,171,-1,171,399,400,-1,171,400,172,-1,172,400,401,-1,172,401,173,-1,173,401,402,-1,173,402,169,-1,169,402,403,-1,169,403,170,-1,170,403,404,-1,170,404,182,-1,182,404,405,-1,182,405,183,-1,183,405,382,-1,395,394,406,-1,406,394,393,-1,406,393,392,-1,398,397,406,-1,406,397,396,-1,406,396,395,-1,401,400,406,-1,406,400,399,-1,406,399,398,-1,404,403,406,-1,406,403,402,-1,406,402,401,-1,383,382,406,-1,406,382,405,-1,406,405,404,-1,386,385,406,-1,406,385,384,-1,406,384,383,-1,389,388,406,-1,406,388,387,-1,406,387,386,-1,392,391,406,-1,406,391,390,-1,406,390,389,-1,110,407,111,-1,111,407,408,-1,111,408,115,-1,115,408,409,-1,115,409,116,-1,116,409,410,-1,116,410,117,-1,117,410,411,-1,117,411,105,-1,105,411,412,-1,105,412,106,-1,106,412,413,-1,106,413,107,-1,107,413,414,-1,107,414,108,-1,108,414,415,-1,108,415,100,-1,100,415,416,-1,100,416,101,-1,101,416,417,-1,101,417,118,-1,118,417,418,-1,118,418,119,-1,119,418,419,-1,119,419,120,-1,120,419,420,-1,120,420,112,-1,112,420,421,-1,112,421,113,-1,113,421,422,-1,113,422,114,-1,114,422,423,-1,114,423,96,-1,96,423,424,-1,96,424,97,-1,97,424,425,-1,97,425,99,-1,99,425,426,-1,99,426,102,-1,102,426,427,-1,102,427,103,-1,103,427,428,-1,103,428,104,-1,104,428,429,-1,104,429,109,-1,109,429,430,-1,109,430,110,-1,110,430,407,-1,420,419,431,-1,431,419,418,-1,431,418,417,-1,423,422,431,-1,431,422,421,-1,431,421,420,-1,426,425,431,-1,431,425,424,-1,431,424,423,-1,429,428,431,-1,431,428,427,-1,431,427,426,-1,408,407,431,-1,431,407,430,-1,431,430,429,-1,411,410,431,-1,431,410,409,-1,431,409,408,-1,414,413,431,-1,431,413,412,-1,431,412,411,-1,417,416,431,-1,431,416,415,-1,431,415,414,-1,160,432,138,-1,138,432,433,-1,138,433,139,-1,139,433,434,-1,139,434,149,-1,149,434,435,-1,149,435,150,-1,150,435,436,-1,150,436,126,-1,126,436,437,-1,126,437,125,-1,125,437,438,-1,125,438,124,-1,124,438,439,-1,124,439,123,-1,123,439,440,-1,123,440,127,-1,127,440,441,-1,127,441,128,-1,128,441,442,-1,128,442,129,-1,129,442,443,-1,129,443,130,-1,130,443,444,-1,130,444,131,-1,131,444,445,-1,131,445,132,-1,132,445,446,-1,132,446,121,-1,121,446,447,-1,121,447,122,-1,122,447,448,-1,122,448,137,-1,137,448,449,-1,137,449,136,-1,136,449,450,-1,136,450,135,-1,135,450,451,-1,135,451,153,-1,153,451,452,-1,153,452,140,-1,140,452,453,-1,140,453,141,-1,141,453,454,-1,141,454,159,-1,159,454,455,-1,159,455,160,-1,160,455,432,-1,445,444,456,-1,456,444,443,-1,456,443,442,-1,448,447,456,-1,456,447,446,-1,456,446,445,-1,451,450,456,-1,456,450,449,-1,456,449,448,-1,454,453,456,-1,456,453,452,-1,456,452,451,-1,433,432,456,-1,456,432,455,-1,456,455,454,-1,436,435,456,-1,456,435,434,-1,456,434,433,-1,439,438,456,-1,456,438,437,-1,456,437,436,-1,442,441,456,-1,456,441,440,-1,456,440,439,-1,158,457,143,-1,143,457,458,-1,143,458,144,-1,144,458,459,-1,144,459,145,-1,145,459,460,-1,145,460,146,-1,146,460,461,-1,146,461,147,-1,147,461,462,-1,147,462,148,-1,148,462,463,-1,148,463,162,-1,162,463,464,-1,162,464,161,-1,161,464,465,-1,161,465,142,-1,142,465,466,-1,142,466,155,-1,155,466,467,-1,155,467,154,-1,154,467,468,-1,154,468,152,-1,152,468,469,-1,152,469,151,-1,151,469,470,-1,151,470,163,-1,163,470,471,-1,163,471,164,-1,164,471,472,-1,164,472,165,-1,165,472,473,-1,165,473,166,-1,166,473,474,-1,166,474,167,-1,167,474,475,-1,167,475,168,-1,168,475,476,-1,168,476,133,-1,133,476,477,-1,133,477,134,-1,134,477,478,-1,134,478,156,-1,156,478,479,-1,156,479,157,-1,157,479,480,-1,157,480,158,-1,158,480,457,-1,470,469,481,-1,481,469,468,-1,481,468,467,-1,473,472,481,-1,481,472,471,-1,481,471,470,-1,476,475,481,-1,481,475,474,-1,481,474,473,-1,479,478,481,-1,481,478,477,-1,481,477,476,-1,458,457,481,-1,481,457,480,-1,481,480,479,-1,461,460,481,-1,481,460,459,-1,481,459,458,-1,464,463,481,-1,481,463,462,-1,481,462,461,-1,467,466,481,-1,481,466,465,-1,481,465,464,-1,482,330,483,-1,483,330,329,-1,483,329,484,-1,484,329,328,-1,484,328,485,-1,485,328,327,-1,485,327,486,-1,486,327,326,-1,486,326,487,-1,487,326,317,-1,487,317,488,-1,488,317,316,-1,488,316,489,-1,489,316,322,-1,489,322,490,-1,490,322,321,-1,490,321,491,-1,491,321,320,-1,491,320,492,-1,492,320,319,-1,492,319,493,-1,493,319,337,-1,493,337,494,-1,494,337,336,-1,494,336,495,-1,495,336,335,-1,495,335,496,-1,496,335,325,-1,496,325,497,-1,497,325,324,-1,497,324,498,-1,498,324,323,-1,498,323,499,-1,499,323,315,-1,499,315,500,-1,500,315,314,-1,500,314,501,-1,501,314,334,-1,501,334,502,-1,502,334,333,-1,502,333,503,-1,503,333,332,-1,503,332,504,-1,504,332,318,-1,504,318,505,-1,505,318,331,-1,505,331,482,-1,482,331,330,-1,504,505,506,-1,506,505,482,-1,506,482,483,-1,501,502,506,-1,506,502,503,-1,506,503,504,-1,498,499,506,-1,506,499,500,-1,506,500,501,-1,495,496,506,-1,506,496,497,-1,506,497,498,-1,492,493,506,-1,506,493,494,-1,506,494,495,-1,489,490,506,-1,506,490,491,-1,506,491,492,-1,486,487,506,-1,506,487,488,-1,506,488,489,-1,483,484,506,-1,506,484,485,-1,506,485,486,-1,507,294,508,-1,508,294,293,-1,508,293,509,-1,509,293,266,-1,509,266,510,-1,510,266,267,-1,510,267,511,-1,511,267,268,-1,511,268,512,-1,512,268,303,-1,512,303,513,-1,513,303,302,-1,513,302,514,-1,514,302,301,-1,514,301,515,-1,515,301,286,-1,515,286,516,-1,516,286,285,-1,516,285,517,-1,517,285,312,-1,517,312,518,-1,518,312,313,-1,518,313,519,-1,519,313,306,-1,519,306,520,-1,520,306,308,-1,520,308,521,-1,521,308,307,-1,521,307,522,-1,522,307,292,-1,522,292,523,-1,523,292,291,-1,523,291,524,-1,524,291,290,-1,524,290,525,-1,525,290,289,-1,525,289,526,-1,526,289,288,-1,526,288,527,-1,527,288,278,-1,527,278,528,-1,528,278,277,-1,528,277,529,-1,529,277,276,-1,529,276,530,-1,530,276,295,-1,530,295,507,-1,507,295,294,-1,529,530,531,-1,531,530,507,-1,531,507,508,-1,526,527,531,-1,531,527,528,-1,531,528,529,-1,523,524,531,-1,531,524,525,-1,531,525,526,-1,520,521,531,-1,531,521,522,-1,531,522,523,-1,517,518,531,-1,531,518,519,-1,531,519,520,-1,514,515,531,-1,531,515,516,-1,531,516,517,-1,511,512,531,-1,531,512,513,-1,531,513,514,-1,508,509,531,-1,531,509,510,-1,531,510,511,-1,532,236,533,-1,533,236,235,-1,533,235,534,-1,534,235,234,-1,534,234,535,-1,535,234,233,-1,535,233,536,-1,536,233,232,-1,536,232,537,-1,537,232,231,-1,537,231,538,-1,538,231,230,-1,538,230,539,-1,539,230,229,-1,539,229,540,-1,540,229,219,-1,540,219,541,-1,541,219,218,-1,541,218,542,-1,542,218,241,-1,542,241,543,-1,543,241,240,-1,543,240,544,-1,544,240,228,-1,544,228,545,-1,545,228,227,-1,545,227,546,-1,546,227,226,-1,546,226,547,-1,547,226,221,-1,547,221,548,-1,548,221,220,-1,548,220,549,-1,549,220,225,-1,549,225,550,-1,550,225,224,-1,550,224,551,-1,551,224,223,-1,551,223,552,-1,552,223,222,-1,552,222,553,-1,553,222,239,-1,553,239,554,-1,554,239,238,-1,554,238,555,-1,555,238,237,-1,555,237,532,-1,532,237,236,-1,554,555,556,-1,556,555,532,-1,556,532,533,-1,551,552,556,-1,556,552,553,-1,556,553,554,-1,548,549,556,-1,556,549,550,-1,556,550,551,-1,545,546,556,-1,556,546,547,-1,556,547,548,-1,542,543,556,-1,556,543,544,-1,556,544,545,-1,539,540,556,-1,556,540,541,-1,556,541,542,-1,536,537,556,-1,556,537,538,-1,556,538,539,-1,533,534,556,-1,556,534,535,-1,556,535,536,-1,557,247,558,-1,558,247,265,-1,558,265,559,-1,559,265,264,-1,559,264,560,-1,560,264,260,-1,560,260,561,-1,561,260,259,-1,561,259,562,-1,562,259,258,-1,562,258,563,-1,563,258,257,-1,563,257,564,-1,564,257,263,-1,564,263,565,-1,565,263,262,-1,565,262,566,-1,566,262,261,-1,566,261,567,-1,567,261,256,-1,567,256,568,-1,568,256,255,-1,568,255,569,-1,569,255,254,-1,569,254,570,-1,570,254,253,-1,570,253,571,-1,571,253,246,-1,571,246,572,-1,572,246,245,-1,572,245,573,-1,573,245,252,-1,573,252,574,-1,574,252,251,-1,574,251,575,-1,575,251,250,-1,575,250,576,-1,576,250,249,-1,576,249,577,-1,577,249,248,-1,577,248,578,-1,578,248,244,-1,578,244,579,-1,579,244,243,-1,579,243,580,-1,580,243,242,-1,580,242,557,-1,557,242,247,-1,579,580,581,-1,581,580,557,-1,581,557,558,-1,576,577,581,-1,581,577,578,-1,581,578,579,-1,573,574,581,-1,581,574,575,-1,581,575,576,-1,570,571,581,-1,581,571,572,-1,581,572,573,-1,567,568,581,-1,581,568,569,-1,581,569,570,-1,564,565,581,-1,581,565,566,-1,581,566,567,-1,561,562,581,-1,581,562,563,-1,581,563,564,-1,558,559,581,-1,581,559,560,-1,581,560,561,-1,582,287,583,-1,583,287,298,-1,583,298,584,-1,584,298,297,-1,584,297,585,-1,585,297,296,-1,585,296,586,-1,586,296,300,-1,586,300,587,-1,587,300,299,-1,587,299,588,-1,588,299,275,-1,588,275,589,-1,589,275,274,-1,589,274,590,-1,590,274,273,-1,590,273,591,-1,591,273,272,-1,591,272,592,-1,592,272,284,-1,592,284,593,-1,593,284,283,-1,593,283,594,-1,594,283,282,-1,594,282,595,-1,595,282,281,-1,595,281,596,-1,596,281,280,-1,596,280,597,-1,597,280,279,-1,597,279,598,-1,598,279,269,-1,598,269,599,-1,599,269,270,-1,599,270,600,-1,600,270,271,-1,600,271,601,-1,601,271,309,-1,601,309,602,-1,602,309,305,-1,602,305,603,-1,603,305,304,-1,603,304,604,-1,604,304,311,-1,604,311,605,-1,605,311,310,-1,605,310,582,-1,582,310,287,-1,604,605,606,-1,606,605,582,-1,606,582,583,-1,601,602,606,-1,606,602,603,-1,606,603,604,-1,598,599,606,-1,606,599,600,-1,606,600,601,-1,595,596,606,-1,606,596,597,-1,606,597,598,-1,592,593,606,-1,606,593,594,-1,606,594,595,-1,589,590,606,-1,606,590,591,-1,606,591,592,-1,586,587,606,-1,606,587,588,-1,606,588,589,-1,583,584,606,-1,606,584,585,-1,606,585,586,-1,355,346,0,-1,0,346,1,-1,351,347,356,-1,356,347,349,-1,356,349,355,-1,355,349,346,-1,607,608,609,-1,609,608,610,-1,611,612,613,-1,613,612,614,-1,615,616,617,-1,617,616,618,-1,619,620,621,-1,618,608,622,-1,620,623,621,-1,621,623,624,-1,621,624,625,-1,622,626,618,-1,618,626,627,-1,618,627,621,-1,621,627,628,-1,621,628,619,-1,618,614,608,-1,608,614,612,-1,608,612,610,-1,610,612,629,-1,630,624,631,-1,631,624,632,-1,630,633,624,-1,624,633,634,-1,624,634,635,-1,636,637,638,-1,638,637,639,-1,618,616,614,-1,614,616,639,-1,614,639,640,-1,640,639,637,-1,641,642,643,-1,635,644,624,-1,624,644,645,-1,624,645,625,-1,641,643,612,-1,612,643,646,-1,612,646,629,-1,608,607,647,-1,608,647,622,-1,607,648,647,-1,647,648,649,-1,647,649,650,-1,621,651,618,-1,618,651,652,-1,652,653,654,-1,654,655,652,-1,652,655,617,-1,652,617,618,-1,625,645,656,-1,656,657,625,-1,625,657,658,-1,625,658,621,-1,621,658,659,-1,621,659,651,-1,644,635,660,-1,660,661,644,-1,644,661,662,-1,644,662,645,-1,645,662,663,-1,645,663,656,-1,634,633,664,-1,664,665,634,-1,634,665,666,-1,634,666,635,-1,635,666,667,-1,635,667,660,-1,630,631,668,-1,668,669,630,-1,630,669,670,-1,630,670,633,-1,633,670,671,-1,633,671,664,-1,632,672,631,-1,631,672,673,-1,631,673,668,-1,624,674,632,-1,632,674,675,-1,632,675,672,-1,623,676,624,-1,624,676,677,-1,624,677,674,-1,620,678,623,-1,623,678,679,-1,623,679,676,-1,619,680,620,-1,620,680,681,-1,620,681,678,-1,628,682,619,-1,619,682,683,-1,619,683,680,-1,627,684,628,-1,628,684,685,-1,628,685,682,-1,626,686,627,-1,627,686,687,-1,627,687,684,-1,647,688,622,-1,622,688,689,-1,622,689,626,-1,626,689,690,-1,626,690,686,-1,609,610,691,-1,691,610,629,-1,691,629,692,-1,692,629,646,-1,692,646,693,-1,693,646,643,-1,693,643,694,-1,694,643,642,-1,694,642,695,-1,695,642,641,-1,695,641,611,-1,611,641,612,-1,613,614,696,-1,696,614,640,-1,696,640,697,-1,697,640,637,-1,697,637,698,-1,698,637,636,-1,698,636,699,-1,699,636,638,-1,699,638,700,-1,700,638,639,-1,700,639,615,-1,615,639,616,-1,24,701,702,-1,703,695,611,-1,611,704,703,-1,703,704,705,-1,703,705,706,-1,705,707,706,-1,706,707,708,-1,706,708,709,-1,708,710,709,-1,709,710,711,-1,709,711,712,-1,609,691,713,-1,713,691,714,-1,713,714,715,-1,715,714,716,-1,715,716,717,-1,717,716,718,-1,717,718,719,-1,719,718,720,-1,719,720,721,-1,721,720,722,-1,721,722,701,-1,691,692,714,-1,714,692,723,-1,714,723,716,-1,716,723,724,-1,716,724,718,-1,718,724,725,-1,718,725,720,-1,720,725,726,-1,720,726,722,-1,722,726,727,-1,692,693,723,-1,723,693,728,-1,723,728,724,-1,724,728,729,-1,724,729,725,-1,725,729,730,-1,725,730,726,-1,726,730,731,-1,726,731,727,-1,727,731,732,-1,693,694,728,-1,728,694,733,-1,728,733,729,-1,729,733,734,-1,729,734,730,-1,730,734,735,-1,730,735,731,-1,731,735,736,-1,731,736,732,-1,732,736,737,-1,694,695,733,-1,733,695,703,-1,733,703,734,-1,734,703,706,-1,734,706,735,-1,735,706,709,-1,735,709,736,-1,736,709,712,-1,736,712,737,-1,737,712,738,-1,711,739,712,-1,712,739,740,-1,712,740,738,-1,738,740,741,-1,738,741,742,-1,701,722,702,-1,702,722,727,-1,702,727,743,-1,743,727,732,-1,743,732,744,-1,744,732,737,-1,744,737,745,-1,745,737,738,-1,745,738,746,-1,746,738,742,-1,746,742,747,-1,24,702,25,-1,25,702,743,-1,25,743,26,-1,26,743,744,-1,26,744,27,-1,27,744,745,-1,27,745,28,-1,28,745,746,-1,28,746,38,-1,38,746,747,-1,38,747,39,-1,748,749,719,-1,607,609,648,-1,648,609,713,-1,648,713,649,-1,649,713,650,-1,650,713,715,-1,650,715,750,-1,751,752,717,-1,717,752,753,-1,717,753,715,-1,715,753,754,-1,715,754,750,-1,749,755,719,-1,719,755,756,-1,719,756,717,-1,717,756,757,-1,717,757,751,-1,758,759,721,-1,721,759,760,-1,721,760,719,-1,719,760,761,-1,719,761,748,-1,701,86,85,-1,701,85,721,-1,721,85,762,-1,721,762,758,-1,24,36,701,-1,701,36,89,-1,701,89,86,-1,611,613,704,-1,704,613,763,-1,704,763,705,-1,705,763,764,-1,705,764,707,-1,707,764,765,-1,707,765,708,-1,708,765,766,-1,708,766,710,-1,710,766,767,-1,710,767,711,-1,711,767,768,-1,711,768,739,-1,739,768,769,-1,739,769,740,-1,740,769,770,-1,740,770,741,-1,741,770,771,-1,741,771,742,-1,742,771,772,-1,742,772,747,-1,747,772,773,-1,747,773,39,-1,39,773,40,-1,774,653,652,-1,775,776,777,-1,778,779,780,-1,781,782,783,-1,784,785,786,-1,787,788,789,-1,790,791,792,-1,792,791,793,-1,792,793,794,-1,760,759,795,-1,759,758,795,-1,795,758,762,-1,795,762,85,-1,796,761,760,-1,755,749,797,-1,797,749,748,-1,797,748,761,-1,757,756,798,-1,798,756,755,-1,752,751,799,-1,799,751,757,-1,754,753,800,-1,800,753,752,-1,801,750,754,-1,658,802,803,-1,774,652,804,-1,804,652,651,-1,804,651,803,-1,803,651,659,-1,803,659,658,-1,662,805,806,-1,658,657,802,-1,802,657,656,-1,802,656,806,-1,806,656,663,-1,806,663,662,-1,666,807,808,-1,662,661,805,-1,805,661,660,-1,805,660,808,-1,808,660,667,-1,808,667,666,-1,666,665,807,-1,807,665,664,-1,807,664,809,-1,809,664,671,-1,809,671,810,-1,810,671,670,-1,670,669,810,-1,810,669,668,-1,810,668,811,-1,668,673,811,-1,811,673,672,-1,811,672,812,-1,812,672,675,-1,812,675,813,-1,813,675,674,-1,813,674,814,-1,674,677,814,-1,814,677,676,-1,814,676,815,-1,815,676,679,-1,679,678,815,-1,815,678,681,-1,815,681,816,-1,685,817,818,-1,681,680,816,-1,816,680,683,-1,816,683,818,-1,818,683,682,-1,818,682,685,-1,690,819,820,-1,685,684,817,-1,817,684,687,-1,817,687,820,-1,820,687,686,-1,820,686,690,-1,690,689,819,-1,819,689,688,-1,819,688,801,-1,801,688,647,-1,801,647,750,-1,750,647,650,-1,754,800,801,-1,801,800,821,-1,801,821,819,-1,819,821,822,-1,819,822,820,-1,820,822,823,-1,820,823,817,-1,817,823,824,-1,817,824,818,-1,818,824,825,-1,818,825,816,-1,816,825,826,-1,816,826,815,-1,815,826,827,-1,815,827,814,-1,814,827,828,-1,814,828,813,-1,813,828,829,-1,813,829,812,-1,812,829,830,-1,812,830,811,-1,811,830,831,-1,811,831,810,-1,810,831,832,-1,810,832,809,-1,809,832,833,-1,809,833,807,-1,807,833,834,-1,807,834,808,-1,808,834,835,-1,808,835,805,-1,805,835,836,-1,805,836,806,-1,806,836,837,-1,806,837,802,-1,802,837,838,-1,802,838,803,-1,803,838,775,-1,803,775,804,-1,804,775,777,-1,804,777,774,-1,752,799,800,-1,800,799,839,-1,800,839,821,-1,821,839,840,-1,821,840,822,-1,822,840,841,-1,822,841,823,-1,823,841,842,-1,823,842,824,-1,824,842,843,-1,824,843,825,-1,825,843,844,-1,825,844,826,-1,826,844,845,-1,826,845,827,-1,827,845,846,-1,827,846,828,-1,828,846,847,-1,828,847,829,-1,829,847,848,-1,829,848,830,-1,830,848,849,-1,830,849,831,-1,831,849,850,-1,831,850,832,-1,832,850,851,-1,832,851,833,-1,833,851,852,-1,833,852,834,-1,834,852,853,-1,834,853,835,-1,835,853,854,-1,835,854,836,-1,836,854,855,-1,836,855,837,-1,837,855,856,-1,837,856,838,-1,838,856,778,-1,838,778,775,-1,775,778,780,-1,775,780,776,-1,757,798,799,-1,799,798,857,-1,799,857,839,-1,839,857,858,-1,839,858,840,-1,840,858,859,-1,840,859,841,-1,841,859,860,-1,841,860,842,-1,842,860,861,-1,842,861,843,-1,843,861,862,-1,843,862,844,-1,844,862,863,-1,844,863,845,-1,845,863,864,-1,845,864,846,-1,846,864,865,-1,846,865,847,-1,847,865,866,-1,847,866,848,-1,848,866,867,-1,848,867,849,-1,849,867,868,-1,849,868,850,-1,850,868,869,-1,850,869,851,-1,851,869,870,-1,851,870,852,-1,852,870,871,-1,852,871,853,-1,853,871,872,-1,853,872,854,-1,854,872,873,-1,854,873,855,-1,855,873,874,-1,855,874,856,-1,856,874,781,-1,856,781,778,-1,778,781,783,-1,778,783,779,-1,755,797,798,-1,798,797,875,-1,798,875,857,-1,857,875,876,-1,857,876,858,-1,858,876,877,-1,858,877,859,-1,859,877,878,-1,859,878,860,-1,860,878,879,-1,860,879,861,-1,861,879,880,-1,861,880,862,-1,862,880,881,-1,862,881,863,-1,863,881,882,-1,863,882,864,-1,864,882,883,-1,864,883,865,-1,865,883,884,-1,865,884,866,-1,866,884,885,-1,866,885,867,-1,867,885,886,-1,867,886,868,-1,868,886,887,-1,868,887,869,-1,869,887,888,-1,869,888,870,-1,870,888,889,-1,870,889,871,-1,871,889,890,-1,871,890,872,-1,872,890,891,-1,872,891,873,-1,873,891,892,-1,873,892,874,-1,874,892,784,-1,874,784,781,-1,781,784,786,-1,781,786,782,-1,761,796,797,-1,797,796,893,-1,797,893,875,-1,875,893,894,-1,875,894,876,-1,876,894,895,-1,876,895,877,-1,877,895,896,-1,877,896,878,-1,878,896,897,-1,878,897,879,-1,879,897,898,-1,879,898,880,-1,880,898,899,-1,880,899,881,-1,881,899,900,-1,881,900,882,-1,882,900,901,-1,882,901,883,-1,883,901,902,-1,883,902,884,-1,884,902,903,-1,884,903,885,-1,885,903,904,-1,885,904,886,-1,886,904,905,-1,886,905,887,-1,887,905,906,-1,887,906,888,-1,888,906,907,-1,888,907,889,-1,889,907,908,-1,889,908,890,-1,890,908,909,-1,890,909,891,-1,891,909,910,-1,891,910,892,-1,892,910,787,-1,892,787,784,-1,784,787,789,-1,784,789,785,-1,760,911,796,-1,796,911,912,-1,796,912,893,-1,893,912,913,-1,893,913,894,-1,894,913,914,-1,894,914,895,-1,895,914,915,-1,895,915,896,-1,896,915,916,-1,896,916,897,-1,897,916,917,-1,897,917,898,-1,898,917,918,-1,898,918,899,-1,899,918,919,-1,899,919,900,-1,900,919,920,-1,900,920,901,-1,901,920,921,-1,901,921,902,-1,902,921,922,-1,902,922,903,-1,903,922,923,-1,903,923,904,-1,904,923,924,-1,904,924,905,-1,905,924,925,-1,905,925,906,-1,906,925,926,-1,906,926,907,-1,907,926,927,-1,907,927,908,-1,908,927,928,-1,908,928,909,-1,909,928,929,-1,909,929,910,-1,910,929,930,-1,910,930,787,-1,787,930,931,-1,787,931,788,-1,760,795,911,-1,911,795,932,-1,911,932,912,-1,912,932,933,-1,912,933,913,-1,913,933,934,-1,913,934,914,-1,914,934,935,-1,914,935,915,-1,915,935,936,-1,915,936,916,-1,916,936,937,-1,916,937,917,-1,917,937,938,-1,917,938,918,-1,918,938,939,-1,918,939,919,-1,919,939,940,-1,919,940,920,-1,920,940,941,-1,920,941,921,-1,921,941,942,-1,921,942,922,-1,922,942,943,-1,922,943,923,-1,923,943,944,-1,923,944,924,-1,924,944,945,-1,924,945,925,-1,925,945,946,-1,925,946,926,-1,926,946,947,-1,926,947,927,-1,927,947,948,-1,927,948,928,-1,928,948,949,-1,928,949,929,-1,929,949,792,-1,929,792,930,-1,930,792,794,-1,930,794,931,-1,85,80,795,-1,795,80,79,-1,795,79,932,-1,932,79,84,-1,932,84,933,-1,933,84,92,-1,933,92,934,-1,934,92,91,-1,934,91,935,-1,935,91,90,-1,935,90,936,-1,936,90,78,-1,936,78,937,-1,937,78,77,-1,937,77,938,-1,938,77,76,-1,938,76,939,-1,939,76,71,-1,939,71,940,-1,940,71,72,-1,940,72,941,-1,941,72,75,-1,941,75,942,-1,942,75,74,-1,942,74,943,-1,943,74,73,-1,943,73,944,-1,944,73,95,-1,944,95,945,-1,945,95,94,-1,945,94,946,-1,946,94,93,-1,946,93,947,-1,947,93,88,-1,947,88,948,-1,948,88,87,-1,948,87,949,-1,949,87,83,-1,949,83,792,-1,792,83,82,-1,792,82,790,-1,950,700,615,-1,613,696,763,-1,763,696,951,-1,763,951,764,-1,764,951,952,-1,615,953,950,-1,950,953,954,-1,950,954,955,-1,956,766,952,-1,952,766,765,-1,952,765,764,-1,954,957,955,-1,955,957,958,-1,955,958,959,-1,960,768,956,-1,956,768,767,-1,956,767,766,-1,958,961,959,-1,959,961,962,-1,959,962,963,-1,772,771,964,-1,964,771,770,-1,964,770,960,-1,960,770,769,-1,960,769,768,-1,696,697,951,-1,951,697,965,-1,951,965,952,-1,952,965,966,-1,952,966,956,-1,956,966,967,-1,956,967,960,-1,960,967,968,-1,960,968,964,-1,964,968,969,-1,697,698,965,-1,965,698,970,-1,965,970,966,-1,966,970,971,-1,966,971,967,-1,967,971,972,-1,967,972,968,-1,968,972,973,-1,968,973,969,-1,969,973,974,-1,698,699,970,-1,970,699,975,-1,970,975,971,-1,971,975,976,-1,971,976,972,-1,972,976,977,-1,972,977,973,-1,973,977,978,-1,973,978,974,-1,974,978,979,-1,699,700,975,-1,975,700,950,-1,975,950,976,-1,976,950,955,-1,976,955,977,-1,977,955,959,-1,977,959,978,-1,978,959,963,-1,978,963,979,-1,979,963,980,-1,40,773,981,-1,981,773,772,-1,962,982,963,-1,963,982,983,-1,963,983,980,-1,980,983,984,-1,980,984,985,-1,772,964,981,-1,981,964,969,-1,981,969,986,-1,986,969,974,-1,986,974,987,-1,987,974,979,-1,987,979,988,-1,988,979,980,-1,988,980,989,-1,989,980,985,-1,989,985,990,-1,40,981,29,-1,29,981,986,-1,29,986,30,-1,30,986,987,-1,30,987,31,-1,31,987,988,-1,31,988,32,-1,32,988,989,-1,32,989,33,-1,33,989,990,-1,33,990,34,-1,790,82,985,-1,985,82,81,-1,985,81,990,-1,990,81,35,-1,990,35,34,-1,790,985,791,-1,791,985,984,-1,791,984,793,-1,793,984,983,-1,793,983,794,-1,982,788,983,-1,983,788,931,-1,983,931,794,-1,962,785,982,-1,982,785,789,-1,982,789,788,-1,961,782,962,-1,962,782,786,-1,962,786,785,-1,958,779,961,-1,961,779,783,-1,961,783,782,-1,774,777,957,-1,957,777,776,-1,957,776,958,-1,958,776,780,-1,958,780,779,-1,615,617,953,-1,953,617,655,-1,953,655,954,-1,954,655,654,-1,954,654,957,-1,957,654,653,-1,957,653,774,-1,
        ]
    }
}
Shape{
    appearance Appearance {
        material  Material 	{
            diffuseColor 0.6666666666666666 0.6980392156862745 0.7686274509803922
            specularColor 0.3333333333333333 0.34901960784313724 0.3843137254901961
            ambientIntensity 0.6967
            transparency 0.0
            shininess 0.5
        }
    }
    geometry IndexedFaceSet {
        ccw TRUE
        solid FALSE
        coord DEF co Coordinate {
            point [
                -0.8347 0.9197 0.1705, -0.8347 0.9197 -0.6904, -0.5394 0.9197 0.1705, -0.5394 0.9197 -0.6904, -0.8347 1.0771 0.1705, -0.5394 1.0771 0.1705, -0.8347 1.0771 -0.6904, -0.5394 1.0771 -0.6904, -0.8347 1.1226 -0.7691, -0.5394 1.1226 -0.7691, -0.5394 1.136 -0.7992, -0.8347 1.136 -0.7992, -0.5394 1.1428 -0.8314, -0.8347 1.1428 -0.8314, -0.5394 1.1428 -0.8643, -0.8347 1.1428 -0.8643, -0.5394 1.136 -0.8965, -0.8347 1.136 -0.8965, -0.5394 1.1226 -0.9266, -0.8347 1.1226 -0.9266, -0.8347 1.0771 -1.0053, -0.5394 1.0771 -1.0053, -0.608 1.0771 -1.378, -0.7661 1.0771 -1.378, -0.5394 1.0771 -1.122, -0.8347 1.0771 -1.122, -0.608 0.9197 -1.378, -0.7661 0.9197 -1.378, -0.5394 0.9197 -1.0053, -0.8347 0.9197 -1.0053, -0.5394 0.9197 -1.122, -0.8347 0.9197 -1.122, -0.5394 0.9221 -0.978, -0.8347 0.9221 -0.978, -0.5394 0.9292 -0.9515, -0.8347 0.9292 -0.9515, -0.5394 0.9408 -0.9266, -0.8347 0.9408 -0.9266, -0.8347 0.9862 -0.8479, -0.5394 0.9862 -0.8479, -0.8347 0.9408 -0.7691, -0.5394 0.9408 -0.7691, -0.5394 0.9292 -0.7442, -0.8347 0.9292 -0.7442, -0.5394 0.9221 -0.7177, -0.8347 0.9221 -0.7177
            ]
        }
        coordIndex [
            0,1,2,-1,2,1,3,-1,4,0,5,-1,5,0,2,-1,6,4,7,-1,7,4,5,-1,8,6,9,-1,9,6,7,-1,8,9,10,-1,8,10,11,-1,11,10,12,-1,11,12,13,-1,13,12,14,-1,13,14,15,-1,15,14,16,-1,15,16,17,-1,17,16,18,-1,17,18,19,-1,20,19,21,-1,21,19,18,-1,22,23,24,-1,24,23,25,-1,24,25,21,-1,21,25,20,-1,26,27,22,-1,22,27,23,-1,28,29,30,-1,30,29,31,-1,30,31,26,-1,26,31,27,-1,29,28,32,-1,29,32,33,-1,33,32,34,-1,33,34,35,-1,35,34,36,-1,35,36,37,-1,38,37,39,-1,39,37,36,-1,40,38,41,-1,41,38,39,-1,40,41,42,-1,40,42,43,-1,43,42,44,-1,43,44,45,-1,45,44,3,-1,45,3,1,-1,33,20,29,-1,29,20,25,-1,29,25,31,-1,0,4,1,-1,1,4,6,-1,40,43,6,-1,6,43,45,-1,6,45,1,-1,33,35,20,-1,20,35,37,-1,20,37,19,-1,19,37,38,-1,19,38,17,-1,40,6,38,-1,38,6,8,-1,38,8,11,-1,11,13,38,-1,38,13,15,-1,38,15,17,-1,44,7,3,-1,3,7,5,-1,3,5,2,-1,16,14,39,-1,30,24,28,-1,28,24,21,-1,36,34,21,-1,21,34,32,-1,21,32,28,-1,44,42,7,-1,7,42,41,-1,7,41,9,-1,9,41,39,-1,36,21,39,-1,39,21,18,-1,39,18,16,-1,14,12,39,-1,39,12,10,-1,39,10,9,-1,22,24,26,-1,26,24,30,-1,25,23,31,-1,31,23,27,-1,
        ]
    }
}
Shape{
    appearance Appearance {
        material  Material 	{
            diffuseColor 0.8235294117647058 0.8235294117647058 0.8235294117647058
            specularColor 0.4117647058823529 0.4117647058823529 0.4117647058823529
            ambientIntensity 0.8235
            transparency 0.0
            shininess 0.5
        }
    }
    geometry IndexedFaceSet {
        ccw TRUE
        solid FALSE
        coord DEF co Coordinate {
            point [
                -1.4744 0.108 5.4724, -1.6281 -0.0998 5.4724, -1.4744 -0.0998 5.4724, -1.4744 1.1811 4.394, -2.6555 1.1811 4.394, -1.4744 0.8827 4.394, -2.6555 0.8827 4.394, -2.6555 -0.3313 4.394, -1.4744 -0.3313 4.394, -2.6555 -0.2287 4.394, -1.4744 -0.2287 4.394, -1.4744 0.8827 4.6063, -1.4744 1.405 4.6063, -1.4744 -0.2287 4.6063, -1.4744 -0.3313 4.6063, -2.6555 1.405 4.6063, -2.6555 0.8827 4.6063, -2.6555 -0.3313 4.6063, -2.6555 -0.2287 4.6063, -1.376 -0.1476 4.6063, -1.376 1.5038 4.6063, -1.376 -1.039 4.6063, -2.754 -1.039 4.6063, -2.3406 -1.039 4.6063, -2.3406 -0.8421 4.6063, -2.754 -0.1476 4.6063, -2.2714 -0.6751 4.6063, -2.2225 -0.6376 4.6063, -1.9075 -0.6376 4.6063, -1.8586 -0.6751 4.6063, -2.754 1.5038 4.6063, -2.3089 -0.724 4.6063, -1.9645 -0.614 4.6063, -1.821 -0.724 4.6063, -1.7974 -0.781 4.6063, -1.7894 -0.8421 4.6063, -1.7894 -1.039 4.6063, -2.3325 -0.781 4.6063, -2.1655 -0.614 4.6063, -2.1043 -0.6059 4.6063, -2.0256 -0.6059 4.6063, -2.754 1.9039 3.7757, -1.376 1.9039 3.7757, -1.376 1.9039 2.2965, -2.754 1.9039 2.2965, -1.376 1.9039 2.6331, -2.754 1.9039 2.6331, -2.754 1.832 2.2246, -1.376 1.832 2.2246, -2.754 1.832 1.6716, -1.376 1.832 1.6716, -2.754 1.9039 1.5996, -1.376 1.9039 1.5996, -2.754 1.9039 0.0394, -1.376 1.9039 0.0394, -2.754 1.5038 0.0394, -1.376 1.5038 0.0394, -2.754 1.5038 0.1705, -1.376 1.5038 0.1705, -1.376 -2.5292 0.1705, -2.754 -2.5292 0.1705, -1.376 -0.1476 0.1705, -2.754 -0.1476 0.1705, -2.754 -2.5292 0.0394, -1.376 -2.5292 0.0394, -2.754 -2.8599 0.0394, -1.376 -2.8599 0.0394, -1.376 -2.8599 2.7854, -2.754 -2.8599 2.7854, -1.376 -2.8599 2.6331, -2.754 -2.8599 2.6331, -2.0891 -1.7239 3.9214, -2.0161 -1.7216 3.9237, -1.7884 -1.6111 4.0342, -1.8639 -1.6694 3.9759, -1.9415 -1.7048 3.9405, -2.1629 -1.7122 3.933, -2.2395 -1.6838 3.9614, -2.3185 -1.6321 4.0131, -2.4313 -1.1868 4.4585, -2.385 -1.1016 4.5437, -1.7944 -1.0393 4.606, -1.7994 -1.0403 4.605, -1.7636 -1.0776 4.5676, -2.4555 -1.2814 4.3639, -2.3305 -1.0403 4.605, -2.3355 -1.0393 4.606, -1.7104 -1.1598 4.4854, -1.6791 -1.2528 4.3925, -2.3848 -1.5605 4.0848, -2.4316 -1.4744 4.1709, -2.4557 -1.3793 4.2659, -1.6718 -1.3506 4.2947, -1.6887 -1.4468 4.1984, -1.7286 -1.5355 4.1098, -2.754 -2.3381 2.762, -2.754 -2.2897 2.7248, -2.754 -2.3985 2.9876, -2.754 -2.4065 2.9271, -2.754 -2.3985 2.8667, -2.754 -2.3752 2.8103, -2.754 -2.0561 2.7248, -2.754 -2.0077 2.762, -2.754 -0.1476 2.6331, -2.754 -1.9706 2.8103, -2.754 -1.9472 2.8667, -2.754 -2.0077 3.0923, -2.754 -2.0561 3.1294, -2.754 -2.2333 2.7015, -2.754 -2.1729 2.6935, -2.754 -2.1124 2.7015, -2.754 -1.9393 2.9271, -2.754 -1.9472 2.9876, -2.754 -1.9706 3.0439, -2.754 -2.1124 3.1528, -2.754 -2.1729 3.1607, -2.754 -2.2333 3.1528, -2.754 -2.2897 3.1294, -2.754 -2.3381 3.0923, -2.754 -2.3752 3.0439, -2.754 -2.5957 0.5734, -2.754 -2.617 0.6249, -2.754 -2.6243 0.6802, -2.754 -2.2595 0.5291, -2.754 -2.2256 0.5734, -2.754 -2.2042 0.7355, -2.754 -2.1969 0.6802, -2.754 -2.2042 0.6249, -2.754 -2.5617 0.8313, -2.754 -2.5957 0.787, -2.754 -2.617 0.7355, -2.754 -2.5617 0.5291, -2.754 -2.5174 0.4952, -2.754 -2.4659 0.4738, -2.754 -2.4106 0.4665, -2.754 -2.3553 0.4738, -2.754 -2.3038 0.4952, -2.754 -1.4157 1.7991, -2.754 -1.4618 1.8591, -2.754 -1.7418 1.9341, -2.754 -1.8117 1.9052, -2.754 -1.8717 1.8591, -2.754 -1.9178 1.7991, -2.754 -1.9468 1.7292, -2.754 -1.3867 1.5791, -2.754 -1.3768 1.6541, -2.754 -1.3867 1.7292, -2.754 -1.9178 1.5092, -2.754 -2.4106 0.8939, -2.754 -2.4659 0.8866, -2.754 -2.2595 0.8313, -2.754 -1.8117 1.4031, -2.754 -1.7418 1.3741, -2.754 -1.5218 1.9052, -2.754 -1.5917 1.9341, -2.754 -1.6667 1.944, -2.754 -1.6667 1.3642, -2.754 -1.5917 1.3741, -2.754 -2.2256 0.787, -2.754 -1.5218 1.4031, -2.754 -1.4618 1.4491, -2.754 -1.4157 1.5092, -2.754 -1.9566 1.6541, -2.754 -1.9468 1.5791, -2.754 -2.5174 0.8652, -2.754 -1.8717 1.4491, -2.754 -2.3038 0.8652, -2.754 -2.3553 0.8866, -2.754 1.5117 2.5012, -2.754 1.4612 2.5399, -2.754 1.583 2.329, -2.754 1.5747 2.392, -2.754 1.5504 2.4508, -2.754 1.4612 2.118, -2.754 1.5117 2.1567, -2.754 1.5504 2.2072, -2.754 1.5747 2.2659, -2.754 1.2176 2.5399, -2.754 1.1672 2.5012, -2.754 1.1285 2.4508, -2.754 1.1041 2.392, -2.754 1.1672 2.1567, -2.754 1.2176 2.118, -2.754 1.4025 2.5643, -2.754 1.3394 2.5726, -2.754 1.2764 2.5643, -2.754 1.0958 2.329, -2.754 1.1041 2.2659, -2.754 1.1285 2.2072, -2.754 1.2764 2.0937, -2.754 1.3394 2.0854, -2.754 1.4025 2.0937, -2.754 1.0904 3.3666, -2.754 1.1162 3.3044, -2.754 1.1571 3.251, -2.754 1.1571 3.6156, -2.754 1.1162 3.5622, -2.754 1.0904 3.5, -2.754 1.0816 3.4333, -2.754 1.4061 3.1843, -2.754 1.4683 3.21, -2.754 1.5217 3.251, -2.754 1.5884 3.5, -2.754 1.5627 3.5622, -2.754 1.5217 3.6156, -2.754 1.4683 3.6565, -2.754 1.4061 3.6823, -2.754 1.3394 3.6911, -2.754 1.2727 3.6823, -2.754 1.2105 3.6565, -2.754 1.2105 3.21, -2.754 1.2727 3.1843, -2.754 1.3394 3.1755, -2.754 1.5627 3.3044, -2.754 1.5884 3.3666, -2.754 1.5972 3.4333, -1.376 1.5627 3.3044, -1.376 1.5217 3.251, -1.376 1.0816 3.4333, -1.376 1.0904 3.5, -1.376 1.1162 3.5622, -1.376 1.3394 3.6911, -1.376 1.4061 3.6823, -1.376 1.4683 3.6565, -1.376 1.5217 3.6156, -1.376 1.5627 3.5622, -1.376 1.5884 3.5, -1.376 1.5972 3.4333, -1.376 1.5884 3.3666, -1.376 1.1571 3.251, -1.376 1.1162 3.3044, -1.376 -0.1476 2.6331, -1.376 1.0904 3.3666, -1.376 1.4683 3.21, -1.376 1.4061 3.1843, -1.376 1.3394 3.1755, -1.376 1.1571 3.6156, -1.376 1.2105 3.6565, -1.376 1.2727 3.6823, -1.376 1.2727 3.1843, -1.376 1.2105 3.21, -1.376 1.4025 2.5643, -1.376 1.4612 2.5399, -1.376 1.5117 2.5012, -1.376 1.5117 2.1567, -1.376 1.4612 2.118, -1.376 1.3394 2.5726, -1.376 1.5504 2.4508, -1.376 1.5747 2.392, -1.376 1.583 2.329, -1.376 1.5747 2.2659, -1.376 1.5504 2.2072, -1.376 1.3394 2.0854, -1.376 1.2764 2.0937, -1.376 1.4025 2.0937, -1.376 1.2176 2.118, -1.376 1.1672 2.1567, -1.376 1.1285 2.2072, -1.376 1.1041 2.2659, -1.376 1.0958 2.329, -1.376 1.1041 2.392, -1.376 1.1285 2.4508, -1.376 1.1672 2.5012, -1.376 1.2176 2.5399, -1.376 1.2764 2.5643, -1.376 -2.2042 0.7355, -1.376 -2.1969 0.6802, -1.376 -2.2042 0.6249, -1.376 -2.2256 0.5734, -1.376 -2.4659 0.8866, -1.376 -2.4106 0.8939, -1.376 -1.8717 1.4491, -1.376 -1.8717 1.8591, -1.376 -1.8117 1.9052, -1.376 -2.2595 0.5291, -1.376 -2.3038 0.4952, -1.376 -2.3553 0.4738, -1.376 -2.4106 0.4665, -1.376 -2.4659 0.4738, -1.376 -2.5174 0.4952, -1.376 -2.5617 0.5291, -1.376 -2.5957 0.5734, -1.376 -2.617 0.6249, -1.376 -2.6243 0.6802, -1.376 -1.5917 1.3741, -1.376 -1.6667 1.3642, -1.376 -2.3553 0.8866, -1.376 -2.3038 0.8652, -1.376 -1.8117 1.4031, -1.376 -2.2595 0.8313, -1.376 -1.7418 1.3741, -1.376 -1.3867 1.5791, -1.376 -1.4157 1.5092, -1.376 -1.4618 1.4491, -1.376 -1.5218 1.4031, -1.376 -1.9178 1.5092, -1.376 -2.5617 0.8313, -1.376 -2.5174 0.8652, -1.376 -2.617 0.7355, -1.376 -2.5957 0.787, -1.376 -1.9178 1.7991, -1.376 -1.5917 1.9341, -1.376 -1.6667 1.944, -1.376 -1.7418 1.9341, -1.376 -1.5218 1.9052, -1.376 -1.4618 1.8591, -1.376 -1.4157 1.7991, -1.376 -2.2256 0.787, -1.376 -1.9468 1.5791, -1.376 -1.9566 1.6541, -1.376 -1.9468 1.7292, -1.376 -1.3867 1.7292, -1.376 -1.3768 1.6541, -1.376 -1.9472 2.9876, -1.376 -1.9393 2.9271, -1.376 -1.9472 2.8667, -1.376 -1.9706 3.0439, -1.376 -2.4065 2.9271, -1.376 -2.3985 2.9876, -1.376 -2.0561 3.1294, -1.376 -2.0077 3.0923, -1.376 -2.2897 2.7248, -1.376 -2.3381 2.762, -1.376 -2.3752 2.8103, -1.376 -2.3985 2.8667, -1.376 -2.2333 3.1528, -1.376 -2.1729 3.1607, -1.376 -2.1124 3.1528, -1.376 -1.9706 2.8103, -1.376 -2.0077 2.762, -1.376 -2.0561 2.7248, -1.376 -2.3752 3.0439, -1.376 -2.3381 3.0923, -1.376 -2.2897 3.1294, -1.376 -2.1124 2.7015, -1.376 -2.1729 2.6935, -1.376 -2.2333 2.7015, -2.6555 0.8827 5.0536, -2.6555 1.0277 5.0536, -1.4744 0.8827 5.0536, -1.4744 1.0277 5.0536, -1.4744 -0.2287 4.7669, -2.6555 -0.2287 4.7669, -2.6555 -0.0998 4.7669, -1.4744 -0.0998 4.7669, -1.6281 -0.0998 5.2756, -2.1171 -0.0998 5.4724, -2.6555 -0.0998 5.4724, -2.1171 -0.0998 5.2756, -2.6555 0.8827 5.4724, -1.4744 0.769 5.4724, -1.4744 0.8827 5.4724, -2.6555 1.0277 5.2598, -1.4744 1.0277 5.2598, -1.4744 0.108 5.2756, -1.4744 0.769 5.2756, -2.8721 1.2727 3.6823, -2.8721 1.2105 3.6565, -2.8721 1.1571 3.6156, -2.8721 1.1162 3.5622, -2.8721 1.0904 3.5, -2.8721 1.0816 3.4333, -2.8721 1.0904 3.3666, -2.8721 1.1162 3.3044, -2.8721 1.1571 3.251, -2.8721 1.2105 3.21, -2.8721 1.2727 3.1843, -2.8721 1.3394 3.1755, -2.8721 1.4061 3.1843, -2.8721 1.4683 3.21, -2.8721 1.5217 3.251, -2.8721 1.5627 3.3044, -2.8721 1.5884 3.3666, -2.8721 1.5972 3.4333, -2.8721 1.5884 3.5, -2.8721 1.5627 3.5622, -2.8721 1.5217 3.6156, -2.8721 1.4683 3.6565, -2.8721 1.4061 3.6823, -2.8721 1.3394 3.6911, -2.8721 1.3394 3.4333, -2.8721 1.2764 2.5643, -2.8721 1.2176 2.5399, -2.8721 1.1672 2.5012, -2.8721 1.1285 2.4508, -2.8721 1.1041 2.392, -2.8721 1.0958 2.329, -2.8721 1.1041 2.2659, -2.8721 1.1285 2.2072, -2.8721 1.1672 2.1567, -2.8721 1.2176 2.118, -2.8721 1.2764 2.0937, -2.8721 1.3394 2.0854, -2.8721 1.4025 2.0937, -2.8721 1.4612 2.118, -2.8721 1.5117 2.1567, -2.8721 1.5504 2.2072, -2.8721 1.5747 2.2659, -2.8721 1.583 2.329, -2.8721 1.5747 2.392, -2.8721 1.5504 2.4508, -2.8721 1.5117 2.5012, -2.8721 1.4612 2.5399, -2.8721 1.4025 2.5643, -2.8721 1.3394 2.5726, -2.8721 1.3394 2.329, -2.8721 -2.2333 3.1528, -2.8721 -2.2897 3.1294, -2.8721 -2.3381 3.0923, -2.8721 -2.3752 3.0439, -2.8721 -2.3985 2.9876, -2.8721 -2.4065 2.9271, -2.8721 -2.3985 2.8667, -2.8721 -2.3752 2.8103, -2.8721 -2.3381 2.762, -2.8721 -2.2897 2.7248, -2.8721 -2.2333 2.7015, -2.8721 -2.1729 2.6935, -2.8721 -2.1124 2.7015, -2.8721 -2.0561 2.7248, -2.8721 -2.0077 2.762, -2.8721 -1.9706 2.8103, -2.8721 -1.9472 2.8667, -2.8721 -1.9393 2.9271, -2.8721 -1.9472 2.9876, -2.8721 -1.9706 3.0439, -2.8721 -2.0077 3.0923, -2.8721 -2.0561 3.1294, -2.8721 -2.1124 3.1528, -2.8721 -2.1729 3.1607, -2.8721 -2.1729 2.9271, -2.8721 -2.4659 0.8866, -2.8721 -2.5174 0.8652, -2.8721 -2.5617 0.8313, -2.8721 -2.5957 0.787, -2.8721 -2.617 0.7355, -2.8721 -2.6243 0.6802, -2.8721 -2.617 0.6249, -2.8721 -2.5957 0.5734, -2.8721 -2.5617 0.5291, -2.8721 -2.5174 0.4952, -2.8721 -2.4659 0.4738, -2.8721 -2.4106 0.4665, -2.8721 -2.3553 0.4738, -2.8721 -2.3038 0.4952, -2.8721 -2.2595 0.5291, -2.8721 -2.2256 0.5734, -2.8721 -2.2042 0.6249, -2.8721 -2.1969 0.6802, -2.8721 -2.2042 0.7355, -2.8721 -2.2256 0.787, -2.8721 -2.2595 0.8313, -2.8721 -2.3038 0.8652, -2.8721 -2.3553 0.8866, -2.8721 -2.4106 0.8939, -2.8721 -2.4106 0.6802, -2.8721 -1.7418 1.9341, -2.8721 -1.8117 1.9052, -2.8721 -1.8717 1.8591, -2.8721 -1.9178 1.7991, -2.8721 -1.9468 1.7292, -2.8721 -1.9566 1.6541, -2.8721 -1.9468 1.5791, -2.8721 -1.9178 1.5092, -2.8721 -1.8717 1.4491, -2.8721 -1.8117 1.4031, -2.8721 -1.7418 1.3741, -2.8721 -1.6667 1.3642, -2.8721 -1.5917 1.3741, -2.8721 -1.5218 1.4031, -2.8721 -1.4618 1.4491, -2.8721 -1.4157 1.5092, -2.8721 -1.3867 1.5791, -2.8721 -1.3768 1.6541, -2.8721 -1.3867 1.7292, -2.8721 -1.4157 1.7991, -2.8721 -1.4618 1.8591, -2.8721 -1.5218 1.9052, -2.8721 -1.5917 1.9341, -2.8721 -1.6667 1.944, -2.8721 -1.6667 1.6541, -1.4941 -2.1729 3.1607, -1.4941 -2.2333 3.1528, -1.4941 -2.2897 3.1294, -1.4941 -2.3381 3.0923, -1.4941 -2.3752 3.0439, -1.4941 -2.3985 2.9876, -1.4941 -2.4065 2.9271, -1.4941 -2.3985 2.8667, -1.4941 -2.3752 2.8103, -1.4941 -2.3381 2.762, -1.4941 -2.2897 2.7248, -1.4941 -2.2333 2.7015, -1.4941 -2.1729 2.6935, -1.4941 -2.1124 2.7015, -1.4941 -2.0561 2.7248, -1.4941 -2.0077 2.762, -1.4941 -1.9706 2.8103, -1.4941 -1.9472 2.8667, -1.4941 -1.9393 2.9271, -1.4941 -1.9472 2.9876, -1.4941 -1.9706 3.0439, -1.4941 -2.0077 3.0923, -1.4941 -2.0561 3.1294, -1.4941 -2.1124 3.1528, -1.4941 -2.1729 2.9271, -1.4941 -1.6667 1.944, -1.4941 -1.7418 1.9341, -1.4941 -1.8117 1.9052, -1.4941 -1.8717 1.8591, -1.4941 -1.9178 1.7991, -1.4941 -1.9468 1.7292, -1.4941 -1.9566 1.6541, -1.4941 -1.9468 1.5791, -1.4941 -1.9178 1.5092, -1.4941 -1.8717 1.4491, -1.4941 -1.8117 1.4031, -1.4941 -1.7418 1.3741, -1.4941 -1.6667 1.3642, -1.4941 -1.5917 1.3741, -1.4941 -1.5218 1.4031, -1.4941 -1.4618 1.4491, -1.4941 -1.4157 1.5092, -1.4941 -1.3867 1.5791, -1.4941 -1.3768 1.6541, -1.4941 -1.3867 1.7292, -1.4941 -1.4157 1.7991, -1.4941 -1.4618 1.8591, -1.4941 -1.5218 1.9052, -1.4941 -1.5917 1.9341, -1.4941 -1.6667 1.6541, -1.4941 1.3394 3.6911, -1.4941 1.2727 3.6823, -1.4941 1.2105 3.6565, -1.4941 1.1571 3.6156, -1.4941 1.1162 3.5622, -1.4941 1.0904 3.5, -1.4941 1.0816 3.4333, -1.4941 1.0904 3.3666, -1.4941 1.1162 3.3044, -1.4941 1.1571 3.251, -1.4941 1.2105 3.21, -1.4941 1.2727 3.1843, -1.4941 1.3394 3.1755, -1.4941 1.4061 3.1843, -1.4941 1.4683 3.21, -1.4941 1.5217 3.251, -1.4941 1.5627 3.3044, -1.4941 1.5884 3.3666, -1.4941 1.5972 3.4333, -1.4941 1.5884 3.5, -1.4941 1.5627 3.5622, -1.4941 1.5217 3.6156, -1.4941 1.4683 3.6565, -1.4941 1.4061 3.6823, -1.4941 1.3394 3.4333, -1.4941 1.3394 2.5726, -1.4941 1.2764 2.5643, -1.4941 1.2176 2.5399, -1.4941 1.1672 2.5012, -1.4941 1.1285 2.4508, -1.4941 1.1041 2.392, -1.4941 1.0958 2.329, -1.4941 1.1041 2.2659, -1.4941 1.1285 2.2072, -1.4941 1.1672 2.1567, -1.4941 1.2176 2.118, -1.4941 1.2764 2.0937, -1.4941 1.3394 2.0854, -1.4941 1.4025 2.0937, -1.4941 1.4612 2.118, -1.4941 1.5117 2.1567, -1.4941 1.5504 2.2072, -1.4941 1.5747 2.2659, -1.4941 1.583 2.329, -1.4941 1.5747 2.392, -1.4941 1.5504 2.4508, -1.4941 1.5117 2.5012, -1.4941 1.4612 2.5399, -1.4941 1.4025 2.5643, -1.4941 1.3394 2.329, -1.4941 -2.4106 0.8939, -1.4941 -2.4659 0.8866, -1.4941 -2.5174 0.8652, -1.4941 -2.5617 0.8313, -1.4941 -2.5957 0.787, -1.4941 -2.617 0.7355, -1.4941 -2.6243 0.6802, -1.4941 -2.617 0.6249, -1.4941 -2.5957 0.5734, -1.4941 -2.5617 0.5291, -1.4941 -2.5174 0.4952, -1.4941 -2.4659 0.4738, -1.4941 -2.4106 0.4665, -1.4941 -2.3553 0.4738, -1.4941 -2.3038 0.4952, -1.4941 -2.2595 0.5291, -1.4941 -2.2256 0.5734, -1.4941 -2.2042 0.6249, -1.4941 -2.1969 0.6802, -1.4941 -2.2042 0.7355, -1.4941 -2.2256 0.787, -1.4941 -2.2595 0.8313, -1.4941 -2.3038 0.8652, -1.4941 -2.3553 0.8866, -1.4941 -2.4106 0.6802, -2.3012 -1.039 4.5669, -2.3012 -1.039 2.6378, -2.3012 -0.8421 4.5669, -2.3012 -0.8421 2.6378, -2.1043 -0.6453 4.5669, -2.1043 -0.6453 2.6378, -2.0256 -0.6453 4.5669, -2.0256 -0.6453 2.6378, -1.8288 -0.8421 4.5669, -1.8288 -0.8421 2.6378, -1.8288 -1.039 4.5669, -1.8288 -1.039 2.6378, -2.34 -1.5265 2.6378, -2.2751 -1.5884 2.6378, -2.1967 -1.632 2.6378, -1.7118 -1.275 2.6378, -1.7301 -1.1872 2.6378, -1.77 -1.1068 2.6378, -2.36 -1.1068 2.6378, -2.3998 -1.1872 2.6378, -2.4182 -1.275 2.6378, -1.79 -1.5265 2.6378, -1.7427 -1.4503 2.6378, -1.716 -1.3646 2.6378, -1.8551 -0.7437 2.6378, -1.8864 -0.7029 2.6378, -1.9272 -0.6717 2.6378, -2.4139 -1.3646 2.6378, -2.3873 -1.4503 2.6378, -1.8355 -0.7912 2.6378, -1.9747 -0.652 2.6378, -2.1098 -1.6546 2.6378, -2.0201 -1.6546 2.6378, -1.9333 -1.632 2.6378, -1.8549 -1.5884 2.6378, -2.1553 -0.652 2.6378, -2.2028 -0.6717 2.6378, -2.2435 -0.7029 2.6378, -2.2748 -0.7437 2.6378, -2.2945 -0.7912 2.6378, -2.353 -1.0967 4.5159, -2.3015 -1.0393 4.5721, -2.3026 -1.0403 4.5771, -2.3029 -1.0405 4.5783, -1.7723 -1.1083 4.503, -1.7937 -1.0751 4.5398, -1.8271 -1.0405 4.5783, -1.8274 -1.0402 4.5771, -1.8284 -1.0393 4.5721, -1.7145 -1.2752 4.3175, -1.7177 -1.2328 4.3646, -1.7327 -1.188 4.4144, -1.7458 -1.1491 4.4576, -1.7451 -1.4491 4.1242, -1.7264 -1.4074 4.1706, -1.7187 -1.3641 4.2187, -1.7111 -1.3208 4.2669, -1.8564 -1.5864 3.9717, -1.8161 -1.5553 4.0063, -1.792 -1.5249 4.0401, -1.7622 -1.4872 4.0819, -2.0201 -1.6545 3.8961, -1.9538 -1.6395 3.9127, -1.934 -1.6305 3.9227, -1.884 -1.6077 3.9481, -2.0867 -1.6567 3.8936, -2.021 -1.6547 3.8959, -2.1531 -1.6463 3.9052, -2.1096 -1.6531 3.8976, -2.222 -1.6207 3.9336, -2.196 -1.6303 3.9229, -2.2931 -1.5742 3.9853, -2.274 -1.5867 3.9714, -2.3528 -1.5097 4.0569, -2.3385 -1.5252 4.0398, -2.3949 -1.4322 4.143, -2.3856 -1.4494 4.124, -2.4166 -1.3467 4.2381, -2.4122 -1.3642 4.2187, -2.4165 -1.2585 4.3361, -2.4165 -1.275 4.3177, -2.3588 -1.1074 4.5039, -2.3947 -1.1733 4.4307, -2.3983 -1.1876 4.4149, -2.2945 -0.7912 4.5669, -2.2748 -0.7437 4.5669, -2.2435 -0.7029 4.5669, -2.2028 -0.6717 4.5669, -2.1553 -0.652 4.5669, -1.9747 -0.652 4.5669, -1.9272 -0.6717 4.5669, -1.8864 -0.7029 4.5669, -1.8551 -0.7437 4.5669, -1.8355 -0.7912 4.5669, -2.3025 -0.8421 4.5771, -2.2958 -0.7908 4.5771, -2.3065 -0.8421 4.5866, -2.2996 -0.7898 4.5866, -2.3127 -0.8421 4.5948, -2.3056 -0.7882 4.5948, -2.3209 -0.8421 4.601, -2.3135 -0.7861 4.601, -2.3304 -0.8421 4.605, -2.3227 -0.7836 4.605, -2.276 -0.743 4.5771, -2.2794 -0.7411 4.5866, -2.2848 -0.7379 4.5948, -2.2919 -0.7339 4.601, -2.3001 -0.7291 4.605, -2.2445 -0.702 4.5771, -2.2473 -0.6992 4.5866, -2.2517 -0.6948 4.5948, -2.2575 -0.689 4.601, -2.2642 -0.6823 4.605, -2.2034 -0.6705 4.5771, -2.2054 -0.6671 4.5866, -2.2085 -0.6617 4.5948, -2.2126 -0.6546 4.601, -2.2174 -0.6464 4.605, -2.1556 -0.6507 4.5771, -2.1567 -0.6469 4.5866, -2.1583 -0.6408 4.5948, -2.1604 -0.633 4.601, -2.1628 -0.6238 4.605, -2.1043 -0.6439 4.5771, -2.1043 -0.64 4.5866, -2.1043 -0.6337 4.5948, -2.1043 -0.6256 4.601, -2.1043 -0.6161 4.605, -2.3061 -1.0422 4.586, -2.3046 -1.0414 4.5824, -2.3117 -1.0429 4.5935, -2.3089 -1.0427 4.5901, -2.3079 -1.0427 4.5889, -2.3065 -1.0423 4.5866, -2.316 -1.0429 4.5977, -2.3132 -1.043 4.5952, -2.3128 -1.043 4.5947, -2.3261 -1.0414 4.6035, -2.3232 -1.0419 4.6023, -2.321 -1.0422 4.6009, -2.3184 -1.0426 4.5993, -2.3304 -1.0403 4.605, -2.3262 -1.0413 4.6036, -2.0256 -0.6439 4.5771, -2.0256 -0.64 4.5866, -2.0256 -0.6337 4.5948, -2.0256 -0.6256 4.601, -2.0256 -0.6161 4.605, -1.8257 -1.0415 4.5822, -1.7891 -1.0788 4.5474, -1.8234 -1.0422 4.5863, -1.8255 -1.0415 4.5825, -1.7862 -1.08 4.551, -1.8217 -1.0427 4.5894, -1.8233 -1.0422 4.5865, -1.783 -1.0808 4.5545, -1.8182 -1.0429 4.5935, -1.8196 -1.043 4.5922, -1.7794 -1.0811 4.5577, -1.815 -1.0429 4.5966, -1.8171 -1.0429 4.5946, -1.7757 -1.0809 4.5607, -1.8104 -1.0425 4.6002, -1.8137 -1.0429 4.5979, -1.7996 -1.0403 4.605, -1.7677 -1.0792 4.5657, -1.8026 -1.0411 4.604, -1.8037 -1.0413 4.6035, -1.8077 -1.042 4.6015, -2.3805 -1.1029 4.5419, -2.3761 -1.1038 4.5396, -2.3719 -1.1043 4.537, -2.3678 -1.1042 4.534, -2.3607 -1.1025 4.5273, -2.3551 -1.099 4.5197, -1.7163 -1.237 4.3691, -1.7439 -1.1523 4.4617, -1.7916 -1.0772 4.5436, -1.7272 -1.4128 4.1762, -1.7107 -1.3257 4.2718, -1.819 -1.5597 4.0138, -1.7643 -1.4924 4.0884, -1.8871 -1.611 3.9566, -1.9563 -1.6417 3.9222, -2.022 -1.6561 3.9059, -2.0861 -1.6581 3.9037, -2.1511 -1.6481 3.915, -2.219 -1.6236 3.9425, -2.29 -1.5783 3.9931, -2.3504 -1.5147 4.0637, -2.4167 -1.3518 4.2432, -2.3937 -1.4376 4.1488, -2.3965 -1.1768 4.4348, -2.4176 -1.2629 4.3407, -2.3577 -1.101 4.5236, -2.3991 -1.1799 4.4389, -2.4197 -1.2671 4.3451, -2.418 -1.3569 4.2482, -2.3941 -1.4433 4.1544, -2.3497 -1.5206 4.07, -2.2885 -1.5838 4.0005, -2.2173 -1.6285 3.9509, -2.1499 -1.6524 3.9241, -2.0858 -1.6621 3.9132, -2.0227 -1.6602 3.9153, -1.9577 -1.6462 3.9311, -1.8889 -1.6161 3.9647, -1.8203 -1.5654 4.0208, -1.7647 -1.4983 4.0945, -1.7265 -1.4183 4.1816, -1.7091 -1.3306 4.2766, -1.714 -1.2408 4.3734, -1.7413 -1.155 4.4657, -2.4023 -1.1825 4.4429, -2.4228 -1.2709 4.3493, -2.4206 -1.3618 4.2528, -2.3959 -1.4491 4.1595, -2.3507 -1.5271 4.0758, -2.2886 -1.5905 4.007, -2.217 -1.6351 3.9582, -2.1495 -1.6588 3.9319, -2.0857 -1.6683 3.9213, -2.0229 -1.6665 3.9234, -1.9582 -1.6526 3.9388, -1.8891 -1.6228 3.9717, -1.8199 -1.5721 4.0271, -1.7634 -1.5046 4.1, -1.7244 -1.4239 4.1865, -1.7063 -1.3352 4.2811, -1.7109 -1.2443 4.3775, -1.7381 -1.1573 4.4695, -2.3641 -1.1036 4.5308, -2.4061 -1.1847 4.4465, -2.4268 -1.2743 4.3532, -2.4245 -1.3664 4.2569, -2.3993 -1.4549 4.164, -2.3534 -1.5338 4.0806, -2.2905 -1.598 4.0123, -2.218 -1.643 3.964, -2.15 -1.6669 3.938, -2.0858 -1.6765 3.9276, -2.0227 -1.6746 3.9296, -1.9575 -1.6607 3.9448, -1.8878 -1.6306 3.9773, -1.8178 -1.5793 4.0322, -1.7605 -1.511 4.1047, -1.7209 -1.4294 4.1908, -1.7024 -1.3394 4.2851, -1.7069 -1.2473 4.3813, -1.7344 -1.1591 4.4731, -2.4105 -1.1863 4.4498, -2.4315 -1.2771 4.3566, -2.4293 -1.3705 4.2604, -2.404 -1.4603 4.1675, -2.3576 -1.5405 4.0843, -2.2939 -1.6059 4.016, -2.2204 -1.6517 3.9678, -2.1514 -1.6762 3.9419, -2.0862 -1.686 3.9315, -2.022 -1.684 3.9336, -1.9557 -1.6698 3.9487, -1.885 -1.6391 3.9812, -1.8141 -1.5868 4.0359, -1.7561 -1.5174 4.1084, -1.7161 -1.4344 4.1944, -1.6975 -1.3431 4.2886, -1.7022 -1.2497 4.3847, -1.7302 -1.1604 4.4764, -2.4153 -1.1873 4.4527, -2.437 -1.2792 4.3594, -2.4351 -1.3739 4.2631, -2.4098 -1.4651 4.1701, -2.3631 -1.5468 4.0866, -2.2987 -1.6136 4.0181, -2.224 -1.6607 3.9695, -2.1535 -1.686 3.9434, -2.0867 -1.6961 3.9329, -2.0209 -1.6941 3.9349, -1.9531 -1.6794 3.9502, -1.881 -1.6477 3.983, -1.809 -1.5941 4.0381, -1.7505 -1.5232 4.1108, -1.7102 -1.4388 4.197, -1.6918 -1.3462 4.2913, -1.697 -1.2515 4.3876, -1.7256 -1.1611 4.4794, -2.4205 -1.1877 4.4552, -2.4429 -1.2807 4.3616, -2.4416 -1.3766 4.265, -2.4166 -1.4692 4.1715, -2.3697 -1.5524 4.0875, -2.3047 -1.6208 4.0182, -2.2286 -1.6694 3.969, -2.1563 -1.6957 3.9423, -2.0874 -1.7063 3.9315, -2.0195 -1.7042 3.9337, -1.9497 -1.6888 3.9493, -1.8759 -1.6559 3.9827, -1.8028 -1.6008 4.0385, -1.7438 -1.5283 4.1118, -1.7036 -1.4424 4.1986, -1.6855 -1.3485 4.2933, -1.6913 -1.2526 4.3899, -1.7207 -1.1612 4.4819, -1.7717 -1.0803 4.5634, -1.809 -1.0423 4.6009, -2.4258 -1.1876 4.4571, -2.4491 -1.2814 4.3631, -2.4485 -1.3784 4.2659, -2.4239 -1.4723 4.1718, -2.3771 -1.5571 4.0869, -2.3114 -1.6271 4.0166, -2.2339 -1.6773 3.9662, -2.1595 -1.7046 3.9388, -2.0882 -1.7158 3.9276, -2.0178 -1.7136 3.9298, -1.9457 -1.6975 3.946, -1.8701 -1.6633 3.9803, -1.7958 -1.6066 4.0372, -1.7364 -1.5325 4.1115, -1.6963 -1.4451 4.1991, -1.6787 -1.3499 4.2944, -1.6853 -1.2531 4.3915, -1.7156 -1.1608 4.4839, -1.9743 -0.6507 4.5771, -1.9733 -0.6469 4.5866, -1.9717 -0.6408 4.5948, -1.9696 -0.633 4.601, -1.9671 -0.6238 4.605, -1.9265 -0.6705 4.5771, -1.9245 -0.6671 4.5866, -1.9214 -0.6617 4.5948, -1.9173 -0.6546 4.601, -1.9126 -0.6464 4.605, -1.8855 -0.702 4.5771, -1.8827 -0.6992 4.5866, -1.8783 -0.6948 4.5948, -1.8725 -0.689 4.601, -1.8658 -0.6823 4.605, -1.854 -0.743 4.5771, -1.8506 -0.7411 4.5866, -1.8451 -0.7379 4.5948, -1.8381 -0.7339 4.601, -1.8299 -0.7291 4.605, -1.8342 -0.7908 4.5771, -1.8304 -0.7898 4.5866, -1.8243 -0.7882 4.5948, -1.8164 -0.7861 4.601, -1.8073 -0.7836 4.605, -1.8274 -0.8421 4.5771, -1.8235 -0.8421 4.5866, -1.8172 -0.8421 4.5948, -1.8091 -0.8421 4.601, -1.7996 -0.8421 4.605
            ]
        }
        coordIndex [
            0,1,2,-1,3,4,5,-1,5,4,6,-1,7,8,9,-1,9,8,10,-1,11,12,5,-1,5,12,3,-1,10,8,13,-1,13,8,14,-1,4,15,6,-1,6,15,16,-1,17,7,18,-1,18,7,9,-1,19,20,11,-1,11,13,19,-1,19,13,14,-1,19,14,21,-1,22,23,24,-1,25,22,17,-1,26,27,17,-1,28,29,14,-1,17,18,25,-1,25,18,16,-1,25,16,30,-1,30,16,15,-1,30,15,20,-1,20,15,12,-1,20,12,11,-1,26,17,31,-1,28,14,32,-1,29,33,14,-1,14,33,34,-1,14,34,21,-1,21,34,35,-1,21,35,36,-1,22,24,17,-1,17,24,37,-1,17,37,31,-1,27,38,17,-1,17,38,39,-1,17,39,14,-1,14,39,40,-1,14,40,32,-1,41,30,42,-1,42,30,20,-1,43,44,45,-1,45,44,46,-1,45,46,42,-1,42,46,41,-1,47,44,48,-1,48,44,43,-1,49,47,50,-1,50,47,48,-1,51,49,52,-1,52,49,50,-1,53,51,54,-1,54,51,52,-1,55,53,56,-1,56,53,54,-1,57,55,58,-1,58,55,56,-1,59,60,61,-1,61,60,62,-1,61,62,58,-1,58,62,57,-1,63,60,64,-1,64,60,59,-1,65,63,66,-1,66,63,64,-1,67,68,69,-1,69,68,70,-1,69,70,66,-1,66,70,65,-1,71,68,72,-1,72,68,67,-1,73,74,67,-1,67,74,75,-1,67,75,72,-1,71,76,68,-1,68,76,77,-1,68,77,78,-1,79,80,22,-1,81,82,83,-1,79,22,84,-1,85,86,80,-1,80,86,23,-1,80,23,22,-1,21,87,88,-1,87,21,83,-1,83,21,36,-1,83,36,81,-1,78,89,68,-1,68,89,90,-1,68,90,22,-1,22,90,91,-1,22,91,84,-1,88,92,21,-1,21,92,93,-1,21,93,67,-1,67,93,94,-1,67,94,73,-1,60,63,65,-1,95,96,70,-1,97,98,68,-1,68,98,99,-1,68,99,70,-1,70,99,100,-1,70,100,95,-1,101,102,103,-1,103,102,104,-1,103,104,105,-1,25,106,22,-1,22,106,107,-1,96,108,70,-1,70,108,109,-1,70,109,103,-1,103,109,110,-1,103,110,101,-1,105,111,103,-1,103,111,112,-1,103,112,25,-1,25,112,113,-1,25,113,106,-1,107,114,22,-1,22,114,115,-1,22,115,116,-1,116,117,22,-1,22,117,118,-1,22,118,68,-1,68,118,119,-1,68,119,97,-1,120,60,121,-1,121,60,65,-1,121,65,122,-1,122,65,70,-1,62,123,124,-1,125,103,126,-1,126,103,62,-1,126,62,127,-1,127,62,124,-1,128,129,70,-1,70,129,130,-1,70,130,122,-1,120,131,60,-1,60,131,132,-1,60,132,133,-1,133,134,60,-1,60,134,135,-1,60,135,62,-1,62,135,136,-1,62,136,123,-1,137,138,103,-1,70,139,140,-1,140,141,70,-1,70,141,142,-1,70,142,143,-1,144,145,103,-1,103,145,146,-1,103,146,137,-1,147,148,149,-1,150,151,152,-1,138,153,103,-1,103,153,154,-1,103,154,70,-1,70,154,155,-1,70,155,139,-1,152,156,150,-1,150,156,157,-1,150,157,158,-1,158,157,159,-1,158,159,125,-1,125,159,160,-1,125,160,103,-1,103,160,161,-1,103,161,144,-1,143,162,70,-1,70,162,163,-1,70,163,128,-1,128,163,147,-1,128,147,164,-1,164,147,149,-1,151,150,165,-1,165,150,166,-1,165,166,147,-1,147,166,167,-1,147,167,148,-1,53,55,57,-1,62,49,57,-1,57,49,51,-1,57,51,53,-1,168,169,46,-1,47,170,44,-1,44,170,171,-1,44,171,46,-1,46,171,172,-1,46,172,168,-1,173,174,49,-1,49,174,175,-1,49,175,47,-1,47,175,176,-1,47,176,170,-1,177,178,103,-1,103,178,179,-1,103,179,180,-1,181,182,62,-1,169,183,46,-1,46,183,184,-1,46,184,103,-1,103,184,185,-1,103,185,177,-1,180,186,103,-1,103,186,187,-1,103,187,62,-1,62,187,188,-1,62,188,181,-1,182,189,62,-1,62,189,190,-1,62,190,49,-1,49,190,191,-1,49,191,173,-1,192,193,103,-1,103,193,194,-1,195,196,25,-1,25,196,197,-1,25,197,103,-1,103,197,198,-1,103,198,192,-1,199,200,46,-1,46,200,201,-1,202,203,41,-1,41,203,204,-1,41,204,30,-1,30,204,205,-1,30,205,206,-1,206,207,30,-1,30,207,208,-1,30,208,25,-1,25,208,209,-1,25,209,195,-1,194,210,103,-1,103,210,211,-1,103,211,46,-1,46,211,212,-1,46,212,199,-1,201,213,46,-1,46,213,214,-1,46,214,41,-1,41,214,215,-1,41,215,202,-1,45,216,217,-1,218,219,19,-1,19,219,220,-1,221,222,20,-1,20,222,223,-1,20,223,42,-1,42,223,224,-1,42,224,225,-1,225,226,42,-1,42,226,227,-1,42,227,45,-1,45,227,228,-1,45,228,216,-1,229,230,231,-1,231,230,232,-1,231,232,218,-1,217,233,45,-1,45,233,234,-1,45,234,235,-1,220,236,19,-1,19,236,237,-1,19,237,20,-1,20,237,238,-1,20,238,221,-1,235,239,231,-1,231,239,240,-1,231,240,229,-1,241,242,45,-1,45,242,243,-1,50,244,245,-1,235,231,45,-1,45,231,246,-1,45,246,241,-1,243,247,45,-1,45,247,248,-1,45,248,43,-1,43,248,249,-1,43,249,48,-1,48,249,250,-1,48,250,50,-1,50,250,251,-1,50,251,244,-1,252,253,61,-1,252,61,254,-1,245,254,50,-1,50,254,61,-1,50,61,52,-1,52,61,58,-1,52,58,54,-1,54,58,56,-1,253,255,61,-1,61,255,256,-1,61,256,257,-1,258,259,231,-1,259,260,231,-1,231,260,261,-1,231,261,262,-1,262,263,231,-1,231,263,264,-1,231,264,246,-1,66,64,59,-1,265,61,231,-1,231,61,257,-1,231,257,258,-1,265,266,61,-1,61,266,267,-1,61,267,268,-1,269,270,271,-1,272,273,69,-1,268,274,61,-1,61,274,275,-1,61,275,59,-1,59,275,276,-1,59,276,277,-1,277,278,59,-1,59,278,279,-1,59,279,280,-1,280,281,59,-1,59,281,282,-1,59,282,66,-1,66,282,283,-1,66,283,69,-1,284,285,265,-1,270,286,271,-1,271,286,287,-1,271,287,288,-1,288,287,289,-1,288,289,290,-1,291,292,231,-1,231,292,293,-1,231,293,265,-1,265,293,294,-1,265,294,284,-1,295,296,271,-1,271,296,297,-1,271,297,269,-1,283,298,69,-1,69,298,299,-1,69,299,296,-1,272,69,300,-1,301,231,302,-1,302,231,69,-1,302,69,303,-1,303,69,273,-1,301,304,231,-1,231,304,305,-1,231,305,306,-1,290,289,285,-1,285,289,307,-1,285,307,265,-1,295,308,296,-1,296,308,309,-1,296,309,69,-1,69,309,310,-1,69,310,300,-1,306,311,231,-1,231,311,312,-1,231,312,291,-1,313,314,231,-1,231,314,315,-1,218,19,231,-1,231,19,316,-1,231,316,313,-1,317,318,67,-1,21,319,19,-1,19,319,320,-1,19,320,316,-1,321,322,69,-1,69,322,323,-1,69,323,67,-1,67,323,324,-1,67,324,317,-1,325,326,21,-1,21,326,327,-1,21,327,319,-1,315,328,231,-1,231,328,329,-1,231,329,330,-1,318,331,67,-1,67,331,332,-1,67,332,21,-1,21,332,333,-1,21,333,325,-1,330,334,231,-1,231,334,335,-1,231,335,69,-1,69,335,336,-1,69,336,321,-1,14,8,17,-1,17,8,7,-1,3,12,4,-1,4,12,15,-1,337,338,339,-1,339,338,340,-1,5,6,11,-1,11,6,16,-1,11,16,339,-1,339,16,337,-1,341,342,13,-1,13,342,18,-1,13,18,10,-1,10,18,9,-1,343,342,344,-1,344,342,341,-1,2,1,345,-1,346,347,348,-1,348,347,343,-1,348,343,345,-1,345,343,344,-1,345,344,2,-1,347,346,349,-1,349,346,350,-1,349,350,351,-1,352,349,353,-1,353,349,351,-1,338,352,340,-1,340,352,353,-1,337,16,343,-1,343,16,18,-1,343,18,342,-1,352,338,349,-1,349,338,337,-1,349,337,347,-1,347,337,343,-1,354,0,2,-1,351,350,353,-1,353,350,355,-1,341,13,344,-1,344,13,11,-1,344,11,339,-1,2,344,354,-1,354,344,339,-1,354,339,355,-1,355,339,340,-1,355,340,353,-1,207,356,208,-1,208,356,357,-1,208,357,209,-1,209,357,358,-1,209,358,195,-1,195,358,359,-1,195,359,196,-1,196,359,360,-1,196,360,197,-1,197,360,361,-1,197,361,198,-1,198,361,362,-1,198,362,192,-1,192,362,363,-1,192,363,193,-1,193,363,364,-1,193,364,194,-1,194,364,365,-1,194,365,210,-1,210,365,366,-1,210,366,211,-1,211,366,367,-1,211,367,212,-1,212,367,368,-1,212,368,199,-1,199,368,369,-1,199,369,200,-1,200,369,370,-1,200,370,201,-1,201,370,371,-1,201,371,213,-1,213,371,372,-1,213,372,214,-1,214,372,373,-1,214,373,215,-1,215,373,374,-1,215,374,202,-1,202,374,375,-1,202,375,203,-1,203,375,376,-1,203,376,204,-1,204,376,377,-1,204,377,205,-1,205,377,378,-1,205,378,206,-1,206,378,379,-1,206,379,207,-1,207,379,356,-1,369,368,380,-1,380,368,367,-1,380,367,366,-1,372,371,380,-1,380,371,370,-1,380,370,369,-1,375,374,380,-1,380,374,373,-1,380,373,372,-1,378,377,380,-1,380,377,376,-1,380,376,375,-1,357,356,380,-1,380,356,379,-1,380,379,378,-1,360,359,380,-1,380,359,358,-1,380,358,357,-1,363,362,380,-1,380,362,361,-1,380,361,360,-1,366,365,380,-1,380,365,364,-1,380,364,363,-1,184,381,185,-1,185,381,382,-1,185,382,177,-1,177,382,383,-1,177,383,178,-1,178,383,384,-1,178,384,179,-1,179,384,385,-1,179,385,180,-1,180,385,386,-1,180,386,186,-1,186,386,387,-1,186,387,187,-1,187,387,388,-1,187,388,188,-1,188,388,389,-1,188,389,181,-1,181,389,390,-1,181,390,182,-1,182,390,391,-1,182,391,189,-1,189,391,392,-1,189,392,190,-1,190,392,393,-1,190,393,191,-1,191,393,394,-1,191,394,173,-1,173,394,395,-1,173,395,174,-1,174,395,396,-1,174,396,175,-1,175,396,397,-1,175,397,176,-1,176,397,398,-1,176,398,170,-1,170,398,399,-1,170,399,171,-1,171,399,400,-1,171,400,172,-1,172,400,401,-1,172,401,168,-1,168,401,402,-1,168,402,169,-1,169,402,403,-1,169,403,183,-1,183,403,404,-1,183,404,184,-1,184,404,381,-1,394,393,405,-1,405,393,392,-1,405,392,391,-1,397,396,405,-1,405,396,395,-1,405,395,394,-1,400,399,405,-1,405,399,398,-1,405,398,397,-1,403,402,405,-1,405,402,401,-1,405,401,400,-1,382,381,405,-1,405,381,404,-1,405,404,403,-1,385,384,405,-1,405,384,383,-1,405,383,382,-1,388,387,405,-1,405,387,386,-1,405,386,385,-1,391,390,405,-1,405,390,389,-1,405,389,388,-1,115,406,116,-1,116,406,407,-1,116,407,117,-1,117,407,408,-1,117,408,118,-1,118,408,409,-1,118,409,119,-1,119,409,410,-1,119,410,97,-1,97,410,411,-1,97,411,98,-1,98,411,412,-1,98,412,99,-1,99,412,413,-1,99,413,100,-1,100,413,414,-1,100,414,95,-1,95,414,415,-1,95,415,96,-1,96,415,416,-1,96,416,108,-1,108,416,417,-1,108,417,109,-1,109,417,418,-1,109,418,110,-1,110,418,419,-1,110,419,101,-1,101,419,420,-1,101,420,102,-1,102,420,421,-1,102,421,104,-1,104,421,422,-1,104,422,105,-1,105,422,423,-1,105,423,111,-1,111,423,424,-1,111,424,112,-1,112,424,425,-1,112,425,113,-1,113,425,426,-1,113,426,106,-1,106,426,427,-1,106,427,107,-1,107,427,428,-1,107,428,114,-1,114,428,429,-1,114,429,115,-1,115,429,406,-1,419,418,430,-1,430,418,417,-1,430,417,416,-1,422,421,430,-1,430,421,420,-1,430,420,419,-1,425,424,430,-1,430,424,423,-1,430,423,422,-1,428,427,430,-1,430,427,426,-1,430,426,425,-1,407,406,430,-1,430,406,429,-1,430,429,428,-1,410,409,430,-1,430,409,408,-1,430,408,407,-1,413,412,430,-1,430,412,411,-1,430,411,410,-1,416,415,430,-1,430,415,414,-1,430,414,413,-1,148,431,149,-1,149,431,432,-1,149,432,164,-1,164,432,433,-1,164,433,128,-1,128,433,434,-1,128,434,129,-1,129,434,435,-1,129,435,130,-1,130,435,436,-1,130,436,122,-1,122,436,437,-1,122,437,121,-1,121,437,438,-1,121,438,120,-1,120,438,439,-1,120,439,131,-1,131,439,440,-1,131,440,132,-1,132,440,441,-1,132,441,133,-1,133,441,442,-1,133,442,134,-1,134,442,443,-1,134,443,135,-1,135,443,444,-1,135,444,136,-1,136,444,445,-1,136,445,123,-1,123,445,446,-1,123,446,124,-1,124,446,447,-1,124,447,127,-1,127,447,448,-1,127,448,126,-1,126,448,449,-1,126,449,125,-1,125,449,450,-1,125,450,158,-1,158,450,451,-1,158,451,150,-1,150,451,452,-1,150,452,166,-1,166,452,453,-1,166,453,167,-1,167,453,454,-1,167,454,148,-1,148,454,431,-1,444,443,455,-1,455,443,442,-1,455,442,441,-1,447,446,455,-1,455,446,445,-1,455,445,444,-1,450,449,455,-1,455,449,448,-1,455,448,447,-1,453,452,455,-1,455,452,451,-1,455,451,450,-1,432,431,455,-1,455,431,454,-1,455,454,453,-1,435,434,455,-1,455,434,433,-1,455,433,432,-1,438,437,455,-1,455,437,436,-1,455,436,435,-1,441,440,455,-1,455,440,439,-1,455,439,438,-1,155,456,139,-1,139,456,457,-1,139,457,140,-1,140,457,458,-1,140,458,141,-1,141,458,459,-1,141,459,142,-1,142,459,460,-1,142,460,143,-1,143,460,461,-1,143,461,162,-1,162,461,462,-1,162,462,163,-1,163,462,463,-1,163,463,147,-1,147,463,464,-1,147,464,165,-1,165,464,465,-1,165,465,151,-1,151,465,466,-1,151,466,152,-1,152,466,467,-1,152,467,156,-1,156,467,468,-1,156,468,157,-1,157,468,469,-1,157,469,159,-1,159,469,470,-1,159,470,160,-1,160,470,471,-1,160,471,161,-1,161,471,472,-1,161,472,144,-1,144,472,473,-1,144,473,145,-1,145,473,474,-1,145,474,146,-1,146,474,475,-1,146,475,137,-1,137,475,476,-1,137,476,138,-1,138,476,477,-1,138,477,153,-1,153,477,478,-1,153,478,154,-1,154,478,479,-1,154,479,155,-1,155,479,456,-1,469,468,480,-1,480,468,467,-1,480,467,466,-1,472,471,480,-1,480,471,470,-1,480,470,469,-1,475,474,480,-1,480,474,473,-1,480,473,472,-1,478,477,480,-1,480,477,476,-1,480,476,475,-1,457,456,480,-1,480,456,479,-1,480,479,478,-1,460,459,480,-1,480,459,458,-1,480,458,457,-1,463,462,480,-1,480,462,461,-1,480,461,460,-1,466,465,480,-1,480,465,464,-1,480,464,463,-1,481,326,482,-1,482,326,325,-1,482,325,483,-1,483,325,333,-1,483,333,484,-1,484,333,332,-1,484,332,485,-1,485,332,331,-1,485,331,486,-1,486,331,318,-1,486,318,487,-1,487,318,317,-1,487,317,488,-1,488,317,324,-1,488,324,489,-1,489,324,323,-1,489,323,490,-1,490,323,322,-1,490,322,491,-1,491,322,321,-1,491,321,492,-1,492,321,336,-1,492,336,493,-1,493,336,335,-1,493,335,494,-1,494,335,334,-1,494,334,495,-1,495,334,330,-1,495,330,496,-1,496,330,329,-1,496,329,497,-1,497,329,328,-1,497,328,498,-1,498,328,315,-1,498,315,499,-1,499,315,314,-1,499,314,500,-1,500,314,313,-1,500,313,501,-1,501,313,316,-1,501,316,502,-1,502,316,320,-1,502,320,503,-1,503,320,319,-1,503,319,504,-1,504,319,327,-1,504,327,481,-1,481,327,326,-1,503,504,505,-1,505,504,481,-1,505,481,482,-1,500,501,505,-1,505,501,502,-1,505,502,503,-1,497,498,505,-1,505,498,499,-1,505,499,500,-1,494,495,505,-1,505,495,496,-1,505,496,497,-1,491,492,505,-1,505,492,493,-1,505,493,494,-1,488,489,505,-1,505,489,490,-1,505,490,491,-1,485,486,505,-1,505,486,487,-1,505,487,488,-1,482,483,505,-1,505,483,484,-1,505,484,485,-1,506,302,507,-1,507,302,303,-1,507,303,508,-1,508,303,273,-1,508,273,509,-1,509,273,272,-1,509,272,510,-1,510,272,300,-1,510,300,511,-1,511,300,310,-1,511,310,512,-1,512,310,309,-1,512,309,513,-1,513,309,308,-1,513,308,514,-1,514,308,295,-1,514,295,515,-1,515,295,271,-1,515,271,516,-1,516,271,288,-1,516,288,517,-1,517,288,290,-1,517,290,518,-1,518,290,285,-1,518,285,519,-1,519,285,284,-1,519,284,520,-1,520,284,294,-1,520,294,521,-1,521,294,293,-1,521,293,522,-1,522,293,292,-1,522,292,523,-1,523,292,291,-1,523,291,524,-1,524,291,312,-1,524,312,525,-1,525,312,311,-1,525,311,526,-1,526,311,306,-1,526,306,527,-1,527,306,305,-1,527,305,528,-1,528,305,304,-1,528,304,529,-1,529,304,301,-1,529,301,506,-1,506,301,302,-1,528,529,530,-1,530,529,506,-1,530,506,507,-1,525,526,530,-1,530,526,527,-1,530,527,528,-1,522,523,530,-1,530,523,524,-1,530,524,525,-1,519,520,530,-1,530,520,521,-1,530,521,522,-1,516,517,530,-1,530,517,518,-1,530,518,519,-1,513,514,530,-1,530,514,515,-1,530,515,516,-1,510,511,530,-1,530,511,512,-1,530,512,513,-1,507,508,530,-1,530,508,509,-1,530,509,510,-1,531,221,532,-1,532,221,238,-1,532,238,533,-1,533,238,237,-1,533,237,534,-1,534,237,236,-1,534,236,535,-1,535,236,220,-1,535,220,536,-1,536,220,219,-1,536,219,537,-1,537,219,218,-1,537,218,538,-1,538,218,232,-1,538,232,539,-1,539,232,230,-1,539,230,540,-1,540,230,229,-1,540,229,541,-1,541,229,240,-1,541,240,542,-1,542,240,239,-1,542,239,543,-1,543,239,235,-1,543,235,544,-1,544,235,234,-1,544,234,545,-1,545,234,233,-1,545,233,546,-1,546,233,217,-1,546,217,547,-1,547,217,216,-1,547,216,548,-1,548,216,228,-1,548,228,549,-1,549,228,227,-1,549,227,550,-1,550,227,226,-1,550,226,551,-1,551,226,225,-1,551,225,552,-1,552,225,224,-1,552,224,553,-1,553,224,223,-1,553,223,554,-1,554,223,222,-1,554,222,531,-1,531,222,221,-1,553,554,555,-1,555,554,531,-1,555,531,532,-1,550,551,555,-1,555,551,552,-1,555,552,553,-1,547,548,555,-1,555,548,549,-1,555,549,550,-1,544,545,555,-1,555,545,546,-1,555,546,547,-1,541,542,555,-1,555,542,543,-1,555,543,544,-1,538,539,555,-1,555,539,540,-1,555,540,541,-1,535,536,555,-1,555,536,537,-1,555,537,538,-1,532,533,555,-1,555,533,534,-1,555,534,535,-1,556,246,557,-1,557,246,264,-1,557,264,558,-1,558,264,263,-1,558,263,559,-1,559,263,262,-1,559,262,560,-1,560,262,261,-1,560,261,561,-1,561,261,260,-1,561,260,562,-1,562,260,259,-1,562,259,563,-1,563,259,258,-1,563,258,564,-1,564,258,257,-1,564,257,565,-1,565,257,256,-1,565,256,566,-1,566,256,255,-1,566,255,567,-1,567,255,253,-1,567,253,568,-1,568,253,252,-1,568,252,569,-1,569,252,254,-1,569,254,570,-1,570,254,245,-1,570,245,571,-1,571,245,244,-1,571,244,572,-1,572,244,251,-1,572,251,573,-1,573,251,250,-1,573,250,574,-1,574,250,249,-1,574,249,575,-1,575,249,248,-1,575,248,576,-1,576,248,247,-1,576,247,577,-1,577,247,243,-1,577,243,578,-1,578,243,242,-1,578,242,579,-1,579,242,241,-1,579,241,556,-1,556,241,246,-1,578,579,580,-1,580,579,556,-1,580,556,557,-1,575,576,580,-1,580,576,577,-1,580,577,578,-1,572,573,580,-1,580,573,574,-1,580,574,575,-1,569,570,580,-1,580,570,571,-1,580,571,572,-1,566,567,580,-1,580,567,568,-1,580,568,569,-1,563,564,580,-1,580,564,565,-1,580,565,566,-1,560,561,580,-1,580,561,562,-1,580,562,563,-1,557,558,580,-1,580,558,559,-1,580,559,560,-1,581,270,582,-1,582,270,269,-1,582,269,583,-1,583,269,297,-1,583,297,584,-1,584,297,296,-1,584,296,585,-1,585,296,299,-1,585,299,586,-1,586,299,298,-1,586,298,587,-1,587,298,283,-1,587,283,588,-1,588,283,282,-1,588,282,589,-1,589,282,281,-1,589,281,590,-1,590,281,280,-1,590,280,591,-1,591,280,279,-1,591,279,592,-1,592,279,278,-1,592,278,593,-1,593,278,277,-1,593,277,594,-1,594,277,276,-1,594,276,595,-1,595,276,275,-1,595,275,596,-1,596,275,274,-1,596,274,597,-1,597,274,268,-1,597,268,598,-1,598,268,267,-1,598,267,599,-1,599,267,266,-1,599,266,600,-1,600,266,265,-1,600,265,601,-1,601,265,307,-1,601,307,602,-1,602,307,289,-1,602,289,603,-1,603,289,287,-1,603,287,604,-1,604,287,286,-1,604,286,581,-1,581,286,270,-1,603,604,605,-1,605,604,581,-1,605,581,582,-1,600,601,605,-1,605,601,602,-1,605,602,603,-1,597,598,605,-1,605,598,599,-1,605,599,600,-1,594,595,605,-1,605,595,596,-1,605,596,597,-1,591,592,605,-1,605,592,593,-1,605,593,594,-1,588,589,605,-1,605,589,590,-1,605,590,591,-1,585,586,605,-1,605,586,587,-1,605,587,588,-1,582,583,605,-1,605,583,584,-1,605,584,585,-1,354,345,0,-1,0,345,1,-1,350,346,355,-1,355,346,348,-1,355,348,354,-1,354,348,345,-1,606,607,608,-1,608,607,609,-1,610,611,612,-1,612,611,613,-1,614,615,616,-1,616,615,617,-1,618,619,620,-1,607,621,622,-1,622,623,607,-1,607,623,617,-1,607,617,609,-1,615,613,617,-1,617,613,611,-1,624,625,620,-1,620,625,626,-1,627,628,607,-1,607,628,629,-1,607,629,621,-1,630,631,632,-1,626,633,620,-1,620,633,634,-1,620,634,618,-1,615,635,613,-1,613,635,630,-1,613,630,636,-1,636,630,632,-1,624,620,607,-1,607,620,637,-1,607,637,638,-1,638,639,607,-1,607,639,640,-1,607,640,627,-1,611,641,617,-1,617,641,642,-1,617,642,643,-1,643,644,617,-1,617,644,645,-1,617,645,609,-1,607,606,646,-1,607,646,624,-1,606,647,646,-1,646,647,648,-1,646,648,649,-1,623,650,617,-1,617,650,651,-1,651,652,653,-1,653,654,651,-1,651,654,616,-1,651,616,617,-1,622,621,655,-1,655,656,622,-1,622,656,657,-1,622,657,623,-1,623,657,658,-1,623,658,650,-1,629,628,659,-1,659,660,629,-1,629,660,661,-1,629,661,621,-1,621,661,662,-1,621,662,655,-1,627,640,663,-1,663,664,627,-1,627,664,665,-1,627,665,628,-1,628,665,666,-1,628,666,659,-1,639,638,667,-1,667,668,639,-1,639,668,669,-1,639,669,640,-1,640,669,670,-1,640,670,663,-1,637,671,638,-1,638,671,672,-1,638,672,667,-1,620,673,637,-1,637,673,674,-1,637,674,671,-1,619,675,620,-1,620,675,676,-1,620,676,673,-1,618,677,619,-1,619,677,678,-1,619,678,675,-1,634,679,618,-1,618,679,680,-1,618,680,677,-1,633,681,634,-1,634,681,682,-1,634,682,679,-1,626,683,633,-1,633,683,684,-1,633,684,681,-1,625,685,626,-1,626,685,686,-1,626,686,683,-1,646,687,624,-1,624,687,688,-1,624,688,625,-1,625,688,689,-1,625,689,685,-1,608,609,690,-1,690,609,645,-1,690,645,691,-1,691,645,644,-1,691,644,692,-1,692,644,643,-1,692,643,693,-1,693,643,642,-1,693,642,694,-1,694,642,641,-1,694,641,610,-1,610,641,611,-1,612,613,695,-1,695,613,636,-1,695,636,696,-1,696,636,632,-1,696,632,697,-1,697,632,631,-1,697,631,698,-1,698,631,630,-1,698,630,699,-1,699,630,635,-1,699,635,614,-1,614,635,615,-1,608,690,700,-1,700,690,701,-1,700,701,702,-1,702,701,703,-1,702,703,704,-1,704,703,705,-1,704,705,706,-1,706,705,707,-1,706,707,708,-1,708,707,709,-1,708,709,24,-1,24,709,37,-1,690,691,701,-1,701,691,710,-1,701,710,703,-1,703,710,711,-1,703,711,705,-1,705,711,712,-1,705,712,707,-1,707,712,713,-1,707,713,709,-1,709,713,714,-1,709,714,37,-1,37,714,31,-1,691,692,710,-1,710,692,715,-1,710,715,711,-1,711,715,716,-1,711,716,712,-1,712,716,717,-1,712,717,713,-1,713,717,718,-1,713,718,714,-1,714,718,719,-1,714,719,31,-1,31,719,26,-1,692,693,715,-1,715,693,720,-1,715,720,716,-1,716,720,721,-1,716,721,717,-1,717,721,722,-1,717,722,718,-1,718,722,723,-1,718,723,719,-1,719,723,724,-1,719,724,26,-1,26,724,27,-1,693,694,720,-1,720,694,725,-1,720,725,721,-1,721,725,726,-1,721,726,722,-1,722,726,727,-1,722,727,723,-1,723,727,728,-1,723,728,724,-1,724,728,729,-1,724,729,27,-1,27,729,38,-1,694,610,725,-1,725,610,730,-1,725,730,726,-1,726,730,731,-1,726,731,727,-1,727,731,732,-1,727,732,728,-1,728,732,733,-1,728,733,729,-1,729,733,734,-1,729,734,38,-1,38,734,39,-1,606,608,647,-1,647,608,700,-1,735,736,702,-1,702,736,649,-1,702,649,700,-1,700,649,648,-1,700,648,647,-1,737,738,704,-1,704,738,739,-1,704,739,702,-1,702,739,740,-1,702,740,735,-1,741,742,704,-1,704,742,743,-1,704,743,737,-1,744,745,706,-1,706,745,746,-1,706,746,704,-1,704,746,747,-1,704,747,741,-1,24,23,708,-1,708,23,86,-1,86,85,708,-1,708,85,748,-1,708,748,706,-1,706,748,749,-1,706,749,744,-1,610,612,750,-1,610,750,730,-1,730,750,751,-1,730,751,731,-1,731,751,752,-1,731,752,732,-1,732,752,753,-1,732,753,733,-1,733,753,754,-1,733,754,734,-1,734,754,40,-1,734,40,39,-1,755,652,651,-1,756,757,758,-1,759,760,761,-1,762,763,764,-1,765,766,767,-1,768,769,770,-1,82,771,772,-1,771,773,772,-1,772,773,774,-1,772,774,775,-1,744,749,776,-1,776,749,748,-1,746,745,777,-1,777,745,744,-1,778,747,746,-1,737,743,779,-1,743,742,779,-1,779,742,741,-1,779,741,747,-1,735,740,780,-1,740,739,780,-1,780,739,738,-1,780,738,737,-1,781,736,735,-1,657,782,783,-1,755,651,784,-1,784,651,650,-1,784,650,783,-1,783,650,658,-1,783,658,657,-1,661,785,786,-1,657,656,782,-1,782,656,655,-1,782,655,786,-1,786,655,662,-1,786,662,661,-1,665,787,788,-1,661,660,785,-1,785,660,659,-1,785,659,788,-1,788,659,666,-1,788,666,665,-1,665,664,787,-1,787,664,663,-1,787,663,789,-1,789,663,670,-1,789,670,790,-1,790,670,669,-1,669,668,790,-1,790,668,667,-1,790,667,791,-1,667,672,791,-1,791,672,671,-1,791,671,792,-1,792,671,674,-1,792,674,793,-1,793,674,673,-1,793,673,794,-1,673,676,794,-1,794,676,675,-1,794,675,795,-1,795,675,678,-1,678,677,795,-1,795,677,680,-1,795,680,796,-1,684,797,798,-1,680,679,796,-1,796,679,682,-1,796,682,798,-1,798,682,681,-1,798,681,684,-1,689,799,800,-1,684,683,797,-1,797,683,686,-1,797,686,800,-1,800,686,685,-1,800,685,689,-1,689,688,799,-1,799,688,687,-1,799,687,781,-1,781,687,646,-1,781,646,736,-1,736,646,649,-1,735,801,781,-1,781,801,802,-1,781,802,799,-1,799,802,803,-1,799,803,800,-1,800,803,804,-1,800,804,797,-1,797,804,805,-1,797,805,798,-1,798,805,806,-1,798,806,796,-1,796,806,807,-1,796,807,795,-1,795,807,808,-1,795,808,794,-1,794,808,809,-1,794,809,793,-1,793,809,810,-1,793,810,792,-1,792,810,811,-1,792,811,791,-1,791,811,812,-1,791,812,790,-1,790,812,813,-1,790,813,789,-1,789,813,814,-1,789,814,787,-1,787,814,815,-1,787,815,788,-1,788,815,816,-1,788,816,785,-1,785,816,817,-1,785,817,786,-1,786,817,818,-1,786,818,782,-1,782,818,819,-1,782,819,783,-1,783,819,756,-1,783,756,784,-1,784,756,758,-1,784,758,755,-1,735,780,801,-1,801,780,820,-1,801,820,802,-1,802,820,821,-1,802,821,803,-1,803,821,822,-1,803,822,804,-1,804,822,823,-1,804,823,805,-1,805,823,824,-1,805,824,806,-1,806,824,825,-1,806,825,807,-1,807,825,826,-1,807,826,808,-1,808,826,827,-1,808,827,809,-1,809,827,828,-1,809,828,810,-1,810,828,829,-1,810,829,811,-1,811,829,830,-1,811,830,812,-1,812,830,831,-1,812,831,813,-1,813,831,832,-1,813,832,814,-1,814,832,833,-1,814,833,815,-1,815,833,834,-1,815,834,816,-1,816,834,835,-1,816,835,817,-1,817,835,836,-1,817,836,818,-1,818,836,837,-1,818,837,819,-1,819,837,759,-1,819,759,756,-1,756,759,761,-1,756,761,757,-1,737,838,780,-1,780,838,839,-1,780,839,820,-1,820,839,840,-1,820,840,821,-1,821,840,841,-1,821,841,822,-1,822,841,842,-1,822,842,823,-1,823,842,843,-1,823,843,824,-1,824,843,844,-1,824,844,825,-1,825,844,845,-1,825,845,826,-1,826,845,846,-1,826,846,827,-1,827,846,847,-1,827,847,828,-1,828,847,848,-1,828,848,829,-1,829,848,849,-1,829,849,830,-1,830,849,850,-1,830,850,831,-1,831,850,851,-1,831,851,832,-1,832,851,852,-1,832,852,833,-1,833,852,853,-1,833,853,834,-1,834,853,854,-1,834,854,835,-1,835,854,855,-1,835,855,836,-1,836,855,856,-1,836,856,837,-1,837,856,762,-1,837,762,759,-1,759,762,764,-1,759,764,760,-1,737,779,838,-1,838,779,857,-1,838,857,839,-1,839,857,858,-1,839,858,840,-1,840,858,859,-1,840,859,841,-1,841,859,860,-1,841,860,842,-1,842,860,861,-1,842,861,843,-1,843,861,862,-1,843,862,844,-1,844,862,863,-1,844,863,845,-1,845,863,864,-1,845,864,846,-1,846,864,865,-1,846,865,847,-1,847,865,866,-1,847,866,848,-1,848,866,867,-1,848,867,849,-1,849,867,868,-1,849,868,850,-1,850,868,869,-1,850,869,851,-1,851,869,870,-1,851,870,852,-1,852,870,871,-1,852,871,853,-1,853,871,872,-1,853,872,854,-1,854,872,873,-1,854,873,855,-1,855,873,874,-1,855,874,856,-1,856,874,765,-1,856,765,762,-1,762,765,767,-1,762,767,763,-1,747,778,779,-1,779,778,875,-1,779,875,857,-1,857,875,876,-1,857,876,858,-1,858,876,877,-1,858,877,859,-1,859,877,878,-1,859,878,860,-1,860,878,879,-1,860,879,861,-1,861,879,880,-1,861,880,862,-1,862,880,881,-1,862,881,863,-1,863,881,882,-1,863,882,864,-1,864,882,883,-1,864,883,865,-1,865,883,884,-1,865,884,866,-1,866,884,885,-1,866,885,867,-1,867,885,886,-1,867,886,868,-1,868,886,887,-1,868,887,869,-1,869,887,888,-1,869,888,870,-1,870,888,889,-1,870,889,871,-1,871,889,890,-1,871,890,872,-1,872,890,891,-1,872,891,873,-1,873,891,892,-1,873,892,874,-1,874,892,768,-1,874,768,765,-1,765,768,770,-1,765,770,766,-1,746,777,778,-1,778,777,893,-1,778,893,875,-1,875,893,894,-1,875,894,876,-1,876,894,895,-1,876,895,877,-1,877,895,896,-1,877,896,878,-1,878,896,897,-1,878,897,879,-1,879,897,898,-1,879,898,880,-1,880,898,899,-1,880,899,881,-1,881,899,900,-1,881,900,882,-1,882,900,901,-1,882,901,883,-1,883,901,902,-1,883,902,884,-1,884,902,903,-1,884,903,885,-1,885,903,904,-1,885,904,886,-1,886,904,905,-1,886,905,887,-1,887,905,906,-1,887,906,888,-1,888,906,907,-1,888,907,889,-1,889,907,908,-1,889,908,890,-1,890,908,909,-1,890,909,891,-1,891,909,910,-1,891,910,892,-1,892,910,911,-1,892,911,768,-1,768,911,912,-1,768,912,769,-1,744,776,777,-1,777,776,913,-1,777,913,893,-1,893,913,914,-1,893,914,894,-1,894,914,915,-1,894,915,895,-1,895,915,916,-1,895,916,896,-1,896,916,917,-1,896,917,897,-1,897,917,918,-1,897,918,898,-1,898,918,919,-1,898,919,899,-1,899,919,920,-1,899,920,900,-1,900,920,921,-1,900,921,901,-1,901,921,922,-1,901,922,902,-1,902,922,923,-1,902,923,903,-1,903,923,924,-1,903,924,904,-1,904,924,925,-1,904,925,905,-1,905,925,926,-1,905,926,906,-1,906,926,927,-1,906,927,907,-1,907,927,928,-1,907,928,908,-1,908,928,929,-1,908,929,909,-1,909,929,930,-1,909,930,910,-1,910,930,772,-1,910,772,911,-1,911,772,775,-1,911,775,912,-1,82,772,83,-1,83,772,930,-1,83,930,87,-1,87,930,929,-1,87,929,88,-1,88,929,928,-1,88,928,92,-1,92,928,927,-1,92,927,93,-1,93,927,926,-1,93,926,94,-1,94,926,925,-1,94,925,73,-1,73,925,924,-1,73,924,74,-1,74,924,923,-1,74,923,75,-1,75,923,922,-1,75,922,72,-1,72,922,921,-1,72,921,71,-1,71,921,920,-1,71,920,76,-1,76,920,919,-1,76,919,77,-1,77,919,918,-1,77,918,78,-1,78,918,917,-1,78,917,89,-1,89,917,916,-1,89,916,90,-1,90,916,915,-1,90,915,91,-1,91,915,914,-1,91,914,84,-1,84,914,913,-1,84,913,79,-1,79,913,776,-1,79,776,80,-1,80,776,748,-1,80,748,85,-1,612,695,750,-1,750,695,931,-1,750,931,751,-1,751,931,932,-1,751,932,752,-1,752,932,933,-1,752,933,753,-1,753,933,934,-1,753,934,754,-1,754,934,935,-1,754,935,40,-1,40,935,32,-1,695,696,931,-1,931,696,936,-1,931,936,932,-1,932,936,937,-1,932,937,933,-1,933,937,938,-1,933,938,934,-1,934,938,939,-1,934,939,935,-1,935,939,940,-1,935,940,32,-1,32,940,28,-1,696,697,936,-1,936,697,941,-1,936,941,937,-1,937,941,942,-1,937,942,938,-1,938,942,943,-1,938,943,939,-1,939,943,944,-1,939,944,940,-1,940,944,945,-1,940,945,28,-1,28,945,29,-1,697,698,941,-1,941,698,946,-1,941,946,942,-1,942,946,947,-1,942,947,943,-1,943,947,948,-1,943,948,944,-1,944,948,949,-1,944,949,945,-1,945,949,950,-1,945,950,29,-1,29,950,33,-1,698,699,946,-1,946,699,951,-1,946,951,947,-1,947,951,952,-1,947,952,948,-1,948,952,953,-1,948,953,949,-1,949,953,954,-1,949,954,950,-1,950,954,955,-1,950,955,33,-1,33,955,34,-1,699,614,951,-1,951,614,956,-1,951,956,952,-1,952,956,957,-1,952,957,953,-1,953,957,958,-1,953,958,954,-1,954,958,959,-1,954,959,955,-1,955,959,960,-1,955,960,34,-1,34,960,35,-1,36,35,81,-1,81,35,960,-1,81,960,82,-1,775,774,959,-1,959,774,773,-1,959,773,960,-1,960,773,771,-1,960,771,82,-1,763,767,958,-1,958,767,766,-1,766,770,958,-1,958,770,769,-1,958,769,959,-1,959,769,912,-1,959,912,775,-1,957,760,958,-1,958,760,764,-1,958,764,763,-1,755,758,957,-1,758,757,957,-1,957,757,761,-1,957,761,760,-1,956,614,616,-1,616,654,956,-1,956,654,653,-1,956,653,957,-1,957,653,652,-1,957,652,755,-1,
        ]
    }
}
Shape{
    appearance Appearance {
        material  Material 	{
            diffuseColor 0.6666666666666666 0.6980392156862745 0.7686274509803922
            specularColor 0.3333333333333333 0.34901960784313724 0.3843137254901961
            ambientIntensity 0.6967
            transparency 0.0
            shininess 0.5
        }
    }
    geometry IndexedFaceSet {
        ccw TRUE
        solid FALSE
        coord DEF co Coordinate {
            point [
                -3.5906 0.9197 0.1705, -3.5906 0.9197 -0.6904, -3.2953 0.9197 0.1705, -3.2953 0.9197 -0.6904, -3.5906 1.0771 0.1705, -3.2953 1.0771 0.1705, -3.5906 1.0771 -0.6904, -3.2953 1.0771 -0.6904, -3.5906 1.1226 -0.7691, -3.2953 1.1226 -0.7691, -3.2953 1.136 -0.7992, -3.5906 1.136 -0.7992, -3.2953 1.1428 -0.8314, -3.5906 1.1428 -0.8314, -3.2953 1.1428 -0.8643, -3.5906 1.1428 -0.8643, -3.2953 1.136 -0.8965, -3.5906 1.136 -0.8965, -3.2953 1.1226 -0.9266, -3.5906 1.1226 -0.9266, -3.5906 1.0771 -1.0053, -3.2953 1.0771 -1.0053, -3.3639 1.0771 -1.378, -3.522 1.0771 -1.378, -3.2953 1.0771 -1.122, -3.5906 1.0771 -1.122, -3.3639 0.9197 -1.378, -3.522 0.9197 -1.378, -3.5906 0.9197 -1.122, -3.2953 0.9197 -1.122, -3.5906 0.9197 -1.0053, -3.2953 0.9197 -1.0053, -3.2953 0.9221 -0.978, -3.5906 0.9221 -0.978, -3.2953 0.9292 -0.9515, -3.5906 0.9292 -0.9515, -3.2953 0.9408 -0.9266, -3.5906 0.9408 -0.9266, -3.5906 0.9862 -0.8479, -3.2953 0.9862 -0.8479, -3.5906 0.9408 -0.7691, -3.2953 0.9408 -0.7691, -3.2953 0.9292 -0.7442, -3.5906 0.9292 -0.7442, -3.2953 0.9221 -0.7177, -3.5906 0.9221 -0.7177, 3.2992 -1.0882 0.1705, 3.2992 -1.0882 -0.6904, 3.5945 -1.0882 0.1705, 3.5945 -1.0882 -0.6904, 3.2992 -0.9307 0.1705, 3.5945 -0.9307 0.1705, 3.2992 -0.9307 -0.6904, 3.5945 -0.9307 -0.6904, 3.2992 -0.8853 -0.7691, 3.5945 -0.8853 -0.7691, 3.5945 -0.8719 -0.7992, 3.2992 -0.8719 -0.7992, 3.5945 -0.865 -0.8314, 3.2992 -0.865 -0.8314, 3.5945 -0.865 -0.8643, 3.2992 -0.865 -0.8643, 3.5945 -0.8719 -0.8965, 3.2992 -0.8719 -0.8965, 3.5945 -0.8853 -0.9266, 3.2992 -0.8853 -0.9266, 3.2992 -0.9307 -1.0053, 3.5945 -0.9307 -1.0053, 3.5259 -0.9307 -1.378, 3.3678 -0.9307 -1.378, 3.5945 -0.9307 -1.122, 3.2992 -0.9307 -1.122, 3.5259 -1.0882 -1.378, 3.3678 -1.0882 -1.378, 3.5945 -1.0882 -1.0053, 3.2992 -1.0882 -1.0053, 3.5945 -1.0882 -1.122, 3.2992 -1.0882 -1.122, 3.5945 -1.0858 -0.978, 3.2992 -1.0858 -0.978, 3.5945 -1.0787 -0.9515, 3.2992 -1.0787 -0.9515, 3.5945 -1.0671 -0.9266, 3.2992 -1.0671 -0.9266, 3.2992 -1.0216 -0.8479, 3.5945 -1.0216 -0.8479, 3.2992 -1.0671 -0.7691, 3.5945 -1.0671 -0.7691, 3.5945 -1.0787 -0.7442, 3.2992 -1.0787 -0.7442, 3.5945 -1.0858 -0.7177, 3.2992 -1.0858 -0.7177, 0.5433 -1.0882 0.1705, 0.5433 -1.0882 -0.6904, 0.8386 -1.0882 0.1705, 0.8386 -1.0882 -0.6904, 0.5433 -0.9307 0.1705, 0.8386 -0.9307 0.1705, 0.5433 -0.9307 -0.6904, 0.8386 -0.9307 -0.6904, 0.5433 -0.8853 -0.7691, 0.8386 -0.8853 -0.7691, 0.8386 -0.8719 -0.7992, 0.5433 -0.8719 -0.7992, 0.8386 -0.865 -0.8314, 0.5433 -0.865 -0.8314, 0.8386 -0.865 -0.8643, 0.5433 -0.865 -0.8643, 0.8386 -0.8719 -0.8965, 0.5433 -0.8719 -0.8965, 0.8386 -0.8853 -0.9266, 0.5433 -0.8853 -0.9266, 0.5433 -0.9307 -1.0053, 0.8386 -0.9307 -1.0053, 0.77 -0.9307 -1.378, 0.6119 -0.9307 -1.378, 0.8386 -0.9307 -1.122, 0.5433 -0.9307 -1.122, 0.77 -1.0882 -1.378, 0.6119 -1.0882 -1.378, 0.8386 -1.0882 -1.0053, 0.5433 -1.0882 -1.0053, 0.8386 -1.0882 -1.122, 0.5433 -1.0882 -1.122, 0.8386 -1.0858 -0.978, 0.5433 -1.0858 -0.978, 0.8386 -1.0787 -0.9515, 0.5433 -1.0787 -0.9515, 0.8386 -1.0671 -0.9266, 0.5433 -1.0671 -0.9266, 0.5433 -1.0216 -0.8479, 0.8386 -1.0216 -0.8479, 0.5433 -1.0671 -0.7691, 0.8386 -1.0671 -0.7691, 0.8386 -1.0787 -0.7442, 0.5433 -1.0787 -0.7442, 0.8386 -1.0858 -0.7177, 0.5433 -1.0858 -0.7177
            ]
        }
        coordIndex [
            0,1,2,-1,2,1,3,-1,4,0,5,-1,5,0,2,-1,6,4,7,-1,7,4,5,-1,8,6,9,-1,9,6,7,-1,8,9,10,-1,8,10,11,-1,11,10,12,-1,11,12,13,-1,13,12,14,-1,13,14,15,-1,15,14,16,-1,15,16,17,-1,17,16,18,-1,17,18,19,-1,20,19,21,-1,21,19,18,-1,22,23,24,-1,24,23,25,-1,24,25,21,-1,21,25,20,-1,26,27,22,-1,22,27,23,-1,27,26,28,-1,28,26,29,-1,28,29,30,-1,30,29,31,-1,30,31,32,-1,30,32,33,-1,33,32,34,-1,33,34,35,-1,35,34,36,-1,35,36,37,-1,38,37,39,-1,39,37,36,-1,40,38,41,-1,41,38,39,-1,40,41,42,-1,40,42,43,-1,43,42,44,-1,43,44,45,-1,45,44,3,-1,45,3,1,-1,33,20,30,-1,30,20,25,-1,30,25,28,-1,0,4,1,-1,1,4,6,-1,40,43,6,-1,6,43,45,-1,6,45,1,-1,33,35,20,-1,20,35,37,-1,20,37,19,-1,19,37,38,-1,19,38,17,-1,40,6,38,-1,38,6,8,-1,38,8,11,-1,11,13,38,-1,38,13,15,-1,38,15,17,-1,44,7,3,-1,3,7,5,-1,3,5,2,-1,16,14,39,-1,29,24,31,-1,31,24,21,-1,36,34,21,-1,21,34,32,-1,21,32,31,-1,44,42,7,-1,7,42,41,-1,7,41,9,-1,9,41,39,-1,36,21,39,-1,39,21,18,-1,39,18,16,-1,14,12,39,-1,39,12,10,-1,39,10,9,-1,22,24,26,-1,26,24,29,-1,25,23,28,-1,28,23,27,-1,46,47,48,-1,48,47,49,-1,50,46,51,-1,51,46,48,-1,52,50,53,-1,53,50,51,-1,54,52,55,-1,55,52,53,-1,54,55,56,-1,54,56,57,-1,57,56,58,-1,57,58,59,-1,59,58,60,-1,59,60,61,-1,61,60,62,-1,61,62,63,-1,63,62,64,-1,63,64,65,-1,66,65,67,-1,67,65,64,-1,68,69,70,-1,70,69,71,-1,70,71,67,-1,67,71,66,-1,72,73,68,-1,68,73,69,-1,74,75,76,-1,76,75,77,-1,76,77,72,-1,72,77,73,-1,75,74,78,-1,75,78,79,-1,79,78,80,-1,79,80,81,-1,81,80,82,-1,81,82,83,-1,84,83,85,-1,85,83,82,-1,86,84,87,-1,87,84,85,-1,86,87,88,-1,86,88,89,-1,89,88,90,-1,89,90,91,-1,91,90,49,-1,91,49,47,-1,79,66,75,-1,75,66,71,-1,75,71,77,-1,46,50,47,-1,47,50,52,-1,86,89,52,-1,52,89,91,-1,52,91,47,-1,79,81,66,-1,66,81,83,-1,66,83,65,-1,65,83,84,-1,65,84,63,-1,57,59,84,-1,84,59,61,-1,84,61,63,-1,86,52,84,-1,84,52,54,-1,84,54,57,-1,90,53,49,-1,49,53,51,-1,49,51,48,-1,76,70,74,-1,74,70,67,-1,82,80,67,-1,67,80,78,-1,67,78,74,-1,62,60,85,-1,85,60,58,-1,82,67,85,-1,85,67,64,-1,85,64,62,-1,90,88,53,-1,53,88,87,-1,53,87,55,-1,55,87,85,-1,55,85,56,-1,56,85,58,-1,68,70,72,-1,72,70,76,-1,71,69,77,-1,77,69,73,-1,92,93,94,-1,94,93,95,-1,96,92,97,-1,97,92,94,-1,98,96,99,-1,99,96,97,-1,100,98,101,-1,101,98,99,-1,100,101,102,-1,100,102,103,-1,103,102,104,-1,103,104,105,-1,105,104,106,-1,105,106,107,-1,107,106,108,-1,107,108,109,-1,109,108,110,-1,109,110,111,-1,112,111,113,-1,113,111,110,-1,114,115,116,-1,116,115,117,-1,116,117,113,-1,113,117,112,-1,118,119,114,-1,114,119,115,-1,120,121,122,-1,122,121,123,-1,122,123,118,-1,118,123,119,-1,121,120,124,-1,121,124,125,-1,125,124,126,-1,125,126,127,-1,127,126,128,-1,127,128,129,-1,130,129,131,-1,131,129,128,-1,132,130,133,-1,133,130,131,-1,132,133,134,-1,132,134,135,-1,135,134,136,-1,135,136,137,-1,137,136,95,-1,137,95,93,-1,125,112,121,-1,121,112,117,-1,121,117,123,-1,92,96,93,-1,93,96,98,-1,132,135,98,-1,98,135,137,-1,98,137,93,-1,125,127,112,-1,112,127,129,-1,112,129,111,-1,111,129,130,-1,111,130,109,-1,103,105,130,-1,130,105,107,-1,130,107,109,-1,132,98,130,-1,130,98,100,-1,130,100,103,-1,136,99,95,-1,95,99,97,-1,95,97,94,-1,122,116,120,-1,120,116,113,-1,128,126,113,-1,113,126,124,-1,113,124,120,-1,108,106,131,-1,131,106,104,-1,128,113,131,-1,131,113,110,-1,131,110,108,-1,136,134,99,-1,99,134,133,-1,99,133,101,-1,101,133,131,-1,101,131,102,-1,102,131,104,-1,114,116,118,-1,118,116,122,-1,117,115,123,-1,123,115,119,-1,
        ]
    }
}
Shape{
    appearance Appearance {
        material  Material 	{
            diffuseColor 0.8235294117647058 0.8235294117647058 0.8235294117647058
            specularColor 0.4117647058823529 0.4117647058823529 0.4117647058823529
            ambientIntensity 0.8235
            transparency 0.0
            shininess 0.5
        }
    }
    geometry IndexedFaceSet {
        ccw TRUE
        solid FALSE
        coord DEF co Coordinate {
            point [
                2.6594 0.108 5.4724, 2.5057 -0.0998 5.4724, 2.6594 -0.0998 5.4724, 2.6594 1.1811 4.394, 1.4783 1.1811 4.394, 2.6594 0.8827 4.394, 1.4783 0.8827 4.394, 1.4783 -0.3313 4.394, 2.6594 -0.3313 4.394, 1.4783 -0.2287 4.394, 2.6594 -0.2287 4.394, 2.6594 0.8827 4.6063, 2.6594 1.405 4.6063, 2.6594 -0.2287 4.6063, 2.6594 -0.3313 4.6063, 1.4783 1.405 4.6063, 1.4783 0.8827 4.6063, 1.4783 -0.3313 4.6063, 1.4783 -0.2287 4.6063, 2.3445 -0.8421 4.6063, 2.3445 -1.039 4.6063, 2.7579 -1.039 4.6063, 2.3128 -0.724 4.6063, 2.3364 -0.781 4.6063, 1.7933 -0.8421 4.6063, 1.8013 -0.781 4.6063, 1.3799 -0.1476 4.6063, 1.3799 1.5038 4.6063, 2.7579 1.5038 4.6063, 2.7579 -0.1476 4.6063, 1.7933 -1.039 4.6063, 1.3799 -1.039 4.6063, 1.8249 -0.724 4.6063, 1.8625 -0.6751 4.6063, 1.9114 -0.6376 4.6063, 2.1694 -0.614 4.6063, 2.2264 -0.6376 4.6063, 2.2753 -0.6751 4.6063, 1.9684 -0.614 4.6063, 2.0295 -0.6059 4.6063, 2.1083 -0.6059 4.6063, 1.3799 1.9039 3.7757, 2.7579 1.9039 3.7757, 2.7579 1.9039 2.2965, 1.3799 1.9039 2.2965, 2.7579 1.9039 2.6331, 1.3799 1.9039 2.6331, 1.3799 1.832 2.2246, 2.7579 1.832 2.2246, 1.3799 1.832 1.6716, 2.7579 1.832 1.6716, 1.3799 1.9039 1.5996, 2.7579 1.9039 1.5996, 1.3799 1.9039 0.0394, 2.7579 1.9039 0.0394, 1.3799 1.5038 0.0394, 2.7579 1.5038 0.0394, 1.3799 1.5038 0.1705, 2.7579 1.5038 0.1705, 2.7579 -2.5292 0.1705, 1.3799 -2.5292 0.1705, 2.7579 -0.1476 0.1705, 1.3799 -0.1476 0.1705, 1.3799 -2.5292 0.0394, 2.7579 -2.5292 0.0394, 1.3799 -2.8599 0.0394, 2.7579 -2.8599 0.0394, 2.7579 -2.8599 2.7854, 1.3799 -2.8599 2.7854, 2.7579 -2.8599 2.6331, 1.3799 -2.8599 2.6331, 2.0448 -1.7239 3.9214, 2.1178 -1.7216 3.9237, 2.3455 -1.6111 4.0342, 2.27 -1.6694 3.9759, 2.1924 -1.7048 3.9405, 1.9709 -1.7122 3.933, 1.8944 -1.6838 3.9614, 1.8154 -1.6321 4.0131, 1.7025 -1.1868 4.4585, 1.7489 -1.1016 4.5437, 2.3357 -1.04 4.6052, 2.3345 -1.0403 4.605, 2.3703 -1.0776 4.5676, 1.6783 -1.2814 4.3639, 1.8033 -1.0403 4.605, 1.7983 -1.0393 4.606, 2.3401 -1.0392 4.6061, 2.4235 -1.1598 4.4854, 2.4548 -1.2528 4.3925, 1.7491 -1.5605 4.0848, 1.7023 -1.4744 4.1709, 1.6782 -1.3793 4.2659, 2.4621 -1.3506 4.2947, 2.4451 -1.4468 4.1984, 2.4052 -1.5355 4.1098, 1.3799 -2.3381 2.762, 1.3799 -2.2897 2.7248, 1.3799 -2.3985 2.9876, 1.3799 -2.4065 2.9271, 1.3799 -2.3985 2.8667, 1.3799 -2.3752 2.8103, 1.3799 -2.0561 2.7248, 1.3799 -2.0077 2.762, 1.3799 -0.1476 2.6331, 1.3799 -1.9706 2.8103, 1.3799 -1.9472 2.8667, 1.3799 -2.0561 3.1294, 1.3799 -2.0077 3.0923, 1.3799 -2.2333 2.7015, 1.3799 -2.1729 2.6935, 1.3799 -2.1124 2.7015, 1.3799 -2.1124 3.1528, 1.3799 -2.1729 3.1607, 1.3799 -2.2333 3.1528, 1.3799 -2.2897 3.1294, 1.3799 -2.3381 3.0923, 1.3799 -2.3752 3.0439, 1.3799 -1.9393 2.9271, 1.3799 -1.9472 2.9876, 1.3799 -1.9706 3.0439, 1.3799 -1.9468 1.7292, 1.3799 -1.9566 1.6541, 1.3799 -2.5617 0.5291, 1.3799 -2.5174 0.4952, 1.3799 -1.9468 1.5791, 1.3799 -2.5617 0.8313, 1.3799 -2.5957 0.787, 1.3799 -2.617 0.7355, 1.3799 -2.6243 0.6802, 1.3799 -2.617 0.6249, 1.3799 -2.5957 0.5734, 1.3799 -2.3553 0.4738, 1.3799 -1.3867 1.7292, 1.3799 -1.4157 1.7991, 1.3799 -1.4618 1.8591, 1.3799 -1.7418 1.9341, 1.3799 -1.8117 1.9052, 1.3799 -2.4659 0.4738, 1.3799 -2.4106 0.4665, 1.3799 -2.3038 0.4952, 1.3799 -2.2595 0.5291, 1.3799 -2.2256 0.5734, 1.3799 -1.8717 1.8591, 1.3799 -1.9178 1.7991, 1.3799 -1.4618 1.4491, 1.3799 -1.4157 1.5092, 1.3799 -1.3867 1.5791, 1.3799 -1.3768 1.6541, 1.3799 -2.3038 0.8652, 1.3799 -2.3553 0.8866, 1.3799 -1.8717 1.4491, 1.3799 -2.4106 0.8939, 1.3799 -1.9178 1.5092, 1.3799 -2.4659 0.8866, 1.3799 -2.5174 0.8652, 1.3799 -1.5218 1.9052, 1.3799 -1.5917 1.9341, 1.3799 -1.6667 1.944, 1.3799 -2.2595 0.8313, 1.3799 -1.8117 1.4031, 1.3799 -1.7418 1.3741, 1.3799 -1.6667 1.3642, 1.3799 -1.5917 1.3741, 1.3799 -2.2256 0.787, 1.3799 -1.5218 1.4031, 1.3799 -2.2042 0.6249, 1.3799 -2.1969 0.6802, 1.3799 -2.2042 0.7355, 1.3799 1.5117 2.5012, 1.3799 1.4612 2.5399, 1.3799 1.583 2.329, 1.3799 1.5747 2.392, 1.3799 1.5504 2.4508, 1.3799 1.2176 2.5399, 1.3799 1.1672 2.5012, 1.3799 1.1285 2.4508, 1.3799 1.1041 2.392, 1.3799 1.4612 2.118, 1.3799 1.5117 2.1567, 1.3799 1.5504 2.2072, 1.3799 1.5747 2.2659, 1.3799 1.4025 2.5643, 1.3799 1.3394 2.5726, 1.3799 1.2764 2.5643, 1.3799 1.1672 2.1567, 1.3799 1.2176 2.118, 1.3799 1.0958 2.329, 1.3799 1.1041 2.2659, 1.3799 1.1285 2.2072, 1.3799 1.2764 2.0937, 1.3799 1.3394 2.0854, 1.3799 1.4025 2.0937, 1.3799 1.1571 3.251, 1.3799 1.1162 3.3044, 1.3799 1.0904 3.3666, 1.3799 1.4061 3.6823, 1.3799 1.3394 3.6911, 1.3799 1.2727 3.6823, 1.3799 1.2105 3.6565, 1.3799 1.1571 3.6156, 1.3799 1.1162 3.5622, 1.3799 1.0904 3.5, 1.3799 1.0816 3.4333, 1.3799 1.4061 3.1843, 1.3799 1.4683 3.21, 1.3799 1.5217 3.251, 1.3799 1.2105 3.21, 1.3799 1.2727 3.1843, 1.3799 1.3394 3.1755, 1.3799 1.5884 3.5, 1.3799 1.5627 3.5622, 1.3799 1.5217 3.6156, 1.3799 1.4683 3.6565, 1.3799 1.5627 3.3044, 1.3799 1.5884 3.3666, 1.3799 1.5972 3.4333, 2.7579 -0.1476 2.6331, 2.7579 1.1571 3.251, 2.7579 1.1162 3.3044, 2.7579 1.5627 3.3044, 2.7579 1.5217 3.251, 2.7579 1.5627 3.5622, 2.7579 1.5884 3.5, 2.7579 1.5972 3.4333, 2.7579 1.5884 3.3666, 2.7579 1.4683 3.21, 2.7579 1.4061 3.1843, 2.7579 1.3394 3.1755, 2.7579 1.0904 3.3666, 2.7579 1.0816 3.4333, 2.7579 1.0904 3.5, 2.7579 1.1162 3.5622, 2.7579 1.1571 3.6156, 2.7579 1.2105 3.6565, 2.7579 1.2727 3.6823, 2.7579 1.3394 3.6911, 2.7579 1.4061 3.6823, 2.7579 1.4683 3.6565, 2.7579 1.5217 3.6156, 2.7579 1.2727 3.1843, 2.7579 1.2105 3.21, 2.7579 1.4025 2.5643, 2.7579 1.4612 2.5399, 2.7579 1.5117 2.5012, 2.7579 1.5117 2.1567, 2.7579 1.4612 2.118, 2.7579 1.3394 2.5726, 2.7579 1.5504 2.4508, 2.7579 1.5747 2.392, 2.7579 1.583 2.329, 2.7579 1.5747 2.2659, 2.7579 1.5504 2.2072, 2.7579 1.3394 2.0854, 2.7579 1.2764 2.0937, 2.7579 1.4025 2.0937, 2.7579 1.2176 2.118, 2.7579 1.1672 2.1567, 2.7579 1.1285 2.2072, 2.7579 1.1041 2.392, 2.7579 1.1285 2.4508, 2.7579 1.1672 2.5012, 2.7579 1.1041 2.2659, 2.7579 1.0958 2.329, 2.7579 1.2176 2.5399, 2.7579 1.2764 2.5643, 2.7579 -2.3553 0.8866, 2.7579 -2.3038 0.8652, 2.7579 -2.2256 0.5734, 2.7579 -2.2042 0.6249, 2.7579 -2.1969 0.6802, 2.7579 -2.617 0.7355, 2.7579 -2.6243 0.6802, 2.7579 -2.617 0.6249, 2.7579 -2.5957 0.5734, 2.7579 -2.5617 0.5291, 2.7579 -2.2595 0.5291, 2.7579 -2.3038 0.4952, 2.7579 -2.3553 0.4738, 2.7579 -2.4106 0.4665, 2.7579 -2.5957 0.787, 2.7579 -2.5617 0.8313, 2.7579 -2.5174 0.8652, 2.7579 -2.4659 0.8866, 2.7579 -2.4106 0.8939, 2.7579 -2.4659 0.4738, 2.7579 -2.5174 0.4952, 2.7579 -1.3867 1.5791, 2.7579 -1.4157 1.5092, 2.7579 -1.4618 1.4491, 2.7579 -1.3768 1.6541, 2.7579 -1.9468 1.7292, 2.7579 -1.9178 1.7991, 2.7579 -1.8717 1.8591, 2.7579 -1.8117 1.9052, 2.7579 -1.5218 1.4031, 2.7579 -1.5917 1.3741, 2.7579 -1.6667 1.3642, 2.7579 -1.7418 1.3741, 2.7579 -2.2042 0.7355, 2.7579 -1.8117 1.4031, 2.7579 -2.2256 0.787, 2.7579 -1.8717 1.4491, 2.7579 -2.2595 0.8313, 2.7579 -1.9178 1.5092, 2.7579 -1.9468 1.5791, 2.7579 -1.9566 1.6541, 2.7579 -1.7418 1.9341, 2.7579 -1.6667 1.944, 2.7579 -1.5917 1.9341, 2.7579 -1.5218 1.9052, 2.7579 -1.4618 1.8591, 2.7579 -1.4157 1.7991, 2.7579 -1.3867 1.7292, 2.7579 -1.9393 2.9271, 2.7579 -1.9472 2.8667, 2.7579 -2.4065 2.9271, 2.7579 -2.3985 2.9876, 2.7579 -2.2897 2.7248, 2.7579 -2.3381 2.762, 2.7579 -2.3752 2.8103, 2.7579 -2.3985 2.8667, 2.7579 -2.0561 3.1294, 2.7579 -1.9706 2.8103, 2.7579 -2.0077 2.762, 2.7579 -2.0561 2.7248, 2.7579 -2.3752 3.0439, 2.7579 -2.3381 3.0923, 2.7579 -2.2897 3.1294, 2.7579 -2.2333 3.1528, 2.7579 -2.1729 3.1607, 2.7579 -2.1124 3.1528, 2.7579 -2.1124 2.7015, 2.7579 -2.1729 2.6935, 2.7579 -2.2333 2.7015, 2.7579 -2.0077 3.0923, 2.7579 -1.9706 3.0439, 2.7579 -1.9472 2.9876, 1.4783 0.8827 5.0536, 1.4783 1.0277 5.0536, 2.6594 0.8827 5.0536, 2.6594 1.0277 5.0536, 2.6594 -0.2287 4.7669, 1.4783 -0.2287 4.7669, 1.4783 -0.0998 4.7669, 2.6594 -0.0998 4.7669, 2.5057 -0.0998 5.2756, 2.0167 -0.0998 5.4724, 1.4783 -0.0998 5.4724, 2.0167 -0.0998 5.2756, 1.4783 0.8827 5.4724, 2.6594 0.769 5.4724, 2.6594 0.8827 5.4724, 1.4783 1.0277 5.2598, 2.6594 1.0277 5.2598, 2.6594 0.108 5.2756, 2.6594 0.769 5.2756, 1.2618 1.2727 3.6823, 1.2618 1.2105 3.6565, 1.2618 1.1571 3.6156, 1.2618 1.1162 3.5622, 1.2618 1.0904 3.5, 1.2618 1.0816 3.4333, 1.2618 1.0904 3.3666, 1.2618 1.1162 3.3044, 1.2618 1.1571 3.251, 1.2618 1.2105 3.21, 1.2618 1.2727 3.1843, 1.2618 1.3394 3.1755, 1.2618 1.4061 3.1843, 1.2618 1.4683 3.21, 1.2618 1.5217 3.251, 1.2618 1.5627 3.3044, 1.2618 1.5884 3.3666, 1.2618 1.5972 3.4333, 1.2618 1.5884 3.5, 1.2618 1.5627 3.5622, 1.2618 1.5217 3.6156, 1.2618 1.4683 3.6565, 1.2618 1.4061 3.6823, 1.2618 1.3394 3.6911, 1.2618 1.3394 3.4333, 1.2618 1.2764 2.5643, 1.2618 1.2176 2.5399, 1.2618 1.1672 2.5012, 1.2618 1.1285 2.4508, 1.2618 1.1041 2.392, 1.2618 1.0958 2.329, 1.2618 1.1041 2.2659, 1.2618 1.1285 2.2072, 1.2618 1.1672 2.1567, 1.2618 1.2176 2.118, 1.2618 1.2764 2.0937, 1.2618 1.3394 2.0854, 1.2618 1.4025 2.0937, 1.2618 1.4612 2.118, 1.2618 1.5117 2.1567, 1.2618 1.5504 2.2072, 1.2618 1.5747 2.2659, 1.2618 1.583 2.329, 1.2618 1.5747 2.392, 1.2618 1.5504 2.4508, 1.2618 1.5117 2.5012, 1.2618 1.4612 2.5399, 1.2618 1.4025 2.5643, 1.2618 1.3394 2.5726, 1.2618 1.3394 2.329, 1.2618 -2.2333 3.1528, 1.2618 -2.2897 3.1294, 1.2618 -2.3381 3.0923, 1.2618 -2.3752 3.0439, 1.2618 -2.3985 2.9876, 1.2618 -2.4065 2.9271, 1.2618 -2.3985 2.8667, 1.2618 -2.3752 2.8103, 1.2618 -2.3381 2.762, 1.2618 -2.2897 2.7248, 1.2618 -2.2333 2.7015, 1.2618 -2.1729 2.6935, 1.2618 -2.1124 2.7015, 1.2618 -2.0561 2.7248, 1.2618 -2.0077 2.762, 1.2618 -1.9706 2.8103, 1.2618 -1.9472 2.8667, 1.2618 -1.9393 2.9271, 1.2618 -1.9472 2.9876, 1.2618 -1.9706 3.0439, 1.2618 -2.0077 3.0923, 1.2618 -2.0561 3.1294, 1.2618 -2.1124 3.1528, 1.2618 -2.1729 3.1607, 1.2618 -2.1729 2.9271, 1.2618 -2.4659 0.8866, 1.2618 -2.5174 0.8652, 1.2618 -2.5617 0.8313, 1.2618 -2.5957 0.787, 1.2618 -2.617 0.7355, 1.2618 -2.6243 0.6802, 1.2618 -2.617 0.6249, 1.2618 -2.5957 0.5734, 1.2618 -2.5617 0.5291, 1.2618 -2.5174 0.4952, 1.2618 -2.4659 0.4738, 1.2618 -2.4106 0.4665, 1.2618 -2.3553 0.4738, 1.2618 -2.3038 0.4952, 1.2618 -2.2595 0.5291, 1.2618 -2.2256 0.5734, 1.2618 -2.2042 0.6249, 1.2618 -2.1969 0.6802, 1.2618 -2.2042 0.7355, 1.2618 -2.2256 0.787, 1.2618 -2.2595 0.8313, 1.2618 -2.3038 0.8652, 1.2618 -2.3553 0.8866, 1.2618 -2.4106 0.8939, 1.2618 -2.4106 0.6802, 1.2618 -1.7418 1.9341, 1.2618 -1.8117 1.9052, 1.2618 -1.8717 1.8591, 1.2618 -1.9178 1.7991, 1.2618 -1.9468 1.7292, 1.2618 -1.9566 1.6541, 1.2618 -1.9468 1.5791, 1.2618 -1.9178 1.5092, 1.2618 -1.8717 1.4491, 1.2618 -1.8117 1.4031, 1.2618 -1.7418 1.3741, 1.2618 -1.6667 1.3642, 1.2618 -1.5917 1.3741, 1.2618 -1.5218 1.4031, 1.2618 -1.4618 1.4491, 1.2618 -1.4157 1.5092, 1.2618 -1.3867 1.5791, 1.2618 -1.3768 1.6541, 1.2618 -1.3867 1.7292, 1.2618 -1.4157 1.7991, 1.2618 -1.4618 1.8591, 1.2618 -1.5218 1.9052, 1.2618 -1.5917 1.9341, 1.2618 -1.6667 1.944, 1.2618 -1.6667 1.6541, 2.6397 -2.1729 3.1607, 2.6397 -2.2333 3.1528, 2.6397 -2.2897 3.1294, 2.6397 -2.3381 3.0923, 2.6397 -2.3752 3.0439, 2.6397 -2.3985 2.9876, 2.6397 -2.4065 2.9271, 2.6397 -2.3985 2.8667, 2.6397 -2.3752 2.8103, 2.6397 -2.3381 2.762, 2.6397 -2.2897 2.7248, 2.6397 -2.2333 2.7015, 2.6397 -2.1729 2.6935, 2.6397 -2.1124 2.7015, 2.6397 -2.0561 2.7248, 2.6397 -2.0077 2.762, 2.6397 -1.9706 2.8103, 2.6397 -1.9472 2.8667, 2.6397 -1.9393 2.9271, 2.6397 -1.9472 2.9876, 2.6397 -1.9706 3.0439, 2.6397 -2.0077 3.0923, 2.6397 -2.0561 3.1294, 2.6397 -2.1124 3.1528, 2.6397 -2.1729 2.9271, 2.6397 -1.6667 1.944, 2.6397 -1.7418 1.9341, 2.6397 -1.8117 1.9052, 2.6397 -1.8717 1.8591, 2.6397 -1.9178 1.7991, 2.6397 -1.9468 1.7292, 2.6397 -1.9566 1.6541, 2.6397 -1.9468 1.5791, 2.6397 -1.9178 1.5092, 2.6397 -1.8717 1.4491, 2.6397 -1.8117 1.4031, 2.6397 -1.7418 1.3741, 2.6397 -1.6667 1.3642, 2.6397 -1.5917 1.3741, 2.6397 -1.5218 1.4031, 2.6397 -1.4618 1.4491, 2.6397 -1.4157 1.5092, 2.6397 -1.3867 1.5791, 2.6397 -1.3768 1.6541, 2.6397 -1.3867 1.7292, 2.6397 -1.4157 1.7991, 2.6397 -1.4618 1.8591, 2.6397 -1.5218 1.9052, 2.6397 -1.5917 1.9341, 2.6397 -1.6667 1.6541, 2.6397 1.3394 3.6911, 2.6397 1.2727 3.6823, 2.6397 1.2105 3.6565, 2.6397 1.1571 3.6156, 2.6397 1.1162 3.5622, 2.6397 1.0904 3.5, 2.6397 1.0816 3.4333, 2.6397 1.0904 3.3666, 2.6397 1.1162 3.3044, 2.6397 1.1571 3.251, 2.6397 1.2105 3.21, 2.6397 1.2727 3.1843, 2.6397 1.3394 3.1755, 2.6397 1.4061 3.1843, 2.6397 1.4683 3.21, 2.6397 1.5217 3.251, 2.6397 1.5627 3.3044, 2.6397 1.5884 3.3666, 2.6397 1.5972 3.4333, 2.6397 1.5884 3.5, 2.6397 1.5627 3.5622, 2.6397 1.5217 3.6156, 2.6397 1.4683 3.6565, 2.6397 1.4061 3.6823, 2.6397 1.3394 3.4333, 2.6397 1.3394 2.5726, 2.6397 1.2764 2.5643, 2.6397 1.2176 2.5399, 2.6397 1.1672 2.5012, 2.6397 1.1285 2.4508, 2.6397 1.1041 2.392, 2.6397 1.0958 2.329, 2.6397 1.1041 2.2659, 2.6397 1.1285 2.2072, 2.6397 1.1672 2.1567, 2.6397 1.2176 2.118, 2.6397 1.2764 2.0937, 2.6397 1.3394 2.0854, 2.6397 1.4025 2.0937, 2.6397 1.4612 2.118, 2.6397 1.5117 2.1567, 2.6397 1.5504 2.2072, 2.6397 1.5747 2.2659, 2.6397 1.583 2.329, 2.6397 1.5747 2.392, 2.6397 1.5504 2.4508, 2.6397 1.5117 2.5012, 2.6397 1.4612 2.5399, 2.6397 1.4025 2.5643, 2.6397 1.3394 2.329, 2.6397 -2.4106 0.8939, 2.6397 -2.4659 0.8866, 2.6397 -2.5174 0.8652, 2.6397 -2.5617 0.8313, 2.6397 -2.5957 0.787, 2.6397 -2.617 0.7355, 2.6397 -2.6243 0.6802, 2.6397 -2.617 0.6249, 2.6397 -2.5957 0.5734, 2.6397 -2.5617 0.5291, 2.6397 -2.5174 0.4952, 2.6397 -2.4659 0.4738, 2.6397 -2.4106 0.4665, 2.6397 -2.3553 0.4738, 2.6397 -2.3038 0.4952, 2.6397 -2.2595 0.5291, 2.6397 -2.2256 0.5734, 2.6397 -2.2042 0.6249, 2.6397 -2.1969 0.6802, 2.6397 -2.2042 0.7355, 2.6397 -2.2256 0.787, 2.6397 -2.2595 0.8313, 2.6397 -2.3038 0.8652, 2.6397 -2.3553 0.8866, 2.6397 -2.4106 0.6802, 1.8327 -1.039 4.5669, 1.8327 -1.039 2.6378, 1.8327 -0.8421 4.5669, 1.8327 -0.8421 2.6378, 2.0295 -0.6453 4.5669, 2.0295 -0.6453 2.6378, 2.1083 -0.6453 4.5669, 2.1083 -0.6453 2.6378, 2.3051 -0.8421 4.5669, 2.3051 -0.8421 2.6378, 2.3051 -1.039 4.5669, 2.3051 -1.039 2.6378, 2.4178 -1.3646 2.6378, 2.4221 -1.275 2.6378, 2.1137 -1.6546 2.6378, 2.3639 -1.1068 2.6378, 2.4037 -1.1872 2.6378, 2.024 -1.6546 2.6378, 2.279 -1.5884 2.6378, 2.3439 -1.5265 2.6378, 2.3912 -1.4503 2.6378, 1.7466 -1.4503 2.6378, 1.7939 -1.5265 2.6378, 2.2787 -0.7437 2.6378, 2.2474 -0.7029 2.6378, 2.2067 -0.6717 2.6378, 1.859 -0.7437 2.6378, 1.8394 -0.7912 2.6378, 1.7739 -1.1068 2.6378, 1.7341 -1.1872 2.6378, 1.8588 -1.5884 2.6378, 1.9372 -1.632 2.6378, 2.2006 -1.632 2.6378, 2.2984 -0.7912 2.6378, 2.1592 -0.652 2.6378, 1.7157 -1.275 2.6378, 1.7199 -1.3646 2.6378, 1.9786 -0.652 2.6378, 1.9311 -0.6717 2.6378, 1.8903 -0.7029 2.6378, 1.7809 -1.0967 4.5159, 1.8323 -1.0393 4.5721, 1.8312 -1.0403 4.5771, 1.831 -1.0405 4.5783, 2.3068 -1.0405 4.5783, 2.3061 -1.0399 4.5757, 2.3402 -1.0751 4.5398, 2.3054 -1.0392 4.5714, 2.3616 -1.1083 4.503, 2.4194 -1.2752 4.3175, 2.4162 -1.2328 4.3646, 2.4011 -1.188 4.4144, 2.388 -1.1491 4.4576, 2.3887 -1.4491 4.1242, 2.4075 -1.4074 4.1706, 2.4151 -1.3641 4.2187, 2.4228 -1.3208 4.2669, 2.2774 -1.5864 3.9717, 2.3178 -1.5553 4.0063, 2.3418 -1.5249 4.0401, 2.3716 -1.4872 4.0819, 2.1137 -1.6545 3.8961, 2.18 -1.6395 3.9127, 2.1999 -1.6305 3.9227, 2.2499 -1.6077 3.9481, 2.0472 -1.6567 3.8936, 2.1129 -1.6547 3.8959, 1.9807 -1.6463 3.9052, 2.0242 -1.6531 3.8976, 1.9118 -1.6207 3.9336, 1.9378 -1.6303 3.9229, 1.8407 -1.5742 3.9853, 1.8599 -1.5867 3.9714, 1.781 -1.5097 4.0569, 1.7953 -1.5252 4.0398, 1.7389 -1.4322 4.143, 1.7482 -1.4494 4.124, 1.7172 -1.3467 4.2381, 1.7217 -1.3642 4.2187, 1.7174 -1.2585 4.3361, 1.7173 -1.275 4.3177, 1.775 -1.1074 4.5039, 1.7392 -1.1733 4.4307, 1.7355 -1.1876 4.4149, 1.8394 -0.7912 4.5669, 1.859 -0.7437 4.5669, 1.8903 -0.7029 4.5669, 1.9311 -0.6717 4.5669, 1.9786 -0.652 4.5669, 2.1592 -0.652 4.5669, 2.2067 -0.6717 4.5669, 2.2474 -0.7029 4.5669, 2.2787 -0.7437 4.5669, 2.2984 -0.7912 4.5669, 1.9783 -0.651 4.5757, 1.8317 -0.8421 4.5757, 1.8384 -0.7909 4.5757, 1.8312 -0.8421 4.5771, 1.8356 -0.7902 4.584, 2.0295 -0.6443 4.5757, 2.0295 -0.6438 4.5771, 1.9776 -0.6482 4.584, 1.8311 -0.789 4.5915, 1.8272 -0.8421 4.5865, 1.8288 -0.8421 4.584, 2.0295 -0.6414 4.584, 2.0295 -0.6398 4.5865, 1.9763 -0.6437 4.5915, 1.8251 -0.7873 4.5977, 1.821 -0.8421 4.5946, 1.8241 -0.8421 4.5915, 2.0295 -0.6367 4.5915, 2.0295 -0.6336 4.5946, 1.9747 -0.6377 4.5977, 1.8034 -0.8421 4.6048, 1.8104 -0.8421 4.6024, 1.8178 -0.7854 4.6024, 1.8129 -0.8421 4.6008, 1.8178 -0.8421 4.5977, 1.8582 -0.7432 4.5757, 1.8557 -0.7418 4.584, 1.8516 -0.7394 4.5915, 1.8462 -0.7363 4.5977, 1.8397 -0.7326 4.6024, 1.8896 -0.7022 4.5757, 1.8876 -0.7002 4.584, 1.8842 -0.6969 4.5915, 1.8798 -0.6925 4.5977, 1.8746 -0.6872 4.6024, 1.9306 -0.6708 4.5757, 1.9291 -0.6683 4.584, 1.9268 -0.6642 4.5915, 1.9237 -0.6588 4.5977, 1.9199 -0.6524 4.6024, 1.9728 -0.6305 4.6024, 1.8021 -0.8421 4.6053, 1.8098 -0.7833 4.6053, 2.0295 -0.6305 4.5977, 2.0295 -0.6255 4.6008, 2.0295 -0.623 4.6024, 2.0295 -0.6161 4.6048, 1.8325 -0.7284 4.6053, 1.8687 -0.6813 4.6053, 1.9158 -0.6451 4.6053, 1.9706 -0.6224 4.6053, 2.0295 -0.6147 4.6053, 1.8277 -1.0422 4.586, 1.8293 -1.0414 4.5824, 1.8211 -1.043 4.5947, 1.8221 -1.0429 4.5935, 1.825 -1.0427 4.5901, 1.826 -1.0427 4.5889, 1.8274 -1.0423 4.5866, 1.8207 -1.043 4.5952, 1.8178 -1.0429 4.5977, 1.8154 -1.0426 4.5993, 1.8129 -1.0422 4.6009, 1.8107 -1.0419 4.6023, 1.8078 -1.0414 4.6035, 1.8035 -1.0403 4.605, 1.8076 -1.0413 4.6036, 2.1083 -0.6443 4.5757, 2.1083 -0.6438 4.5771, 2.1083 -0.6414 4.584, 2.1083 -0.6398 4.5865, 2.1083 -0.6367 4.5915, 2.1083 -0.6336 4.5946, 2.1083 -0.6305 4.5977, 2.1083 -0.6255 4.6008, 2.1083 -0.623 4.6024, 2.1083 -0.6161 4.6048, 2.1083 -0.6147 4.6053, 2.3082 -1.0415 4.5822, 2.3423 -1.0772 4.5436, 2.3083 -1.0415 4.5825, 2.3477 -1.08 4.551, 2.3122 -1.0427 4.5894, 2.3105 -1.0422 4.5863, 2.3142 -1.043 4.5922, 2.3137 -1.0429 4.5915, 2.3509 -1.0808 4.5545, 2.3544 -1.0811 4.5577, 2.3188 -1.0429 4.5966, 2.3156 -1.0429 4.5935, 2.3202 -1.0429 4.5979, 2.32 -1.0429 4.5977, 2.3582 -1.0809 4.5607, 2.3621 -1.0803 4.5634, 2.3262 -1.042 4.6015, 2.3234 -1.0425 4.6002, 2.3312 -1.0411 4.604, 2.3302 -1.0413 4.6035, 2.3662 -1.0792 4.5657, 2.3275 -1.0418 4.6022, 1.7533 -1.1029 4.5419, 1.7577 -1.1038 4.5396, 1.762 -1.1043 4.537, 1.766 -1.1042 4.534, 1.7732 -1.1025 4.5273, 1.7788 -1.099 4.5197, 2.4175 -1.237 4.3691, 2.39 -1.1523 4.4617, 2.4067 -1.4128 4.1762, 2.4232 -1.3257 4.2718, 2.3148 -1.5597 4.0138, 2.3695 -1.4924 4.0884, 2.2467 -1.611 3.9566, 2.1776 -1.6417 3.9222, 2.1118 -1.6561 3.9059, 2.0477 -1.6581 3.9037, 1.9828 -1.6481 3.915, 1.9148 -1.6236 3.9425, 1.8439 -1.5783 3.9931, 1.7834 -1.5147 4.0637, 1.7172 -1.3518 4.2432, 1.7401 -1.4376 4.1488, 1.7373 -1.1768 4.4348, 1.7163 -1.2629 4.3407, 1.7762 -1.101 4.5236, 1.7348 -1.1799 4.4389, 1.7141 -1.2671 4.3451, 1.7158 -1.3569 4.2482, 1.7398 -1.4433 4.1544, 1.7842 -1.5206 4.07, 1.8454 -1.5838 4.0005, 1.9166 -1.6285 3.9509, 1.984 -1.6524 3.9241, 2.048 -1.6621 3.9132, 2.1111 -1.6602 3.9153, 2.1761 -1.6462 3.9311, 2.245 -1.6161 3.9647, 2.3135 -1.5654 4.0208, 2.3691 -1.4983 4.0945, 2.4073 -1.4183 4.1816, 2.4248 -1.3306 4.2766, 2.4198 -1.2408 4.3734, 2.3926 -1.155 4.4657, 2.3448 -1.0788 4.5474, 2.3091 -1.0418 4.5839, 1.7316 -1.1825 4.4429, 1.7111 -1.2709 4.3493, 1.7132 -1.3618 4.2528, 1.7379 -1.4491 4.1595, 1.7832 -1.5271 4.0758, 1.8452 -1.5905 4.007, 1.9169 -1.6351 3.9582, 1.9844 -1.6588 3.9319, 2.0482 -1.6683 3.9213, 2.1109 -1.6665 3.9234, 2.1757 -1.6526 3.9388, 2.2447 -1.6228 3.9717, 2.3139 -1.5721 4.0271, 2.3704 -1.5046 4.1, 2.4095 -1.4239 4.1865, 2.4276 -1.3352 4.2811, 2.423 -1.2443 4.3775, 2.3958 -1.1573 4.4695, 1.7698 -1.1036 4.5308, 1.7277 -1.1847 4.4465, 1.7071 -1.2743 4.3532, 1.7094 -1.3664 4.2569, 1.7345 -1.4549 4.164, 1.7805 -1.5338 4.0806, 1.8434 -1.598 4.0123, 1.9158 -1.643 3.964, 1.9839 -1.6669 3.938, 2.048 -1.6765 3.9276, 2.1112 -1.6746 3.9296, 2.1764 -1.6607 3.9448, 2.2461 -1.6306 3.9773, 2.316 -1.5793 4.0322, 2.3733 -1.511 4.1047, 2.413 -1.4294 4.1908, 2.4315 -1.3394 4.2851, 2.4269 -1.2473 4.3813, 2.3995 -1.1591 4.4731, 1.7234 -1.1863 4.4498, 1.7023 -1.2771 4.3566, 1.7045 -1.3705 4.2604, 1.7299 -1.4603 4.1675, 1.7763 -1.5405 4.0843, 1.8399 -1.6059 4.016, 1.9134 -1.6517 3.9678, 1.9825 -1.6762 3.9419, 2.0477 -1.686 3.9315, 2.1118 -1.684 3.9336, 2.1781 -1.6698 3.9487, 2.2488 -1.6391 3.9812, 2.3198 -1.5868 4.0359, 2.3777 -1.5174 4.1084, 2.4178 -1.4344 4.1944, 2.4363 -1.3431 4.2886, 2.4316 -1.2497 4.3847, 2.4037 -1.1604 4.4764, 1.7185 -1.1873 4.4527, 1.6969 -1.2792 4.3594, 1.6988 -1.3739 4.2631, 1.724 -1.4651 4.1701, 1.7707 -1.5468 4.0866, 1.8351 -1.6136 4.0181, 1.9098 -1.6607 3.9695, 1.9804 -1.686 3.9434, 2.0472 -1.6961 3.9329, 2.1129 -1.6941 3.9349, 2.1808 -1.6794 3.9502, 2.2529 -1.6477 3.983, 2.3249 -1.5941 4.0381, 2.3834 -1.5232 4.1108, 2.4236 -1.4388 4.197, 2.442 -1.3462 4.2913, 2.4369 -1.2515 4.3876, 2.4083 -1.1611 4.4794, 1.7134 -1.1877 4.4552, 1.691 -1.2807 4.3616, 1.6923 -1.3766 4.265, 1.7173 -1.4692 4.1715, 1.7641 -1.5524 4.0875, 1.8292 -1.6208 4.0182, 1.9052 -1.6694 3.969, 1.9776 -1.6957 3.9423, 2.0465 -1.7063 3.9315, 2.1144 -1.7042 3.9337, 2.1842 -1.6888 3.9493, 2.258 -1.6559 3.9827, 2.3311 -1.6008 4.0385, 2.3901 -1.5283 4.1118, 2.4303 -1.4424 4.1986, 2.4483 -1.3485 4.2933, 2.4426 -1.2526 4.3899, 2.4132 -1.1612 4.4819, 1.708 -1.1876 4.4571, 1.6847 -1.2814 4.3631, 1.6854 -1.3784 4.2659, 1.7099 -1.4723 4.1718, 1.7568 -1.5571 4.0869, 1.8225 -1.6271 4.0166, 1.9 -1.6773 3.9662, 1.9744 -1.7046 3.9388, 2.0456 -1.7158 3.9276, 2.116 -1.7136 3.9298, 2.1881 -1.6975 3.946, 2.2638 -1.6633 3.9803, 2.3381 -1.6066 4.0372, 2.3975 -1.5325 4.1115, 2.4376 -1.4451 4.1991, 2.4551 -1.3499 4.2944, 2.4486 -1.2531 4.3915, 2.4183 -1.1608 4.4839, 2.1595 -0.651 4.5757, 2.1602 -0.6482 4.584, 2.1614 -0.6437 4.5915, 2.163 -0.6377 4.5977, 2.165 -0.6305 4.6024, 2.1671 -0.6224 4.6053, 2.2072 -0.6708 4.5757, 2.2086 -0.6683 4.584, 2.211 -0.6642 4.5915, 2.2141 -0.6588 4.5977, 2.2178 -0.6524 4.6024, 2.222 -0.6451 4.6053, 2.2481 -0.7022 4.5757, 2.2502 -0.7002 4.584, 2.2535 -0.6969 4.5915, 2.2579 -0.6925 4.5977, 2.2632 -0.6872 4.6024, 2.2691 -0.6813 4.6053, 2.2796 -0.7432 4.5757, 2.2821 -0.7418 4.584, 2.2862 -0.7394 4.5915, 2.2916 -0.7363 4.5977, 2.298 -0.7326 4.6024, 2.3052 -0.7284 4.6053, 2.2993 -0.7909 4.5757, 2.3022 -0.7902 4.584, 2.3067 -0.789 4.5915, 2.3127 -0.7873 4.5977, 2.3199 -0.7854 4.6024, 2.328 -0.7833 4.6053, 2.3061 -0.8421 4.5757, 2.309 -0.8421 4.584, 2.3137 -0.8421 4.5915, 2.3199 -0.8421 4.5977, 2.3274 -0.8421 4.6024, 2.3357 -0.8421 4.6053
            ]
        }
        coordIndex [
            0,1,2,-1,3,4,5,-1,5,4,6,-1,7,8,9,-1,9,8,10,-1,11,12,5,-1,5,12,3,-1,10,8,13,-1,13,8,14,-1,4,15,6,-1,6,15,16,-1,17,7,18,-1,18,7,9,-1,19,20,21,-1,22,23,14,-1,24,25,17,-1,26,16,27,-1,27,16,15,-1,27,15,28,-1,15,12,28,-1,28,12,11,-1,28,11,29,-1,11,13,29,-1,29,13,14,-1,29,14,21,-1,21,14,23,-1,21,23,19,-1,30,24,31,-1,31,24,17,-1,31,17,26,-1,26,17,18,-1,26,18,16,-1,25,32,17,-1,17,32,33,-1,17,33,34,-1,35,36,14,-1,14,36,37,-1,14,37,22,-1,34,38,17,-1,17,38,39,-1,17,39,14,-1,14,39,40,-1,14,40,35,-1,41,27,42,-1,42,27,28,-1,43,44,45,-1,45,44,46,-1,45,46,42,-1,42,46,41,-1,47,44,48,-1,48,44,43,-1,49,47,50,-1,50,47,48,-1,51,49,52,-1,52,49,50,-1,53,51,54,-1,54,51,52,-1,55,53,56,-1,56,53,54,-1,57,55,58,-1,58,55,56,-1,59,60,61,-1,61,60,62,-1,61,62,58,-1,58,62,57,-1,63,60,64,-1,64,60,59,-1,65,63,66,-1,66,63,64,-1,67,68,69,-1,69,68,70,-1,69,70,66,-1,66,70,65,-1,71,68,72,-1,72,68,67,-1,73,74,67,-1,67,74,75,-1,67,75,72,-1,71,76,68,-1,68,76,77,-1,68,77,78,-1,79,80,31,-1,81,82,83,-1,79,31,84,-1,85,86,80,-1,80,86,30,-1,80,30,31,-1,81,83,87,-1,21,88,89,-1,78,90,68,-1,68,90,91,-1,68,91,31,-1,31,91,92,-1,31,92,84,-1,88,21,83,-1,83,21,20,-1,83,20,87,-1,89,93,21,-1,21,93,94,-1,21,94,67,-1,67,94,95,-1,67,95,73,-1,60,63,65,-1,96,97,70,-1,98,99,68,-1,68,99,100,-1,68,100,70,-1,70,100,101,-1,70,101,96,-1,102,103,104,-1,104,103,105,-1,104,105,106,-1,107,31,108,-1,108,31,26,-1,97,109,70,-1,70,109,110,-1,70,110,104,-1,104,110,111,-1,104,111,102,-1,107,112,31,-1,31,112,113,-1,31,113,114,-1,114,115,31,-1,31,115,116,-1,31,116,68,-1,68,116,117,-1,68,117,98,-1,106,118,104,-1,104,118,119,-1,104,119,26,-1,26,119,120,-1,26,120,108,-1,121,122,70,-1,123,124,60,-1,122,125,70,-1,70,125,126,-1,70,126,127,-1,127,128,70,-1,70,128,129,-1,70,129,65,-1,65,129,130,-1,65,130,60,-1,60,130,131,-1,60,131,123,-1,62,60,132,-1,133,134,104,-1,104,134,135,-1,70,136,137,-1,124,138,60,-1,60,138,139,-1,60,139,132,-1,132,140,62,-1,62,140,141,-1,62,141,142,-1,137,143,70,-1,70,143,144,-1,70,144,121,-1,145,146,62,-1,62,146,147,-1,62,147,104,-1,104,147,148,-1,104,148,133,-1,149,150,151,-1,151,150,152,-1,151,152,153,-1,153,152,154,-1,153,154,125,-1,125,154,155,-1,125,155,126,-1,135,156,104,-1,104,156,157,-1,104,157,70,-1,70,157,158,-1,70,158,136,-1,149,151,159,-1,159,151,160,-1,159,160,161,-1,161,162,159,-1,159,162,163,-1,159,163,164,-1,164,163,165,-1,164,165,145,-1,142,166,62,-1,62,166,167,-1,62,167,145,-1,145,167,168,-1,145,168,164,-1,53,55,57,-1,169,170,46,-1,62,49,57,-1,57,49,51,-1,57,51,53,-1,47,171,44,-1,44,171,172,-1,44,172,46,-1,46,172,173,-1,46,173,169,-1,174,175,104,-1,104,175,176,-1,104,176,177,-1,178,179,49,-1,49,179,180,-1,49,180,47,-1,47,180,181,-1,47,181,171,-1,170,182,46,-1,46,182,183,-1,46,183,104,-1,104,183,184,-1,104,184,174,-1,185,186,62,-1,177,187,104,-1,104,187,188,-1,104,188,62,-1,62,188,189,-1,62,189,185,-1,186,190,62,-1,62,190,191,-1,62,191,49,-1,49,191,192,-1,49,192,178,-1,193,104,194,-1,194,104,195,-1,196,197,27,-1,27,197,198,-1,27,198,26,-1,26,198,199,-1,26,199,200,-1,200,201,26,-1,26,201,202,-1,26,202,104,-1,104,202,203,-1,104,203,195,-1,204,205,46,-1,46,205,206,-1,193,207,104,-1,104,207,208,-1,104,208,46,-1,46,208,209,-1,46,209,204,-1,210,211,41,-1,41,211,212,-1,41,212,27,-1,27,212,213,-1,27,213,196,-1,206,214,46,-1,46,214,215,-1,46,215,41,-1,41,215,216,-1,41,216,210,-1,217,218,219,-1,45,220,221,-1,222,223,42,-1,42,223,224,-1,42,224,45,-1,45,224,225,-1,45,225,220,-1,221,226,45,-1,45,226,227,-1,45,227,228,-1,219,229,217,-1,217,229,230,-1,217,230,29,-1,29,230,231,-1,29,231,232,-1,232,233,29,-1,29,233,234,-1,29,234,28,-1,28,234,235,-1,28,235,236,-1,236,237,28,-1,28,237,238,-1,28,238,42,-1,42,238,239,-1,42,239,222,-1,228,240,217,-1,217,240,241,-1,217,241,218,-1,242,243,45,-1,45,243,244,-1,50,245,246,-1,228,217,45,-1,45,217,247,-1,45,247,242,-1,244,248,45,-1,45,248,249,-1,45,249,43,-1,43,249,250,-1,43,250,48,-1,48,250,251,-1,48,251,50,-1,50,251,252,-1,50,252,245,-1,253,254,61,-1,253,61,255,-1,246,255,50,-1,50,255,61,-1,50,61,52,-1,52,61,58,-1,52,58,54,-1,54,58,56,-1,254,256,61,-1,61,256,257,-1,61,257,258,-1,259,260,217,-1,217,260,261,-1,258,262,217,-1,217,262,263,-1,217,263,259,-1,261,264,217,-1,217,264,265,-1,217,265,247,-1,66,64,59,-1,266,267,69,-1,268,61,269,-1,269,61,270,-1,271,69,272,-1,272,69,66,-1,272,66,273,-1,273,66,59,-1,273,59,274,-1,274,59,275,-1,268,276,61,-1,61,276,277,-1,61,277,59,-1,59,277,278,-1,59,278,279,-1,271,280,69,-1,69,280,281,-1,69,281,282,-1,282,283,69,-1,69,283,284,-1,69,284,266,-1,279,285,59,-1,59,285,286,-1,59,286,275,-1,287,288,61,-1,61,288,289,-1,258,217,61,-1,61,217,290,-1,61,290,287,-1,291,292,69,-1,69,292,293,-1,69,293,294,-1,289,295,61,-1,61,295,296,-1,61,296,270,-1,296,297,270,-1,270,297,298,-1,270,298,299,-1,299,298,300,-1,299,300,301,-1,302,267,300,-1,300,267,303,-1,300,303,301,-1,302,304,267,-1,267,304,305,-1,267,305,69,-1,69,305,306,-1,69,306,291,-1,294,307,69,-1,69,307,308,-1,69,308,217,-1,308,309,217,-1,217,309,310,-1,217,310,311,-1,311,312,217,-1,217,312,313,-1,217,313,290,-1,217,314,315,-1,67,316,317,-1,318,319,69,-1,69,319,320,-1,69,320,67,-1,67,320,321,-1,67,321,316,-1,29,21,322,-1,315,323,217,-1,217,323,324,-1,217,324,325,-1,317,326,67,-1,67,326,327,-1,67,327,21,-1,21,327,328,-1,21,328,329,-1,329,330,21,-1,21,330,331,-1,21,331,322,-1,325,332,217,-1,217,332,333,-1,217,333,69,-1,69,333,334,-1,69,334,318,-1,322,335,29,-1,29,335,336,-1,29,336,217,-1,217,336,337,-1,217,337,314,-1,14,8,17,-1,17,8,7,-1,3,12,4,-1,4,12,15,-1,338,339,340,-1,340,339,341,-1,5,6,11,-1,11,6,16,-1,11,16,340,-1,340,16,338,-1,342,343,13,-1,13,343,18,-1,13,18,10,-1,10,18,9,-1,344,343,345,-1,345,343,342,-1,2,1,346,-1,347,348,349,-1,349,348,344,-1,349,344,346,-1,346,344,345,-1,346,345,2,-1,348,347,350,-1,350,347,351,-1,350,351,352,-1,353,350,354,-1,354,350,352,-1,339,353,341,-1,341,353,354,-1,338,16,344,-1,344,16,18,-1,344,18,343,-1,353,339,350,-1,350,339,338,-1,350,338,348,-1,348,338,344,-1,355,0,2,-1,352,351,354,-1,354,351,356,-1,342,13,345,-1,345,13,11,-1,345,11,340,-1,2,345,355,-1,355,345,340,-1,355,340,356,-1,356,340,341,-1,356,341,354,-1,197,357,198,-1,198,357,358,-1,198,358,199,-1,199,358,359,-1,199,359,200,-1,200,359,360,-1,200,360,201,-1,201,360,361,-1,201,361,202,-1,202,361,362,-1,202,362,203,-1,203,362,363,-1,203,363,195,-1,195,363,364,-1,195,364,194,-1,194,364,365,-1,194,365,193,-1,193,365,366,-1,193,366,207,-1,207,366,367,-1,207,367,208,-1,208,367,368,-1,208,368,209,-1,209,368,369,-1,209,369,204,-1,204,369,370,-1,204,370,205,-1,205,370,371,-1,205,371,206,-1,206,371,372,-1,206,372,214,-1,214,372,373,-1,214,373,215,-1,215,373,374,-1,215,374,216,-1,216,374,375,-1,216,375,210,-1,210,375,376,-1,210,376,211,-1,211,376,377,-1,211,377,212,-1,212,377,378,-1,212,378,213,-1,213,378,379,-1,213,379,196,-1,196,379,380,-1,196,380,197,-1,197,380,357,-1,370,369,381,-1,381,369,368,-1,381,368,367,-1,373,372,381,-1,381,372,371,-1,381,371,370,-1,376,375,381,-1,381,375,374,-1,381,374,373,-1,379,378,381,-1,381,378,377,-1,381,377,376,-1,358,357,381,-1,381,357,380,-1,381,380,379,-1,361,360,381,-1,381,360,359,-1,381,359,358,-1,364,363,381,-1,381,363,362,-1,381,362,361,-1,367,366,381,-1,381,366,365,-1,381,365,364,-1,183,382,184,-1,184,382,383,-1,184,383,174,-1,174,383,384,-1,174,384,175,-1,175,384,385,-1,175,385,176,-1,176,385,386,-1,176,386,177,-1,177,386,387,-1,177,387,187,-1,187,387,388,-1,187,388,188,-1,188,388,389,-1,188,389,189,-1,189,389,390,-1,189,390,185,-1,185,390,391,-1,185,391,186,-1,186,391,392,-1,186,392,190,-1,190,392,393,-1,190,393,191,-1,191,393,394,-1,191,394,192,-1,192,394,395,-1,192,395,178,-1,178,395,396,-1,178,396,179,-1,179,396,397,-1,179,397,180,-1,180,397,398,-1,180,398,181,-1,181,398,399,-1,181,399,171,-1,171,399,400,-1,171,400,172,-1,172,400,401,-1,172,401,173,-1,173,401,402,-1,173,402,169,-1,169,402,403,-1,169,403,170,-1,170,403,404,-1,170,404,182,-1,182,404,405,-1,182,405,183,-1,183,405,382,-1,395,394,406,-1,406,394,393,-1,406,393,392,-1,398,397,406,-1,406,397,396,-1,406,396,395,-1,401,400,406,-1,406,400,399,-1,406,399,398,-1,404,403,406,-1,406,403,402,-1,406,402,401,-1,383,382,406,-1,406,382,405,-1,406,405,404,-1,386,385,406,-1,406,385,384,-1,406,384,383,-1,389,388,406,-1,406,388,387,-1,406,387,386,-1,392,391,406,-1,406,391,390,-1,406,390,389,-1,113,407,114,-1,114,407,408,-1,114,408,115,-1,115,408,409,-1,115,409,116,-1,116,409,410,-1,116,410,117,-1,117,410,411,-1,117,411,98,-1,98,411,412,-1,98,412,99,-1,99,412,413,-1,99,413,100,-1,100,413,414,-1,100,414,101,-1,101,414,415,-1,101,415,96,-1,96,415,416,-1,96,416,97,-1,97,416,417,-1,97,417,109,-1,109,417,418,-1,109,418,110,-1,110,418,419,-1,110,419,111,-1,111,419,420,-1,111,420,102,-1,102,420,421,-1,102,421,103,-1,103,421,422,-1,103,422,105,-1,105,422,423,-1,105,423,106,-1,106,423,424,-1,106,424,118,-1,118,424,425,-1,118,425,119,-1,119,425,426,-1,119,426,120,-1,120,426,427,-1,120,427,108,-1,108,427,428,-1,108,428,107,-1,107,428,429,-1,107,429,112,-1,112,429,430,-1,112,430,113,-1,113,430,407,-1,420,419,431,-1,431,419,418,-1,431,418,417,-1,423,422,431,-1,431,422,421,-1,431,421,420,-1,426,425,431,-1,431,425,424,-1,431,424,423,-1,429,428,431,-1,431,428,427,-1,431,427,426,-1,408,407,431,-1,431,407,430,-1,431,430,429,-1,411,410,431,-1,431,410,409,-1,431,409,408,-1,414,413,431,-1,431,413,412,-1,431,412,411,-1,417,416,431,-1,431,416,415,-1,431,415,414,-1,152,432,154,-1,154,432,433,-1,154,433,155,-1,155,433,434,-1,155,434,126,-1,126,434,435,-1,126,435,127,-1,127,435,436,-1,127,436,128,-1,128,436,437,-1,128,437,129,-1,129,437,438,-1,129,438,130,-1,130,438,439,-1,130,439,131,-1,131,439,440,-1,131,440,123,-1,123,440,441,-1,123,441,124,-1,124,441,442,-1,124,442,138,-1,138,442,443,-1,138,443,139,-1,139,443,444,-1,139,444,132,-1,132,444,445,-1,132,445,140,-1,140,445,446,-1,140,446,141,-1,141,446,447,-1,141,447,142,-1,142,447,448,-1,142,448,166,-1,166,448,449,-1,166,449,167,-1,167,449,450,-1,167,450,168,-1,168,450,451,-1,168,451,164,-1,164,451,452,-1,164,452,159,-1,159,452,453,-1,159,453,149,-1,149,453,454,-1,149,454,150,-1,150,454,455,-1,150,455,152,-1,152,455,432,-1,445,444,456,-1,456,444,443,-1,456,443,442,-1,448,447,456,-1,456,447,446,-1,456,446,445,-1,451,450,456,-1,456,450,449,-1,456,449,448,-1,454,453,456,-1,456,453,452,-1,456,452,451,-1,433,432,456,-1,456,432,455,-1,456,455,454,-1,436,435,456,-1,456,435,434,-1,456,434,433,-1,439,438,456,-1,456,438,437,-1,456,437,436,-1,442,441,456,-1,456,441,440,-1,456,440,439,-1,158,457,136,-1,136,457,458,-1,136,458,137,-1,137,458,459,-1,137,459,143,-1,143,459,460,-1,143,460,144,-1,144,460,461,-1,144,461,121,-1,121,461,462,-1,121,462,122,-1,122,462,463,-1,122,463,125,-1,125,463,464,-1,125,464,153,-1,153,464,465,-1,153,465,151,-1,151,465,466,-1,151,466,160,-1,160,466,467,-1,160,467,161,-1,161,467,468,-1,161,468,162,-1,162,468,469,-1,162,469,163,-1,163,469,470,-1,163,470,165,-1,165,470,471,-1,165,471,145,-1,145,471,472,-1,145,472,146,-1,146,472,473,-1,146,473,147,-1,147,473,474,-1,147,474,148,-1,148,474,475,-1,148,475,133,-1,133,475,476,-1,133,476,134,-1,134,476,477,-1,134,477,135,-1,135,477,478,-1,135,478,156,-1,156,478,479,-1,156,479,157,-1,157,479,480,-1,157,480,158,-1,158,480,457,-1,470,469,481,-1,481,469,468,-1,481,468,467,-1,473,472,481,-1,481,472,471,-1,481,471,470,-1,476,475,481,-1,481,475,474,-1,481,474,473,-1,479,478,481,-1,481,478,477,-1,481,477,476,-1,458,457,481,-1,481,457,480,-1,481,480,479,-1,461,460,481,-1,481,460,459,-1,481,459,458,-1,464,463,481,-1,481,463,462,-1,481,462,461,-1,467,466,481,-1,481,466,465,-1,481,465,464,-1,482,330,483,-1,483,330,329,-1,483,329,484,-1,484,329,328,-1,484,328,485,-1,485,328,327,-1,485,327,486,-1,486,327,326,-1,486,326,487,-1,487,326,317,-1,487,317,488,-1,488,317,316,-1,488,316,489,-1,489,316,321,-1,489,321,490,-1,490,321,320,-1,490,320,491,-1,491,320,319,-1,491,319,492,-1,492,319,318,-1,492,318,493,-1,493,318,334,-1,493,334,494,-1,494,334,333,-1,494,333,495,-1,495,333,332,-1,495,332,496,-1,496,332,325,-1,496,325,497,-1,497,325,324,-1,497,324,498,-1,498,324,323,-1,498,323,499,-1,499,323,315,-1,499,315,500,-1,500,315,314,-1,500,314,501,-1,501,314,337,-1,501,337,502,-1,502,337,336,-1,502,336,503,-1,503,336,335,-1,503,335,504,-1,504,335,322,-1,504,322,505,-1,505,322,331,-1,505,331,482,-1,482,331,330,-1,504,505,506,-1,506,505,482,-1,506,482,483,-1,501,502,506,-1,506,502,503,-1,506,503,504,-1,498,499,506,-1,506,499,500,-1,506,500,501,-1,495,496,506,-1,506,496,497,-1,506,497,498,-1,492,493,506,-1,506,493,494,-1,506,494,495,-1,489,490,506,-1,506,490,491,-1,506,491,492,-1,486,487,506,-1,506,487,488,-1,506,488,489,-1,483,484,506,-1,506,484,485,-1,506,485,486,-1,507,308,508,-1,508,308,307,-1,508,307,509,-1,509,307,294,-1,509,294,510,-1,510,294,293,-1,510,293,511,-1,511,293,292,-1,511,292,512,-1,512,292,291,-1,512,291,513,-1,513,291,306,-1,513,306,514,-1,514,306,305,-1,514,305,515,-1,515,305,304,-1,515,304,516,-1,516,304,302,-1,516,302,517,-1,517,302,300,-1,517,300,518,-1,518,300,298,-1,518,298,519,-1,519,298,297,-1,519,297,520,-1,520,297,296,-1,520,296,521,-1,521,296,295,-1,521,295,522,-1,522,295,289,-1,522,289,523,-1,523,289,288,-1,523,288,524,-1,524,288,287,-1,524,287,525,-1,525,287,290,-1,525,290,526,-1,526,290,313,-1,526,313,527,-1,527,313,312,-1,527,312,528,-1,528,312,311,-1,528,311,529,-1,529,311,310,-1,529,310,530,-1,530,310,309,-1,530,309,507,-1,507,309,308,-1,529,530,531,-1,531,530,507,-1,531,507,508,-1,526,527,531,-1,531,527,528,-1,531,528,529,-1,523,524,531,-1,531,524,525,-1,531,525,526,-1,520,521,531,-1,531,521,522,-1,531,522,523,-1,517,518,531,-1,531,518,519,-1,531,519,520,-1,514,515,531,-1,531,515,516,-1,531,516,517,-1,511,512,531,-1,531,512,513,-1,531,513,514,-1,508,509,531,-1,531,509,510,-1,531,510,511,-1,532,236,533,-1,533,236,235,-1,533,235,534,-1,534,235,234,-1,534,234,535,-1,535,234,233,-1,535,233,536,-1,536,233,232,-1,536,232,537,-1,537,232,231,-1,537,231,538,-1,538,231,230,-1,538,230,539,-1,539,230,229,-1,539,229,540,-1,540,229,219,-1,540,219,541,-1,541,219,218,-1,541,218,542,-1,542,218,241,-1,542,241,543,-1,543,241,240,-1,543,240,544,-1,544,240,228,-1,544,228,545,-1,545,228,227,-1,545,227,546,-1,546,227,226,-1,546,226,547,-1,547,226,221,-1,547,221,548,-1,548,221,220,-1,548,220,549,-1,549,220,225,-1,549,225,550,-1,550,225,224,-1,550,224,551,-1,551,224,223,-1,551,223,552,-1,552,223,222,-1,552,222,553,-1,553,222,239,-1,553,239,554,-1,554,239,238,-1,554,238,555,-1,555,238,237,-1,555,237,532,-1,532,237,236,-1,554,555,556,-1,556,555,532,-1,556,532,533,-1,551,552,556,-1,556,552,553,-1,556,553,554,-1,548,549,556,-1,556,549,550,-1,556,550,551,-1,545,546,556,-1,556,546,547,-1,556,547,548,-1,542,543,556,-1,556,543,544,-1,556,544,545,-1,539,540,556,-1,556,540,541,-1,556,541,542,-1,536,537,556,-1,556,537,538,-1,556,538,539,-1,533,534,556,-1,556,534,535,-1,556,535,536,-1,557,247,558,-1,558,247,265,-1,558,265,559,-1,559,265,264,-1,559,264,560,-1,560,264,261,-1,560,261,561,-1,561,261,260,-1,561,260,562,-1,562,260,259,-1,562,259,563,-1,563,259,263,-1,563,263,564,-1,564,263,262,-1,564,262,565,-1,565,262,258,-1,565,258,566,-1,566,258,257,-1,566,257,567,-1,567,257,256,-1,567,256,568,-1,568,256,254,-1,568,254,569,-1,569,254,253,-1,569,253,570,-1,570,253,255,-1,570,255,571,-1,571,255,246,-1,571,246,572,-1,572,246,245,-1,572,245,573,-1,573,245,252,-1,573,252,574,-1,574,252,251,-1,574,251,575,-1,575,251,250,-1,575,250,576,-1,576,250,249,-1,576,249,577,-1,577,249,248,-1,577,248,578,-1,578,248,244,-1,578,244,579,-1,579,244,243,-1,579,243,580,-1,580,243,242,-1,580,242,557,-1,557,242,247,-1,579,580,581,-1,581,580,557,-1,581,557,558,-1,576,577,581,-1,581,577,578,-1,581,578,579,-1,573,574,581,-1,581,574,575,-1,581,575,576,-1,570,571,581,-1,581,571,572,-1,581,572,573,-1,567,568,581,-1,581,568,569,-1,581,569,570,-1,564,565,581,-1,581,565,566,-1,581,566,567,-1,561,562,581,-1,581,562,563,-1,581,563,564,-1,558,559,581,-1,581,559,560,-1,581,560,561,-1,582,284,583,-1,583,284,283,-1,583,283,584,-1,584,283,282,-1,584,282,585,-1,585,282,281,-1,585,281,586,-1,586,281,280,-1,586,280,587,-1,587,280,271,-1,587,271,588,-1,588,271,272,-1,588,272,589,-1,589,272,273,-1,589,273,590,-1,590,273,274,-1,590,274,591,-1,591,274,275,-1,591,275,592,-1,592,275,286,-1,592,286,593,-1,593,286,285,-1,593,285,594,-1,594,285,279,-1,594,279,595,-1,595,279,278,-1,595,278,596,-1,596,278,277,-1,596,277,597,-1,597,277,276,-1,597,276,598,-1,598,276,268,-1,598,268,599,-1,599,268,269,-1,599,269,600,-1,600,269,270,-1,600,270,601,-1,601,270,299,-1,601,299,602,-1,602,299,301,-1,602,301,603,-1,603,301,303,-1,603,303,604,-1,604,303,267,-1,604,267,605,-1,605,267,266,-1,605,266,582,-1,582,266,284,-1,604,605,606,-1,606,605,582,-1,606,582,583,-1,601,602,606,-1,606,602,603,-1,606,603,604,-1,598,599,606,-1,606,599,600,-1,606,600,601,-1,595,596,606,-1,606,596,597,-1,606,597,598,-1,592,593,606,-1,606,593,594,-1,606,594,595,-1,589,590,606,-1,606,590,591,-1,606,591,592,-1,586,587,606,-1,606,587,588,-1,606,588,589,-1,583,584,606,-1,606,584,585,-1,606,585,586,-1,355,346,0,-1,0,346,1,-1,351,347,356,-1,356,347,349,-1,356,349,355,-1,355,349,346,-1,607,608,609,-1,609,608,610,-1,611,612,613,-1,613,612,614,-1,615,616,617,-1,617,616,618,-1,619,620,621,-1,622,618,608,-1,622,608,623,-1,621,620,624,-1,625,626,627,-1,620,628,629,-1,630,631,632,-1,633,634,618,-1,618,634,610,-1,618,610,608,-1,623,608,620,-1,620,608,635,-1,620,635,636,-1,629,637,620,-1,620,637,638,-1,620,638,624,-1,619,621,627,-1,627,621,639,-1,627,639,625,-1,616,640,614,-1,614,640,630,-1,614,630,641,-1,641,630,632,-1,636,642,620,-1,620,642,643,-1,620,643,628,-1,616,614,618,-1,618,614,612,-1,618,612,644,-1,644,645,618,-1,618,645,646,-1,618,646,633,-1,608,607,647,-1,608,647,635,-1,607,648,647,-1,647,648,649,-1,647,649,650,-1,651,652,653,-1,653,652,654,-1,622,655,618,-1,618,655,653,-1,618,653,617,-1,617,653,654,-1,623,620,656,-1,656,657,623,-1,623,657,658,-1,623,658,622,-1,622,658,659,-1,622,659,655,-1,619,627,660,-1,660,661,619,-1,619,661,662,-1,619,662,620,-1,620,662,663,-1,620,663,656,-1,626,625,664,-1,664,665,626,-1,626,665,666,-1,626,666,627,-1,627,666,667,-1,627,667,660,-1,639,621,668,-1,668,669,639,-1,639,669,670,-1,639,670,625,-1,625,670,671,-1,625,671,664,-1,624,672,621,-1,621,672,673,-1,621,673,668,-1,638,674,624,-1,624,674,675,-1,624,675,672,-1,637,676,638,-1,638,676,677,-1,638,677,674,-1,629,678,637,-1,637,678,679,-1,637,679,676,-1,628,680,629,-1,629,680,681,-1,629,681,678,-1,643,682,628,-1,628,682,683,-1,628,683,680,-1,642,684,643,-1,643,684,685,-1,643,685,682,-1,636,686,642,-1,642,686,687,-1,642,687,684,-1,647,688,635,-1,635,688,689,-1,635,689,636,-1,636,689,690,-1,636,690,686,-1,609,610,691,-1,691,610,634,-1,691,634,692,-1,692,634,633,-1,692,633,693,-1,693,633,646,-1,693,646,694,-1,694,646,645,-1,694,645,695,-1,695,645,644,-1,695,644,611,-1,611,644,612,-1,613,614,696,-1,696,614,641,-1,696,641,697,-1,697,641,632,-1,697,632,698,-1,698,632,631,-1,698,631,699,-1,699,631,630,-1,699,630,700,-1,700,630,640,-1,700,640,615,-1,615,640,616,-1,701,695,611,-1,609,691,702,-1,702,691,703,-1,702,703,704,-1,704,703,705,-1,611,706,701,-1,701,706,707,-1,701,707,708,-1,709,710,705,-1,705,710,711,-1,705,711,704,-1,707,712,708,-1,708,712,713,-1,708,713,714,-1,715,716,709,-1,709,716,717,-1,709,717,710,-1,713,718,714,-1,714,718,719,-1,714,719,720,-1,721,722,723,-1,723,722,724,-1,723,724,715,-1,715,724,725,-1,715,725,716,-1,691,692,703,-1,703,692,726,-1,703,726,705,-1,705,726,727,-1,705,727,709,-1,709,727,728,-1,709,728,715,-1,715,728,729,-1,715,729,723,-1,723,729,730,-1,692,693,726,-1,726,693,731,-1,726,731,727,-1,727,731,732,-1,727,732,728,-1,728,732,733,-1,728,733,729,-1,729,733,734,-1,729,734,730,-1,730,734,735,-1,693,694,731,-1,731,694,736,-1,731,736,732,-1,732,736,737,-1,732,737,733,-1,733,737,738,-1,733,738,734,-1,734,738,739,-1,734,739,735,-1,735,739,740,-1,694,695,736,-1,736,695,701,-1,736,701,737,-1,737,701,708,-1,737,708,738,-1,738,708,714,-1,738,714,739,-1,739,714,720,-1,739,720,740,-1,740,720,741,-1,24,742,743,-1,743,742,721,-1,719,744,720,-1,720,744,745,-1,720,745,741,-1,741,745,746,-1,741,746,747,-1,721,723,743,-1,743,723,730,-1,743,730,748,-1,748,730,735,-1,748,735,749,-1,749,735,740,-1,749,740,750,-1,750,740,741,-1,750,741,751,-1,751,741,747,-1,751,747,752,-1,24,743,25,-1,25,743,748,-1,25,748,32,-1,32,748,749,-1,32,749,33,-1,33,749,750,-1,33,750,34,-1,34,750,751,-1,34,751,38,-1,38,751,752,-1,38,752,39,-1,753,754,710,-1,710,754,650,-1,710,650,711,-1,711,650,649,-1,711,649,704,-1,704,649,648,-1,704,648,702,-1,702,648,607,-1,702,607,609,-1,755,756,716,-1,716,756,757,-1,716,757,717,-1,717,757,758,-1,717,758,710,-1,710,758,759,-1,710,759,753,-1,755,716,760,-1,760,716,725,-1,760,725,761,-1,761,725,762,-1,762,725,724,-1,762,724,763,-1,763,724,764,-1,764,724,722,-1,764,722,765,-1,24,30,742,-1,742,30,86,-1,742,86,721,-1,86,85,721,-1,721,85,766,-1,721,766,722,-1,722,766,767,-1,722,767,765,-1,611,613,706,-1,706,613,768,-1,706,768,707,-1,707,768,769,-1,707,769,712,-1,712,769,770,-1,712,770,713,-1,713,770,771,-1,713,771,718,-1,718,771,772,-1,718,772,719,-1,719,772,773,-1,719,773,744,-1,744,773,774,-1,744,774,745,-1,745,774,775,-1,745,775,746,-1,746,775,776,-1,746,776,747,-1,747,776,777,-1,747,777,752,-1,752,777,778,-1,752,778,39,-1,39,778,40,-1,779,651,653,-1,780,781,779,-1,782,783,784,-1,785,786,787,-1,788,789,790,-1,791,792,793,-1,794,795,796,-1,797,798,799,-1,799,798,800,-1,83,82,797,-1,765,767,801,-1,801,767,766,-1,763,764,802,-1,802,764,765,-1,803,762,763,-1,756,755,804,-1,755,760,804,-1,804,760,761,-1,804,761,762,-1,753,759,805,-1,759,758,805,-1,805,758,757,-1,805,757,756,-1,806,754,753,-1,658,807,808,-1,779,653,780,-1,780,653,655,-1,780,655,808,-1,808,655,659,-1,808,659,658,-1,662,809,810,-1,658,657,807,-1,807,657,656,-1,807,656,810,-1,810,656,663,-1,810,663,662,-1,666,811,812,-1,662,661,809,-1,809,661,660,-1,809,660,812,-1,812,660,667,-1,812,667,666,-1,666,665,811,-1,811,665,664,-1,811,664,813,-1,813,664,671,-1,813,671,814,-1,814,671,670,-1,670,669,814,-1,814,669,668,-1,814,668,815,-1,668,673,815,-1,815,673,672,-1,815,672,816,-1,816,672,675,-1,816,675,817,-1,817,675,674,-1,817,674,818,-1,674,677,818,-1,818,677,676,-1,818,676,819,-1,819,676,679,-1,679,678,819,-1,819,678,681,-1,819,681,820,-1,685,821,822,-1,681,680,820,-1,820,680,683,-1,820,683,822,-1,822,683,682,-1,822,682,685,-1,690,823,824,-1,685,684,821,-1,821,684,687,-1,821,687,824,-1,824,687,686,-1,824,686,690,-1,690,689,823,-1,823,689,688,-1,823,688,806,-1,806,688,647,-1,806,647,754,-1,754,647,650,-1,753,825,806,-1,806,825,826,-1,806,826,823,-1,823,826,827,-1,823,827,824,-1,824,827,828,-1,824,828,821,-1,821,828,829,-1,821,829,822,-1,822,829,830,-1,822,830,820,-1,820,830,831,-1,820,831,819,-1,819,831,832,-1,819,832,818,-1,818,832,833,-1,818,833,817,-1,817,833,834,-1,817,834,816,-1,816,834,835,-1,816,835,815,-1,815,835,836,-1,815,836,814,-1,814,836,837,-1,814,837,813,-1,813,837,838,-1,813,838,811,-1,811,838,839,-1,811,839,812,-1,812,839,840,-1,812,840,809,-1,809,840,841,-1,809,841,810,-1,810,841,842,-1,810,842,807,-1,807,842,843,-1,807,843,808,-1,808,843,844,-1,808,844,780,-1,780,844,845,-1,780,845,781,-1,753,805,825,-1,825,805,846,-1,825,846,826,-1,826,846,847,-1,826,847,827,-1,827,847,848,-1,827,848,828,-1,828,848,849,-1,828,849,829,-1,829,849,850,-1,829,850,830,-1,830,850,851,-1,830,851,831,-1,831,851,852,-1,831,852,832,-1,832,852,853,-1,832,853,833,-1,833,853,854,-1,833,854,834,-1,834,854,855,-1,834,855,835,-1,835,855,856,-1,835,856,836,-1,836,856,857,-1,836,857,837,-1,837,857,858,-1,837,858,838,-1,838,858,859,-1,838,859,839,-1,839,859,860,-1,839,860,840,-1,840,860,861,-1,840,861,841,-1,841,861,862,-1,841,862,842,-1,842,862,863,-1,842,863,843,-1,843,863,782,-1,843,782,844,-1,844,782,784,-1,844,784,845,-1,756,864,805,-1,805,864,865,-1,805,865,846,-1,846,865,866,-1,846,866,847,-1,847,866,867,-1,847,867,848,-1,848,867,868,-1,848,868,849,-1,849,868,869,-1,849,869,850,-1,850,869,870,-1,850,870,851,-1,851,870,871,-1,851,871,852,-1,852,871,872,-1,852,872,853,-1,853,872,873,-1,853,873,854,-1,854,873,874,-1,854,874,855,-1,855,874,875,-1,855,875,856,-1,856,875,876,-1,856,876,857,-1,857,876,877,-1,857,877,858,-1,858,877,878,-1,858,878,859,-1,859,878,879,-1,859,879,860,-1,860,879,880,-1,860,880,861,-1,861,880,881,-1,861,881,862,-1,862,881,882,-1,862,882,863,-1,863,882,787,-1,863,787,782,-1,782,787,786,-1,782,786,783,-1,756,804,864,-1,864,804,883,-1,864,883,865,-1,865,883,884,-1,865,884,866,-1,866,884,885,-1,866,885,867,-1,867,885,886,-1,867,886,868,-1,868,886,887,-1,868,887,869,-1,869,887,888,-1,869,888,870,-1,870,888,889,-1,870,889,871,-1,871,889,890,-1,871,890,872,-1,872,890,891,-1,872,891,873,-1,873,891,892,-1,873,892,874,-1,874,892,893,-1,874,893,875,-1,875,893,894,-1,875,894,876,-1,876,894,895,-1,876,895,877,-1,877,895,896,-1,877,896,878,-1,878,896,897,-1,878,897,879,-1,879,897,898,-1,879,898,880,-1,880,898,899,-1,880,899,881,-1,881,899,900,-1,881,900,882,-1,882,900,788,-1,882,788,787,-1,787,788,790,-1,787,790,785,-1,762,803,804,-1,804,803,901,-1,804,901,883,-1,883,901,902,-1,883,902,884,-1,884,902,903,-1,884,903,885,-1,885,903,904,-1,885,904,886,-1,886,904,905,-1,886,905,887,-1,887,905,906,-1,887,906,888,-1,888,906,907,-1,888,907,889,-1,889,907,908,-1,889,908,890,-1,890,908,909,-1,890,909,891,-1,891,909,910,-1,891,910,892,-1,892,910,911,-1,892,911,893,-1,893,911,912,-1,893,912,894,-1,894,912,913,-1,894,913,895,-1,895,913,914,-1,895,914,896,-1,896,914,915,-1,896,915,897,-1,897,915,916,-1,897,916,898,-1,898,916,917,-1,898,917,899,-1,899,917,918,-1,899,918,900,-1,900,918,793,-1,900,793,788,-1,788,793,792,-1,788,792,789,-1,763,802,803,-1,803,802,919,-1,803,919,901,-1,901,919,920,-1,901,920,902,-1,902,920,921,-1,902,921,903,-1,903,921,922,-1,903,922,904,-1,904,922,923,-1,904,923,905,-1,905,923,924,-1,905,924,906,-1,906,924,925,-1,906,925,907,-1,907,925,926,-1,907,926,908,-1,908,926,927,-1,908,927,909,-1,909,927,928,-1,909,928,910,-1,910,928,929,-1,910,929,911,-1,911,929,930,-1,911,930,912,-1,912,930,931,-1,912,931,913,-1,913,931,932,-1,913,932,914,-1,914,932,933,-1,914,933,915,-1,915,933,934,-1,915,934,916,-1,916,934,935,-1,916,935,917,-1,917,935,936,-1,917,936,918,-1,918,936,794,-1,918,794,793,-1,793,794,796,-1,793,796,791,-1,765,801,802,-1,802,801,937,-1,802,937,919,-1,919,937,938,-1,919,938,920,-1,920,938,939,-1,920,939,921,-1,921,939,940,-1,921,940,922,-1,922,940,941,-1,922,941,923,-1,923,941,942,-1,923,942,924,-1,924,942,943,-1,924,943,925,-1,925,943,944,-1,925,944,926,-1,926,944,945,-1,926,945,927,-1,927,945,946,-1,927,946,928,-1,928,946,947,-1,928,947,929,-1,929,947,948,-1,929,948,930,-1,930,948,949,-1,930,949,931,-1,931,949,950,-1,931,950,932,-1,932,950,951,-1,932,951,933,-1,933,951,952,-1,933,952,934,-1,934,952,953,-1,934,953,935,-1,935,953,954,-1,935,954,936,-1,936,954,799,-1,936,799,794,-1,794,799,800,-1,794,800,795,-1,797,799,83,-1,83,799,954,-1,83,954,88,-1,88,954,953,-1,88,953,89,-1,89,953,952,-1,89,952,93,-1,93,952,951,-1,93,951,94,-1,94,951,950,-1,94,950,95,-1,95,950,949,-1,95,949,73,-1,73,949,948,-1,73,948,74,-1,74,948,947,-1,74,947,75,-1,75,947,946,-1,75,946,72,-1,72,946,945,-1,72,945,71,-1,71,945,944,-1,71,944,76,-1,76,944,943,-1,76,943,77,-1,77,943,942,-1,77,942,78,-1,78,942,941,-1,78,941,90,-1,90,941,940,-1,90,940,91,-1,91,940,939,-1,91,939,92,-1,92,939,938,-1,92,938,84,-1,84,938,937,-1,84,937,79,-1,79,937,801,-1,79,801,80,-1,80,801,766,-1,80,766,85,-1,613,696,768,-1,768,696,955,-1,768,955,769,-1,769,955,956,-1,957,771,956,-1,956,771,770,-1,956,770,769,-1,958,773,957,-1,957,773,772,-1,957,772,771,-1,959,775,958,-1,958,775,774,-1,958,774,773,-1,960,777,959,-1,959,777,776,-1,959,776,775,-1,35,40,960,-1,960,40,778,-1,960,778,777,-1,696,697,955,-1,955,697,961,-1,955,961,956,-1,956,961,962,-1,956,962,957,-1,957,962,963,-1,957,963,958,-1,958,963,964,-1,958,964,959,-1,959,964,965,-1,959,965,960,-1,960,965,966,-1,960,966,35,-1,35,966,36,-1,697,698,961,-1,961,698,967,-1,961,967,962,-1,962,967,968,-1,962,968,963,-1,963,968,969,-1,963,969,964,-1,964,969,970,-1,964,970,965,-1,965,970,971,-1,965,971,966,-1,966,971,972,-1,966,972,36,-1,36,972,37,-1,698,699,967,-1,967,699,973,-1,967,973,968,-1,968,973,974,-1,968,974,969,-1,969,974,975,-1,969,975,970,-1,970,975,976,-1,970,976,971,-1,971,976,977,-1,971,977,972,-1,972,977,978,-1,972,978,37,-1,37,978,22,-1,699,700,973,-1,973,700,979,-1,973,979,974,-1,974,979,980,-1,974,980,975,-1,975,980,981,-1,975,981,976,-1,976,981,982,-1,976,982,977,-1,977,982,983,-1,977,983,978,-1,978,983,984,-1,978,984,22,-1,22,984,23,-1,700,615,979,-1,979,615,985,-1,979,985,980,-1,980,985,986,-1,980,986,981,-1,981,986,987,-1,981,987,982,-1,982,987,988,-1,982,988,983,-1,983,988,989,-1,983,989,984,-1,984,989,990,-1,984,990,23,-1,23,990,19,-1,798,797,989,-1,989,797,82,-1,989,82,990,-1,791,796,988,-1,988,796,795,-1,988,795,989,-1,989,795,800,-1,989,800,798,-1,783,786,987,-1,987,786,785,-1,785,790,987,-1,987,790,789,-1,987,789,988,-1,988,789,792,-1,988,792,791,-1,779,781,986,-1,986,781,845,-1,986,845,987,-1,987,845,784,-1,987,784,783,-1,985,615,617,-1,617,654,985,-1,985,654,652,-1,985,652,986,-1,986,652,651,-1,986,651,779,-1,20,19,87,-1,87,19,990,-1,87,990,81,-1,81,990,82,-1,
        ]
    }
}
Shape{
    appearance Appearance {
        material  Material 	{
            diffuseColor 0.6666666666666666 0.6980392156862745 0.7686274509803922
            specularColor 0.3333333333333333 0.34901960784313724 0.3843137254901961
            ambientIntensity 0.6967
            transparency 0.0
            shininess 0.5
        }
    }
    geometry IndexedFaceSet {
        ccw TRUE
        solid FALSE
        coord DEF co Coordinate {
            point [
                -2.2126 -1.0882 0.1705, -2.2126 -1.0882 -0.6904, -1.9173 -1.0882 0.1705, -1.9173 -1.0882 -0.6904, -2.2126 -0.9307 0.1705, -1.9173 -0.9307 0.1705, -2.2126 -0.9307 -0.6904, -1.9173 -0.9307 -0.6904, -2.2126 -0.8853 -0.7691, -1.9173 -0.8853 -0.7691, -1.9173 -0.8719 -0.7992, -2.2126 -0.8719 -0.7992, -1.9173 -0.865 -0.8314, -2.2126 -0.865 -0.8314, -1.9173 -0.865 -0.8643, -2.2126 -0.865 -0.8643, -1.9173 -0.8719 -0.8965, -2.2126 -0.8719 -0.8965, -1.9173 -0.8853 -0.9266, -2.2126 -0.8853 -0.9266, -2.2126 -0.9307 -1.0053, -1.9173 -0.9307 -1.0053, -1.9859 -0.9307 -1.378, -2.144 -0.9307 -1.378, -1.9173 -0.9307 -1.122, -2.2126 -0.9307 -1.122, -1.9859 -1.0882 -1.378, -2.144 -1.0882 -1.378, -1.9173 -1.0882 -1.0053, -2.2126 -1.0882 -1.0053, -1.9173 -1.0882 -1.122, -2.2126 -1.0882 -1.122, -1.9173 -1.0858 -0.978, -2.2126 -1.0858 -0.978, -1.9173 -1.0787 -0.9515, -2.2126 -1.0787 -0.9515, -1.9173 -1.0671 -0.9266, -2.2126 -1.0671 -0.9266, -2.2126 -1.0216 -0.8479, -1.9173 -1.0216 -0.8479, -2.2126 -1.0671 -0.7691, -1.9173 -1.0671 -0.7691, -1.9173 -1.0787 -0.7442, -2.2126 -1.0787 -0.7442, -1.9173 -1.0858 -0.7177, -2.2126 -1.0858 -0.7177
            ]
        }
        coordIndex [
            0,1,2,-1,2,1,3,-1,4,0,5,-1,5,0,2,-1,6,4,7,-1,7,4,5,-1,8,6,9,-1,9,6,7,-1,8,9,10,-1,8,10,11,-1,11,10,12,-1,11,12,13,-1,13,12,14,-1,13,14,15,-1,15,14,16,-1,15,16,17,-1,17,16,18,-1,17,18,19,-1,20,19,21,-1,21,19,18,-1,22,23,24,-1,24,23,25,-1,24,25,21,-1,21,25,20,-1,26,27,22,-1,22,27,23,-1,28,29,30,-1,30,29,31,-1,30,31,26,-1,26,31,27,-1,29,28,32,-1,29,32,33,-1,33,32,34,-1,33,34,35,-1,35,34,36,-1,35,36,37,-1,38,37,39,-1,39,37,36,-1,40,38,41,-1,41,38,39,-1,40,41,42,-1,40,42,43,-1,43,42,44,-1,43,44,45,-1,45,44,3,-1,45,3,1,-1,33,20,29,-1,29,20,25,-1,29,25,31,-1,0,4,1,-1,1,4,6,-1,40,43,6,-1,6,43,45,-1,6,45,1,-1,33,35,20,-1,20,35,37,-1,20,37,19,-1,19,37,38,-1,19,38,17,-1,11,13,38,-1,38,13,15,-1,38,15,17,-1,40,6,38,-1,38,6,8,-1,38,8,11,-1,44,7,3,-1,3,7,5,-1,3,5,2,-1,30,24,28,-1,28,24,21,-1,36,34,21,-1,21,34,32,-1,21,32,28,-1,16,14,39,-1,39,14,12,-1,36,21,39,-1,39,21,18,-1,39,18,16,-1,44,42,7,-1,7,42,41,-1,7,41,9,-1,9,41,39,-1,9,39,10,-1,10,39,12,-1,22,24,26,-1,26,24,30,-1,25,23,31,-1,31,23,27,-1,
        ]
    }
}
Shape{
    appearance Appearance {
        material  Material 	{
            diffuseColor 0.8235294117647058 0.8235294117647058 0.8235294117647058
            specularColor 0.4117647058823529 0.4117647058823529 0.4117647058823529
            ambientIntensity 0.8235
            transparency 0.0
            shininess 0.5
        }
    }
    geometry IndexedFaceSet {
        ccw TRUE
        solid FALSE
        coord DEF co Coordinate {
            point [
                -4.2303 0.108 5.4724, -4.384 -0.0998 5.4724, -4.2303 -0.0998 5.4724, -4.2303 1.1811 4.394, -5.4114 1.1811 4.394, -4.2303 0.8827 4.394, -5.4114 0.8827 4.394, -5.4114 -0.3313 4.394, -4.2303 -0.3313 4.394, -5.4114 -0.2287 4.394, -4.2303 -0.2287 4.394, -4.2303 0.8827 4.6063, -4.2303 1.405 4.6063, -4.2303 -0.2287 4.6063, -4.2303 -0.3313 4.6063, -5.4114 1.405 4.6063, -5.4114 0.8827 4.6063, -5.4114 -0.3313 4.6063, -5.4114 -0.2287 4.6063, -6.1004 1.5038 4.6063, -4.1319 1.5038 4.6063, -4.1319 -1.039 4.6063, -4.1319 -0.1476 4.6063, -4.6145 -0.6751 4.6063, -4.6634 -0.6376 4.6063, -4.7204 -0.614 4.6063, -4.5769 -0.724 4.6063, -4.5533 -0.781 4.6063, -4.5453 -0.8421 4.6063, -4.5453 -1.039 4.6063, -5.0648 -0.724 4.6063, -5.0273 -0.6751 4.6063, -4.9784 -0.6376 4.6063, -5.0884 -0.781 4.6063, -6.1004 -1.039 4.6063, -5.0965 -0.8421 4.6063, -5.0965 -1.039 4.6063, -4.9214 -0.614 4.6063, -4.8603 -0.6059 4.6063, -4.7815 -0.6059 4.6063, -6.1004 1.9039 3.7757, -4.1319 1.9039 3.7757, -4.1319 1.9039 2.2965, -6.1004 1.9039 2.2965, -4.1319 1.9039 2.6331, -6.1004 1.832 2.2246, -4.1319 1.832 2.2246, -6.1004 1.832 1.6716, -4.1319 1.832 1.6716, -6.1004 1.9039 1.5996, -4.1319 1.9039 1.5996, -6.1004 1.9039 0.0394, -4.1319 1.9039 0.0394, -6.1004 1.5038 0.0394, -4.1319 1.5038 0.0394, -6.1004 1.5038 0.1705, -4.1319 1.5038 0.1705, -4.1319 -2.5292 0.1705, -6.1004 -2.5292 0.1705, -4.1319 -0.1476 0.1705, -6.1004 -2.5292 0.0394, -4.1319 -2.5292 0.0394, -6.1004 -2.8599 0.0394, -4.1319 -2.8599 0.0394, -4.1319 -2.8599 2.7854, -6.1004 -2.8599 2.7854, -4.1319 -2.8599 2.6331, -4.7683 -1.7211 3.9242, -4.8414 -1.7241 3.9212, -4.5405 -1.6073 4.0379, -4.6159 -1.667 3.9782, -4.6936 -1.7035 3.9418, -4.9151 -1.7132 3.9321, -4.9915 -1.6857 3.9596, -5.0705 -1.6354 4.0099, -5.1878 -1.1881 4.4572, -5.1413 -1.1022 4.5431, -4.5503 -1.0393 4.606, -4.5553 -1.0403 4.605, -4.5259 -1.0702 4.5751, -5.2117 -1.2835 4.3618, -5.0864 -1.0403 4.605, -5.0914 -1.0393 4.606, -4.4703 -1.1517 4.4936, -4.4368 -1.2446 4.4007, -5.1381 -1.564 4.0812, -5.1862 -1.4778 4.1675, -5.2112 -1.3822 4.2631, -4.4274 -1.343 4.3023, -4.4427 -1.4403 4.205, -4.4814 -1.5303 4.115, -4.1319 -0.1476 2.6331, -4.1319 1.1571 3.251, -4.1319 1.1162 3.3044, -4.1319 1.5627 3.3044, -4.1319 1.5217 3.251, -4.1319 1.5627 3.5622, -4.1319 1.5884 3.5, -4.1319 1.5972 3.4333, -4.1319 1.5884 3.3666, -4.1319 1.4683 3.21, -4.1319 1.4061 3.1843, -4.1319 1.3394 3.1755, -4.1319 1.0904 3.3666, -4.1319 1.0816 3.4333, -4.1319 1.0904 3.5, -4.1319 1.1162 3.5622, -4.1319 1.1571 3.6156, -4.1319 1.2105 3.6565, -4.1319 1.2727 3.6823, -4.1319 1.3394 3.6911, -4.1319 1.4061 3.6823, -4.1319 1.4683 3.6565, -4.1319 1.5217 3.6156, -4.1319 1.2727 3.1843, -4.1319 1.2105 3.21, -4.1319 1.4025 2.5643, -4.1319 1.4612 2.5399, -4.1319 1.5117 2.5012, -4.1319 1.5117 2.1567, -4.1319 1.4612 2.118, -4.1319 1.3394 2.5726, -4.1319 1.5504 2.4508, -4.1319 1.5747 2.392, -4.1319 1.583 2.329, -4.1319 1.5747 2.2659, -4.1319 1.5504 2.2072, -4.1319 1.3394 2.0854, -4.1319 1.2764 2.0937, -4.1319 1.4025 2.0937, -4.1319 1.2176 2.118, -4.1319 1.1672 2.1567, -4.1319 1.1285 2.2072, -4.1319 1.1041 2.392, -4.1319 1.1285 2.4508, -4.1319 1.1672 2.5012, -4.1319 1.2176 2.5399, -4.1319 1.2764 2.5643, -4.1319 1.1041 2.2659, -4.1319 1.0958 2.329, -4.1319 -2.5957 0.787, -4.1319 -2.5617 0.8313, -4.1319 -2.1969 0.6802, -4.1319 -2.2042 0.6249, -4.1319 -2.2256 0.5734, -4.1319 -2.5174 0.8652, -4.1319 -2.4659 0.8866, -4.1319 -2.4106 0.8939, -4.1319 -2.4106 0.4665, -4.1319 -2.4659 0.4738, -4.1319 -2.5174 0.4952, -4.1319 -2.5617 0.5291, -4.1319 -2.5957 0.5734, -4.1319 -2.617 0.6249, -4.1319 -2.6243 0.6802, -4.1319 -2.617 0.7355, -4.1319 -1.3867 1.5791, -4.1319 -1.4157 1.5092, -4.1319 -1.4618 1.4491, -4.1319 -2.3553 0.8866, -4.1319 -2.3038 0.8652, -4.1319 -2.2595 0.8313, -4.1319 -1.3768 1.6541, -4.1319 -1.8117 1.4031, -4.1319 -1.8717 1.4491, -4.1319 -1.9178 1.5092, -4.1319 -1.9468 1.5791, -4.1319 -1.9566 1.6541, -4.1319 -1.9468 1.7292, -4.1319 -1.9178 1.7991, -4.1319 -1.8717 1.8591, -4.1319 -1.8117 1.9052, -4.1319 -2.2595 0.5291, -4.1319 -2.3038 0.4952, -4.1319 -2.3553 0.4738, -4.1319 -1.5218 1.4031, -4.1319 -1.5917 1.3741, -4.1319 -1.6667 1.3642, -4.1319 -1.7418 1.3741, -4.1319 -2.2042 0.7355, -4.1319 -2.2256 0.787, -4.1319 -1.7418 1.9341, -4.1319 -1.6667 1.944, -4.1319 -1.5917 1.9341, -4.1319 -1.5218 1.9052, -4.1319 -1.4618 1.8591, -4.1319 -1.4157 1.7991, -4.1319 -1.3867 1.7292, -4.1319 -2.4065 2.9271, -4.1319 -2.3985 2.9876, -4.1319 -1.9393 2.9271, -4.1319 -1.9472 2.8667, -4.1319 -2.0561 3.1294, -4.1319 -2.2897 2.7248, -4.1319 -2.3381 2.762, -4.1319 -2.3752 2.8103, -4.1319 -2.3985 2.8667, -4.1319 -2.3752 3.0439, -4.1319 -2.3381 3.0923, -4.1319 -2.2897 3.1294, -4.1319 -2.2333 3.1528, -4.1319 -1.9706 2.8103, -4.1319 -2.0077 2.762, -4.1319 -2.0561 2.7248, -4.1319 -2.1729 3.1607, -4.1319 -2.1124 3.1528, -4.1319 -2.0077 3.0923, -4.1319 -1.9706 3.0439, -4.1319 -1.9472 2.9876, -4.1319 -2.1124 2.7015, -4.1319 -2.1729 2.6935, -4.1319 -2.2333 2.7015, -5.4114 0.8827 5.0536, -5.4114 1.0277 5.0536, -4.2303 0.8827 5.0536, -4.2303 1.0277 5.0536, -4.2303 -0.2287 4.7669, -5.4114 -0.2287 4.7669, -5.4114 -0.0998 4.7669, -4.2303 -0.0998 4.7669, -4.384 -0.0998 5.2756, -4.873 -0.0998 5.4724, -5.4114 -0.0998 5.4724, -4.873 -0.0998 5.2756, -5.4114 0.8827 5.4724, -4.2303 0.769 5.4724, -4.2303 0.8827 5.4724, -5.4114 1.0277 5.2598, -4.2303 1.0277 5.2598, -4.2303 0.108 5.2756, -4.2303 0.769 5.2756
            ]
        }
        coordIndex [
            0,1,2,-1,3,4,5,-1,5,4,6,-1,7,8,9,-1,9,8,10,-1,11,12,5,-1,5,12,3,-1,10,8,13,-1,13,8,14,-1,4,15,6,-1,6,15,16,-1,17,7,18,-1,18,7,9,-1,16,15,19,-1,19,15,20,-1,14,21,22,-1,15,12,20,-1,20,12,11,-1,20,11,22,-1,22,11,13,-1,22,13,14,-1,23,14,24,-1,24,14,25,-1,23,26,14,-1,14,26,27,-1,14,27,21,-1,21,27,28,-1,21,28,29,-1,30,31,17,-1,17,31,32,-1,33,34,35,-1,35,34,36,-1,16,19,18,-1,18,19,34,-1,18,34,17,-1,17,34,33,-1,17,33,30,-1,32,37,17,-1,17,37,38,-1,17,38,14,-1,14,38,39,-1,14,39,25,-1,40,19,41,-1,41,19,20,-1,42,43,44,-1,44,43,40,-1,44,40,41,-1,45,43,46,-1,46,43,42,-1,47,45,48,-1,48,45,46,-1,49,47,50,-1,50,47,48,-1,51,49,52,-1,52,49,50,-1,53,51,54,-1,54,51,52,-1,55,53,56,-1,56,53,54,-1,57,58,59,-1,59,58,55,-1,59,55,56,-1,60,58,61,-1,61,58,57,-1,62,60,63,-1,63,60,61,-1,64,65,66,-1,66,65,62,-1,66,62,63,-1,67,68,64,-1,64,68,65,-1,69,70,64,-1,64,70,71,-1,64,71,67,-1,68,72,65,-1,65,72,73,-1,65,73,74,-1,75,76,34,-1,77,78,79,-1,75,34,80,-1,81,82,76,-1,76,82,36,-1,76,36,34,-1,21,83,84,-1,83,21,79,-1,79,21,29,-1,79,29,77,-1,74,85,65,-1,65,85,86,-1,65,86,34,-1,34,86,87,-1,34,87,80,-1,84,88,21,-1,21,88,89,-1,21,89,64,-1,64,89,90,-1,64,90,69,-1,91,92,93,-1,44,94,95,-1,96,97,41,-1,41,97,98,-1,41,98,44,-1,44,98,99,-1,44,99,94,-1,95,100,44,-1,44,100,101,-1,44,101,102,-1,93,103,91,-1,91,103,104,-1,91,104,22,-1,22,104,105,-1,22,105,106,-1,106,107,22,-1,22,107,108,-1,22,108,20,-1,20,108,109,-1,20,109,110,-1,110,111,20,-1,20,111,112,-1,20,112,41,-1,41,112,113,-1,41,113,96,-1,102,114,91,-1,91,114,115,-1,91,115,92,-1,116,117,44,-1,44,117,118,-1,48,119,120,-1,102,91,44,-1,44,91,121,-1,44,121,116,-1,118,122,44,-1,44,122,123,-1,44,123,42,-1,42,123,124,-1,42,124,46,-1,46,124,125,-1,46,125,48,-1,48,125,126,-1,48,126,119,-1,127,128,59,-1,127,59,129,-1,120,129,48,-1,48,129,59,-1,48,59,50,-1,50,59,56,-1,50,56,52,-1,52,56,54,-1,128,130,59,-1,59,130,131,-1,59,131,132,-1,133,134,91,-1,91,134,135,-1,135,136,91,-1,91,136,137,-1,91,137,121,-1,132,138,91,-1,91,138,139,-1,91,139,133,-1,63,61,57,-1,140,141,66,-1,142,143,59,-1,59,143,144,-1,141,145,66,-1,66,145,146,-1,66,146,147,-1,148,149,57,-1,57,149,150,-1,57,150,151,-1,151,152,57,-1,57,152,153,-1,57,153,63,-1,63,153,154,-1,63,154,66,-1,66,154,155,-1,66,155,140,-1,156,157,59,-1,59,157,158,-1,147,159,66,-1,66,159,160,-1,66,160,161,-1,132,91,59,-1,59,91,162,-1,59,162,156,-1,163,164,161,-1,164,165,161,-1,161,165,166,-1,161,166,66,-1,66,166,167,-1,66,167,168,-1,168,169,66,-1,66,169,170,-1,66,170,171,-1,144,172,59,-1,59,172,173,-1,59,173,57,-1,57,173,174,-1,57,174,148,-1,158,175,59,-1,59,175,176,-1,59,176,142,-1,176,177,142,-1,142,177,178,-1,142,178,179,-1,179,178,163,-1,179,163,180,-1,180,163,161,-1,171,181,66,-1,66,181,182,-1,66,182,91,-1,182,183,91,-1,91,183,184,-1,91,184,185,-1,185,186,91,-1,91,186,187,-1,91,187,162,-1,188,189,64,-1,91,190,191,-1,22,21,192,-1,193,194,66,-1,66,194,195,-1,66,195,64,-1,64,195,196,-1,64,196,188,-1,189,197,64,-1,64,197,198,-1,64,198,21,-1,21,198,199,-1,21,199,200,-1,191,201,91,-1,91,201,202,-1,91,202,203,-1,200,204,21,-1,21,204,205,-1,21,205,192,-1,192,206,22,-1,22,206,207,-1,22,207,91,-1,91,207,208,-1,91,208,190,-1,203,209,91,-1,91,209,210,-1,91,210,66,-1,66,210,211,-1,66,211,193,-1,14,8,17,-1,17,8,7,-1,3,12,4,-1,4,12,15,-1,212,213,214,-1,214,213,215,-1,5,6,11,-1,11,6,16,-1,11,16,214,-1,214,16,212,-1,216,217,13,-1,13,217,18,-1,13,18,10,-1,10,18,9,-1,218,217,219,-1,219,217,216,-1,2,1,220,-1,221,222,223,-1,223,222,218,-1,223,218,220,-1,220,218,219,-1,220,219,2,-1,222,221,224,-1,224,221,225,-1,224,225,226,-1,227,224,228,-1,228,224,226,-1,213,227,215,-1,215,227,228,-1,212,16,218,-1,218,16,18,-1,218,18,217,-1,227,213,224,-1,224,213,212,-1,224,212,222,-1,222,212,218,-1,229,0,2,-1,226,225,228,-1,228,225,230,-1,216,13,219,-1,219,13,11,-1,219,11,214,-1,2,219,229,-1,229,219,214,-1,229,214,230,-1,230,214,215,-1,230,215,228,-1,
        ]
    }
}
Shape{
    appearance Appearance {
        material  Material 	{
            diffuseColor 1.0 1.0 1.0
            specularColor 0.8784313725490196 0.8784313725490196 0.8784313725490196
            ambientIntensity 1.0
            transparency 0.0
            shininess 0.5
        }
    }
    geometry IndexedFaceSet {
        ccw TRUE
        solid FALSE
        coord DEF co Coordinate {
            point [
                -4.25 -2.1729 3.1607, -4.1319 -2.1729 3.1607, -4.25 -2.2333 3.1528, -4.1319 -2.2333 3.1528, -4.25 -2.2897 3.1294, -4.1319 -2.2897 3.1294, -4.25 -2.3381 3.0923, -4.1319 -2.3381 3.0923, -4.25 -2.3752 3.0439, -4.1319 -2.3752 3.0439, -4.25 -2.3985 2.9876, -4.1319 -2.3985 2.9876, -4.25 -2.4065 2.9271, -4.1319 -2.4065 2.9271, -4.25 -2.3985 2.8667, -4.1319 -2.3985 2.8667, -4.25 -2.3752 2.8103, -4.1319 -2.3752 2.8103, -4.25 -2.3381 2.762, -4.1319 -2.3381 2.762, -4.25 -2.2897 2.7248, -4.1319 -2.2897 2.7248, -4.25 -2.2333 2.7015, -4.1319 -2.2333 2.7015, -4.25 -2.1729 2.6935, -4.1319 -2.1729 2.6935, -4.25 -2.1124 2.7015, -4.1319 -2.1124 2.7015, -4.25 -2.0561 2.7248, -4.1319 -2.0561 2.7248, -4.25 -2.0077 2.762, -4.1319 -2.0077 2.762, -4.25 -1.9706 2.8103, -4.1319 -1.9706 2.8103, -4.25 -1.9472 2.8667, -4.1319 -1.9472 2.8667, -4.25 -1.9393 2.9271, -4.1319 -1.9393 2.9271, -4.25 -1.9472 2.9876, -4.1319 -1.9472 2.9876, -4.25 -1.9706 3.0439, -4.1319 -1.9706 3.0439, -4.25 -2.0077 3.0923, -4.1319 -2.0077 3.0923, -4.25 -2.0561 3.1294, -4.1319 -2.0561 3.1294, -4.25 -2.1124 3.1528, -4.1319 -2.1124 3.1528, -4.25 -2.1729 2.9271, -4.25 -1.6667 1.944, -4.1319 -1.6667 1.944, -4.25 -1.7418 1.9341, -4.1319 -1.7418 1.9341, -4.25 -1.8117 1.9052, -4.1319 -1.8117 1.9052, -4.25 -1.8717 1.8591, -4.1319 -1.8717 1.8591, -4.25 -1.9178 1.7991, -4.1319 -1.9178 1.7991, -4.25 -1.9468 1.7292, -4.1319 -1.9468 1.7292, -4.25 -1.9566 1.6541, -4.1319 -1.9566 1.6541, -4.25 -1.9468 1.5791, -4.1319 -1.9468 1.5791, -4.25 -1.9178 1.5092, -4.1319 -1.9178 1.5092, -4.25 -1.8717 1.4491, -4.1319 -1.8717 1.4491, -4.25 -1.8117 1.4031, -4.1319 -1.8117 1.4031, -4.25 -1.7418 1.3741, -4.1319 -1.7418 1.3741, -4.25 -1.6667 1.3642, -4.1319 -1.6667 1.3642, -4.25 -1.5917 1.3741, -4.1319 -1.5917 1.3741, -4.25 -1.5218 1.4031, -4.1319 -1.5218 1.4031, -4.25 -1.4618 1.4491, -4.1319 -1.4618 1.4491, -4.25 -1.4157 1.5092, -4.1319 -1.4157 1.5092, -4.25 -1.3867 1.5791, -4.1319 -1.3867 1.5791, -4.25 -1.3768 1.6541, -4.1319 -1.3768 1.6541, -4.25 -1.3867 1.7292, -4.1319 -1.3867 1.7292, -4.25 -1.4157 1.7991, -4.1319 -1.4157 1.7991, -4.25 -1.4618 1.8591, -4.1319 -1.4618 1.8591, -4.25 -1.5218 1.9052, -4.1319 -1.5218 1.9052, -4.25 -1.5917 1.9341, -4.1319 -1.5917 1.9341
            ]
        }
        coordIndex [
            0,1,2,-1,2,1,3,-1,2,3,4,-1,4,3,5,-1,4,5,6,-1,6,5,7,-1,6,7,8,-1,8,7,9,-1,8,9,10,-1,10,9,11,-1,10,11,12,-1,12,11,13,-1,12,13,14,-1,14,13,15,-1,14,15,16,-1,16,15,17,-1,16,17,18,-1,18,17,19,-1,18,19,20,-1,20,19,21,-1,20,21,22,-1,22,21,23,-1,22,23,24,-1,24,23,25,-1,24,25,26,-1,26,25,27,-1,26,27,28,-1,28,27,29,-1,28,29,30,-1,30,29,31,-1,30,31,32,-1,32,31,33,-1,32,33,34,-1,34,33,35,-1,34,35,36,-1,36,35,37,-1,36,37,38,-1,38,37,39,-1,38,39,40,-1,40,39,41,-1,40,41,42,-1,42,41,43,-1,42,43,44,-1,44,43,45,-1,44,45,46,-1,46,45,47,-1,46,47,0,-1,0,47,1,-1,44,46,48,-1,48,46,0,-1,48,0,2,-1,38,40,48,-1,48,40,42,-1,48,42,44,-1,32,34,48,-1,48,34,36,-1,48,36,38,-1,26,28,48,-1,48,28,30,-1,48,30,32,-1,20,22,48,-1,48,22,24,-1,48,24,26,-1,14,16,48,-1,48,16,18,-1,48,18,20,-1,8,10,48,-1,48,10,12,-1,48,12,14,-1,2,4,48,-1,48,4,6,-1,48,6,8,-1,49,50,51,-1,51,50,52,-1,51,52,53,-1,53,52,54,-1,53,54,55,-1,55,54,56,-1,55,56,57,-1,57,56,58,-1,57,58,59,-1,59,58,60,-1,59,60,61,-1,61,60,62,-1,61,62,63,-1,63,62,64,-1,63,64,65,-1,65,64,66,-1,65,66,67,-1,67,66,68,-1,67,68,69,-1,69,68,70,-1,69,70,71,-1,71,70,72,-1,71,72,73,-1,73,72,74,-1,73,74,75,-1,75,74,76,-1,75,76,77,-1,77,76,78,-1,77,78,79,-1,79,78,80,-1,79,80,81,-1,81,80,82,-1,81,82,83,-1,83,82,84,-1,83,84,85,-1,85,84,86,-1,85,86,87,-1,87,86,88,-1,87,88,89,-1,89,88,90,-1,89,90,91,-1,91,90,92,-1,91,92,93,-1,93,92,94,-1,93,94,95,-1,95,94,96,-1,95,96,49,-1,49,96,50,-1,
        ]
    }
}
Shape{
    appearance Appearance {
        material  Material 	{
            diffuseColor 0.8235294117647058 0.8235294117647058 0.8235294117647058
            specularColor 0.4117647058823529 0.4117647058823529 0.4117647058823529
            ambientIntensity 0.8235
            transparency 0.0
            shininess 0.5
        }
    }
    geometry IndexedFaceSet {
        ccw TRUE
        solid FALSE
        coord DEF co Coordinate {
            point [
                -4.25 -1.5218 1.9052, -4.25 -1.5917 1.9341, -4.25 -1.6667 1.6541, -4.25 -1.6667 1.944, -4.25 -1.7418 1.9341, -4.25 -1.3867 1.7292, -4.25 -1.4157 1.7991, -4.25 -1.4618 1.8591, -4.25 -1.4157 1.5092, -4.25 -1.3867 1.5791, -4.25 -1.3768 1.6541, -4.25 -1.5917 1.3741, -4.25 -1.5218 1.4031, -4.25 -1.4618 1.4491, -4.25 -1.8117 1.4031, -4.25 -1.7418 1.3741, -4.25 -1.6667 1.3642, -4.25 -1.9468 1.5791, -4.25 -1.9178 1.5092, -4.25 -1.8717 1.4491, -4.25 -1.9178 1.7991, -4.25 -1.9468 1.7292, -4.25 -1.9566 1.6541, -4.25 -1.8117 1.9052, -4.25 -1.8717 1.8591
            ]
        }
        coordIndex [
            0,1,2,-1,2,1,3,-1,2,3,4,-1,5,6,2,-1,2,6,7,-1,2,7,0,-1,8,9,2,-1,2,9,10,-1,2,10,5,-1,11,12,2,-1,2,12,13,-1,2,13,8,-1,14,15,2,-1,2,15,16,-1,2,16,11,-1,17,18,2,-1,2,18,19,-1,2,19,14,-1,20,21,2,-1,2,21,22,-1,2,22,17,-1,4,23,2,-1,2,23,24,-1,2,24,20,-1,
        ]
    }
}
Shape{
    appearance Appearance {
        material  Material 	{
            diffuseColor 0.6666666666666666 0.6980392156862745 0.7686274509803922
            specularColor 0.3333333333333333 0.34901960784313724 0.3843137254901961
            ambientIntensity 0.6967
            transparency 0.0
            shininess 0.5
        }
    }
    geometry IndexedFaceSet {
        ccw TRUE
        solid FALSE
        coord DEF co Coordinate {
            point [
                -4.25 1.3394 3.6911, -4.1319 1.3394 3.6911, -4.25 1.2727 3.6823, -4.1319 1.2727 3.6823, -4.25 1.2105 3.6565, -4.1319 1.2105 3.6565, -4.25 1.1571 3.6156, -4.1319 1.1571 3.6156, -4.25 1.1162 3.5622, -4.1319 1.1162 3.5622, -4.25 1.0904 3.5, -4.1319 1.0904 3.5, -4.25 1.0816 3.4333, -4.1319 1.0816 3.4333, -4.25 1.0904 3.3666, -4.1319 1.0904 3.3666, -4.25 1.1162 3.3044, -4.1319 1.1162 3.3044, -4.25 1.1571 3.251, -4.1319 1.1571 3.251, -4.25 1.2105 3.21, -4.1319 1.2105 3.21, -4.25 1.2727 3.1843, -4.1319 1.2727 3.1843, -4.25 1.3394 3.1755, -4.1319 1.3394 3.1755, -4.25 1.4061 3.1843, -4.1319 1.4061 3.1843, -4.25 1.4683 3.21, -4.1319 1.4683 3.21, -4.25 1.5217 3.251, -4.1319 1.5217 3.251, -4.25 1.5627 3.3044, -4.1319 1.5627 3.3044, -4.25 1.5884 3.3666, -4.1319 1.5884 3.3666, -4.25 1.5972 3.4333, -4.1319 1.5972 3.4333, -4.25 1.5884 3.5, -4.1319 1.5884 3.5, -4.25 1.5627 3.5622, -4.1319 1.5627 3.5622, -4.25 1.5217 3.6156, -4.1319 1.5217 3.6156, -4.25 1.4683 3.6565, -4.1319 1.4683 3.6565, -4.25 1.4061 3.6823, -4.1319 1.4061 3.6823
            ]
        }
        coordIndex [
            0,1,2,-1,2,1,3,-1,2,3,4,-1,4,3,5,-1,4,5,6,-1,6,5,7,-1,6,7,8,-1,8,7,9,-1,8,9,10,-1,10,9,11,-1,10,11,12,-1,12,11,13,-1,12,13,14,-1,14,13,15,-1,14,15,16,-1,16,15,17,-1,16,17,18,-1,18,17,19,-1,18,19,20,-1,20,19,21,-1,20,21,22,-1,22,21,23,-1,22,23,24,-1,24,23,25,-1,24,25,26,-1,26,25,27,-1,26,27,28,-1,28,27,29,-1,28,29,30,-1,30,29,31,-1,30,31,32,-1,32,31,33,-1,32,33,34,-1,34,33,35,-1,34,35,36,-1,36,35,37,-1,36,37,38,-1,38,37,39,-1,38,39,40,-1,40,39,41,-1,40,41,42,-1,42,41,43,-1,42,43,44,-1,44,43,45,-1,44,45,46,-1,46,45,47,-1,46,47,0,-1,0,47,1,-1,
        ]
    }
}
Shape{
    appearance Appearance {
        material  Material 	{
            diffuseColor 1.0 1.0 1.0
            specularColor 0.8784313725490196 0.8784313725490196 0.8784313725490196
            ambientIntensity 1.0
            transparency 0.0
            shininess 0.5
        }
    }
    geometry IndexedFaceSet {
        ccw TRUE
        solid FALSE
        coord DEF co Coordinate {
            point [
                -4.25 1.4683 3.6565, -4.25 1.4061 3.6823, -4.25 1.3394 3.4333, -4.25 1.3394 3.6911, -4.25 1.2727 3.6823, -4.25 1.5884 3.5, -4.25 1.5627 3.5622, -4.25 1.5217 3.6156, -4.25 1.5627 3.3044, -4.25 1.5884 3.3666, -4.25 1.5972 3.4333, -4.25 1.4061 3.1843, -4.25 1.4683 3.21, -4.25 1.5217 3.251, -4.25 1.2105 3.21, -4.25 1.2727 3.1843, -4.25 1.3394 3.1755, -4.25 1.0904 3.3666, -4.25 1.1162 3.3044, -4.25 1.1571 3.251, -4.25 1.1162 3.5622, -4.25 1.0904 3.5, -4.25 1.0816 3.4333, -4.25 1.2105 3.6565, -4.25 1.1571 3.6156
            ]
        }
        coordIndex [
            0,1,2,-1,2,1,3,-1,2,3,4,-1,5,6,2,-1,2,6,7,-1,2,7,0,-1,8,9,2,-1,2,9,10,-1,2,10,5,-1,11,12,2,-1,2,12,13,-1,2,13,8,-1,14,15,2,-1,2,15,16,-1,2,16,11,-1,17,18,2,-1,2,18,19,-1,2,19,14,-1,20,21,2,-1,2,21,22,-1,2,22,17,-1,4,23,2,-1,2,23,24,-1,2,24,20,-1,
        ]
    }
}
Shape{
    appearance Appearance {
        material  Material 	{
            diffuseColor 0.6666666666666666 0.6980392156862745 0.7686274509803922
            specularColor 0.3333333333333333 0.34901960784313724 0.3843137254901961
            ambientIntensity 0.6967
            transparency 0.0
            shininess 0.5
        }
    }
    geometry IndexedFaceSet {
        ccw TRUE
        solid FALSE
        coord DEF co Coordinate {
            point [
                -4.25 1.3394 2.5726, -4.1319 1.3394 2.5726, -4.25 1.2764 2.5643, -4.1319 1.2764 2.5643, -4.25 1.2176 2.5399, -4.1319 1.2176 2.5399, -4.25 1.1672 2.5012, -4.1319 1.1672 2.5012, -4.25 1.1285 2.4508, -4.1319 1.1285 2.4508, -4.25 1.1041 2.392, -4.1319 1.1041 2.392, -4.25 1.0958 2.329, -4.1319 1.0958 2.329, -4.25 1.1041 2.2659, -4.1319 1.1041 2.2659, -4.25 1.1285 2.2072, -4.1319 1.1285 2.2072, -4.25 1.1672 2.1567, -4.1319 1.1672 2.1567, -4.25 1.2176 2.118, -4.1319 1.2176 2.118, -4.25 1.2764 2.0937, -4.1319 1.2764 2.0937, -4.25 1.3394 2.0854, -4.1319 1.3394 2.0854, -4.25 1.4025 2.0937, -4.1319 1.4025 2.0937, -4.25 1.4612 2.118, -4.1319 1.4612 2.118, -4.25 1.5117 2.1567, -4.1319 1.5117 2.1567, -4.25 1.5504 2.2072, -4.1319 1.5504 2.2072, -4.25 1.5747 2.2659, -4.1319 1.5747 2.2659, -4.25 1.583 2.329, -4.1319 1.583 2.329, -4.25 1.5747 2.392, -4.1319 1.5747 2.392, -4.25 1.5504 2.4508, -4.1319 1.5504 2.4508, -4.25 1.5117 2.5012, -4.1319 1.5117 2.5012, -4.25 1.4612 2.5399, -4.1319 1.4612 2.5399, -4.25 1.4025 2.5643, -4.1319 1.4025 2.5643
            ]
        }
        coordIndex [
            0,1,2,-1,2,1,3,-1,2,3,4,-1,4,3,5,-1,4,5,6,-1,6,5,7,-1,6,7,8,-1,8,7,9,-1,8,9,10,-1,10,9,11,-1,10,11,12,-1,12,11,13,-1,12,13,14,-1,14,13,15,-1,14,15,16,-1,16,15,17,-1,16,17,18,-1,18,17,19,-1,18,19,20,-1,20,19,21,-1,20,21,22,-1,22,21,23,-1,22,23,24,-1,24,23,25,-1,24,25,26,-1,26,25,27,-1,26,27,28,-1,28,27,29,-1,28,29,30,-1,30,29,31,-1,30,31,32,-1,32,31,33,-1,32,33,34,-1,34,33,35,-1,34,35,36,-1,36,35,37,-1,36,37,38,-1,38,37,39,-1,38,39,40,-1,40,39,41,-1,40,41,42,-1,42,41,43,-1,42,43,44,-1,44,43,45,-1,44,45,46,-1,46,45,47,-1,46,47,0,-1,0,47,1,-1,
        ]
    }
}
Shape{
    appearance Appearance {
        material  Material 	{
            diffuseColor 1.0 1.0 1.0
            specularColor 0.8784313725490196 0.8784313725490196 0.8784313725490196
            ambientIntensity 1.0
            transparency 0.0
            shininess 0.5
        }
    }
    geometry IndexedFaceSet {
        ccw TRUE
        solid FALSE
        coord DEF co Coordinate {
            point [
                -4.25 1.4612 2.5399, -4.25 1.4025 2.5643, -4.25 1.3394 2.329, -4.25 1.3394 2.5726, -4.25 1.2764 2.5643, -4.25 1.5747 2.392, -4.25 1.5504 2.4508, -4.25 1.5117 2.5012, -4.25 1.5504 2.2072, -4.25 1.5747 2.2659, -4.25 1.583 2.329, -4.25 1.4025 2.0937, -4.25 1.4612 2.118, -4.25 1.5117 2.1567, -4.25 1.2176 2.118, -4.25 1.2764 2.0937, -4.25 1.3394 2.0854, -4.25 1.1041 2.2659, -4.25 1.1285 2.2072, -4.25 1.1672 2.1567, -4.25 1.1285 2.4508, -4.25 1.1041 2.392, -4.25 1.0958 2.329, -4.25 1.2176 2.5399, -4.25 1.1672 2.5012, -4.25 -2.4106 0.8939, -4.1319 -2.4106 0.8939, -4.25 -2.4659 0.8866, -4.1319 -2.4659 0.8866, -4.25 -2.5174 0.8652, -4.1319 -2.5174 0.8652, -4.25 -2.5617 0.8313, -4.1319 -2.5617 0.8313, -4.25 -2.5957 0.787, -4.1319 -2.5957 0.787, -4.25 -2.617 0.7355, -4.1319 -2.617 0.7355, -4.25 -2.6243 0.6802, -4.1319 -2.6243 0.6802, -4.25 -2.617 0.6249, -4.1319 -2.617 0.6249, -4.25 -2.5957 0.5734, -4.1319 -2.5957 0.5734, -4.25 -2.5617 0.5291, -4.1319 -2.5617 0.5291, -4.25 -2.5174 0.4952, -4.1319 -2.5174 0.4952, -4.25 -2.4659 0.4738, -4.1319 -2.4659 0.4738, -4.25 -2.4106 0.4665, -4.1319 -2.4106 0.4665, -4.25 -2.3553 0.4738, -4.1319 -2.3553 0.4738, -4.25 -2.3038 0.4952, -4.1319 -2.3038 0.4952, -4.25 -2.2595 0.5291, -4.1319 -2.2595 0.5291, -4.25 -2.2256 0.5734, -4.1319 -2.2256 0.5734, -4.25 -2.2042 0.6249, -4.1319 -2.2042 0.6249, -4.25 -2.1969 0.6802, -4.1319 -2.1969 0.6802, -4.25 -2.2042 0.7355, -4.1319 -2.2042 0.7355, -4.25 -2.2256 0.787, -4.1319 -2.2256 0.787, -4.25 -2.2595 0.8313, -4.1319 -2.2595 0.8313, -4.25 -2.3038 0.8652, -4.1319 -2.3038 0.8652, -4.25 -2.3553 0.8866, -4.1319 -2.3553 0.8866, -4.25 -2.4106 0.6802
            ]
        }
        coordIndex [
            0,1,2,-1,2,1,3,-1,2,3,4,-1,5,6,2,-1,2,6,7,-1,2,7,0,-1,8,9,2,-1,2,9,10,-1,2,10,5,-1,11,12,2,-1,2,12,13,-1,2,13,8,-1,14,15,2,-1,2,15,16,-1,2,16,11,-1,17,18,2,-1,2,18,19,-1,2,19,14,-1,20,21,2,-1,2,21,22,-1,2,22,17,-1,4,23,2,-1,2,23,24,-1,2,24,20,-1,25,26,27,-1,27,26,28,-1,27,28,29,-1,29,28,30,-1,29,30,31,-1,31,30,32,-1,31,32,33,-1,33,32,34,-1,33,34,35,-1,35,34,36,-1,35,36,37,-1,37,36,38,-1,37,38,39,-1,39,38,40,-1,39,40,41,-1,41,40,42,-1,41,42,43,-1,43,42,44,-1,43,44,45,-1,45,44,46,-1,45,46,47,-1,47,46,48,-1,47,48,49,-1,49,48,50,-1,49,50,51,-1,51,50,52,-1,51,52,53,-1,53,52,54,-1,53,54,55,-1,55,54,56,-1,55,56,57,-1,57,56,58,-1,57,58,59,-1,59,58,60,-1,59,60,61,-1,61,60,62,-1,61,62,63,-1,63,62,64,-1,63,64,65,-1,65,64,66,-1,65,66,67,-1,67,66,68,-1,67,68,69,-1,69,68,70,-1,69,70,71,-1,71,70,72,-1,71,72,25,-1,25,72,26,-1,69,71,73,-1,73,71,25,-1,73,25,27,-1,63,65,73,-1,73,65,67,-1,73,67,69,-1,57,59,73,-1,73,59,61,-1,73,61,63,-1,51,53,73,-1,73,53,55,-1,73,55,57,-1,45,47,73,-1,73,47,49,-1,73,49,51,-1,39,41,73,-1,73,41,43,-1,73,43,45,-1,33,35,73,-1,73,35,37,-1,73,37,39,-1,27,29,73,-1,73,29,31,-1,73,31,33,-1,
        ]
    }
}
Shape{
    appearance Appearance {
        material  Material 	{
            diffuseColor 0.8235294117647058 0.8235294117647058 0.8235294117647058
            specularColor 0.4117647058823529 0.4117647058823529 0.4117647058823529
            ambientIntensity 0.8235
            transparency 0.0
            shininess 0.5
        }
    }
    geometry IndexedFaceSet {
        ccw TRUE
        solid FALSE
        coord DEF co Coordinate {
            point [
                -4.2303 0.108 5.2756, -4.384 -0.0998 5.2756, -4.2303 0.108 5.4724, -4.384 -0.0998 5.4724, -4.2303 0.769 5.4724, -4.873 -0.0998 5.4724, -4.2303 0.769 5.2756, -4.873 -0.0998 5.2756, -5.0571 -1.039 4.5669, -5.0571 -1.039 2.6378, -5.0571 -0.8421 4.5669, -5.0571 -0.8421 2.6378, -4.8603 -0.6453 4.5669, -4.8603 -0.6453 2.6378, -4.7815 -0.6453 4.5669, -4.7815 -0.6453 2.6378, -4.5847 -0.8421 4.5669, -4.5847 -0.8421 2.6378, -4.5847 -1.039 4.5669, -4.5847 -1.039 2.6378, -4.5259 -1.1068 2.6378, -4.6892 -1.632 2.6378, -4.6108 -1.5884 2.6378, -5.1159 -1.1068 2.6378, -4.486 -1.1872 2.6378, -4.5459 -1.5265 2.6378, -4.4986 -1.4503 2.6378, -4.4719 -1.3646 2.6378, -4.4677 -1.275 2.6378, -5.0504 -0.7912 2.6378, -4.9112 -0.652 2.6378, -4.9587 -0.6717 2.6378, -4.9994 -0.7029 2.6378, -5.0307 -0.7437 2.6378, -5.1557 -1.1872 2.6378, -5.1741 -1.275 2.6378, -5.0959 -1.5265 2.6378, -5.1698 -1.3646 2.6378, -5.1432 -1.4503 2.6378, -5.031 -1.5884 2.6378, -4.9526 -1.632 2.6378, -4.8657 -1.6546 2.6378, -4.776 -1.6546 2.6378, -4.6423 -0.7029 2.6378, -4.6831 -0.6717 2.6378, -4.611 -0.7437 2.6378, -4.5914 -0.7912 2.6378, -4.7306 -0.652 2.6378, -4.7064 -1.6384 3.9139, -4.6898 -1.6306 3.9226, -5.1093 -1.0972 4.5153, -5.0574 -1.0393 4.5721, -5.0585 -1.0403 4.5771, -5.0588 -1.0405 4.5783, -4.583 -1.0405 4.5783, -4.5833 -1.0402 4.5771, -4.5554 -1.0685 4.5472, -4.5843 -1.0393 4.5721, -4.4887 -1.1881 4.4143, -4.5282 -1.1083 4.5029, -4.5054 -1.1418 4.4657, -4.4746 -1.3642 4.2187, -4.4667 -1.3139 4.2745, -4.4704 -1.2752 4.3175, -4.4752 -1.2254 4.3728, -4.5479 -1.5249 4.04, -4.5153 -1.4825 4.0872, -4.501 -1.4492 4.1242, -4.4805 -1.4015 4.1772, -4.6364 -1.6056 3.9504, -4.6123 -1.5865 3.9716, -4.5686 -1.5519 4.0101, -4.8393 -1.6569 3.8934, -4.776 -1.6543 3.8962, -4.7736 -1.6542 3.8963, -4.9057 -1.6471 3.9043, -4.8655 -1.6531 3.8977, -4.9744 -1.6224 3.9317, -4.952 -1.6305 3.9228, -5.0455 -1.5771 3.9821, -5.03 -1.587 3.9711, -5.1064 -1.5129 4.0534, -5.0946 -1.5253 4.0396, -5.1496 -1.4353 4.1396, -5.1417 -1.4495 4.1239, -5.1722 -1.3493 4.2352, -5.1683 -1.3642 4.2186, -5.1726 -1.2604 4.3339, -5.1726 -1.275 4.3177, -5.1148 -1.1074 4.504, -5.1511 -1.1746 4.4293, -5.1543 -1.1875 4.4149, -5.0504 -0.7912 4.5669, -5.0307 -0.7437 4.5669, -4.9994 -0.7029 4.5669, -4.9587 -0.6717 4.5669, -4.9112 -0.652 4.5669, -4.7306 -0.652 4.5669, -4.6831 -0.6717 4.5669, -4.6423 -0.7029 4.5669, -4.611 -0.7437 4.5669, -4.5914 -0.7912 4.5669, -5.0584 -0.8421 4.5771, -5.0517 -0.7908 4.5771, -5.0624 -0.8421 4.5866, -5.0555 -0.7898 4.5866, -5.0686 -0.8421 4.5948, -5.0615 -0.7882 4.5948, -5.0768 -0.8421 4.601, -5.0694 -0.7861 4.601, -5.0863 -0.8421 4.605, -5.0786 -0.7836 4.605, -5.0965 -0.8421 4.6063, -5.0884 -0.781 4.6063, -5.0319 -0.743 4.5771, -5.0353 -0.7411 4.5866, -5.0407 -0.7379 4.5948, -5.0478 -0.7339 4.601, -5.056 -0.7291 4.605, -5.0648 -0.724 4.6063, -5.0004 -0.702 4.5771, -5.0032 -0.6992 4.5866, -5.0076 -0.6948 4.5948, -5.0134 -0.689 4.601, -5.0201 -0.6823 4.605, -5.0273 -0.6751 4.6063, -4.9593 -0.6705 4.5771, -4.9613 -0.6671 4.5866, -4.9644 -0.6617 4.5948, -4.9685 -0.6546 4.601, -4.9733 -0.6464 4.605, -4.9784 -0.6376 4.6063, -4.9115 -0.6507 4.5771, -4.9126 -0.6469 4.5866, -4.9142 -0.6408 4.5948, -4.9163 -0.633 4.601, -4.9188 -0.6238 4.605, -4.9214 -0.614 4.6063, -4.8603 -0.6439 4.5771, -4.8603 -0.64 4.5866, -4.8603 -0.6337 4.5948, -4.8603 -0.6256 4.601, -4.8603 -0.6161 4.605, -4.8603 -0.6059 4.6063, -5.062 -1.0422 4.586, -5.0605 -1.0414 4.5824, -5.0676 -1.0429 4.5935, -5.0648 -1.0427 4.5901, -5.0638 -1.0427 4.5889, -5.0624 -1.0423 4.5866, -5.0719 -1.0429 4.5977, -5.0691 -1.043 4.5952, -5.0687 -1.043 4.5947, -5.082 -1.0414 4.6035, -5.0791 -1.0419 4.6023, -5.0769 -1.0422 4.6009, -5.0744 -1.0426 4.5993, -5.0965 -1.039 4.6063, -5.0914 -1.0393 4.606, -5.0864 -1.0403 4.605, -5.0863 -1.0403 4.605, -5.0822 -1.0413 4.6036, -4.7815 -0.6439 4.5771, -4.7815 -0.64 4.5866, -4.7815 -0.6337 4.5948, -4.7815 -0.6256 4.601, -4.7815 -0.6161 4.605, -4.7815 -0.6059 4.6063, -4.5816 -1.0415 4.5822, -4.5508 -1.0719 4.5547, -4.5793 -1.0422 4.5863, -4.5814 -1.0415 4.5825, -4.5479 -1.073 4.5583, -4.5776 -1.0427 4.5894, -4.5792 -1.0422 4.5865, -4.5448 -1.0737 4.5618, -4.5741 -1.0429 4.5935, -4.5755 -1.043 4.5922, -4.5413 -1.0739 4.5651, -4.5709 -1.0429 4.5966, -4.573 -1.0429 4.5946, -4.5377 -1.0736 4.568, -4.5663 -1.0425 4.6002, -4.5696 -1.0429 4.5979, -4.5553 -1.0403 4.605, -4.5555 -1.0403 4.605, -4.5299 -1.0718 4.5731, -4.5585 -1.0411 4.604, -4.5596 -1.0413 4.6035, -4.5636 -1.042 4.6015, -5.1368 -1.1035 4.5413, -5.1324 -1.1044 4.5391, -5.1282 -1.1048 4.5364, -5.1241 -1.1047 4.5335, -5.117 -1.1031 4.5267, -5.1114 -1.0996 4.5192, -4.4737 -1.2295 4.3772, -4.5034 -1.1448 4.4698, -4.5533 -1.0704 4.551, -4.4812 -1.4068 4.1827, -4.4663 -1.3188 4.2794, -4.5715 -1.5563 4.0175, -4.5173 -1.4877 4.0935, -4.6395 -1.6089 3.9589, -4.7088 -1.6406 3.9234, -4.7748 -1.6557 3.9064, -4.8389 -1.6583 3.9035, -4.9037 -1.6489 3.9141, -4.9715 -1.6252 3.9407, -5.0424 -1.5811 3.9899, -5.104 -1.5179 4.0602, -5.1484 -1.4406 4.1455, -5.1722 -1.3544 4.2404, -5.1529 -1.178 4.4335, -5.1737 -1.2649 4.3385, -5.1139 -1.1016 4.523, -5.1554 -1.1811 4.4376, -5.1758 -1.2691 4.343, -5.1735 -1.3595 4.2453, -5.1487 -1.4464 4.1511, -5.1032 -1.5237 4.0666, -5.0408 -1.5867 3.9973, -4.9698 -1.6301 3.9491, -4.9025 -1.6532 3.9232, -4.8386 -1.6622 3.913, -4.7755 -1.6598 3.9158, -4.7103 -1.6451 3.9323, -4.6413 -1.6141 3.9669, -4.5728 -1.5621 4.0245, -4.5177 -1.4936 4.0996, -4.4805 -1.4124 4.188, -4.4646 -1.3236 4.2841, -4.4714 -1.2333 4.3815, -4.5008 -1.1475 4.4738, -5.1587 -1.1838 4.4415, -5.1789 -1.2729 4.3472, -5.1761 -1.3645 4.2499, -5.1505 -1.4522 4.1562, -5.1042 -1.5302 4.0724, -5.0409 -1.5934 4.0039, -4.9694 -1.6367 3.9564, -4.9022 -1.6596 3.9311, -4.8385 -1.6685 3.9211, -4.7757 -1.6661 3.9239, -4.7108 -1.6516 3.94, -4.6415 -1.6208 3.9739, -4.5723 -1.5687 4.0307, -4.5163 -1.4999 4.1051, -4.4783 -1.4179 4.193, -4.4617 -1.3282 4.2886, -4.4682 -1.2367 4.3856, -4.4976 -1.1497 4.4776, -5.1204 -1.1042 4.5302, -5.1625 -1.186 4.4452, -5.1829 -1.2763 4.3511, -5.1799 -1.3691 4.2541, -5.1539 -1.458 4.1607, -5.1068 -1.537 4.0772, -5.0428 -1.6009 4.0092, -4.9705 -1.6446 3.9622, -4.9026 -1.6677 3.9372, -4.8386 -1.6767 3.9274, -4.7755 -1.6742 3.9301, -4.71 -1.6596 3.9459, -4.6401 -1.6285 3.9795, -4.5702 -1.576 4.0358, -4.5134 -1.5063 4.1098, -4.4748 -1.4232 4.1973, -4.4578 -1.3323 4.2926, -4.4643 -1.2395 4.3894, -4.4939 -1.1514 4.4812, -5.1669 -1.1876 4.4485, -5.1877 -1.2791 4.3545, -5.1848 -1.3732 4.2575, -5.1585 -1.4635 4.1642, -5.111 -1.5437 4.0809, -5.0461 -1.6088 4.013, -4.9728 -1.6534 3.9661, -4.904 -1.677 3.9411, -4.8389 -1.6861 3.9313, -4.7747 -1.6836 3.934, -4.7083 -1.6687 3.9498, -4.6373 -1.637 3.9833, -4.5664 -1.5834 4.0395, -4.509 -1.5125 4.1134, -4.47 -1.4282 4.2008, -4.453 -1.3359 4.296, -4.4596 -1.2419 4.3928, -4.4898 -1.1525 4.4845, -5.1717 -1.1886 4.4514, -5.1931 -1.2813 4.3573, -5.1906 -1.3767 4.2602, -5.1644 -1.4684 4.1668, -5.1165 -1.5501 4.0832, -5.0509 -1.6166 4.015, -4.9764 -1.6624 3.9678, -4.906 -1.6868 3.9425, -4.8393 -1.6963 3.9327, -4.7735 -1.6937 3.9354, -4.7055 -1.6783 3.9514, -4.6332 -1.6456 3.9852, -4.5613 -1.5906 4.0417, -4.5033 -1.5183 4.1158, -4.4641 -1.4325 4.2034, -4.4473 -1.3388 4.2988, -4.4544 -1.2436 4.3956, -4.4852 -1.1532 4.4874, -5.1769 -1.1891 4.4539, -5.199 -1.2828 4.3595, -5.1971 -1.3794 4.2621, -5.1711 -1.4725 4.1682, -5.1231 -1.5558 4.0841, -5.0568 -1.6239 4.0151, -4.9808 -1.6712 3.9672, -4.9087 -1.6965 3.9415, -4.8399 -1.7065 3.9313, -4.772 -1.7038 3.9341, -4.702 -1.6876 3.9505, -4.628 -1.6537 3.9849, -4.555 -1.5973 4.0421, -4.4966 -1.5233 4.1169, -4.4574 -1.436 4.205, -4.441 -1.341 4.3008, -4.4488 -1.2446 4.3979, -4.4804 -1.1532 4.4899, -4.5338 -1.0729 4.5707, -4.5649 -1.0423 4.6009, -5.1823 -1.1889 4.4558, -5.2053 -1.2835 4.361, -5.204 -1.3813 4.2631, -5.1785 -1.4757 4.1684, -5.1304 -1.5605 4.0834, -5.0634 -1.6303 4.0134, -4.986 -1.6791 3.9644, -4.9118 -1.7055 3.9379, -4.8406 -1.716 3.9274, -4.7702 -1.7131 3.9303, -4.698 -1.6962 3.9472, -4.6222 -1.6611 3.9825, -4.548 -1.6029 4.0409, -4.4892 -1.5274 4.1166, -4.4502 -1.4386 4.2056, -4.4343 -1.3424 4.302, -4.4428 -1.245 4.3996, -4.4754 -1.1527 4.492, -4.5259 -1.0702 4.5751, -4.4703 -1.1517 4.4936, -4.4368 -1.2446 4.4007, -4.4274 -1.343 4.3023, -4.4427 -1.4403 4.205, -4.4814 -1.5303 4.115, -4.5405 -1.6073 4.0379, -4.6159 -1.667 3.9782, -4.6936 -1.7035 3.9418, -4.7683 -1.7211 3.9242, -4.8414 -1.7241 3.9212, -4.9151 -1.7132 3.9321, -4.9915 -1.6857 3.9596, -5.0705 -1.6354 4.0099, -5.1381 -1.564 4.0812, -5.1862 -1.4778 4.1675, -5.2112 -1.3822 4.2631, -5.2117 -1.2835 4.3618, -5.1878 -1.1881 4.4572, -5.1413 -1.1022 4.5431, -4.7302 -0.6507 4.5771, -4.7292 -0.6469 4.5866, -4.7276 -0.6408 4.5948, -4.7255 -0.633 4.601, -4.723 -0.6238 4.605, -4.7204 -0.614 4.6063, -4.6824 -0.6705 4.5771, -4.6804 -0.6671 4.5866, -4.6773 -0.6617 4.5948, -4.6732 -0.6546 4.601, -4.6685 -0.6464 4.605, -4.6634 -0.6376 4.6063, -4.6414 -0.702 4.5771, -4.6386 -0.6992 4.5866, -4.6342 -0.6948 4.5948, -4.6284 -0.689 4.601, -4.6217 -0.6823 4.605, -4.6145 -0.6751 4.6063, -4.6099 -0.743 4.5771, -4.6065 -0.7411 4.5866, -4.601 -0.7379 4.5948, -4.594 -0.7339 4.601, -4.5858 -0.7291 4.605, -4.5769 -0.724 4.6063, -4.5901 -0.7908 4.5771, -4.5863 -0.7898 4.5866, -4.5802 -0.7882 4.5948, -4.5724 -0.7861 4.601, -4.5632 -0.7836 4.605, -4.5533 -0.781 4.6063, -4.5833 -0.8421 4.5771, -4.5794 -0.8421 4.5866, -4.5731 -0.8421 4.5948, -4.565 -0.8421 4.601, -4.5555 -0.8421 4.605, -4.5453 -0.8421 4.6063, -4.5453 -1.039 4.6063, -4.5503 -1.0393 4.606, -6.1004 1.9039 0.0394, -6.1004 1.5038 0.0394, -6.1004 1.5038 0.1705, -6.1004 -2.5292 0.0394, -6.1004 -2.8599 0.0394, -6.1004 -2.5292 0.1705, -6.1004 -2.8599 2.7854, -6.1004 1.9039 3.7757, -6.1004 1.9039 2.2965, -6.1004 1.832 2.2246, -6.1004 -1.039 4.6063, -6.1004 1.5038 4.6063, -6.1004 1.832 1.6716, -6.1004 1.9039 1.5996, -0.0965 0.108 5.4724, -0.2502 -0.0998 5.4724, -0.0965 -0.0998 5.4724, -0.0965 1.1811 4.394, -1.2776 1.1811 4.394, -0.0965 0.8827 4.394, -1.2776 0.8827 4.394, -1.2776 -0.3313 4.394, -0.0965 -0.3313 4.394, -1.2776 -0.2287 4.394, -0.0965 -0.2287 4.394, -0.0965 0.8827 4.6063, -0.0965 1.405 4.6063, -0.0965 -0.2287 4.6063, -0.0965 -0.3313 4.6063, -1.2776 1.405 4.6063, -1.2776 0.8827 4.6063, -1.2776 -0.3313 4.6063, -1.2776 -0.2287 4.6063, 0.002 -0.1476 4.6063, 0.002 1.5038 4.6063, 0.002 -1.039 4.6063, -1.376 -0.1476 4.6063, -1.376 -1.039 4.6063, -0.9626 -1.039 4.6063, -0.9626 -0.8421 4.6063, -1.376 1.5038 4.6063, -0.8934 -0.6751 4.6063, -0.8445 -0.6376 4.6063, -0.5865 -0.614 4.6063, -0.5295 -0.6376 4.6063, -0.4806 -0.6751 4.6063, -0.931 -0.724 4.6063, -0.4431 -0.724 4.6063, -0.4195 -0.781 4.6063, -0.4114 -0.8421 4.6063, -0.4114 -1.039 4.6063, -0.9546 -0.781 4.6063, -0.7875 -0.614 4.6063, -0.7264 -0.6059 4.6063, -0.6477 -0.6059 4.6063, -1.376 1.9039 3.7757, 0.002 1.9039 3.7757, 0.002 1.9039 2.2965, -1.376 1.9039 2.2965, 0.002 1.9039 2.6331, -1.376 1.9039 2.6331, -1.376 1.832 2.2246, 0.002 1.832 2.2246, -1.376 1.832 1.6716, 0.002 1.832 1.6716, -1.376 1.9039 1.5996, 0.002 1.9039 1.5996, -1.376 1.9039 0.0394, 0.002 1.9039 0.0394, -1.376 1.5038 0.0394, 0.002 1.5038 0.0394, -1.376 1.5038 0.1705, 0.002 1.5038 0.1705, 0.002 -2.5292 0.1705, -1.376 -2.5292 0.1705, 0.002 -0.1476 0.1705, -1.376 -0.1476 0.1705, -1.376 -2.5292 0.0394, 0.002 -2.5292 0.0394, -1.376 -2.8599 0.0394, 0.002 -2.8599 0.0394, 0.002 -2.8599 2.7854, -1.376 -2.8599 2.7854, 0.002 -2.8599 2.6331, -1.376 -2.8599 2.6331, -0.7111 -1.7239 3.9214, -0.6381 -1.7216 3.9237, -0.4104 -1.6111 4.0342, -0.4859 -1.6694 3.9759, -0.5635 -1.7048 3.9405, -0.785 -1.7122 3.933, -0.8615 -1.6838 3.9614, -0.9405 -1.6321 4.0131, -1.0534 -1.1868 4.4585, -1.007 -1.1016 4.5437, -0.4165 -1.0393 4.606, -0.4215 -1.0403 4.605, -0.3856 -1.0776 4.5676, -1.0776 -1.2814 4.3639, -0.9526 -1.0403 4.605, -0.9539 -1.04 4.6053, -0.3324 -1.1598 4.4854, -0.3011 -1.2528 4.3925, -0.9582 -1.0392 4.6061, -1.0069 -1.5605 4.0848, -1.0536 -1.4744 4.1709, -1.0777 -1.3793 4.2659, -0.2938 -1.3506 4.2947, -0.3108 -1.4468 4.1984, -0.3507 -1.5355 4.1098, -1.376 -1.9472 2.8667, -1.376 -1.9393 2.9271, -1.376 -0.1476 2.6331, -1.376 -1.9472 2.9876, -1.376 -2.3381 2.762, -1.376 -2.2897 2.7248, -1.376 -1.9706 3.0439, -1.376 -2.0077 3.0923, -1.376 -2.0561 3.1294, -1.376 -2.3985 2.9876, -1.376 -2.4065 2.9271, -1.376 -2.3985 2.8667, -1.376 -2.3752 2.8103, -1.376 -2.1124 3.1528, -1.376 -2.1729 3.1607, -1.376 -2.2333 3.1528, -1.376 -2.0561 2.7248, -1.376 -2.0077 2.762, -1.376 -1.9706 2.8103, -1.376 -2.2897 3.1294, -1.376 -2.3381 3.0923, -1.376 -2.3752 3.0439, -1.376 -2.2333 2.7015, -1.376 -2.1729 2.6935, -1.376 -2.1124 2.7015, -1.376 -2.2595 0.5291, -1.376 -2.2256 0.5734, -1.376 -2.5957 0.5734, -1.376 -2.617 0.6249, -1.376 -2.6243 0.6802, -1.376 -2.617 0.7355, -1.376 -2.5617 0.5291, -1.376 -2.5174 0.4952, -1.376 -2.4659 0.4738, -1.376 -2.4106 0.4665, -1.376 -2.3553 0.4738, -1.376 -2.3038 0.4952, -1.376 -1.4157 1.7991, -1.376 -1.4618 1.8591, -1.376 -2.2042 0.7355, -1.376 -2.1969 0.6802, -1.376 -2.2042 0.6249, -1.376 -2.4659 0.8866, -1.376 -2.5174 0.8652, -1.376 -2.2595 0.8313, -1.376 -2.3038 0.8652, -1.376 -1.8717 1.4491, -1.376 -1.7418 1.9341, -1.376 -1.8117 1.9052, -1.376 -1.8717 1.8591, -1.376 -1.9178 1.7991, -1.376 -1.9468 1.7292, -1.376 -1.9566 1.6541, -1.376 -2.5617 0.8313, -1.376 -2.5957 0.787, -1.376 -1.5917 1.3741, -1.376 -1.6667 1.3642, -1.376 -2.2256 0.787, -1.376 -1.7418 1.3741, -1.376 -1.8117 1.4031, -1.376 -1.5218 1.9052, -1.376 -1.5917 1.9341, -1.376 -1.6667 1.944, -1.376 -2.3553 0.8866, -1.376 -2.4106 0.8939, -1.376 -1.9178 1.5092, -1.376 -1.9468 1.5791, -1.376 -1.5218 1.4031, -1.376 -1.4618 1.4491, -1.376 -1.4157 1.5092, -1.376 -1.3867 1.5791, -1.376 -1.3768 1.6541, -1.376 -1.3867 1.7292, -1.376 1.5117 2.5012, -1.376 1.4612 2.5399, -1.376 1.583 2.329, -1.376 1.5747 2.392, -1.376 1.5504 2.4508, -1.376 1.4612 2.118, -1.376 1.5117 2.1567, -1.376 1.5504 2.2072, -1.376 1.5747 2.2659, -1.376 1.2176 2.5399, -1.376 1.1672 2.5012, -1.376 1.1285 2.4508, -1.376 1.1041 2.392, -1.376 1.1672 2.1567, -1.376 1.2176 2.118, -1.376 1.4025 2.5643, -1.376 1.3394 2.5726, -1.376 1.2764 2.5643, -1.376 1.0958 2.329, -1.376 1.1041 2.2659, -1.376 1.1285 2.2072, -1.376 1.2764 2.0937, -1.376 1.3394 2.0854, -1.376 1.4025 2.0937, -1.376 1.0904 3.3666, -1.376 1.1162 3.3044, -1.376 1.1571 3.251, -1.376 1.1571 3.6156, -1.376 1.1162 3.5622, -1.376 1.0904 3.5, -1.376 1.0816 3.4333, -1.376 1.4061 3.1843, -1.376 1.4683 3.21, -1.376 1.5217 3.251, -1.376 1.5884 3.5, -1.376 1.5627 3.5622, -1.376 1.5217 3.6156, -1.376 1.4683 3.6565, -1.376 1.4061 3.6823, -1.376 1.3394 3.6911, -1.376 1.2727 3.6823, -1.376 1.2105 3.6565, -1.376 1.2105 3.21, -1.376 1.2727 3.1843, -1.376 1.3394 3.1755, -1.376 1.5627 3.3044, -1.376 1.5884 3.3666, -1.376 1.5972 3.4333, 0.002 1.5627 3.3044, 0.002 1.5217 3.251, 0.002 1.0816 3.4333, 0.002 1.0904 3.5, 0.002 1.1162 3.5622, 0.002 1.3394 3.6911, 0.002 1.4061 3.6823, 0.002 1.4683 3.6565, 0.002 1.5217 3.6156, 0.002 1.5627 3.5622, 0.002 1.5884 3.5, 0.002 1.5972 3.4333, 0.002 1.5884 3.3666, 0.002 1.1571 3.251, 0.002 1.1162 3.3044, 0.002 -0.1476 2.6331, 0.002 1.0904 3.3666, 0.002 1.4683 3.21, 0.002 1.4061 3.1843, 0.002 1.3394 3.1755, 0.002 1.1571 3.6156, 0.002 1.2105 3.6565, 0.002 1.2727 3.6823, 0.002 1.2727 3.1843, 0.002 1.2105 3.21, 0.002 1.4025 2.5643, 0.002 1.4612 2.5399, 0.002 1.5117 2.5012, 0.002 1.5117 2.1567, 0.002 1.4612 2.118, 0.002 1.3394 2.5726, 0.002 1.5504 2.4508, 0.002 1.5747 2.392, 0.002 1.583 2.329, 0.002 1.5747 2.2659, 0.002 1.5504 2.2072, 0.002 1.3394 2.0854, 0.002 1.2764 2.0937, 0.002 1.4025 2.0937, 0.002 1.2176 2.118, 0.002 1.1672 2.1567, 0.002 1.1285 2.2072, 0.002 1.1041 2.2659, 0.002 1.0958 2.329, 0.002 1.1041 2.392, 0.002 1.1285 2.4508, 0.002 1.1672 2.5012, 0.002 1.2176 2.5399, 0.002 1.2764 2.5643, 0.002 -2.2042 0.7355, 0.002 -2.1969 0.6802, 0.002 -2.2042 0.6249, 0.002 -2.2256 0.5734, 0.002 -2.4659 0.8866, 0.002 -2.4106 0.8939, 0.002 -1.8717 1.4491, 0.002 -1.8717 1.8591, 0.002 -1.8117 1.9052, 0.002 -2.2595 0.5291, 0.002 -2.3038 0.4952, 0.002 -2.3553 0.4738, 0.002 -2.4106 0.4665, 0.002 -2.4659 0.4738, 0.002 -2.5174 0.4952, 0.002 -2.5617 0.5291, 0.002 -2.5957 0.5734, 0.002 -2.617 0.6249, 0.002 -2.6243 0.6802, 0.002 -1.5917 1.3741, 0.002 -1.6667 1.3642, 0.002 -2.3553 0.8866, 0.002 -2.3038 0.8652, 0.002 -1.8117 1.4031, 0.002 -2.2595 0.8313, 0.002 -1.7418 1.3741, 0.002 -1.3867 1.5791, 0.002 -1.4157 1.5092, 0.002 -1.4618 1.4491, 0.002 -1.5218 1.4031, 0.002 -1.9178 1.5092, 0.002 -2.5617 0.8313, 0.002 -2.5174 0.8652, 0.002 -2.617 0.7355, 0.002 -2.5957 0.787, 0.002 -1.9178 1.7991, 0.002 -1.5917 1.9341, 0.002 -1.6667 1.944, 0.002 -1.7418 1.9341, 0.002 -1.5218 1.9052, 0.002 -1.4618 1.8591, 0.002 -1.4157 1.7991, 0.002 -2.2256 0.787, 0.002 -1.9468 1.5791, 0.002 -1.9566 1.6541, 0.002 -1.9468 1.7292, 0.002 -1.3867 1.7292, 0.002 -1.3768 1.6541, 0.002 -1.9472 2.9876, 0.002 -1.9393 2.9271, 0.002 -1.9472 2.8667, 0.002 -1.9706 3.0439, 0.002 -2.4065 2.9271, 0.002 -2.3985 2.9876, 0.002 -2.0561 3.1294, 0.002 -2.0077 3.0923, 0.002 -2.2897 2.7248, 0.002 -2.3381 2.762, 0.002 -2.3752 2.8103, 0.002 -2.3985 2.8667, 0.002 -2.2333 3.1528, 0.002 -2.1729 3.1607, 0.002 -2.1124 3.1528, 0.002 -1.9706 2.8103, 0.002 -2.0077 2.762, 0.002 -2.0561 2.7248, 0.002 -2.3752 3.0439, 0.002 -2.3381 3.0923, 0.002 -2.2897 3.1294, 0.002 -2.1124 2.7015, 0.002 -2.1729 2.6935, 0.002 -2.2333 2.7015, -1.2776 0.8827 5.0536, -1.2776 1.0277 5.0536, -0.0965 0.8827 5.0536, -0.0965 1.0277 5.0536, -0.0965 -0.2287 4.7669, -1.2776 -0.2287 4.7669, -1.2776 -0.0998 4.7669, -0.0965 -0.0998 4.7669, -0.2502 -0.0998 5.2756, -0.7392 -0.0998 5.4724, -1.2776 -0.0998 5.4724, -0.7392 -0.0998 5.2756, -1.2776 0.8827 5.4724, -0.0965 0.769 5.4724, -0.0965 0.8827 5.4724, -1.2776 1.0277 5.2598, -0.0965 1.0277 5.2598, -0.0965 0.108 5.2756, -0.0965 0.769 5.2756, -1.4941 1.2727 3.6823, -1.4941 1.2105 3.6565, -1.4941 1.1571 3.6156, -1.4941 1.1162 3.5622, -1.4941 1.0904 3.5, -1.4941 1.0816 3.4333, -1.4941 1.0904 3.3666, -1.4941 1.1162 3.3044, -1.4941 1.1571 3.251, -1.4941 1.2105 3.21, -1.4941 1.2727 3.1843, -1.4941 1.3394 3.1755, -1.4941 1.4061 3.1843, -1.4941 1.4683 3.21, -1.4941 1.5217 3.251, -1.4941 1.5627 3.3044, -1.4941 1.5884 3.3666, -1.4941 1.5972 3.4333, -1.4941 1.5884 3.5, -1.4941 1.5627 3.5622, -1.4941 1.5217 3.6156, -1.4941 1.4683 3.6565, -1.4941 1.4061 3.6823, -1.4941 1.3394 3.6911, -1.4941 1.3394 3.4333, -1.4941 1.2764 2.5643, -1.4941 1.2176 2.5399, -1.4941 1.1672 2.5012, -1.4941 1.1285 2.4508, -1.4941 1.1041 2.392, -1.4941 1.0958 2.329, -1.4941 1.1041 2.2659, -1.4941 1.1285 2.2072, -1.4941 1.1672 2.1567, -1.4941 1.2176 2.118, -1.4941 1.2764 2.0937, -1.4941 1.3394 2.0854, -1.4941 1.4025 2.0937, -1.4941 1.4612 2.118, -1.4941 1.5117 2.1567, -1.4941 1.5504 2.2072, -1.4941 1.5747 2.2659, -1.4941 1.583 2.329, -1.4941 1.5747 2.392, -1.4941 1.5504 2.4508, -1.4941 1.5117 2.5012, -1.4941 1.4612 2.5399, -1.4941 1.4025 2.5643, -1.4941 1.3394 2.5726, -1.4941 1.3394 2.329, -1.4941 -2.2333 3.1528, -1.4941 -2.2897 3.1294, -1.4941 -2.3381 3.0923, -1.4941 -2.3752 3.0439, -1.4941 -2.3985 2.9876, -1.4941 -2.4065 2.9271, -1.4941 -2.3985 2.8667, -1.4941 -2.3752 2.8103, -1.4941 -2.3381 2.762, -1.4941 -2.2897 2.7248, -1.4941 -2.2333 2.7015, -1.4941 -2.1729 2.6935, -1.4941 -2.1124 2.7015, -1.4941 -2.0561 2.7248, -1.4941 -2.0077 2.762, -1.4941 -1.9706 2.8103, -1.4941 -1.9472 2.8667, -1.4941 -1.9393 2.9271, -1.4941 -1.9472 2.9876, -1.4941 -1.9706 3.0439, -1.4941 -2.0077 3.0923, -1.4941 -2.0561 3.1294, -1.4941 -2.1124 3.1528, -1.4941 -2.1729 3.1607, -1.4941 -2.1729 2.9271, -1.4941 -2.4659 0.8866, -1.4941 -2.5174 0.8652, -1.4941 -2.5617 0.8313, -1.4941 -2.5957 0.787, -1.4941 -2.617 0.7355, -1.4941 -2.6243 0.6802, -1.4941 -2.617 0.6249, -1.4941 -2.5957 0.5734, -1.4941 -2.5617 0.5291, -1.4941 -2.5174 0.4952, -1.4941 -2.4659 0.4738, -1.4941 -2.4106 0.4665, -1.4941 -2.3553 0.4738, -1.4941 -2.3038 0.4952, -1.4941 -2.2595 0.5291, -1.4941 -2.2256 0.5734, -1.4941 -2.2042 0.6249, -1.4941 -2.1969 0.6802, -1.4941 -2.2042 0.7355, -1.4941 -2.2256 0.787, -1.4941 -2.2595 0.8313, -1.4941 -2.3038 0.8652, -1.4941 -2.3553 0.8866, -1.4941 -2.4106 0.8939, -1.4941 -2.4106 0.6802, -1.4941 -1.7418 1.9341, -1.4941 -1.8117 1.9052, -1.4941 -1.8717 1.8591, -1.4941 -1.9178 1.7991, -1.4941 -1.9468 1.7292, -1.4941 -1.9566 1.6541, -1.4941 -1.9468 1.5791, -1.4941 -1.9178 1.5092, -1.4941 -1.8717 1.4491, -1.4941 -1.8117 1.4031, -1.4941 -1.7418 1.3741, -1.4941 -1.6667 1.3642, -1.4941 -1.5917 1.3741, -1.4941 -1.5218 1.4031, -1.4941 -1.4618 1.4491, -1.4941 -1.4157 1.5092, -1.4941 -1.3867 1.5791, -1.4941 -1.3768 1.6541, -1.4941 -1.3867 1.7292, -1.4941 -1.4157 1.7991, -1.4941 -1.4618 1.8591, -1.4941 -1.5218 1.9052, -1.4941 -1.5917 1.9341, -1.4941 -1.6667 1.944, -1.4941 -1.6667 1.6541, -0.1162 -2.1729 3.1607, -0.1162 -2.2333 3.1528, -0.1162 -2.2897 3.1294, -0.1162 -2.3381 3.0923, -0.1162 -2.3752 3.0439, -0.1162 -2.3985 2.9876, -0.1162 -2.4065 2.9271, -0.1162 -2.3985 2.8667, -0.1162 -2.3752 2.8103, -0.1162 -2.3381 2.762, -0.1162 -2.2897 2.7248, -0.1162 -2.2333 2.7015, -0.1162 -2.1729 2.6935, -0.1162 -2.1124 2.7015, -0.1162 -2.0561 2.7248, -0.1162 -2.0077 2.762, -0.1162 -1.9706 2.8103, -0.1162 -1.9472 2.8667, -0.1162 -1.9393 2.9271, -0.1162 -1.9472 2.9876, -0.1162 -1.9706 3.0439, -0.1162 -2.0077 3.0923, -0.1162 -2.0561 3.1294, -0.1162 -2.1124 3.1528, -0.1162 -2.1729 2.9271, -0.1162 -1.6667 1.944, -0.1162 -1.7418 1.9341, -0.1162 -1.8117 1.9052, -0.1162 -1.8717 1.8591, -0.1162 -1.9178 1.7991, -0.1162 -1.9468 1.7292, -0.1162 -1.9566 1.6541, -0.1162 -1.9468 1.5791, -0.1162 -1.9178 1.5092, -0.1162 -1.8717 1.4491, -0.1162 -1.8117 1.4031, -0.1162 -1.7418 1.3741, -0.1162 -1.6667 1.3642, -0.1162 -1.5917 1.3741, -0.1162 -1.5218 1.4031, -0.1162 -1.4618 1.4491, -0.1162 -1.4157 1.5092, -0.1162 -1.3867 1.5791, -0.1162 -1.3768 1.6541, -0.1162 -1.3867 1.7292, -0.1162 -1.4157 1.7991, -0.1162 -1.4618 1.8591, -0.1162 -1.5218 1.9052, -0.1162 -1.5917 1.9341, -0.1162 -1.6667 1.6541, -0.1162 1.3394 3.6911, -0.1162 1.2727 3.6823, -0.1162 1.2105 3.6565, -0.1162 1.1571 3.6156, -0.1162 1.1162 3.5622, -0.1162 1.0904 3.5, -0.1162 1.0816 3.4333, -0.1162 1.0904 3.3666, -0.1162 1.1162 3.3044, -0.1162 1.1571 3.251, -0.1162 1.2105 3.21, -0.1162 1.2727 3.1843, -0.1162 1.3394 3.1755, -0.1162 1.4061 3.1843, -0.1162 1.4683 3.21, -0.1162 1.5217 3.251, -0.1162 1.5627 3.3044, -0.1162 1.5884 3.3666, -0.1162 1.5972 3.4333, -0.1162 1.5884 3.5, -0.1162 1.5627 3.5622, -0.1162 1.5217 3.6156, -0.1162 1.4683 3.6565, -0.1162 1.4061 3.6823, -0.1162 1.3394 3.4333, -0.1162 1.3394 2.5726, -0.1162 1.2764 2.5643, -0.1162 1.2176 2.5399, -0.1162 1.1672 2.5012, -0.1162 1.1285 2.4508, -0.1162 1.1041 2.392, -0.1162 1.0958 2.329, -0.1162 1.1041 2.2659, -0.1162 1.1285 2.2072, -0.1162 1.1672 2.1567, -0.1162 1.2176 2.118, -0.1162 1.2764 2.0937, -0.1162 1.3394 2.0854, -0.1162 1.4025 2.0937, -0.1162 1.4612 2.118, -0.1162 1.5117 2.1567, -0.1162 1.5504 2.2072, -0.1162 1.5747 2.2659, -0.1162 1.583 2.329, -0.1162 1.5747 2.392, -0.1162 1.5504 2.4508, -0.1162 1.5117 2.5012, -0.1162 1.4612 2.5399, -0.1162 1.4025 2.5643, -0.1162 1.3394 2.329, -0.1162 -2.4106 0.8939, -0.1162 -2.4659 0.8866, -0.1162 -2.5174 0.8652, -0.1162 -2.5617 0.8313, -0.1162 -2.5957 0.787, -0.1162 -2.617 0.7355, -0.1162 -2.6243 0.6802, -0.1162 -2.617 0.6249, -0.1162 -2.5957 0.5734, -0.1162 -2.5617 0.5291, -0.1162 -2.5174 0.4952, -0.1162 -2.4659 0.4738, -0.1162 -2.4106 0.4665, -0.1162 -2.3553 0.4738, -0.1162 -2.3038 0.4952, -0.1162 -2.2595 0.5291, -0.1162 -2.2256 0.5734, -0.1162 -2.2042 0.6249, -0.1162 -2.1969 0.6802, -0.1162 -2.2042 0.7355, -0.1162 -2.2256 0.787, -0.1162 -2.2595 0.8313, -0.1162 -2.3038 0.8652, -0.1162 -2.3553 0.8866, -0.1162 -2.4106 0.6802, -0.9232 -1.039 4.5669, -0.9232 -1.039 2.6378, -0.9232 -0.8421 4.5669, -0.9232 -0.8421 2.6378, -0.7264 -0.6453 4.5669, -0.7264 -0.6453 2.6378, -0.6477 -0.6453 4.5669, -0.6477 -0.6453 2.6378, -0.4508 -0.8421 4.5669, -0.4508 -0.8421 2.6378, -0.4508 -1.039 4.5669, -0.4508 -1.039 2.6378, -0.962 -1.5265 2.6378, -0.8971 -1.5884 2.6378, -0.5553 -1.632 2.6378, -0.9165 -0.7912 2.6378, -1.0093 -1.4503 2.6378, -0.4769 -1.5884 2.6378, -0.412 -1.5265 2.6378, -0.982 -1.1068 2.6378, -1.0219 -1.1872 2.6378, -1.0402 -1.275 2.6378, -0.392 -1.1068 2.6378, -1.036 -1.3646 2.6378, -0.3522 -1.1872 2.6378, -0.3338 -1.275 2.6378, -0.7773 -0.652 2.6378, -0.8248 -0.6717 2.6378, -0.8656 -0.7029 2.6378, -0.8187 -1.632 2.6378, -0.7319 -1.6546 2.6378, -0.6422 -1.6546 2.6378, -0.3647 -1.4503 2.6378, -0.3381 -1.3646 2.6378, -0.4575 -0.7912 2.6378, -0.8969 -0.7437 2.6378, -0.4772 -0.7437 2.6378, -0.5085 -0.7029 2.6378, -0.5492 -0.6717 2.6378, -0.5967 -0.652 2.6378, -0.975 -1.0967 4.5159, -0.9235 -1.0392 4.5714, -0.9244 -1.04 4.5757, -0.9249 -1.0405 4.5783, -0.3943 -1.1083 4.503, -0.4157 -1.0751 4.5398, -0.4491 -1.0405 4.5783, -0.4495 -1.0402 4.5771, -0.4505 -1.0393 4.5721, -0.3366 -1.2752 4.3175, -0.3397 -1.2328 4.3646, -0.3548 -1.188 4.4144, -0.3679 -1.1491 4.4576, -0.3672 -1.4491 4.1242, -0.3484 -1.4074 4.1706, -0.3408 -1.3641 4.2187, -0.3331 -1.3208 4.2669, -0.4785 -1.5864 3.9717, -0.4381 -1.5553 4.0063, -0.4141 -1.5249 4.0401, -0.3843 -1.4872 4.0819, -0.6422 -1.6545 3.8961, -0.5759 -1.6395 3.9127, -0.556 -1.6305 3.9227, -0.506 -1.6077 3.9481, -0.7087 -1.6567 3.8936, -0.643 -1.6547 3.8959, -0.7752 -1.6463 3.9052, -0.7317 -1.6531 3.8976, -0.8441 -1.6207 3.9336, -0.8181 -1.6303 3.9229, -0.9152 -1.5742 3.9853, -0.896 -1.5867 3.9714, -0.9749 -1.5097 4.0569, -0.9606 -1.5252 4.0398, -1.017 -1.4322 4.143, -1.0077 -1.4494 4.124, -1.0387 -1.3467 4.2381, -1.0342 -1.3642 4.2187, -1.0385 -1.2585 4.3361, -1.0386 -1.275 4.3177, -0.9809 -1.1074 4.5039, -1.0167 -1.1733 4.4307, -1.0204 -1.1876 4.4149, -0.9165 -0.7912 4.5669, -0.8969 -0.7437 4.5669, -0.8656 -0.7029 4.5669, -0.8248 -0.6717 4.5669, -0.7773 -0.652 4.5669, -0.5967 -0.652 4.5669, -0.5492 -0.6717 4.5669, -0.5085 -0.7029 4.5669, -0.4772 -0.7437 4.5669, -0.4575 -0.7912 4.5669, -0.9539 -0.8421 4.6053, -0.9461 -0.7833 4.6053, -0.7776 -0.651 4.5757, -0.7264 -0.6443 4.5757, -0.7264 -0.6438 4.5771, -0.7784 -0.6482 4.584, -0.7264 -0.6414 4.584, -0.7264 -0.6398 4.5865, -0.7796 -0.6437 4.5915, -0.7264 -0.6367 4.5915, -0.7264 -0.6336 4.5946, -0.7812 -0.6377 4.5977, -0.9242 -0.8421 4.5757, -0.9175 -0.7909 4.5757, -0.9271 -0.8421 4.584, -0.9203 -0.7902 4.584, -0.9318 -0.8421 4.5915, -0.9248 -0.789 4.5915, -0.9381 -0.8421 4.5977, -0.9309 -0.7873 4.5977, -0.9455 -0.8421 4.6024, -0.9381 -0.7854 4.6024, -0.8977 -0.7432 4.5757, -0.9002 -0.7418 4.584, -0.9043 -0.7394 4.5915, -0.9097 -0.7363 4.5977, -0.9162 -0.7326 4.6024, -0.8663 -0.7022 4.5757, -0.8683 -0.7002 4.584, -0.8717 -0.6969 4.5915, -0.8761 -0.6925 4.5977, -0.8813 -0.6872 4.6024, -0.8253 -0.6708 4.5757, -0.8268 -0.6683 4.584, -0.8291 -0.6642 4.5915, -0.8322 -0.6588 4.5977, -0.836 -0.6524 4.6024, -0.7831 -0.6305 4.6024, -0.7264 -0.6305 4.5977, -0.7264 -0.6255 4.6008, -0.7264 -0.623 4.6024, -0.7264 -0.6161 4.6048, -0.9234 -0.7284 4.6053, -0.8872 -0.6813 4.6053, -0.8401 -0.6451 4.6053, -0.7853 -0.6224 4.6053, -0.7264 -0.6147 4.6053, -0.9381 -1.0429 4.5977, -0.9381 -1.0429 4.5977, -0.9266 -1.0414 4.5824, -0.9309 -1.0427 4.5901, -0.93 -1.0427 4.5889, -0.9282 -1.0422 4.586, -0.9273 -1.0418 4.5839, -0.9353 -1.043 4.5952, -0.9338 -1.0429 4.5935, -0.932 -1.0428 4.5913, -0.9481 -1.0414 4.6035, -0.9455 -1.0419 4.6024, -0.9452 -1.0419 4.6023, -0.9405 -1.0426 4.5993, -0.9483 -1.0413 4.6036, -0.6477 -0.6439 4.5771, -0.6477 -0.64 4.5866, -0.6477 -0.6337 4.5948, -0.6477 -0.6256 4.601, -0.6477 -0.6161 4.605, -0.4477 -1.0415 4.5822, -0.4111 -1.0788 4.5474, -0.4454 -1.0422 4.5863, -0.4476 -1.0415 4.5825, -0.4082 -1.08 4.551, -0.4437 -1.0427 4.5894, -0.4453 -1.0422 4.5865, -0.405 -1.0808 4.5545, -0.4403 -1.0429 4.5935, -0.4417 -1.043 4.5922, -0.4015 -1.0811 4.5577, -0.4371 -1.0429 4.5966, -0.4391 -1.0429 4.5946, -0.3977 -1.0809 4.5607, -0.4325 -1.0425 4.6002, -0.4357 -1.0429 4.5979, -0.4216 -1.0403 4.605, -0.4247 -1.0411 4.604, -0.3897 -1.0792 4.5657, -0.4257 -1.0413 4.6035, -0.4297 -1.042 4.6015, -1.0026 -1.1029 4.5419, -0.9939 -1.1043 4.537, -0.9899 -1.1042 4.534, -0.9861 -1.1036 4.5308, -0.9827 -1.1025 4.5273, -0.9797 -1.101 4.5236, -0.9771 -1.099 4.5197, -0.3384 -1.237 4.3691, -0.366 -1.1523 4.4617, -0.4137 -1.0772 4.5436, -0.3492 -1.4128 4.1762, -0.3328 -1.3257 4.2718, -0.4411 -1.5597 4.0138, -0.3864 -1.4924 4.0884, -0.5092 -1.611 3.9566, -0.5783 -1.6417 3.9222, -0.6441 -1.6561 3.9059, -0.7082 -1.6581 3.9037, -0.7731 -1.6481 3.915, -0.8411 -1.6236 3.9425, -0.912 -1.5783 3.9931, -0.9725 -1.5147 4.0637, -1.0387 -1.3518 4.2432, -1.0158 -1.4376 4.1488, -1.0186 -1.1768 4.4348, -1.0396 -1.2629 4.3407, -1.0211 -1.1799 4.4389, -1.0418 -1.2671 4.3451, -1.0401 -1.3569 4.2482, -1.0161 -1.4433 4.1544, -0.9718 -1.5206 4.07, -0.9105 -1.5838 4.0005, -0.8393 -1.6285 3.9509, -0.7719 -1.6524 3.9241, -0.7079 -1.6621 3.9132, -0.6448 -1.6602 3.9153, -0.5798 -1.6462 3.9311, -0.5109 -1.6161 3.9647, -0.4424 -1.5654 4.0208, -0.3868 -1.4983 4.0945, -0.3486 -1.4183 4.1816, -0.3311 -1.3306 4.2766, -0.3361 -1.2408 4.3734, -0.3634 -1.155 4.4657, -1.0243 -1.1825 4.4429, -1.0449 -1.2709 4.3493, -1.0427 -1.3618 4.2528, -1.018 -1.4491 4.1595, -0.9728 -1.5271 4.0758, -0.9107 -1.5905 4.007, -0.839 -1.6351 3.9582, -0.7715 -1.6588 3.9319, -0.7077 -1.6683 3.9213, -0.645 -1.6665 3.9234, -0.5802 -1.6526 3.9388, -0.5112 -1.6228 3.9717, -0.442 -1.5721 4.0271, -0.3855 -1.5046 4.1, -0.3464 -1.4239 4.1865, -0.3283 -1.3352 4.2811, -0.3329 -1.2443 4.3775, -0.3602 -1.1573 4.4695, -1.0282 -1.1847 4.4465, -1.0488 -1.2743 4.3532, -1.0465 -1.3664 4.2569, -1.0214 -1.4549 4.164, -0.9754 -1.5338 4.0806, -0.9125 -1.598 4.0123, -0.8401 -1.643 3.964, -0.772 -1.6669 3.938, -0.7079 -1.6765 3.9276, -0.6447 -1.6746 3.9296, -0.5795 -1.6607 3.9448, -0.5098 -1.6306 3.9773, -0.4399 -1.5793 4.0322, -0.3826 -1.511 4.1047, -0.3429 -1.4294 4.1908, -0.3244 -1.3394 4.2851, -0.329 -1.2473 4.3813, -0.3564 -1.1591 4.4731, -1.0325 -1.1863 4.4498, -1.0536 -1.2771 4.3566, -1.0514 -1.3705 4.2604, -1.0261 -1.4603 4.1675, -0.9796 -1.5405 4.0843, -0.916 -1.6059 4.016, -0.8425 -1.6517 3.9678, -0.7734 -1.6762 3.9419, -0.7082 -1.686 3.9315, -0.6441 -1.684 3.9336, -0.5778 -1.6698 3.9487, -0.5071 -1.6391 3.9812, -0.4361 -1.5868 4.0359, -0.3782 -1.5174 4.1084, -0.3381 -1.4344 4.1944, -0.3196 -1.3431 4.2886, -0.3243 -1.2497 4.3847, -0.3522 -1.1604 4.4764, -1.0374 -1.1873 4.4527, -1.059 -1.2792 4.3594, -1.0571 -1.3739 4.2631, -1.0319 -1.4651 4.1701, -0.9852 -1.5468 4.0866, -0.9208 -1.6136 4.0181, -0.8461 -1.6607 3.9695, -0.7756 -1.686 3.9434, -0.7087 -1.6961 3.9329, -0.643 -1.6941 3.9349, -0.5751 -1.6794 3.9502, -0.503 -1.6477 3.983, -0.431 -1.5941 4.0381, -0.3725 -1.5232 4.1108, -0.3323 -1.4388 4.197, -0.3139 -1.3462 4.2913, -0.319 -1.2515 4.3876, -0.3476 -1.1611 4.4794, -0.9982 -1.1038 4.5396, -1.0425 -1.1877 4.4552, -1.0649 -1.2807 4.3616, -1.0636 -1.3766 4.265, -1.0386 -1.4692 4.1715, -0.9918 -1.5524 4.0875, -0.9267 -1.6208 4.0182, -0.8507 -1.6694 3.969, -0.7783 -1.6957 3.9423, -0.7094 -1.7063 3.9315, -0.6415 -1.7042 3.9337, -0.5717 -1.6888 3.9493, -0.4979 -1.6559 3.9827, -0.4248 -1.6008 4.0385, -0.3658 -1.5283 4.1118, -0.3256 -1.4424 4.1986, -0.3076 -1.3485 4.2933, -0.3133 -1.2526 4.3899, -0.3427 -1.1612 4.4819, -0.3938 -1.0803 4.5634, -0.4311 -1.0423 4.6009, -1.0479 -1.1876 4.4571, -1.0712 -1.2814 4.3631, -1.0706 -1.3784 4.2659, -1.046 -1.4723 4.1718, -0.9991 -1.5571 4.0869, -0.9334 -1.6271 4.0166, -0.8559 -1.6773 3.9662, -0.7815 -1.7046 3.9388, -0.7103 -1.7158 3.9276, -0.6399 -1.7136 3.9298, -0.5678 -1.6975 3.946, -0.4921 -1.6633 3.9803, -0.4178 -1.6066 4.0372, -0.3584 -1.5325 4.1115, -0.3183 -1.4451 4.1991, -0.3008 -1.3499 4.2944, -0.3073 -1.2531 4.3915, -0.3376 -1.1608 4.4839, -0.5964 -0.6507 4.5771, -0.5953 -0.6469 4.5866, -0.5937 -0.6408 4.5948, -0.5916 -0.633 4.601, -0.5892 -0.6238 4.605, -0.5486 -0.6705 4.5771, -0.5466 -0.6671 4.5866, -0.5435 -0.6617 4.5948, -0.5394 -0.6546 4.601, -0.5346 -0.6464 4.605, -0.5075 -0.702 4.5771, -0.5047 -0.6992 4.5866, -0.5003 -0.6948 4.5948, -0.4945 -0.689 4.601, -0.4878 -0.6823 4.605, -0.476 -0.743 4.5771, -0.4726 -0.7411 4.5866, -0.4672 -0.7379 4.5948, -0.4601 -0.7339 4.601, -0.4519 -0.7291 4.605, -0.4562 -0.7908 4.5771, -0.4524 -0.7898 4.5866, -0.4464 -0.7882 4.5948, -0.4385 -0.7861 4.601, -0.4293 -0.7836 4.605, -0.4495 -0.8421 4.5771, -0.4455 -0.8421 4.5866, -0.4393 -0.8421 4.5948, -0.4311 -0.8421 4.601, -0.4216 -0.8421 4.605
            ]
        }
        coordIndex [
            0,1,2,-1,2,1,3,-1,4,5,6,-1,6,5,7,-1,6,7,0,-1,0,7,1,-1,8,9,10,-1,10,9,11,-1,12,13,14,-1,14,13,15,-1,16,17,18,-1,18,17,19,-1,20,19,9,-1,21,22,23,-1,20,9,24,-1,23,22,9,-1,9,22,25,-1,9,25,26,-1,26,27,9,-1,9,27,28,-1,9,28,24,-1,29,11,13,-1,13,11,9,-1,13,9,15,-1,15,9,19,-1,30,31,32,-1,30,32,13,-1,13,32,33,-1,13,33,29,-1,34,35,36,-1,36,35,37,-1,36,37,38,-1,34,36,23,-1,23,36,39,-1,23,39,40,-1,40,41,23,-1,23,41,42,-1,23,42,21,-1,43,44,45,-1,45,44,46,-1,19,17,15,-1,15,17,46,-1,15,46,47,-1,47,46,44,-1,48,49,21,-1,9,8,50,-1,9,50,23,-1,8,51,50,-1,50,51,52,-1,50,52,53,-1,54,55,56,-1,56,55,57,-1,20,24,58,-1,57,18,56,-1,56,18,19,-1,56,19,59,-1,59,19,20,-1,59,20,60,-1,60,20,58,-1,28,27,61,-1,61,62,28,-1,28,62,63,-1,28,63,24,-1,24,63,64,-1,24,64,58,-1,26,25,65,-1,65,66,26,-1,26,66,67,-1,26,67,27,-1,27,67,68,-1,27,68,61,-1,21,49,22,-1,49,69,22,-1,22,69,70,-1,22,70,25,-1,25,70,71,-1,25,71,65,-1,41,72,42,-1,42,72,73,-1,42,73,21,-1,21,73,74,-1,21,74,48,-1,40,75,41,-1,41,75,76,-1,41,76,72,-1,39,77,40,-1,40,77,78,-1,40,78,75,-1,36,79,39,-1,39,79,80,-1,39,80,77,-1,38,81,36,-1,36,81,82,-1,36,82,79,-1,37,83,38,-1,38,83,84,-1,38,84,81,-1,35,85,37,-1,37,85,86,-1,37,86,83,-1,34,87,35,-1,35,87,88,-1,35,88,85,-1,50,89,23,-1,23,89,90,-1,23,90,34,-1,34,90,91,-1,34,91,87,-1,10,11,92,-1,92,11,29,-1,92,29,93,-1,93,29,33,-1,93,33,94,-1,94,33,32,-1,94,32,95,-1,95,32,31,-1,95,31,96,-1,96,31,30,-1,96,30,12,-1,12,30,13,-1,14,15,97,-1,97,15,47,-1,97,47,98,-1,98,47,44,-1,98,44,99,-1,99,44,43,-1,99,43,100,-1,100,43,45,-1,100,45,101,-1,101,45,46,-1,101,46,16,-1,16,46,17,-1,10,92,102,-1,102,92,103,-1,102,103,104,-1,104,103,105,-1,104,105,106,-1,106,105,107,-1,106,107,108,-1,108,107,109,-1,108,109,110,-1,110,109,111,-1,110,111,112,-1,112,111,113,-1,92,93,103,-1,103,93,114,-1,103,114,105,-1,105,114,115,-1,105,115,107,-1,107,115,116,-1,107,116,109,-1,109,116,117,-1,109,117,111,-1,111,117,118,-1,111,118,113,-1,113,118,119,-1,93,94,114,-1,114,94,120,-1,114,120,115,-1,115,120,121,-1,115,121,116,-1,116,121,122,-1,116,122,117,-1,117,122,123,-1,117,123,118,-1,118,123,124,-1,118,124,119,-1,119,124,125,-1,94,95,120,-1,120,95,126,-1,120,126,121,-1,121,126,127,-1,121,127,122,-1,122,127,128,-1,122,128,123,-1,123,128,129,-1,123,129,124,-1,124,129,130,-1,124,130,125,-1,125,130,131,-1,95,96,126,-1,126,96,132,-1,126,132,127,-1,127,132,133,-1,127,133,128,-1,128,133,134,-1,128,134,129,-1,129,134,135,-1,129,135,130,-1,130,135,136,-1,130,136,131,-1,131,136,137,-1,96,12,132,-1,132,12,138,-1,132,138,133,-1,133,138,139,-1,133,139,134,-1,134,139,140,-1,134,140,135,-1,135,140,141,-1,135,141,136,-1,136,141,142,-1,136,142,137,-1,137,142,143,-1,8,10,51,-1,51,10,102,-1,144,145,104,-1,104,145,53,-1,104,53,102,-1,102,53,52,-1,102,52,51,-1,146,147,106,-1,106,147,148,-1,106,148,104,-1,104,148,149,-1,104,149,144,-1,150,151,106,-1,106,151,152,-1,106,152,146,-1,153,154,108,-1,108,154,155,-1,108,155,106,-1,106,155,156,-1,106,156,150,-1,112,157,110,-1,110,157,158,-1,158,159,110,-1,110,159,160,-1,110,160,108,-1,108,160,161,-1,108,161,153,-1,12,14,162,-1,12,162,138,-1,138,162,163,-1,138,163,139,-1,139,163,164,-1,139,164,140,-1,140,164,165,-1,140,165,141,-1,141,165,166,-1,141,166,142,-1,142,166,167,-1,142,167,143,-1,168,54,56,-1,169,170,171,-1,172,173,174,-1,175,176,177,-1,178,179,180,-1,181,182,183,-1,184,185,186,-1,185,187,186,-1,186,187,188,-1,186,188,189,-1,153,161,190,-1,190,161,160,-1,155,154,191,-1,191,154,153,-1,192,156,155,-1,146,152,193,-1,152,151,193,-1,193,151,150,-1,193,150,156,-1,144,149,194,-1,149,148,194,-1,194,148,147,-1,194,147,146,-1,195,145,144,-1,58,196,197,-1,168,56,198,-1,198,56,59,-1,198,59,197,-1,197,59,60,-1,197,60,58,-1,61,199,200,-1,58,64,196,-1,196,64,63,-1,196,63,200,-1,200,63,62,-1,200,62,61,-1,65,201,202,-1,61,68,199,-1,199,68,67,-1,199,67,202,-1,202,67,66,-1,202,66,65,-1,65,71,201,-1,201,71,70,-1,201,70,203,-1,203,70,69,-1,203,69,204,-1,204,69,49,-1,49,48,204,-1,204,48,74,-1,204,74,205,-1,205,74,73,-1,205,73,206,-1,73,72,206,-1,206,72,76,-1,206,76,207,-1,207,76,75,-1,207,75,208,-1,75,78,208,-1,208,78,77,-1,208,77,209,-1,77,80,209,-1,209,80,79,-1,209,79,210,-1,79,82,210,-1,210,82,81,-1,210,81,211,-1,211,81,84,-1,84,83,211,-1,211,83,86,-1,211,86,212,-1,91,213,214,-1,86,85,212,-1,212,85,88,-1,212,88,214,-1,214,88,87,-1,214,87,91,-1,91,90,213,-1,213,90,89,-1,213,89,195,-1,195,89,50,-1,195,50,145,-1,145,50,53,-1,144,215,195,-1,195,215,216,-1,195,216,213,-1,213,216,217,-1,213,217,214,-1,214,217,218,-1,214,218,212,-1,212,218,219,-1,212,219,211,-1,211,219,220,-1,211,220,210,-1,210,220,221,-1,210,221,209,-1,209,221,222,-1,209,222,208,-1,208,222,223,-1,208,223,207,-1,207,223,224,-1,207,224,206,-1,206,224,225,-1,206,225,205,-1,205,225,226,-1,205,226,204,-1,204,226,227,-1,204,227,203,-1,203,227,228,-1,203,228,201,-1,201,228,229,-1,201,229,202,-1,202,229,230,-1,202,230,199,-1,199,230,231,-1,199,231,200,-1,200,231,232,-1,200,232,196,-1,196,232,233,-1,196,233,197,-1,197,233,169,-1,197,169,198,-1,198,169,171,-1,198,171,168,-1,144,194,215,-1,215,194,234,-1,215,234,216,-1,216,234,235,-1,216,235,217,-1,217,235,236,-1,217,236,218,-1,218,236,237,-1,218,237,219,-1,219,237,238,-1,219,238,220,-1,220,238,239,-1,220,239,221,-1,221,239,240,-1,221,240,222,-1,222,240,241,-1,222,241,223,-1,223,241,242,-1,223,242,224,-1,224,242,243,-1,224,243,225,-1,225,243,244,-1,225,244,226,-1,226,244,245,-1,226,245,227,-1,227,245,246,-1,227,246,228,-1,228,246,247,-1,228,247,229,-1,229,247,248,-1,229,248,230,-1,230,248,249,-1,230,249,231,-1,231,249,250,-1,231,250,232,-1,232,250,251,-1,232,251,233,-1,233,251,172,-1,233,172,169,-1,169,172,174,-1,169,174,170,-1,146,252,194,-1,194,252,253,-1,194,253,234,-1,234,253,254,-1,234,254,235,-1,235,254,255,-1,235,255,236,-1,236,255,256,-1,236,256,237,-1,237,256,257,-1,237,257,238,-1,238,257,258,-1,238,258,239,-1,239,258,259,-1,239,259,240,-1,240,259,260,-1,240,260,241,-1,241,260,261,-1,241,261,242,-1,242,261,262,-1,242,262,243,-1,243,262,263,-1,243,263,244,-1,244,263,264,-1,244,264,245,-1,245,264,265,-1,245,265,246,-1,246,265,266,-1,246,266,247,-1,247,266,267,-1,247,267,248,-1,248,267,268,-1,248,268,249,-1,249,268,269,-1,249,269,250,-1,250,269,270,-1,250,270,251,-1,251,270,175,-1,251,175,172,-1,172,175,177,-1,172,177,173,-1,146,193,252,-1,252,193,271,-1,252,271,253,-1,253,271,272,-1,253,272,254,-1,254,272,273,-1,254,273,255,-1,255,273,274,-1,255,274,256,-1,256,274,275,-1,256,275,257,-1,257,275,276,-1,257,276,258,-1,258,276,277,-1,258,277,259,-1,259,277,278,-1,259,278,260,-1,260,278,279,-1,260,279,261,-1,261,279,280,-1,261,280,262,-1,262,280,281,-1,262,281,263,-1,263,281,282,-1,263,282,264,-1,264,282,283,-1,264,283,265,-1,265,283,284,-1,265,284,266,-1,266,284,285,-1,266,285,267,-1,267,285,286,-1,267,286,268,-1,268,286,287,-1,268,287,269,-1,269,287,288,-1,269,288,270,-1,270,288,178,-1,270,178,175,-1,175,178,180,-1,175,180,176,-1,156,192,193,-1,193,192,289,-1,193,289,271,-1,271,289,290,-1,271,290,272,-1,272,290,291,-1,272,291,273,-1,273,291,292,-1,273,292,274,-1,274,292,293,-1,274,293,275,-1,275,293,294,-1,275,294,276,-1,276,294,295,-1,276,295,277,-1,277,295,296,-1,277,296,278,-1,278,296,297,-1,278,297,279,-1,279,297,298,-1,279,298,280,-1,280,298,299,-1,280,299,281,-1,281,299,300,-1,281,300,282,-1,282,300,301,-1,282,301,283,-1,283,301,302,-1,283,302,284,-1,284,302,303,-1,284,303,285,-1,285,303,304,-1,285,304,286,-1,286,304,305,-1,286,305,287,-1,287,305,306,-1,287,306,288,-1,288,306,181,-1,288,181,178,-1,178,181,183,-1,178,183,179,-1,155,191,192,-1,192,191,307,-1,192,307,289,-1,289,307,308,-1,289,308,290,-1,290,308,309,-1,290,309,291,-1,291,309,310,-1,291,310,292,-1,292,310,311,-1,292,311,293,-1,293,311,312,-1,293,312,294,-1,294,312,313,-1,294,313,295,-1,295,313,314,-1,295,314,296,-1,296,314,315,-1,296,315,297,-1,297,315,316,-1,297,316,298,-1,298,316,317,-1,298,317,299,-1,299,317,318,-1,299,318,300,-1,300,318,319,-1,300,319,301,-1,301,319,320,-1,301,320,302,-1,302,320,321,-1,302,321,303,-1,303,321,322,-1,303,322,304,-1,304,322,323,-1,304,323,305,-1,305,323,324,-1,305,324,306,-1,306,324,325,-1,306,325,181,-1,181,325,326,-1,181,326,182,-1,153,190,191,-1,191,190,327,-1,191,327,307,-1,307,327,328,-1,307,328,308,-1,308,328,329,-1,308,329,309,-1,309,329,330,-1,309,330,310,-1,310,330,331,-1,310,331,311,-1,311,331,332,-1,311,332,312,-1,312,332,333,-1,312,333,313,-1,313,333,334,-1,313,334,314,-1,314,334,335,-1,314,335,315,-1,315,335,336,-1,315,336,316,-1,316,336,337,-1,316,337,317,-1,317,337,338,-1,317,338,318,-1,318,338,339,-1,318,339,319,-1,319,339,340,-1,319,340,320,-1,320,340,341,-1,320,341,321,-1,321,341,342,-1,321,342,322,-1,322,342,343,-1,322,343,323,-1,323,343,344,-1,323,344,324,-1,324,344,186,-1,324,186,325,-1,325,186,189,-1,325,189,326,-1,184,186,345,-1,345,186,344,-1,345,344,346,-1,346,344,343,-1,346,343,347,-1,347,343,342,-1,347,342,348,-1,348,342,341,-1,348,341,349,-1,349,341,340,-1,349,340,350,-1,350,340,339,-1,350,339,351,-1,351,339,338,-1,351,338,352,-1,352,338,337,-1,352,337,353,-1,353,337,336,-1,353,336,354,-1,354,336,335,-1,354,335,355,-1,355,335,334,-1,355,334,356,-1,356,334,333,-1,356,333,357,-1,357,333,332,-1,357,332,358,-1,358,332,331,-1,358,331,359,-1,359,331,330,-1,359,330,360,-1,360,330,329,-1,360,329,361,-1,361,329,328,-1,361,328,362,-1,362,328,327,-1,362,327,363,-1,363,327,190,-1,363,190,364,-1,364,190,160,-1,364,160,159,-1,14,97,162,-1,162,97,365,-1,162,365,163,-1,163,365,366,-1,163,366,164,-1,164,366,367,-1,164,367,165,-1,165,367,368,-1,165,368,166,-1,166,368,369,-1,166,369,167,-1,167,369,370,-1,97,98,365,-1,365,98,371,-1,365,371,366,-1,366,371,372,-1,366,372,367,-1,367,372,373,-1,367,373,368,-1,368,373,374,-1,368,374,369,-1,369,374,375,-1,369,375,370,-1,370,375,376,-1,98,99,371,-1,371,99,377,-1,371,377,372,-1,372,377,378,-1,372,378,373,-1,373,378,379,-1,373,379,374,-1,374,379,380,-1,374,380,375,-1,375,380,381,-1,375,381,376,-1,376,381,382,-1,99,100,377,-1,377,100,383,-1,377,383,378,-1,378,383,384,-1,378,384,379,-1,379,384,385,-1,379,385,380,-1,380,385,386,-1,380,386,381,-1,381,386,387,-1,381,387,382,-1,382,387,388,-1,100,101,383,-1,383,101,389,-1,383,389,384,-1,384,389,390,-1,384,390,385,-1,385,390,391,-1,385,391,386,-1,386,391,392,-1,386,392,387,-1,387,392,393,-1,387,393,388,-1,388,393,394,-1,101,16,389,-1,389,16,395,-1,389,395,390,-1,390,395,396,-1,390,396,391,-1,391,396,397,-1,391,397,392,-1,392,397,398,-1,392,398,393,-1,393,398,399,-1,393,399,394,-1,394,399,400,-1,401,400,402,-1,402,400,399,-1,402,399,184,-1,189,188,398,-1,398,188,187,-1,398,187,399,-1,399,187,185,-1,399,185,184,-1,176,180,397,-1,397,180,179,-1,179,183,397,-1,397,183,182,-1,397,182,398,-1,398,182,326,-1,398,326,189,-1,396,173,397,-1,397,173,177,-1,397,177,176,-1,168,171,396,-1,171,170,396,-1,396,170,174,-1,396,174,173,-1,395,16,18,-1,18,57,395,-1,395,57,55,-1,395,55,396,-1,396,55,54,-1,396,54,168,-1,403,404,405,-1,406,407,408,-1,408,407,409,-1,410,411,412,-1,409,413,414,-1,414,410,409,-1,409,410,412,-1,409,412,408,-1,408,412,415,-1,408,415,405,-1,405,415,416,-1,405,416,403,-1,417,418,419,-1,420,421,422,-1,422,421,423,-1,424,425,426,-1,426,425,427,-1,428,429,422,-1,422,429,420,-1,427,425,430,-1,430,425,431,-1,421,432,423,-1,423,432,433,-1,434,424,435,-1,435,424,426,-1,436,437,428,-1,428,430,436,-1,436,430,431,-1,436,431,438,-1,439,440,434,-1,440,441,442,-1,434,435,439,-1,439,435,433,-1,439,433,443,-1,443,433,432,-1,443,432,437,-1,437,432,429,-1,437,429,428,-1,444,445,434,-1,446,447,431,-1,431,447,448,-1,444,434,449,-1,448,450,431,-1,431,450,451,-1,431,451,438,-1,438,451,452,-1,438,452,453,-1,440,442,434,-1,434,442,454,-1,434,454,449,-1,445,455,434,-1,434,455,456,-1,434,456,431,-1,431,456,457,-1,431,457,446,-1,458,443,459,-1,459,443,437,-1,460,461,462,-1,462,461,463,-1,462,463,459,-1,459,463,458,-1,464,461,465,-1,465,461,460,-1,466,464,467,-1,467,464,465,-1,468,466,469,-1,469,466,467,-1,470,468,471,-1,471,468,469,-1,472,470,473,-1,473,470,471,-1,474,472,475,-1,475,472,473,-1,476,477,478,-1,478,477,479,-1,478,479,475,-1,475,479,474,-1,480,477,481,-1,481,477,476,-1,482,480,483,-1,483,480,481,-1,484,485,486,-1,486,485,487,-1,486,487,483,-1,483,487,482,-1,488,485,489,-1,489,485,484,-1,490,491,484,-1,484,491,492,-1,484,492,489,-1,488,493,485,-1,485,493,494,-1,485,494,495,-1,496,497,440,-1,498,499,500,-1,496,440,501,-1,497,502,503,-1,438,504,505,-1,503,506,497,-1,497,506,441,-1,497,441,440,-1,504,438,500,-1,500,438,453,-1,500,453,498,-1,495,507,485,-1,485,507,508,-1,485,508,440,-1,440,508,509,-1,440,509,501,-1,505,510,438,-1,438,510,511,-1,438,511,484,-1,484,511,512,-1,484,512,490,-1,477,480,482,-1,513,514,515,-1,515,514,516,-1,515,516,439,-1,517,518,487,-1,516,519,439,-1,439,519,520,-1,439,520,440,-1,440,520,521,-1,522,523,485,-1,485,523,524,-1,485,524,487,-1,487,524,525,-1,487,525,517,-1,521,526,440,-1,440,526,527,-1,440,527,528,-1,529,530,515,-1,515,530,531,-1,515,531,513,-1,528,532,440,-1,440,532,533,-1,440,533,485,-1,485,533,534,-1,485,534,522,-1,518,535,487,-1,487,535,536,-1,487,536,515,-1,515,536,537,-1,515,537,529,-1,479,538,539,-1,540,477,541,-1,541,477,482,-1,541,482,542,-1,542,482,487,-1,542,487,543,-1,540,544,477,-1,477,544,545,-1,477,545,546,-1,546,547,477,-1,477,547,548,-1,477,548,479,-1,479,548,549,-1,479,549,538,-1,550,551,515,-1,552,515,553,-1,553,515,479,-1,553,479,554,-1,554,479,539,-1,487,555,556,-1,557,558,559,-1,560,561,487,-1,487,561,562,-1,487,562,563,-1,563,564,487,-1,487,564,565,-1,487,565,555,-1,556,566,487,-1,487,566,567,-1,487,567,543,-1,568,552,569,-1,569,552,570,-1,569,570,571,-1,571,570,557,-1,571,557,572,-1,572,557,559,-1,551,573,515,-1,515,573,574,-1,515,574,487,-1,487,574,575,-1,487,575,560,-1,558,576,559,-1,559,576,577,-1,559,577,578,-1,578,577,555,-1,578,555,579,-1,579,555,565,-1,568,580,552,-1,552,580,581,-1,552,581,515,-1,515,581,582,-1,515,582,583,-1,583,584,515,-1,515,584,585,-1,515,585,550,-1,470,472,474,-1,479,466,474,-1,474,466,468,-1,474,468,470,-1,586,587,463,-1,464,588,461,-1,461,588,589,-1,461,589,463,-1,463,589,590,-1,463,590,586,-1,591,592,466,-1,466,592,593,-1,466,593,464,-1,464,593,594,-1,464,594,588,-1,595,596,515,-1,515,596,597,-1,515,597,598,-1,599,600,479,-1,587,601,463,-1,463,601,602,-1,463,602,515,-1,515,602,603,-1,515,603,595,-1,598,604,515,-1,515,604,605,-1,515,605,479,-1,479,605,606,-1,479,606,599,-1,600,607,479,-1,479,607,608,-1,479,608,466,-1,466,608,609,-1,466,609,591,-1,610,611,515,-1,515,611,612,-1,613,614,439,-1,439,614,615,-1,439,615,515,-1,515,615,616,-1,515,616,610,-1,617,618,463,-1,463,618,619,-1,620,621,458,-1,458,621,622,-1,458,622,443,-1,443,622,623,-1,443,623,624,-1,624,625,443,-1,443,625,626,-1,443,626,439,-1,439,626,627,-1,439,627,613,-1,612,628,515,-1,515,628,629,-1,515,629,463,-1,463,629,630,-1,463,630,617,-1,619,631,463,-1,463,631,632,-1,463,632,458,-1,458,632,633,-1,458,633,620,-1,462,634,635,-1,636,637,436,-1,436,637,638,-1,639,640,437,-1,437,640,641,-1,437,641,459,-1,459,641,642,-1,459,642,643,-1,643,644,459,-1,459,644,645,-1,459,645,462,-1,462,645,646,-1,462,646,634,-1,647,648,649,-1,649,648,650,-1,649,650,636,-1,635,651,462,-1,462,651,652,-1,462,652,653,-1,638,654,436,-1,436,654,655,-1,436,655,437,-1,437,655,656,-1,437,656,639,-1,653,657,649,-1,649,657,658,-1,649,658,647,-1,659,660,462,-1,462,660,661,-1,467,662,663,-1,653,649,462,-1,462,649,664,-1,462,664,659,-1,661,665,462,-1,462,665,666,-1,462,666,460,-1,460,666,667,-1,460,667,465,-1,465,667,668,-1,465,668,467,-1,467,668,669,-1,467,669,662,-1,670,671,478,-1,670,478,672,-1,663,672,467,-1,467,672,478,-1,467,478,469,-1,469,478,475,-1,469,475,471,-1,471,475,473,-1,671,673,478,-1,478,673,674,-1,478,674,675,-1,676,677,649,-1,677,678,649,-1,649,678,679,-1,649,679,680,-1,680,681,649,-1,649,681,682,-1,649,682,664,-1,483,481,476,-1,683,478,649,-1,649,478,675,-1,649,675,676,-1,683,684,478,-1,478,684,685,-1,478,685,686,-1,687,688,689,-1,690,691,486,-1,686,692,478,-1,478,692,693,-1,478,693,476,-1,476,693,694,-1,476,694,695,-1,695,696,476,-1,476,696,697,-1,476,697,698,-1,698,699,476,-1,476,699,700,-1,476,700,483,-1,483,700,701,-1,483,701,486,-1,702,703,683,-1,688,704,689,-1,689,704,705,-1,689,705,706,-1,706,705,707,-1,706,707,708,-1,709,710,649,-1,649,710,711,-1,649,711,683,-1,683,711,712,-1,683,712,702,-1,713,714,689,-1,689,714,715,-1,689,715,687,-1,701,716,486,-1,486,716,717,-1,486,717,714,-1,690,486,718,-1,719,649,720,-1,720,649,486,-1,720,486,721,-1,721,486,691,-1,719,722,649,-1,649,722,723,-1,649,723,724,-1,708,707,703,-1,703,707,725,-1,703,725,683,-1,713,726,714,-1,714,726,727,-1,714,727,486,-1,486,727,728,-1,486,728,718,-1,724,729,649,-1,649,729,730,-1,649,730,709,-1,731,732,649,-1,649,732,733,-1,636,436,649,-1,649,436,734,-1,649,734,731,-1,735,736,484,-1,438,737,436,-1,436,737,738,-1,436,738,734,-1,739,740,486,-1,486,740,741,-1,486,741,484,-1,484,741,742,-1,484,742,735,-1,743,744,438,-1,438,744,745,-1,438,745,737,-1,733,746,649,-1,649,746,747,-1,649,747,748,-1,736,749,484,-1,484,749,750,-1,484,750,438,-1,438,750,751,-1,438,751,743,-1,748,752,649,-1,649,752,753,-1,649,753,486,-1,486,753,754,-1,486,754,739,-1,431,425,434,-1,434,425,424,-1,420,429,421,-1,421,429,432,-1,755,756,757,-1,757,756,758,-1,422,423,428,-1,428,423,433,-1,428,433,757,-1,757,433,755,-1,759,760,430,-1,430,760,435,-1,430,435,427,-1,427,435,426,-1,761,760,762,-1,762,760,759,-1,419,418,763,-1,764,765,766,-1,766,765,761,-1,766,761,763,-1,763,761,762,-1,763,762,419,-1,765,764,767,-1,767,764,768,-1,767,768,769,-1,770,767,771,-1,771,767,769,-1,756,770,758,-1,758,770,771,-1,755,433,761,-1,761,433,435,-1,761,435,760,-1,770,756,767,-1,767,756,755,-1,767,755,765,-1,765,755,761,-1,772,417,419,-1,769,768,771,-1,771,768,773,-1,759,430,762,-1,762,430,428,-1,762,428,757,-1,419,762,772,-1,772,762,757,-1,772,757,773,-1,773,757,758,-1,773,758,771,-1,625,774,626,-1,626,774,775,-1,626,775,627,-1,627,775,776,-1,627,776,613,-1,613,776,777,-1,613,777,614,-1,614,777,778,-1,614,778,615,-1,615,778,779,-1,615,779,616,-1,616,779,780,-1,616,780,610,-1,610,780,781,-1,610,781,611,-1,611,781,782,-1,611,782,612,-1,612,782,783,-1,612,783,628,-1,628,783,784,-1,628,784,629,-1,629,784,785,-1,629,785,630,-1,630,785,786,-1,630,786,617,-1,617,786,787,-1,617,787,618,-1,618,787,788,-1,618,788,619,-1,619,788,789,-1,619,789,631,-1,631,789,790,-1,631,790,632,-1,632,790,791,-1,632,791,633,-1,633,791,792,-1,633,792,620,-1,620,792,793,-1,620,793,621,-1,621,793,794,-1,621,794,622,-1,622,794,795,-1,622,795,623,-1,623,795,796,-1,623,796,624,-1,624,796,797,-1,624,797,625,-1,625,797,774,-1,787,786,798,-1,798,786,785,-1,798,785,784,-1,790,789,798,-1,798,789,788,-1,798,788,787,-1,793,792,798,-1,798,792,791,-1,798,791,790,-1,796,795,798,-1,798,795,794,-1,798,794,793,-1,775,774,798,-1,798,774,797,-1,798,797,796,-1,778,777,798,-1,798,777,776,-1,798,776,775,-1,781,780,798,-1,798,780,779,-1,798,779,778,-1,784,783,798,-1,798,783,782,-1,798,782,781,-1,602,799,603,-1,603,799,800,-1,603,800,595,-1,595,800,801,-1,595,801,596,-1,596,801,802,-1,596,802,597,-1,597,802,803,-1,597,803,598,-1,598,803,804,-1,598,804,604,-1,604,804,805,-1,604,805,605,-1,605,805,806,-1,605,806,606,-1,606,806,807,-1,606,807,599,-1,599,807,808,-1,599,808,600,-1,600,808,809,-1,600,809,607,-1,607,809,810,-1,607,810,608,-1,608,810,811,-1,608,811,609,-1,609,811,812,-1,609,812,591,-1,591,812,813,-1,591,813,592,-1,592,813,814,-1,592,814,593,-1,593,814,815,-1,593,815,594,-1,594,815,816,-1,594,816,588,-1,588,816,817,-1,588,817,589,-1,589,817,818,-1,589,818,590,-1,590,818,819,-1,590,819,586,-1,586,819,820,-1,586,820,587,-1,587,820,821,-1,587,821,601,-1,601,821,822,-1,601,822,602,-1,602,822,799,-1,812,811,823,-1,823,811,810,-1,823,810,809,-1,815,814,823,-1,823,814,813,-1,823,813,812,-1,818,817,823,-1,823,817,816,-1,823,816,815,-1,821,820,823,-1,823,820,819,-1,823,819,818,-1,800,799,823,-1,823,799,822,-1,823,822,821,-1,803,802,823,-1,823,802,801,-1,823,801,800,-1,806,805,823,-1,823,805,804,-1,823,804,803,-1,809,808,823,-1,823,808,807,-1,823,807,806,-1,527,824,528,-1,528,824,825,-1,528,825,532,-1,532,825,826,-1,532,826,533,-1,533,826,827,-1,533,827,534,-1,534,827,828,-1,534,828,522,-1,522,828,829,-1,522,829,523,-1,523,829,830,-1,523,830,524,-1,524,830,831,-1,524,831,525,-1,525,831,832,-1,525,832,517,-1,517,832,833,-1,517,833,518,-1,518,833,834,-1,518,834,535,-1,535,834,835,-1,535,835,536,-1,536,835,836,-1,536,836,537,-1,537,836,837,-1,537,837,529,-1,529,837,838,-1,529,838,530,-1,530,838,839,-1,530,839,531,-1,531,839,840,-1,531,840,513,-1,513,840,841,-1,513,841,514,-1,514,841,842,-1,514,842,516,-1,516,842,843,-1,516,843,519,-1,519,843,844,-1,519,844,520,-1,520,844,845,-1,520,845,521,-1,521,845,846,-1,521,846,526,-1,526,846,847,-1,526,847,527,-1,527,847,824,-1,837,836,848,-1,848,836,835,-1,848,835,834,-1,840,839,848,-1,848,839,838,-1,848,838,837,-1,843,842,848,-1,848,842,841,-1,848,841,840,-1,846,845,848,-1,848,845,844,-1,848,844,843,-1,825,824,848,-1,848,824,847,-1,848,847,846,-1,828,827,848,-1,848,827,826,-1,848,826,825,-1,831,830,848,-1,848,830,829,-1,848,829,828,-1,834,833,848,-1,848,833,832,-1,848,832,831,-1,577,849,555,-1,555,849,850,-1,555,850,556,-1,556,850,851,-1,556,851,566,-1,566,851,852,-1,566,852,567,-1,567,852,853,-1,567,853,543,-1,543,853,854,-1,543,854,542,-1,542,854,855,-1,542,855,541,-1,541,855,856,-1,541,856,540,-1,540,856,857,-1,540,857,544,-1,544,857,858,-1,544,858,545,-1,545,858,859,-1,545,859,546,-1,546,859,860,-1,546,860,547,-1,547,860,861,-1,547,861,548,-1,548,861,862,-1,548,862,549,-1,549,862,863,-1,549,863,538,-1,538,863,864,-1,538,864,539,-1,539,864,865,-1,539,865,554,-1,554,865,866,-1,554,866,553,-1,553,866,867,-1,553,867,552,-1,552,867,868,-1,552,868,570,-1,570,868,869,-1,570,869,557,-1,557,869,870,-1,557,870,558,-1,558,870,871,-1,558,871,576,-1,576,871,872,-1,576,872,577,-1,577,872,849,-1,862,861,873,-1,873,861,860,-1,873,860,859,-1,865,864,873,-1,873,864,863,-1,873,863,862,-1,868,867,873,-1,873,867,866,-1,873,866,865,-1,871,870,873,-1,873,870,869,-1,873,869,868,-1,850,849,873,-1,873,849,872,-1,873,872,871,-1,853,852,873,-1,873,852,851,-1,873,851,850,-1,856,855,873,-1,873,855,854,-1,873,854,853,-1,859,858,873,-1,873,858,857,-1,873,857,856,-1,575,874,560,-1,560,874,875,-1,560,875,561,-1,561,875,876,-1,561,876,562,-1,562,876,877,-1,562,877,563,-1,563,877,878,-1,563,878,564,-1,564,878,879,-1,564,879,565,-1,565,879,880,-1,565,880,579,-1,579,880,881,-1,579,881,578,-1,578,881,882,-1,578,882,559,-1,559,882,883,-1,559,883,572,-1,572,883,884,-1,572,884,571,-1,571,884,885,-1,571,885,569,-1,569,885,886,-1,569,886,568,-1,568,886,887,-1,568,887,580,-1,580,887,888,-1,580,888,581,-1,581,888,889,-1,581,889,582,-1,582,889,890,-1,582,890,583,-1,583,890,891,-1,583,891,584,-1,584,891,892,-1,584,892,585,-1,585,892,893,-1,585,893,550,-1,550,893,894,-1,550,894,551,-1,551,894,895,-1,551,895,573,-1,573,895,896,-1,573,896,574,-1,574,896,897,-1,574,897,575,-1,575,897,874,-1,887,886,898,-1,898,886,885,-1,898,885,884,-1,890,889,898,-1,898,889,888,-1,898,888,887,-1,893,892,898,-1,898,892,891,-1,898,891,890,-1,896,895,898,-1,898,895,894,-1,898,894,893,-1,875,874,898,-1,898,874,897,-1,898,897,896,-1,878,877,898,-1,898,877,876,-1,898,876,875,-1,881,880,898,-1,898,880,879,-1,898,879,878,-1,884,883,898,-1,898,883,882,-1,898,882,881,-1,899,744,900,-1,900,744,743,-1,900,743,901,-1,901,743,751,-1,901,751,902,-1,902,751,750,-1,902,750,903,-1,903,750,749,-1,903,749,904,-1,904,749,736,-1,904,736,905,-1,905,736,735,-1,905,735,906,-1,906,735,742,-1,906,742,907,-1,907,742,741,-1,907,741,908,-1,908,741,740,-1,908,740,909,-1,909,740,739,-1,909,739,910,-1,910,739,754,-1,910,754,911,-1,911,754,753,-1,911,753,912,-1,912,753,752,-1,912,752,913,-1,913,752,748,-1,913,748,914,-1,914,748,747,-1,914,747,915,-1,915,747,746,-1,915,746,916,-1,916,746,733,-1,916,733,917,-1,917,733,732,-1,917,732,918,-1,918,732,731,-1,918,731,919,-1,919,731,734,-1,919,734,920,-1,920,734,738,-1,920,738,921,-1,921,738,737,-1,921,737,922,-1,922,737,745,-1,922,745,899,-1,899,745,744,-1,921,922,923,-1,923,922,899,-1,923,899,900,-1,918,919,923,-1,923,919,920,-1,923,920,921,-1,915,916,923,-1,923,916,917,-1,923,917,918,-1,912,913,923,-1,923,913,914,-1,923,914,915,-1,909,910,923,-1,923,910,911,-1,923,911,912,-1,906,907,923,-1,923,907,908,-1,923,908,909,-1,903,904,923,-1,923,904,905,-1,923,905,906,-1,900,901,923,-1,923,901,902,-1,923,902,903,-1,924,720,925,-1,925,720,721,-1,925,721,926,-1,926,721,691,-1,926,691,927,-1,927,691,690,-1,927,690,928,-1,928,690,718,-1,928,718,929,-1,929,718,728,-1,929,728,930,-1,930,728,727,-1,930,727,931,-1,931,727,726,-1,931,726,932,-1,932,726,713,-1,932,713,933,-1,933,713,689,-1,933,689,934,-1,934,689,706,-1,934,706,935,-1,935,706,708,-1,935,708,936,-1,936,708,703,-1,936,703,937,-1,937,703,702,-1,937,702,938,-1,938,702,712,-1,938,712,939,-1,939,712,711,-1,939,711,940,-1,940,711,710,-1,940,710,941,-1,941,710,709,-1,941,709,942,-1,942,709,730,-1,942,730,943,-1,943,730,729,-1,943,729,944,-1,944,729,724,-1,944,724,945,-1,945,724,723,-1,945,723,946,-1,946,723,722,-1,946,722,947,-1,947,722,719,-1,947,719,924,-1,924,719,720,-1,946,947,948,-1,948,947,924,-1,948,924,925,-1,943,944,948,-1,948,944,945,-1,948,945,946,-1,940,941,948,-1,948,941,942,-1,948,942,943,-1,937,938,948,-1,948,938,939,-1,948,939,940,-1,934,935,948,-1,948,935,936,-1,948,936,937,-1,931,932,948,-1,948,932,933,-1,948,933,934,-1,928,929,948,-1,948,929,930,-1,948,930,931,-1,925,926,948,-1,948,926,927,-1,948,927,928,-1,949,639,950,-1,950,639,656,-1,950,656,951,-1,951,656,655,-1,951,655,952,-1,952,655,654,-1,952,654,953,-1,953,654,638,-1,953,638,954,-1,954,638,637,-1,954,637,955,-1,955,637,636,-1,955,636,956,-1,956,636,650,-1,956,650,957,-1,957,650,648,-1,957,648,958,-1,958,648,647,-1,958,647,959,-1,959,647,658,-1,959,658,960,-1,960,658,657,-1,960,657,961,-1,961,657,653,-1,961,653,962,-1,962,653,652,-1,962,652,963,-1,963,652,651,-1,963,651,964,-1,964,651,635,-1,964,635,965,-1,965,635,634,-1,965,634,966,-1,966,634,646,-1,966,646,967,-1,967,646,645,-1,967,645,968,-1,968,645,644,-1,968,644,969,-1,969,644,643,-1,969,643,970,-1,970,643,642,-1,970,642,971,-1,971,642,641,-1,971,641,972,-1,972,641,640,-1,972,640,949,-1,949,640,639,-1,971,972,973,-1,973,972,949,-1,973,949,950,-1,968,969,973,-1,973,969,970,-1,973,970,971,-1,965,966,973,-1,973,966,967,-1,973,967,968,-1,962,963,973,-1,973,963,964,-1,973,964,965,-1,959,960,973,-1,973,960,961,-1,973,961,962,-1,956,957,973,-1,973,957,958,-1,973,958,959,-1,953,954,973,-1,973,954,955,-1,973,955,956,-1,950,951,973,-1,973,951,952,-1,973,952,953,-1,974,664,975,-1,975,664,682,-1,975,682,976,-1,976,682,681,-1,976,681,977,-1,977,681,680,-1,977,680,978,-1,978,680,679,-1,978,679,979,-1,979,679,678,-1,979,678,980,-1,980,678,677,-1,980,677,981,-1,981,677,676,-1,981,676,982,-1,982,676,675,-1,982,675,983,-1,983,675,674,-1,983,674,984,-1,984,674,673,-1,984,673,985,-1,985,673,671,-1,985,671,986,-1,986,671,670,-1,986,670,987,-1,987,670,672,-1,987,672,988,-1,988,672,663,-1,988,663,989,-1,989,663,662,-1,989,662,990,-1,990,662,669,-1,990,669,991,-1,991,669,668,-1,991,668,992,-1,992,668,667,-1,992,667,993,-1,993,667,666,-1,993,666,994,-1,994,666,665,-1,994,665,995,-1,995,665,661,-1,995,661,996,-1,996,661,660,-1,996,660,997,-1,997,660,659,-1,997,659,974,-1,974,659,664,-1,996,997,998,-1,998,997,974,-1,998,974,975,-1,993,994,998,-1,998,994,995,-1,998,995,996,-1,990,991,998,-1,998,991,992,-1,998,992,993,-1,987,988,998,-1,998,988,989,-1,998,989,990,-1,984,985,998,-1,998,985,986,-1,998,986,987,-1,981,982,998,-1,998,982,983,-1,998,983,984,-1,978,979,998,-1,998,979,980,-1,998,980,981,-1,975,976,998,-1,998,976,977,-1,998,977,978,-1,999,688,1000,-1,1000,688,687,-1,1000,687,1001,-1,1001,687,715,-1,1001,715,1002,-1,1002,715,714,-1,1002,714,1003,-1,1003,714,717,-1,1003,717,1004,-1,1004,717,716,-1,1004,716,1005,-1,1005,716,701,-1,1005,701,1006,-1,1006,701,700,-1,1006,700,1007,-1,1007,700,699,-1,1007,699,1008,-1,1008,699,698,-1,1008,698,1009,-1,1009,698,697,-1,1009,697,1010,-1,1010,697,696,-1,1010,696,1011,-1,1011,696,695,-1,1011,695,1012,-1,1012,695,694,-1,1012,694,1013,-1,1013,694,693,-1,1013,693,1014,-1,1014,693,692,-1,1014,692,1015,-1,1015,692,686,-1,1015,686,1016,-1,1016,686,685,-1,1016,685,1017,-1,1017,685,684,-1,1017,684,1018,-1,1018,684,683,-1,1018,683,1019,-1,1019,683,725,-1,1019,725,1020,-1,1020,725,707,-1,1020,707,1021,-1,1021,707,705,-1,1021,705,1022,-1,1022,705,704,-1,1022,704,999,-1,999,704,688,-1,1021,1022,1023,-1,1023,1022,999,-1,1023,999,1000,-1,1018,1019,1023,-1,1023,1019,1020,-1,1023,1020,1021,-1,1015,1016,1023,-1,1023,1016,1017,-1,1023,1017,1018,-1,1012,1013,1023,-1,1023,1013,1014,-1,1023,1014,1015,-1,1009,1010,1023,-1,1023,1010,1011,-1,1023,1011,1012,-1,1006,1007,1023,-1,1023,1007,1008,-1,1023,1008,1009,-1,1003,1004,1023,-1,1023,1004,1005,-1,1023,1005,1006,-1,1000,1001,1023,-1,1023,1001,1002,-1,1023,1002,1003,-1,772,763,417,-1,417,763,418,-1,768,764,773,-1,773,764,766,-1,773,766,772,-1,772,766,763,-1,1024,1025,1026,-1,1026,1025,1027,-1,1028,1029,1030,-1,1030,1029,1031,-1,1032,1033,1034,-1,1034,1033,1035,-1,1027,1025,1029,-1,1036,1037,1038,-1,1027,1029,1039,-1,1036,1038,1040,-1,1040,1038,1041,-1,1040,1041,1042,-1,1043,1044,1035,-1,1035,1044,1045,-1,1035,1045,1046,-1,1046,1045,1047,-1,1046,1047,1048,-1,1048,1047,1040,-1,1048,1040,1049,-1,1050,1051,1052,-1,1037,1053,1038,-1,1038,1053,1054,-1,1038,1054,1055,-1,1042,1056,1040,-1,1040,1056,1057,-1,1040,1057,1049,-1,1043,1035,1025,-1,1025,1035,1033,-1,1025,1033,1058,-1,1050,1052,1029,-1,1029,1052,1059,-1,1029,1059,1039,-1,1058,1060,1025,-1,1025,1060,1061,-1,1025,1061,1062,-1,1062,1063,1025,-1,1025,1063,1031,-1,1025,1031,1029,-1,1025,1024,1064,-1,1025,1064,1043,-1,1024,1065,1064,-1,1064,1065,1066,-1,1064,1066,1067,-1,1046,1068,1035,-1,1035,1068,1069,-1,1069,1070,1071,-1,1071,1072,1069,-1,1069,1072,1034,-1,1069,1034,1035,-1,1048,1049,1073,-1,1073,1074,1048,-1,1048,1074,1075,-1,1048,1075,1046,-1,1046,1075,1076,-1,1046,1076,1068,-1,1057,1056,1077,-1,1077,1078,1057,-1,1057,1078,1079,-1,1057,1079,1049,-1,1049,1079,1080,-1,1049,1080,1073,-1,1042,1041,1081,-1,1081,1082,1042,-1,1042,1082,1083,-1,1042,1083,1056,-1,1056,1083,1084,-1,1056,1084,1077,-1,1038,1055,1085,-1,1085,1086,1038,-1,1038,1086,1087,-1,1038,1087,1041,-1,1041,1087,1088,-1,1041,1088,1081,-1,1054,1089,1055,-1,1055,1089,1090,-1,1055,1090,1085,-1,1053,1091,1054,-1,1054,1091,1092,-1,1054,1092,1089,-1,1037,1093,1053,-1,1053,1093,1094,-1,1053,1094,1091,-1,1036,1095,1037,-1,1037,1095,1096,-1,1037,1096,1093,-1,1040,1097,1036,-1,1036,1097,1098,-1,1036,1098,1095,-1,1047,1099,1040,-1,1040,1099,1100,-1,1040,1100,1097,-1,1045,1101,1047,-1,1047,1101,1102,-1,1047,1102,1099,-1,1044,1103,1045,-1,1045,1103,1104,-1,1045,1104,1101,-1,1064,1105,1043,-1,1043,1105,1106,-1,1043,1106,1044,-1,1044,1106,1107,-1,1044,1107,1103,-1,1026,1027,1108,-1,1108,1027,1039,-1,1108,1039,1109,-1,1109,1039,1059,-1,1109,1059,1110,-1,1110,1059,1052,-1,1110,1052,1111,-1,1111,1052,1051,-1,1111,1051,1112,-1,1112,1051,1050,-1,1112,1050,1028,-1,1028,1050,1029,-1,1030,1031,1113,-1,1113,1031,1063,-1,1113,1063,1114,-1,1114,1063,1062,-1,1114,1062,1115,-1,1115,1062,1061,-1,1115,1061,1116,-1,1116,1061,1060,-1,1116,1060,1117,-1,1117,1060,1058,-1,1117,1058,1032,-1,1032,1058,1033,-1,442,1118,1119,-1,1120,1112,1028,-1,1028,1121,1120,-1,1120,1121,1122,-1,1120,1122,1123,-1,1122,1124,1123,-1,1123,1124,1125,-1,1123,1125,1126,-1,1125,1127,1126,-1,1126,1127,1128,-1,1126,1128,1129,-1,1026,1108,1130,-1,1130,1108,1131,-1,1130,1131,1132,-1,1132,1131,1133,-1,1132,1133,1134,-1,1134,1133,1135,-1,1134,1135,1136,-1,1136,1135,1137,-1,1136,1137,1138,-1,1138,1137,1139,-1,1138,1139,1118,-1,1108,1109,1131,-1,1131,1109,1140,-1,1131,1140,1133,-1,1133,1140,1141,-1,1133,1141,1135,-1,1135,1141,1142,-1,1135,1142,1137,-1,1137,1142,1143,-1,1137,1143,1139,-1,1139,1143,1144,-1,1109,1110,1140,-1,1140,1110,1145,-1,1140,1145,1141,-1,1141,1145,1146,-1,1141,1146,1142,-1,1142,1146,1147,-1,1142,1147,1143,-1,1143,1147,1148,-1,1143,1148,1144,-1,1144,1148,1149,-1,1110,1111,1145,-1,1145,1111,1150,-1,1145,1150,1146,-1,1146,1150,1151,-1,1146,1151,1147,-1,1147,1151,1152,-1,1147,1152,1148,-1,1148,1152,1153,-1,1148,1153,1149,-1,1149,1153,1154,-1,1111,1112,1150,-1,1150,1112,1120,-1,1150,1120,1151,-1,1151,1120,1123,-1,1151,1123,1152,-1,1152,1123,1126,-1,1152,1126,1153,-1,1153,1126,1129,-1,1153,1129,1154,-1,1154,1129,1155,-1,1128,1156,1129,-1,1129,1156,1157,-1,1129,1157,1155,-1,1155,1157,1158,-1,1155,1158,1159,-1,1118,1139,1119,-1,1119,1139,1144,-1,1119,1144,1160,-1,1160,1144,1149,-1,1160,1149,1161,-1,1161,1149,1154,-1,1161,1154,1162,-1,1162,1154,1155,-1,1162,1155,1163,-1,1163,1155,1159,-1,1163,1159,1164,-1,442,1119,454,-1,454,1119,1160,-1,454,1160,449,-1,449,1160,1161,-1,449,1161,444,-1,444,1161,1162,-1,444,1162,445,-1,445,1162,1163,-1,445,1163,455,-1,455,1163,1164,-1,455,1164,456,-1,1165,1166,1136,-1,1024,1026,1065,-1,1065,1026,1130,-1,1065,1130,1066,-1,1066,1130,1067,-1,1067,1130,1132,-1,1067,1132,1167,-1,1168,1169,1134,-1,1134,1169,1170,-1,1134,1170,1132,-1,1132,1170,1171,-1,1132,1171,1167,-1,1166,1172,1136,-1,1136,1172,1173,-1,1136,1173,1134,-1,1134,1173,1174,-1,1134,1174,1168,-1,1175,1176,1138,-1,1138,1176,1177,-1,1138,1177,1136,-1,1136,1177,1178,-1,1136,1178,1165,-1,1118,503,502,-1,1118,502,1138,-1,1138,502,1179,-1,1138,1179,1175,-1,442,441,1118,-1,1118,441,506,-1,1118,506,503,-1,1028,1030,1121,-1,1121,1030,1180,-1,1121,1180,1122,-1,1122,1180,1124,-1,1124,1180,1181,-1,1124,1181,1125,-1,1125,1181,1127,-1,1127,1181,1182,-1,1127,1182,1128,-1,1128,1182,1156,-1,1156,1182,1183,-1,1156,1183,1157,-1,1157,1183,1158,-1,1158,1183,1184,-1,1158,1184,1159,-1,1159,1184,1164,-1,1164,1184,457,-1,1164,457,456,-1,1185,1070,1069,-1,1186,1187,1188,-1,1189,1190,1191,-1,1192,1193,1194,-1,1195,1196,1197,-1,1198,1199,1200,-1,1201,1202,1203,-1,1203,1202,1204,-1,1203,1204,1205,-1,1177,1176,1206,-1,1176,1175,1206,-1,1206,1175,1179,-1,1206,1179,502,-1,1207,1178,1177,-1,1172,1166,1208,-1,1208,1166,1165,-1,1208,1165,1178,-1,1174,1173,1209,-1,1209,1173,1172,-1,1169,1168,1210,-1,1210,1168,1174,-1,1171,1170,1211,-1,1211,1170,1169,-1,1212,1167,1171,-1,1075,1213,1214,-1,1185,1069,1215,-1,1215,1069,1068,-1,1215,1068,1214,-1,1214,1068,1076,-1,1214,1076,1075,-1,1079,1216,1217,-1,1075,1074,1213,-1,1213,1074,1073,-1,1213,1073,1217,-1,1217,1073,1080,-1,1217,1080,1079,-1,1083,1218,1219,-1,1079,1078,1216,-1,1216,1078,1077,-1,1216,1077,1219,-1,1219,1077,1084,-1,1219,1084,1083,-1,1083,1082,1218,-1,1218,1082,1081,-1,1218,1081,1220,-1,1220,1081,1088,-1,1220,1088,1221,-1,1221,1088,1087,-1,1087,1086,1221,-1,1221,1086,1085,-1,1221,1085,1222,-1,1085,1090,1222,-1,1222,1090,1089,-1,1222,1089,1223,-1,1223,1089,1092,-1,1223,1092,1224,-1,1224,1092,1091,-1,1224,1091,1225,-1,1091,1094,1225,-1,1225,1094,1093,-1,1225,1093,1226,-1,1226,1093,1096,-1,1096,1095,1226,-1,1226,1095,1098,-1,1226,1098,1227,-1,1102,1228,1229,-1,1098,1097,1227,-1,1227,1097,1100,-1,1227,1100,1229,-1,1229,1100,1099,-1,1229,1099,1102,-1,1107,1230,1231,-1,1102,1101,1228,-1,1228,1101,1104,-1,1228,1104,1231,-1,1231,1104,1103,-1,1231,1103,1107,-1,1107,1106,1230,-1,1230,1106,1105,-1,1230,1105,1212,-1,1212,1105,1064,-1,1212,1064,1167,-1,1167,1064,1067,-1,1171,1211,1212,-1,1212,1211,1232,-1,1212,1232,1230,-1,1230,1232,1233,-1,1230,1233,1231,-1,1231,1233,1234,-1,1231,1234,1228,-1,1228,1234,1235,-1,1228,1235,1229,-1,1229,1235,1236,-1,1229,1236,1227,-1,1227,1236,1237,-1,1227,1237,1226,-1,1226,1237,1238,-1,1226,1238,1225,-1,1225,1238,1239,-1,1225,1239,1224,-1,1224,1239,1240,-1,1224,1240,1223,-1,1223,1240,1241,-1,1223,1241,1222,-1,1222,1241,1242,-1,1222,1242,1221,-1,1221,1242,1243,-1,1221,1243,1220,-1,1220,1243,1244,-1,1220,1244,1218,-1,1218,1244,1245,-1,1218,1245,1219,-1,1219,1245,1246,-1,1219,1246,1216,-1,1216,1246,1247,-1,1216,1247,1217,-1,1217,1247,1248,-1,1217,1248,1213,-1,1213,1248,1249,-1,1213,1249,1214,-1,1214,1249,1186,-1,1214,1186,1215,-1,1215,1186,1188,-1,1215,1188,1185,-1,1169,1210,1211,-1,1211,1210,1250,-1,1211,1250,1232,-1,1232,1250,1251,-1,1232,1251,1233,-1,1233,1251,1252,-1,1233,1252,1234,-1,1234,1252,1253,-1,1234,1253,1235,-1,1235,1253,1254,-1,1235,1254,1236,-1,1236,1254,1255,-1,1236,1255,1237,-1,1237,1255,1256,-1,1237,1256,1238,-1,1238,1256,1257,-1,1238,1257,1239,-1,1239,1257,1258,-1,1239,1258,1240,-1,1240,1258,1259,-1,1240,1259,1241,-1,1241,1259,1260,-1,1241,1260,1242,-1,1242,1260,1261,-1,1242,1261,1243,-1,1243,1261,1262,-1,1243,1262,1244,-1,1244,1262,1263,-1,1244,1263,1245,-1,1245,1263,1264,-1,1245,1264,1246,-1,1246,1264,1265,-1,1246,1265,1247,-1,1247,1265,1266,-1,1247,1266,1248,-1,1248,1266,1267,-1,1248,1267,1249,-1,1249,1267,1189,-1,1249,1189,1186,-1,1186,1189,1191,-1,1186,1191,1187,-1,1174,1209,1210,-1,1210,1209,1268,-1,1210,1268,1250,-1,1250,1268,1269,-1,1250,1269,1251,-1,1251,1269,1270,-1,1251,1270,1252,-1,1252,1270,1271,-1,1252,1271,1253,-1,1253,1271,1272,-1,1253,1272,1254,-1,1254,1272,1273,-1,1254,1273,1255,-1,1255,1273,1274,-1,1255,1274,1256,-1,1256,1274,1275,-1,1256,1275,1257,-1,1257,1275,1276,-1,1257,1276,1258,-1,1258,1276,1277,-1,1258,1277,1259,-1,1259,1277,1278,-1,1259,1278,1260,-1,1260,1278,1279,-1,1260,1279,1261,-1,1261,1279,1280,-1,1261,1280,1262,-1,1262,1280,1281,-1,1262,1281,1263,-1,1263,1281,1282,-1,1263,1282,1264,-1,1264,1282,1283,-1,1264,1283,1265,-1,1265,1283,1284,-1,1265,1284,1266,-1,1266,1284,1285,-1,1266,1285,1267,-1,1267,1285,1192,-1,1267,1192,1189,-1,1189,1192,1194,-1,1189,1194,1190,-1,1172,1208,1209,-1,1209,1208,1286,-1,1209,1286,1268,-1,1268,1286,1287,-1,1268,1287,1269,-1,1269,1287,1288,-1,1269,1288,1270,-1,1270,1288,1289,-1,1270,1289,1271,-1,1271,1289,1290,-1,1271,1290,1272,-1,1272,1290,1291,-1,1272,1291,1273,-1,1273,1291,1292,-1,1273,1292,1274,-1,1274,1292,1293,-1,1274,1293,1275,-1,1275,1293,1294,-1,1275,1294,1276,-1,1276,1294,1295,-1,1276,1295,1277,-1,1277,1295,1296,-1,1277,1296,1278,-1,1278,1296,1297,-1,1278,1297,1279,-1,1279,1297,1298,-1,1279,1298,1280,-1,1280,1298,1299,-1,1280,1299,1281,-1,1281,1299,1300,-1,1281,1300,1282,-1,1282,1300,1301,-1,1282,1301,1283,-1,1283,1301,1302,-1,1283,1302,1284,-1,1284,1302,1303,-1,1284,1303,1285,-1,1285,1303,1195,-1,1285,1195,1192,-1,1192,1195,1197,-1,1192,1197,1193,-1,1178,1207,1208,-1,1208,1207,1304,-1,1208,1304,1286,-1,1286,1304,1305,-1,1286,1305,1287,-1,1287,1305,1306,-1,1287,1306,1288,-1,1288,1306,1307,-1,1288,1307,1289,-1,1289,1307,1308,-1,1289,1308,1290,-1,1290,1308,1309,-1,1290,1309,1291,-1,1291,1309,1310,-1,1291,1310,1292,-1,1292,1310,1311,-1,1292,1311,1293,-1,1293,1311,1312,-1,1293,1312,1294,-1,1294,1312,1313,-1,1294,1313,1295,-1,1295,1313,1314,-1,1295,1314,1296,-1,1296,1314,1315,-1,1296,1315,1297,-1,1297,1315,1316,-1,1297,1316,1298,-1,1298,1316,1317,-1,1298,1317,1299,-1,1299,1317,1318,-1,1299,1318,1300,-1,1300,1318,1319,-1,1300,1319,1301,-1,1301,1319,1320,-1,1301,1320,1302,-1,1302,1320,1321,-1,1302,1321,1303,-1,1303,1321,1198,-1,1303,1198,1195,-1,1195,1198,1200,-1,1195,1200,1196,-1,1177,1322,1207,-1,1207,1322,1323,-1,1207,1323,1304,-1,1304,1323,1324,-1,1304,1324,1305,-1,1305,1324,1325,-1,1305,1325,1306,-1,1306,1325,1326,-1,1306,1326,1307,-1,1307,1326,1327,-1,1307,1327,1308,-1,1308,1327,1328,-1,1308,1328,1309,-1,1309,1328,1329,-1,1309,1329,1310,-1,1310,1329,1330,-1,1310,1330,1311,-1,1311,1330,1331,-1,1311,1331,1312,-1,1312,1331,1332,-1,1312,1332,1313,-1,1313,1332,1333,-1,1313,1333,1314,-1,1314,1333,1334,-1,1314,1334,1315,-1,1315,1334,1335,-1,1315,1335,1316,-1,1316,1335,1336,-1,1316,1336,1317,-1,1317,1336,1337,-1,1317,1337,1318,-1,1318,1337,1338,-1,1318,1338,1319,-1,1319,1338,1339,-1,1319,1339,1320,-1,1320,1339,1340,-1,1320,1340,1321,-1,1321,1340,1341,-1,1321,1341,1198,-1,1198,1341,1342,-1,1198,1342,1199,-1,1177,1206,1322,-1,1322,1206,1343,-1,1322,1343,1323,-1,1323,1343,1344,-1,1323,1344,1324,-1,1324,1344,1345,-1,1324,1345,1325,-1,1325,1345,1346,-1,1325,1346,1326,-1,1326,1346,1347,-1,1326,1347,1327,-1,1327,1347,1348,-1,1327,1348,1328,-1,1328,1348,1349,-1,1328,1349,1329,-1,1329,1349,1350,-1,1329,1350,1330,-1,1330,1350,1351,-1,1330,1351,1331,-1,1331,1351,1352,-1,1331,1352,1332,-1,1332,1352,1353,-1,1332,1353,1333,-1,1333,1353,1354,-1,1333,1354,1334,-1,1334,1354,1355,-1,1334,1355,1335,-1,1335,1355,1356,-1,1335,1356,1336,-1,1336,1356,1357,-1,1336,1357,1337,-1,1337,1357,1358,-1,1337,1358,1338,-1,1338,1358,1359,-1,1338,1359,1339,-1,1339,1359,1360,-1,1339,1360,1340,-1,1340,1360,1203,-1,1340,1203,1341,-1,1341,1203,1205,-1,1341,1205,1342,-1,502,497,1206,-1,1206,497,496,-1,1206,496,1343,-1,1343,496,501,-1,1343,501,1344,-1,1344,501,509,-1,1344,509,1345,-1,1345,509,508,-1,1345,508,1346,-1,1346,508,507,-1,1346,507,1347,-1,1347,507,495,-1,1347,495,1348,-1,1348,495,494,-1,1348,494,1349,-1,1349,494,493,-1,1349,493,1350,-1,1350,493,488,-1,1350,488,1351,-1,1351,488,489,-1,1351,489,1352,-1,1352,489,492,-1,1352,492,1353,-1,1353,492,491,-1,1353,491,1354,-1,1354,491,490,-1,1354,490,1355,-1,1355,490,512,-1,1355,512,1356,-1,1356,512,511,-1,1356,511,1357,-1,1357,511,510,-1,1357,510,1358,-1,1358,510,505,-1,1358,505,1359,-1,1359,505,504,-1,1359,504,1360,-1,1360,504,500,-1,1360,500,1203,-1,1203,500,499,-1,1203,499,1201,-1,1030,1113,1180,-1,1180,1113,1361,-1,1180,1361,1181,-1,1181,1361,1362,-1,1181,1362,1182,-1,1182,1362,1363,-1,1182,1363,1183,-1,1183,1363,1364,-1,1183,1364,1184,-1,1184,1364,1365,-1,1184,1365,457,-1,457,1365,446,-1,1113,1114,1361,-1,1361,1114,1366,-1,1361,1366,1362,-1,1362,1366,1367,-1,1362,1367,1363,-1,1363,1367,1368,-1,1363,1368,1364,-1,1364,1368,1369,-1,1364,1369,1365,-1,1365,1369,1370,-1,1365,1370,446,-1,446,1370,447,-1,1114,1115,1366,-1,1366,1115,1371,-1,1366,1371,1367,-1,1367,1371,1372,-1,1367,1372,1368,-1,1368,1372,1373,-1,1368,1373,1369,-1,1369,1373,1374,-1,1369,1374,1370,-1,1370,1374,1375,-1,1370,1375,447,-1,447,1375,448,-1,1115,1116,1371,-1,1371,1116,1376,-1,1371,1376,1372,-1,1372,1376,1377,-1,1372,1377,1373,-1,1373,1377,1378,-1,1373,1378,1374,-1,1374,1378,1379,-1,1374,1379,1375,-1,1375,1379,1380,-1,1375,1380,448,-1,448,1380,450,-1,1116,1117,1376,-1,1376,1117,1381,-1,1376,1381,1377,-1,1377,1381,1382,-1,1377,1382,1378,-1,1378,1382,1383,-1,1378,1383,1379,-1,1379,1383,1384,-1,1379,1384,1380,-1,1380,1384,1385,-1,1380,1385,450,-1,450,1385,451,-1,1117,1032,1381,-1,1381,1032,1386,-1,1381,1386,1382,-1,1382,1386,1387,-1,1382,1387,1383,-1,1383,1387,1388,-1,1383,1388,1384,-1,1384,1388,1389,-1,1384,1389,1385,-1,1385,1389,1390,-1,1385,1390,451,-1,451,1390,452,-1,453,452,498,-1,498,452,1390,-1,498,1390,499,-1,1205,1204,1389,-1,1389,1204,1202,-1,1389,1202,1390,-1,1390,1202,1201,-1,1390,1201,499,-1,1193,1197,1388,-1,1388,1197,1196,-1,1196,1200,1388,-1,1388,1200,1199,-1,1388,1199,1389,-1,1389,1199,1342,-1,1389,1342,1205,-1,1387,1190,1388,-1,1388,1190,1194,-1,1388,1194,1193,-1,1185,1188,1387,-1,1188,1187,1387,-1,1387,1187,1191,-1,1387,1191,1190,-1,1386,1032,1034,-1,1034,1072,1386,-1,1386,1072,1071,-1,1386,1071,1387,-1,1387,1071,1070,-1,1387,1070,1185,-1,
        ]
    }
}
Shape{
    appearance Appearance {
        material  Material 	{
            diffuseColor 0.6666666666666666 0.6980392156862745 0.7686274509803922
            specularColor 0.3333333333333333 0.34901960784313724 0.3843137254901961
            ambientIntensity 0.6967
            transparency 0.0
            shininess 0.5
        }
    }
    geometry IndexedFaceSet {
        ccw TRUE
        solid FALSE
        coord DEF co Coordinate {
            point [
                -4.9685 -1.0882 0.1705, -4.9685 -1.0882 -0.6904, -4.6732 -1.0882 0.1705, -4.6732 -1.0882 -0.6904, -4.9685 -0.9307 0.1705, -4.6732 -0.9307 0.1705, -4.9685 -0.9307 -0.6904, -4.6732 -0.9307 -0.6904, -4.9685 -0.8853 -0.7691, -4.6732 -0.8853 -0.7691, -4.6732 -0.8719 -0.7992, -4.9685 -0.8719 -0.7992, -4.6732 -0.865 -0.8314, -4.9685 -0.865 -0.8314, -4.6732 -0.865 -0.8643, -4.9685 -0.865 -0.8643, -4.6732 -0.8719 -0.8965, -4.9685 -0.8719 -0.8965, -4.6732 -0.8853 -0.9266, -4.9685 -0.8853 -0.9266, -4.9685 -0.9307 -1.0053, -4.6732 -0.9307 -1.0053, -4.7418 -0.9307 -1.378, -4.8999 -0.9307 -1.378, -4.6732 -0.9307 -1.122, -4.9685 -0.9307 -1.122, -4.7418 -1.0882 -1.378, -4.8999 -1.0882 -1.378, -4.6732 -1.0882 -1.0053, -4.9685 -1.0882 -1.0053, -4.6732 -1.0882 -1.122, -4.9685 -1.0882 -1.122, -4.6732 -1.0858 -0.978, -4.9685 -1.0858 -0.978, -4.6732 -1.0787 -0.9515, -4.9685 -1.0787 -0.9515, -4.6732 -1.0671 -0.9266, -4.9685 -1.0671 -0.9266, -4.9685 -1.0216 -0.8479, -4.6732 -1.0216 -0.8479, -4.9685 -1.0671 -0.7691, -4.6732 -1.0671 -0.7691, -4.6732 -1.0787 -0.7442, -4.9685 -1.0787 -0.7442, -4.6732 -1.0858 -0.7177, -4.9685 -1.0858 -0.7177
            ]
        }
        coordIndex [
            0,1,2,-1,2,1,3,-1,4,0,5,-1,5,0,2,-1,6,4,7,-1,7,4,5,-1,8,6,9,-1,9,6,7,-1,8,9,10,-1,8,10,11,-1,11,10,12,-1,11,12,13,-1,13,12,14,-1,13,14,15,-1,15,14,16,-1,15,16,17,-1,17,16,18,-1,17,18,19,-1,20,19,21,-1,21,19,18,-1,22,23,24,-1,24,23,25,-1,24,25,21,-1,21,25,20,-1,26,27,22,-1,22,27,23,-1,28,29,30,-1,30,29,31,-1,30,31,26,-1,26,31,27,-1,29,28,32,-1,29,32,33,-1,33,32,34,-1,33,34,35,-1,35,34,36,-1,35,36,37,-1,38,37,39,-1,39,37,36,-1,40,38,41,-1,41,38,39,-1,40,41,42,-1,40,42,43,-1,43,42,44,-1,43,44,45,-1,45,44,3,-1,45,3,1,-1,33,20,29,-1,29,20,25,-1,29,25,31,-1,0,4,1,-1,1,4,6,-1,40,43,6,-1,6,43,45,-1,6,45,1,-1,33,35,20,-1,20,35,37,-1,20,37,19,-1,19,37,38,-1,19,38,17,-1,11,13,38,-1,38,13,15,-1,38,15,17,-1,40,6,38,-1,38,6,8,-1,38,8,11,-1,44,7,3,-1,3,7,5,-1,3,5,2,-1,30,24,28,-1,28,24,21,-1,36,34,21,-1,21,34,32,-1,21,32,28,-1,16,14,39,-1,39,14,12,-1,36,21,39,-1,39,21,18,-1,39,18,16,-1,44,42,7,-1,7,42,41,-1,7,41,9,-1,9,41,39,-1,9,39,10,-1,10,39,12,-1,22,24,26,-1,26,24,30,-1,25,23,31,-1,31,23,27,-1,
        ]
    }
}
Shape{
    appearance Appearance {
        material  Material 	{
            diffuseColor 0.0 0.0 0.0
            specularColor 0.0 0.0 0.0
            ambientIntensity 0.0
            transparency 0.0
            shininess 0.5
        }
    }
    geometry IndexedFaceSet {
        ccw TRUE
        solid FALSE
        coord DEF co Coordinate {
            point [
                -6.1043 0.5618 0.7705, -6.1043 0.5618 0.7523, -6.1004 0.5618 0.7705, -6.1004 0.5618 0.7523, -6.1043 0.6256 0.7705, -6.1004 0.6256 0.7705, -6.1043 0.6256 0.9124, -6.1004 0.6256 0.9124, -6.1043 0.6463 0.9124, -6.1004 0.6463 0.9124, -6.1043 0.6463 0.7523, -6.1004 0.6463 0.7523, -6.1043 0.4797 0.7496, -6.1004 0.4797 0.7496, -6.1004 0.47 0.7499, -6.1043 0.47 0.7499, -6.1004 0.4609 0.7509, -6.1043 0.4609 0.7509, -6.1004 0.4527 0.7525, -6.1043 0.4527 0.7525, -6.1004 0.4453 0.7546, -6.1043 0.4453 0.7546, -6.1004 0.4386 0.7573, -6.1043 0.4386 0.7573, -6.1004 0.4354 0.7589, -6.1043 0.4354 0.7589, -6.1043 0.4354 0.7787, -6.1004 0.4354 0.7787, -6.1004 0.4414 0.7754, -6.1043 0.4414 0.7754, -6.1004 0.4478 0.7728, -6.1043 0.4478 0.7728, -6.1004 0.4546 0.7707, -6.1043 0.4546 0.7707, -6.1004 0.4617 0.7692, -6.1043 0.4617 0.7692, -6.1004 0.4693 0.7683, -6.1043 0.4693 0.7683, -6.1004 0.4767 0.768, -6.1043 0.4767 0.768, -6.1004 0.4837 0.7683, -6.1043 0.4837 0.7683, -6.1004 0.4903 0.7693, -6.1043 0.4903 0.7693, -6.1004 0.4963 0.7709, -6.1043 0.4963 0.7709, -6.1004 0.5019 0.7731, -6.1043 0.5019 0.7731, -6.1004 0.5071 0.7759, -6.1043 0.5071 0.7759, -6.1004 0.5119 0.7793, -6.1043 0.5119 0.7793, -6.1004 0.5164 0.7833, -6.1043 0.5164 0.7833, -6.1004 0.5179 0.7848, -6.1043 0.5179 0.7848, -6.1004 0.5218 0.7895, -6.1043 0.5218 0.7895, -6.1004 0.5251 0.7946, -6.1043 0.5251 0.7946, -6.1004 0.5279 0.8001, -6.1043 0.5279 0.8001, -6.1004 0.5301 0.8061, -6.1043 0.5301 0.8061, -6.1004 0.5318 0.8125, -6.1043 0.5318 0.8125, -6.1004 0.533 0.8195, -6.1043 0.533 0.8195, -6.1004 0.5335 0.8271, -6.1043 0.5335 0.8271, -6.1004 0.5336 0.8305, -6.1043 0.5336 0.8305, -6.1004 0.5333 0.8388, -6.1043 0.5333 0.8388, -6.1004 0.5323 0.8466, -6.1043 0.5323 0.8466, -6.1004 0.5307 0.8537, -6.1043 0.5307 0.8537, -6.1004 0.5285 0.8601, -6.1043 0.5285 0.8601, -6.1004 0.5257 0.8661, -6.1043 0.5257 0.8661, -6.1004 0.5225 0.8715, -6.1043 0.5225 0.8715, -6.1004 0.5187 0.8765, -6.1043 0.5187 0.8765, -6.1004 0.5168 0.8787, -6.1043 0.5168 0.8787, -6.1004 0.5122 0.883, -6.1043 0.5122 0.883, -6.1004 0.5072 0.8868, -6.1043 0.5072 0.8868, -6.1004 0.502 0.8899, -6.1043 0.502 0.8899, -6.1004 0.4964 0.8924, -6.1043 0.4964 0.8924, -6.1004 0.4905 0.8943, -6.1043 0.4905 0.8943, -6.1004 0.4843 0.8956, -6.1043 0.4843 0.8956, -6.1004 0.4776 0.8963, -6.1043 0.4776 0.8963, -6.1004 0.4731 0.8964, -6.1043 0.4731 0.8964, -6.1004 0.4654 0.8961, -6.1043 0.4654 0.8961, -6.1004 0.458 0.8951, -6.1043 0.458 0.8951, -6.1004 0.451 0.8934, -6.1043 0.451 0.8934, -6.1004 0.4442 0.8911, -6.1043 0.4442 0.8911, -6.1004 0.4377 0.8882, -6.1043 0.4377 0.8882, -6.1004 0.4354 0.8869, -6.1043 0.4354 0.8869, -6.1043 0.4354 0.9085, -6.1004 0.4354 0.9085, -6.1004 0.4416 0.9109, -6.1043 0.4416 0.9109, -6.1004 0.4484 0.9127, -6.1043 0.4484 0.9127, -6.1004 0.4561 0.914, -6.1043 0.4561 0.914, -6.1004 0.4647 0.9148, -6.1043 0.4647 0.9148, -6.1004 0.4733 0.9151, -6.1043 0.4733 0.9151, -6.1004 0.4817 0.9148, -6.1043 0.4817 0.9148, -6.1004 0.4897 0.9138, -6.1043 0.4897 0.9138, -6.1004 0.4971 0.9121, -6.1043 0.4971 0.9121, -6.1004 0.5042 0.9099, -6.1043 0.5042 0.9099, -6.1004 0.5108 0.907, -6.1043 0.5108 0.907, -6.1004 0.5171 0.9036, -6.1043 0.5171 0.9036, -6.1004 0.523 0.8996, -6.1043 0.523 0.8996, -6.1004 0.5286 0.8949, -6.1043 0.5286 0.8949, -6.1004 0.5322 0.8915, -6.1043 0.5322 0.8915, -6.1004 0.5371 0.886, -6.1043 0.5371 0.886, -6.1004 0.5414 0.8802, -6.1043 0.5414 0.8802, -6.1004 0.5451 0.874, -6.1043 0.5451 0.874, -6.1004 0.5482 0.8675, -6.1043 0.5482 0.8675, -6.1004 0.5508 0.8605, -6.1043 0.5508 0.8605, -6.1004 0.5528 0.8531, -6.1043 0.5528 0.8531, -6.1004 0.5542 0.8452, -6.1043 0.5542 0.8452, -6.1004 0.5551 0.8368, -6.1043 0.5551 0.8368, -6.1004 0.5553 0.8293, -6.1043 0.5553 0.8293, -6.1004 0.555 0.8203, -6.1043 0.555 0.8203, -6.1004 0.554 0.8118, -6.1043 0.554 0.8118, -6.1004 0.5523 0.804, -6.1043 0.5523 0.804, -6.1004 0.5501 0.7967, -6.1043 0.5501 0.7967, -6.1004 0.5474 0.79, -6.1043 0.5474 0.79, -6.1004 0.544 0.7837, -6.1043 0.544 0.7837, -6.1004 0.5402 0.7779, -6.1043 0.5402 0.7779, -6.1004 0.536 0.7728, -6.1043 0.536 0.7728, -6.1004 0.5347 0.7714, -6.1043 0.5347 0.7714, -6.1004 0.5298 0.7666, -6.1043 0.5298 0.7666, -6.1004 0.5244 0.7624, -6.1043 0.5244 0.7624, -6.1004 0.5188 0.7589, -6.1043 0.5188 0.7589, -6.1004 0.5128 0.7559, -6.1043 0.5128 0.7559, -6.1004 0.5064 0.7535, -6.1043 0.5064 0.7535, -6.1004 0.4995 0.7516, -6.1043 0.4995 0.7516, -6.1004 0.4922 0.7503, -6.1043 0.4922 0.7503, -6.1004 0.4844 0.7497, -6.1043 0.4844 0.7497, -6.1043 0.3172 0.7705, -6.1043 0.3172 0.7523, -6.1004 0.3172 0.7705, -6.1004 0.3172 0.7523, -6.1043 0.3827 0.7705, -6.1004 0.3827 0.7705, -6.1043 0.3827 0.8244, -6.1004 0.3827 0.8244, -6.1043 0.3254 0.8244, -6.1004 0.3254 0.8244, -6.1043 0.3254 0.8427, -6.1004 0.3254 0.8427, -6.1043 0.3827 0.8427, -6.1004 0.3827 0.8427, -6.1043 0.3827 0.894, -6.1004 0.3827 0.894, -6.1043 0.3209 0.894, -6.1004 0.3209 0.894, -6.1043 0.3209 0.9124, -6.1004 0.3209 0.9124, -6.1043 0.4033 0.9124, -6.1004 0.4033 0.9124, -6.1043 0.4033 0.7523, -6.1004 0.4033 0.7523, -6.1043 0.2133 0.7757, -6.1043 0.2022 0.7603, -6.1043 0.2075 0.7784, -6.1043 0.1956 0.7638, -6.1043 0.2022 0.7816, -6.1043 0.1893 0.7677, -6.1043 0.1975 0.7853, -6.1043 0.1834 0.7723, -6.1043 0.1954 0.7872, -6.1043 0.1807 0.7747, -6.1043 0.1914 0.7916, -6.1043 0.1756 0.7799, -6.1043 0.1879 0.7964, -6.1043 0.1711 0.7855, -6.1043 0.1849 0.8017, -6.1043 0.1673 0.7914, -6.1043 0.1825 0.8074, -6.1043 0.1797 0.8492, -6.1043 0.1596 0.8577, -6.1043 0.1813 0.8559, -6.1043 0.1618 0.8644, -6.1043 0.1834 0.8618, -6.1043 0.1647 0.8707, -6.1043 0.1861 0.8672, -6.1043 0.1681 0.8766, -6.1043 0.1893 0.8719, -6.1043 0.1721 0.8821, -6.1043 0.1766 0.8873, -6.1043 0.193 0.8762, -6.1043 0.1807 0.8912, -6.1043 0.1959 0.8789, -6.1043 0.1867 0.896, -6.1043 0.2008 0.8827, -6.1043 0.1929 0.9001, -6.1043 0.2062 0.886, -6.1043 0.1995 0.9036, -6.1043 0.212 0.8887, -6.1043 0.2065 0.9066, -6.1043 0.2182 0.8908, -6.1043 0.2138 0.9089, -6.1043 0.225 0.8925, -6.1043 0.2215 0.9107, -6.1043 0.2323 0.8935, -6.1043 0.2297 0.9118, -6.1043 0.2401 0.894, -6.1043 0.2383 0.9124, -6.1043 0.2421 0.894, -6.1043 0.2413 0.9124, -6.1043 0.2663 0.894, -6.1043 0.287 0.9124, -6.1043 0.2663 0.7705, -6.1043 0.287 0.7523, -6.1043 0.243 0.7705, -6.1043 0.2429 0.7523, -6.1043 0.2346 0.7709, -6.1043 0.2337 0.7526, -6.1043 0.2268 0.7719, -6.1043 0.225 0.7536, -6.1043 0.2197 0.7735, -6.1043 0.2169 0.7553, -6.1043 0.2093 0.7575, -6.1043 0.164 0.7977, -6.1043 0.1613 0.8043, -6.1043 0.1806 0.8136, -6.1043 0.1593 0.8113, -6.1043 0.1793 0.8203, -6.1043 0.1578 0.8187, -6.1043 0.1785 0.8277, -6.1043 0.1569 0.8266, -6.1043 0.1783 0.8338, -6.1043 0.1566 0.8344, -6.1043 0.1787 0.8418, -6.1043 0.1569 0.8426, -6.1043 0.1579 0.8504, -6.1004 0.2008 0.8827, -6.1004 0.1867 0.896, -6.1004 0.1959 0.8789, -6.1004 0.1807 0.8912, -6.1004 0.193 0.8762, -6.1004 0.1766 0.8873, -6.1004 0.1893 0.8719, -6.1004 0.1721 0.8821, -6.1004 0.1861 0.8672, -6.1004 0.1681 0.8766, -6.1004 0.1834 0.8618, -6.1004 0.1647 0.8707, -6.1004 0.1813 0.8559, -6.1004 0.2075 0.7784, -6.1004 0.2022 0.7603, -6.1004 0.2133 0.7757, -6.1004 0.2093 0.7575, -6.1004 0.2197 0.7735, -6.1004 0.2169 0.7553, -6.1004 0.2268 0.7719, -6.1004 0.225 0.7536, -6.1004 0.2346 0.7709, -6.1004 0.2337 0.7526, -6.1004 0.243 0.7705, -6.1004 0.2429 0.7523, -6.1004 0.2663 0.7705, -6.1004 0.287 0.7523, -6.1004 0.2663 0.894, -6.1004 0.287 0.9124, -6.1004 0.2421 0.894, -6.1004 0.2413 0.9124, -6.1004 0.2401 0.894, -6.1004 0.2383 0.9124, -6.1004 0.2323 0.8935, -6.1004 0.2297 0.9118, -6.1004 0.225 0.8925, -6.1004 0.2215 0.9107, -6.1004 0.2182 0.8908, -6.1004 0.2138 0.9089, -6.1004 0.212 0.8887, -6.1004 0.2065 0.9066, -6.1004 0.2062 0.886, -6.1004 0.1995 0.9036, -6.1004 0.1929 0.9001, -6.1004 0.1806 0.8136, -6.1004 0.1613 0.8043, -6.1004 0.1825 0.8074, -6.1004 0.164 0.7977, -6.1004 0.1849 0.8017, -6.1004 0.1673 0.7914, -6.1004 0.1879 0.7964, -6.1004 0.1711 0.7855, -6.1004 0.1914 0.7916, -6.1004 0.1756 0.7799, -6.1004 0.1954 0.7872, -6.1004 0.1807 0.7747, -6.1004 0.1975 0.7853, -6.1004 0.1834 0.7723, -6.1004 0.2022 0.7816, -6.1004 0.1893 0.7677, -6.1004 0.1956 0.7638, -6.1004 0.1618 0.8644, -6.1004 0.1596 0.8577, -6.1004 0.1797 0.8492, -6.1004 0.1579 0.8504, -6.1004 0.1787 0.8418, -6.1004 0.1569 0.8426, -6.1004 0.1783 0.8338, -6.1004 0.1566 0.8344, -6.1004 0.1785 0.8277, -6.1004 0.1569 0.8266, -6.1004 0.1793 0.8203, -6.1004 0.1578 0.8187, -6.1004 0.1593 0.8113, -6.1043 0.1029 0.8141, -6.1043 0.079 0.8807, -6.1043 0.0867 0.9124, -6.1043 0.1477 0.7523, -6.1043 0.1249 0.7523, -6.1043 0.1095 0.7961, -6.1043 0.0776 0.8855, -6.1043 0.0764 0.8919, -6.1043 0.0646 0.9124, -6.1043 0.0759 0.8919, -6.1043 0.0746 0.8852, -6.1043 0.0734 0.8807, -6.1043 0.0492 0.8141, -6.1043 0.0036 0.7523, -6.1043 0.0265 0.7523, -6.1043 0.0428 0.7961, -6.1004 0.1095 0.7961, -6.1004 0.1029 0.8141, -6.1004 0.0428 0.7961, -6.1004 0.0492 0.8141, -6.1004 0.0734 0.8807, -6.1004 0.0646 0.9124, -6.1004 0.0036 0.7523, -6.1004 0.0265 0.7523, -6.1004 0.0746 0.8852, -6.1004 0.0759 0.8919, -6.1004 0.0867 0.9124, -6.1004 0.0764 0.8919, -6.1004 0.0776 0.8855, -6.1004 0.079 0.8807, -6.1004 0.1477 0.7523, -6.1004 0.1249 0.7523, -6.1043 0.5602 0.5165, -6.1043 0.5602 0.4982, -6.1004 0.5602 0.5165, -6.1004 0.5602 0.4982, -6.1043 0.6256 0.5165, -6.1004 0.6256 0.5165, -6.1043 0.6256 0.5703, -6.1004 0.6256 0.5703, -6.1043 0.5684 0.5703, -6.1004 0.5684 0.5703, -6.1043 0.5684 0.5887, -6.1004 0.5684 0.5887, -6.1043 0.6256 0.5887, -6.1004 0.6256 0.5887, -6.1043 0.6256 0.6399, -6.1004 0.6256 0.6399, -6.1043 0.5638 0.6399, -6.1004 0.5638 0.6399, -6.1043 0.5638 0.6583, -6.1004 0.5638 0.6583, -6.1043 0.6463 0.6583, -6.1004 0.6463 0.6583, -6.1043 0.6463 0.4982, -6.1004 0.6463 0.4982, -6.1043 0.5067 0.5496, -6.1043 0.5022 0.5509, -6.1043 0.4691 0.5709, -6.1043 0.4959 0.552, -6.1043 0.4763 0.5934, -6.1043 0.4655 0.6093, -6.1043 0.4786 0.5953, -6.1043 0.4691 0.6112, -6.1043 0.4813 0.5968, -6.1043 0.473 0.6127, -6.1043 0.4845 0.5979, -6.1043 0.4691 0.5436, -6.1043 0.4695 0.5393, -6.1043 0.4491 0.5718, -6.1043 0.5169 0.5192, -6.1043 0.5185 0.5216, -6.1043 0.5352 0.509, -6.1043 0.5313 0.5544, -6.1043 0.5172 0.5428, -6.1043 0.5153 0.545, -6.1043 0.5103 0.5483, -6.1043 0.503 0.5662, -6.1043 0.5094 0.565, -6.1043 0.4691 0.4982, -6.1043 0.4491 0.4982, -6.1043 0.4691 0.5159, -6.1043 0.4702 0.5351, -6.1043 0.4726 0.5884, -6.1043 0.4569 0.6013, -6.1043 0.4743 0.5911, -6.1043 0.4594 0.6044, -6.1043 0.4623 0.607, -6.1043 0.532 0.5537, -6.1043 0.5345 0.5507, -6.1043 0.5186 0.5403, -6.1043 0.5366 0.5475, -6.1043 0.5197 0.5375, -6.1043 0.5152 0.5635, -6.1043 0.5202 0.5616, -6.1043 0.513 0.5468, -6.1043 0.5245 0.5595, -6.1043 0.5282 0.557, -6.1043 0.4702 0.5816, -6.1043 0.4512 0.5893, -6.1043 0.4712 0.5853, -6.1043 0.4528 0.5939, -6.1043 0.4547 0.5979, -6.1043 0.5148 0.5171, -6.1043 0.5246 0.4999, -6.1043 0.5124 0.5153, -6.1043 0.5209 0.4982, -6.1043 0.5096 0.5138, -6.1043 0.5168 0.4969, -6.1043 0.5066 0.5128, -6.1043 0.5328 0.5061, -6.1043 0.5311 0.5045, -6.1043 0.528 0.502, -6.1043 0.5204 0.5272, -6.1043 0.54 0.5198, -6.1043 0.5196 0.5242, -6.1043 0.5388 0.5158, -6.1043 0.5372 0.5123, -6.1043 0.4493 0.5783, -6.1043 0.4691 0.5556, -6.1043 0.4691 0.5446, -6.1043 0.4695 0.5773, -6.1043 0.45 0.5841, -6.1043 0.4691 0.5723, -6.1043 0.5383 0.5439, -6.1043 0.5396 0.5401, -6.1043 0.5204 0.5343, -6.1043 0.5405 0.5359, -6.1043 0.5206 0.5305, -6.1043 0.4775 0.6139, -6.1043 0.4824 0.6148, -6.1043 0.4882 0.5987, -6.1043 0.4879 0.6152, -6.1043 0.4923 0.5989, -6.1043 0.4904 0.6152, -6.1043 0.4943 0.5989, -6.1043 0.4972 0.615, -6.1043 0.4997 0.5984, -6.1043 0.5036 0.6142, -6.1043 0.5049 0.5975, -6.1043 0.5097 0.613, -6.1043 0.51 0.5961, -6.1043 0.5155 0.6113, -6.1043 0.5151 0.5942, -6.1043 0.521 0.6092, -6.1043 0.5201 0.5917, -6.1043 0.5262 0.6066, -6.1043 0.525 0.5887, -6.1043 0.5298 0.6046, -6.1043 0.5298 0.5851, -6.1043 0.4714 0.5313, -6.1043 0.4731 0.5277, -6.1043 0.4697 0.5159, -6.1043 0.4752 0.5244, -6.1043 0.4707 0.5142, -6.1043 0.4953 0.5122, -6.1043 0.4907 0.4977, -6.1043 0.4914 0.513, -6.1043 0.4868 0.4993, -6.1043 0.4878 0.5141, -6.1043 0.4831 0.5014, -6.1043 0.4845 0.5158, -6.1043 0.5409 0.5313, -6.1043 0.541 0.5288, -6.1043 0.5407 0.5241, -6.1043 0.4796 0.5039, -6.1043 0.4764 0.5068, -6.1043 0.4814 0.5179, -6.1043 0.4734 0.5103, -6.1043 0.4786 0.5204, -6.1043 0.4777 0.5213, -6.1043 0.5124 0.496, -6.1043 0.5075 0.4956, -6.1043 0.5032 0.5122, -6.1043 0.5047 0.4955, -6.1043 0.4995 0.512, -6.1043 0.4997 0.4958, -6.1043 0.495 0.4965, -6.1004 0.525 0.5887, -6.1004 0.5298 0.5851, -6.1004 0.5298 0.6046, -6.1004 0.4786 0.5953, -6.1004 0.4655 0.6093, -6.1004 0.4763 0.5934, -6.1004 0.4623 0.607, -6.1004 0.4743 0.5911, -6.1004 0.5169 0.5192, -6.1004 0.5352 0.509, -6.1004 0.5185 0.5216, -6.1004 0.5372 0.5123, -6.1004 0.5196 0.5242, -6.1004 0.4702 0.5351, -6.1004 0.4695 0.5393, -6.1004 0.4491 0.5718, -6.1004 0.4707 0.5142, -6.1004 0.4734 0.5103, -6.1004 0.4814 0.5179, -6.1004 0.4764 0.5068, -6.1004 0.4845 0.5158, -6.1004 0.4796 0.5039, -6.1004 0.4878 0.5141, -6.1004 0.4831 0.5014, -6.1004 0.4914 0.513, -6.1004 0.4594 0.6044, -6.1004 0.4569 0.6013, -6.1004 0.4726 0.5884, -6.1004 0.4547 0.5979, -6.1004 0.4712 0.5853, -6.1004 0.4882 0.5987, -6.1004 0.4824 0.6148, -6.1004 0.4845 0.5979, -6.1004 0.4775 0.6139, -6.1004 0.4813 0.5968, -6.1004 0.473 0.6127, -6.1004 0.4691 0.6112, -6.1004 0.4714 0.5313, -6.1004 0.4691 0.5159, -6.1004 0.4691 0.4982, -6.1004 0.4491 0.4982, -6.1004 0.5153 0.545, -6.1004 0.5245 0.5595, -6.1004 0.513 0.5468, -6.1004 0.5202 0.5616, -6.1004 0.5103 0.5483, -6.1004 0.5152 0.5635, -6.1004 0.5067 0.5496, -6.1004 0.5094 0.565, -6.1004 0.5022 0.5509, -6.1004 0.503 0.5662, -6.1004 0.5172 0.5428, -6.1004 0.5313 0.5544, -6.1004 0.5282 0.557, -6.1004 0.5148 0.5171, -6.1004 0.5311 0.5045, -6.1004 0.5328 0.5061, -6.1004 0.5124 0.5153, -6.1004 0.5246 0.4999, -6.1004 0.528 0.502, -6.1004 0.4786 0.5204, -6.1004 0.4777 0.5213, -6.1004 0.4697 0.5159, -6.1004 0.4752 0.5244, -6.1004 0.4731 0.5277, -6.1004 0.5186 0.5403, -6.1004 0.5345 0.5507, -6.1004 0.532 0.5537, -6.1004 0.4691 0.5556, -6.1004 0.4493 0.5783, -6.1004 0.4691 0.5446, -6.1004 0.4691 0.5436, -6.1004 0.5388 0.5158, -6.1004 0.54 0.5198, -6.1004 0.5204 0.5272, -6.1004 0.5032 0.5122, -6.1004 0.5075 0.4956, -6.1004 0.5066 0.5128, -6.1004 0.5124 0.496, -6.1004 0.5096 0.5138, -6.1004 0.5168 0.4969, -6.1004 0.5209 0.4982, -6.1004 0.4868 0.4993, -6.1004 0.4907 0.4977, -6.1004 0.4953 0.5122, -6.1004 0.495 0.4965, -6.1004 0.4995 0.512, -6.1004 0.4997 0.4958, -6.1004 0.5047 0.4955, -6.1004 0.4528 0.5939, -6.1004 0.4512 0.5893, -6.1004 0.4702 0.5816, -6.1004 0.45 0.5841, -6.1004 0.4695 0.5773, -6.1004 0.4691 0.5723, -6.1004 0.4691 0.5709, -6.1004 0.4959 0.552, -6.1004 0.5204 0.5343, -6.1004 0.5396 0.5401, -6.1004 0.5197 0.5375, -6.1004 0.5383 0.5439, -6.1004 0.5366 0.5475, -6.1004 0.5407 0.5241, -6.1004 0.541 0.5288, -6.1004 0.5206 0.5305, -6.1004 0.5409 0.5313, -6.1004 0.5405 0.5359, -6.1004 0.5201 0.5917, -6.1004 0.5262 0.6066, -6.1004 0.5151 0.5942, -6.1004 0.521 0.6092, -6.1004 0.51 0.5961, -6.1004 0.5155 0.6113, -6.1004 0.5049 0.5975, -6.1004 0.5097 0.613, -6.1004 0.4997 0.5984, -6.1004 0.5036 0.6142, -6.1004 0.4943 0.5989, -6.1004 0.4972 0.615, -6.1004 0.4923 0.5989, -6.1004 0.4904 0.6152, -6.1004 0.4879 0.6152, -6.1043 0.3889 0.5119, -6.1004 0.3889 0.5119, -6.1004 0.394 0.5121, -6.1043 0.394 0.5121, -6.1004 0.399 0.5128, -6.1043 0.399 0.5128, -6.1004 0.4039 0.514, -6.1043 0.4039 0.514, -6.1004 0.4087 0.5156, -6.1043 0.4087 0.5156, -6.1004 0.4134 0.5178, -6.1043 0.4134 0.5178, -6.1004 0.418 0.5204, -6.1043 0.418 0.5204, -6.1004 0.4219 0.5229, -6.1043 0.4219 0.5229, -6.1043 0.4219 0.5022, -6.1004 0.4219 0.5022, -6.1004 0.4171 0.5001, -6.1043 0.4171 0.5001, -6.1004 0.412 0.4984, -6.1043 0.412 0.4984, -6.1004 0.4066 0.497, -6.1043 0.4066 0.497, -6.1004 0.4009 0.4961, -6.1043 0.4009 0.4961, -6.1004 0.3948 0.4956, -6.1043 0.3948 0.4956, -6.1004 0.3909 0.4955, -6.1043 0.3909 0.4955, -6.1004 0.3845 0.4957, -6.1043 0.3845 0.4957, -6.1004 0.3785 0.4964, -6.1043 0.3785 0.4964, -6.1004 0.3731 0.4976, -6.1043 0.3731 0.4976, -6.1004 0.3682 0.4991, -6.1043 0.3682 0.4991, -6.1004 0.3637 0.5009, -6.1043 0.3637 0.5009, -6.1004 0.3597 0.5032, -6.1043 0.3597 0.5032, -6.1004 0.3575 0.5046, -6.1043 0.3575 0.5046, -6.1004 0.3543 0.5071, -6.1043 0.3543 0.5071, -6.1004 0.3516 0.5099, -6.1043 0.3516 0.5099, -6.1004 0.3493 0.5128, -6.1043 0.3493 0.5128, -6.1004 0.3475 0.5159, -6.1043 0.3475 0.5159, -6.1004 0.3462 0.5193, -6.1043 0.3462 0.5193, -6.1004 0.3452 0.5228, -6.1043 0.3452 0.5228, -6.1004 0.3447 0.5266, -6.1043 0.3447 0.5266, -6.1004 0.3446 0.5293, -6.1043 0.3446 0.5293, -6.1004 0.3449 0.5334, -6.1043 0.3449 0.5334, -6.1004 0.3456 0.5372, -6.1043 0.3456 0.5372, -6.1004 0.3467 0.5407, -6.1043 0.3467 0.5407, -6.1004 0.3482 0.5439, -6.1043 0.3482 0.5439, -6.1004 0.3502 0.5468, -6.1043 0.3502 0.5468, -6.1004 0.3514 0.5482, -6.1043 0.3514 0.5482, -6.1004 0.3539 0.5507, -6.1043 0.3539 0.5507, -6.1004 0.3571 0.5532, -6.1043 0.3571 0.5532, -6.1004 0.3612 0.5558, -6.1043 0.3612 0.5558, -6.1004 0.3664 0.5585, -6.1043 0.3664 0.5585, -6.1004 0.3728 0.5613, -6.1043 0.3728 0.5613, -6.1004 0.3772 0.5631, -6.1043 0.3772 0.5631, -6.1004 0.3859 0.5667, -6.1043 0.3859 0.5667, -6.1004 0.3913 0.5693, -6.1043 0.3913 0.5693, -6.1004 0.3949 0.5714, -6.1043 0.3949 0.5714, -6.1004 0.3967 0.5729, -6.1043 0.3967 0.5729, -6.1004 0.3984 0.5747, -6.1043 0.3984 0.5747, -6.1004 0.3997 0.5767, -6.1043 0.3997 0.5767, -6.1004 0.4005 0.579, -6.1043 0.4005 0.579, -6.1004 0.401 0.5816, -6.1043 0.401 0.5816, -6.1004 0.4011 0.5835, -6.1043 0.4011 0.5835, -6.1004 0.4009 0.5861, -6.1043 0.4009 0.5861, -6.1004 0.4002 0.5885, -6.1043 0.4002 0.5885, -6.1004 0.399 0.5906, -6.1043 0.399 0.5906, -6.1004 0.3975 0.5926, -6.1043 0.3975 0.5926, -6.1004 0.3955 0.5943, -6.1043 0.3955 0.5943, -6.1004 0.395 0.5947, -6.1043 0.395 0.5947, -6.1004 0.3924 0.5962, -6.1043 0.3924 0.5962, -6.1004 0.3894 0.5974, -6.1043 0.3894 0.5974, -6.1004 0.3861 0.5983, -6.1043 0.3861 0.5983, -6.1004 0.3823 0.5988, -6.1043 0.3823 0.5988, -6.1004 0.3792 0.5989, -6.1043 0.3792 0.5989, -6.1004 0.3738 0.5987, -6.1043 0.3738 0.5987, -6.1004 0.3687 0.598, -6.1043 0.3687 0.598, -6.1004 0.3638 0.5968, -6.1043 0.3638 0.5968, -6.1004 0.3591 0.5952, -6.1043 0.3591 0.5952, -6.1004 0.3546 0.5932, -6.1043 0.3546 0.5932, -6.1004 0.3501 0.5906, -6.1043 0.3501 0.5906, -6.1043 0.3501 0.6101, -6.1004 0.3501 0.6101, -6.1004 0.3553 0.612, -6.1043 0.3553 0.612, -6.1004 0.3607 0.6134, -6.1043 0.3607 0.6134, -6.1004 0.3663 0.6145, -6.1043 0.3663 0.6145, -6.1004 0.3721 0.615, -6.1043 0.3721 0.615, -6.1004 0.3772 0.6152, -6.1043 0.3772 0.6152, -6.1004 0.3831 0.615, -6.1043 0.3831 0.615, -6.1004 0.3887 0.6143, -6.1043 0.3887 0.6143, -6.1004 0.3938 0.6131, -6.1043 0.3938 0.6131, -6.1004 0.3986 0.6116, -6.1043 0.3986 0.6116, -6.1004 0.403 0.6097, -6.1043 0.403 0.6097, -6.1004 0.4071 0.6073, -6.1043 0.4071 0.6073, -6.1004 0.4089 0.6061, -6.1043 0.4089 0.6061, -6.1004 0.4122 0.6035, -6.1043 0.4122 0.6035, -6.1004 0.415 0.6006, -6.1043 0.415 0.6006, -6.1004 0.4173 0.5976, -6.1043 0.4173 0.5976, -6.1004 0.419 0.5944, -6.1043 0.419 0.5944, -6.1004 0.4204 0.5911, -6.1043 0.4204 0.5911, -6.1004 0.4212 0.5876, -6.1043 0.4212 0.5876, -6.1004 0.4217 0.5838, -6.1043 0.4217 0.5838, -6.1004 0.4218 0.5817, -6.1043 0.4218 0.5817, -6.1004 0.4215 0.5775, -6.1043 0.4215 0.5775, -6.1004 0.4208 0.5736, -6.1043 0.4208 0.5736, -6.1004 0.4197 0.5701, -6.1043 0.4197 0.5701, -6.1004 0.4182 0.5668, -6.1043 0.4182 0.5668, -6.1004 0.4163 0.564, -6.1043 0.4163 0.564, -6.1004 0.4161 0.5636, -6.1043 0.4161 0.5636, -6.1004 0.414 0.5613, -6.1043 0.414 0.5613, -6.1004 0.4113 0.559, -6.1043 0.4113 0.559, -6.1004 0.4077 0.5565, -6.1043 0.4077 0.5565, -6.1004 0.403 0.5538, -6.1043 0.403 0.5538, -6.1004 0.397 0.5509, -6.1043 0.397 0.5509, -6.1004 0.3914 0.5485, -6.1043 0.3914 0.5485, -6.1004 0.3826 0.545, -6.1043 0.3826 0.545, -6.1004 0.3768 0.5423, -6.1043 0.3768 0.5423, -6.1004 0.3728 0.54, -6.1043 0.3728 0.54, -6.1004 0.3704 0.5382, -6.1043 0.3704 0.5382, -6.1004 0.3684 0.5363, -6.1043 0.3684 0.5363, -6.1004 0.3669 0.5341, -6.1043 0.3669 0.5341, -6.1004 0.3659 0.5319, -6.1043 0.3659 0.5319, -6.1004 0.3654 0.5294, -6.1043 0.3654 0.5294, -6.1004 0.3652 0.5274, -6.1043 0.3652 0.5274, -6.1004 0.3655 0.5245, -6.1043 0.3655 0.5245, -6.1004 0.3661 0.5219, -6.1043 0.3661 0.5219, -6.1004 0.3672 0.5197, -6.1043 0.3672 0.5197, -6.1004 0.3687 0.5178, -6.1043 0.3687 0.5178, -6.1004 0.3706 0.5161, -6.1043 0.3706 0.5161, -6.1004 0.3729 0.5147, -6.1043 0.3729 0.5147, -6.1004 0.3758 0.5136, -6.1043 0.3758 0.5136, -6.1004 0.3792 0.5127, -6.1043 0.3792 0.5127, -6.1004 0.3834 0.5121, -6.1043 0.3834 0.5121, -6.1043 0.2452 0.6126, -6.1043 0.2244 0.6126, -6.1004 0.2452 0.6126, -6.1004 0.2244 0.6126, -6.1043 0.2764 0.5265, -6.1004 0.2764 0.5265, -6.1004 0.278 0.5211, -6.1043 0.278 0.5211, -6.1004 0.2789 0.5172, -6.1043 0.2789 0.5172, -6.1043 0.2794 0.5172, -6.1004 0.2794 0.5172, -6.1043 0.2819 0.5266, -6.1004 0.2819 0.5266, -6.1043 0.3118 0.6126, -6.1004 0.3118 0.6126, -6.1043 0.3342 0.6126, -6.1004 0.3342 0.6126, -6.1043 0.2893 0.4985, -6.1004 0.2893 0.4985, -6.1043 0.2981 0.4777, -6.1004 0.2981 0.4777, -6.1004 0.3005 0.4729, -6.1043 0.3005 0.4729, -6.1004 0.3029 0.4694, -6.1043 0.3029 0.4694, -6.1004 0.3057 0.4664, -6.1043 0.3057 0.4664, -6.1004 0.3086 0.4642, -6.1043 0.3086 0.4642, -6.1004 0.3118 0.4627, -6.1043 0.3118 0.4627, -6.1004 0.3152 0.4618, -6.1043 0.3152 0.4618, -6.1004 0.3187 0.4615, -6.1043 0.3187 0.4615, -6.1004 0.323 0.4619, -6.1043 0.323 0.4619, -6.1004 0.3274 0.4629, -6.1043 0.3274 0.4629, -6.1004 0.3301 0.4638, -6.1043 0.3301 0.4638, -6.1043 0.3301 0.446, -6.1004 0.3301 0.446, -6.1004 0.3253 0.4449, -6.1043 0.3253 0.4449, -6.1004 0.3198 0.4444, -6.1043 0.3198 0.4444, -6.1004 0.3171 0.4443, -6.1043 0.3171 0.4443, -6.1004 0.3122 0.4447, -6.1043 0.3122 0.4447, -6.1004 0.3076 0.4457, -6.1043 0.3076 0.4457, -6.1004 0.3031 0.4473, -6.1043 0.3031 0.4473, -6.1004 0.299 0.4495, -6.1043 0.299 0.4495, -6.1004 0.2949 0.4525, -6.1043 0.2949 0.4525, -6.1004 0.291 0.4562, -6.1043 0.291 0.4562, -6.1004 0.2873 0.4606, -6.1043 0.2873 0.4606, -6.1004 0.2836 0.466, -6.1043 0.2836 0.466, -6.1004 0.2802 0.4723, -6.1043 0.2802 0.4723, -6.1004 0.2768 0.4797, -6.1043 0.2768 0.4797, -6.1004 0.2763 0.4809, -6.1043 0.2763 0.4809, -6.1043 0.1167 0.5165, -6.1043 0.1167 0.4982, -6.1004 0.1167 0.5165, -6.1004 0.1167 0.4982, -6.1043 0.1821 0.5165, -6.1004 0.1821 0.5165, -6.1043 0.1821 0.5703, -6.1004 0.1821 0.5703, -6.1043 0.1249 0.5703, -6.1004 0.1249 0.5703, -6.1043 0.1249 0.5887, -6.1004 0.1249 0.5887, -6.1043 0.1821 0.5887, -6.1004 0.1821 0.5887, -6.1043 0.1821 0.6399, -6.1004 0.1821 0.6399, -6.1043 0.1203 0.6399, -6.1004 0.1203 0.6399, -6.1043 0.1203 0.6583, -6.1004 0.1203 0.6583, -6.1043 0.2028 0.6583, -6.1004 0.2028 0.6583, -6.1043 0.2028 0.4982, -6.1004 0.2028 0.4982, -6.1043 0.0127 0.5216, -6.1043 0.0017 0.5063, -6.1043 0.0069 0.5243, -6.1043 -0.005 0.5097, -6.1043 0.0017 0.5276, -6.1043 -0.0112 0.5137, -6.1043 -0.0031 0.5313, -6.1043 -0.0171 0.5182, -6.1043 -0.0051 0.5332, -6.1043 -0.0198 0.5206, -6.1043 -0.0092 0.5376, -6.1043 -0.0249 0.5259, -6.1043 -0.0126 0.5424, -6.1043 -0.0294 0.5315, -6.1043 -0.0156 0.5476, -6.1043 -0.0333 0.5374, -6.1043 -0.018 0.5533, -6.1043 -0.0209 0.5952, -6.1043 -0.041 0.6036, -6.1043 -0.0193 0.6018, -6.1043 -0.0387 0.6104, -6.1043 -0.0171 0.6078, -6.1043 -0.0359 0.6167, -6.1043 -0.0144 0.6131, -6.1043 -0.0325 0.6226, -6.1043 -0.0113 0.6179, -6.1043 -0.0285 0.6281, -6.1043 -0.0239 0.6333, -6.1043 -0.0076 0.6221, -6.1043 -0.0198 0.6371, -6.1043 -0.0047 0.6249, -6.1043 -0.0139 0.6419, -6.1043 0.0003 0.6287, -6.1043 -0.0076 0.6461, -6.1043 0.0057 0.6319, -6.1043 -0.001 0.6496, -6.1043 0.0114 0.6346, -6.1043 0.0059 0.6525, -6.1043 0.0177 0.6368, -6.1043 0.0132 0.6549, -6.1043 0.0245 0.6384, -6.1043 0.0209 0.6566, -6.1043 0.0318 0.6395, -6.1043 0.0291 0.6578, -6.1043 0.0396 0.6399, -6.1043 0.0378 0.6583, -6.1043 0.0416 0.6399, -6.1043 0.0407 0.6583, -6.1043 0.0657 0.6399, -6.1043 0.0864 0.6583, -6.1043 0.0657 0.5165, -6.1043 0.0864 0.4982, -6.1043 0.0425 0.5165, -6.1043 0.0424 0.4982, -6.1043 0.0341 0.5168, -6.1043 0.0332 0.4986, -6.1043 0.0262 0.5178, -6.1043 0.0245 0.4996, -6.1043 0.0192 0.5194, -6.1043 0.0164 0.5012, -6.1043 0.0088 0.5035, -6.1043 -0.0365 0.5436, -6.1043 -0.0392 0.5502, -6.1043 -0.0199 0.5595, -6.1043 -0.0413 0.5572, -6.1043 -0.0213 0.5663, -6.1043 -0.0428 0.5647, -6.1043 -0.022 0.5737, -6.1043 -0.0437 0.5726, -6.1043 -0.0222 0.5798, -6.1043 -0.044 0.5803, -6.1043 -0.0219 0.5878, -6.1043 -0.0436 0.5886, -6.1043 -0.0426 0.5964, -6.1004 0.0003 0.6287, -6.1004 -0.0139 0.6419, -6.1004 -0.0047 0.6249, -6.1004 -0.0198 0.6371, -6.1004 -0.0076 0.6221, -6.1004 -0.0239 0.6333, -6.1004 -0.0113 0.6179, -6.1004 -0.0285 0.6281, -6.1004 -0.0144 0.6131, -6.1004 -0.0325 0.6226, -6.1004 -0.0171 0.6078, -6.1004 -0.0359 0.6167, -6.1004 -0.0193 0.6018, -6.1004 0.0069 0.5243, -6.1004 0.0017 0.5063, -6.1004 0.0127 0.5216, -6.1004 0.0088 0.5035, -6.1004 0.0192 0.5194, -6.1004 0.0164 0.5012, -6.1004 0.0262 0.5178, -6.1004 0.0245 0.4996, -6.1004 0.0341 0.5168, -6.1004 0.0332 0.4986, -6.1004 0.0425 0.5165, -6.1004 0.0424 0.4982, -6.1004 0.0657 0.5165, -6.1004 0.0864 0.4982, -6.1004 0.0657 0.6399, -6.1004 0.0864 0.6583, -6.1004 0.0416 0.6399, -6.1004 0.0407 0.6583, -6.1004 0.0396 0.6399, -6.1004 0.0378 0.6583, -6.1004 0.0318 0.6395, -6.1004 0.0291 0.6578, -6.1004 0.0245 0.6384, -6.1004 0.0209 0.6566, -6.1004 0.0177 0.6368, -6.1004 0.0132 0.6549, -6.1004 0.0114 0.6346, -6.1004 0.0059 0.6525, -6.1004 0.0057 0.6319, -6.1004 -0.001 0.6496, -6.1004 -0.0076 0.6461, -6.1004 -0.0199 0.5595, -6.1004 -0.0392 0.5502, -6.1004 -0.018 0.5533, -6.1004 -0.0365 0.5436, -6.1004 -0.0156 0.5476, -6.1004 -0.0333 0.5374, -6.1004 -0.0126 0.5424, -6.1004 -0.0294 0.5315, -6.1004 -0.0092 0.5376, -6.1004 -0.0249 0.5259, -6.1004 -0.0051 0.5332, -6.1004 -0.0198 0.5206, -6.1004 -0.0031 0.5313, -6.1004 -0.0171 0.5182, -6.1004 0.0017 0.5276, -6.1004 -0.0112 0.5137, -6.1004 -0.005 0.5097, -6.1004 -0.0387 0.6104, -6.1004 -0.041 0.6036, -6.1004 -0.0209 0.5952, -6.1004 -0.0426 0.5964, -6.1004 -0.0219 0.5878, -6.1004 -0.0436 0.5886, -6.1004 -0.0222 0.5798, -6.1004 -0.044 0.5803, -6.1004 -0.022 0.5737, -6.1004 -0.0437 0.5726, -6.1004 -0.0213 0.5663, -6.1004 -0.0428 0.5647, -6.1004 -0.0413 0.5572, -6.1043 -0.0976 0.5601, -6.1043 -0.1216 0.6267, -6.1043 -0.1138 0.6583, -6.1043 -0.0528 0.4982, -6.1043 -0.0757 0.4982, -6.1043 -0.0911 0.542, -6.1043 -0.123 0.6314, -6.1043 -0.1242 0.6379, -6.1043 -0.1359 0.6583, -6.1043 -0.1247 0.6379, -6.1043 -0.126 0.6311, -6.1043 -0.1272 0.6267, -6.1043 -0.1514 0.5601, -6.1043 -0.1969 0.4982, -6.1043 -0.1741 0.4982, -6.1043 -0.1578 0.542, -6.1004 -0.0911 0.542, -6.1004 -0.0976 0.5601, -6.1004 -0.1578 0.542, -6.1004 -0.1514 0.5601, -6.1004 -0.1272 0.6267, -6.1004 -0.1359 0.6583, -6.1004 -0.1969 0.4982, -6.1004 -0.1741 0.4982, -6.1004 -0.126 0.6311, -6.1004 -0.1247 0.6379, -6.1004 -0.1138 0.6583, -6.1004 -0.1242 0.6379, -6.1004 -0.123 0.6314, -6.1004 -0.1216 0.6267, -6.1004 -0.0528 0.4982, -6.1004 -0.0757 0.4982, -6.1043 1.3365 0.4546, -6.1043 1.3241 0.4441, -6.1043 1.3638 0.5762, -6.1043 1.2661 0.7822, -6.1043 1.2579 0.7777, -6.1043 1.2932 0.8609, -6.1043 1.1914 0.8624, -6.1043 1.172 0.8729, -6.1043 1.2075 0.9321, -6.1043 0.965 0.8039, -6.1043 0.9556 0.7838, -6.1043 0.8902 0.8062, -6.1043 0.9491 0.7627, -6.1043 0.946 0.7447, -6.1043 0.9028 0.5735, -6.1043 0.9185 0.5687, -6.1043 0.9017 0.501, -6.1043 1.3649 0.4999, -6.1043 1.358 0.4833, -6.1043 1.3485 0.4681, -6.1043 0.9835 0.632, -6.1043 1.0188 0.6924, -6.1043 1.1429 0.5478, -6.1043 1.1714 0.6127, -6.1043 1.1429 0.5364, -6.1043 1.2045 0.4353, -6.1043 1.1439 0.5218, -6.1043 1.1891 0.445, -6.1043 1.1764 0.456, -6.1043 1.2171 0.5527, -6.1043 1.2141 0.5424, -6.1043 1.2137 0.5313, -6.1043 1.2161 0.5203, -6.1043 1.2212 0.5104, -6.1043 1.2932 0.5621, -6.1043 1.3587 0.5879, -6.1043 1.2988 0.5525, -6.1043 1.3019 0.5417, -6.1043 1.3511 0.79, -6.1043 1.3657 0.8572, -6.1043 1.3879 0.8499, -6.1043 1.2877 0.5023, -6.1043 1.2786 0.496, -6.1043 1.3082 0.4346, -6.1043 1.2681 0.492, -6.1043 0.9232 0.4977, -6.1043 0.93 0.5671, -6.1043 0.9904 0.4977, -6.1043 0.9813 0.5671, -6.1043 0.996 0.4985, -6.1043 1.1833 0.9422, -6.1043 1.1513 0.8805, -6.1043 1.1584 0.9495, -6.1043 1.3802 0.5854, -6.1043 1.3996 0.5125, -6.1043 1.3778 0.5037, -6.1043 1.3685 0.7831, -6.1043 1.4091 0.8397, -6.1043 1.3845 0.7734, -6.1043 1.4291 0.8269, -6.1043 1.3987 0.7614, -6.1043 1.1643 0.4701, -6.1043 1.1547 0.4861, -6.1043 1.1478 0.5035, -6.1043 1.2509 0.6512, -6.1043 1.2568 0.6514, -6.1043 1.2579 0.5796, -6.1043 1.2749 0.6499, -6.1043 1.2686 0.5783, -6.1043 1.2922 0.6456, -6.1043 1.2786 0.5745, -6.1043 1.2335 0.649, -6.1043 1.2502 0.579, -6.1043 1.2157 0.6438, -6.1043 1.2395 0.5756, -6.1043 1.1991 0.6358, -6.1043 1.2301 0.5698, -6.1043 1.1843 0.6254, -6.1043 1.3087 0.6386, -6.1043 1.3227 0.63, -6.1043 1.2876 0.5682, -6.1043 1.3368 0.6181, -6.1043 1.349 0.6039, -6.1043 0.8518 0.6815, -6.1043 0.7915 0.7188, -6.1043 0.858 0.6968, -6.1043 0.8017 0.7378, -6.1043 0.8669 0.7106, -6.1043 0.8148 0.7556, -6.1043 0.8782 0.7225, -6.1043 0.8301 0.7716, -6.1043 0.8912 0.7321, -6.1043 1.4078 0.6108, -6.1043 1.456 0.5546, -6.1043 1.395 0.597, -6.1043 1.4387 0.5379, -6.1043 1.4199 0.5239, -6.1043 1.3429 0.8616, -6.1043 1.3329 0.7939, -6.1043 1.3194 0.8631, -6.1043 1.3183 0.7948, -6.1043 1.3063 0.8624, -6.1043 1.3005 0.7933, -6.1043 1.2832 0.7892, -6.1043 1.2949 0.5106, -6.1043 1.2997 0.52, -6.1043 1.3021 0.5306, -6.1043 0.8811 0.5072, -6.1043 0.8615 0.5162, -6.1043 0.8882 0.5811, -6.1043 0.843 0.5279, -6.1043 0.8755 0.5913, -6.1043 0.8261 0.5422, -6.1043 0.8703 0.5967, -6.1043 0.8196 0.5489, -6.1043 0.8607 0.6097, -6.1043 1.2308 0.9192, -6.1043 1.2431 0.911, -6.1043 1.2091 0.8495, -6.1043 1.2612 0.8964, -6.1043 1.2249 0.8342, -6.1043 1.2777 0.8797, -6.1043 1.2384 0.817, -6.1043 1.2494 0.7981, -6.1043 0.9001 0.8291, -6.1043 0.9128 0.8507, -6.1043 0.9771 0.8225, -6.1043 0.9282 0.8716, -6.1043 0.9915 0.8393, -6.1043 1.4303 0.6605, -6.1043 1.4979 0.6325, -6.1043 1.4254 0.6424, -6.1043 1.4906 0.6101, -6.1043 1.4175 0.6254, -6.1043 1.4804 0.5887, -6.1043 1.4675 0.5687, -6.1043 1.2224 0.5619, -6.1043 1.2909 0.4276, -6.1043 1.2725 0.4236, -6.1043 1.2579 0.4908, -6.1043 1.2568 0.4225, -6.1043 1.247 0.4922, -6.1043 0.8495 0.6396, -6.1043 0.7778 0.6471, -6.1043 0.848 0.6559, -6.1043 0.7774 0.6571, -6.1043 0.8485 0.6652, -6.1043 0.7793 0.6783, -6.1043 0.784 0.6988, -6.1043 0.806 0.5658, -6.1043 0.7949 0.5843, -6.1043 0.8538 0.6242, -6.1043 0.7864 0.6042, -6.1043 0.7806 0.6253, -6.1043 1.2284 0.5021, -6.1043 1.2371 0.496, -6.1043 1.2211 0.4283, -6.1043 1.2385 0.424, -6.1043 0.9868 0.5681, -6.1043 1.0145 0.5098, -6.1043 1.0111 0.5064, -6.1043 1.1065 0.9554, -6.1043 1.1054 0.887, -6.1043 1.0986 0.9552, -6.1043 1.0837 0.8856, -6.1043 1.4193 0.7332, -6.1043 1.4891 0.7509, -6.1043 1.4264 0.7166, -6.1043 1.4969 0.7288, -6.1043 1.4307 0.6992, -6.1043 1.5019 0.7057, -6.1043 1.4321 0.681, -6.1043 1.5038 0.6835, -6.1043 1.4321 0.6777, -6.1043 1.5039 0.6787, -6.1043 1.5024 0.6554, -6.1043 0.9368 0.7447, -6.1043 0.9207 0.7433, -6.1043 0.8858 0.8048, -6.1043 0.9055 0.739, -6.1043 0.8668 0.7967, -6.1043 0.8476 0.7854, -6.1043 1.0234 0.533, -6.1043 1.0224 0.5247, -6.1043 1.0194 0.517, -6.1043 0.9834 0.5674, -6.1043 1.0036 0.5013, -6.1043 1.1328 0.9539, -6.1043 1.1296 0.8853, -6.1043 1.1087 0.887, -6.1043 0.9966 0.5672, -6.1043 1.0044 0.5642, -6.1043 1.0232 0.5364, -6.1043 1.0115 0.5593, -6.1043 1.017 0.553, -6.1043 1.0212 0.5451, -6.1043 1.4464 0.8124, -6.1043 1.4503 0.8085, -6.1043 1.4097 0.7486, -6.1043 1.4657 0.791, -6.1043 1.4787 0.7718, -6.1043 0.9881 0.5682, -6.1043 0.9464 0.8912, -6.1043 0.9516 0.8962, -6.1043 1.0055 0.8519, -6.1043 0.9733 0.913, -6.1043 1.0234 0.8643, -6.1043 0.9965 0.9272, -6.1043 1.0426 0.8741, -6.1043 1.021 0.9387, -6.1043 1.0628 0.8813, -6.1043 1.0463 0.9472, -6.1043 1.0723 0.9528, -6.1004 1.0188 0.6924, -6.1004 0.9835 0.632, -6.1004 1.1714 0.6127, -6.1004 1.1429 0.5478, -6.1004 1.2045 0.4353, -6.1004 1.4078 0.6108, -6.1004 1.395 0.597, -6.1004 1.3649 0.4999, -6.1004 1.4175 0.6254, -6.1004 1.1429 0.5364, -6.1004 1.1439 0.5218, -6.1004 1.1891 0.445, -6.1004 1.1764 0.456, -6.1004 1.3638 0.5762, -6.1004 1.3365 0.4546, -6.1004 1.3485 0.4681, -6.1004 1.2494 0.7981, -6.1004 1.2579 0.7777, -6.1004 1.2932 0.8609, -6.1004 1.2661 0.7822, -6.1004 1.3685 0.7831, -6.1004 1.3879 0.8499, -6.1004 1.3511 0.79, -6.1004 1.3657 0.8572, -6.1004 1.3329 0.7939, -6.1004 1.3429 0.8616, -6.1004 1.3183 0.7948, -6.1004 1.172 0.8729, -6.1004 1.1914 0.8624, -6.1004 1.2308 0.9192, -6.1004 1.2579 0.4908, -6.1004 1.247 0.4922, -6.1004 1.2385 0.424, -6.1004 1.2212 0.5104, -6.1004 1.2161 0.5203, -6.1004 1.2137 0.5313, -6.1004 1.2141 0.5424, -6.1004 1.358 0.4833, -6.1004 1.3802 0.5854, -6.1004 1.2832 0.7892, -6.1004 1.3005 0.7933, -6.1004 1.3063 0.8624, -6.1004 1.3194 0.8631, -6.1004 0.9771 0.8225, -6.1004 0.9128 0.8507, -6.1004 0.965 0.8039, -6.1004 0.9001 0.8291, -6.1004 0.9556 0.7838, -6.1004 0.8902 0.8062, -6.1004 0.9491 0.7627, -6.1004 1.2431 0.911, -6.1004 1.2091 0.8495, -6.1004 1.2612 0.8964, -6.1004 0.9055 0.739, -6.1004 0.9207 0.7433, -6.1004 1.2211 0.4283, -6.1004 1.2371 0.496, -6.1004 1.2284 0.5021, -6.1004 1.3241 0.4441, -6.1004 1.3021 0.5306, -6.1004 1.2997 0.52, -6.1004 1.2568 0.4225, -6.1004 1.2725 0.4236, -6.1004 1.2681 0.492, -6.1004 1.2909 0.4276, -6.1004 1.2786 0.496, -6.1004 1.3082 0.4346, -6.1004 1.2877 0.5023, -6.1004 1.2949 0.5106, -6.1004 1.1478 0.5035, -6.1004 1.1547 0.4861, -6.1004 1.1643 0.4701, -6.1004 1.2777 0.8797, -6.1004 1.2249 0.8342, -6.1004 1.2384 0.817, -6.1004 0.8538 0.6242, -6.1004 0.7949 0.5843, -6.1004 0.8607 0.6097, -6.1004 0.806 0.5658, -6.1004 0.8703 0.5967, -6.1004 0.8196 0.5489, -6.1004 0.8755 0.5913, -6.1004 0.8261 0.5422, -6.1004 0.8882 0.5811, -6.1004 0.858 0.6968, -6.1004 0.7915 0.7188, -6.1004 0.8518 0.6815, -6.1004 0.784 0.6988, -6.1004 0.8485 0.6652, -6.1004 0.7793 0.6783, -6.1004 0.848 0.6559, -6.1004 0.9368 0.7447, -6.1004 0.946 0.7447, -6.1004 1.4264 0.7166, -6.1004 1.4891 0.7509, -6.1004 1.4193 0.7332, -6.1004 1.4787 0.7718, -6.1004 1.4097 0.7486, -6.1004 1.4254 0.6424, -6.1004 1.4979 0.6325, -6.1004 1.4303 0.6605, -6.1004 1.5024 0.6554, -6.1004 1.4321 0.6777, -6.1004 1.5039 0.6787, -6.1004 1.4321 0.681, -6.1004 1.5038 0.6835, -6.1004 1.4307 0.6992, -6.1004 1.5019 0.7057, -6.1004 1.4969 0.7288, -6.1004 1.456 0.5546, -6.1004 1.4675 0.5687, -6.1004 1.2171 0.5527, -6.1004 1.2224 0.5619, -6.1004 1.1843 0.6254, -6.1004 1.2301 0.5698, -6.1004 1.1991 0.6358, -6.1004 1.2395 0.5756, -6.1004 1.2157 0.6438, -6.1004 1.2335 0.649, -6.1004 1.2502 0.579, -6.1004 1.2509 0.6512, -6.1004 1.2579 0.5796, -6.1004 1.2568 0.6514, -6.1004 1.2749 0.6499, -6.1004 1.2686 0.5783, -6.1004 1.2922 0.6456, -6.1004 1.3087 0.6386, -6.1004 1.2786 0.5745, -6.1004 1.3227 0.63, -6.1004 1.2876 0.5682, -6.1004 1.3368 0.6181, -6.1004 1.349 0.6039, -6.1004 1.2932 0.5621, -6.1004 1.3587 0.5879, -6.1004 1.2988 0.5525, -6.1004 1.3019 0.5417, -6.1004 1.4657 0.791, -6.1004 1.4503 0.8085, -6.1004 1.3987 0.7614, -6.1004 1.4464 0.8124, -6.1004 1.3845 0.7734, -6.1004 1.4291 0.8269, -6.1004 1.4091 0.8397, -6.1004 1.4804 0.5887, -6.1004 1.4906 0.6101, -6.1004 1.0111 0.5064, -6.1004 1.0145 0.5098, -6.1004 0.9868 0.5681, -6.1004 1.0194 0.517, -6.1004 0.7774 0.6571, -6.1004 0.7778 0.6471, -6.1004 0.8495 0.6396, -6.1004 0.7806 0.6253, -6.1004 0.7864 0.6042, -6.1004 0.8858 0.8048, -6.1004 0.8668 0.7967, -6.1004 0.8912 0.7321, -6.1004 0.8476 0.7854, -6.1004 0.8782 0.7225, -6.1004 0.8301 0.7716, -6.1004 0.8669 0.7106, -6.1004 0.8148 0.7556, -6.1004 0.8017 0.7378, -6.1004 0.843 0.5279, -6.1004 0.8615 0.5162, -6.1004 0.9028 0.5735, -6.1004 0.8811 0.5072, -6.1004 0.9185 0.5687, -6.1004 0.9017 0.501, -6.1004 0.93 0.5671, -6.1004 0.9232 0.4977, -6.1004 0.9813 0.5671, -6.1004 0.9904 0.4977, -6.1004 0.9834 0.5674, -6.1004 0.996 0.4985, -6.1004 1.0036 0.5013, -6.1004 1.0224 0.5247, -6.1004 1.0234 0.533, -6.1004 1.0232 0.5364, -6.1004 1.3778 0.5037, -6.1004 1.3996 0.5125, -6.1004 1.0212 0.5451, -6.1004 1.017 0.553, -6.1004 1.0115 0.5593, -6.1004 1.0044 0.5642, -6.1004 1.4199 0.5239, -6.1004 1.4387 0.5379, -6.1004 1.0055 0.8519, -6.1004 0.9516 0.8962, -6.1004 0.9915 0.8393, -6.1004 0.9464 0.8912, -6.1004 0.9282 0.8716, -6.1004 1.2075 0.9321, -6.1004 1.1833 0.9422, -6.1004 1.1513 0.8805, -6.1004 1.1584 0.9495, -6.1004 1.1296 0.8853, -6.1004 1.1328 0.9539, -6.1004 1.1087 0.887, -6.1004 1.1065 0.9554, -6.1004 1.1054 0.887, -6.1004 1.0986 0.9552, -6.1004 1.0837 0.8856, -6.1004 1.0723 0.9528, -6.1004 1.0628 0.8813, -6.1004 1.0463 0.9472, -6.1004 1.0426 0.8741, -6.1004 1.021 0.9387, -6.1004 1.0234 0.8643, -6.1004 0.9965 0.9272, -6.1004 0.9733 0.913, -6.1004 0.9966 0.5672, -6.1004 0.9881 0.5682
            ]
        }
        coordIndex [
            0,1,2,-1,2,1,3,-1,4,0,5,-1,5,0,2,-1,6,4,7,-1,7,4,5,-1,8,6,9,-1,9,6,7,-1,10,8,11,-1,11,8,9,-1,1,10,3,-1,3,10,11,-1,6,8,4,-1,4,8,10,-1,4,10,0,-1,0,10,1,-1,2,3,5,-1,5,3,11,-1,5,11,7,-1,7,11,9,-1,12,13,14,-1,12,14,15,-1,15,14,16,-1,15,16,17,-1,17,16,18,-1,17,18,19,-1,19,18,20,-1,19,20,21,-1,21,20,22,-1,21,22,23,-1,23,22,24,-1,23,24,25,-1,26,25,27,-1,27,25,24,-1,26,27,28,-1,26,28,29,-1,29,28,30,-1,29,30,31,-1,31,30,32,-1,31,32,33,-1,33,32,34,-1,33,34,35,-1,35,34,36,-1,35,36,37,-1,37,36,38,-1,37,38,39,-1,39,38,40,-1,39,40,41,-1,41,40,42,-1,41,42,43,-1,43,42,44,-1,43,44,45,-1,45,44,46,-1,45,46,47,-1,47,46,48,-1,47,48,49,-1,49,48,50,-1,49,50,51,-1,51,50,52,-1,51,52,53,-1,53,52,54,-1,53,54,55,-1,55,54,56,-1,55,56,57,-1,57,56,58,-1,57,58,59,-1,59,58,60,-1,59,60,61,-1,61,60,62,-1,61,62,63,-1,63,62,64,-1,63,64,65,-1,65,64,66,-1,65,66,67,-1,67,66,68,-1,67,68,69,-1,69,68,70,-1,69,70,71,-1,71,70,72,-1,71,72,73,-1,73,72,74,-1,73,74,75,-1,75,74,76,-1,75,76,77,-1,77,76,78,-1,77,78,79,-1,79,78,80,-1,79,80,81,-1,81,80,82,-1,81,82,83,-1,83,82,84,-1,83,84,85,-1,85,84,86,-1,85,86,87,-1,87,86,88,-1,87,88,89,-1,89,88,90,-1,89,90,91,-1,91,90,92,-1,91,92,93,-1,93,92,94,-1,93,94,95,-1,95,94,96,-1,95,96,97,-1,97,96,98,-1,97,98,99,-1,99,98,100,-1,99,100,101,-1,101,100,102,-1,101,102,103,-1,103,102,104,-1,103,104,105,-1,105,104,106,-1,105,106,107,-1,107,106,108,-1,107,108,109,-1,109,108,110,-1,109,110,111,-1,111,110,112,-1,111,112,113,-1,113,112,114,-1,113,114,115,-1,116,115,117,-1,117,115,114,-1,116,117,118,-1,116,118,119,-1,119,118,120,-1,119,120,121,-1,121,120,122,-1,121,122,123,-1,123,122,124,-1,123,124,125,-1,125,124,126,-1,125,126,127,-1,127,126,128,-1,127,128,129,-1,129,128,130,-1,129,130,131,-1,131,130,132,-1,131,132,133,-1,133,132,134,-1,133,134,135,-1,135,134,136,-1,135,136,137,-1,137,136,138,-1,137,138,139,-1,139,138,140,-1,139,140,141,-1,141,140,142,-1,141,142,143,-1,143,142,144,-1,143,144,145,-1,145,144,146,-1,145,146,147,-1,147,146,148,-1,147,148,149,-1,149,148,150,-1,149,150,151,-1,151,150,152,-1,151,152,153,-1,153,152,154,-1,153,154,155,-1,155,154,156,-1,155,156,157,-1,157,156,158,-1,157,158,159,-1,159,158,160,-1,159,160,161,-1,161,160,162,-1,161,162,163,-1,163,162,164,-1,163,164,165,-1,165,164,166,-1,165,166,167,-1,167,166,168,-1,167,168,169,-1,169,168,170,-1,169,170,171,-1,171,170,172,-1,171,172,173,-1,173,172,174,-1,173,174,175,-1,175,174,176,-1,175,176,177,-1,177,176,178,-1,177,178,179,-1,179,178,180,-1,179,180,181,-1,181,180,182,-1,181,182,183,-1,183,182,184,-1,183,184,185,-1,185,184,186,-1,185,186,187,-1,187,186,188,-1,187,188,189,-1,189,188,190,-1,189,190,191,-1,191,190,192,-1,191,192,193,-1,193,192,194,-1,193,194,195,-1,195,194,196,-1,195,196,197,-1,197,196,13,-1,197,13,12,-1,113,115,116,-1,57,177,179,-1,57,179,55,-1,55,179,181,-1,55,181,53,-1,53,181,183,-1,53,183,51,-1,51,183,185,-1,51,185,49,-1,49,185,187,-1,49,187,47,-1,33,21,31,-1,31,21,23,-1,31,23,29,-1,29,23,25,-1,29,25,26,-1,187,189,47,-1,47,189,191,-1,47,191,45,-1,45,191,193,-1,45,193,43,-1,43,193,195,-1,43,195,41,-1,41,195,197,-1,41,197,39,-1,39,197,12,-1,39,12,37,-1,37,12,15,-1,37,15,35,-1,35,15,17,-1,35,17,33,-1,33,17,19,-1,33,19,21,-1,89,143,87,-1,87,143,145,-1,87,145,85,-1,85,145,147,-1,85,147,83,-1,83,147,149,-1,83,149,81,-1,81,149,151,-1,81,151,79,-1,79,151,153,-1,79,153,77,-1,77,153,155,-1,77,155,75,-1,113,116,111,-1,111,116,119,-1,111,119,109,-1,109,119,121,-1,109,121,107,-1,107,121,123,-1,107,123,105,-1,105,123,125,-1,105,125,103,-1,103,125,127,-1,103,127,101,-1,101,127,129,-1,101,129,99,-1,99,129,131,-1,99,131,97,-1,97,131,133,-1,97,133,95,-1,95,133,135,-1,95,135,93,-1,93,135,137,-1,93,137,91,-1,91,137,139,-1,91,139,89,-1,89,139,141,-1,89,141,143,-1,177,57,175,-1,175,57,59,-1,175,59,173,-1,173,59,61,-1,173,61,171,-1,171,61,63,-1,171,63,169,-1,169,63,65,-1,169,65,167,-1,167,65,165,-1,165,65,67,-1,165,67,163,-1,155,157,75,-1,75,157,159,-1,75,159,73,-1,73,159,161,-1,73,161,71,-1,71,161,163,-1,71,163,69,-1,69,163,67,-1,28,27,24,-1,28,24,30,-1,44,190,46,-1,46,190,188,-1,46,188,48,-1,48,188,186,-1,48,186,50,-1,50,186,184,-1,50,184,52,-1,52,184,182,-1,52,182,54,-1,114,112,117,-1,117,112,110,-1,117,110,118,-1,118,110,108,-1,182,180,54,-1,54,180,178,-1,54,178,56,-1,56,178,176,-1,56,176,58,-1,58,176,174,-1,58,174,60,-1,60,174,172,-1,60,172,62,-1,24,22,30,-1,30,22,20,-1,30,20,32,-1,32,20,18,-1,32,18,34,-1,34,18,16,-1,34,16,36,-1,36,16,14,-1,36,14,38,-1,38,14,13,-1,38,13,40,-1,40,13,196,-1,40,196,42,-1,42,196,194,-1,42,194,44,-1,44,194,192,-1,44,192,190,-1,82,146,84,-1,84,146,144,-1,84,144,86,-1,86,144,142,-1,86,142,88,-1,88,142,140,-1,88,140,90,-1,90,140,138,-1,90,138,92,-1,92,138,136,-1,92,136,94,-1,94,136,134,-1,94,134,96,-1,96,134,132,-1,96,132,98,-1,98,132,130,-1,98,130,100,-1,100,130,128,-1,100,128,102,-1,102,128,126,-1,102,126,104,-1,104,126,124,-1,104,124,106,-1,106,124,122,-1,106,122,108,-1,108,122,120,-1,108,120,118,-1,162,160,72,-1,72,160,158,-1,72,158,74,-1,74,158,156,-1,74,156,76,-1,76,156,154,-1,76,154,78,-1,78,154,152,-1,78,152,80,-1,80,152,150,-1,80,150,82,-1,82,150,148,-1,82,148,146,-1,172,170,62,-1,62,170,168,-1,62,168,64,-1,64,168,166,-1,64,166,66,-1,66,166,164,-1,66,164,68,-1,68,164,162,-1,68,162,70,-1,70,162,72,-1,198,199,200,-1,200,199,201,-1,202,198,203,-1,203,198,200,-1,204,202,205,-1,205,202,203,-1,206,204,207,-1,207,204,205,-1,208,206,209,-1,209,206,207,-1,210,208,211,-1,211,208,209,-1,212,210,213,-1,213,210,211,-1,214,212,215,-1,215,212,213,-1,216,214,217,-1,217,214,215,-1,218,216,219,-1,219,216,217,-1,220,218,221,-1,221,218,219,-1,199,220,201,-1,201,220,221,-1,220,199,198,-1,198,202,220,-1,220,202,204,-1,220,204,218,-1,214,216,212,-1,212,216,218,-1,212,218,210,-1,210,218,204,-1,210,204,208,-1,208,204,206,-1,209,207,211,-1,211,207,205,-1,217,215,219,-1,219,215,213,-1,200,201,203,-1,203,201,221,-1,203,221,205,-1,205,221,219,-1,205,219,211,-1,211,219,213,-1,222,223,224,-1,224,223,225,-1,224,225,226,-1,226,225,227,-1,226,227,228,-1,228,227,229,-1,228,229,230,-1,230,229,231,-1,230,231,232,-1,232,231,233,-1,232,233,234,-1,234,233,235,-1,234,235,236,-1,236,235,237,-1,236,237,238,-1,239,240,241,-1,241,240,242,-1,241,242,243,-1,243,242,244,-1,243,244,245,-1,245,244,246,-1,245,246,247,-1,246,248,247,-1,247,248,249,-1,247,249,250,-1,250,249,251,-1,250,251,252,-1,252,251,253,-1,252,253,254,-1,254,253,255,-1,254,255,256,-1,256,255,257,-1,256,257,258,-1,258,257,259,-1,258,259,260,-1,260,259,261,-1,260,261,262,-1,262,261,263,-1,262,263,264,-1,264,263,265,-1,264,265,266,-1,266,265,267,-1,266,267,268,-1,268,267,269,-1,268,269,270,-1,270,269,271,-1,270,271,272,-1,272,271,273,-1,272,273,274,-1,274,273,275,-1,274,275,276,-1,276,275,277,-1,276,277,278,-1,278,277,279,-1,278,279,280,-1,280,279,281,-1,280,281,222,-1,222,281,282,-1,222,282,223,-1,237,283,238,-1,238,283,284,-1,238,284,285,-1,285,284,286,-1,285,286,287,-1,287,286,288,-1,287,288,289,-1,289,288,290,-1,289,290,291,-1,291,290,292,-1,291,292,293,-1,293,292,294,-1,293,294,239,-1,239,294,295,-1,239,295,240,-1,296,297,298,-1,298,297,299,-1,298,299,300,-1,300,299,301,-1,300,301,302,-1,302,301,303,-1,302,303,304,-1,304,303,305,-1,304,305,306,-1,306,305,307,-1,306,307,308,-1,309,310,311,-1,311,310,312,-1,311,312,313,-1,313,312,314,-1,313,314,315,-1,315,314,316,-1,315,316,317,-1,317,316,318,-1,317,318,319,-1,319,318,320,-1,319,320,321,-1,321,320,322,-1,321,322,323,-1,323,322,324,-1,323,324,325,-1,325,324,326,-1,325,326,327,-1,327,326,328,-1,327,328,329,-1,329,328,330,-1,329,330,331,-1,331,330,332,-1,331,332,333,-1,333,332,334,-1,333,334,335,-1,335,334,336,-1,335,336,337,-1,337,336,338,-1,337,338,296,-1,296,338,339,-1,296,339,297,-1,340,341,342,-1,342,341,343,-1,342,343,344,-1,344,343,345,-1,344,345,346,-1,346,345,347,-1,346,347,348,-1,348,347,349,-1,348,349,350,-1,350,349,351,-1,350,351,352,-1,352,351,353,-1,352,353,354,-1,354,353,355,-1,354,355,309,-1,309,355,356,-1,309,356,310,-1,307,357,308,-1,308,357,358,-1,308,358,359,-1,359,358,360,-1,359,360,361,-1,361,360,362,-1,361,362,363,-1,363,362,364,-1,363,364,365,-1,365,364,366,-1,365,366,367,-1,367,366,368,-1,367,368,340,-1,340,368,369,-1,340,369,341,-1,275,273,320,-1,320,273,322,-1,275,320,318,-1,275,318,277,-1,277,318,316,-1,277,316,279,-1,279,316,314,-1,279,314,281,-1,281,314,312,-1,281,312,282,-1,282,312,310,-1,282,310,223,-1,223,310,356,-1,223,356,225,-1,225,356,355,-1,225,355,227,-1,227,355,353,-1,227,353,229,-1,229,353,351,-1,229,351,231,-1,231,351,349,-1,231,349,233,-1,233,349,347,-1,233,347,235,-1,235,347,345,-1,235,345,237,-1,237,345,343,-1,237,343,283,-1,283,343,341,-1,283,341,284,-1,284,341,369,-1,284,369,286,-1,286,369,368,-1,286,368,288,-1,288,368,366,-1,288,366,290,-1,290,366,364,-1,290,364,292,-1,292,364,362,-1,292,362,294,-1,294,362,360,-1,294,360,295,-1,295,360,358,-1,295,358,240,-1,240,358,357,-1,240,357,242,-1,242,357,307,-1,242,307,244,-1,244,307,305,-1,244,305,246,-1,246,305,303,-1,246,303,248,-1,248,303,301,-1,248,301,249,-1,249,301,299,-1,249,299,251,-1,251,299,297,-1,251,297,253,-1,253,297,339,-1,253,339,255,-1,255,339,338,-1,255,338,257,-1,257,338,336,-1,257,336,259,-1,259,336,334,-1,259,334,261,-1,261,334,332,-1,261,332,263,-1,263,332,330,-1,263,330,265,-1,265,330,328,-1,265,328,267,-1,267,328,326,-1,267,326,269,-1,271,269,324,-1,324,269,326,-1,273,271,322,-1,322,271,324,-1,268,270,325,-1,325,270,323,-1,270,272,323,-1,323,272,321,-1,272,274,321,-1,321,274,319,-1,230,350,352,-1,230,352,228,-1,228,352,354,-1,228,354,226,-1,226,354,309,-1,226,309,224,-1,224,309,311,-1,224,311,222,-1,222,311,313,-1,222,313,280,-1,280,313,315,-1,280,315,278,-1,278,315,317,-1,278,317,276,-1,276,317,319,-1,276,319,274,-1,291,363,365,-1,291,365,289,-1,289,365,367,-1,289,367,287,-1,287,367,340,-1,287,340,285,-1,285,340,342,-1,285,342,238,-1,238,342,344,-1,238,344,236,-1,236,344,346,-1,236,346,234,-1,234,346,348,-1,234,348,232,-1,232,348,350,-1,232,350,230,-1,252,298,300,-1,252,300,250,-1,250,300,302,-1,250,302,247,-1,247,302,304,-1,247,304,245,-1,245,304,306,-1,245,306,243,-1,243,306,308,-1,243,308,241,-1,241,308,359,-1,241,359,239,-1,239,359,361,-1,239,361,293,-1,293,361,363,-1,293,363,291,-1,268,325,327,-1,268,327,266,-1,266,327,329,-1,266,329,264,-1,264,329,331,-1,264,331,262,-1,262,331,333,-1,262,333,260,-1,260,333,335,-1,260,335,258,-1,258,335,337,-1,258,337,256,-1,256,337,296,-1,256,296,254,-1,254,296,298,-1,254,298,252,-1,370,371,372,-1,373,374,375,-1,371,376,372,-1,372,376,377,-1,372,377,378,-1,378,377,379,-1,378,379,380,-1,380,381,378,-1,378,381,382,-1,378,382,383,-1,384,383,385,-1,385,383,382,-1,385,382,375,-1,375,382,370,-1,375,370,373,-1,373,370,372,-1,386,387,388,-1,388,387,389,-1,390,391,389,-1,389,391,392,-1,389,392,388,-1,388,392,393,-1,390,394,391,-1,391,394,395,-1,391,395,396,-1,396,395,397,-1,396,397,398,-1,398,399,396,-1,396,399,387,-1,396,387,400,-1,400,387,386,-1,400,386,401,-1,378,383,391,-1,391,383,392,-1,372,378,396,-1,396,378,391,-1,373,372,400,-1,400,372,396,-1,374,373,401,-1,401,373,400,-1,375,374,386,-1,386,374,401,-1,385,375,388,-1,388,375,386,-1,384,385,393,-1,393,385,388,-1,383,384,392,-1,392,384,393,-1,370,382,387,-1,387,382,389,-1,382,381,389,-1,389,381,390,-1,379,395,394,-1,379,394,380,-1,380,394,390,-1,380,390,381,-1,379,377,395,-1,395,377,397,-1,371,399,398,-1,371,398,376,-1,376,398,397,-1,376,397,377,-1,371,370,399,-1,399,370,387,-1,402,403,404,-1,404,403,405,-1,406,402,407,-1,407,402,404,-1,408,406,409,-1,409,406,407,-1,410,408,411,-1,411,408,409,-1,412,410,413,-1,413,410,411,-1,414,412,415,-1,415,412,413,-1,416,414,417,-1,417,414,415,-1,418,416,419,-1,419,416,417,-1,420,418,421,-1,421,418,419,-1,422,420,423,-1,423,420,421,-1,424,422,425,-1,425,422,423,-1,403,424,405,-1,405,424,425,-1,418,420,416,-1,416,420,422,-1,416,422,414,-1,403,402,424,-1,424,402,406,-1,424,406,408,-1,410,412,408,-1,408,412,414,-1,408,414,424,-1,424,414,422,-1,423,421,419,-1,419,417,423,-1,423,417,415,-1,423,415,425,-1,404,405,407,-1,407,405,425,-1,407,425,409,-1,409,425,415,-1,409,415,411,-1,411,415,413,-1,426,427,428,-1,428,427,429,-1,430,431,432,-1,432,431,433,-1,432,433,434,-1,434,433,435,-1,434,435,436,-1,437,438,439,-1,440,441,442,-1,443,444,445,-1,426,428,446,-1,446,428,447,-1,446,447,448,-1,449,450,451,-1,451,450,439,-1,451,439,452,-1,452,439,438,-1,453,454,455,-1,455,454,456,-1,455,456,430,-1,430,456,457,-1,430,457,431,-1,443,458,444,-1,444,458,459,-1,444,459,460,-1,460,459,461,-1,460,461,462,-1,448,463,446,-1,446,463,464,-1,446,464,465,-1,465,464,466,-1,465,466,445,-1,445,466,467,-1,445,467,443,-1,468,469,470,-1,470,469,471,-1,470,471,453,-1,453,471,472,-1,453,472,454,-1,473,474,475,-1,475,474,476,-1,475,476,477,-1,477,476,478,-1,477,478,479,-1,442,480,440,-1,440,480,481,-1,440,481,473,-1,473,481,482,-1,473,482,474,-1,483,484,485,-1,485,484,486,-1,485,486,441,-1,441,486,487,-1,441,487,442,-1,488,489,439,-1,439,489,490,-1,439,490,437,-1,491,488,468,-1,468,488,492,-1,468,492,469,-1,429,489,428,-1,428,489,488,-1,428,488,493,-1,493,488,491,-1,461,494,462,-1,462,494,495,-1,462,495,496,-1,496,495,497,-1,496,497,498,-1,435,499,436,-1,436,499,500,-1,436,500,501,-1,501,500,502,-1,501,502,503,-1,503,502,504,-1,503,504,505,-1,505,504,506,-1,505,506,507,-1,507,506,508,-1,507,508,509,-1,509,508,510,-1,509,510,511,-1,511,510,512,-1,511,512,513,-1,513,512,514,-1,513,514,515,-1,515,514,516,-1,515,516,517,-1,517,516,518,-1,517,518,519,-1,452,520,451,-1,451,520,521,-1,451,521,522,-1,522,521,523,-1,522,523,524,-1,525,526,527,-1,527,526,528,-1,527,528,529,-1,529,528,530,-1,529,530,531,-1,497,532,498,-1,498,532,533,-1,498,533,483,-1,483,533,534,-1,483,534,484,-1,530,535,531,-1,531,535,536,-1,531,536,537,-1,537,536,538,-1,537,538,539,-1,539,538,524,-1,539,524,540,-1,540,524,523,-1,478,541,479,-1,479,541,542,-1,479,542,543,-1,543,542,544,-1,543,544,545,-1,545,544,546,-1,545,546,525,-1,525,546,547,-1,525,547,526,-1,548,549,550,-1,551,552,553,-1,553,552,554,-1,553,554,555,-1,556,557,558,-1,558,557,559,-1,558,559,560,-1,561,562,563,-1,564,565,566,-1,566,565,567,-1,566,567,568,-1,568,567,569,-1,568,569,570,-1,570,569,571,-1,570,571,572,-1,554,573,555,-1,555,573,574,-1,555,574,575,-1,575,574,576,-1,575,576,577,-1,578,579,580,-1,580,579,581,-1,580,581,582,-1,582,581,583,-1,582,583,551,-1,551,583,584,-1,551,584,552,-1,585,561,586,-1,586,561,563,-1,586,563,587,-1,587,563,588,-1,589,590,591,-1,591,590,592,-1,591,592,593,-1,593,592,594,-1,593,594,595,-1,595,594,596,-1,595,596,597,-1,597,596,598,-1,599,600,589,-1,589,600,601,-1,589,601,590,-1,602,603,556,-1,556,603,604,-1,556,604,557,-1,605,606,602,-1,602,606,607,-1,602,607,603,-1,566,608,564,-1,564,608,609,-1,564,609,610,-1,610,609,611,-1,610,611,586,-1,586,611,612,-1,586,612,585,-1,613,614,599,-1,599,614,615,-1,599,615,600,-1,616,617,618,-1,618,617,563,-1,618,563,619,-1,619,563,562,-1,559,620,560,-1,560,620,621,-1,560,621,622,-1,623,624,625,-1,625,624,626,-1,625,626,627,-1,627,626,628,-1,627,628,605,-1,605,628,629,-1,605,629,606,-1,571,630,572,-1,572,630,631,-1,572,631,632,-1,632,631,633,-1,632,633,634,-1,634,633,635,-1,634,635,623,-1,623,635,636,-1,623,636,624,-1,576,637,577,-1,577,637,638,-1,577,638,639,-1,639,638,640,-1,639,640,641,-1,641,640,617,-1,641,617,642,-1,642,617,643,-1,643,617,616,-1,643,616,598,-1,598,616,644,-1,598,644,597,-1,645,646,647,-1,647,646,648,-1,647,648,613,-1,613,648,649,-1,613,649,614,-1,621,650,622,-1,622,650,651,-1,622,651,652,-1,652,651,653,-1,652,653,645,-1,645,653,654,-1,645,654,646,-1,548,550,655,-1,655,550,656,-1,655,656,657,-1,657,656,658,-1,657,658,659,-1,659,658,660,-1,659,660,661,-1,661,660,662,-1,661,662,663,-1,663,662,664,-1,663,664,665,-1,665,664,666,-1,665,666,667,-1,667,666,668,-1,667,668,578,-1,578,668,669,-1,578,669,579,-1,504,668,666,-1,504,666,506,-1,506,666,664,-1,506,664,508,-1,508,664,662,-1,508,662,510,-1,510,662,660,-1,510,660,512,-1,512,660,658,-1,512,658,514,-1,514,658,656,-1,514,656,516,-1,516,656,550,-1,516,550,518,-1,519,518,549,-1,549,518,550,-1,519,549,548,-1,519,548,517,-1,517,548,655,-1,517,655,515,-1,515,655,657,-1,515,657,513,-1,513,657,659,-1,513,659,511,-1,511,659,661,-1,511,661,509,-1,509,661,663,-1,509,663,507,-1,507,663,665,-1,507,665,505,-1,505,665,667,-1,505,667,503,-1,503,667,578,-1,503,578,501,-1,501,578,580,-1,501,580,436,-1,436,580,582,-1,436,582,434,-1,434,582,551,-1,434,551,432,-1,432,551,553,-1,432,553,430,-1,430,553,555,-1,430,555,455,-1,455,555,575,-1,455,575,453,-1,453,575,577,-1,453,577,470,-1,470,577,639,-1,470,639,468,-1,468,639,641,-1,468,641,491,-1,491,641,642,-1,491,642,493,-1,493,642,643,-1,493,643,428,-1,447,428,598,-1,598,428,643,-1,447,598,596,-1,447,596,448,-1,448,596,594,-1,448,594,463,-1,463,594,592,-1,463,592,464,-1,464,592,590,-1,464,590,466,-1,466,590,601,-1,466,601,467,-1,467,601,600,-1,467,600,443,-1,443,600,615,-1,443,615,458,-1,458,615,614,-1,458,614,459,-1,459,614,649,-1,459,649,461,-1,461,649,648,-1,461,648,494,-1,494,648,646,-1,494,646,495,-1,495,646,654,-1,495,654,497,-1,497,654,653,-1,497,653,532,-1,532,653,651,-1,532,651,533,-1,533,651,650,-1,533,650,534,-1,534,650,621,-1,534,621,484,-1,484,621,620,-1,484,620,486,-1,486,620,559,-1,486,559,487,-1,487,559,557,-1,487,557,442,-1,442,557,604,-1,442,604,480,-1,480,604,603,-1,480,603,481,-1,481,603,607,-1,481,607,482,-1,482,607,606,-1,482,606,474,-1,474,606,629,-1,474,629,476,-1,476,629,628,-1,476,628,478,-1,478,628,626,-1,478,626,541,-1,541,626,624,-1,541,624,542,-1,542,624,636,-1,542,636,544,-1,544,636,635,-1,544,635,546,-1,546,635,633,-1,546,633,547,-1,547,633,631,-1,547,631,526,-1,526,631,630,-1,526,630,528,-1,528,630,571,-1,528,571,530,-1,530,571,569,-1,530,569,535,-1,535,569,567,-1,535,567,536,-1,536,567,565,-1,536,565,538,-1,538,565,564,-1,538,564,524,-1,524,564,610,-1,524,610,522,-1,451,522,586,-1,586,522,610,-1,449,451,587,-1,587,451,586,-1,450,449,588,-1,588,449,587,-1,439,450,563,-1,563,450,588,-1,439,563,617,-1,439,617,488,-1,488,617,640,-1,488,640,492,-1,492,640,638,-1,492,638,469,-1,469,638,637,-1,469,637,471,-1,471,637,576,-1,471,576,472,-1,472,576,574,-1,472,574,454,-1,454,574,573,-1,454,573,456,-1,456,573,554,-1,456,554,457,-1,457,554,552,-1,457,552,431,-1,431,552,584,-1,431,584,433,-1,433,584,583,-1,433,583,435,-1,435,583,581,-1,435,581,499,-1,499,581,579,-1,499,579,500,-1,500,579,669,-1,500,669,502,-1,502,669,668,-1,502,668,504,-1,445,589,591,-1,445,591,465,-1,465,591,593,-1,465,593,446,-1,446,593,595,-1,446,595,426,-1,426,595,597,-1,426,597,427,-1,427,597,644,-1,427,644,429,-1,498,652,645,-1,498,645,496,-1,496,645,647,-1,496,647,462,-1,462,647,613,-1,462,613,460,-1,460,613,599,-1,460,599,444,-1,444,599,589,-1,444,589,445,-1,473,602,556,-1,473,556,440,-1,440,556,558,-1,440,558,441,-1,441,558,560,-1,441,560,485,-1,485,560,622,-1,485,622,483,-1,483,622,652,-1,483,652,498,-1,545,634,623,-1,545,623,543,-1,543,623,625,-1,543,625,479,-1,479,625,627,-1,479,627,477,-1,477,627,605,-1,477,605,475,-1,475,605,602,-1,475,602,473,-1,540,609,608,-1,540,608,539,-1,539,608,566,-1,539,566,537,-1,537,566,568,-1,537,568,531,-1,531,568,570,-1,531,570,529,-1,529,570,572,-1,529,572,527,-1,527,572,632,-1,527,632,525,-1,525,632,634,-1,525,634,545,-1,490,618,619,-1,490,619,437,-1,437,619,562,-1,437,562,438,-1,438,562,561,-1,438,561,452,-1,452,561,585,-1,452,585,520,-1,520,585,612,-1,520,612,521,-1,521,612,611,-1,521,611,523,-1,523,611,609,-1,523,609,540,-1,490,489,618,-1,618,489,616,-1,489,429,616,-1,616,429,644,-1,670,671,672,-1,670,672,673,-1,673,672,674,-1,673,674,675,-1,675,674,676,-1,675,676,677,-1,677,676,678,-1,677,678,679,-1,679,678,680,-1,679,680,681,-1,681,680,682,-1,681,682,683,-1,683,682,684,-1,683,684,685,-1,686,685,687,-1,687,685,684,-1,686,687,688,-1,686,688,689,-1,689,688,690,-1,689,690,691,-1,691,690,692,-1,691,692,693,-1,693,692,694,-1,693,694,695,-1,695,694,696,-1,695,696,697,-1,697,696,698,-1,697,698,699,-1,699,698,700,-1,699,700,701,-1,701,700,702,-1,701,702,703,-1,703,702,704,-1,703,704,705,-1,705,704,706,-1,705,706,707,-1,707,706,708,-1,707,708,709,-1,709,708,710,-1,709,710,711,-1,711,710,712,-1,711,712,713,-1,713,712,714,-1,713,714,715,-1,715,714,716,-1,715,716,717,-1,717,716,718,-1,717,718,719,-1,719,718,720,-1,719,720,721,-1,721,720,722,-1,721,722,723,-1,723,722,724,-1,723,724,725,-1,725,724,726,-1,725,726,727,-1,727,726,728,-1,727,728,729,-1,729,728,730,-1,729,730,731,-1,731,730,732,-1,731,732,733,-1,733,732,734,-1,733,734,735,-1,735,734,736,-1,735,736,737,-1,737,736,738,-1,737,738,739,-1,739,738,740,-1,739,740,741,-1,741,740,742,-1,741,742,743,-1,743,742,744,-1,743,744,745,-1,745,744,746,-1,745,746,747,-1,747,746,748,-1,747,748,749,-1,749,748,750,-1,749,750,751,-1,751,750,752,-1,751,752,753,-1,753,752,754,-1,753,754,755,-1,755,754,756,-1,755,756,757,-1,757,756,758,-1,757,758,759,-1,759,758,760,-1,759,760,761,-1,761,760,762,-1,761,762,763,-1,763,762,764,-1,763,764,765,-1,765,764,766,-1,765,766,767,-1,767,766,768,-1,767,768,769,-1,769,768,770,-1,769,770,771,-1,771,770,772,-1,771,772,773,-1,773,772,774,-1,773,774,775,-1,775,774,776,-1,775,776,777,-1,777,776,778,-1,777,778,779,-1,779,778,780,-1,779,780,781,-1,781,780,782,-1,781,782,783,-1,783,782,784,-1,783,784,785,-1,785,784,786,-1,785,786,787,-1,787,786,788,-1,787,788,789,-1,789,788,790,-1,789,790,791,-1,791,790,792,-1,791,792,793,-1,793,792,794,-1,793,794,795,-1,795,794,796,-1,795,796,797,-1,797,796,798,-1,797,798,799,-1,799,798,800,-1,799,800,801,-1,801,800,802,-1,801,802,803,-1,803,802,804,-1,803,804,805,-1,806,805,807,-1,807,805,804,-1,806,807,808,-1,806,808,809,-1,809,808,810,-1,809,810,811,-1,811,810,812,-1,811,812,813,-1,813,812,814,-1,813,814,815,-1,815,814,816,-1,815,816,817,-1,817,816,818,-1,817,818,819,-1,819,818,820,-1,819,820,821,-1,821,820,822,-1,821,822,823,-1,823,822,824,-1,823,824,825,-1,825,824,826,-1,825,826,827,-1,827,826,828,-1,827,828,829,-1,829,828,830,-1,829,830,831,-1,831,830,832,-1,831,832,833,-1,833,832,834,-1,833,834,835,-1,835,834,836,-1,835,836,837,-1,837,836,838,-1,837,838,839,-1,839,838,840,-1,839,840,841,-1,841,840,842,-1,841,842,843,-1,843,842,844,-1,843,844,845,-1,845,844,846,-1,845,846,847,-1,847,846,848,-1,847,848,849,-1,849,848,850,-1,849,850,851,-1,851,850,852,-1,851,852,853,-1,853,852,854,-1,853,854,855,-1,855,854,856,-1,855,856,857,-1,857,856,858,-1,857,858,859,-1,859,858,860,-1,859,860,861,-1,861,860,862,-1,861,862,863,-1,863,862,864,-1,863,864,865,-1,865,864,866,-1,865,866,867,-1,867,866,868,-1,867,868,869,-1,869,868,870,-1,869,870,871,-1,871,870,872,-1,871,872,873,-1,873,872,874,-1,873,874,875,-1,875,874,876,-1,875,876,877,-1,877,876,878,-1,877,878,879,-1,879,878,880,-1,879,880,881,-1,881,880,882,-1,881,882,883,-1,883,882,884,-1,883,884,885,-1,885,884,886,-1,885,886,887,-1,887,886,888,-1,887,888,889,-1,889,888,890,-1,889,890,891,-1,891,890,892,-1,891,892,893,-1,893,892,894,-1,893,894,895,-1,895,894,896,-1,895,896,897,-1,897,896,898,-1,897,898,899,-1,899,898,900,-1,899,900,901,-1,901,900,902,-1,901,902,903,-1,903,902,904,-1,903,904,905,-1,905,904,906,-1,905,906,907,-1,907,906,671,-1,907,671,670,-1,683,685,686,-1,803,805,806,-1,713,715,897,-1,897,715,895,-1,777,837,775,-1,775,837,839,-1,775,839,773,-1,715,717,895,-1,895,717,719,-1,895,719,893,-1,779,833,777,-1,777,833,835,-1,777,835,837,-1,713,897,711,-1,711,897,899,-1,711,899,709,-1,709,899,901,-1,709,901,707,-1,707,901,903,-1,707,903,705,-1,855,765,853,-1,853,765,767,-1,737,883,735,-1,735,883,885,-1,839,841,773,-1,773,841,843,-1,773,843,771,-1,843,845,771,-1,771,845,847,-1,771,847,769,-1,769,847,849,-1,769,849,767,-1,767,849,851,-1,767,851,853,-1,855,857,765,-1,765,857,859,-1,765,859,763,-1,763,859,861,-1,763,861,761,-1,761,861,863,-1,761,863,759,-1,759,863,865,-1,759,865,757,-1,889,729,887,-1,887,729,731,-1,887,731,885,-1,885,731,733,-1,885,733,735,-1,719,721,893,-1,893,721,723,-1,893,723,891,-1,891,723,725,-1,891,725,889,-1,889,725,727,-1,889,727,729,-1,737,739,883,-1,883,739,741,-1,883,741,881,-1,881,741,743,-1,881,743,879,-1,879,743,745,-1,879,745,877,-1,877,745,747,-1,877,747,875,-1,705,903,703,-1,703,903,905,-1,703,905,701,-1,701,905,907,-1,701,907,699,-1,699,907,670,-1,699,670,697,-1,697,670,673,-1,697,673,695,-1,695,673,675,-1,695,675,693,-1,693,675,677,-1,693,677,691,-1,691,677,679,-1,691,679,689,-1,689,679,686,-1,686,679,681,-1,686,681,683,-1,747,749,875,-1,875,749,751,-1,875,751,873,-1,873,751,753,-1,873,753,871,-1,871,753,755,-1,871,755,869,-1,869,755,757,-1,869,757,867,-1,867,757,865,-1,803,806,801,-1,801,806,809,-1,801,809,799,-1,799,809,811,-1,799,811,797,-1,797,811,813,-1,797,813,795,-1,795,813,815,-1,795,815,793,-1,793,815,817,-1,793,817,791,-1,791,817,819,-1,791,819,789,-1,789,819,821,-1,789,821,787,-1,787,821,823,-1,787,823,785,-1,785,823,825,-1,785,825,783,-1,783,825,827,-1,783,827,781,-1,781,827,829,-1,781,829,779,-1,779,829,831,-1,779,831,833,-1,894,714,896,-1,896,714,712,-1,896,712,898,-1,898,712,710,-1,898,710,900,-1,776,774,836,-1,856,764,858,-1,858,764,762,-1,892,718,894,-1,894,718,716,-1,894,716,714,-1,886,884,732,-1,732,884,734,-1,734,884,882,-1,734,882,736,-1,856,854,764,-1,764,854,852,-1,764,852,766,-1,766,852,850,-1,766,850,768,-1,880,740,882,-1,882,740,738,-1,882,738,736,-1,770,842,772,-1,772,842,840,-1,772,840,774,-1,774,840,838,-1,774,838,836,-1,890,722,892,-1,892,722,720,-1,892,720,718,-1,850,848,768,-1,768,848,846,-1,768,846,770,-1,770,846,844,-1,770,844,842,-1,710,708,900,-1,900,708,706,-1,900,706,902,-1,902,706,704,-1,902,704,904,-1,904,704,702,-1,904,702,906,-1,906,702,700,-1,906,700,671,-1,671,700,698,-1,671,698,672,-1,672,698,696,-1,672,696,674,-1,674,696,694,-1,674,694,676,-1,732,730,886,-1,886,730,728,-1,886,728,888,-1,888,728,726,-1,888,726,890,-1,890,726,724,-1,890,724,722,-1,694,692,676,-1,676,692,690,-1,676,690,678,-1,678,690,688,-1,678,688,680,-1,680,688,687,-1,680,687,682,-1,682,687,684,-1,872,870,754,-1,754,870,868,-1,754,868,756,-1,756,868,866,-1,756,866,758,-1,758,866,864,-1,758,864,760,-1,760,864,862,-1,760,862,762,-1,762,862,860,-1,762,860,858,-1,836,834,776,-1,776,834,832,-1,776,832,778,-1,778,832,830,-1,778,830,780,-1,780,830,828,-1,780,828,782,-1,782,828,826,-1,782,826,784,-1,784,826,824,-1,784,824,786,-1,786,824,822,-1,786,822,788,-1,788,822,820,-1,788,820,790,-1,790,820,818,-1,790,818,792,-1,792,818,816,-1,792,816,794,-1,794,816,814,-1,794,814,796,-1,796,814,812,-1,796,812,798,-1,798,812,810,-1,798,810,800,-1,800,810,808,-1,800,808,802,-1,802,808,807,-1,802,807,804,-1,754,752,872,-1,872,752,750,-1,872,750,874,-1,874,750,748,-1,874,748,876,-1,876,748,746,-1,876,746,878,-1,878,746,744,-1,878,744,880,-1,880,744,742,-1,880,742,740,-1,908,909,910,-1,910,909,911,-1,912,908,913,-1,913,908,910,-1,912,913,914,-1,912,914,915,-1,915,914,916,-1,915,916,917,-1,918,917,919,-1,919,917,916,-1,920,918,921,-1,921,918,919,-1,922,920,923,-1,923,920,921,-1,924,922,925,-1,925,922,923,-1,926,924,927,-1,927,924,925,-1,928,926,929,-1,929,926,927,-1,928,929,930,-1,928,930,931,-1,931,930,932,-1,931,932,933,-1,933,932,934,-1,933,934,935,-1,935,934,936,-1,935,936,937,-1,937,936,938,-1,937,938,939,-1,939,938,940,-1,939,940,941,-1,941,940,942,-1,941,942,943,-1,943,942,944,-1,943,944,945,-1,945,944,946,-1,945,946,947,-1,947,946,948,-1,947,948,949,-1,950,949,951,-1,951,949,948,-1,950,951,952,-1,950,952,953,-1,953,952,954,-1,953,954,955,-1,955,954,956,-1,955,956,957,-1,957,956,958,-1,957,958,959,-1,959,958,960,-1,959,960,961,-1,961,960,962,-1,961,962,963,-1,963,962,964,-1,963,964,965,-1,965,964,966,-1,965,966,967,-1,967,966,968,-1,967,968,969,-1,969,968,970,-1,969,970,971,-1,971,970,972,-1,971,972,973,-1,973,972,974,-1,973,974,975,-1,975,974,976,-1,975,976,977,-1,977,976,978,-1,977,978,979,-1,909,979,911,-1,911,979,978,-1,915,917,979,-1,909,908,979,-1,979,908,912,-1,979,912,915,-1,922,924,920,-1,920,924,926,-1,920,926,918,-1,933,935,967,-1,967,935,965,-1,965,935,937,-1,965,937,963,-1,963,937,939,-1,963,939,961,-1,961,939,959,-1,959,939,941,-1,959,941,957,-1,957,941,943,-1,957,943,955,-1,967,969,933,-1,933,969,971,-1,933,971,931,-1,931,971,973,-1,931,973,928,-1,955,943,953,-1,953,943,945,-1,953,945,950,-1,950,945,947,-1,950,947,949,-1,973,975,928,-1,928,975,977,-1,928,977,926,-1,926,977,979,-1,926,979,918,-1,918,979,917,-1,940,938,960,-1,927,925,923,-1,910,911,913,-1,913,911,978,-1,960,938,962,-1,962,938,936,-1,962,936,964,-1,960,958,940,-1,940,958,956,-1,940,956,942,-1,942,956,954,-1,942,954,944,-1,944,954,952,-1,944,952,946,-1,946,952,951,-1,946,951,948,-1,964,936,966,-1,966,936,934,-1,966,934,968,-1,968,934,932,-1,968,932,970,-1,970,932,930,-1,970,930,972,-1,972,930,974,-1,974,930,929,-1,974,929,976,-1,919,916,978,-1,978,916,914,-1,978,914,913,-1,923,921,927,-1,927,921,919,-1,927,919,929,-1,929,919,978,-1,929,978,976,-1,980,981,982,-1,982,981,983,-1,984,980,985,-1,985,980,982,-1,986,984,987,-1,987,984,985,-1,988,986,989,-1,989,986,987,-1,990,988,991,-1,991,988,989,-1,992,990,993,-1,993,990,991,-1,994,992,995,-1,995,992,993,-1,996,994,997,-1,997,994,995,-1,998,996,999,-1,999,996,997,-1,1000,998,1001,-1,1001,998,999,-1,1002,1000,1003,-1,1003,1000,1001,-1,981,1002,983,-1,983,1002,1003,-1,1002,981,980,-1,980,984,1002,-1,1002,984,986,-1,1002,986,1000,-1,996,998,994,-1,994,998,1000,-1,994,1000,992,-1,992,1000,986,-1,992,986,990,-1,990,986,988,-1,982,983,985,-1,985,983,1003,-1,985,1003,987,-1,999,997,1001,-1,1001,997,995,-1,1001,995,993,-1,991,989,993,-1,993,989,987,-1,993,987,1001,-1,1001,987,1003,-1,1004,1005,1006,-1,1006,1005,1007,-1,1006,1007,1008,-1,1008,1007,1009,-1,1008,1009,1010,-1,1010,1009,1011,-1,1010,1011,1012,-1,1012,1011,1013,-1,1012,1013,1014,-1,1014,1013,1015,-1,1014,1015,1016,-1,1016,1015,1017,-1,1016,1017,1018,-1,1018,1017,1019,-1,1018,1019,1020,-1,1021,1022,1023,-1,1023,1022,1024,-1,1023,1024,1025,-1,1025,1024,1026,-1,1025,1026,1027,-1,1027,1026,1028,-1,1027,1028,1029,-1,1028,1030,1029,-1,1029,1030,1031,-1,1029,1031,1032,-1,1032,1031,1033,-1,1032,1033,1034,-1,1034,1033,1035,-1,1034,1035,1036,-1,1036,1035,1037,-1,1036,1037,1038,-1,1038,1037,1039,-1,1038,1039,1040,-1,1040,1039,1041,-1,1040,1041,1042,-1,1042,1041,1043,-1,1042,1043,1044,-1,1044,1043,1045,-1,1044,1045,1046,-1,1046,1045,1047,-1,1046,1047,1048,-1,1048,1047,1049,-1,1048,1049,1050,-1,1050,1049,1051,-1,1050,1051,1052,-1,1052,1051,1053,-1,1052,1053,1054,-1,1054,1053,1055,-1,1054,1055,1056,-1,1056,1055,1057,-1,1056,1057,1058,-1,1058,1057,1059,-1,1058,1059,1060,-1,1060,1059,1061,-1,1060,1061,1062,-1,1062,1061,1063,-1,1062,1063,1004,-1,1004,1063,1064,-1,1004,1064,1005,-1,1019,1065,1020,-1,1020,1065,1066,-1,1020,1066,1067,-1,1067,1066,1068,-1,1067,1068,1069,-1,1069,1068,1070,-1,1069,1070,1071,-1,1071,1070,1072,-1,1071,1072,1073,-1,1073,1072,1074,-1,1073,1074,1075,-1,1075,1074,1076,-1,1075,1076,1021,-1,1021,1076,1077,-1,1021,1077,1022,-1,1078,1079,1080,-1,1080,1079,1081,-1,1080,1081,1082,-1,1082,1081,1083,-1,1082,1083,1084,-1,1084,1083,1085,-1,1084,1085,1086,-1,1086,1085,1087,-1,1086,1087,1088,-1,1088,1087,1089,-1,1088,1089,1090,-1,1091,1092,1093,-1,1093,1092,1094,-1,1093,1094,1095,-1,1095,1094,1096,-1,1095,1096,1097,-1,1097,1096,1098,-1,1097,1098,1099,-1,1099,1098,1100,-1,1099,1100,1101,-1,1101,1100,1102,-1,1101,1102,1103,-1,1103,1102,1104,-1,1103,1104,1105,-1,1105,1104,1106,-1,1105,1106,1107,-1,1107,1106,1108,-1,1107,1108,1109,-1,1109,1108,1110,-1,1109,1110,1111,-1,1111,1110,1112,-1,1111,1112,1113,-1,1113,1112,1114,-1,1113,1114,1115,-1,1115,1114,1116,-1,1115,1116,1117,-1,1117,1116,1118,-1,1117,1118,1119,-1,1119,1118,1120,-1,1119,1120,1078,-1,1078,1120,1121,-1,1078,1121,1079,-1,1122,1123,1124,-1,1124,1123,1125,-1,1124,1125,1126,-1,1126,1125,1127,-1,1126,1127,1128,-1,1128,1127,1129,-1,1128,1129,1130,-1,1130,1129,1131,-1,1130,1131,1132,-1,1132,1131,1133,-1,1132,1133,1134,-1,1134,1133,1135,-1,1134,1135,1136,-1,1136,1135,1137,-1,1136,1137,1091,-1,1091,1137,1138,-1,1091,1138,1092,-1,1089,1139,1090,-1,1090,1139,1140,-1,1090,1140,1141,-1,1141,1140,1142,-1,1141,1142,1143,-1,1143,1142,1144,-1,1143,1144,1145,-1,1145,1144,1146,-1,1145,1146,1147,-1,1147,1146,1148,-1,1147,1148,1149,-1,1149,1148,1150,-1,1149,1150,1122,-1,1122,1150,1151,-1,1122,1151,1123,-1,1057,1055,1102,-1,1102,1055,1104,-1,1057,1102,1100,-1,1057,1100,1059,-1,1059,1100,1098,-1,1059,1098,1061,-1,1061,1098,1096,-1,1061,1096,1063,-1,1063,1096,1094,-1,1063,1094,1064,-1,1064,1094,1092,-1,1064,1092,1005,-1,1005,1092,1138,-1,1005,1138,1007,-1,1007,1138,1137,-1,1007,1137,1009,-1,1009,1137,1135,-1,1009,1135,1011,-1,1011,1135,1133,-1,1011,1133,1013,-1,1013,1133,1131,-1,1013,1131,1015,-1,1015,1131,1129,-1,1015,1129,1017,-1,1017,1129,1127,-1,1017,1127,1019,-1,1019,1127,1125,-1,1019,1125,1065,-1,1065,1125,1123,-1,1065,1123,1066,-1,1066,1123,1151,-1,1066,1151,1068,-1,1068,1151,1150,-1,1068,1150,1070,-1,1070,1150,1148,-1,1070,1148,1072,-1,1072,1148,1146,-1,1072,1146,1074,-1,1074,1146,1144,-1,1074,1144,1076,-1,1076,1144,1142,-1,1076,1142,1077,-1,1077,1142,1140,-1,1077,1140,1022,-1,1022,1140,1139,-1,1022,1139,1024,-1,1024,1139,1089,-1,1024,1089,1026,-1,1026,1089,1087,-1,1026,1087,1028,-1,1028,1087,1085,-1,1028,1085,1030,-1,1030,1085,1083,-1,1030,1083,1031,-1,1031,1083,1081,-1,1031,1081,1033,-1,1033,1081,1079,-1,1033,1079,1035,-1,1035,1079,1121,-1,1035,1121,1037,-1,1037,1121,1120,-1,1037,1120,1039,-1,1039,1120,1118,-1,1039,1118,1041,-1,1041,1118,1116,-1,1041,1116,1043,-1,1043,1116,1114,-1,1043,1114,1045,-1,1045,1114,1112,-1,1045,1112,1047,-1,1047,1112,1110,-1,1047,1110,1049,-1,1049,1110,1108,-1,1049,1108,1051,-1,1053,1051,1106,-1,1106,1051,1108,-1,1055,1053,1104,-1,1104,1053,1106,-1,1050,1052,1107,-1,1107,1052,1105,-1,1052,1054,1105,-1,1105,1054,1103,-1,1054,1056,1103,-1,1103,1056,1101,-1,1012,1132,1134,-1,1012,1134,1010,-1,1010,1134,1136,-1,1010,1136,1008,-1,1008,1136,1091,-1,1008,1091,1006,-1,1006,1091,1093,-1,1006,1093,1004,-1,1004,1093,1095,-1,1004,1095,1062,-1,1062,1095,1097,-1,1062,1097,1060,-1,1060,1097,1099,-1,1060,1099,1058,-1,1058,1099,1101,-1,1058,1101,1056,-1,1073,1145,1147,-1,1073,1147,1071,-1,1071,1147,1149,-1,1071,1149,1069,-1,1069,1149,1122,-1,1069,1122,1067,-1,1067,1122,1124,-1,1067,1124,1020,-1,1020,1124,1126,-1,1020,1126,1018,-1,1018,1126,1128,-1,1018,1128,1016,-1,1016,1128,1130,-1,1016,1130,1014,-1,1014,1130,1132,-1,1014,1132,1012,-1,1034,1080,1082,-1,1034,1082,1032,-1,1032,1082,1084,-1,1032,1084,1029,-1,1029,1084,1086,-1,1029,1086,1027,-1,1027,1086,1088,-1,1027,1088,1025,-1,1025,1088,1090,-1,1025,1090,1023,-1,1023,1090,1141,-1,1023,1141,1021,-1,1021,1141,1143,-1,1021,1143,1075,-1,1075,1143,1145,-1,1075,1145,1073,-1,1050,1107,1109,-1,1050,1109,1048,-1,1048,1109,1111,-1,1048,1111,1046,-1,1046,1111,1113,-1,1046,1113,1044,-1,1044,1113,1115,-1,1044,1115,1042,-1,1042,1115,1117,-1,1042,1117,1040,-1,1040,1117,1119,-1,1040,1119,1038,-1,1038,1119,1078,-1,1038,1078,1036,-1,1036,1078,1080,-1,1036,1080,1034,-1,1152,1153,1154,-1,1155,1156,1157,-1,1153,1158,1154,-1,1154,1158,1159,-1,1154,1159,1160,-1,1160,1159,1161,-1,1160,1161,1162,-1,1162,1163,1160,-1,1160,1163,1164,-1,1160,1164,1165,-1,1166,1165,1167,-1,1167,1165,1164,-1,1167,1164,1157,-1,1157,1164,1152,-1,1157,1152,1155,-1,1155,1152,1154,-1,1168,1169,1170,-1,1170,1169,1171,-1,1172,1173,1171,-1,1171,1173,1174,-1,1171,1174,1170,-1,1170,1174,1175,-1,1172,1176,1173,-1,1173,1176,1177,-1,1173,1177,1178,-1,1178,1177,1179,-1,1178,1179,1180,-1,1180,1181,1178,-1,1178,1181,1169,-1,1178,1169,1182,-1,1182,1169,1168,-1,1182,1168,1183,-1,1160,1165,1173,-1,1173,1165,1174,-1,1154,1160,1178,-1,1178,1160,1173,-1,1155,1154,1182,-1,1182,1154,1178,-1,1156,1155,1183,-1,1183,1155,1182,-1,1157,1156,1168,-1,1168,1156,1183,-1,1167,1157,1170,-1,1170,1157,1168,-1,1166,1167,1175,-1,1175,1167,1170,-1,1165,1166,1174,-1,1174,1166,1175,-1,1152,1164,1169,-1,1169,1164,1171,-1,1164,1163,1171,-1,1171,1163,1172,-1,1161,1177,1176,-1,1161,1176,1162,-1,1162,1176,1172,-1,1162,1172,1163,-1,1161,1159,1177,-1,1177,1159,1179,-1,1153,1181,1180,-1,1153,1180,1158,-1,1158,1180,1179,-1,1158,1179,1159,-1,1153,1152,1181,-1,1181,1152,1169,-1,1184,1185,1186,-1,1187,1188,1189,-1,1190,1191,1192,-1,1193,1194,1195,-1,1195,1194,1196,-1,1195,1196,1197,-1,1198,1199,1200,-1,1201,1202,1186,-1,1186,1202,1203,-1,1186,1203,1184,-1,1204,1205,1206,-1,1206,1205,1207,-1,1206,1207,1208,-1,1208,1207,1209,-1,1208,1209,1210,-1,1210,1209,1211,-1,1210,1211,1212,-1,1213,1214,1207,-1,1207,1214,1215,-1,1207,1215,1209,-1,1209,1215,1216,-1,1209,1216,1217,-1,1218,1219,1220,-1,1220,1219,1186,-1,1220,1186,1221,-1,1222,1223,1224,-1,1225,1185,1226,-1,1226,1185,1227,-1,1226,1227,1228,-1,1200,1199,1229,-1,1229,1199,1230,-1,1229,1230,1231,-1,1231,1230,1232,-1,1231,1232,1233,-1,1192,1191,1234,-1,1234,1191,1235,-1,1234,1235,1236,-1,1237,1238,1186,-1,1186,1238,1239,-1,1186,1239,1201,-1,1222,1224,1240,-1,1240,1224,1241,-1,1240,1241,1242,-1,1242,1241,1243,-1,1242,1243,1244,-1,1212,1245,1210,-1,1210,1245,1246,-1,1210,1246,1247,-1,1248,1249,1250,-1,1250,1249,1251,-1,1250,1251,1252,-1,1252,1251,1253,-1,1252,1253,1254,-1,1248,1250,1255,-1,1255,1250,1256,-1,1255,1256,1257,-1,1257,1256,1258,-1,1257,1258,1259,-1,1259,1258,1260,-1,1259,1260,1261,-1,1253,1262,1254,-1,1254,1262,1263,-1,1254,1263,1264,-1,1264,1263,1265,-1,1264,1265,1218,-1,1218,1265,1266,-1,1218,1266,1219,-1,1267,1268,1269,-1,1269,1268,1270,-1,1269,1270,1271,-1,1271,1270,1272,-1,1271,1272,1273,-1,1273,1272,1274,-1,1273,1274,1275,-1,1276,1277,1278,-1,1278,1277,1279,-1,1278,1279,1237,-1,1237,1279,1280,-1,1237,1280,1238,-1,1223,1222,1281,-1,1281,1222,1282,-1,1281,1282,1283,-1,1283,1282,1284,-1,1283,1284,1285,-1,1285,1284,1286,-1,1285,1286,1189,-1,1189,1286,1287,-1,1189,1287,1187,-1,1225,1288,1185,-1,1185,1288,1289,-1,1185,1289,1186,-1,1186,1289,1290,-1,1186,1290,1221,-1,1200,1291,1198,-1,1198,1291,1292,-1,1198,1292,1293,-1,1293,1292,1294,-1,1293,1294,1295,-1,1295,1294,1296,-1,1295,1296,1297,-1,1297,1296,1298,-1,1297,1298,1299,-1,1192,1300,1190,-1,1190,1300,1301,-1,1190,1301,1302,-1,1302,1301,1303,-1,1302,1303,1304,-1,1304,1303,1305,-1,1304,1305,1306,-1,1306,1305,1189,-1,1306,1189,1307,-1,1307,1189,1188,-1,1195,1308,1193,-1,1193,1308,1309,-1,1193,1309,1310,-1,1310,1309,1311,-1,1310,1311,1312,-1,1313,1314,1315,-1,1315,1314,1316,-1,1315,1316,1317,-1,1317,1316,1318,-1,1317,1318,1276,-1,1276,1318,1319,-1,1276,1319,1277,-1,1261,1260,1207,-1,1207,1260,1320,-1,1207,1320,1213,-1,1227,1321,1228,-1,1228,1321,1322,-1,1228,1322,1323,-1,1323,1322,1324,-1,1323,1324,1325,-1,1326,1327,1328,-1,1328,1327,1329,-1,1328,1329,1330,-1,1330,1329,1331,-1,1330,1331,1267,-1,1267,1331,1332,-1,1267,1332,1268,-1,1298,1333,1299,-1,1299,1333,1334,-1,1299,1334,1335,-1,1335,1334,1336,-1,1335,1336,1326,-1,1326,1336,1337,-1,1326,1337,1327,-1,1217,1338,1209,-1,1209,1338,1339,-1,1209,1339,1340,-1,1340,1339,1325,-1,1340,1325,1341,-1,1341,1325,1324,-1,1342,1343,1344,-1,1345,1346,1347,-1,1347,1346,1348,-1,1349,1350,1351,-1,1351,1350,1352,-1,1351,1352,1353,-1,1353,1352,1354,-1,1353,1354,1355,-1,1355,1354,1356,-1,1355,1356,1357,-1,1357,1356,1358,-1,1357,1358,1313,-1,1313,1358,1359,-1,1313,1359,1314,-1,1197,1360,1195,-1,1195,1360,1361,-1,1195,1361,1362,-1,1362,1361,1363,-1,1362,1363,1364,-1,1364,1363,1275,-1,1364,1275,1365,-1,1365,1275,1274,-1,1366,1367,1342,-1,1342,1367,1368,-1,1342,1368,1343,-1,1232,1369,1233,-1,1233,1369,1342,-1,1233,1342,1370,-1,1370,1342,1344,-1,1236,1235,1371,-1,1371,1235,1372,-1,1371,1372,1345,-1,1345,1372,1373,-1,1345,1373,1346,-1,1374,1375,1376,-1,1375,1377,1376,-1,1376,1377,1378,-1,1376,1378,1379,-1,1243,1380,1244,-1,1244,1380,1381,-1,1244,1381,1382,-1,1382,1381,1383,-1,1382,1383,1349,-1,1349,1383,1384,-1,1349,1384,1350,-1,1366,1342,1376,-1,1376,1342,1385,-1,1376,1385,1374,-1,1311,1386,1312,-1,1312,1386,1387,-1,1312,1387,1388,-1,1388,1387,1389,-1,1388,1389,1390,-1,1390,1389,1391,-1,1390,1391,1392,-1,1392,1391,1393,-1,1392,1393,1394,-1,1394,1393,1395,-1,1394,1395,1348,-1,1348,1395,1396,-1,1348,1396,1347,-1,1397,1398,1399,-1,1399,1398,1400,-1,1399,1400,1401,-1,1402,1403,1404,-1,1402,1404,1405,-1,1400,1406,1401,-1,1401,1406,1407,-1,1401,1407,1408,-1,1408,1407,1409,-1,1410,1411,1412,-1,1413,1414,1415,-1,1415,1414,1416,-1,1417,1418,1419,-1,1419,1418,1420,-1,1419,1420,1421,-1,1421,1420,1422,-1,1421,1422,1423,-1,1424,1425,1426,-1,1427,1428,1429,-1,1430,1431,1401,-1,1401,1431,1432,-1,1401,1432,1399,-1,1399,1432,1433,-1,1412,1434,1410,-1,1410,1434,1404,-1,1410,1404,1435,-1,1435,1404,1403,-1,1416,1436,1415,-1,1415,1436,1437,-1,1415,1437,1438,-1,1438,1437,1423,-1,1438,1423,1439,-1,1439,1423,1422,-1,1440,1441,1442,-1,1442,1441,1443,-1,1442,1443,1444,-1,1444,1443,1445,-1,1444,1445,1446,-1,1426,1425,1447,-1,1447,1425,1448,-1,1447,1448,1449,-1,1450,1451,1445,-1,1429,1428,1452,-1,1452,1428,1453,-1,1452,1453,1401,-1,1401,1453,1454,-1,1401,1454,1430,-1,1411,1410,1455,-1,1455,1410,1456,-1,1455,1456,1457,-1,1429,1458,1427,-1,1427,1458,1459,-1,1427,1459,1460,-1,1460,1459,1461,-1,1460,1461,1462,-1,1462,1461,1463,-1,1462,1463,1464,-1,1464,1463,1455,-1,1464,1455,1465,-1,1465,1455,1457,-1,1466,1467,1407,-1,1407,1467,1468,-1,1407,1468,1409,-1,1449,1448,1469,-1,1469,1448,1470,-1,1469,1470,1415,-1,1415,1470,1471,-1,1415,1471,1413,-1,1472,1473,1474,-1,1474,1473,1475,-1,1474,1475,1476,-1,1476,1475,1477,-1,1476,1477,1478,-1,1478,1477,1479,-1,1478,1479,1480,-1,1481,1482,1483,-1,1483,1482,1484,-1,1483,1484,1485,-1,1485,1484,1486,-1,1485,1486,1487,-1,1451,1488,1445,-1,1445,1488,1489,-1,1445,1489,1446,-1,1490,1491,1492,-1,1492,1491,1493,-1,1492,1493,1494,-1,1495,1496,1497,-1,1497,1496,1498,-1,1497,1498,1499,-1,1499,1498,1500,-1,1499,1500,1501,-1,1501,1500,1502,-1,1501,1502,1503,-1,1503,1502,1504,-1,1503,1504,1490,-1,1490,1504,1505,-1,1490,1505,1491,-1,1506,1507,1495,-1,1433,1508,1399,-1,1399,1508,1509,-1,1399,1509,1510,-1,1510,1509,1511,-1,1510,1511,1512,-1,1512,1511,1513,-1,1512,1513,1514,-1,1514,1513,1515,-1,1515,1513,1516,-1,1515,1516,1517,-1,1517,1516,1518,-1,1517,1518,1519,-1,1519,1518,1520,-1,1520,1518,1521,-1,1520,1521,1522,-1,1522,1521,1523,-1,1523,1521,1524,-1,1523,1524,1525,-1,1525,1524,1526,-1,1525,1526,1527,-1,1527,1526,1528,-1,1528,1526,1529,-1,1528,1529,1530,-1,1530,1529,1531,-1,1530,1531,1410,-1,1410,1531,1532,-1,1410,1532,1456,-1,1493,1533,1494,-1,1494,1533,1534,-1,1494,1534,1535,-1,1535,1534,1536,-1,1535,1536,1537,-1,1537,1536,1538,-1,1537,1538,1417,-1,1417,1538,1539,-1,1417,1539,1418,-1,1507,1540,1495,-1,1495,1540,1541,-1,1495,1541,1496,-1,1542,1543,1544,-1,1544,1543,1545,-1,1486,1546,1487,-1,1487,1546,1547,-1,1487,1547,1548,-1,1548,1547,1549,-1,1548,1549,1472,-1,1472,1549,1550,-1,1472,1550,1473,-1,1445,1551,1450,-1,1450,1551,1552,-1,1450,1552,1553,-1,1553,1552,1554,-1,1553,1554,1555,-1,1555,1554,1556,-1,1555,1556,1557,-1,1557,1556,1558,-1,1557,1558,1481,-1,1481,1558,1559,-1,1481,1559,1482,-1,1479,1560,1480,-1,1480,1560,1561,-1,1480,1561,1562,-1,1562,1561,1563,-1,1562,1563,1564,-1,1564,1563,1565,-1,1564,1565,1566,-1,1566,1565,1567,-1,1566,1567,1568,-1,1568,1567,1569,-1,1568,1569,1570,-1,1570,1569,1571,-1,1570,1571,1544,-1,1544,1571,1572,-1,1544,1572,1542,-1,1545,1573,1544,-1,1544,1573,1574,-1,1544,1574,1575,-1,1405,1404,1495,-1,1495,1404,1576,-1,1495,1576,1577,-1,1578,1579,1575,-1,1575,1579,1580,-1,1575,1580,1581,-1,1577,1582,1495,-1,1495,1582,1583,-1,1495,1583,1506,-1,1584,1585,1586,-1,1586,1585,1587,-1,1586,1587,1440,-1,1440,1587,1588,-1,1440,1588,1441,-1,1426,1589,1424,-1,1424,1589,1590,-1,1424,1590,1591,-1,1591,1590,1592,-1,1591,1592,1593,-1,1593,1592,1594,-1,1593,1594,1595,-1,1595,1594,1596,-1,1595,1596,1597,-1,1597,1596,1598,-1,1597,1598,1599,-1,1599,1598,1600,-1,1599,1600,1601,-1,1601,1600,1602,-1,1601,1602,1603,-1,1603,1602,1604,-1,1603,1604,1605,-1,1605,1604,1606,-1,1605,1606,1584,-1,1584,1606,1607,-1,1584,1607,1585,-1,1581,1608,1575,-1,1575,1608,1609,-1,1575,1609,1544,-1,1329,1546,1486,-1,1329,1486,1331,-1,1331,1486,1484,-1,1331,1484,1332,-1,1332,1484,1482,-1,1332,1482,1268,-1,1268,1482,1559,-1,1268,1559,1270,-1,1270,1559,1558,-1,1270,1558,1272,-1,1272,1558,1556,-1,1272,1556,1274,-1,1274,1556,1554,-1,1274,1554,1365,-1,1365,1554,1552,-1,1365,1552,1364,-1,1364,1552,1551,-1,1364,1551,1362,-1,1362,1551,1445,-1,1362,1445,1195,-1,1195,1445,1443,-1,1195,1443,1308,-1,1308,1443,1441,-1,1308,1441,1309,-1,1309,1441,1588,-1,1309,1588,1311,-1,1311,1588,1587,-1,1311,1587,1386,-1,1386,1587,1585,-1,1386,1585,1387,-1,1387,1585,1607,-1,1387,1607,1389,-1,1389,1607,1606,-1,1389,1606,1391,-1,1391,1606,1604,-1,1391,1604,1393,-1,1393,1604,1602,-1,1393,1602,1395,-1,1395,1602,1600,-1,1395,1600,1396,-1,1396,1600,1598,-1,1396,1598,1347,-1,1347,1598,1596,-1,1347,1596,1345,-1,1345,1596,1594,-1,1345,1594,1371,-1,1371,1594,1592,-1,1371,1592,1236,-1,1236,1592,1590,-1,1236,1590,1234,-1,1234,1590,1589,-1,1234,1589,1192,-1,1192,1589,1426,-1,1192,1426,1300,-1,1300,1426,1447,-1,1300,1447,1301,-1,1301,1447,1449,-1,1301,1449,1303,-1,1303,1449,1469,-1,1303,1469,1305,-1,1305,1469,1415,-1,1305,1415,1189,-1,1189,1415,1438,-1,1189,1438,1285,-1,1285,1438,1439,-1,1285,1439,1283,-1,1283,1439,1422,-1,1283,1422,1281,-1,1281,1422,1420,-1,1281,1420,1223,-1,1223,1420,1418,-1,1223,1418,1224,-1,1224,1418,1539,-1,1224,1539,1241,-1,1241,1539,1538,-1,1241,1538,1243,-1,1243,1538,1536,-1,1243,1536,1380,-1,1380,1536,1534,-1,1380,1534,1381,-1,1381,1534,1533,-1,1381,1533,1383,-1,1383,1533,1493,-1,1383,1493,1384,-1,1384,1493,1491,-1,1384,1491,1350,-1,1350,1491,1505,-1,1350,1505,1352,-1,1352,1505,1504,-1,1352,1504,1354,-1,1354,1504,1502,-1,1354,1502,1356,-1,1356,1502,1500,-1,1356,1500,1358,-1,1358,1500,1498,-1,1358,1498,1359,-1,1359,1498,1496,-1,1359,1496,1314,-1,1314,1496,1541,-1,1314,1541,1316,-1,1316,1541,1540,-1,1316,1540,1318,-1,1318,1540,1507,-1,1318,1507,1319,-1,1319,1507,1506,-1,1319,1506,1277,-1,1277,1506,1583,-1,1277,1583,1279,-1,1279,1583,1582,-1,1279,1582,1280,-1,1280,1582,1577,-1,1280,1577,1238,-1,1238,1577,1576,-1,1238,1576,1239,-1,1239,1576,1404,-1,1239,1404,1201,-1,1201,1404,1434,-1,1201,1434,1202,-1,1202,1434,1412,-1,1202,1412,1203,-1,1203,1412,1411,-1,1203,1411,1184,-1,1184,1411,1455,-1,1184,1455,1185,-1,1185,1455,1463,-1,1185,1463,1227,-1,1227,1463,1461,-1,1227,1461,1321,-1,1321,1461,1459,-1,1321,1459,1322,-1,1322,1459,1458,-1,1322,1458,1324,-1,1324,1458,1429,-1,1324,1429,1341,-1,1341,1429,1452,-1,1341,1452,1340,-1,1340,1452,1401,-1,1340,1401,1209,-1,1209,1401,1408,-1,1209,1408,1211,-1,1211,1408,1409,-1,1211,1409,1212,-1,1212,1409,1468,-1,1212,1468,1245,-1,1245,1468,1467,-1,1245,1467,1246,-1,1246,1467,1466,-1,1246,1466,1247,-1,1247,1466,1407,-1,1247,1407,1210,-1,1210,1407,1406,-1,1210,1406,1208,-1,1206,1208,1400,-1,1400,1208,1406,-1,1204,1206,1398,-1,1398,1206,1400,-1,1205,1204,1397,-1,1397,1204,1398,-1,1207,1205,1399,-1,1399,1205,1397,-1,1207,1399,1510,-1,1207,1510,1261,-1,1261,1510,1512,-1,1261,1512,1259,-1,1259,1512,1514,-1,1259,1514,1257,-1,1257,1514,1515,-1,1257,1515,1255,-1,1255,1515,1517,-1,1255,1517,1248,-1,1248,1517,1519,-1,1248,1519,1249,-1,1249,1519,1520,-1,1249,1520,1251,-1,1251,1520,1522,-1,1251,1522,1253,-1,1253,1522,1523,-1,1253,1523,1262,-1,1262,1523,1525,-1,1262,1525,1263,-1,1263,1525,1527,-1,1263,1527,1265,-1,1265,1527,1528,-1,1265,1528,1266,-1,1266,1528,1530,-1,1266,1530,1219,-1,1219,1530,1410,-1,1219,1410,1186,-1,1186,1410,1435,-1,1186,1435,1237,-1,1237,1435,1403,-1,1237,1403,1278,-1,1278,1403,1402,-1,1278,1402,1276,-1,1276,1402,1405,-1,1276,1405,1317,-1,1317,1405,1495,-1,1317,1495,1315,-1,1315,1495,1497,-1,1315,1497,1313,-1,1313,1497,1499,-1,1313,1499,1357,-1,1357,1499,1501,-1,1357,1501,1355,-1,1355,1501,1503,-1,1355,1503,1353,-1,1353,1503,1490,-1,1353,1490,1351,-1,1351,1490,1492,-1,1351,1492,1349,-1,1349,1492,1494,-1,1349,1494,1382,-1,1382,1494,1535,-1,1382,1535,1244,-1,1244,1535,1537,-1,1244,1537,1242,-1,1242,1537,1417,-1,1242,1417,1240,-1,1240,1417,1419,-1,1240,1419,1222,-1,1222,1419,1421,-1,1222,1421,1282,-1,1282,1421,1423,-1,1282,1423,1284,-1,1284,1423,1437,-1,1284,1437,1286,-1,1286,1437,1436,-1,1286,1436,1287,-1,1287,1436,1416,-1,1287,1416,1187,-1,1187,1416,1414,-1,1187,1414,1188,-1,1188,1414,1413,-1,1188,1413,1307,-1,1307,1413,1471,-1,1307,1471,1306,-1,1306,1471,1470,-1,1306,1470,1304,-1,1304,1470,1448,-1,1304,1448,1302,-1,1302,1448,1425,-1,1302,1425,1190,-1,1190,1425,1424,-1,1190,1424,1191,-1,1191,1424,1591,-1,1191,1591,1235,-1,1235,1591,1593,-1,1235,1593,1372,-1,1372,1593,1595,-1,1372,1595,1373,-1,1373,1595,1597,-1,1373,1597,1346,-1,1346,1597,1599,-1,1346,1599,1348,-1,1348,1599,1601,-1,1348,1601,1394,-1,1394,1601,1603,-1,1394,1603,1392,-1,1392,1603,1605,-1,1392,1605,1390,-1,1390,1605,1584,-1,1390,1584,1388,-1,1388,1584,1586,-1,1388,1586,1312,-1,1312,1586,1440,-1,1312,1440,1310,-1,1310,1440,1442,-1,1310,1442,1193,-1,1193,1442,1444,-1,1193,1444,1194,-1,1194,1444,1446,-1,1194,1446,1196,-1,1196,1446,1489,-1,1196,1489,1197,-1,1360,1197,1488,-1,1488,1197,1489,-1,1360,1488,1451,-1,1360,1451,1361,-1,1361,1451,1450,-1,1361,1450,1363,-1,1363,1450,1553,-1,1363,1553,1275,-1,1275,1553,1555,-1,1275,1555,1273,-1,1273,1555,1557,-1,1273,1557,1271,-1,1271,1557,1481,-1,1271,1481,1269,-1,1269,1481,1483,-1,1269,1483,1267,-1,1267,1483,1485,-1,1267,1485,1330,-1,1330,1485,1487,-1,1330,1487,1328,-1,1328,1487,1548,-1,1328,1548,1326,-1,1326,1548,1472,-1,1326,1472,1335,-1,1335,1472,1474,-1,1335,1474,1299,-1,1299,1474,1476,-1,1299,1476,1297,-1,1297,1476,1478,-1,1297,1478,1295,-1,1295,1478,1480,-1,1295,1480,1293,-1,1293,1480,1562,-1,1293,1562,1198,-1,1198,1562,1564,-1,1198,1564,1199,-1,1199,1564,1566,-1,1199,1566,1230,-1,1232,1230,1568,-1,1568,1230,1566,-1,1232,1568,1570,-1,1232,1570,1369,-1,1369,1570,1544,-1,1369,1544,1342,-1,1342,1544,1609,-1,1342,1609,1385,-1,1385,1609,1608,-1,1385,1608,1374,-1,1374,1608,1581,-1,1374,1581,1375,-1,1375,1581,1580,-1,1375,1580,1377,-1,1377,1580,1579,-1,1377,1579,1378,-1,1378,1579,1578,-1,1378,1578,1379,-1,1379,1578,1575,-1,1379,1575,1376,-1,1376,1575,1574,-1,1376,1574,1366,-1,1366,1574,1573,-1,1366,1573,1367,-1,1367,1573,1545,-1,1367,1545,1368,-1,1368,1545,1543,-1,1368,1543,1343,-1,1343,1543,1542,-1,1343,1542,1344,-1,1344,1542,1572,-1,1344,1572,1370,-1,1370,1572,1571,-1,1370,1571,1233,-1,1233,1571,1569,-1,1233,1569,1231,-1,1229,1231,1567,-1,1567,1231,1569,-1,1229,1567,1565,-1,1229,1565,1200,-1,1200,1565,1563,-1,1200,1563,1291,-1,1291,1563,1561,-1,1291,1561,1292,-1,1292,1561,1560,-1,1292,1560,1294,-1,1294,1560,1479,-1,1294,1479,1296,-1,1296,1479,1477,-1,1296,1477,1298,-1,1298,1477,1475,-1,1298,1475,1333,-1,1333,1475,1473,-1,1333,1473,1334,-1,1334,1473,1550,-1,1334,1550,1336,-1,1336,1550,1549,-1,1336,1549,1337,-1,1337,1549,1547,-1,1337,1547,1327,-1,1327,1547,1546,-1,1327,1546,1329,-1,1250,1518,1516,-1,1250,1516,1256,-1,1256,1516,1513,-1,1256,1513,1258,-1,1258,1513,1511,-1,1258,1511,1260,-1,1260,1511,1509,-1,1260,1509,1320,-1,1320,1509,1508,-1,1320,1508,1213,-1,1213,1508,1433,-1,1213,1433,1214,-1,1214,1433,1432,-1,1214,1432,1215,-1,1215,1432,1431,-1,1215,1431,1216,-1,1216,1431,1430,-1,1216,1430,1217,-1,1217,1430,1454,-1,1217,1454,1338,-1,1338,1454,1453,-1,1338,1453,1339,-1,1339,1453,1428,-1,1339,1428,1325,-1,1325,1428,1427,-1,1325,1427,1323,-1,1323,1427,1460,-1,1323,1460,1228,-1,1228,1460,1462,-1,1228,1462,1226,-1,1226,1462,1464,-1,1226,1464,1225,-1,1225,1464,1465,-1,1225,1465,1288,-1,1288,1465,1457,-1,1288,1457,1289,-1,1289,1457,1456,-1,1289,1456,1290,-1,1290,1456,1532,-1,1290,1532,1221,-1,1221,1532,1531,-1,1221,1531,1220,-1,1220,1531,1529,-1,1220,1529,1218,-1,1218,1529,1526,-1,1218,1526,1264,-1,1264,1526,1524,-1,1264,1524,1254,-1,1254,1524,1521,-1,1254,1521,1252,-1,1252,1521,1518,-1,1252,1518,1250,-1,
        ]
    }
}
Shape{
    appearance Appearance {
        material  Material 	{
            diffuseColor 0.8235294117647058 0.8235294117647058 0.8235294117647058
            specularColor 0.4117647058823529 0.4117647058823529 0.4117647058823529
            ambientIntensity 0.8235
            transparency 0.0
            shininess 0.5
        }
    }
    geometry IndexedFaceSet {
        ccw TRUE
        solid FALSE
        coord DEF co Coordinate {
            point [
                5.4153 0.108 5.4724, 5.2616 -0.0998 5.4724, 5.4153 -0.0998 5.4724, 5.4153 1.1811 4.394, 4.2342 1.1811 4.394, 5.4153 0.8827 4.394, 4.2342 0.8827 4.394, 4.2342 -0.3313 4.394, 5.4153 -0.3313 4.394, 4.2342 -0.2287 4.394, 5.4153 -0.2287 4.394, 5.4153 0.8827 4.6063, 5.4153 1.405 4.6063, 5.4153 -0.2287 4.6063, 5.4153 -0.3313 4.6063, 4.2342 1.405 4.6063, 4.2342 0.8827 4.6063, 4.2342 -0.3313 4.6063, 4.2342 -0.2287 4.6063, 5.5138 -1.039 4.6063, 5.5138 -0.1476 4.6063, 4.5492 -0.8421 4.6063, 4.5572 -0.781 4.6063, 4.1358 -0.1476 4.6063, 4.1358 1.5038 4.6063, 5.5138 1.5038 4.6063, 4.5492 -1.039 4.6063, 4.1358 -1.039 4.6063, 4.9253 -0.614 4.6063, 4.9823 -0.6376 4.6063, 5.0312 -0.6751 4.6063, 5.0687 -0.724 4.6063, 5.0923 -0.781 4.6063, 5.1004 -0.8421 4.6063, 5.1004 -1.039 4.6063, 4.5808 -0.724 4.6063, 4.6184 -0.6751 4.6063, 4.6673 -0.6376 4.6063, 4.7243 -0.614 4.6063, 4.7854 -0.6059 4.6063, 4.8642 -0.6059 4.6063, 4.1358 1.9039 3.7757, 5.5138 1.9039 3.7757, 5.5138 1.9039 2.2965, 4.1358 1.9039 2.2965, 5.5138 1.9039 2.6331, 4.1358 1.9039 2.6331, 4.1358 1.832 2.2246, 5.5138 1.832 2.2246, 4.1358 1.832 1.6716, 5.5138 1.832 1.6716, 4.1358 1.9039 1.5996, 5.5138 1.9039 1.5996, 4.1358 1.9039 0.0394, 5.5138 1.9039 0.0394, 4.1358 1.5038 0.0394, 5.5138 1.5038 0.0394, 4.1358 1.5038 0.1705, 5.5138 1.5038 0.1705, 5.5138 -2.5292 0.1705, 4.1358 -2.5292 0.1705, 5.5138 -0.1476 0.1705, 4.1358 -0.1476 0.1705, 4.1358 -2.5292 0.0394, 5.5138 -2.5292 0.0394, 4.1358 -2.8599 0.0394, 5.5138 -2.8599 0.0394, 5.5138 -2.8599 2.7854, 4.1358 -2.8599 2.7854, 5.5138 -2.8599 2.6331, 4.1358 -2.8599 2.6331, 4.8007 -1.7239 3.9214, 4.8737 -1.7216 3.9237, 5.1014 -1.6111 4.0342, 5.0259 -1.6694 3.9759, 4.9483 -1.7048 3.9405, 4.7269 -1.7122 3.933, 4.6503 -1.6838 3.9614, 4.5713 -1.6321 4.0131, 4.4584 -1.1868 4.4585, 4.5048 -1.1016 4.5437, 5.0953 -1.0393 4.606, 5.0904 -1.0403 4.605, 5.1262 -1.0776 4.5676, 4.4342 -1.2814 4.3639, 4.5592 -1.0403 4.605, 4.5543 -1.0393 4.606, 5.1794 -1.1598 4.4854, 5.2107 -1.2528 4.3925, 4.505 -1.5605 4.0848, 4.4582 -1.4744 4.1709, 4.4341 -1.3793 4.2659, 5.218 -1.3506 4.2947, 5.201 -1.4468 4.1984, 5.1612 -1.5355 4.1098, 4.1358 -2.0561 2.7248, 4.1358 -2.0077 2.762, 4.1358 -0.1476 2.6331, 4.1358 -1.9706 2.8103, 4.1358 -1.9472 2.8667, 4.1358 -2.1729 2.6935, 4.1358 -2.1124 2.7015, 4.1358 -2.0077 3.0923, 4.1358 -2.0561 3.1294, 4.1358 -2.3381 2.762, 4.1358 -2.2897 2.7248, 4.1358 -2.2333 2.7015, 4.1358 -1.9393 2.9271, 4.1358 -1.9472 2.9876, 4.1358 -1.9706 3.0439, 4.1358 -2.1124 3.1528, 4.1358 -2.1729 3.1607, 4.1358 -2.2333 3.1528, 4.1358 -2.3985 2.9876, 4.1358 -2.4065 2.9271, 4.1358 -2.3985 2.8667, 4.1358 -2.3752 2.8103, 4.1358 -2.2897 3.1294, 4.1358 -2.3381 3.0923, 4.1358 -2.3752 3.0439, 4.1358 -2.5957 0.5734, 4.1358 -2.617 0.6249, 4.1358 -2.6243 0.6802, 4.1358 -2.2595 0.5291, 4.1358 -2.2256 0.5734, 4.1358 -2.2042 0.7355, 4.1358 -2.1969 0.6802, 4.1358 -2.2042 0.6249, 4.1358 -2.5617 0.8313, 4.1358 -2.5957 0.787, 4.1358 -2.617 0.7355, 4.1358 -2.5617 0.5291, 4.1358 -2.5174 0.4952, 4.1358 -2.4659 0.4738, 4.1358 -2.4106 0.4665, 4.1358 -2.3553 0.4738, 4.1358 -2.3038 0.4952, 4.1358 -1.4157 1.7991, 4.1358 -1.4618 1.8591, 4.1358 -1.7418 1.9341, 4.1358 -1.8117 1.9052, 4.1358 -1.8717 1.8591, 4.1358 -1.9178 1.7991, 4.1358 -1.9468 1.7292, 4.1358 -1.3867 1.5791, 4.1358 -1.3768 1.6541, 4.1358 -1.3867 1.7292, 4.1358 -1.9178 1.5092, 4.1358 -2.4106 0.8939, 4.1358 -2.4659 0.8866, 4.1358 -2.2595 0.8313, 4.1358 -1.8117 1.4031, 4.1358 -1.7418 1.3741, 4.1358 -1.5218 1.9052, 4.1358 -1.5917 1.9341, 4.1358 -1.6667 1.944, 4.1358 -1.6667 1.3642, 4.1358 -1.5917 1.3741, 4.1358 -2.2256 0.787, 4.1358 -1.5218 1.4031, 4.1358 -1.4618 1.4491, 4.1358 -1.4157 1.5092, 4.1358 -1.9566 1.6541, 4.1358 -1.9468 1.5791, 4.1358 -2.5174 0.8652, 4.1358 -1.8717 1.4491, 4.1358 -2.3038 0.8652, 4.1358 -2.3553 0.8866, 4.1358 1.5117 2.5012, 4.1358 1.4612 2.5399, 4.1358 1.583 2.329, 4.1358 1.5747 2.392, 4.1358 1.5504 2.4508, 4.1358 1.2176 2.5399, 4.1358 1.1672 2.5012, 4.1358 1.1285 2.4508, 4.1358 1.1041 2.392, 4.1358 1.4612 2.118, 4.1358 1.5117 2.1567, 4.1358 1.5504 2.2072, 4.1358 1.5747 2.2659, 4.1358 1.4025 2.5643, 4.1358 1.3394 2.5726, 4.1358 1.2764 2.5643, 4.1358 1.1672 2.1567, 4.1358 1.2176 2.118, 4.1358 1.0958 2.329, 4.1358 1.1041 2.2659, 4.1358 1.1285 2.2072, 4.1358 1.2764 2.0937, 4.1358 1.3394 2.0854, 4.1358 1.4025 2.0937, 4.1358 1.1571 3.251, 4.1358 1.1162 3.3044, 4.1358 1.0904 3.3666, 4.1358 1.4061 3.6823, 4.1358 1.3394 3.6911, 4.1358 1.2727 3.6823, 4.1358 1.2105 3.6565, 4.1358 1.1571 3.6156, 4.1358 1.1162 3.5622, 4.1358 1.0904 3.5, 4.1358 1.0816 3.4333, 4.1358 1.4061 3.1843, 4.1358 1.4683 3.21, 4.1358 1.5217 3.251, 4.1358 1.2105 3.21, 4.1358 1.2727 3.1843, 4.1358 1.3394 3.1755, 4.1358 1.5884 3.5, 4.1358 1.5627 3.5622, 4.1358 1.5217 3.6156, 4.1358 1.4683 3.6565, 4.1358 1.5627 3.3044, 4.1358 1.5884 3.3666, 4.1358 1.5972 3.4333, 5.5138 -0.1476 2.6331, 5.5138 1.1571 3.251, 5.5138 1.1162 3.3044, 5.5138 1.5627 3.3044, 5.5138 1.5217 3.251, 5.5138 1.5627 3.5622, 5.5138 1.5884 3.5, 5.5138 1.5972 3.4333, 5.5138 1.5884 3.3666, 5.5138 1.4683 3.21, 5.5138 1.4061 3.1843, 5.5138 1.3394 3.1755, 5.5138 1.0904 3.3666, 5.5138 1.0816 3.4333, 5.5138 1.0904 3.5, 5.5138 1.1162 3.5622, 5.5138 1.1571 3.6156, 5.5138 1.2105 3.6565, 5.5138 1.2727 3.6823, 5.5138 1.3394 3.6911, 5.5138 1.4061 3.6823, 5.5138 1.4683 3.6565, 5.5138 1.5217 3.6156, 5.5138 1.2727 3.1843, 5.5138 1.2105 3.21, 5.5138 1.4025 2.5643, 5.5138 1.4612 2.5399, 5.5138 1.5117 2.5012, 5.5138 1.5117 2.1567, 5.5138 1.4612 2.118, 5.5138 1.3394 2.5726, 5.5138 1.5504 2.4508, 5.5138 1.5747 2.392, 5.5138 1.583 2.329, 5.5138 1.5747 2.2659, 5.5138 1.5504 2.2072, 5.5138 1.3394 2.0854, 5.5138 1.2764 2.0937, 5.5138 1.4025 2.0937, 5.5138 1.2176 2.118, 5.5138 1.1672 2.1567, 5.5138 1.1285 2.2072, 5.5138 1.1041 2.2659, 5.5138 1.0958 2.329, 5.5138 1.1041 2.392, 5.5138 1.1285 2.4508, 5.5138 1.1672 2.5012, 5.5138 1.2176 2.5399, 5.5138 1.2764 2.5643, 5.5138 -2.5617 0.5291, 5.5138 -2.5957 0.5734, 5.5138 -2.617 0.6249, 5.5138 -2.6243 0.6802, 5.5138 -2.617 0.7355, 5.5138 -2.5957 0.787, 5.5138 -2.2042 0.7355, 5.5138 -2.1969 0.6802, 5.5138 -2.2042 0.6249, 5.5138 -2.2256 0.5734, 5.5138 -2.2595 0.5291, 5.5138 -2.3038 0.4952, 5.5138 -2.3553 0.4738, 5.5138 -2.4106 0.4665, 5.5138 -2.4659 0.4738, 5.5138 -2.5174 0.4952, 5.5138 -2.4659 0.8866, 5.5138 -2.4106 0.8939, 5.5138 -2.3553 0.8866, 5.5138 -2.3038 0.8652, 5.5138 -2.2595 0.8313, 5.5138 -1.3768 1.6541, 5.5138 -1.3867 1.5791, 5.5138 -2.5617 0.8313, 5.5138 -2.5174 0.8652, 5.5138 -1.5917 1.3741, 5.5138 -1.6667 1.3642, 5.5138 -1.7418 1.3741, 5.5138 -1.8117 1.4031, 5.5138 -1.4157 1.5092, 5.5138 -1.4618 1.4491, 5.5138 -1.5218 1.4031, 5.5138 -1.8717 1.8591, 5.5138 -1.9178 1.7991, 5.5138 -1.9468 1.7292, 5.5138 -1.6667 1.944, 5.5138 -1.5917 1.9341, 5.5138 -1.5218 1.9052, 5.5138 -1.4618 1.8591, 5.5138 -1.8717 1.4491, 5.5138 -1.9178 1.5092, 5.5138 -1.9468 1.5791, 5.5138 -1.9566 1.6541, 5.5138 -1.8117 1.9052, 5.5138 -1.7418 1.9341, 5.5138 -1.4157 1.7991, 5.5138 -1.3867 1.7292, 5.5138 -2.2256 0.787, 5.5138 -1.9393 2.9271, 5.5138 -1.9472 2.8667, 5.5138 -1.9706 2.8103, 5.5138 -2.0077 2.762, 5.5138 -2.0561 2.7248, 5.5138 -2.0561 3.1294, 5.5138 -2.0077 3.0923, 5.5138 -1.9706 3.0439, 5.5138 -1.9472 2.9876, 5.5138 -2.4065 2.9271, 5.5138 -2.3985 2.9876, 5.5138 -2.2333 3.1528, 5.5138 -2.1729 3.1607, 5.5138 -2.1124 3.1528, 5.5138 -2.1124 2.7015, 5.5138 -2.1729 2.6935, 5.5138 -2.2333 2.7015, 5.5138 -2.2897 2.7248, 5.5138 -2.3752 3.0439, 5.5138 -2.3381 3.0923, 5.5138 -2.2897 3.1294, 5.5138 -2.3381 2.762, 5.5138 -2.3752 2.8103, 5.5138 -2.3985 2.8667, 4.2342 0.8827 5.0536, 4.2342 1.0277 5.0536, 5.4153 0.8827 5.0536, 5.4153 1.0277 5.0536, 5.4153 -0.2287 4.7669, 4.2342 -0.2287 4.7669, 4.2342 -0.0998 4.7669, 5.4153 -0.0998 4.7669, 5.2616 -0.0998 5.2756, 4.7726 -0.0998 5.4724, 4.2342 -0.0998 5.4724, 4.7726 -0.0998 5.2756, 4.2342 0.8827 5.4724, 5.4153 0.769 5.4724, 5.4153 0.8827 5.4724, 4.2342 1.0277 5.2598, 5.4153 1.0277 5.2598, 5.4153 0.108 5.2756, 5.4153 0.769 5.2756, 4.0177 1.2727 3.6823, 4.0177 1.2105 3.6565, 4.0177 1.1571 3.6156, 4.0177 1.1162 3.5622, 4.0177 1.0904 3.5, 4.0177 1.0816 3.4333, 4.0177 1.0904 3.3666, 4.0177 1.1162 3.3044, 4.0177 1.1571 3.251, 4.0177 1.2105 3.21, 4.0177 1.2727 3.1843, 4.0177 1.3394 3.1755, 4.0177 1.4061 3.1843, 4.0177 1.4683 3.21, 4.0177 1.5217 3.251, 4.0177 1.5627 3.3044, 4.0177 1.5884 3.3666, 4.0177 1.5972 3.4333, 4.0177 1.5884 3.5, 4.0177 1.5627 3.5622, 4.0177 1.5217 3.6156, 4.0177 1.4683 3.6565, 4.0177 1.4061 3.6823, 4.0177 1.3394 3.6911, 4.0177 1.3394 3.4333, 4.0177 1.2764 2.5643, 4.0177 1.2176 2.5399, 4.0177 1.1672 2.5012, 4.0177 1.1285 2.4508, 4.0177 1.1041 2.392, 4.0177 1.0958 2.329, 4.0177 1.1041 2.2659, 4.0177 1.1285 2.2072, 4.0177 1.1672 2.1567, 4.0177 1.2176 2.118, 4.0177 1.2764 2.0937, 4.0177 1.3394 2.0854, 4.0177 1.4025 2.0937, 4.0177 1.4612 2.118, 4.0177 1.5117 2.1567, 4.0177 1.5504 2.2072, 4.0177 1.5747 2.2659, 4.0177 1.583 2.329, 4.0177 1.5747 2.392, 4.0177 1.5504 2.4508, 4.0177 1.5117 2.5012, 4.0177 1.4612 2.5399, 4.0177 1.4025 2.5643, 4.0177 1.3394 2.5726, 4.0177 1.3394 2.329, 4.0177 -2.2333 3.1528, 4.0177 -2.2897 3.1294, 4.0177 -2.3381 3.0923, 4.0177 -2.3752 3.0439, 4.0177 -2.3985 2.9876, 4.0177 -2.4065 2.9271, 4.0177 -2.3985 2.8667, 4.0177 -2.3752 2.8103, 4.0177 -2.3381 2.762, 4.0177 -2.2897 2.7248, 4.0177 -2.2333 2.7015, 4.0177 -2.1729 2.6935, 4.0177 -2.1124 2.7015, 4.0177 -2.0561 2.7248, 4.0177 -2.0077 2.762, 4.0177 -1.9706 2.8103, 4.0177 -1.9472 2.8667, 4.0177 -1.9393 2.9271, 4.0177 -1.9472 2.9876, 4.0177 -1.9706 3.0439, 4.0177 -2.0077 3.0923, 4.0177 -2.0561 3.1294, 4.0177 -2.1124 3.1528, 4.0177 -2.1729 3.1607, 4.0177 -2.1729 2.9271, 4.0177 -2.4659 0.8866, 4.0177 -2.5174 0.8652, 4.0177 -2.5617 0.8313, 4.0177 -2.5957 0.787, 4.0177 -2.617 0.7355, 4.0177 -2.6243 0.6802, 4.0177 -2.617 0.6249, 4.0177 -2.5957 0.5734, 4.0177 -2.5617 0.5291, 4.0177 -2.5174 0.4952, 4.0177 -2.4659 0.4738, 4.0177 -2.4106 0.4665, 4.0177 -2.3553 0.4738, 4.0177 -2.3038 0.4952, 4.0177 -2.2595 0.5291, 4.0177 -2.2256 0.5734, 4.0177 -2.2042 0.6249, 4.0177 -2.1969 0.6802, 4.0177 -2.2042 0.7355, 4.0177 -2.2256 0.787, 4.0177 -2.2595 0.8313, 4.0177 -2.3038 0.8652, 4.0177 -2.3553 0.8866, 4.0177 -2.4106 0.8939, 4.0177 -2.4106 0.6802, 4.0177 -1.7418 1.9341, 4.0177 -1.8117 1.9052, 4.0177 -1.8717 1.8591, 4.0177 -1.9178 1.7991, 4.0177 -1.9468 1.7292, 4.0177 -1.9566 1.6541, 4.0177 -1.9468 1.5791, 4.0177 -1.9178 1.5092, 4.0177 -1.8717 1.4491, 4.0177 -1.8117 1.4031, 4.0177 -1.7418 1.3741, 4.0177 -1.6667 1.3642, 4.0177 -1.5917 1.3741, 4.0177 -1.5218 1.4031, 4.0177 -1.4618 1.4491, 4.0177 -1.4157 1.5092, 4.0177 -1.3867 1.5791, 4.0177 -1.3768 1.6541, 4.0177 -1.3867 1.7292, 4.0177 -1.4157 1.7991, 4.0177 -1.4618 1.8591, 4.0177 -1.5218 1.9052, 4.0177 -1.5917 1.9341, 4.0177 -1.6667 1.944, 4.0177 -1.6667 1.6541, 5.3957 -2.1729 3.1607, 5.3957 -2.2333 3.1528, 5.3957 -2.2897 3.1294, 5.3957 -2.3381 3.0923, 5.3957 -2.3752 3.0439, 5.3957 -2.3985 2.9876, 5.3957 -2.4065 2.9271, 5.3957 -2.3985 2.8667, 5.3957 -2.3752 2.8103, 5.3957 -2.3381 2.762, 5.3957 -2.2897 2.7248, 5.3957 -2.2333 2.7015, 5.3957 -2.1729 2.6935, 5.3957 -2.1124 2.7015, 5.3957 -2.0561 2.7248, 5.3957 -2.0077 2.762, 5.3957 -1.9706 2.8103, 5.3957 -1.9472 2.8667, 5.3957 -1.9393 2.9271, 5.3957 -1.9472 2.9876, 5.3957 -1.9706 3.0439, 5.3957 -2.0077 3.0923, 5.3957 -2.0561 3.1294, 5.3957 -2.1124 3.1528, 5.3957 -2.1729 2.9271, 5.3957 -1.6667 1.944, 5.3957 -1.7418 1.9341, 5.3957 -1.8117 1.9052, 5.3957 -1.8717 1.8591, 5.3957 -1.9178 1.7991, 5.3957 -1.9468 1.7292, 5.3957 -1.9566 1.6541, 5.3957 -1.9468 1.5791, 5.3957 -1.9178 1.5092, 5.3957 -1.8717 1.4491, 5.3957 -1.8117 1.4031, 5.3957 -1.7418 1.3741, 5.3957 -1.6667 1.3642, 5.3957 -1.5917 1.3741, 5.3957 -1.5218 1.4031, 5.3957 -1.4618 1.4491, 5.3957 -1.4157 1.5092, 5.3957 -1.3867 1.5791, 5.3957 -1.3768 1.6541, 5.3957 -1.3867 1.7292, 5.3957 -1.4157 1.7991, 5.3957 -1.4618 1.8591, 5.3957 -1.5218 1.9052, 5.3957 -1.5917 1.9341, 5.3957 -1.6667 1.6541, 5.3957 1.3394 3.6911, 5.3957 1.2727 3.6823, 5.3957 1.2105 3.6565, 5.3957 1.1571 3.6156, 5.3957 1.1162 3.5622, 5.3957 1.0904 3.5, 5.3957 1.0816 3.4333, 5.3957 1.0904 3.3666, 5.3957 1.1162 3.3044, 5.3957 1.1571 3.251, 5.3957 1.2105 3.21, 5.3957 1.2727 3.1843, 5.3957 1.3394 3.1755, 5.3957 1.4061 3.1843, 5.3957 1.4683 3.21, 5.3957 1.5217 3.251, 5.3957 1.5627 3.3044, 5.3957 1.5884 3.3666, 5.3957 1.5972 3.4333, 5.3957 1.5884 3.5, 5.3957 1.5627 3.5622, 5.3957 1.5217 3.6156, 5.3957 1.4683 3.6565, 5.3957 1.4061 3.6823, 5.3957 1.3394 3.4333, 5.3957 1.3394 2.5726, 5.3957 1.2764 2.5643, 5.3957 1.2176 2.5399, 5.3957 1.1672 2.5012, 5.3957 1.1285 2.4508, 5.3957 1.1041 2.392, 5.3957 1.0958 2.329, 5.3957 1.1041 2.2659, 5.3957 1.1285 2.2072, 5.3957 1.1672 2.1567, 5.3957 1.2176 2.118, 5.3957 1.2764 2.0937, 5.3957 1.3394 2.0854, 5.3957 1.4025 2.0937, 5.3957 1.4612 2.118, 5.3957 1.5117 2.1567, 5.3957 1.5504 2.2072, 5.3957 1.5747 2.2659, 5.3957 1.583 2.329, 5.3957 1.5747 2.392, 5.3957 1.5504 2.4508, 5.3957 1.5117 2.5012, 5.3957 1.4612 2.5399, 5.3957 1.4025 2.5643, 5.3957 1.3394 2.329, 5.3957 -2.4106 0.8939, 5.3957 -2.4659 0.8866, 5.3957 -2.5174 0.8652, 5.3957 -2.5617 0.8313, 5.3957 -2.5957 0.787, 5.3957 -2.617 0.7355, 5.3957 -2.6243 0.6802, 5.3957 -2.617 0.6249, 5.3957 -2.5957 0.5734, 5.3957 -2.5617 0.5291, 5.3957 -2.5174 0.4952, 5.3957 -2.4659 0.4738, 5.3957 -2.4106 0.4665, 5.3957 -2.3553 0.4738, 5.3957 -2.3038 0.4952, 5.3957 -2.2595 0.5291, 5.3957 -2.2256 0.5734, 5.3957 -2.2042 0.6249, 5.3957 -2.1969 0.6802, 5.3957 -2.2042 0.7355, 5.3957 -2.2256 0.787, 5.3957 -2.2595 0.8313, 5.3957 -2.3038 0.8652, 5.3957 -2.3553 0.8866, 5.3957 -2.4106 0.6802, 4.5886 -1.039 4.5669, 4.5886 -1.039 2.6378, 4.5886 -0.8421 4.5669, 4.5886 -0.8421 2.6378, 4.7854 -0.6453 4.5669, 4.7854 -0.6453 2.6378, 4.8642 -0.6453 4.5669, 4.8642 -0.6453 2.6378, 5.061 -0.8421 4.5669, 5.061 -0.8421 2.6378, 5.061 -1.039 4.5669, 5.061 -1.039 2.6378, 5.1737 -1.3646 2.6378, 5.178 -1.275 2.6378, 4.9565 -1.632 2.6378, 5.0349 -1.5884 2.6378, 5.1596 -1.1872 2.6378, 5.1198 -1.1068 2.6378, 4.6147 -1.5884 2.6378, 4.6931 -1.632 2.6378, 4.5953 -0.7912 2.6378, 4.49 -1.1872 2.6378, 4.4716 -1.275 2.6378, 4.4758 -1.3646 2.6378, 4.7799 -1.6546 2.6378, 4.8696 -1.6546 2.6378, 4.7345 -0.652 2.6378, 4.687 -0.6717 2.6378, 4.6462 -0.7029 2.6378, 4.5298 -1.1068 2.6378, 4.5025 -1.4503 2.6378, 4.5498 -1.5265 2.6378, 5.0998 -1.5265 2.6378, 5.1471 -1.4503 2.6378, 5.0034 -0.7029 2.6378, 4.9626 -0.6717 2.6378, 5.0346 -0.7437 2.6378, 5.0543 -0.7912 2.6378, 4.9151 -0.652 2.6378, 4.6149 -0.7437 2.6378, 4.5368 -1.0967 4.5159, 4.5882 -1.0393 4.5721, 4.5871 -1.0403 4.5771, 4.5869 -1.0405 4.5783, 5.1175 -1.1083 4.503, 5.0961 -1.0751 4.5398, 5.0627 -1.0405 4.5783, 5.0624 -1.0402 4.5771, 5.0614 -1.0393 4.5721, 5.1753 -1.2752 4.3175, 5.1721 -1.2328 4.3646, 5.157 -1.188 4.4144, 5.1439 -1.1491 4.4576, 5.1446 -1.4491 4.1242, 5.1634 -1.4074 4.1706, 5.171 -1.3641 4.2187, 5.1787 -1.3208 4.2669, 5.0334 -1.5864 3.9717, 5.0737 -1.5553 4.0063, 5.0977 -1.5249 4.0401, 5.1275 -1.4872 4.0819, 4.8696 -1.6545 3.8961, 4.9359 -1.6395 3.9127, 4.9558 -1.6305 3.9227, 5.0058 -1.6077 3.9481, 4.8031 -1.6567 3.8936, 4.8688 -1.6547 3.8959, 4.7366 -1.6463 3.9052, 4.7802 -1.6531 3.8976, 4.6677 -1.6207 3.9336, 4.6937 -1.6303 3.9229, 4.5966 -1.5742 3.9853, 4.6158 -1.5867 3.9714, 4.5369 -1.5097 4.0569, 4.5512 -1.5252 4.0398, 4.4948 -1.4322 4.143, 4.5041 -1.4494 4.124, 4.4731 -1.3467 4.2381, 4.4776 -1.3642 4.2187, 4.4733 -1.2585 4.3361, 4.4733 -1.275 4.3177, 4.5309 -1.1074 4.5039, 4.4951 -1.1733 4.4307, 4.4914 -1.1876 4.4149, 4.5953 -0.7912 4.5669, 4.6149 -0.7437 4.5669, 4.6462 -0.7029 4.5669, 4.687 -0.6717 4.5669, 4.7345 -0.652 4.5669, 4.9151 -0.652 4.5669, 4.9626 -0.6717 4.5669, 5.0034 -0.7029 4.5669, 5.0346 -0.7437 4.5669, 5.0543 -0.7912 4.5669, 4.7342 -0.651 4.5757, 4.5876 -0.8421 4.5757, 4.5943 -0.7909 4.5757, 4.5871 -0.8421 4.5771, 4.5915 -0.7902 4.584, 4.7854 -0.6443 4.5757, 4.7854 -0.6438 4.5771, 4.7335 -0.6482 4.584, 4.587 -0.789 4.5915, 4.5831 -0.8421 4.5865, 4.5847 -0.8421 4.584, 4.7854 -0.6414 4.584, 4.7854 -0.6398 4.5865, 4.7322 -0.6437 4.5915, 4.581 -0.7873 4.5977, 4.5769 -0.8421 4.5946, 4.58 -0.8421 4.5915, 4.7854 -0.6367 4.5915, 4.7854 -0.6336 4.5946, 4.7306 -0.6377 4.5977, 4.5593 -0.8421 4.6048, 4.5663 -0.8421 4.6024, 4.5737 -0.7854 4.6024, 4.5688 -0.8421 4.6008, 4.5737 -0.8421 4.5977, 4.6141 -0.7432 4.5757, 4.6116 -0.7418 4.584, 4.6075 -0.7394 4.5915, 4.6021 -0.7363 4.5977, 4.5956 -0.7326 4.6024, 4.6455 -0.7022 4.5757, 4.6435 -0.7002 4.584, 4.6402 -0.6969 4.5915, 4.6357 -0.6925 4.5977, 4.6305 -0.6872 4.6024, 4.6865 -0.6708 4.5757, 4.685 -0.6683 4.584, 4.6827 -0.6642 4.5915, 4.6796 -0.6588 4.5977, 4.6758 -0.6524 4.6024, 4.7287 -0.6305 4.6024, 4.558 -0.8421 4.6053, 4.5657 -0.7833 4.6053, 4.7854 -0.6305 4.5977, 4.7854 -0.6255 4.6008, 4.7854 -0.623 4.6024, 4.7854 -0.6161 4.6048, 4.5884 -0.7284 4.6053, 4.6246 -0.6813 4.6053, 4.6717 -0.6451 4.6053, 4.7265 -0.6224 4.6053, 4.7854 -0.6147 4.6053, 4.5836 -1.0422 4.586, 4.5852 -1.0414 4.5824, 4.577 -1.043 4.5947, 4.578 -1.0429 4.5935, 4.5809 -1.0427 4.5901, 4.5819 -1.0427 4.5889, 4.5833 -1.0423 4.5866, 4.5766 -1.043 4.5952, 4.5737 -1.0429 4.5977, 4.5713 -1.0426 4.5993, 4.5688 -1.0422 4.6009, 4.5666 -1.0419 4.6023, 4.5637 -1.0414 4.6035, 4.5594 -1.0403 4.605, 4.5635 -1.0413 4.6036, 4.8642 -0.6443 4.5757, 4.8642 -0.6438 4.5771, 4.8642 -0.6414 4.584, 4.8642 -0.6398 4.5865, 4.8642 -0.6367 4.5915, 4.8642 -0.6336 4.5946, 4.8642 -0.6305 4.5977, 4.8642 -0.6255 4.6008, 4.8642 -0.623 4.6024, 4.8642 -0.6161 4.6048, 4.8642 -0.6147 4.6053, 5.0641 -1.0415 4.5822, 5.1007 -1.0788 4.5474, 5.0664 -1.0422 4.5863, 5.0642 -1.0415 4.5825, 5.1036 -1.08 4.551, 5.0681 -1.0427 4.5894, 5.0665 -1.0422 4.5865, 5.1068 -1.0808 4.5545, 5.0715 -1.0429 4.5935, 5.0702 -1.043 4.5922, 5.1103 -1.0811 4.5577, 5.0747 -1.0429 4.5966, 5.0727 -1.0429 4.5946, 5.1141 -1.0809 4.5607, 5.0794 -1.0425 4.6002, 5.0761 -1.0429 4.5979, 5.0902 -1.0403 4.605, 5.1221 -1.0792 4.5657, 5.0872 -1.0411 4.604, 5.0861 -1.0413 4.6035, 5.0821 -1.042 4.6015, 4.5092 -1.1029 4.5419, 4.5136 -1.1038 4.5396, 4.5179 -1.1043 4.537, 4.5219 -1.1042 4.534, 4.5291 -1.1025 4.5273, 4.5347 -1.099 4.5197, 5.1734 -1.237 4.3691, 5.1459 -1.1523 4.4617, 5.0982 -1.0772 4.5436, 5.1626 -1.4128 4.1762, 5.1791 -1.3257 4.2718, 5.0707 -1.5597 4.0138, 5.1254 -1.4924 4.0884, 5.0026 -1.611 3.9566, 4.9335 -1.6417 3.9222, 4.8677 -1.6561 3.9059, 4.8036 -1.6581 3.9037, 4.7387 -1.6481 3.915, 4.6707 -1.6236 3.9425, 4.5998 -1.5783 3.9931, 4.5393 -1.5147 4.0637, 4.4731 -1.3518 4.2432, 4.4961 -1.4376 4.1488, 4.4933 -1.1768 4.4348, 4.4722 -1.2629 4.3407, 4.5321 -1.101 4.5236, 4.4907 -1.1799 4.4389, 4.4701 -1.2671 4.3451, 4.4718 -1.3569 4.2482, 4.4957 -1.4433 4.1544, 4.5401 -1.5206 4.07, 4.6013 -1.5838 4.0005, 4.6725 -1.6285 3.9509, 4.7399 -1.6524 3.9241, 4.804 -1.6621 3.9132, 4.867 -1.6602 3.9153, 4.932 -1.6462 3.9311, 5.0009 -1.6161 3.9647, 5.0694 -1.5654 4.0208, 5.125 -1.4983 4.0945, 5.1632 -1.4183 4.1816, 5.1807 -1.3306 4.2766, 5.1757 -1.2408 4.3734, 5.1485 -1.155 4.4657, 4.4875 -1.1825 4.4429, 4.467 -1.2709 4.3493, 4.4691 -1.3618 4.2528, 4.4938 -1.4491 4.1595, 4.5391 -1.5271 4.0758, 4.6011 -1.5905 4.007, 4.6728 -1.6351 3.9582, 4.7403 -1.6588 3.9319, 4.8041 -1.6683 3.9213, 4.8668 -1.6665 3.9234, 4.9316 -1.6526 3.9388, 5.0007 -1.6228 3.9717, 5.0698 -1.5721 4.0271, 5.1263 -1.5046 4.1, 5.1654 -1.4239 4.1865, 5.1835 -1.3352 4.2811, 5.1789 -1.2443 4.3775, 5.1517 -1.1573 4.4695, 4.5257 -1.1036 4.5308, 4.4836 -1.1847 4.4465, 4.463 -1.2743 4.3532, 4.4653 -1.3664 4.2569, 4.4905 -1.4549 4.164, 4.5364 -1.5338 4.0806, 4.5993 -1.598 4.0123, 4.6717 -1.643 3.964, 4.7398 -1.6669 3.938, 4.804 -1.6765 3.9276, 4.8671 -1.6746 3.9296, 4.9323 -1.6607 3.9448, 5.002 -1.6306 3.9773, 5.072 -1.5793 4.0322, 5.1292 -1.511 4.1047, 5.1689 -1.4294 4.1908, 5.1874 -1.3394 4.2851, 5.1829 -1.2473 4.3813, 5.1554 -1.1591 4.4731, 4.4793 -1.1863 4.4498, 4.4582 -1.2771 4.3566, 4.4604 -1.3705 4.2604, 4.4858 -1.4603 4.1675, 4.5322 -1.5405 4.0843, 4.5958 -1.6059 4.016, 4.6693 -1.6517 3.9678, 4.7384 -1.6762 3.9419, 4.8036 -1.686 3.9315, 4.8678 -1.684 3.9336, 4.934 -1.6698 3.9487, 5.0047 -1.6391 3.9812, 5.0757 -1.5868 4.0359, 5.1336 -1.5174 4.1084, 5.1737 -1.4344 4.1944, 5.1922 -1.3431 4.2886, 5.1875 -1.2497 4.3847, 5.1596 -1.1604 4.4764, 4.4745 -1.1873 4.4527, 4.4528 -1.2792 4.3594, 4.4547 -1.3739 4.2631, 4.4799 -1.4651 4.1701, 4.5266 -1.5468 4.0866, 4.591 -1.6136 4.0181, 4.6657 -1.6607 3.9695, 4.7363 -1.686 3.9434, 4.8031 -1.6961 3.9329, 4.8688 -1.6941 3.9349, 4.9367 -1.6794 3.9502, 5.0088 -1.6477 3.983, 5.0808 -1.5941 4.0381, 5.1393 -1.5232 4.1108, 5.1795 -1.4388 4.197, 5.1979 -1.3462 4.2913, 5.1928 -1.2515 4.3876, 5.1642 -1.1611 4.4794, 4.4693 -1.1877 4.4552, 4.4469 -1.2807 4.3616, 4.4482 -1.3766 4.265, 4.4732 -1.4692 4.1715, 4.52 -1.5524 4.0875, 4.5851 -1.6208 4.0182, 4.6611 -1.6694 3.969, 4.7335 -1.6957 3.9423, 4.8024 -1.7063 3.9315, 4.8703 -1.7042 3.9337, 4.9401 -1.6888 3.9493, 5.0139 -1.6559 3.9827, 5.087 -1.6008 4.0385, 5.146 -1.5283 4.1118, 5.1862 -1.4424 4.1986, 5.2043 -1.3485 4.2933, 5.1985 -1.2526 4.3899, 5.1691 -1.1612 4.4819, 5.118 -1.0803 4.5634, 5.0808 -1.0423 4.6009, 4.4639 -1.1876 4.4571, 4.4406 -1.2814 4.3631, 4.4413 -1.3784 4.2659, 4.4658 -1.4723 4.1718, 4.5127 -1.5571 4.0869, 4.5784 -1.6271 4.0166, 4.6559 -1.6773 3.9662, 4.7303 -1.7046 3.9388, 4.8015 -1.7158 3.9276, 4.8719 -1.7136 3.9298, 4.944 -1.6975 3.946, 5.0197 -1.6633 3.9803, 5.094 -1.6066 4.0372, 5.1534 -1.5325 4.1115, 5.1935 -1.4451 4.1991, 5.211 -1.3499 4.2944, 5.2045 -1.2531 4.3915, 5.1742 -1.1608 4.4839, 5.0553 -0.7909 4.5757, 4.9154 -0.651 4.5757, 4.9161 -0.6482 4.584, 5.062 -0.8421 4.5757, 5.0625 -0.8421 4.5771, 5.0581 -0.7902 4.584, 4.9173 -0.6437 4.5915, 5.0649 -0.8421 4.584, 5.0665 -0.8421 4.5865, 5.0626 -0.789 4.5915, 4.9189 -0.6377 4.5977, 5.0696 -0.8421 4.5915, 5.0727 -0.8421 4.5946, 5.0686 -0.7873 4.5977, 4.9209 -0.6305 4.6024, 4.9631 -0.6708 4.5757, 4.9645 -0.6683 4.584, 4.9669 -0.6642 4.5915, 4.97 -0.6588 4.5977, 4.9737 -0.6524 4.6024, 5.0041 -0.7022 4.5757, 5.0061 -0.7002 4.584, 5.0094 -0.6969 4.5915, 5.0138 -0.6925 4.5977, 5.0191 -0.6872 4.6024, 5.0355 -0.7432 4.5757, 5.038 -0.7418 4.584, 5.0421 -0.7394 4.5915, 5.0475 -0.7363 4.5977, 5.0539 -0.7326 4.6024, 5.0758 -0.7854 4.6024, 4.923 -0.6224 4.6053, 5.0758 -0.8421 4.5977, 5.0808 -0.8421 4.6008, 5.0833 -0.8421 4.6024, 5.0902 -0.8421 4.6048, 4.9779 -0.6451 4.6053, 5.025 -0.6813 4.6053, 5.0611 -0.7284 4.6053, 5.0839 -0.7833 4.6053, 5.0916 -0.8421 4.6053
            ]
        }
        coordIndex [
            0,1,2,-1,3,4,5,-1,5,4,6,-1,7,8,9,-1,9,8,10,-1,11,12,5,-1,5,12,3,-1,10,8,13,-1,13,8,14,-1,4,15,6,-1,6,15,16,-1,17,7,18,-1,18,7,9,-1,14,19,20,-1,21,22,17,-1,23,16,24,-1,24,16,15,-1,24,15,25,-1,15,12,25,-1,25,12,11,-1,25,11,20,-1,20,11,13,-1,20,13,14,-1,26,21,27,-1,27,21,17,-1,27,17,23,-1,23,17,18,-1,23,18,16,-1,28,29,14,-1,14,29,30,-1,30,31,14,-1,14,31,32,-1,14,32,19,-1,19,32,33,-1,19,33,34,-1,22,35,17,-1,17,35,36,-1,17,36,37,-1,37,38,17,-1,17,38,39,-1,17,39,14,-1,14,39,40,-1,14,40,28,-1,41,24,42,-1,42,24,25,-1,43,44,45,-1,45,44,46,-1,45,46,42,-1,42,46,41,-1,47,44,48,-1,48,44,43,-1,49,47,50,-1,50,47,48,-1,51,49,52,-1,52,49,50,-1,53,51,54,-1,54,51,52,-1,55,53,56,-1,56,53,54,-1,57,55,58,-1,58,55,56,-1,59,60,61,-1,61,60,62,-1,61,62,58,-1,58,62,57,-1,63,60,64,-1,64,60,59,-1,65,63,66,-1,66,63,64,-1,67,68,69,-1,69,68,70,-1,69,70,66,-1,66,70,65,-1,71,68,72,-1,72,68,67,-1,73,74,67,-1,67,74,75,-1,67,75,72,-1,71,76,68,-1,68,76,77,-1,68,77,78,-1,79,80,27,-1,81,82,83,-1,79,27,84,-1,85,86,80,-1,80,86,26,-1,80,26,27,-1,19,87,88,-1,87,19,83,-1,83,19,34,-1,83,34,81,-1,78,89,68,-1,68,89,90,-1,68,90,27,-1,27,90,91,-1,27,91,84,-1,88,92,19,-1,19,92,93,-1,19,93,67,-1,67,93,94,-1,67,94,73,-1,60,63,65,-1,95,96,97,-1,97,96,98,-1,97,98,99,-1,70,100,97,-1,97,100,101,-1,97,101,95,-1,23,102,27,-1,27,102,103,-1,104,105,70,-1,70,105,106,-1,70,106,100,-1,99,107,97,-1,97,107,108,-1,97,108,23,-1,23,108,109,-1,23,109,102,-1,103,110,27,-1,27,110,111,-1,27,111,112,-1,113,114,68,-1,68,114,115,-1,68,115,70,-1,70,115,116,-1,70,116,104,-1,112,117,27,-1,27,117,118,-1,27,118,68,-1,68,118,119,-1,68,119,113,-1,120,60,121,-1,121,60,65,-1,121,65,122,-1,122,65,70,-1,62,123,124,-1,125,97,126,-1,126,97,62,-1,126,62,127,-1,127,62,124,-1,128,129,70,-1,70,129,130,-1,70,130,122,-1,120,131,60,-1,60,131,132,-1,60,132,133,-1,133,134,60,-1,60,134,135,-1,60,135,62,-1,62,135,136,-1,62,136,123,-1,137,138,97,-1,70,139,140,-1,140,141,70,-1,70,141,142,-1,70,142,143,-1,144,145,97,-1,97,145,146,-1,97,146,137,-1,147,148,149,-1,150,151,152,-1,138,153,97,-1,97,153,154,-1,97,154,70,-1,70,154,155,-1,70,155,139,-1,152,156,150,-1,150,156,157,-1,150,157,158,-1,158,157,159,-1,158,159,125,-1,125,159,160,-1,125,160,97,-1,97,160,161,-1,97,161,144,-1,143,162,70,-1,70,162,163,-1,70,163,128,-1,128,163,147,-1,128,147,164,-1,164,147,149,-1,151,150,165,-1,165,150,166,-1,165,166,147,-1,147,166,167,-1,147,167,148,-1,53,55,57,-1,168,169,46,-1,62,49,57,-1,57,49,51,-1,57,51,53,-1,47,170,44,-1,44,170,171,-1,44,171,46,-1,46,171,172,-1,46,172,168,-1,173,174,97,-1,97,174,175,-1,97,175,176,-1,177,178,49,-1,49,178,179,-1,49,179,47,-1,47,179,180,-1,47,180,170,-1,169,181,46,-1,46,181,182,-1,46,182,97,-1,97,182,183,-1,97,183,173,-1,184,185,62,-1,176,186,97,-1,97,186,187,-1,97,187,62,-1,62,187,188,-1,62,188,184,-1,185,189,62,-1,62,189,190,-1,62,190,49,-1,49,190,191,-1,49,191,177,-1,192,97,193,-1,193,97,194,-1,195,196,24,-1,24,196,197,-1,24,197,23,-1,23,197,198,-1,23,198,199,-1,199,200,23,-1,23,200,201,-1,23,201,97,-1,97,201,202,-1,97,202,194,-1,203,204,46,-1,46,204,205,-1,192,206,97,-1,97,206,207,-1,97,207,46,-1,46,207,208,-1,46,208,203,-1,209,210,41,-1,41,210,211,-1,41,211,24,-1,24,211,212,-1,24,212,195,-1,205,213,46,-1,46,213,214,-1,46,214,41,-1,41,214,215,-1,41,215,209,-1,216,217,218,-1,45,219,220,-1,221,222,42,-1,42,222,223,-1,42,223,45,-1,45,223,224,-1,45,224,219,-1,220,225,45,-1,45,225,226,-1,45,226,227,-1,218,228,216,-1,216,228,229,-1,216,229,20,-1,20,229,230,-1,20,230,231,-1,231,232,20,-1,20,232,233,-1,20,233,25,-1,25,233,234,-1,25,234,235,-1,235,236,25,-1,25,236,237,-1,25,237,42,-1,42,237,238,-1,42,238,221,-1,227,239,216,-1,216,239,240,-1,216,240,217,-1,241,242,45,-1,45,242,243,-1,50,244,245,-1,227,216,45,-1,45,216,246,-1,45,246,241,-1,243,247,45,-1,45,247,248,-1,45,248,43,-1,43,248,249,-1,43,249,48,-1,48,249,250,-1,48,250,50,-1,50,250,251,-1,50,251,244,-1,252,253,61,-1,252,61,254,-1,245,254,50,-1,50,254,61,-1,50,61,52,-1,52,61,58,-1,52,58,54,-1,54,58,56,-1,253,255,61,-1,61,255,256,-1,61,256,257,-1,258,259,216,-1,259,260,216,-1,216,260,261,-1,216,261,262,-1,262,263,216,-1,216,263,264,-1,216,264,246,-1,66,64,59,-1,265,266,59,-1,59,266,267,-1,59,267,66,-1,66,267,268,-1,66,268,69,-1,69,268,269,-1,69,269,270,-1,271,61,216,-1,216,61,257,-1,216,257,258,-1,271,272,61,-1,61,272,273,-1,61,273,274,-1,274,275,61,-1,61,275,276,-1,61,276,59,-1,59,276,277,-1,59,277,278,-1,278,279,59,-1,59,279,280,-1,59,280,265,-1,281,282,69,-1,282,283,69,-1,69,283,284,-1,69,284,285,-1,216,286,287,-1,270,288,69,-1,69,288,289,-1,69,289,281,-1,290,291,271,-1,271,291,292,-1,271,292,293,-1,287,294,216,-1,216,294,295,-1,216,295,271,-1,271,295,296,-1,271,296,290,-1,297,69,298,-1,298,69,299,-1,216,69,300,-1,300,301,216,-1,216,301,302,-1,216,302,303,-1,304,305,285,-1,285,305,306,-1,285,306,69,-1,69,306,307,-1,69,307,299,-1,297,308,69,-1,69,308,309,-1,69,309,300,-1,303,310,216,-1,216,310,311,-1,216,311,286,-1,304,285,293,-1,293,285,312,-1,293,312,271,-1,216,313,314,-1,314,315,216,-1,216,315,316,-1,216,316,317,-1,20,19,318,-1,318,319,20,-1,20,319,320,-1,20,320,216,-1,216,320,321,-1,216,321,313,-1,67,322,323,-1,324,325,19,-1,19,325,326,-1,19,326,318,-1,317,327,216,-1,216,327,328,-1,216,328,69,-1,69,328,329,-1,69,329,330,-1,323,331,67,-1,67,331,332,-1,67,332,19,-1,19,332,333,-1,19,333,324,-1,330,334,69,-1,69,334,335,-1,69,335,67,-1,67,335,336,-1,67,336,322,-1,14,8,17,-1,17,8,7,-1,3,12,4,-1,4,12,15,-1,337,338,339,-1,339,338,340,-1,5,6,11,-1,11,6,16,-1,11,16,339,-1,339,16,337,-1,341,342,13,-1,13,342,18,-1,13,18,10,-1,10,18,9,-1,343,342,344,-1,344,342,341,-1,2,1,345,-1,346,347,348,-1,348,347,343,-1,348,343,345,-1,345,343,344,-1,345,344,2,-1,347,346,349,-1,349,346,350,-1,349,350,351,-1,352,349,353,-1,353,349,351,-1,338,352,340,-1,340,352,353,-1,337,16,343,-1,343,16,18,-1,343,18,342,-1,352,338,349,-1,349,338,337,-1,349,337,347,-1,347,337,343,-1,354,0,2,-1,351,350,353,-1,353,350,355,-1,341,13,344,-1,344,13,11,-1,344,11,339,-1,2,344,354,-1,354,344,339,-1,354,339,355,-1,355,339,340,-1,355,340,353,-1,196,356,197,-1,197,356,357,-1,197,357,198,-1,198,357,358,-1,198,358,199,-1,199,358,359,-1,199,359,200,-1,200,359,360,-1,200,360,201,-1,201,360,361,-1,201,361,202,-1,202,361,362,-1,202,362,194,-1,194,362,363,-1,194,363,193,-1,193,363,364,-1,193,364,192,-1,192,364,365,-1,192,365,206,-1,206,365,366,-1,206,366,207,-1,207,366,367,-1,207,367,208,-1,208,367,368,-1,208,368,203,-1,203,368,369,-1,203,369,204,-1,204,369,370,-1,204,370,205,-1,205,370,371,-1,205,371,213,-1,213,371,372,-1,213,372,214,-1,214,372,373,-1,214,373,215,-1,215,373,374,-1,215,374,209,-1,209,374,375,-1,209,375,210,-1,210,375,376,-1,210,376,211,-1,211,376,377,-1,211,377,212,-1,212,377,378,-1,212,378,195,-1,195,378,379,-1,195,379,196,-1,196,379,356,-1,369,368,380,-1,380,368,367,-1,380,367,366,-1,372,371,380,-1,380,371,370,-1,380,370,369,-1,375,374,380,-1,380,374,373,-1,380,373,372,-1,378,377,380,-1,380,377,376,-1,380,376,375,-1,357,356,380,-1,380,356,379,-1,380,379,378,-1,360,359,380,-1,380,359,358,-1,380,358,357,-1,363,362,380,-1,380,362,361,-1,380,361,360,-1,366,365,380,-1,380,365,364,-1,380,364,363,-1,182,381,183,-1,183,381,382,-1,183,382,173,-1,173,382,383,-1,173,383,174,-1,174,383,384,-1,174,384,175,-1,175,384,385,-1,175,385,176,-1,176,385,386,-1,176,386,186,-1,186,386,387,-1,186,387,187,-1,187,387,388,-1,187,388,188,-1,188,388,389,-1,188,389,184,-1,184,389,390,-1,184,390,185,-1,185,390,391,-1,185,391,189,-1,189,391,392,-1,189,392,190,-1,190,392,393,-1,190,393,191,-1,191,393,394,-1,191,394,177,-1,177,394,395,-1,177,395,178,-1,178,395,396,-1,178,396,179,-1,179,396,397,-1,179,397,180,-1,180,397,398,-1,180,398,170,-1,170,398,399,-1,170,399,171,-1,171,399,400,-1,171,400,172,-1,172,400,401,-1,172,401,168,-1,168,401,402,-1,168,402,169,-1,169,402,403,-1,169,403,181,-1,181,403,404,-1,181,404,182,-1,182,404,381,-1,394,393,405,-1,405,393,392,-1,405,392,391,-1,397,396,405,-1,405,396,395,-1,405,395,394,-1,400,399,405,-1,405,399,398,-1,405,398,397,-1,403,402,405,-1,405,402,401,-1,405,401,400,-1,382,381,405,-1,405,381,404,-1,405,404,403,-1,385,384,405,-1,405,384,383,-1,405,383,382,-1,388,387,405,-1,405,387,386,-1,405,386,385,-1,391,390,405,-1,405,390,389,-1,405,389,388,-1,111,406,112,-1,112,406,407,-1,112,407,117,-1,117,407,408,-1,117,408,118,-1,118,408,409,-1,118,409,119,-1,119,409,410,-1,119,410,113,-1,113,410,411,-1,113,411,114,-1,114,411,412,-1,114,412,115,-1,115,412,413,-1,115,413,116,-1,116,413,414,-1,116,414,104,-1,104,414,415,-1,104,415,105,-1,105,415,416,-1,105,416,106,-1,106,416,417,-1,106,417,100,-1,100,417,418,-1,100,418,101,-1,101,418,419,-1,101,419,95,-1,95,419,420,-1,95,420,96,-1,96,420,421,-1,96,421,98,-1,98,421,422,-1,98,422,99,-1,99,422,423,-1,99,423,107,-1,107,423,424,-1,107,424,108,-1,108,424,425,-1,108,425,109,-1,109,425,426,-1,109,426,102,-1,102,426,427,-1,102,427,103,-1,103,427,428,-1,103,428,110,-1,110,428,429,-1,110,429,111,-1,111,429,406,-1,419,418,430,-1,430,418,417,-1,430,417,416,-1,422,421,430,-1,430,421,420,-1,430,420,419,-1,425,424,430,-1,430,424,423,-1,430,423,422,-1,428,427,430,-1,430,427,426,-1,430,426,425,-1,407,406,430,-1,430,406,429,-1,430,429,428,-1,410,409,430,-1,430,409,408,-1,430,408,407,-1,413,412,430,-1,430,412,411,-1,430,411,410,-1,416,415,430,-1,430,415,414,-1,430,414,413,-1,148,431,149,-1,149,431,432,-1,149,432,164,-1,164,432,433,-1,164,433,128,-1,128,433,434,-1,128,434,129,-1,129,434,435,-1,129,435,130,-1,130,435,436,-1,130,436,122,-1,122,436,437,-1,122,437,121,-1,121,437,438,-1,121,438,120,-1,120,438,439,-1,120,439,131,-1,131,439,440,-1,131,440,132,-1,132,440,441,-1,132,441,133,-1,133,441,442,-1,133,442,134,-1,134,442,443,-1,134,443,135,-1,135,443,444,-1,135,444,136,-1,136,444,445,-1,136,445,123,-1,123,445,446,-1,123,446,124,-1,124,446,447,-1,124,447,127,-1,127,447,448,-1,127,448,126,-1,126,448,449,-1,126,449,125,-1,125,449,450,-1,125,450,158,-1,158,450,451,-1,158,451,150,-1,150,451,452,-1,150,452,166,-1,166,452,453,-1,166,453,167,-1,167,453,454,-1,167,454,148,-1,148,454,431,-1,444,443,455,-1,455,443,442,-1,455,442,441,-1,447,446,455,-1,455,446,445,-1,455,445,444,-1,450,449,455,-1,455,449,448,-1,455,448,447,-1,453,452,455,-1,455,452,451,-1,455,451,450,-1,432,431,455,-1,455,431,454,-1,455,454,453,-1,435,434,455,-1,455,434,433,-1,455,433,432,-1,438,437,455,-1,455,437,436,-1,455,436,435,-1,441,440,455,-1,455,440,439,-1,455,439,438,-1,155,456,139,-1,139,456,457,-1,139,457,140,-1,140,457,458,-1,140,458,141,-1,141,458,459,-1,141,459,142,-1,142,459,460,-1,142,460,143,-1,143,460,461,-1,143,461,162,-1,162,461,462,-1,162,462,163,-1,163,462,463,-1,163,463,147,-1,147,463,464,-1,147,464,165,-1,165,464,465,-1,165,465,151,-1,151,465,466,-1,151,466,152,-1,152,466,467,-1,152,467,156,-1,156,467,468,-1,156,468,157,-1,157,468,469,-1,157,469,159,-1,159,469,470,-1,159,470,160,-1,160,470,471,-1,160,471,161,-1,161,471,472,-1,161,472,144,-1,144,472,473,-1,144,473,145,-1,145,473,474,-1,145,474,146,-1,146,474,475,-1,146,475,137,-1,137,475,476,-1,137,476,138,-1,138,476,477,-1,138,477,153,-1,153,477,478,-1,153,478,154,-1,154,478,479,-1,154,479,155,-1,155,479,456,-1,469,468,480,-1,480,468,467,-1,480,467,466,-1,472,471,480,-1,480,471,470,-1,480,470,469,-1,475,474,480,-1,480,474,473,-1,480,473,472,-1,478,477,480,-1,480,477,476,-1,480,476,475,-1,457,456,480,-1,480,456,479,-1,480,479,478,-1,460,459,480,-1,480,459,458,-1,480,458,457,-1,463,462,480,-1,480,462,461,-1,480,461,460,-1,466,465,480,-1,480,465,464,-1,480,464,463,-1,481,325,482,-1,482,325,324,-1,482,324,483,-1,483,324,333,-1,483,333,484,-1,484,333,332,-1,484,332,485,-1,485,332,331,-1,485,331,486,-1,486,331,323,-1,486,323,487,-1,487,323,322,-1,487,322,488,-1,488,322,336,-1,488,336,489,-1,489,336,335,-1,489,335,490,-1,490,335,334,-1,490,334,491,-1,491,334,330,-1,491,330,492,-1,492,330,329,-1,492,329,493,-1,493,329,328,-1,493,328,494,-1,494,328,327,-1,494,327,495,-1,495,327,317,-1,495,317,496,-1,496,317,316,-1,496,316,497,-1,497,316,315,-1,497,315,498,-1,498,315,314,-1,498,314,499,-1,499,314,313,-1,499,313,500,-1,500,313,321,-1,500,321,501,-1,501,321,320,-1,501,320,502,-1,502,320,319,-1,502,319,503,-1,503,319,318,-1,503,318,504,-1,504,318,326,-1,504,326,481,-1,481,326,325,-1,503,504,505,-1,505,504,481,-1,505,481,482,-1,500,501,505,-1,505,501,502,-1,505,502,503,-1,497,498,505,-1,505,498,499,-1,505,499,500,-1,494,495,505,-1,505,495,496,-1,505,496,497,-1,491,492,505,-1,505,492,493,-1,505,493,494,-1,488,489,505,-1,505,489,490,-1,505,490,491,-1,485,486,505,-1,505,486,487,-1,505,487,488,-1,482,483,505,-1,505,483,484,-1,505,484,485,-1,506,300,507,-1,507,300,309,-1,507,309,508,-1,508,309,308,-1,508,308,509,-1,509,308,297,-1,509,297,510,-1,510,297,298,-1,510,298,511,-1,511,298,299,-1,511,299,512,-1,512,299,307,-1,512,307,513,-1,513,307,306,-1,513,306,514,-1,514,306,305,-1,514,305,515,-1,515,305,304,-1,515,304,516,-1,516,304,293,-1,516,293,517,-1,517,293,292,-1,517,292,518,-1,518,292,291,-1,518,291,519,-1,519,291,290,-1,519,290,520,-1,520,290,296,-1,520,296,521,-1,521,296,295,-1,521,295,522,-1,522,295,294,-1,522,294,523,-1,523,294,287,-1,523,287,524,-1,524,287,286,-1,524,286,525,-1,525,286,311,-1,525,311,526,-1,526,311,310,-1,526,310,527,-1,527,310,303,-1,527,303,528,-1,528,303,302,-1,528,302,529,-1,529,302,301,-1,529,301,506,-1,506,301,300,-1,528,529,530,-1,530,529,506,-1,530,506,507,-1,525,526,530,-1,530,526,527,-1,530,527,528,-1,522,523,530,-1,530,523,524,-1,530,524,525,-1,519,520,530,-1,530,520,521,-1,530,521,522,-1,516,517,530,-1,530,517,518,-1,530,518,519,-1,513,514,530,-1,530,514,515,-1,530,515,516,-1,510,511,530,-1,530,511,512,-1,530,512,513,-1,507,508,530,-1,530,508,509,-1,530,509,510,-1,531,235,532,-1,532,235,234,-1,532,234,533,-1,533,234,233,-1,533,233,534,-1,534,233,232,-1,534,232,535,-1,535,232,231,-1,535,231,536,-1,536,231,230,-1,536,230,537,-1,537,230,229,-1,537,229,538,-1,538,229,228,-1,538,228,539,-1,539,228,218,-1,539,218,540,-1,540,218,217,-1,540,217,541,-1,541,217,240,-1,541,240,542,-1,542,240,239,-1,542,239,543,-1,543,239,227,-1,543,227,544,-1,544,227,226,-1,544,226,545,-1,545,226,225,-1,545,225,546,-1,546,225,220,-1,546,220,547,-1,547,220,219,-1,547,219,548,-1,548,219,224,-1,548,224,549,-1,549,224,223,-1,549,223,550,-1,550,223,222,-1,550,222,551,-1,551,222,221,-1,551,221,552,-1,552,221,238,-1,552,238,553,-1,553,238,237,-1,553,237,554,-1,554,237,236,-1,554,236,531,-1,531,236,235,-1,553,554,555,-1,555,554,531,-1,555,531,532,-1,550,551,555,-1,555,551,552,-1,555,552,553,-1,547,548,555,-1,555,548,549,-1,555,549,550,-1,544,545,555,-1,555,545,546,-1,555,546,547,-1,541,542,555,-1,555,542,543,-1,555,543,544,-1,538,539,555,-1,555,539,540,-1,555,540,541,-1,535,536,555,-1,555,536,537,-1,555,537,538,-1,532,533,555,-1,555,533,534,-1,555,534,535,-1,556,246,557,-1,557,246,264,-1,557,264,558,-1,558,264,263,-1,558,263,559,-1,559,263,262,-1,559,262,560,-1,560,262,261,-1,560,261,561,-1,561,261,260,-1,561,260,562,-1,562,260,259,-1,562,259,563,-1,563,259,258,-1,563,258,564,-1,564,258,257,-1,564,257,565,-1,565,257,256,-1,565,256,566,-1,566,256,255,-1,566,255,567,-1,567,255,253,-1,567,253,568,-1,568,253,252,-1,568,252,569,-1,569,252,254,-1,569,254,570,-1,570,254,245,-1,570,245,571,-1,571,245,244,-1,571,244,572,-1,572,244,251,-1,572,251,573,-1,573,251,250,-1,573,250,574,-1,574,250,249,-1,574,249,575,-1,575,249,248,-1,575,248,576,-1,576,248,247,-1,576,247,577,-1,577,247,243,-1,577,243,578,-1,578,243,242,-1,578,242,579,-1,579,242,241,-1,579,241,556,-1,556,241,246,-1,578,579,580,-1,580,579,556,-1,580,556,557,-1,575,576,580,-1,580,576,577,-1,580,577,578,-1,572,573,580,-1,580,573,574,-1,580,574,575,-1,569,570,580,-1,580,570,571,-1,580,571,572,-1,566,567,580,-1,580,567,568,-1,580,568,569,-1,563,564,580,-1,580,564,565,-1,580,565,566,-1,560,561,580,-1,580,561,562,-1,580,562,563,-1,557,558,580,-1,580,558,559,-1,580,559,560,-1,581,282,582,-1,582,282,281,-1,582,281,583,-1,583,281,289,-1,583,289,584,-1,584,289,288,-1,584,288,585,-1,585,288,270,-1,585,270,586,-1,586,270,269,-1,586,269,587,-1,587,269,268,-1,587,268,588,-1,588,268,267,-1,588,267,589,-1,589,267,266,-1,589,266,590,-1,590,266,265,-1,590,265,591,-1,591,265,280,-1,591,280,592,-1,592,280,279,-1,592,279,593,-1,593,279,278,-1,593,278,594,-1,594,278,277,-1,594,277,595,-1,595,277,276,-1,595,276,596,-1,596,276,275,-1,596,275,597,-1,597,275,274,-1,597,274,598,-1,598,274,273,-1,598,273,599,-1,599,273,272,-1,599,272,600,-1,600,272,271,-1,600,271,601,-1,601,271,312,-1,601,312,602,-1,602,312,285,-1,602,285,603,-1,603,285,284,-1,603,284,604,-1,604,284,283,-1,604,283,581,-1,581,283,282,-1,603,604,605,-1,605,604,581,-1,605,581,582,-1,600,601,605,-1,605,601,602,-1,605,602,603,-1,597,598,605,-1,605,598,599,-1,605,599,600,-1,594,595,605,-1,605,595,596,-1,605,596,597,-1,591,592,605,-1,605,592,593,-1,605,593,594,-1,588,589,605,-1,605,589,590,-1,605,590,591,-1,585,586,605,-1,605,586,587,-1,605,587,588,-1,582,583,605,-1,605,583,584,-1,605,584,585,-1,354,345,0,-1,0,345,1,-1,350,346,355,-1,355,346,348,-1,355,348,354,-1,354,348,345,-1,606,607,608,-1,608,607,609,-1,610,611,612,-1,612,611,613,-1,614,615,616,-1,616,615,617,-1,618,619,607,-1,620,621,607,-1,619,622,607,-1,607,622,623,-1,607,623,617,-1,624,625,607,-1,617,613,607,-1,607,613,611,-1,607,611,609,-1,609,611,626,-1,627,628,629,-1,625,630,607,-1,607,630,631,-1,607,631,620,-1,632,633,634,-1,627,629,635,-1,635,629,636,-1,635,636,607,-1,607,636,637,-1,607,637,624,-1,621,638,607,-1,607,638,639,-1,607,639,618,-1,640,641,642,-1,642,641,643,-1,617,615,613,-1,613,615,643,-1,613,643,644,-1,644,643,641,-1,632,634,611,-1,611,634,645,-1,611,645,626,-1,607,606,646,-1,607,646,635,-1,606,647,646,-1,646,647,648,-1,646,648,649,-1,623,650,617,-1,617,650,651,-1,651,652,653,-1,653,654,651,-1,651,654,616,-1,651,616,617,-1,622,619,655,-1,655,656,622,-1,622,656,657,-1,622,657,623,-1,623,657,658,-1,623,658,650,-1,618,639,659,-1,659,660,618,-1,618,660,661,-1,618,661,619,-1,619,661,662,-1,619,662,655,-1,638,621,663,-1,663,664,638,-1,638,664,665,-1,638,665,639,-1,639,665,666,-1,639,666,659,-1,620,631,667,-1,667,668,620,-1,620,668,669,-1,620,669,621,-1,621,669,670,-1,621,670,663,-1,630,671,631,-1,631,671,672,-1,631,672,667,-1,625,673,630,-1,630,673,674,-1,630,674,671,-1,624,675,625,-1,625,675,676,-1,625,676,673,-1,637,677,624,-1,624,677,678,-1,624,678,675,-1,636,679,637,-1,637,679,680,-1,637,680,677,-1,629,681,636,-1,636,681,682,-1,636,682,679,-1,628,683,629,-1,629,683,684,-1,629,684,681,-1,627,685,628,-1,628,685,686,-1,628,686,683,-1,646,687,635,-1,635,687,688,-1,635,688,627,-1,627,688,689,-1,627,689,685,-1,608,609,690,-1,690,609,626,-1,690,626,691,-1,691,626,645,-1,691,645,692,-1,692,645,634,-1,692,634,693,-1,693,634,633,-1,693,633,694,-1,694,633,632,-1,694,632,610,-1,610,632,611,-1,612,613,695,-1,695,613,644,-1,695,644,696,-1,696,644,641,-1,696,641,697,-1,697,641,640,-1,697,640,698,-1,698,640,642,-1,698,642,699,-1,699,642,643,-1,699,643,614,-1,614,643,615,-1,700,694,610,-1,608,690,701,-1,701,690,702,-1,701,702,703,-1,703,702,704,-1,610,705,700,-1,700,705,706,-1,700,706,707,-1,708,709,704,-1,704,709,710,-1,704,710,703,-1,706,711,707,-1,707,711,712,-1,707,712,713,-1,714,715,708,-1,708,715,716,-1,708,716,709,-1,712,717,713,-1,713,717,718,-1,713,718,719,-1,720,721,722,-1,722,721,723,-1,722,723,714,-1,714,723,724,-1,714,724,715,-1,690,691,702,-1,702,691,725,-1,702,725,704,-1,704,725,726,-1,704,726,708,-1,708,726,727,-1,708,727,714,-1,714,727,728,-1,714,728,722,-1,722,728,729,-1,691,692,725,-1,725,692,730,-1,725,730,726,-1,726,730,731,-1,726,731,727,-1,727,731,732,-1,727,732,728,-1,728,732,733,-1,728,733,729,-1,729,733,734,-1,692,693,730,-1,730,693,735,-1,730,735,731,-1,731,735,736,-1,731,736,732,-1,732,736,737,-1,732,737,733,-1,733,737,738,-1,733,738,734,-1,734,738,739,-1,693,694,735,-1,735,694,700,-1,735,700,736,-1,736,700,707,-1,736,707,737,-1,737,707,713,-1,737,713,738,-1,738,713,719,-1,738,719,739,-1,739,719,740,-1,21,741,742,-1,742,741,720,-1,718,743,719,-1,719,743,744,-1,719,744,740,-1,740,744,745,-1,740,745,746,-1,720,722,742,-1,742,722,729,-1,742,729,747,-1,747,729,734,-1,747,734,748,-1,748,734,739,-1,748,739,749,-1,749,739,740,-1,749,740,750,-1,750,740,746,-1,750,746,751,-1,21,742,22,-1,22,742,747,-1,22,747,35,-1,35,747,748,-1,35,748,36,-1,36,748,749,-1,36,749,37,-1,37,749,750,-1,37,750,38,-1,38,750,751,-1,38,751,39,-1,752,753,709,-1,709,753,649,-1,709,649,710,-1,710,649,648,-1,710,648,703,-1,703,648,647,-1,703,647,701,-1,701,647,606,-1,701,606,608,-1,754,755,715,-1,715,755,756,-1,715,756,716,-1,716,756,757,-1,716,757,709,-1,709,757,758,-1,709,758,752,-1,754,715,759,-1,759,715,724,-1,759,724,760,-1,760,724,761,-1,761,724,723,-1,761,723,762,-1,762,723,763,-1,763,723,721,-1,763,721,764,-1,21,26,741,-1,741,26,86,-1,741,86,720,-1,86,85,720,-1,720,85,765,-1,720,765,721,-1,721,765,766,-1,721,766,764,-1,610,612,705,-1,705,612,767,-1,705,767,706,-1,706,767,768,-1,706,768,711,-1,711,768,769,-1,711,769,712,-1,712,769,770,-1,712,770,717,-1,717,770,771,-1,717,771,718,-1,718,771,772,-1,718,772,743,-1,743,772,773,-1,743,773,744,-1,744,773,774,-1,744,774,745,-1,745,774,775,-1,745,775,746,-1,746,775,776,-1,746,776,751,-1,751,776,777,-1,751,777,39,-1,39,777,40,-1,778,652,651,-1,779,780,781,-1,782,783,784,-1,785,786,787,-1,788,789,790,-1,791,792,793,-1,82,794,795,-1,794,796,795,-1,795,796,797,-1,795,797,798,-1,764,766,799,-1,799,766,765,-1,762,763,800,-1,800,763,764,-1,801,761,762,-1,755,754,802,-1,754,759,802,-1,802,759,760,-1,802,760,761,-1,752,758,803,-1,758,757,803,-1,803,757,756,-1,803,756,755,-1,804,753,752,-1,657,805,806,-1,778,651,807,-1,807,651,650,-1,807,650,806,-1,806,650,658,-1,806,658,657,-1,661,808,809,-1,657,656,805,-1,805,656,655,-1,805,655,809,-1,809,655,662,-1,809,662,661,-1,665,810,811,-1,661,660,808,-1,808,660,659,-1,808,659,811,-1,811,659,666,-1,811,666,665,-1,665,664,810,-1,810,664,663,-1,810,663,812,-1,812,663,670,-1,812,670,813,-1,813,670,669,-1,669,668,813,-1,813,668,667,-1,813,667,814,-1,667,672,814,-1,814,672,671,-1,814,671,815,-1,815,671,674,-1,815,674,816,-1,816,674,673,-1,816,673,817,-1,673,676,817,-1,817,676,675,-1,817,675,818,-1,818,675,678,-1,678,677,818,-1,818,677,680,-1,818,680,819,-1,684,820,821,-1,680,679,819,-1,819,679,682,-1,819,682,821,-1,821,682,681,-1,821,681,684,-1,689,822,823,-1,684,683,820,-1,820,683,686,-1,820,686,823,-1,823,686,685,-1,823,685,689,-1,689,688,822,-1,822,688,687,-1,822,687,804,-1,804,687,646,-1,804,646,753,-1,753,646,649,-1,752,824,804,-1,804,824,825,-1,804,825,822,-1,822,825,826,-1,822,826,823,-1,823,826,827,-1,823,827,820,-1,820,827,828,-1,820,828,821,-1,821,828,829,-1,821,829,819,-1,819,829,830,-1,819,830,818,-1,818,830,831,-1,818,831,817,-1,817,831,832,-1,817,832,816,-1,816,832,833,-1,816,833,815,-1,815,833,834,-1,815,834,814,-1,814,834,835,-1,814,835,813,-1,813,835,836,-1,813,836,812,-1,812,836,837,-1,812,837,810,-1,810,837,838,-1,810,838,811,-1,811,838,839,-1,811,839,808,-1,808,839,840,-1,808,840,809,-1,809,840,841,-1,809,841,805,-1,805,841,842,-1,805,842,806,-1,806,842,779,-1,806,779,807,-1,807,779,781,-1,807,781,778,-1,752,803,824,-1,824,803,843,-1,824,843,825,-1,825,843,844,-1,825,844,826,-1,826,844,845,-1,826,845,827,-1,827,845,846,-1,827,846,828,-1,828,846,847,-1,828,847,829,-1,829,847,848,-1,829,848,830,-1,830,848,849,-1,830,849,831,-1,831,849,850,-1,831,850,832,-1,832,850,851,-1,832,851,833,-1,833,851,852,-1,833,852,834,-1,834,852,853,-1,834,853,835,-1,835,853,854,-1,835,854,836,-1,836,854,855,-1,836,855,837,-1,837,855,856,-1,837,856,838,-1,838,856,857,-1,838,857,839,-1,839,857,858,-1,839,858,840,-1,840,858,859,-1,840,859,841,-1,841,859,860,-1,841,860,842,-1,842,860,782,-1,842,782,779,-1,779,782,784,-1,779,784,780,-1,755,861,803,-1,803,861,862,-1,803,862,843,-1,843,862,863,-1,843,863,844,-1,844,863,864,-1,844,864,845,-1,845,864,865,-1,845,865,846,-1,846,865,866,-1,846,866,847,-1,847,866,867,-1,847,867,848,-1,848,867,868,-1,848,868,849,-1,849,868,869,-1,849,869,850,-1,850,869,870,-1,850,870,851,-1,851,870,871,-1,851,871,852,-1,852,871,872,-1,852,872,853,-1,853,872,873,-1,853,873,854,-1,854,873,874,-1,854,874,855,-1,855,874,875,-1,855,875,856,-1,856,875,876,-1,856,876,857,-1,857,876,877,-1,857,877,858,-1,858,877,878,-1,858,878,859,-1,859,878,879,-1,859,879,860,-1,860,879,785,-1,860,785,782,-1,782,785,787,-1,782,787,783,-1,755,802,861,-1,861,802,880,-1,861,880,862,-1,862,880,881,-1,862,881,863,-1,863,881,882,-1,863,882,864,-1,864,882,883,-1,864,883,865,-1,865,883,884,-1,865,884,866,-1,866,884,885,-1,866,885,867,-1,867,885,886,-1,867,886,868,-1,868,886,887,-1,868,887,869,-1,869,887,888,-1,869,888,870,-1,870,888,889,-1,870,889,871,-1,871,889,890,-1,871,890,872,-1,872,890,891,-1,872,891,873,-1,873,891,892,-1,873,892,874,-1,874,892,893,-1,874,893,875,-1,875,893,894,-1,875,894,876,-1,876,894,895,-1,876,895,877,-1,877,895,896,-1,877,896,878,-1,878,896,897,-1,878,897,879,-1,879,897,788,-1,879,788,785,-1,785,788,790,-1,785,790,786,-1,761,801,802,-1,802,801,898,-1,802,898,880,-1,880,898,899,-1,880,899,881,-1,881,899,900,-1,881,900,882,-1,882,900,901,-1,882,901,883,-1,883,901,902,-1,883,902,884,-1,884,902,903,-1,884,903,885,-1,885,903,904,-1,885,904,886,-1,886,904,905,-1,886,905,887,-1,887,905,906,-1,887,906,888,-1,888,906,907,-1,888,907,889,-1,889,907,908,-1,889,908,890,-1,890,908,909,-1,890,909,891,-1,891,909,910,-1,891,910,892,-1,892,910,911,-1,892,911,893,-1,893,911,912,-1,893,912,894,-1,894,912,913,-1,894,913,895,-1,895,913,914,-1,895,914,896,-1,896,914,915,-1,896,915,897,-1,897,915,791,-1,897,791,788,-1,788,791,793,-1,788,793,789,-1,762,800,801,-1,801,800,916,-1,801,916,898,-1,898,916,917,-1,898,917,899,-1,899,917,918,-1,899,918,900,-1,900,918,919,-1,900,919,901,-1,901,919,920,-1,901,920,902,-1,902,920,921,-1,902,921,903,-1,903,921,922,-1,903,922,904,-1,904,922,923,-1,904,923,905,-1,905,923,924,-1,905,924,906,-1,906,924,925,-1,906,925,907,-1,907,925,926,-1,907,926,908,-1,908,926,927,-1,908,927,909,-1,909,927,928,-1,909,928,910,-1,910,928,929,-1,910,929,911,-1,911,929,930,-1,911,930,912,-1,912,930,931,-1,912,931,913,-1,913,931,932,-1,913,932,914,-1,914,932,933,-1,914,933,915,-1,915,933,934,-1,915,934,791,-1,791,934,935,-1,791,935,792,-1,764,799,800,-1,800,799,936,-1,800,936,916,-1,916,936,937,-1,916,937,917,-1,917,937,938,-1,917,938,918,-1,918,938,939,-1,918,939,919,-1,919,939,940,-1,919,940,920,-1,920,940,941,-1,920,941,921,-1,921,941,942,-1,921,942,922,-1,922,942,943,-1,922,943,923,-1,923,943,944,-1,923,944,924,-1,924,944,945,-1,924,945,925,-1,925,945,946,-1,925,946,926,-1,926,946,947,-1,926,947,927,-1,927,947,948,-1,927,948,928,-1,928,948,949,-1,928,949,929,-1,929,949,950,-1,929,950,930,-1,930,950,951,-1,930,951,931,-1,931,951,952,-1,931,952,932,-1,932,952,953,-1,932,953,933,-1,933,953,795,-1,933,795,934,-1,934,795,798,-1,934,798,935,-1,82,795,83,-1,83,795,953,-1,83,953,87,-1,87,953,952,-1,87,952,88,-1,88,952,951,-1,88,951,92,-1,92,951,950,-1,92,950,93,-1,93,950,949,-1,93,949,94,-1,94,949,948,-1,94,948,73,-1,73,948,947,-1,73,947,74,-1,74,947,946,-1,74,946,75,-1,75,946,945,-1,75,945,72,-1,72,945,944,-1,72,944,71,-1,71,944,943,-1,71,943,76,-1,76,943,942,-1,76,942,77,-1,77,942,941,-1,77,941,78,-1,78,941,940,-1,78,940,89,-1,89,940,939,-1,89,939,90,-1,90,939,938,-1,90,938,91,-1,91,938,937,-1,91,937,84,-1,84,937,936,-1,84,936,79,-1,79,936,799,-1,79,799,80,-1,80,799,765,-1,80,765,85,-1,954,699,614,-1,612,695,767,-1,767,695,955,-1,767,955,768,-1,768,955,956,-1,614,957,954,-1,954,957,958,-1,954,958,959,-1,960,770,956,-1,956,770,769,-1,956,769,768,-1,958,961,959,-1,959,961,962,-1,959,962,963,-1,964,772,960,-1,960,772,771,-1,960,771,770,-1,962,965,963,-1,963,965,966,-1,963,966,967,-1,776,775,968,-1,968,775,774,-1,968,774,964,-1,964,774,773,-1,964,773,772,-1,695,696,955,-1,955,696,969,-1,955,969,956,-1,956,969,970,-1,956,970,960,-1,960,970,971,-1,960,971,964,-1,964,971,972,-1,964,972,968,-1,968,972,973,-1,696,697,969,-1,969,697,974,-1,969,974,970,-1,970,974,975,-1,970,975,971,-1,971,975,976,-1,971,976,972,-1,972,976,977,-1,972,977,973,-1,973,977,978,-1,697,698,974,-1,974,698,979,-1,974,979,975,-1,975,979,980,-1,975,980,976,-1,976,980,981,-1,976,981,977,-1,977,981,982,-1,977,982,978,-1,978,982,983,-1,698,699,979,-1,979,699,954,-1,979,954,980,-1,980,954,959,-1,980,959,981,-1,981,959,963,-1,981,963,982,-1,982,963,967,-1,982,967,983,-1,983,967,984,-1,40,777,985,-1,985,777,776,-1,966,986,967,-1,967,986,987,-1,967,987,984,-1,984,987,988,-1,984,988,989,-1,776,968,985,-1,985,968,973,-1,985,973,990,-1,990,973,978,-1,990,978,991,-1,991,978,983,-1,991,983,992,-1,992,983,984,-1,992,984,993,-1,993,984,989,-1,993,989,994,-1,40,985,28,-1,28,985,990,-1,28,990,29,-1,29,990,991,-1,29,991,30,-1,30,991,992,-1,30,992,31,-1,31,992,993,-1,31,993,32,-1,32,993,994,-1,32,994,33,-1,794,82,989,-1,989,82,81,-1,989,81,994,-1,994,81,34,-1,994,34,33,-1,794,989,796,-1,796,989,988,-1,796,988,797,-1,986,792,987,-1,987,792,935,-1,987,935,988,-1,988,935,798,-1,988,798,797,-1,966,789,986,-1,986,789,793,-1,986,793,792,-1,965,786,966,-1,966,786,790,-1,966,790,789,-1,962,783,965,-1,965,783,787,-1,965,787,786,-1,778,781,961,-1,961,781,780,-1,961,780,962,-1,962,780,784,-1,962,784,783,-1,614,616,957,-1,957,616,654,-1,957,654,958,-1,958,654,653,-1,958,653,961,-1,961,653,652,-1,961,652,778,-1,
        ]
    }
}
Shape{
    appearance Appearance {
        material  Material 	{
            diffuseColor 0.6666666666666666 0.6980392156862745 0.7686274509803922
            specularColor 0.3333333333333333 0.34901960784313724 0.3843137254901961
            ambientIntensity 0.6967
            transparency 0.0
            shininess 0.5
        }
    }
    geometry IndexedFaceSet {
        ccw TRUE
        solid FALSE
        coord DEF co Coordinate {
            point [
                4.6772 0.9197 0.1705, 4.6772 0.9197 -0.6904, 4.9724 0.9197 0.1705, 4.9724 0.9197 -0.6904, 4.6772 1.0771 0.1705, 4.9724 1.0771 0.1705, 4.6772 1.0771 -0.6904, 4.9724 1.0771 -0.6904, 4.6772 1.1226 -0.7691, 4.9724 1.1226 -0.7691, 4.9724 1.136 -0.7992, 4.6772 1.136 -0.7992, 4.9724 1.1428 -0.8314, 4.6772 1.1428 -0.8314, 4.9724 1.1428 -0.8643, 4.6772 1.1428 -0.8643, 4.9724 1.136 -0.8965, 4.6772 1.136 -0.8965, 4.9724 1.1226 -0.9266, 4.6772 1.1226 -0.9266, 4.6772 1.0771 -1.0053, 4.9724 1.0771 -1.0053, 4.9039 1.0771 -1.378, 4.7457 1.0771 -1.378, 4.9724 1.0771 -1.122, 4.6772 1.0771 -1.122, 4.9039 0.9197 -1.378, 4.7457 0.9197 -1.378, 4.9724 0.9197 -1.0053, 4.6772 0.9197 -1.0053, 4.9724 0.9197 -1.122, 4.6772 0.9197 -1.122, 4.9724 0.9221 -0.978, 4.6772 0.9221 -0.978, 4.9724 0.9292 -0.9515, 4.6772 0.9292 -0.9515, 4.9724 0.9408 -0.9266, 4.6772 0.9408 -0.9266, 4.6772 0.9862 -0.8479, 4.9724 0.9862 -0.8479, 4.6772 0.9408 -0.7691, 4.9724 0.9408 -0.7691, 4.9724 0.9292 -0.7442, 4.6772 0.9292 -0.7442, 4.9724 0.9221 -0.7177, 4.6772 0.9221 -0.7177
            ]
        }
        coordIndex [
            0,1,2,-1,2,1,3,-1,4,0,5,-1,5,0,2,-1,6,4,7,-1,7,4,5,-1,8,6,9,-1,9,6,7,-1,8,9,10,-1,8,10,11,-1,11,10,12,-1,11,12,13,-1,13,12,14,-1,13,14,15,-1,15,14,16,-1,15,16,17,-1,17,16,18,-1,17,18,19,-1,20,19,21,-1,21,19,18,-1,22,23,24,-1,24,23,25,-1,24,25,21,-1,21,25,20,-1,26,27,22,-1,22,27,23,-1,28,29,30,-1,30,29,31,-1,30,31,26,-1,26,31,27,-1,29,28,32,-1,29,32,33,-1,33,32,34,-1,33,34,35,-1,35,34,36,-1,35,36,37,-1,38,37,39,-1,39,37,36,-1,40,38,41,-1,41,38,39,-1,40,41,42,-1,40,42,43,-1,43,42,44,-1,43,44,45,-1,45,44,3,-1,45,3,1,-1,33,20,29,-1,29,20,25,-1,29,25,31,-1,0,4,1,-1,1,4,6,-1,40,43,6,-1,6,43,45,-1,6,45,1,-1,33,35,20,-1,20,35,37,-1,20,37,19,-1,19,37,38,-1,19,38,17,-1,40,6,38,-1,38,6,8,-1,38,8,11,-1,11,13,38,-1,38,13,15,-1,38,15,17,-1,44,7,3,-1,3,7,5,-1,3,5,2,-1,16,14,39,-1,30,24,28,-1,28,24,21,-1,36,34,21,-1,21,34,32,-1,21,32,28,-1,44,42,7,-1,7,42,41,-1,7,41,9,-1,9,41,39,-1,36,21,39,-1,39,21,18,-1,39,18,16,-1,14,12,39,-1,39,12,10,-1,39,10,9,-1,22,24,26,-1,26,24,30,-1,25,23,31,-1,31,23,27,-1,
        ]
    }
}