#VRML V2.0 utf8
# 3D model generated by easyeda2kicad.py (https://github.com/uPesy/easyeda2kicad.py)

Shape{
    appearance Appearance {
        material  Material 	{
            diffuseColor 1.0 1.0 1.0
            specularColor 0.5019607843137255 0.5019607843137255 0.5019607843137255
            ambientIntensity 1.0
            transparency 0.0
            shininess 0.5
        }
    }
    geometry IndexedFaceSet {
        ccw TRUE
        solid FALSE
        coord DEF co Coordinate {
            point [
                -4.7028 -0.7782 5.7087, -4.6997 -0.7763 5.7162, -4.6996 -0.7765 4.6457, -4.6073 -0.6922 4.6457, -4.6482 -0.7401 4.6457, -4.6076 -0.6919 5.7651, -4.6486 -0.7396 5.844, -4.6399 -0.7321 5.8658, -4.669 -0.7571 5.7932, -4.7583 -0.7993 5.7087, -4.7583 -0.7993 4.6457, -4.8209 -0.8071 5.7087, -4.8209 -0.8071 4.6457, -4.8834 -0.7993 5.7087, -4.8834 -0.7993 4.6457, -4.939 -0.7782 5.7087, -5.0268 -0.7031 5.7932, -4.9935 -0.7401 4.6457, -5.0339 -0.6918 5.7649, -5.0344 -0.6922 4.6457, -5.0479 -0.6693 5.7087, -4.942 -0.7763 5.7162, -4.9421 -0.7765 4.6457, -4.9728 -0.7571 5.7932, -4.9931 -0.7396 5.844, -5.0018 -0.7321 5.8658, -5.0624 -0.6357 5.7087, -5.0624 -0.6357 4.6457, -5.0757 -0.5741 5.7087, -5.0757 -0.5741 4.6457, -5.0768 -0.5512 4.6457, -5.0768 -0.5512 5.7087, -4.565 -0.5512 5.7087, -4.565 -0.5512 4.6457, -4.566 -0.5741 5.7087, -4.566 -0.5741 4.6457, -4.5793 -0.6357 5.7087, -4.5793 -0.6357 4.6457, -4.5938 -0.6693 5.7087, -4.6049 -0.6885 5.7566, -5.0341 -0.4105 5.7651, -5.0344 -0.4102 4.6457, -4.9935 -0.3623 4.6457, -4.6253 -0.3861 5.826, -4.6399 -0.3702 5.8658, -4.6489 -0.3631 5.8434, -4.566 -0.5282 4.6457, -4.566 -0.5282 5.7087, -4.5793 -0.4667 4.6457, -4.5793 -0.4667 5.7087, -4.6073 -0.4102 4.6457, -4.5938 -0.4331 5.7087, -4.6086 -0.4111 5.7637, -4.6482 -0.3623 4.6457, -4.6836 -0.3352 5.7566, -4.6996 -0.3258 4.6457, -4.6997 -0.3259 5.7164, -4.7224 -0.315 4.6457, -4.7028 -0.3242 5.7087, -4.7588 -0.3047 4.6449, -4.7583 -0.303 5.7087, -4.7812 -0.2983 4.6445, -4.8209 -0.2953 5.7087, -4.9041 -0.3092 4.6455, -4.883 -0.3047 4.6451, -4.8834 -0.303 5.7087, -4.8426 -0.2962 4.6442, -4.8209 -0.2969 4.6443, -4.9193 -0.315 4.6457, -4.939 -0.3242 5.7087, -4.9421 -0.3258 4.6457, -4.9419 -0.3261 5.7161, -5.0018 -0.3702 5.8658, -4.9934 -0.3625 5.8446, -4.9859 -0.3556 5.826, -5.0368 -0.4139 5.7566, -5.0479 -0.4331 5.7087, -5.0624 -0.4667 4.6457, -5.0624 -0.4667 5.7087, -5.0757 -0.5282 4.6457, -5.0757 -0.5282 5.7087, -5.0177 -0.3543 5.9055, -5.0177 0.0787 5.9055, -4.939 0.0787 5.7087, -4.7028 0.0787 5.7087, -4.624 0.0787 5.9055, -4.624 -0.3543 5.9055, -3.3248 -0.7782 5.7087, -3.3218 -0.7763 5.7162, -3.3216 -0.7765 4.6457, -3.2293 -0.6922 4.6457, -3.2703 -0.7401 4.6457, -3.2297 -0.6919 5.7651, -3.2707 -0.7396 5.844, -3.262 -0.7321 5.8658, -3.291 -0.7571 5.7932, -3.3804 -0.7993 5.7087, -3.3804 -0.7993 4.6457, -3.4429 -0.8071 5.7087, -3.4429 -0.8071 4.6457, -3.5054 -0.7993 5.7087, -3.5054 -0.7993 4.6457, -3.561 -0.7782 5.7087, -3.6489 -0.7031 5.7932, -3.6156 -0.7401 4.6457, -3.6559 -0.6918 5.7649, -3.6565 -0.6922 4.6457, -3.6699 -0.6693 5.7087, -3.564 -0.7763 5.7162, -3.5642 -0.7765 4.6457, -3.5948 -0.7571 5.7932, -3.6152 -0.7396 5.844, -3.6239 -0.7321 5.8658, -3.6845 -0.6357 5.7087, -3.6845 -0.6357 4.6457, -3.6978 -0.5741 5.7087, -3.6978 -0.5741 4.6457, -3.6988 -0.5512 4.6457, -3.6988 -0.5512 5.7087, -3.187 -0.5512 5.7087, -3.187 -0.5512 4.6457, -3.188 -0.5741 5.7087, -3.188 -0.5741 4.6457, -3.2014 -0.6357 5.7087, -3.2014 -0.6357 4.6457, -3.2159 -0.6693 5.7087, -3.2269 -0.6885 5.7566, -3.6561 -0.4105 5.7651, -3.6565 -0.4102 4.6457, -3.6156 -0.3623 4.6457, -3.2473 -0.3861 5.826, -3.262 -0.3702 5.8658, -3.2709 -0.3631 5.8434, -3.188 -0.5282 4.6457, -3.188 -0.5282 5.7087, -3.2014 -0.4667 4.6457, -3.2014 -0.4667 5.7087, -3.2293 -0.4102 4.6457, -3.2159 -0.4331 5.7087, -3.2306 -0.4111 5.7637, -3.2703 -0.3623 4.6457, -3.3056 -0.3352 5.7566, -3.3216 -0.3258 4.6457, -3.3217 -0.3259 5.7164, -3.3445 -0.315 4.6457, -3.3248 -0.3242 5.7087, -3.3808 -0.3047 4.6449, -3.3804 -0.303 5.7087, -3.4033 -0.2983 4.6445, -3.4429 -0.2953 5.7087, -3.5261 -0.3092 4.6455, -3.5051 -0.3047 4.6451, -3.5054 -0.303 5.7087, -3.4647 -0.2962 4.6442, -3.443 -0.2969 4.6443, -3.5413 -0.315 4.6457, -3.561 -0.3242 5.7087, -3.5642 -0.3258 4.6457, -3.564 -0.3261 5.7161, -3.6239 -0.3702 5.8658, -3.6154 -0.3625 5.8446, -3.6079 -0.3556 5.826, -3.6589 -0.4139 5.7566, -3.6699 -0.4331 5.7087, -3.6845 -0.4667 4.6457, -3.6845 -0.4667 5.7087, -3.6978 -0.5282 4.6457, -3.6978 -0.5282 5.7087, -3.6398 -0.3543 5.9055, -3.6398 0.0787 5.9055, -3.561 0.0787 5.7087, -3.3248 0.0787 5.7087, -3.2461 0.0787 5.9055, -3.2461 -0.3543 5.9055
            ]
        }
        coordIndex [
            0,1,2,-1,3,4,5,-1,5,4,6,-1,5,6,7,-1,2,1,4,-1,4,1,8,-1,4,8,6,-1,0,2,9,-1,9,2,10,-1,9,10,11,-1,11,10,12,-1,11,12,13,-1,13,12,14,-1,13,14,15,-1,16,17,18,-1,18,17,19,-1,18,19,20,-1,15,14,21,-1,21,14,22,-1,21,22,23,-1,23,22,17,-1,23,17,24,-1,24,17,16,-1,24,16,25,-1,20,19,26,-1,26,19,27,-1,26,27,28,-1,27,29,28,-1,28,29,30,-1,28,30,31,-1,32,33,34,-1,34,33,35,-1,34,35,36,-1,36,35,37,-1,36,37,38,-1,38,37,3,-1,38,3,39,-1,39,3,5,-1,40,41,42,-1,43,44,45,-1,33,32,46,-1,46,32,47,-1,46,47,48,-1,48,47,49,-1,48,49,50,-1,50,49,51,-1,43,45,52,-1,51,52,50,-1,50,52,45,-1,50,45,53,-1,53,45,54,-1,53,54,55,-1,55,54,56,-1,55,56,57,-1,57,56,58,-1,57,58,59,-1,59,58,60,-1,59,60,61,-1,61,60,62,-1,63,64,65,-1,65,64,66,-1,65,66,62,-1,62,66,67,-1,62,67,61,-1,63,65,68,-1,68,65,69,-1,68,69,70,-1,70,69,71,-1,70,71,42,-1,72,40,73,-1,73,40,42,-1,73,42,74,-1,74,42,71,-1,40,75,41,-1,41,75,76,-1,41,76,77,-1,77,76,78,-1,77,78,79,-1,78,80,79,-1,79,80,31,-1,79,31,30,-1,81,72,82,-1,82,72,73,-1,69,83,71,-1,71,83,82,-1,71,82,74,-1,74,82,73,-1,84,58,56,-1,84,56,85,-1,44,86,45,-1,45,86,85,-1,45,85,54,-1,54,85,56,-1,69,65,83,-1,83,65,62,-1,83,62,84,-1,84,62,60,-1,84,60,58,-1,87,88,89,-1,90,91,92,-1,92,91,93,-1,92,93,94,-1,89,88,91,-1,91,88,95,-1,91,95,93,-1,87,89,96,-1,96,89,97,-1,96,97,98,-1,98,97,99,-1,98,99,100,-1,100,99,101,-1,100,101,102,-1,103,104,105,-1,105,104,106,-1,105,106,107,-1,102,101,108,-1,108,101,109,-1,108,109,110,-1,110,109,104,-1,110,104,111,-1,111,104,103,-1,111,103,112,-1,107,106,113,-1,113,106,114,-1,113,114,115,-1,114,116,115,-1,115,116,117,-1,115,117,118,-1,119,120,121,-1,121,120,122,-1,121,122,123,-1,123,122,124,-1,123,124,125,-1,125,124,90,-1,125,90,126,-1,126,90,92,-1,127,128,129,-1,130,131,132,-1,120,119,133,-1,133,119,134,-1,133,134,135,-1,135,134,136,-1,135,136,137,-1,137,136,138,-1,130,132,139,-1,138,139,137,-1,137,139,132,-1,137,132,140,-1,140,132,141,-1,140,141,142,-1,142,141,143,-1,142,143,144,-1,144,143,145,-1,144,145,146,-1,146,145,147,-1,146,147,148,-1,148,147,149,-1,150,151,152,-1,152,151,153,-1,152,153,149,-1,149,153,154,-1,149,154,148,-1,150,152,155,-1,155,152,156,-1,155,156,157,-1,157,156,158,-1,157,158,129,-1,159,127,160,-1,160,127,129,-1,160,129,161,-1,161,129,158,-1,127,162,128,-1,128,162,163,-1,128,163,164,-1,164,163,165,-1,164,165,166,-1,165,167,166,-1,166,167,118,-1,166,118,117,-1,168,159,169,-1,169,159,160,-1,156,170,158,-1,158,170,169,-1,158,169,161,-1,161,169,160,-1,171,145,143,-1,171,143,172,-1,131,173,132,-1,132,173,172,-1,132,172,141,-1,141,172,143,-1,156,152,170,-1,170,152,149,-1,170,149,171,-1,171,149,147,-1,171,147,145,-1,
        ]
    }
}
Shape{
    appearance Appearance {
        material  Material 	{
            diffuseColor 0.2235294117647059 0.2235294117647059 0.2235294117647059
            specularColor 0.11372549019607843 0.11372549019607843 0.11372549019607843
            ambientIntensity 0.2235
            transparency 0.0
            shininess 0.5
        }
    }
    geometry IndexedFaceSet {
        ccw TRUE
        solid FALSE
        coord DEF co Coordinate {
            point [
                -5.6476 0.6326 0.8937, -5.6476 0.6559 0.9579, -5.6476 0.6597 0.954, -5.6476 0.6215 0.8949, -5.6476 0.6132 0.8982, -5.6476 0.6231 0.9668, -5.6476 0.631 0.9677, -5.6476 0.6402 0.9665, -5.6476 0.6485 0.9632, -5.6476 0.6661 0.919, -5.6476 0.6624 0.9111, -5.6476 0.6569 0.9043, -5.6476 0.631 0.8937, -5.6476 0.6646 0.9461, -5.6476 0.6674 0.9372, -5.6476 0.6679 0.9279, -5.6476 0.6497 0.8988, -5.6476 0.6411 0.8951, -5.6476 0.606 0.9033, -5.6476 0.6009 0.9091, -5.6476 0.5965 0.9173, -5.6476 0.5942 0.9264, -5.6476 0.5942 0.9351, -5.6476 0.5964 0.9439, -5.6476 0.6005 0.9517, -5.6476 0.6066 0.9585, -5.6476 0.6143 0.9636, -5.6476 -0.3625 1.0179, -5.6476 -0.3625 0.915, -5.6476 -0.3827 1.0179, -5.6476 -0.3819 0.915, -5.6476 -0.4195 0.927, -5.6476 -0.4216 0.9289, -5.6476 -0.3995 0.917, -5.6476 -0.4107 0.9212, -5.6476 -0.4285 0.9377, -5.6476 -0.433 0.9478, -5.6476 -0.4355 0.9602, -5.6476 -0.4358 0.9678, -5.6476 -0.4339 0.9844, -5.6476 -0.4301 0.9942, -5.6476 -0.4249 1.0017, -5.6476 -0.4212 1.0054, -5.6476 -0.3992 1.0162, -5.6476 -0.4109 1.0121, -5.6476 -0.3541 1.2279, -5.6476 -0.3537 1.2279, -5.6476 -0.3552 1.2223, -5.6476 -0.3527 1.2225, -5.6476 -0.3562 1.2186, -5.6476 -0.3515 1.2186, -5.6476 -0.3763 1.1631, -5.6476 -0.3315 1.1631, -5.6476 -0.1954 1.2296, -5.6476 -0.1954 1.1267, -5.6476 -0.2156 1.2296, -5.6476 -0.2148 1.1267, -5.6476 -0.2524 1.1387, -5.6476 -0.2544 1.1406, -5.6476 -0.2324 1.1287, -5.6476 -0.2436 1.1329, -5.6476 -0.2614 1.1494, -5.6476 -0.2659 1.1595, -5.6476 -0.2684 1.1719, -5.6476 -0.2687 1.1795, -5.6476 -0.2667 1.1961, -5.6476 -0.263 1.2059, -5.6476 -0.2578 1.2134, -5.6476 -0.2541 1.2171, -5.6476 -0.2321 1.2279, -5.6476 -0.2438 1.2238, -5.6476 -0.0264 0.9476, -5.6476 -0.0041 0.9446, -5.6476 -0.0264 0.9385, -5.6476 0.0053 0.9426, -5.6476 0.0095 0.9407, -5.6476 0.0121 0.9388, -5.6476 -0.0264 0.9374, -5.6476 -0.0253 0.9299, -5.6476 0.0141 0.9363, -5.6476 -0.0228 0.924, -5.6476 0.0131 0.917, -5.6476 0.0117 0.9156, -5.6476 -0.0171 0.917, -5.6476 0.015 0.9198, -5.6476 -0.0124 0.9138, -5.6476 -0.0073 0.912, -5.6476 -0.0011 0.9113, -5.6476 0.0156 0.9332, -5.6476 0.0164 0.9293, -5.6476 -0.0192 0.919, -5.6476 0.0165 0.9267, -5.6476 0.0161 0.9229, -5.6476 0.0084 0.9133, -5.6476 0.0046 0.9119, -5.6476 -0.5212 1.0162, -5.6476 -0.5208 1.0162, -5.6476 -0.5223 1.0106, -5.6476 -0.5198 1.0108, -5.6476 -0.5233 1.0069, -5.6476 -0.5186 1.0069, -5.6476 -0.5435 0.9514, -5.6476 -0.4987 0.9514
            ]
        }
        coordIndex [
            0,1,2,-1,3,4,5,-1,6,7,0,-1,0,7,8,-1,0,8,1,-1,9,10,2,-1,2,10,11,-1,6,0,5,-1,5,0,12,-1,5,12,3,-1,13,14,2,-1,2,14,15,-1,2,15,9,-1,11,16,2,-1,2,16,17,-1,2,17,0,-1,4,18,5,-1,5,18,19,-1,5,19,20,-1,20,21,5,-1,5,21,22,-1,5,22,23,-1,23,24,5,-1,5,24,25,-1,5,25,26,-1,27,28,29,-1,29,28,30,-1,29,31,32,-1,30,33,29,-1,29,33,34,-1,29,34,31,-1,32,35,29,-1,29,35,36,-1,29,36,37,-1,37,38,29,-1,29,38,39,-1,29,39,40,-1,40,41,29,-1,29,41,42,-1,29,42,43,-1,43,42,44,-1,45,46,47,-1,47,46,48,-1,47,48,49,-1,49,48,50,-1,49,50,51,-1,51,50,52,-1,53,54,55,-1,55,54,56,-1,55,57,58,-1,56,59,55,-1,55,59,60,-1,55,60,57,-1,58,61,55,-1,55,61,62,-1,55,62,63,-1,63,64,55,-1,55,64,65,-1,55,65,66,-1,66,67,55,-1,55,67,68,-1,55,68,69,-1,69,68,70,-1,71,72,73,-1,73,72,74,-1,74,75,73,-1,73,75,76,-1,73,76,77,-1,77,76,78,-1,78,76,79,-1,78,79,80,-1,81,82,83,-1,81,83,84,-1,85,83,86,-1,86,83,87,-1,79,88,80,-1,80,88,89,-1,80,89,90,-1,90,89,91,-1,90,91,83,-1,83,91,92,-1,83,92,84,-1,82,93,83,-1,83,93,94,-1,83,94,87,-1,95,96,97,-1,97,96,98,-1,97,98,99,-1,99,98,100,-1,99,100,101,-1,101,100,102,-1,
        ]
    }
}
Shape{
    appearance Appearance {
        material  Material 	{
            diffuseColor 0.6666666666666666 0.6980392156862745 0.7686274509803922
            specularColor 0.3333333333333333 0.34901960784313724 0.3843137254901961
            ambientIntensity 0.6967
            transparency 0.0
            shininess 0.5
        }
    }
    geometry IndexedFaceSet {
        ccw TRUE
        solid FALSE
        coord DEF co Coordinate {
            point [
                -4.6634 -1.2402 0.1575, -4.9783 -1.2402 0.1575, -4.6634 -2.0669 0.1575, -4.9783 -2.0669 0.1575, -4.6634 -2.0669 0.0, -4.9783 -2.0669 0.0, -4.9783 -1.2402 0.0, -4.6634 -1.2402 0.0, -4.9783 1.2598 0.1575, -4.6634 1.2598 0.1575, -4.9783 2.0669 0.1575, -4.6634 2.0669 0.1575, -4.6634 1.2598 0.0, -4.9783 1.2598 0.0, -4.6634 2.0669 0.0, -4.9783 2.0669 0.0, -3.2854 -1.2402 0.1575, -3.6004 -1.2402 0.1575, -3.2854 -2.0669 0.1575, -3.6004 -2.0669 0.1575, -3.2854 -2.0669 0.0, -3.6004 -2.0669 0.0, -3.6004 -1.2402 0.0, -3.2854 -1.2402 0.0, -3.6004 1.2598 0.1575, -3.2854 1.2598 0.1575, -3.6004 2.0669 0.1575, -3.2854 2.0669 0.1575, -3.2854 1.2598 0.0, -3.6004 1.2598 0.0, -3.2854 2.0669 0.0, -3.6004 2.0669 0.0
            ]
        }
        coordIndex [
            0,1,2,-1,2,1,3,-1,2,3,4,-1,4,3,5,-1,6,7,5,-1,5,7,4,-1,8,9,10,-1,10,9,11,-1,12,13,14,-1,14,13,15,-1,14,15,11,-1,11,15,10,-1,16,17,18,-1,18,17,19,-1,18,19,20,-1,20,19,21,-1,22,23,21,-1,21,23,20,-1,24,25,26,-1,26,25,27,-1,28,29,30,-1,30,29,31,-1,30,31,27,-1,27,31,26,-1,
        ]
    }
}
Shape{
    appearance Appearance {
        material  Material 	{
            diffuseColor 1.0 1.0 1.0
            specularColor 0.5019607843137255 0.5019607843137255 0.5019607843137255
            ambientIntensity 1.0
            transparency 0.0
            shininess 0.5
        }
    }
    geometry IndexedFaceSet {
        ccw TRUE
        solid FALSE
        coord DEF co Coordinate {
            point [
                -5.0177 0.0787 5.9055, -5.3524 0.0787 5.9055, -5.0177 -0.3543 5.9055, -5.3524 -0.3543 5.9055, -5.3524 -0.4331 5.7087, -5.0479 -0.4331 5.7087, -5.0018 -0.3702 5.8658, -5.0341 -0.4105 5.7651, -5.0368 -0.4139 5.7566, -5.0624 -0.4667 5.7087, -5.3524 -0.6693 5.7087, -5.0479 -0.6693 5.7087, -5.0624 -0.6357 5.7087, -5.0757 -0.5741 5.7087, -5.0768 -0.5512 5.7087, -5.0757 -0.5282 5.7087, -5.3524 -0.748 5.9055, -5.0177 -0.748 5.9055, -5.0018 -0.7321 5.8658, -5.0339 -0.6918 5.7649, -5.0268 -0.7031 5.7932, -5.3524 -0.9843 5.9055, -5.0177 -0.9843 5.9055, -4.939 -0.9843 5.7087, -4.939 -0.7782 5.7087, -4.942 -0.7763 5.7162, -4.9931 -0.7396 5.844, -4.9728 -0.7571 5.7932, -4.7028 -0.7782 5.7087, -4.7583 -0.7993 5.7087, -4.7028 -0.9843 5.7087, -4.8209 -0.8071 5.7087, -4.8834 -0.7993 5.7087, -4.6997 -0.7763 5.7162, -4.624 -0.9843 5.9055, -4.669 -0.7571 5.7932, -4.624 -0.748 5.9055, -4.6399 -0.7321 5.8658, -4.6486 -0.7396 5.844
            ]
        }
        coordIndex [
            0,1,2,-1,2,1,3,-1,3,4,5,-1,6,2,7,-1,7,2,3,-1,7,3,8,-1,8,3,5,-1,9,5,4,-1,10,11,12,-1,12,13,10,-1,10,13,14,-1,10,14,4,-1,4,14,15,-1,4,15,9,-1,16,17,18,-1,11,10,19,-1,19,10,16,-1,19,16,20,-1,20,16,18,-1,21,22,16,-1,16,22,17,-1,23,24,25,-1,23,25,22,-1,18,17,26,-1,26,17,22,-1,26,22,27,-1,27,22,25,-1,28,29,30,-1,30,29,31,-1,30,31,23,-1,23,31,32,-1,23,32,24,-1,28,30,33,-1,33,30,34,-1,33,34,35,-1,36,37,34,-1,34,37,38,-1,34,38,35,-1,
        ]
    }
}
Shape{
    appearance Appearance {
        material  Material 	{
            diffuseColor 0.2235294117647059 0.2235294117647059 0.2235294117647059
            specularColor 0.11372549019607843 0.11372549019607843 0.11372549019607843
            ambientIntensity 0.2235
            transparency 0.0
            shininess 0.5
        }
    }
    geometry IndexedFaceSet {
        ccw TRUE
        solid FALSE
        coord DEF co Coordinate {
            point [
                -4.2894 -0.2962 4.6442, -4.2894 -0.315 4.6457, -4.7224 -0.315 4.6457, -4.7588 -0.3047 4.6449, -4.7812 -0.2983 4.6445, -4.8209 -0.2969 4.6443, -4.8426 -0.2962 4.6442, -5.1752 -0.315 4.6457, -5.1752 -0.2962 4.6442, -4.883 -0.3047 4.6451, -4.9041 -0.3092 4.6455, -4.9193 -0.315 4.6457, -4.2894 -0.2681 4.636, -5.1752 -0.2681 4.636, -4.2894 -0.2429 4.6211, -5.1752 -0.2429 4.6211, -4.2894 -0.2221 4.6005, -5.1752 -0.2221 4.6005, -4.2894 -0.207 4.5755, -5.1752 -0.207 4.5755, -4.2894 -0.1985 4.5475, -5.1752 -0.1985 4.5475, -4.2894 -0.1968 4.5276, -5.1752 -0.1968 4.5276, -5.0344 -0.6922 4.6457, -4.9935 -0.7401 4.6457, -5.1752 -0.9843 4.6457, -4.9421 -0.7765 4.6457, -4.5793 -0.4667 4.6457, -4.6073 -0.4102 4.6457, -4.9935 -0.3623 4.6457, -4.9421 -0.3258 4.6457, -5.0344 -0.4102 4.6457, -5.0624 -0.4667 4.6457, -5.0757 -0.5282 4.6457, -4.566 -0.5282 4.6457, -4.8834 -0.7993 4.6457, -4.8209 -0.8071 4.6457, -4.3681 -0.9843 4.6457, -4.7583 -0.7993 4.6457, -4.6482 -0.3623 4.6457, -4.6996 -0.3258 4.6457, -5.0768 -0.5512 4.6457, -5.0757 -0.5741 4.6457, -5.0624 -0.6357 4.6457, -4.6073 -0.6922 4.6457, -4.2894 -0.9055 4.6457, -4.6482 -0.7401 4.6457, -4.2912 -0.9224 4.6457, -4.2969 -0.9392 4.6457, -4.3063 -0.9543 4.6457, -4.3188 -0.9669 4.6457, -4.3338 -0.9764 4.6457, -4.6996 -0.7765 4.6457, -4.3505 -0.9823 4.6457, -4.5793 -0.6357 4.6457, -4.566 -0.5741 4.6457, -4.565 -0.5512 4.6457
            ]
        }
        coordIndex [
            0,1,2,-1,2,3,0,-1,0,3,4,-1,0,4,5,-1,6,7,8,-1,6,9,7,-1,7,9,10,-1,7,10,11,-1,5,6,0,-1,0,6,8,-1,0,8,12,-1,12,8,13,-1,12,13,14,-1,14,13,15,-1,14,15,16,-1,16,15,17,-1,16,17,18,-1,18,17,19,-1,18,19,20,-1,20,19,21,-1,20,21,22,-1,22,21,23,-1,24,25,26,-1,26,25,27,-1,28,29,1,-1,30,7,31,-1,31,7,11,-1,30,32,7,-1,7,32,33,-1,7,33,34,-1,28,1,35,-1,27,36,26,-1,26,36,37,-1,26,37,38,-1,38,37,39,-1,29,40,1,-1,1,40,41,-1,1,41,2,-1,34,42,7,-1,7,42,43,-1,7,43,26,-1,26,43,44,-1,26,44,24,-1,45,46,47,-1,47,46,48,-1,47,48,49,-1,49,50,47,-1,47,50,51,-1,47,51,52,-1,39,53,38,-1,38,53,47,-1,38,47,54,-1,54,47,52,-1,45,55,46,-1,46,55,56,-1,46,56,1,-1,1,56,57,-1,1,57,35,-1,
        ]
    }
}
Shape{
    appearance Appearance {
        material  Material 	{
            diffuseColor 1.0 1.0 1.0
            specularColor 0.5019607843137255 0.5019607843137255 0.5019607843137255
            ambientIntensity 1.0
            transparency 0.0
            shininess 0.5
        }
    }
    geometry IndexedFaceSet {
        ccw TRUE
        solid FALSE
        coord DEF co Coordinate {
            point [
                -4.2912 -0.9224 4.6457, -4.2894 -0.9055 4.6457, -4.2894 -0.9055 5.9055, -4.2912 -0.9224 5.9055, -4.2969 -0.9392 5.9055, -4.2969 -0.9392 4.6457, -4.3063 -0.9543 5.9055, -4.3063 -0.9543 4.6457, -4.3188 -0.9669 5.9055, -4.3188 -0.9669 4.6457, -4.3338 -0.9764 5.9055, -4.3338 -0.9764 4.6457, -4.3505 -0.9823 5.9055, -4.3505 -0.9823 4.6457, -4.3681 -0.9843 5.9055, -4.3681 -0.9843 4.6457, -4.2894 -0.748 5.9055, -4.624 -0.748 5.9055, -4.624 -0.9843 5.9055, -4.2894 -0.6693 5.7087, -4.5938 -0.6693 5.7087, -4.6399 -0.7321 5.8658, -4.6076 -0.6919 5.7651, -4.6049 -0.6885 5.7566, -4.5793 -0.6357 5.7087, -4.2894 -0.4331 5.7087, -4.5938 -0.4331 5.7087, -4.5793 -0.4667 5.7087, -4.566 -0.5282 5.7087, -4.565 -0.5512 5.7087, -4.566 -0.5741 5.7087, -4.2894 -0.3543 5.9055, -4.624 -0.3543 5.9055, -4.6399 -0.3702 5.8658, -4.6086 -0.4111 5.7637, -4.6253 -0.3861 5.826, -4.2894 0.0787 5.9055, -4.624 0.0787 5.9055, -4.7028 0.0787 5.7087, -4.2894 0.0787 5.4094, -4.939 0.0787 5.7087, -5.3524 0.0787 5.4094, -5.0177 0.0787 5.9055, -5.3524 0.0787 5.9055, -5.3524 0.1575 5.2835, -4.2894 0.1575 5.2835
            ]
        }
        coordIndex [
            0,1,2,-1,2,3,0,-1,0,3,4,-1,0,4,5,-1,5,4,6,-1,5,6,7,-1,7,6,8,-1,7,8,9,-1,9,8,10,-1,9,10,11,-1,11,10,12,-1,11,12,13,-1,13,12,14,-1,13,14,15,-1,2,16,17,-1,6,4,8,-1,8,4,3,-1,8,3,10,-1,17,18,2,-1,2,18,14,-1,2,14,3,-1,3,14,12,-1,3,12,10,-1,16,19,20,-1,21,17,22,-1,22,17,16,-1,22,16,23,-1,23,16,20,-1,24,20,19,-1,25,26,27,-1,27,28,25,-1,25,28,29,-1,25,29,19,-1,19,29,30,-1,19,30,24,-1,31,32,33,-1,26,25,34,-1,34,25,31,-1,34,31,35,-1,35,31,33,-1,36,37,31,-1,31,37,32,-1,37,36,38,-1,38,36,39,-1,38,39,40,-1,40,39,41,-1,40,41,42,-1,42,41,43,-1,41,39,44,-1,44,39,45,-1,
        ]
    }
}
Shape{
    appearance Appearance {
        material  Material 	{
            diffuseColor 0.2235294117647059 0.2235294117647059 0.2235294117647059
            specularColor 0.11372549019607843 0.11372549019607843 0.11372549019607843
            ambientIntensity 0.2235
            transparency 0.0
            shininess 0.5
        }
    }
    geometry IndexedFaceSet {
        ccw TRUE
        solid FALSE
        coord DEF co Coordinate {
            point [
                -4.4532 0.3013 4.5285, -4.4532 0.3057 4.5148, -5.1885 0.3057 4.5148, -5.1885 0.3013 4.5285, -5.1885 0.2937 4.5413, -4.4532 0.2937 4.5413, -5.1885 0.2834 4.552, -4.4532 0.2834 4.552, -5.1885 0.2709 4.5602, -4.4532 0.2709 4.5602, -5.1885 0.2569 4.5652, -4.4532 0.2569 4.5652, -5.1885 0.2421 4.5669, -4.4532 0.2421 4.5669, -4.4056 0.3057 4.5148, -4.3809 0.3057 5.3147, -4.4532 0.3057 5.2362, -4.3914 0.3057 5.3131, -4.4512 0.3057 5.2538, -4.4453 0.3057 5.2706, -4.4358 0.3057 5.2856, -4.4232 0.3057 5.298, -4.4082 0.3057 5.3074
            ]
        }
        coordIndex [
            0,1,2,-1,2,3,0,-1,0,3,4,-1,0,4,5,-1,5,4,6,-1,5,6,7,-1,7,6,8,-1,7,8,9,-1,9,8,10,-1,9,10,11,-1,11,10,12,-1,11,12,13,-1,14,1,15,-1,15,1,16,-1,15,16,17,-1,17,16,18,-1,18,19,20,-1,20,21,18,-1,18,21,22,-1,18,22,17,-1,
        ]
    }
}
Shape{
    appearance Appearance {
        material  Material 	{
            diffuseColor 1.0 1.0 1.0
            specularColor 0.5019607843137255 0.5019607843137255 0.5019607843137255
            ambientIntensity 1.0
            transparency 0.0
            shininess 0.5
        }
    }
    geometry IndexedFaceSet {
        ccw TRUE
        solid FALSE
        coord DEF co Coordinate {
            point [
                -3.6398 0.0787 5.9055, -3.9744 0.0787 5.9055, -3.6398 -0.3543 5.9055, -3.9744 -0.3543 5.9055, -3.9744 -0.4331 5.7087, -3.6699 -0.4331 5.7087, -3.6239 -0.3702 5.8658, -3.6561 -0.4105 5.7651, -3.6589 -0.4139 5.7566, -3.6845 -0.4667 5.7087, -3.9744 -0.6693 5.7087, -3.6699 -0.6693 5.7087, -3.6845 -0.6357 5.7087, -3.6978 -0.5741 5.7087, -3.6988 -0.5512 5.7087, -3.6978 -0.5282 5.7087, -3.9744 -0.748 5.9055, -3.6398 -0.748 5.9055, -3.6239 -0.7321 5.8658, -3.6559 -0.6918 5.7649, -3.6489 -0.7031 5.7932, -3.9744 -0.9843 5.9055, -3.6398 -0.9843 5.9055, -3.561 -0.9843 5.7087, -3.561 -0.7782 5.7087, -3.564 -0.7763 5.7162, -3.6152 -0.7396 5.844, -3.5948 -0.7571 5.7932, -3.3248 -0.7782 5.7087, -3.3804 -0.7993 5.7087, -3.3248 -0.9843 5.7087, -3.4429 -0.8071 5.7087, -3.5054 -0.7993 5.7087, -3.3218 -0.7763 5.7162, -3.2461 -0.9843 5.9055, -3.291 -0.7571 5.7932, -3.2461 -0.748 5.9055, -3.262 -0.7321 5.8658, -3.2707 -0.7396 5.844
            ]
        }
        coordIndex [
            0,1,2,-1,2,1,3,-1,3,4,5,-1,6,2,7,-1,7,2,3,-1,7,3,8,-1,8,3,5,-1,9,5,4,-1,10,11,12,-1,12,13,10,-1,10,13,14,-1,10,14,4,-1,4,14,15,-1,4,15,9,-1,16,17,18,-1,11,10,19,-1,19,10,16,-1,19,16,20,-1,20,16,18,-1,21,22,16,-1,16,22,17,-1,23,24,25,-1,23,25,22,-1,18,17,26,-1,26,17,22,-1,26,22,27,-1,27,22,25,-1,28,29,30,-1,30,29,31,-1,30,31,23,-1,23,31,32,-1,23,32,24,-1,28,30,33,-1,33,30,34,-1,33,34,35,-1,36,37,34,-1,34,37,38,-1,34,38,35,-1,
        ]
    }
}
Shape{
    appearance Appearance {
        material  Material 	{
            diffuseColor 0.2235294117647059 0.2235294117647059 0.2235294117647059
            specularColor 0.11372549019607843 0.11372549019607843 0.11372549019607843
            ambientIntensity 0.2235
            transparency 0.0
            shininess 0.5
        }
    }
    geometry IndexedFaceSet {
        ccw TRUE
        solid FALSE
        coord DEF co Coordinate {
            point [
                -2.9114 -0.2962 4.6442, -2.9114 -0.315 4.6457, -3.3445 -0.315 4.6457, -3.3808 -0.3047 4.6449, -3.4033 -0.2983 4.6445, -3.443 -0.2969 4.6443, -3.4647 -0.2962 4.6442, -3.7972 -0.315 4.6457, -3.7972 -0.2962 4.6442, -3.5051 -0.3047 4.6451, -3.5261 -0.3092 4.6455, -3.5413 -0.315 4.6457, -2.9114 -0.2681 4.636, -3.7972 -0.2681 4.636, -2.9114 -0.2429 4.6211, -3.7972 -0.2429 4.6211, -2.9114 -0.2221 4.6005, -3.7972 -0.2221 4.6005, -2.9114 -0.207 4.5755, -3.7972 -0.207 4.5755, -2.9114 -0.1985 4.5475, -3.7972 -0.1985 4.5475, -2.9114 -0.1968 4.5276, -3.7972 -0.1968 4.5276, -3.6565 -0.6922 4.6457, -3.6156 -0.7401 4.6457, -3.7972 -0.9843 4.6457, -3.5642 -0.7765 4.6457, -3.2014 -0.4667 4.6457, -3.2293 -0.4102 4.6457, -3.6156 -0.3623 4.6457, -3.5642 -0.3258 4.6457, -3.6565 -0.4102 4.6457, -3.6845 -0.4667 4.6457, -3.6978 -0.5282 4.6457, -3.188 -0.5282 4.6457, -3.5054 -0.7993 4.6457, -3.4429 -0.8071 4.6457, -2.9902 -0.9843 4.6457, -3.3804 -0.7993 4.6457, -3.2703 -0.3623 4.6457, -3.3216 -0.3258 4.6457, -3.6988 -0.5512 4.6457, -3.6978 -0.5741 4.6457, -3.6845 -0.6357 4.6457, -3.2293 -0.6922 4.6457, -2.9114 -0.9055 4.6457, -3.2703 -0.7401 4.6457, -2.9133 -0.9224 4.6457, -2.919 -0.9392 4.6457, -2.9283 -0.9543 4.6457, -2.9408 -0.9669 4.6457, -2.9558 -0.9764 4.6457, -3.2014 -0.6357 4.6457, -3.188 -0.5741 4.6457, -3.187 -0.5512 4.6457, -3.3216 -0.7765 4.6457, -2.9725 -0.9823 4.6457
            ]
        }
        coordIndex [
            0,1,2,-1,2,3,0,-1,0,3,4,-1,0,4,5,-1,6,7,8,-1,6,9,7,-1,7,9,10,-1,7,10,11,-1,5,6,0,-1,0,6,8,-1,0,8,12,-1,12,8,13,-1,12,13,14,-1,14,13,15,-1,14,15,16,-1,16,15,17,-1,16,17,18,-1,18,17,19,-1,18,19,20,-1,20,19,21,-1,20,21,22,-1,22,21,23,-1,24,25,26,-1,26,25,27,-1,28,29,1,-1,30,7,31,-1,31,7,11,-1,30,32,7,-1,7,32,33,-1,7,33,34,-1,28,1,35,-1,27,36,26,-1,26,36,37,-1,26,37,38,-1,38,37,39,-1,29,40,1,-1,1,40,41,-1,1,41,2,-1,34,42,7,-1,7,42,43,-1,7,43,26,-1,26,43,44,-1,26,44,24,-1,45,46,47,-1,47,46,48,-1,47,48,49,-1,49,50,47,-1,47,50,51,-1,47,51,52,-1,45,53,46,-1,46,53,54,-1,46,54,1,-1,1,54,55,-1,1,55,35,-1,39,56,38,-1,38,56,47,-1,38,47,57,-1,57,47,52,-1,
        ]
    }
}
Shape{
    appearance Appearance {
        material  Material 	{
            diffuseColor 1.0 1.0 1.0
            specularColor 0.5019607843137255 0.5019607843137255 0.5019607843137255
            ambientIntensity 1.0
            transparency 0.0
            shininess 0.5
        }
    }
    geometry IndexedFaceSet {
        ccw TRUE
        solid FALSE
        coord DEF co Coordinate {
            point [
                -2.9133 -0.9224 4.6457, -2.9114 -0.9055 4.6457, -2.9114 -0.9055 5.9055, -2.9133 -0.9224 5.9055, -2.919 -0.9392 5.9055, -2.919 -0.9392 4.6457, -2.9283 -0.9543 5.9055, -2.9283 -0.9543 4.6457, -2.9408 -0.9669 5.9055, -2.9408 -0.9669 4.6457, -2.9558 -0.9764 5.9055, -2.9558 -0.9764 4.6457, -2.9725 -0.9823 5.9055, -2.9725 -0.9823 4.6457, -2.9902 -0.9843 5.9055, -2.9902 -0.9843 4.6457, -2.9114 -0.748 5.9055, -3.2461 -0.748 5.9055, -3.2461 -0.9843 5.9055, -2.9114 -0.6693 5.7087, -3.2159 -0.6693 5.7087, -3.262 -0.7321 5.8658, -3.2297 -0.6919 5.7651, -3.2269 -0.6885 5.7566, -3.2014 -0.6357 5.7087, -2.9114 -0.4331 5.7087, -3.2159 -0.4331 5.7087, -3.2014 -0.4667 5.7087, -3.188 -0.5282 5.7087, -3.187 -0.5512 5.7087, -3.188 -0.5741 5.7087, -2.9114 -0.3543 5.9055, -3.2461 -0.3543 5.9055, -3.262 -0.3702 5.8658, -3.2306 -0.4111 5.7637, -3.2473 -0.3861 5.826, -2.9114 0.0787 5.9055, -3.2461 0.0787 5.9055, -3.3248 0.0787 5.7087, -2.9114 0.0787 5.4094, -3.561 0.0787 5.7087, -3.9744 0.0787 5.4094, -3.6398 0.0787 5.9055, -3.9744 0.0787 5.9055, -3.9744 0.1575 5.2835, -2.9114 0.1575 5.2835, -5.6516 0.631 0.8937, -5.6476 0.631 0.8937, -5.6476 0.6326 0.8937, -5.6516 0.6326 0.8937, -5.6476 0.6411 0.8951, -5.6516 0.6411 0.8951, -5.6476 0.6497 0.8988, -5.6516 0.6497 0.8988, -5.6476 0.6569 0.9043, -5.6516 0.6569 0.9043, -5.6476 0.6624 0.9111, -5.6516 0.6624 0.9111, -5.6476 0.6661 0.919, -5.6516 0.6661 0.919, -5.6476 0.6679 0.9279, -5.6516 0.6679 0.9279, -5.6476 0.6674 0.9372, -5.6516 0.6674 0.9372, -5.6476 0.6646 0.9461, -5.6516 0.6646 0.9461, -5.6476 0.6597 0.954, -5.6516 0.6597 0.954, -5.6476 0.6559 0.9579, -5.6516 0.6559 0.9579, -5.6476 0.6485 0.9632, -5.6516 0.6485 0.9632, -5.6476 0.6402 0.9665, -5.6516 0.6402 0.9665, -5.6476 0.631 0.9677, -5.6516 0.631 0.9677, -5.6476 0.6231 0.9668, -5.6516 0.6231 0.9668, -5.6476 0.6143 0.9636, -5.6516 0.6143 0.9636, -5.6476 0.6066 0.9585, -5.6516 0.6066 0.9585, -5.6476 0.6005 0.9517, -5.6516 0.6005 0.9517, -5.6476 0.5964 0.9439, -5.6516 0.5964 0.9439, -5.6476 0.5942 0.9351, -5.6516 0.5942 0.9351, -5.6476 0.5942 0.9264, -5.6516 0.5942 0.9264, -5.6476 0.5965 0.9173, -5.6516 0.5965 0.9173, -5.6476 0.6009 0.9091, -5.6516 0.6009 0.9091, -5.6476 0.606 0.9033, -5.6516 0.606 0.9033, -5.6476 0.6132 0.8982, -5.6516 0.6132 0.8982, -5.6476 0.6215 0.8949, -5.6516 0.6215 0.8949, -5.6516 -0.3625 0.915, -5.6516 -0.3819 0.915, -5.6476 -0.3625 0.915, -5.6476 -0.3819 0.915, -5.6516 -0.4216 0.9289, -5.6476 -0.4216 0.9289, -5.6476 -0.4195 0.927, -5.6516 -0.4195 0.927, -5.6476 -0.4107 0.9212, -5.6516 -0.4107 0.9212, -5.6476 -0.3995 0.917, -5.6516 -0.3995 0.917, -5.6516 -0.4358 0.9678, -5.6476 -0.4358 0.9678, -5.6476 -0.4355 0.9602, -5.6516 -0.4355 0.9602, -5.6476 -0.433 0.9478, -5.6516 -0.433 0.9478, -5.6476 -0.4285 0.9377, -5.6516 -0.4285 0.9377, -5.6516 -0.4212 1.0054, -5.6476 -0.4212 1.0054, -5.6476 -0.4249 1.0017, -5.6516 -0.4249 1.0017, -5.6476 -0.4301 0.9942, -5.6516 -0.4301 0.9942, -5.6476 -0.4339 0.9844, -5.6516 -0.4339 0.9844, -5.6516 -0.3827 1.0179, -5.6476 -0.3827 1.0179, -5.6476 -0.3992 1.0162, -5.6516 -0.3992 1.0162, -5.6476 -0.4109 1.0121, -5.6516 -0.4109 1.0121, -5.6516 -0.3625 1.0179, -5.6476 -0.3625 1.0179, -5.6516 -0.3763 1.1631, -5.6516 -0.3562 1.2186, -5.6476 -0.3763 1.1631, -5.6476 -0.3562 1.2186, -5.6516 -0.3541 1.2279, -5.6476 -0.3541 1.2279, -5.6476 -0.3552 1.2223, -5.6516 -0.3552 1.2223, -5.6516 -0.3537 1.2279, -5.6476 -0.3537 1.2279, -5.6516 -0.3515 1.2186, -5.6476 -0.3515 1.2186, -5.6476 -0.3527 1.2225, -5.6516 -0.3527 1.2225, -5.6516 -0.3315 1.1631, -5.6476 -0.3315 1.1631
            ]
        }
        coordIndex [
            0,1,2,-1,2,3,0,-1,0,3,4,-1,0,4,5,-1,5,4,6,-1,5,6,7,-1,7,6,8,-1,7,8,9,-1,9,8,10,-1,9,10,11,-1,11,10,12,-1,11,12,13,-1,13,12,14,-1,13,14,15,-1,2,16,17,-1,17,18,2,-1,2,18,14,-1,2,14,3,-1,3,14,4,-1,10,8,6,-1,4,14,6,-1,6,14,12,-1,6,12,10,-1,16,19,20,-1,21,17,22,-1,22,17,16,-1,22,16,23,-1,23,16,20,-1,24,20,19,-1,25,26,27,-1,27,28,25,-1,25,28,29,-1,25,29,19,-1,19,29,30,-1,19,30,24,-1,31,32,33,-1,26,25,34,-1,34,25,31,-1,34,31,35,-1,35,31,33,-1,36,37,31,-1,31,37,32,-1,37,36,38,-1,38,36,39,-1,38,39,40,-1,40,39,41,-1,40,41,42,-1,42,41,43,-1,41,39,44,-1,44,39,45,-1,46,47,48,-1,46,48,49,-1,49,48,50,-1,49,50,51,-1,51,50,52,-1,51,52,53,-1,53,52,54,-1,53,54,55,-1,55,54,56,-1,55,56,57,-1,57,56,58,-1,57,58,59,-1,59,58,60,-1,59,60,61,-1,61,60,62,-1,61,62,63,-1,63,62,64,-1,63,64,65,-1,65,64,66,-1,65,66,67,-1,67,66,68,-1,67,68,69,-1,69,68,70,-1,69,70,71,-1,71,70,72,-1,71,72,73,-1,73,72,74,-1,73,74,75,-1,75,74,76,-1,75,76,77,-1,77,76,78,-1,77,78,79,-1,79,78,80,-1,79,80,81,-1,81,80,82,-1,81,82,83,-1,83,82,84,-1,83,84,85,-1,85,84,86,-1,85,86,87,-1,87,86,88,-1,87,88,89,-1,89,88,90,-1,89,90,91,-1,91,90,92,-1,91,92,93,-1,93,92,94,-1,93,94,95,-1,95,94,96,-1,95,96,97,-1,97,96,98,-1,97,98,99,-1,99,98,47,-1,99,47,46,-1,100,101,102,-1,102,101,103,-1,104,105,106,-1,104,106,107,-1,107,106,108,-1,107,108,109,-1,109,108,110,-1,109,110,111,-1,111,110,103,-1,111,103,101,-1,112,113,114,-1,112,114,115,-1,115,114,116,-1,115,116,117,-1,117,116,118,-1,117,118,119,-1,119,118,105,-1,119,105,104,-1,120,121,122,-1,120,122,123,-1,123,122,124,-1,123,124,125,-1,125,124,126,-1,125,126,127,-1,127,126,113,-1,127,113,112,-1,128,129,130,-1,128,130,131,-1,131,130,132,-1,131,132,133,-1,133,132,121,-1,133,121,120,-1,128,134,129,-1,129,134,135,-1,134,100,135,-1,135,100,102,-1,136,137,138,-1,138,137,139,-1,140,141,142,-1,140,142,143,-1,143,142,139,-1,143,139,137,-1,140,144,141,-1,141,144,145,-1,146,147,148,-1,146,148,149,-1,149,148,145,-1,149,145,144,-1,146,150,147,-1,147,150,151,-1,150,136,151,-1,151,136,138,-1,
        ]
    }
}
Shape{
    appearance Appearance {
        material  Material 	{
            diffuseColor 0.2235294117647059 0.2235294117647059 0.2235294117647059
            specularColor 0.11372549019607843 0.11372549019607843 0.11372549019607843
            ambientIntensity 0.2235
            transparency 0.0
            shininess 0.5
        }
    }
    geometry IndexedFaceSet {
        ccw TRUE
        solid FALSE
        coord DEF co Coordinate {
            point [
                -5.1904 0.3057 5.2532, -5.1885 0.3057 5.2362, -5.2503 0.3057 5.3131, -5.1885 0.3057 4.5148, -5.2361 0.3057 4.5148, -5.2608 0.3057 5.3147, -5.2334 0.3057 5.3073, -5.2183 0.3057 5.2978, -5.2056 0.3057 5.2852, -5.1962 0.3057 5.2701
            ]
        }
        coordIndex [
            0,1,2,-1,3,4,1,-1,1,4,5,-1,1,5,2,-1,6,7,8,-1,6,8,2,-1,2,8,9,-1,2,9,0,-1,
        ]
    }
}
Shape{
    appearance Appearance {
        material  Material 	{
            diffuseColor 1.0 1.0 1.0
            specularColor 0.5019607843137255 0.5019607843137255 0.5019607843137255
            ambientIntensity 1.0
            transparency 0.0
            shininess 0.5
        }
    }
    geometry IndexedFaceSet {
        ccw TRUE
        solid FALSE
        coord DEF co Coordinate {
            point [
                -5.6516 -0.1954 1.1267, -5.6516 -0.2148 1.1267, -5.6476 -0.1954 1.1267, -5.6476 -0.2148 1.1267, -5.6516 -0.2544 1.1406, -5.6476 -0.2544 1.1406, -5.6476 -0.2524 1.1387, -5.6516 -0.2524 1.1387, -5.6476 -0.2436 1.1329, -5.6516 -0.2436 1.1329, -5.6476 -0.2324 1.1287, -5.6516 -0.2324 1.1287, -5.6516 -0.2687 1.1795, -5.6476 -0.2687 1.1795, -5.6476 -0.2684 1.1719, -5.6516 -0.2684 1.1719, -5.6476 -0.2659 1.1595, -5.6516 -0.2659 1.1595, -5.6476 -0.2614 1.1494, -5.6516 -0.2614 1.1494, -5.6516 -0.2541 1.2171, -5.6476 -0.2541 1.2171, -5.6476 -0.2578 1.2134, -5.6516 -0.2578 1.2134, -5.6476 -0.263 1.2059, -5.6516 -0.263 1.2059, -5.6476 -0.2667 1.1961, -5.6516 -0.2667 1.1961, -5.6516 -0.2156 1.2296, -5.6476 -0.2156 1.2296, -5.6476 -0.2321 1.2279, -5.6516 -0.2321 1.2279, -5.6476 -0.2438 1.2238, -5.6516 -0.2438 1.2238, -5.6516 -0.1954 1.2296, -5.6476 -0.1954 1.2296, -5.6516 0.0117 0.9156, -5.6476 0.0117 0.9156, -5.6476 0.0131 0.917, -5.6516 0.0131 0.917, -5.6476 0.015 0.9198, -5.6516 0.015 0.9198, -5.6476 0.0161 0.9229, -5.6516 0.0161 0.9229, -5.6476 0.0165 0.9267, -5.6516 0.0165 0.9267, -5.6516 -0.0011 0.9113, -5.6476 -0.0011 0.9113, -5.6476 0.0046 0.9119, -5.6516 0.0046 0.9119, -5.6476 0.0084 0.9133, -5.6516 0.0084 0.9133, -5.6516 -0.0192 0.919, -5.6476 -0.0192 0.919, -5.6476 -0.0171 0.917, -5.6516 -0.0171 0.917, -5.6476 -0.0124 0.9138, -5.6516 -0.0124 0.9138, -5.6476 -0.0073 0.912, -5.6516 -0.0073 0.912, -5.6516 -0.0264 0.9385, -5.6476 -0.0264 0.9385, -5.6476 -0.0264 0.9374, -5.6516 -0.0264 0.9374, -5.6476 -0.0253 0.9299, -5.6516 -0.0253 0.9299, -5.6476 -0.0228 0.924, -5.6516 -0.0228 0.924, -5.6516 -0.0264 0.9476, -5.6476 -0.0264 0.9476, -5.6516 -0.0041 0.9446, -5.6476 -0.0041 0.9446, -5.6516 0.0121 0.9388, -5.6476 0.0121 0.9388, -5.6476 0.0095 0.9407, -5.6516 0.0095 0.9407, -5.6476 0.0053 0.9426, -5.6516 0.0053 0.9426, -5.6476 0.0164 0.9293, -5.6516 0.0164 0.9293, -5.6476 0.0156 0.9332, -5.6516 0.0156 0.9332, -5.6476 0.0141 0.9363, -5.6516 0.0141 0.9363, -5.6516 -0.5435 0.9514, -5.6516 -0.5233 1.0069, -5.6476 -0.5435 0.9514, -5.6476 -0.5233 1.0069, -5.6516 -0.5212 1.0162, -5.6476 -0.5212 1.0162, -5.6476 -0.5223 1.0106, -5.6516 -0.5223 1.0106, -5.6516 -0.5208 1.0162, -5.6476 -0.5208 1.0162, -5.6516 -0.5186 1.0069, -5.6476 -0.5186 1.0069, -5.6476 -0.5198 1.0108, -5.6516 -0.5198 1.0108, -5.6516 -0.4987 0.9514, -5.6476 -0.4987 0.9514
            ]
        }
        coordIndex [
            0,1,2,-1,2,1,3,-1,4,5,6,-1,4,6,7,-1,7,6,8,-1,7,8,9,-1,9,8,10,-1,9,10,11,-1,11,10,3,-1,11,3,1,-1,12,13,14,-1,12,14,15,-1,15,14,16,-1,15,16,17,-1,17,16,18,-1,17,18,19,-1,19,18,5,-1,19,5,4,-1,20,21,22,-1,20,22,23,-1,23,22,24,-1,23,24,25,-1,25,24,26,-1,25,26,27,-1,27,26,13,-1,27,13,12,-1,28,29,30,-1,28,30,31,-1,31,30,32,-1,31,32,33,-1,33,32,21,-1,33,21,20,-1,28,34,29,-1,29,34,35,-1,34,0,35,-1,35,0,2,-1,36,37,38,-1,36,38,39,-1,39,38,40,-1,39,40,41,-1,41,40,42,-1,41,42,43,-1,43,42,44,-1,43,44,45,-1,46,47,48,-1,46,48,49,-1,49,48,50,-1,49,50,51,-1,51,50,37,-1,51,37,36,-1,52,53,54,-1,52,54,55,-1,55,54,56,-1,55,56,57,-1,57,56,58,-1,57,58,59,-1,59,58,47,-1,59,47,46,-1,60,61,62,-1,60,62,63,-1,63,62,64,-1,63,64,65,-1,65,64,66,-1,65,66,67,-1,67,66,53,-1,67,53,52,-1,60,68,61,-1,61,68,69,-1,68,70,69,-1,69,70,71,-1,72,73,74,-1,72,74,75,-1,75,74,76,-1,75,76,77,-1,77,76,71,-1,77,71,70,-1,45,44,78,-1,45,78,79,-1,79,78,80,-1,79,80,81,-1,81,80,82,-1,81,82,83,-1,83,82,73,-1,83,73,72,-1,84,85,86,-1,86,85,87,-1,88,89,90,-1,88,90,91,-1,91,90,87,-1,91,87,85,-1,88,92,89,-1,89,92,93,-1,94,95,96,-1,94,96,97,-1,97,96,93,-1,97,93,92,-1,94,98,95,-1,95,98,99,-1,98,84,99,-1,99,84,86,-1,
        ]
    }
}
Shape{
    appearance Appearance {
        material  Material 	{
            diffuseColor 0.6666666666666666 0.6980392156862745 0.7686274509803922
            specularColor 0.3333333333333333 0.34901960784313724 0.3843137254901961
            ambientIntensity 0.6967
            transparency 0.0
            shininess 0.5
        }
    }
    geometry IndexedFaceSet {
        ccw TRUE
        solid FALSE
        coord DEF co Coordinate {
            point [
                -4.6634 -1.2402 0.0, -4.9783 -1.2402 0.0, -4.9783 -1.1876 0.0059, -4.6634 -1.1876 0.0059, -4.9783 -1.1377 0.0234, -4.6634 -1.1377 0.0234, -4.9783 -1.0929 0.0515, -4.6634 -1.0929 0.0515, -4.9783 -1.0555 0.0889, -4.6634 -1.0555 0.0889, -4.9783 -1.0273 0.1337, -4.6634 -1.0273 0.1337, -4.9783 -1.0099 0.1837, -4.6634 -1.0099 0.1837, -4.9783 -1.0039 0.2362, -4.6634 -1.0039 0.2362, -4.6634 -2.0669 0.1575, -4.6634 -2.0669 0.0, -4.6634 -1.2402 0.1575, -4.6634 -1.2226 0.1595, -4.6634 -1.206 0.1653, -4.6634 -1.1911 0.1747, -4.6634 -1.1786 0.1871, -4.6634 -1.1692 0.2021, -4.6634 -1.1634 0.2187, -4.6634 -1.1614 0.2362, -4.6634 -1.1614 0.6114, -4.6634 -1.0039 0.6114, -4.9783 -1.1614 0.2362, -4.9783 -1.1634 0.2187, -4.9783 -1.1692 0.2021, -4.9783 -1.1786 0.1871, -4.9783 -1.1911 0.1747, -4.9783 -1.206 0.1653, -4.9783 -1.2226 0.1595, -4.9783 -1.2402 0.1575, -4.9783 -1.1614 0.6114, -4.9783 -1.0039 0.6114, -4.9783 -2.0669 0.1575, -4.9783 -2.0669 0.0, -4.6634 1.2598 0.1575, -4.9783 1.2598 0.1575, -4.6634 1.2423 0.1595, -4.9783 1.2423 0.1595, -4.6634 1.2257 0.1653, -4.9783 1.2257 0.1653, -4.6634 1.2107 0.1747, -4.9783 1.2107 0.1747, -4.6634 1.1983 0.1871, -4.9783 1.1983 0.1871, -4.6634 1.1889 0.2021, -4.9783 1.1889 0.2021, -4.6634 1.1831 0.2187, -4.9783 1.1831 0.2187, -4.6634 1.1811 0.2362, -4.9783 1.1811 0.2362, -4.6634 1.1811 0.6114, -4.6634 1.0236 0.6114, -4.6634 1.0236 0.2362, -4.6634 1.0295 0.1837, -4.6634 1.047 0.1337, -4.6634 1.0752 0.0889, -4.6634 1.1126 0.0515, -4.6634 1.1574 0.0234, -4.6634 1.2073 0.0059, -4.6634 1.2598 0.0, -4.6634 2.0669 0.1575, -4.6634 2.0669 0.0, -4.9783 1.0236 0.2362, -4.9783 1.0295 0.1837, -4.9783 1.047 0.1337, -4.9783 1.0752 0.0889, -4.9783 1.1126 0.0515, -4.9783 1.1574 0.0234, -4.9783 1.2073 0.0059, -4.9783 1.2598 0.0, -4.9783 2.0669 0.1575, -4.9783 2.0669 0.0, -4.9783 1.1811 0.6114, -4.9783 1.0236 0.6114, -3.2854 -1.2402 0.0, -3.6004 -1.2402 0.0, -3.6004 -1.1876 0.0059, -3.2854 -1.1876 0.0059, -3.6004 -1.1377 0.0234, -3.2854 -1.1377 0.0234, -3.6004 -1.0929 0.0515, -3.2854 -1.0929 0.0515, -3.6004 -1.0555 0.0889, -3.2854 -1.0555 0.0889, -3.6004 -1.0273 0.1337, -3.2854 -1.0273 0.1337, -3.6004 -1.0099 0.1837, -3.2854 -1.0099 0.1837, -3.6004 -1.0039 0.2362, -3.2854 -1.0039 0.2362, -3.2854 -2.0669 0.1575, -3.2854 -2.0669 0.0, -3.2854 -1.2402 0.1575, -3.2854 -1.2226 0.1595, -3.2854 -1.206 0.1653, -3.2854 -1.1911 0.1747, -3.2854 -1.1786 0.1871, -3.2854 -1.1692 0.2021, -3.2854 -1.1634 0.2187, -3.2854 -1.1614 0.2362, -3.2854 -1.1614 0.6114, -3.2854 -1.0039 0.6114, -3.6004 -1.1614 0.2362, -3.6004 -1.1634 0.2187, -3.6004 -1.1692 0.2021, -3.6004 -1.1786 0.1871, -3.6004 -1.1911 0.1747, -3.6004 -1.206 0.1653, -3.6004 -1.2226 0.1595, -3.6004 -1.2402 0.1575, -3.6004 -1.1614 0.6114, -3.6004 -1.0039 0.6114, -3.6004 -2.0669 0.1575, -3.6004 -2.0669 0.0, -3.2854 1.2598 0.1575, -3.6004 1.2598 0.1575, -3.2854 1.2423 0.1595, -3.6004 1.2423 0.1595, -3.2854 1.2257 0.1653, -3.6004 1.2257 0.1653, -3.2854 1.2107 0.1747, -3.6004 1.2107 0.1747, -3.2854 1.1983 0.1871, -3.6004 1.1983 0.1871, -3.2854 1.1889 0.2021, -3.6004 1.1889 0.2021, -3.2854 1.1831 0.2187, -3.6004 1.1831 0.2187, -3.2854 1.1811 0.2362, -3.6004 1.1811 0.2362, -3.2854 1.1811 0.6114, -3.2854 1.0236 0.6114, -3.2854 1.0236 0.2362, -3.2854 1.0295 0.1837, -3.2854 1.047 0.1337, -3.2854 1.0752 0.0889, -3.2854 1.1126 0.0515, -3.2854 1.1574 0.0234, -3.2854 1.2073 0.0059, -3.2854 1.2598 0.0, -3.2854 2.0669 0.1575, -3.2854 2.0669 0.0, -3.6004 1.0236 0.2362, -3.6004 1.0295 0.1837, -3.6004 1.047 0.1337, -3.6004 1.0752 0.0889, -3.6004 1.1126 0.0515, -3.6004 1.1574 0.0234, -3.6004 1.2073 0.0059, -3.6004 1.2598 0.0, -3.6004 2.0669 0.1575, -3.6004 2.0669 0.0, -3.6004 1.1811 0.6114, -3.6004 1.0236 0.6114
            ]
        }
        coordIndex [
            0,1,2,-1,0,2,3,-1,3,2,4,-1,3,4,5,-1,5,4,6,-1,5,6,7,-1,7,6,8,-1,7,8,9,-1,9,8,10,-1,9,10,11,-1,11,10,12,-1,11,12,13,-1,13,12,14,-1,13,14,15,-1,16,17,18,-1,18,17,0,-1,18,0,19,-1,19,0,3,-1,19,3,20,-1,20,3,5,-1,20,5,21,-1,21,5,7,-1,21,7,22,-1,22,7,9,-1,22,9,23,-1,23,9,11,-1,23,11,24,-1,24,11,13,-1,24,13,25,-1,25,13,15,-1,25,15,26,-1,26,15,27,-1,25,28,24,-1,24,28,29,-1,24,29,23,-1,23,29,30,-1,23,30,22,-1,22,30,31,-1,22,31,21,-1,21,31,32,-1,21,32,20,-1,20,32,33,-1,20,33,19,-1,19,33,34,-1,19,34,18,-1,18,34,35,-1,36,37,28,-1,28,37,14,-1,28,14,29,-1,29,14,12,-1,29,12,30,-1,30,12,10,-1,30,10,31,-1,31,10,8,-1,31,8,32,-1,32,8,6,-1,32,6,33,-1,33,6,4,-1,33,4,34,-1,34,4,2,-1,34,2,35,-1,35,2,1,-1,35,1,38,-1,38,1,39,-1,40,41,42,-1,42,41,43,-1,42,43,44,-1,44,43,45,-1,44,45,46,-1,46,45,47,-1,46,47,48,-1,48,47,49,-1,48,49,50,-1,50,49,51,-1,50,51,52,-1,52,51,53,-1,52,53,54,-1,54,53,55,-1,56,57,54,-1,54,57,58,-1,54,58,52,-1,52,58,59,-1,52,59,50,-1,50,59,60,-1,50,60,48,-1,48,60,61,-1,48,61,46,-1,46,61,62,-1,46,62,44,-1,44,62,63,-1,44,63,42,-1,42,63,64,-1,42,64,40,-1,40,64,65,-1,40,65,66,-1,66,65,67,-1,58,68,69,-1,58,69,59,-1,59,69,70,-1,59,70,60,-1,60,70,71,-1,60,71,61,-1,61,71,72,-1,61,72,62,-1,62,72,73,-1,62,73,63,-1,63,73,74,-1,63,74,64,-1,64,74,75,-1,64,75,65,-1,76,77,41,-1,41,77,75,-1,41,75,43,-1,43,75,74,-1,43,74,45,-1,45,74,73,-1,45,73,47,-1,47,73,72,-1,47,72,49,-1,49,72,71,-1,49,71,51,-1,51,71,70,-1,51,70,53,-1,53,70,69,-1,53,69,55,-1,55,69,68,-1,55,68,78,-1,78,68,79,-1,80,81,82,-1,80,82,83,-1,83,82,84,-1,83,84,85,-1,85,84,86,-1,85,86,87,-1,87,86,88,-1,87,88,89,-1,89,88,90,-1,89,90,91,-1,91,90,92,-1,91,92,93,-1,93,92,94,-1,93,94,95,-1,96,97,98,-1,98,97,80,-1,98,80,99,-1,99,80,83,-1,99,83,100,-1,100,83,85,-1,100,85,101,-1,101,85,87,-1,101,87,102,-1,102,87,89,-1,102,89,103,-1,103,89,91,-1,103,91,104,-1,104,91,93,-1,104,93,105,-1,105,93,95,-1,105,95,106,-1,106,95,107,-1,105,108,104,-1,104,108,109,-1,104,109,103,-1,103,109,110,-1,103,110,102,-1,102,110,111,-1,102,111,101,-1,101,111,112,-1,101,112,100,-1,100,112,113,-1,100,113,99,-1,99,113,114,-1,99,114,98,-1,98,114,115,-1,116,117,108,-1,108,117,94,-1,108,94,109,-1,109,94,92,-1,109,92,110,-1,110,92,90,-1,110,90,111,-1,111,90,88,-1,111,88,112,-1,112,88,86,-1,112,86,113,-1,113,86,84,-1,113,84,114,-1,114,84,82,-1,114,82,115,-1,115,82,81,-1,115,81,118,-1,118,81,119,-1,120,121,122,-1,122,121,123,-1,122,123,124,-1,124,123,125,-1,124,125,126,-1,126,125,127,-1,126,127,128,-1,128,127,129,-1,128,129,130,-1,130,129,131,-1,130,131,132,-1,132,131,133,-1,132,133,134,-1,134,133,135,-1,136,137,134,-1,134,137,138,-1,134,138,132,-1,132,138,139,-1,132,139,130,-1,130,139,140,-1,130,140,128,-1,128,140,141,-1,128,141,126,-1,126,141,142,-1,126,142,124,-1,124,142,143,-1,124,143,122,-1,122,143,144,-1,122,144,120,-1,120,144,145,-1,120,145,146,-1,146,145,147,-1,138,148,149,-1,138,149,139,-1,139,149,150,-1,139,150,140,-1,140,150,151,-1,140,151,141,-1,141,151,152,-1,141,152,142,-1,142,152,153,-1,142,153,143,-1,143,153,154,-1,143,154,144,-1,144,154,155,-1,144,155,145,-1,156,157,121,-1,121,157,155,-1,121,155,123,-1,123,155,154,-1,123,154,125,-1,125,154,153,-1,125,153,127,-1,127,153,152,-1,127,152,129,-1,129,152,151,-1,129,151,131,-1,131,151,150,-1,131,150,133,-1,133,150,149,-1,133,149,135,-1,135,149,148,-1,135,148,158,-1,158,148,159,-1,
        ]
    }
}
Shape{
    appearance Appearance {
        material  Material 	{
            diffuseColor 0.2235294117647059 0.2235294117647059 0.2235294117647059
            specularColor 0.11372549019607843 0.11372549019607843 0.11372549019607843
            ambientIntensity 0.2235
            transparency 0.0
            shininess 0.5
        }
    }
    geometry IndexedFaceSet {
        ccw TRUE
        solid FALSE
        coord DEF co Coordinate {
            point [
                -5.2874 0.3661 4.2126, -5.3199 0.3476 4.3055, -4.3543 0.3661 4.2126, -5.3131 0.3389 4.349, -5.3025 0.3308 4.3893, -5.2834 0.3163 4.4619, -5.2813 0.3155 4.4659, -5.2667 0.3099 4.4938, -5.2558 0.3074 4.5063, -5.2555 0.3074 4.5065, -5.2481 0.3063 4.5117, -4.3863 0.3074 4.5064, -4.3849 0.3076 4.5053, -4.3743 0.3101 4.4927, -4.3604 0.3154 4.4661, -4.3589 0.316 4.4632, -4.3403 0.3319 4.3839, -4.3218 0.3476 4.3055, -5.2421 0.3059 4.514, -5.2361 0.3057 4.5148, -5.1885 0.3057 4.5148, -4.4532 0.3057 4.5148, -4.4056 0.3057 4.5148, -4.404 0.3057 4.5147, -4.3984 0.3059 4.5136, -4.3922 0.3065 4.5109, -4.3543 1.1181 4.2126, -5.2874 1.1181 4.2126, -3.0753 0.3013 4.5285, -3.0753 0.3057 4.5148, -3.8106 0.3057 4.5148, -3.8106 0.3013 4.5285, -3.8106 0.2937 4.5413, -3.0753 0.2937 4.5413, -3.8106 0.2834 4.552, -3.0753 0.2834 4.552, -3.8106 0.2709 4.5602, -3.0753 0.2709 4.5602, -3.8106 0.2569 4.5652, -3.0753 0.2569 4.5652, -3.8106 0.2421 4.5669, -3.0753 0.2421 4.5669, -3.8126 0.3057 5.2538, -3.8106 0.3057 5.2362, -3.8724 0.3057 5.3131, -3.8582 0.3057 4.5148, -3.8829 0.3057 5.3147, -3.8405 0.3057 5.298, -3.8279 0.3057 5.2856, -3.8185 0.3057 5.2706, -3.8556 0.3057 5.3074, -2.9764 0.3661 4.2126, -2.9764 1.1181 4.2126, -3.9094 0.3661 4.2126, -3.9094 1.1181 4.2126
            ]
        }
        coordIndex [
            0,1,2,-1,2,1,3,-1,2,3,4,-1,4,5,2,-1,2,5,6,-1,2,6,7,-1,7,8,2,-1,2,8,9,-1,2,9,10,-1,11,12,2,-1,2,12,13,-1,2,13,14,-1,14,15,2,-1,2,15,16,-1,2,16,17,-1,10,18,2,-1,2,18,19,-1,2,19,20,-1,20,21,2,-1,2,21,22,-1,2,22,23,-1,23,24,2,-1,2,24,25,-1,2,25,11,-1,2,26,0,-1,0,26,27,-1,28,29,30,-1,30,31,28,-1,28,31,32,-1,28,32,33,-1,33,32,34,-1,33,34,35,-1,35,34,36,-1,35,36,37,-1,37,36,38,-1,37,38,39,-1,39,38,40,-1,39,40,41,-1,42,43,44,-1,30,45,43,-1,43,45,46,-1,43,46,44,-1,47,48,49,-1,42,44,49,-1,49,44,50,-1,49,50,47,-1,51,52,53,-1,53,52,54,-1,
        ]
    }
}
Shape{
    appearance Appearance {
        material  Material 	{
            diffuseColor 1.0 1.0 1.0
            specularColor 0.5019607843137255 0.5019607843137255 0.5019607843137255
            ambientIntensity 1.0
            transparency 0.0
            shininess 0.5
        }
    }
    geometry IndexedFaceSet {
        ccw TRUE
        solid FALSE
        coord DEF co Coordinate {
            point [
                -5.3524 0.0787 5.4094, -5.3524 0.1575 5.2835, -5.3524 0.1575 4.2126, -5.3524 -0.4331 5.7087, -5.3524 -0.3543 5.9055, -5.3524 0.0787 5.9055, -5.3524 -0.6693 5.7087, -5.3524 -0.9843 4.2126, -5.3524 -0.748 5.9055, -5.3524 -0.9843 5.9055, -5.1752 -0.9843 4.6457, -5.1752 -0.9843 4.2126, -5.0177 -0.9843 5.9055, -4.939 -0.9843 5.7087, -4.7028 -0.9843 5.7087, -4.3681 -0.9843 4.6457, -4.624 -0.9843 5.9055, -4.3681 -0.9843 5.9055
            ]
        }
        coordIndex [
            0,1,2,-1,3,4,5,-1,5,0,3,-1,3,0,2,-1,3,2,6,-1,6,2,7,-1,6,7,8,-1,8,7,9,-1,9,7,10,-1,10,7,11,-1,12,9,13,-1,13,9,10,-1,13,10,14,-1,14,10,15,-1,14,15,16,-1,16,15,17,-1,
        ]
    }
}
Shape{
    appearance Appearance {
        material  Material 	{
            diffuseColor 0.2235294117647059 0.2235294117647059 0.2235294117647059
            specularColor 0.11372549019607843 0.11372549019607843 0.11372549019607843
            ambientIntensity 0.2235
            transparency 0.0
            shininess 0.5
        }
    }
    geometry IndexedFaceSet {
        ccw TRUE
        solid FALSE
        coord DEF co Coordinate {
            point [
                -5.1752 -0.315 4.6457, -5.1752 -0.9843 4.6457, -5.1752 -0.9843 4.2126, -5.1752 -0.1968 4.2126, -5.1752 -0.1968 4.5276, -5.1752 -0.2962 4.6442, -5.1752 -0.1985 4.5475, -5.1752 -0.207 4.5755, -5.1752 -0.2221 4.6005, -5.1752 -0.2681 4.636, -5.1752 -0.2429 4.6211, -4.2894 -0.1968 4.5276, -4.2894 -0.1968 4.2126
            ]
        }
        coordIndex [
            0,1,2,-1,2,3,0,-1,0,3,4,-1,0,4,5,-1,5,4,6,-1,6,7,5,-1,5,7,8,-1,5,8,9,-1,9,8,10,-1,4,3,11,-1,11,3,12,-1,
        ]
    }
}
Shape{
    appearance Appearance {
        material  Material 	{
            diffuseColor 1.0 1.0 1.0
            specularColor 0.5019607843137255 0.5019607843137255 0.5019607843137255
            ambientIntensity 1.0
            transparency 0.0
            shininess 0.5
        }
    }
    geometry IndexedFaceSet {
        ccw TRUE
        solid FALSE
        coord DEF co Coordinate {
            point [
                -4.2894 -0.1968 4.5276, -4.2894 -0.1968 4.2126, -4.2894 0.1575 4.2126, -4.2894 0.0787 5.9055, -4.2894 -0.3543 5.9055, -4.2894 0.0787 5.4094, -4.2894 -0.4331 5.7087, -4.2894 0.1575 5.2835, -4.2894 -0.2962 4.6442, -4.2894 -0.2681 4.636, -4.2894 -0.2429 4.6211, -4.2894 -0.748 5.9055, -4.2894 -0.9055 5.9055, -4.2894 -0.6693 5.7087, -4.2894 -0.9055 4.6457, -4.2894 -0.315 4.6457, -4.2894 -0.2221 4.6005, -4.2894 -0.207 4.5755, -4.2894 -0.1985 4.5475
            ]
        }
        coordIndex [
            0,1,2,-1,3,4,5,-1,5,4,6,-1,5,6,7,-1,7,6,2,-1,8,9,6,-1,6,9,10,-1,11,12,13,-1,13,12,14,-1,13,14,6,-1,6,14,15,-1,6,15,8,-1,10,16,6,-1,6,16,17,-1,6,17,2,-1,2,17,18,-1,2,18,0,-1,
        ]
    }
}
Shape{
    appearance Appearance {
        material  Material 	{
            diffuseColor 0.2235294117647059 0.2235294117647059 0.2235294117647059
            specularColor 0.11372549019607843 0.11372549019607843 0.11372549019607843
            ambientIntensity 0.2235
            transparency 0.0
            shininess 0.5
        }
    }
    geometry IndexedFaceSet {
        ccw TRUE
        solid FALSE
        coord DEF co Coordinate {
            point [
                -4.2894 0.1575 5.2835, -4.2894 0.1575 4.2126, -5.3524 0.1575 5.2835, -5.3524 0.1575 4.2126, -5.1885 0.2834 4.552, -5.1885 0.3057 5.2362, -5.1885 0.2709 4.5602, -5.1885 0.2569 4.5652, -5.1885 0.2937 4.5413, -5.1885 0.3013 4.5285, -5.1885 0.3057 4.5148, -5.1885 0.1772 5.2362, -5.1885 0.1772 4.502, -5.1885 0.1788 4.5165, -5.1885 0.1836 4.5302, -5.1885 0.1913 4.5425, -5.1885 0.2016 4.5528, -5.1885 0.2139 4.5605, -5.1885 0.2276 4.5653, -5.1885 0.2421 4.5669, -4.4532 0.2421 4.5669, -4.4532 0.2276 4.5653, -4.4532 0.2139 4.5605, -4.4532 0.2016 4.5528, -4.4532 0.1913 4.5425, -4.4532 0.1836 4.5302, -4.4532 0.1788 4.5165, -4.4532 0.1772 4.502, -4.4532 0.1772 5.2362, -4.4532 0.3057 5.2362, -4.4532 0.2834 4.552, -4.4532 0.2709 4.5602, -4.4532 0.3057 4.5148, -4.4532 0.3013 4.5285, -4.4532 0.2937 4.5413, -4.4532 0.2569 4.5652, -4.4512 0.1772 5.2538, -4.4512 0.3057 5.2538, -4.4453 0.1772 5.2706, -4.4453 0.3057 5.2706, -4.4358 0.1772 5.2856, -4.4358 0.3057 5.2856, -4.4232 0.1772 5.298, -4.4232 0.3057 5.298, -4.4082 0.1772 5.3074, -4.4082 0.3057 5.3074, -4.3914 0.1772 5.3131, -4.3914 0.3057 5.3131, -4.3745 0.3059 5.315, -4.3777 0.3058 5.3149, -4.3745 0.1926 5.315, -4.3809 0.3057 5.3147, -4.3745 0.1795 5.315, -4.3745 0.1772 5.315, -4.3458 0.311 5.315, -4.3345 0.3161 5.315, -4.3849 0.3076 4.5053, -4.275 0.3733 5.315, -4.2673 0.3914 5.315, -4.2964 0.3907 4.3781, -4.3036 0.3734 4.3576, -4.3039 0.373 4.3567, -4.2787 0.3646 5.315, -4.29 0.3496 5.315, -4.3205 0.3491 4.3094, -4.3218 0.3476 4.3055, -4.3403 0.3319 4.3839, -4.3174 0.3526 4.318, -4.2964 0.3413 5.315, -4.3103 0.3302 5.315, -4.3589 0.316 4.4632, -4.3191 0.3231 5.315, -4.3743 0.3101 4.4927, -4.3604 0.3154 4.4661, -4.3614 0.3082 5.315, -4.3863 0.3074 4.5064, -4.3922 0.3065 4.5109, -4.3984 0.3059 4.5136, -4.404 0.3057 4.5147, -4.3777 0.3058 5.3149, -4.4056 0.3057 4.5148, -3.8641 0.3059 4.514, -3.9023 0.3081 5.315, -3.8925 0.3061 5.315, -3.8829 0.3057 5.3147, -3.8582 0.3057 4.5148, -3.8861 0.3058 5.3149, -3.8893 0.3059 5.315, -3.8701 0.3063 4.5117, -3.8775 0.3074 4.5065, -3.9197 0.3116 5.315, -3.8778 0.3074 4.5063, -3.9292 0.3161 5.315, -3.8887 0.3099 4.4938, -3.9033 0.3155 4.4659, -3.9461 0.324 5.315, -3.9054 0.3163 4.4619, -3.9536 0.3301 5.315, -3.9245 0.3308 4.3893, -3.9668 0.3407 5.315, -3.9351 0.3389 4.349, -3.9737 0.3496 5.315, -3.9674 0.3907 4.3781, -3.9965 0.3913 5.315, -3.9658 0.3861 4.3736, -3.9888 0.3733 5.315, -3.9596 0.3731 4.3558, -3.9851 0.3645 5.315, -3.957 0.3677 4.3486, -3.9432 0.3492 4.3089, -3.9419 0.3476 4.3055
            ]
        }
        coordIndex [
            0,1,2,-1,2,1,3,-1,4,5,6,-1,6,5,7,-1,4,8,5,-1,5,8,9,-1,5,9,10,-1,11,12,13,-1,13,14,11,-1,11,14,15,-1,11,15,16,-1,16,17,11,-1,11,17,18,-1,11,18,5,-1,5,18,19,-1,5,19,7,-1,20,19,18,-1,20,18,21,-1,21,18,17,-1,21,17,22,-1,22,17,16,-1,22,16,23,-1,23,16,15,-1,23,15,24,-1,24,15,14,-1,24,14,25,-1,25,14,13,-1,25,13,26,-1,26,13,12,-1,26,12,27,-1,26,27,28,-1,29,30,31,-1,32,33,29,-1,29,33,34,-1,29,34,30,-1,22,23,28,-1,31,35,29,-1,29,35,20,-1,29,20,28,-1,28,20,21,-1,28,21,22,-1,23,24,28,-1,28,24,25,-1,28,25,26,-1,29,28,36,-1,29,36,37,-1,37,36,38,-1,37,38,39,-1,39,38,40,-1,39,40,41,-1,41,40,42,-1,41,42,43,-1,43,42,44,-1,43,44,45,-1,45,44,46,-1,45,46,47,-1,48,49,50,-1,50,49,51,-1,50,51,52,-1,47,46,51,-1,51,46,53,-1,51,53,52,-1,54,55,56,-1,57,58,59,-1,59,60,57,-1,57,60,61,-1,57,61,62,-1,62,61,63,-1,64,65,66,-1,61,67,63,-1,63,67,64,-1,63,64,68,-1,68,64,66,-1,68,66,69,-1,69,66,70,-1,69,70,71,-1,56,55,72,-1,71,70,55,-1,55,70,73,-1,55,73,72,-1,54,56,74,-1,74,56,75,-1,74,75,76,-1,76,77,74,-1,74,77,78,-1,74,78,48,-1,48,78,79,-1,79,78,80,-1,79,80,51,-1,81,82,83,-1,84,85,86,-1,86,85,81,-1,86,81,87,-1,87,81,83,-1,81,88,82,-1,82,88,89,-1,82,89,90,-1,90,89,91,-1,90,91,92,-1,91,93,92,-1,92,93,94,-1,92,94,95,-1,95,94,96,-1,95,96,97,-1,97,96,98,-1,97,98,99,-1,99,98,100,-1,99,100,101,-1,102,103,104,-1,104,103,105,-1,104,105,106,-1,106,105,107,-1,106,107,108,-1,108,107,101,-1,108,101,109,-1,109,101,100,-1,109,100,110,-1,
        ]
    }
}
Shape{
    appearance Appearance {
        material  Material 	{
            diffuseColor 1.0 1.0 1.0
            specularColor 0.5019607843137255 0.5019607843137255 0.5019607843137255
            ambientIntensity 1.0
            transparency 0.0
            shininess 0.5
        }
    }
    geometry IndexedFaceSet {
        ccw TRUE
        solid FALSE
        coord DEF co Coordinate {
            point [
                -3.9744 0.0787 5.4094, -3.9744 0.1575 5.2835, -3.9744 0.1575 4.2126, -3.9744 -0.4331 5.7087, -3.9744 -0.3543 5.9055, -3.9744 0.0787 5.9055, -3.9744 -0.6693 5.7087, -3.9744 -0.9843 4.2126, -3.9744 -0.748 5.9055, -3.9744 -0.9843 5.9055, -3.7972 -0.9843 4.6457, -3.7972 -0.9843 4.2126, -3.6398 -0.9843 5.9055, -3.561 -0.9843 5.7087, -3.3248 -0.9843 5.7087, -2.9902 -0.9843 4.6457, -3.2461 -0.9843 5.9055, -2.9902 -0.9843 5.9055
            ]
        }
        coordIndex [
            0,1,2,-1,3,4,5,-1,5,0,3,-1,3,0,2,-1,3,2,6,-1,6,2,7,-1,6,7,8,-1,8,7,9,-1,9,7,10,-1,10,7,11,-1,12,9,13,-1,13,9,10,-1,13,10,14,-1,14,10,15,-1,14,15,16,-1,16,15,17,-1,
        ]
    }
}
Shape{
    appearance Appearance {
        material  Material 	{
            diffuseColor 0.2235294117647059 0.2235294117647059 0.2235294117647059
            specularColor 0.11372549019607843 0.11372549019607843 0.11372549019607843
            ambientIntensity 0.2235
            transparency 0.0
            shininess 0.5
        }
    }
    geometry IndexedFaceSet {
        ccw TRUE
        solid FALSE
        coord DEF co Coordinate {
            point [
                -3.7972 -0.315 4.6457, -3.7972 -0.9843 4.6457, -3.7972 -0.9843 4.2126, -3.7972 -0.1968 4.2126, -3.7972 -0.1968 4.5276, -3.7972 -0.2962 4.6442, -3.7972 -0.1985 4.5475, -3.7972 -0.207 4.5755, -3.7972 -0.2221 4.6005, -3.7972 -0.2429 4.6211, -3.7972 -0.2681 4.636, -2.9114 -0.1968 4.5276, -2.9114 -0.1968 4.2126
            ]
        }
        coordIndex [
            0,1,2,-1,2,3,0,-1,0,3,4,-1,0,4,5,-1,5,4,6,-1,5,6,7,-1,7,8,5,-1,5,8,9,-1,5,9,10,-1,4,3,11,-1,11,3,12,-1,
        ]
    }
}
Shape{
    appearance Appearance {
        material  Material 	{
            diffuseColor 1.0 1.0 1.0
            specularColor 0.5019607843137255 0.5019607843137255 0.5019607843137255
            ambientIntensity 1.0
            transparency 0.0
            shininess 0.5
        }
    }
    geometry IndexedFaceSet {
        ccw TRUE
        solid FALSE
        coord DEF co Coordinate {
            point [
                -2.9114 -0.1968 4.5276, -2.9114 -0.1968 4.2126, -2.9114 0.1575 4.2126, -2.9114 0.0787 5.9055, -2.9114 -0.3543 5.9055, -2.9114 0.0787 5.4094, -2.9114 -0.4331 5.7087, -2.9114 0.1575 5.2835, -2.9114 -0.2681 4.636, -2.9114 -0.2429 4.6211, -2.9114 -0.2962 4.6442, -2.9114 -0.2221 4.6005, -2.9114 -0.207 4.5755, -2.9114 -0.1985 4.5475, -2.9114 -0.748 5.9055, -2.9114 -0.9055 5.9055, -2.9114 -0.6693 5.7087, -2.9114 -0.9055 4.6457, -2.9114 -0.315 4.6457
            ]
        }
        coordIndex [
            0,1,2,-1,3,4,5,-1,5,4,6,-1,5,6,7,-1,7,6,2,-1,8,9,6,-1,8,6,10,-1,9,11,6,-1,6,11,12,-1,6,12,2,-1,2,12,13,-1,2,13,0,-1,14,15,16,-1,16,15,17,-1,16,17,6,-1,6,17,18,-1,6,18,10,-1,
        ]
    }
}
Shape{
    appearance Appearance {
        material  Material 	{
            diffuseColor 0.2235294117647059 0.2235294117647059 0.2235294117647059
            specularColor 0.11372549019607843 0.11372549019607843 0.11372549019607843
            ambientIntensity 0.2235
            transparency 0.0
            shininess 0.5
        }
    }
    geometry IndexedFaceSet {
        ccw TRUE
        solid FALSE
        coord DEF co Coordinate {
            point [
                -2.9114 0.1575 5.2835, -2.9114 0.1575 4.2126, -3.9744 0.1575 5.2835, -3.9744 0.1575 4.2126
            ]
        }
        coordIndex [
            0,1,2,-1,2,1,3,-1,
        ]
    }
}
Shape{
    appearance Appearance {
        material  Material 	{
            diffuseColor 1.0 1.0 1.0
            specularColor 0.5019607843137255 0.5019607843137255 0.5019607843137255
            ambientIntensity 1.0
            transparency 0.0
            shininess 0.5
        }
    }
    geometry IndexedFaceSet {
        ccw TRUE
        solid FALSE
        coord DEF co Coordinate {
            point [
                -5.6516 0.7106 0.8808, -5.6516 0.6964 0.8634, -5.6516 0.7192 0.9648, -5.6516 0.7359 1.1295, -5.6516 0.7148 1.1408, -5.6516 0.7196 1.1993, -5.6516 0.6604 1.202, -5.6516 0.631 1.1328, -5.6516 0.6164 1.1628, -5.6516 0.74 0.9776, -5.6516 0.7322 0.9049, -5.6516 0.7201 0.9012, -5.6516 0.6822 1.2039, -5.6516 0.6231 0.9668, -5.6516 0.6143 0.9636, -5.6516 0.5351 0.9411, -5.6516 0.6066 0.9585, -5.6516 0.6005 0.9517, -5.6516 0.4023 1.0113, -5.6516 0.4317 1.0616, -5.6516 0.5589 0.9952, -5.6516 0.631 0.9677, -5.6516 0.6402 0.9665, -5.6516 0.6528 1.0246, -5.6516 0.6485 0.9632, -5.6516 0.6737 1.0166, -5.6516 0.6559 0.9579, -5.6516 0.6931 1.0031, -5.6516 0.6597 0.954, -5.6516 0.7088 0.9851, -5.6516 0.6646 0.9461, -5.6516 0.6674 0.9372, -5.6516 0.6679 0.9279, -5.6516 0.5957 1.0211, -5.6516 0.6186 1.0268, -5.6516 0.63 1.0274, -5.6516 0.5964 0.9439, -5.6516 0.5942 0.9351, -5.6516 0.5351 0.9316, -5.6516 0.5942 0.9264, -5.6516 0.5357 0.9214, -5.6516 0.3301 1.0973, -5.6516 0.3152 1.0873, -5.6516 0.266 1.1192, -5.6516 0.3028 1.0737, -5.6516 0.2466 1.0923, -5.6516 0.2941 1.0573, -5.6516 0.2349 1.0633, -5.6516 0.2306 1.0322, -5.6516 0.6409 1.2247, -5.6516 0.5951 1.1882, -5.6516 0.6186 1.2438, -5.6516 0.5698 1.2067, -5.6516 0.5955 1.2581, -5.6516 0.6914 1.1464, -5.6516 0.6812 1.147, -5.6516 0.6713 1.2033, -5.6516 0.6586 1.1441, -5.6516 0.6374 1.1363, -5.6516 0.5755 1.0103, -5.6516 0.371 1.1052, -5.6516 0.3634 1.1052, -5.6516 0.3245 1.1565, -5.6516 0.3468 1.1034, -5.6516 0.32 1.155, -5.6516 0.2917 1.141, -5.6516 0.2657 0.942, -5.6516 0.3135 0.9762, -5.6516 0.2914 0.9202, -5.6516 0.3283 0.9657, -5.6516 0.3204 0.906, -5.6516 0.3456 0.9591, -5.6516 0.352 0.8993, -5.6516 0.3577 0.9572, -5.6516 0.408 0.8993, -5.6516 0.4004 0.9572, -5.6516 0.4133 0.9002, -5.6516 0.6661 0.919, -5.6516 0.6624 0.9111, -5.6516 0.2898 1.039, -5.6516 0.2894 1.0312, -5.6516 0.2349 0.9984, -5.6516 0.2913 1.0144, -5.6516 0.2468 0.9684, -5.6516 0.2974 0.9973, -5.6516 0.3075 0.9823, -5.6516 0.3757 1.2314, -5.6516 0.4131 1.188, -5.6516 0.3444 1.1951, -5.6516 0.3916 1.1625, -5.6516 0.3769 1.132, -5.6516 0.7733 1.0752, -5.6516 0.8356 1.0592, -5.6516 0.7761 1.0521, -5.6516 0.8359 1.0502, -5.6516 0.7749 1.0372, -5.6516 0.8313 1.0129, -5.6516 0.7681 1.014, -5.6516 0.8177 0.9776, -5.6516 0.7569 0.9951, -5.6516 0.7961 0.9468, -5.6516 0.7665 0.9216, -5.6516 0.7548 1.1856, -5.6516 0.7849 1.1644, -5.6516 0.752 1.1152, -5.6516 0.7913 1.1584, -5.6516 0.7651 1.0963, -5.6516 0.8142 1.129, -5.6516 0.8293 1.0949, -5.6516 0.5413 0.898, -5.6516 0.5965 0.9173, -5.6516 0.5526 0.8769, -5.6516 0.6009 0.9091, -5.6516 0.5669 0.8609, -5.6516 0.606 0.9033, -5.6516 0.5858 0.8477, -5.6516 0.6132 0.8982, -5.6516 0.6069 0.8396, -5.6516 0.6215 0.8949, -5.6516 0.63 0.8367, -5.6516 0.631 0.8937, -5.6516 0.6335 0.8368, -5.6516 0.6326 0.8937, -5.6516 0.6559 0.8403, -5.6516 0.6411 0.8951, -5.6516 0.6779 0.8494, -5.6516 0.6497 0.8988, -5.6516 0.6569 0.9043, -5.6516 0.5517 1.275, -5.6516 0.5388 1.2193, -5.6516 0.5048 1.2808, -5.6516 0.5038 1.2238, -5.6516 0.4657 1.2767, -5.6516 0.4715 1.2199, -5.6516 0.418 1.2599, -5.6516 0.4418 1.2084, -5.6516 0.4152 1.1899, -5.6516 0.4052 0.9581, -5.6516 0.428 0.9093, -5.6516 0.4258 0.9071, -5.6516 0.4023 0.9575, -5.6516 0.4196 0.9027, -5.6516 0.4355 0.9288, -5.6516 0.4346 0.9217, -5.6516 0.4321 0.9153, -5.6516 0.4134 0.9572, -5.6516 0.42 0.9547, -5.6516 0.4353 0.9325, -5.6516 0.4258 0.9505, -5.6516 0.4297 0.9462, -5.6516 0.4334 0.9397, -5.6516 0.4061 0.9582, -5.6516 -0.4195 0.927, -5.6516 -0.4306 0.9157, -5.6516 -0.4216 0.9289, -5.6516 -0.4338 0.9185, -5.6516 -0.4285 0.9377, -5.6516 -0.4439 0.9305, -5.6516 -0.433 0.9478, -5.6516 -0.4504 0.9443, -5.6516 -0.4355 0.9602, -5.6516 -0.4536 0.96, -5.6516 -0.4358 0.9678, -5.6516 -0.4539 0.9682, -5.6516 -0.4339 0.9844, -5.6516 -0.452 0.9856, -5.6516 -0.4301 0.9942, -5.6516 -0.4472 0.9985, -5.6516 -0.4249 1.0017, -5.6516 -0.4391 1.0103, -5.6516 -0.4212 1.0054, -5.6516 -0.4338 1.0156, -5.6516 -0.4109 1.0121, -5.6516 -0.4203 1.0249, -5.6516 -0.3992 1.0162, -5.6516 -0.4043 1.0309, -5.6516 -0.3827 1.0179, -5.6516 -0.3834 1.0333, -5.6516 -0.3625 1.0179, -5.6516 -0.3453 1.0333, -5.6516 -0.3625 0.915, -5.6516 -0.3453 0.8998, -5.6516 -0.3819 0.915, -5.6516 -0.382 0.8998, -5.6516 -0.3995 0.917, -5.6516 -0.4015 0.9018, -5.6516 -0.4107 0.9212, -5.6516 -0.4173 0.9072, -5.6516 0.1213 0.8998, -5.6516 0.0495 0.8998, -5.6516 0.0495 0.915, -5.6516 0.104 0.915, -5.6516 0.104 0.9599, -5.6516 0.1213 1.0333, -5.6516 0.0525 1.0179, -5.6516 0.0525 1.0333, -5.6516 0.104 1.0179, -5.6516 0.104 0.9752, -5.6516 0.0563 0.9752, -5.6516 0.0563 0.9599, -5.6516 -0.3315 1.1631, -5.6516 -0.3261 1.148, -5.6516 -0.3763 1.1631, -5.6516 -0.3817 1.148, -5.6516 -0.3515 1.2186, -5.6516 -0.3451 1.245, -5.6516 -0.2942 1.1115, -5.6516 -0.3133 1.1115, -5.6516 -0.3527 1.2225, -5.6516 -0.3537 1.2279, -5.6516 -0.3635 1.245, -5.6516 -0.3541 1.2279, -5.6516 -0.3552 1.2223, -5.6516 -0.3562 1.2186, -5.6516 -0.4143 1.1115, -5.6516 -0.3953 1.1115, -5.6516 -0.0812 1.1115, -5.6516 -0.153 1.1115, -5.6516 -0.153 1.1267, -5.6516 -0.0984 1.1267, -5.6516 -0.0984 1.1716, -5.6516 -0.0812 1.245, -5.6516 -0.1499 1.2296, -5.6516 -0.1499 1.245, -5.6516 -0.0984 1.2296, -5.6516 -0.0984 1.1869, -5.6516 -0.1461 1.1869, -5.6516 -0.1461 1.1716, -5.6516 -0.053 1.2245, -5.6516 -0.0545 1.2237, -5.6516 -0.0545 1.2418, -5.6516 0.0211 1.1482, -5.6516 0.0253 1.1591, -5.6516 0.0434 1.1566, -5.6516 0.0454 1.1757, -5.6516 0.0262 1.2276, -5.6516 0.0133 1.2169, -5.6516 0.0223 1.2313, -5.6516 0.0048 1.224, -5.6516 -0.0395 1.2297, -5.6516 -0.0413 1.2457, -5.6516 -0.023 1.2317, -5.6516 -0.0241 1.2472, -5.6516 -0.0171 1.2314, -5.6516 -0.0229 1.2472, -5.6516 -0.0056 1.229, -5.6516 -0.0051 1.2452, -5.6516 0.0091 1.2401, -5.6516 -0.0545 1.117, -5.6516 -0.0545 1.1335, -5.6516 -0.0524 1.116, -5.6516 -0.0408 1.1275, -5.6516 -0.0381 1.1113, -5.6516 -0.0175 1.1093, -5.6516 0.0273 1.1755, -5.6516 0.0274 1.1767, -5.6516 0.0452 1.1827, -5.6516 0.0254 1.1942, -5.6516 0.0422 1.2001, -5.6516 0.0358 1.215, -5.6516 0.021 1.2059, -5.6516 0.0147 1.2153, -5.6516 0.0384 1.1421, -5.6516 0.0309 1.1304, -5.6516 0.0143 1.1387, -5.6516 0.0283 1.1275, -5.6516 0.011 1.1355, -5.6516 0.0182 1.119, -5.6516 0.0021 1.1295, -5.6516 0.0057 1.1129, -5.6516 -0.0076 1.126, -5.6516 -0.0086 1.1097, -5.6516 -0.02 1.1246, -5.6516 -0.0256 1.1248, -5.6516 0.104 1.245, -5.6516 0.1213 1.245, -5.6516 0.104 1.1267, -5.6516 0.1213 1.1115, -5.6516 0.0509 1.1267, -5.6516 0.0509 1.1115
            ]
        }
        coordIndex [
            0,1,2,-1,3,4,5,-1,6,7,8,-1,9,10,2,-1,2,10,11,-1,2,11,0,-1,5,4,12,-1,13,14,15,-1,15,14,16,-1,15,16,17,-1,18,19,15,-1,15,19,20,-1,15,20,13,-1,13,20,21,-1,22,23,24,-1,24,23,25,-1,24,25,26,-1,26,25,27,-1,26,27,28,-1,28,27,29,-1,28,29,30,-1,30,29,2,-1,30,2,31,-1,31,2,32,-1,33,34,22,-1,22,34,35,-1,22,35,23,-1,17,36,15,-1,15,36,37,-1,15,37,38,-1,38,37,39,-1,38,39,40,-1,41,42,43,-1,43,42,44,-1,43,44,45,-1,45,44,46,-1,45,46,47,-1,47,46,48,-1,6,8,49,-1,49,8,50,-1,49,50,51,-1,51,50,52,-1,51,52,53,-1,4,54,12,-1,12,54,55,-1,12,55,56,-1,56,55,57,-1,56,57,6,-1,6,57,58,-1,6,58,7,-1,21,20,22,-1,22,20,59,-1,22,59,33,-1,60,61,62,-1,62,61,63,-1,62,63,64,-1,64,63,41,-1,64,41,65,-1,65,41,43,-1,66,67,68,-1,68,67,69,-1,68,69,70,-1,70,69,71,-1,70,71,72,-1,72,71,73,-1,72,73,74,-1,74,73,75,-1,74,75,76,-1,32,2,77,-1,77,2,1,-1,77,1,78,-1,46,79,48,-1,48,79,80,-1,48,80,81,-1,81,80,82,-1,81,82,83,-1,83,82,84,-1,83,84,66,-1,66,84,85,-1,66,85,67,-1,86,87,88,-1,88,87,89,-1,88,89,62,-1,62,89,90,-1,62,90,60,-1,91,92,93,-1,93,92,94,-1,93,94,95,-1,95,94,96,-1,95,96,97,-1,97,96,98,-1,97,98,99,-1,99,98,100,-1,99,100,9,-1,9,100,101,-1,9,101,10,-1,5,102,3,-1,3,102,103,-1,3,103,104,-1,104,103,105,-1,104,105,106,-1,106,105,107,-1,106,107,91,-1,91,107,108,-1,91,108,92,-1,40,39,109,-1,109,39,110,-1,109,110,111,-1,111,110,112,-1,111,112,113,-1,113,112,114,-1,113,114,115,-1,115,114,116,-1,115,116,117,-1,117,116,118,-1,117,118,119,-1,119,118,120,-1,119,120,121,-1,121,120,122,-1,121,122,123,-1,123,122,124,-1,123,124,125,-1,125,124,126,-1,125,126,1,-1,1,126,127,-1,1,127,78,-1,53,52,128,-1,128,52,129,-1,128,129,130,-1,130,129,131,-1,130,131,132,-1,132,131,133,-1,132,133,134,-1,134,133,135,-1,134,135,86,-1,86,135,136,-1,86,136,87,-1,137,138,139,-1,75,140,76,-1,76,140,137,-1,76,137,141,-1,141,137,139,-1,142,143,137,-1,137,143,144,-1,137,144,138,-1,145,146,147,-1,146,148,147,-1,147,148,149,-1,147,149,150,-1,142,137,147,-1,147,137,151,-1,147,151,145,-1,152,153,154,-1,154,153,155,-1,154,155,156,-1,156,155,157,-1,156,157,158,-1,158,157,159,-1,158,159,160,-1,160,159,161,-1,160,161,162,-1,162,161,163,-1,162,163,164,-1,164,163,165,-1,164,165,166,-1,166,165,167,-1,166,167,168,-1,168,167,169,-1,168,169,170,-1,170,169,171,-1,170,171,172,-1,172,171,173,-1,172,173,174,-1,174,173,175,-1,174,175,176,-1,176,175,177,-1,176,177,178,-1,178,177,179,-1,178,179,180,-1,180,179,181,-1,180,181,182,-1,182,181,183,-1,182,183,184,-1,184,183,185,-1,184,185,186,-1,186,185,187,-1,186,187,152,-1,152,187,153,-1,188,189,190,-1,190,191,188,-1,188,191,192,-1,188,192,193,-1,194,195,196,-1,196,195,193,-1,196,193,197,-1,197,193,192,-1,197,192,198,-1,198,192,199,-1,200,201,202,-1,202,201,203,-1,204,205,200,-1,200,205,206,-1,200,206,201,-1,201,206,207,-1,204,208,205,-1,205,208,209,-1,205,209,210,-1,210,209,211,-1,210,211,212,-1,212,213,210,-1,210,213,202,-1,210,202,214,-1,214,202,203,-1,214,203,215,-1,216,217,218,-1,218,219,216,-1,216,219,220,-1,216,220,221,-1,222,223,224,-1,224,223,221,-1,224,221,225,-1,225,221,220,-1,225,220,226,-1,226,220,227,-1,228,229,230,-1,231,232,233,-1,233,232,234,-1,235,236,237,-1,237,236,238,-1,228,230,239,-1,239,230,240,-1,239,240,241,-1,241,240,242,-1,241,242,243,-1,243,242,244,-1,243,244,245,-1,245,244,246,-1,245,246,238,-1,238,246,247,-1,238,247,237,-1,248,249,250,-1,250,249,251,-1,250,251,252,-1,252,251,253,-1,232,254,234,-1,234,254,255,-1,234,255,256,-1,256,255,257,-1,256,257,258,-1,258,257,259,-1,259,257,260,-1,259,260,235,-1,235,260,261,-1,235,261,236,-1,233,262,231,-1,231,262,263,-1,231,263,264,-1,264,263,265,-1,264,265,266,-1,266,265,267,-1,266,267,268,-1,268,267,269,-1,268,269,270,-1,270,269,271,-1,270,271,272,-1,272,271,253,-1,272,253,273,-1,273,253,251,-1,274,275,276,-1,276,275,277,-1,276,277,278,-1,278,277,279,-1,
        ]
    }
}
Shape{
    appearance Appearance {
        material  Material 	{
            diffuseColor 0.2235294117647059 0.2235294117647059 0.2235294117647059
            specularColor 0.11372549019607843 0.11372549019607843 0.11372549019607843
            ambientIntensity 0.2235
            transparency 0.0
            shininess 0.5
        }
    }
    geometry IndexedFaceSet {
        ccw TRUE
        solid FALSE
        coord DEF co Coordinate {
            point [
                -5.1904 0.1772 5.2532, -5.1885 0.1772 5.2362, -5.1885 0.3057 5.2362, -5.2503 0.3057 5.3131, -5.2608 0.3057 5.3147, -5.2673 0.1772 5.315, -5.2641 0.3058 5.3149, -5.2673 0.3059 5.315, -5.2503 0.1772 5.3131, -5.2334 0.1772 5.3073, -5.2334 0.3057 5.3073, -5.2183 0.1772 5.2978, -5.2183 0.3057 5.2978, -5.2056 0.1772 5.2852, -5.2056 0.3057 5.2852, -5.1962 0.1772 5.2701, -5.1962 0.3057 5.2701, -5.1904 0.3057 5.2532, -5.2421 0.3059 4.514, -5.2803 0.3081 5.315, -5.2704 0.3061 5.315, -5.2361 0.3057 4.5148, -5.2481 0.3063 4.5117, -5.2555 0.3074 4.5065, -5.2976 0.3116 5.315, -5.2558 0.3074 4.5063, -5.3072 0.3161 5.315, -5.2667 0.3099 4.4938, -5.2813 0.3155 4.4659, -5.324 0.324 5.315, -5.2834 0.3163 4.4619, -5.3316 0.3301 5.315, -5.3025 0.3308 4.3893, -5.3448 0.3407 5.315, -5.3131 0.3389 4.349, -5.3516 0.3496 5.315, -5.3453 0.3907 4.3781, -5.3745 0.3913 5.315, -5.3437 0.3861 4.3736, -5.3668 0.3733 5.315, -5.3375 0.3731 4.3558, -5.363 0.3645 5.315, -5.335 0.3677 4.3486, -5.3211 0.3492 4.3089, -5.3199 0.3476 4.3055
            ]
        }
        coordIndex [
            0,1,2,-1,3,4,5,-1,5,4,6,-1,5,6,7,-1,5,8,3,-1,3,8,9,-1,3,9,10,-1,10,9,11,-1,10,11,12,-1,12,11,13,-1,12,13,14,-1,14,13,15,-1,14,15,16,-1,16,15,0,-1,16,0,17,-1,17,0,2,-1,18,19,20,-1,4,21,6,-1,6,21,18,-1,6,18,7,-1,7,18,20,-1,18,22,19,-1,19,22,23,-1,19,23,24,-1,24,23,25,-1,24,25,26,-1,25,27,26,-1,26,27,28,-1,26,28,29,-1,29,28,30,-1,29,30,31,-1,31,30,32,-1,31,32,33,-1,33,32,34,-1,33,34,35,-1,36,37,38,-1,38,37,39,-1,38,39,40,-1,40,39,41,-1,40,41,42,-1,42,41,35,-1,42,35,43,-1,43,35,34,-1,43,34,44,-1,
        ]
    }
}
Shape{
    appearance Appearance {
        material  Material 	{
            diffuseColor 1.0 1.0 1.0
            specularColor 0.5019607843137255 0.5019607843137255 0.5019607843137255
            ambientIntensity 1.0
            transparency 0.0
            shininess 0.5
        }
    }
    geometry IndexedFaceSet {
        ccw TRUE
        solid FALSE
        coord DEF co Coordinate {
            point [
                -5.6516 -0.2524 1.1387, -5.6516 -0.2634 1.1274, -5.6516 -0.2544 1.1406, -5.6516 -0.2667 1.1302, -5.6516 -0.2614 1.1494, -5.6516 -0.2767 1.1422, -5.6516 -0.2659 1.1595, -5.6516 -0.2833 1.1561, -5.6516 -0.2684 1.1719, -5.6516 -0.2864 1.1717, -5.6516 -0.2687 1.1795, -5.6516 -0.2868 1.1799, -5.6516 -0.2667 1.1961, -5.6516 -0.2849 1.1973, -5.6516 -0.263 1.2059, -5.6516 -0.2801 1.2102, -5.6516 -0.2578 1.2134, -5.6516 -0.272 1.222, -5.6516 -0.2541 1.2171, -5.6516 -0.2667 1.2273, -5.6516 -0.2438 1.2238, -5.6516 -0.2532 1.2366, -5.6516 -0.2321 1.2279, -5.6516 -0.2372 1.2426, -5.6516 -0.2156 1.2296, -5.6516 -0.2162 1.245, -5.6516 -0.1954 1.2296, -5.6516 -0.1782 1.245, -5.6516 -0.1954 1.1267, -5.6516 -0.1782 1.1115, -5.6516 -0.2148 1.1267, -5.6516 -0.2149 1.1115, -5.6516 -0.2324 1.1287, -5.6516 -0.2344 1.1135, -5.6516 -0.2436 1.1329, -5.6516 -0.2502 1.1189, -5.6516 -0.0264 0.8998, -5.6516 -0.0431 0.8998, -5.6516 -0.0264 0.9145, -5.6516 -0.0431 0.9611, -5.6516 -0.0264 0.9604, -5.6516 0.0095 0.9407, -5.6516 0.0053 0.9426, -5.6516 -0.0041 0.9446, -5.6516 -0.0264 0.9476, -5.6516 -0.0264 0.9385, -5.6516 -0.0259 0.9145, -5.6516 -0.0171 0.917, -5.6516 -0.0233 0.9106, -5.6516 -0.0124 0.9138, -5.6516 -0.0264 0.9374, -5.6516 -0.0253 0.9299, -5.6516 -0.0228 0.924, -5.6516 -0.0192 0.919, -5.6516 -0.0258 0.9678, -5.6516 -0.0418 0.9738, -5.6516 -0.0241 0.9737, -5.6516 -0.0392 0.9814, -5.6516 -0.0221 0.9772, -5.6516 -0.0357 0.9868, -5.6516 -0.0196 0.9799, -5.6516 -0.0313 0.9911, -5.6516 -0.0166 0.9818, -5.6516 -0.0257 0.9943, -5.6516 -0.0127 0.9831, -5.6516 -0.0187 0.9964, -5.6516 -0.0071 0.9837, -5.6516 -0.0086 0.9973, -5.6516 0.003 0.9827, -5.6516 0.008 0.9953, -5.6516 0.0135 0.9791, -5.6516 0.0204 0.9906, -5.6516 0.0242 0.9722, -5.6516 0.0242 0.9884, -5.6516 0.0131 0.917, -5.6516 0.0253 0.9051, -5.6516 0.0117 0.9156, -5.6516 0.0197 0.9011, -5.6516 0.0084 0.9133, -5.6516 0.0133 0.8987, -5.6516 0.0046 0.9119, -5.6516 0.0033 0.8976, -5.6516 -0.0011 0.9113, -5.6516 -0.0053 0.8985, -5.6516 -0.0073 0.912, -5.6516 -0.0121 0.901, -5.6516 -0.018 0.9049, -5.6516 0.0164 0.9293, -5.6516 0.0334 0.9274, -5.6516 0.0165 0.9267, -5.6516 0.0335 0.9253, -5.6516 0.0161 0.9229, -5.6516 0.0327 0.9177, -5.6516 0.015 0.9198, -5.6516 0.0307 0.9121, -5.6516 0.0272 0.907, -5.6516 0.0019 0.9564, -5.6516 0.0144 0.9534, -5.6516 0.0121 0.9388, -5.6516 0.0216 0.9497, -5.6516 0.0141 0.9363, -5.6516 0.0267 0.9453, -5.6516 0.0156 0.9332, -5.6516 0.0301 0.9405, -5.6516 0.0324 0.9346, -5.6516 -0.0856 0.9779, -5.6516 -0.0881 0.9802, -5.6516 -0.0815 0.9927, -5.6516 -0.0906 0.996, -5.6516 -0.1021 0.9371, -5.6516 -0.103 0.9538, -5.6516 -0.0911 0.9417, -5.6516 -0.0926 0.9583, -5.6516 -0.1145 0.9023, -5.6516 -0.1194 0.9051, -5.6516 -0.1103 0.9164, -5.6516 -0.1241 0.9093, -5.6516 -0.1118 0.9185, -5.6516 -0.1273 0.9137, -5.6516 -0.1126 0.9209, -5.6516 -0.1293 0.919, -5.6516 -0.1129 0.9241, -5.6516 -0.1301 0.9257, -5.6516 -0.1128 0.9262, -5.6516 -0.1294 0.932, -5.6516 -0.112 0.9288, -5.6516 -0.1276 0.9369, -5.6516 -0.1107 0.931, -5.6516 -0.1245 0.9415, -5.6516 -0.1086 0.9332, -5.6516 -0.1205 0.9451, -5.6516 -0.1094 0.9512, -5.6516 -0.0916 0.8976, -5.6516 -0.0932 0.9112, -5.6516 -0.0777 0.899, -5.6516 -0.0828 0.9124, -5.6516 -0.0657 0.9032, -5.6516 -0.0723 0.9164, -5.6516 -0.0657 0.9204, -5.6516 -0.0919 0.9822, -5.6516 -0.0964 0.9834, -5.6516 -0.103 0.9973, -5.6516 -0.1013 0.9837, -5.6516 -0.1122 0.9967, -5.6516 -0.1123 0.9825, -5.6516 -0.1255 0.9931, -5.6516 -0.1217 0.979, -5.6516 -0.1255 0.9768, -5.6516 -0.1084 0.9147, -5.6516 -0.1069 0.9137, -5.6516 -0.1054 0.899, -5.6516 -0.1025 0.9122, -5.6516 -0.094 0.9112, -5.6516 -0.0765 0.9897, -5.6516 -0.0716 0.9853, -5.6516 -0.0842 0.9758, -5.6516 -0.0685 0.9808, -5.6516 -0.0834 0.9736, -5.6516 -0.0665 0.9754, -5.6516 -0.0831 0.9709, -5.6516 -0.0658 0.9694, -5.6516 -0.0832 0.9687, -5.6516 -0.0666 0.9629, -5.6516 -0.0839 0.9661, -5.6516 -0.0684 0.9578, -5.6516 -0.0851 0.9638, -5.6516 -0.0706 0.9543, -5.6516 -0.0867 0.962, -5.6516 -0.0733 0.9515, -5.6516 -0.0812 0.9463, -5.6516 -0.1857 0.9189, -5.6516 -0.1849 0.9156, -5.6516 -0.187 0.8854, -5.6516 -0.2303 0.9951, -5.6516 -0.213 0.9951, -5.6516 -0.1869 0.9233, -5.6516 -0.1575 0.9951, -5.6516 -0.1388 0.9951, -5.6516 -0.1824 0.9235, -5.6516 -0.1762 0.9, -5.6516 -0.1844 0.9156, -5.6516 -0.1795 0.8707, -5.6516 -0.1656 0.8767, -5.6516 -0.1734 0.8633, -5.6516 -0.1625 0.8732, -5.6516 -0.1423 0.8712, -5.6516 -0.1423 0.8563, -5.6516 -0.1457 0.87, -5.6516 -0.1493 0.855, -5.6516 -0.1517 0.8692, -5.6516 -0.153 0.8549, -5.6516 -0.1557 0.8697, -5.6516 -0.1598 0.8557, -5.6516 -0.1594 0.8711, -5.6516 -0.1664 0.8582, -5.6516 -0.1722 0.8623, -5.6516 -0.1689 0.8827, -5.6516 -0.2483 0.8998, -5.6516 -0.3201 0.8998, -5.6516 -0.3201 0.915, -5.6516 -0.2655 0.915, -5.6516 -0.2655 0.9599, -5.6516 -0.2483 1.0333, -5.6516 -0.317 1.0179, -5.6516 -0.317 1.0333, -5.6516 -0.2655 1.0179, -5.6516 -0.2655 0.9752, -5.6516 -0.3133 0.9752, -5.6516 -0.3133 0.9599, -5.6516 -0.4987 0.9514, -5.6516 -0.4932 0.9363, -5.6516 -0.5435 0.9514, -5.6516 -0.5488 0.9363, -5.6516 -0.5186 1.0069, -5.6516 -0.5122 1.0333, -5.6516 -0.4613 0.8998, -5.6516 -0.4804 0.8998, -5.6516 -0.5198 1.0108, -5.6516 -0.5208 1.0162, -5.6516 -0.5306 1.0333, -5.6516 -0.5212 1.0162, -5.6516 -0.5223 1.0106, -5.6516 -0.5233 1.0069, -5.6516 -0.5814 0.8998, -5.6516 -0.5624 0.8998
            ]
        }
        coordIndex [
            0,1,2,-1,2,1,3,-1,2,3,4,-1,4,3,5,-1,4,5,6,-1,6,5,7,-1,6,7,8,-1,8,7,9,-1,8,9,10,-1,10,9,11,-1,10,11,12,-1,12,11,13,-1,12,13,14,-1,14,13,15,-1,14,15,16,-1,16,15,17,-1,16,17,18,-1,18,17,19,-1,18,19,20,-1,20,19,21,-1,20,21,22,-1,22,21,23,-1,22,23,24,-1,24,23,25,-1,24,25,26,-1,26,25,27,-1,26,27,28,-1,28,27,29,-1,28,29,30,-1,30,29,31,-1,30,31,32,-1,32,31,33,-1,32,33,34,-1,34,33,35,-1,34,35,0,-1,0,35,1,-1,36,37,38,-1,38,37,39,-1,40,41,42,-1,43,44,39,-1,39,44,45,-1,46,47,48,-1,48,47,49,-1,45,50,39,-1,39,50,51,-1,39,51,38,-1,38,51,52,-1,38,52,46,-1,46,52,53,-1,46,53,47,-1,42,43,40,-1,40,43,39,-1,40,39,54,-1,54,39,55,-1,54,55,56,-1,56,55,57,-1,56,57,58,-1,58,57,59,-1,58,59,60,-1,60,59,61,-1,60,61,62,-1,62,61,63,-1,62,63,64,-1,64,63,65,-1,64,65,66,-1,66,65,67,-1,66,67,68,-1,68,67,69,-1,68,69,70,-1,70,69,71,-1,70,71,72,-1,72,71,73,-1,74,75,76,-1,76,75,77,-1,76,77,78,-1,78,77,79,-1,78,79,80,-1,80,79,81,-1,80,81,82,-1,82,81,83,-1,82,83,84,-1,84,83,85,-1,84,85,49,-1,49,85,86,-1,49,86,48,-1,87,88,89,-1,89,88,90,-1,89,90,91,-1,91,90,92,-1,91,92,93,-1,93,92,94,-1,93,94,74,-1,74,94,95,-1,74,95,75,-1,40,96,41,-1,41,96,97,-1,41,97,98,-1,98,97,99,-1,98,99,100,-1,100,99,101,-1,100,101,102,-1,102,101,103,-1,102,103,87,-1,87,103,104,-1,87,104,88,-1,105,106,107,-1,107,106,108,-1,109,110,111,-1,111,110,112,-1,113,114,115,-1,115,114,116,-1,115,116,117,-1,117,116,118,-1,117,118,119,-1,119,118,120,-1,119,120,121,-1,121,120,122,-1,121,122,123,-1,123,122,124,-1,123,124,125,-1,125,124,126,-1,125,126,127,-1,127,126,128,-1,127,128,129,-1,129,128,130,-1,129,130,109,-1,109,130,131,-1,109,131,110,-1,132,133,134,-1,134,133,135,-1,134,135,136,-1,136,135,137,-1,136,137,138,-1,106,139,108,-1,108,139,140,-1,108,140,141,-1,141,140,142,-1,141,142,143,-1,143,142,144,-1,143,144,145,-1,145,144,146,-1,145,146,147,-1,115,148,113,-1,113,148,149,-1,113,149,150,-1,150,149,151,-1,150,151,132,-1,132,151,152,-1,132,152,133,-1,107,153,105,-1,105,153,154,-1,105,154,155,-1,155,154,156,-1,155,156,157,-1,157,156,158,-1,157,158,159,-1,159,158,160,-1,159,160,161,-1,161,160,162,-1,161,162,163,-1,163,162,164,-1,163,164,165,-1,165,164,166,-1,165,166,167,-1,167,166,168,-1,167,168,112,-1,112,168,169,-1,112,169,111,-1,170,171,172,-1,173,174,172,-1,172,174,175,-1,172,175,170,-1,176,177,178,-1,178,177,179,-1,178,179,180,-1,181,182,183,-1,183,182,184,-1,185,186,187,-1,187,186,188,-1,187,188,189,-1,189,188,190,-1,189,190,191,-1,191,190,192,-1,191,192,193,-1,193,192,194,-1,193,194,184,-1,184,194,195,-1,184,195,183,-1,171,180,172,-1,172,180,179,-1,172,179,181,-1,181,179,196,-1,181,196,182,-1,197,198,199,-1,199,200,197,-1,197,200,201,-1,197,201,202,-1,203,204,205,-1,205,204,202,-1,205,202,206,-1,206,202,201,-1,206,201,207,-1,207,201,208,-1,209,210,211,-1,211,210,212,-1,213,214,209,-1,209,214,215,-1,209,215,210,-1,210,215,216,-1,213,217,214,-1,214,217,218,-1,214,218,219,-1,219,218,220,-1,219,220,221,-1,221,222,219,-1,219,222,211,-1,219,211,223,-1,223,211,212,-1,223,212,224,-1,
        ]
    }
}
Shape{
    appearance Appearance {
        material  Material 	{
            diffuseColor 0.6666666666666666 0.6980392156862745 0.7686274509803922
            specularColor 0.3333333333333333 0.34901960784313724 0.3843137254901961
            ambientIntensity 0.6967
            transparency 0.0
            shininess 0.5
        }
    }
    geometry IndexedFaceSet {
        ccw TRUE
        solid FALSE
        coord DEF co Coordinate {
            point [
                -4.9783 -1.1614 0.6114, -5.0091 -1.1614 0.7874, -4.9783 -1.0039 0.6114, -5.0091 -1.0039 0.7874, -4.6634 -1.0039 0.2362, -4.9783 -1.0039 0.2362, -4.6634 -1.0039 0.6114, -4.6326 -1.0039 0.7874, -4.6634 -1.1614 0.6114, -4.6326 -1.1614 0.7874, -4.6634 -1.1614 0.2362, -4.9783 -1.1614 0.2362, -4.9783 1.0236 0.6114, -5.0092 1.0236 0.7874, -4.9783 1.1811 0.6114, -5.0092 1.1811 0.7874, -4.6634 1.1811 0.2362, -4.9783 1.1811 0.2362, -4.6634 1.1811 0.6114, -4.6326 1.1811 0.7874, -4.6634 1.0236 0.6114, -4.6326 1.0236 0.7874, -4.6634 1.0236 0.2362, -4.9783 1.0236 0.2362, -3.6004 -1.1614 0.6114, -3.6311 -1.1614 0.7874, -3.6004 -1.0039 0.6114, -3.6311 -1.0039 0.7874, -3.2854 -1.0039 0.2362, -3.6004 -1.0039 0.2362, -3.2854 -1.0039 0.6114, -3.2546 -1.0039 0.7874, -3.2854 -1.1614 0.6114, -3.2546 -1.1614 0.7874, -3.2854 -1.1614 0.2362, -3.6004 -1.1614 0.2362, -3.6004 1.0236 0.6114, -3.6312 1.0236 0.7874, -3.6004 1.1811 0.6114, -3.6312 1.1811 0.7874, -3.2854 1.1811 0.2362, -3.6004 1.1811 0.2362, -3.2854 1.1811 0.6114, -3.2546 1.1811 0.7874, -3.2854 1.0236 0.6114, -3.2546 1.0236 0.7874, -3.2854 1.0236 0.2362, -3.6004 1.0236 0.2362
            ]
        }
        coordIndex [
            0,1,2,-1,2,1,3,-1,4,5,6,-1,6,5,2,-1,6,2,7,-1,7,2,3,-1,6,7,8,-1,8,7,9,-1,9,1,8,-1,8,1,0,-1,8,0,10,-1,10,0,11,-1,12,13,14,-1,14,13,15,-1,16,17,18,-1,18,17,14,-1,18,14,19,-1,19,14,15,-1,18,19,20,-1,20,19,21,-1,21,13,20,-1,20,13,12,-1,20,12,22,-1,22,12,23,-1,24,25,26,-1,26,25,27,-1,28,29,30,-1,30,29,26,-1,30,26,31,-1,31,26,27,-1,30,31,32,-1,32,31,33,-1,33,25,32,-1,32,25,24,-1,32,24,34,-1,34,24,35,-1,36,37,38,-1,38,37,39,-1,40,41,42,-1,42,41,38,-1,42,38,43,-1,43,38,39,-1,42,43,44,-1,44,43,45,-1,45,37,44,-1,44,37,36,-1,44,36,46,-1,46,36,47,-1,
        ]
    }
}
Shape{
    appearance Appearance {
        material  Material 	{
            diffuseColor 0.2235294117647059 0.2235294117647059 0.2235294117647059
            specularColor 0.11372549019607843 0.11372549019607843 0.11372549019607843
            ambientIntensity 0.2235
            transparency 0.0
            shininess 0.5
        }
    }
    geometry IndexedFaceSet {
        ccw TRUE
        solid FALSE
        coord DEF co Coordinate {
            point [
                -3.9094 1.1181 4.2126, -3.9596 1.247 4.3558, -4.0009 1.0987 4.474, -3.9419 0.3476 4.3055, -3.9094 0.3661 4.2126, -3.9432 0.3492 4.3089, -3.957 0.3677 4.3486, -4.0021 1.0918 4.4773, -4.023 0.9675 4.5371, -4.0316 0.8564 4.5616, -3.9674 0.3907 4.3781, -3.9658 0.3861 4.3736, -3.9596 0.3731 4.3558, -4.0325 0.8071 4.5641, -4.0278 0.6941 4.5507, -4.0151 0.595 4.5144, -4.0123 0.5732 4.5064, -3.9799 0.4322 4.414, -4.0548 0.8071 5.315, -4.0278 0.6941 4.5507, -4.0393 0.5916 5.315, -3.9799 0.4322 4.414, -3.9965 0.3913 5.315, -4.2384 0.6679 4.5438, -4.2494 0.5952 4.5123, -4.2245 0.5916 5.315, -4.2673 0.3914 5.315, -4.2582 0.5378 4.4874, -4.2964 0.3907 4.3781, -4.209 0.8071 5.315, -4.2313 0.8071 4.5641, -4.2316 0.7777 4.5632, -4.3543 0.3661 4.2126, -4.2631 1.0915 4.4733, -4.3543 1.1181 4.2126, -4.2838 1.1819 4.4141, -4.3042 1.247 4.3558, -4.2316 0.7777 4.5632, -4.3039 0.373 4.3567, -4.3174 0.3526 4.318, -4.3205 0.3491 4.3094, -4.3218 0.3476 4.3055, -4.3036 0.3734 4.3576, -4.236 0.9201 4.5507, -4.2515 1.0409 4.5064, -4.1319 1.3583 5.1181, -4.3193 1.3583 5.1181, -4.3159 1.3532 5.1619, -3.9479 1.3532 5.1619, -3.9445 1.3583 5.1181, -4.3158 1.353 5.1632, -3.948 1.353 5.1632, -4.3089 1.3384 5.2034, -3.9548 1.3384 5.2034, -4.3083 1.337 5.207, -3.9555 1.337 5.207, -4.2991 1.3146 5.2404, -3.9647 1.3146 5.2404, -3.9665 1.3102 5.247, -4.2973 1.3102 5.247, -3.9763 1.2837 5.2715, -4.2875 1.2837 5.2715, -3.9784 1.2779 5.2768, -4.2853 1.2779 5.2768, -3.9888 1.2462 5.2943, -4.275 1.2462 5.2943, -4.2709 1.2338 5.3012, -4.1319 1.1614 5.315, -4.0127 1.1614 5.315, -4.0068 1.1849 5.3136, -4.2511 1.1614 5.315, -4.257 1.1848 5.3136, -4.2627 1.2048 5.3085, -4.0011 1.2048 5.3085, -3.9929 1.2338 5.3012, -5.2874 1.1181 4.2126, -5.3375 1.247 4.3558, -5.3789 1.0987 4.474, -5.3199 0.3476 4.3055, -5.2874 0.3661 4.2126, -5.3211 0.3492 4.3089, -5.335 0.3677 4.3486, -5.3801 1.0918 4.4773, -5.401 0.9675 4.5371, -5.4095 0.8564 4.5616, -5.3453 0.3907 4.3781, -5.3437 0.3861 4.3736, -5.3375 0.3731 4.3558, -5.4104 0.8071 4.5641, -5.4057 0.6941 4.5507, -5.393 0.595 4.5144, -5.3902 0.5732 4.5064, -5.3579 0.4322 4.414, -5.4327 0.8071 5.315, -5.4173 0.5916 5.315, -5.3579 0.4322 4.414, -5.3745 0.3913 5.315, -4.3629 1.399 4.5247, -4.3723 1.4073 4.5339, -4.3215 1.3052 4.4205, -4.3414 1.363 4.4847, -4.3453 1.3723 4.495, -4.3544 1.3861 4.5104, -4.4212 1.4334 4.5629, -4.4112 1.4309 4.5602, -4.3949 1.4236 4.5521, -5.1933 1.437 4.5669, -5.2014 1.4367 4.5666, -5.2206 1.4337 4.5632, -5.2218 1.4335 4.563, -5.2411 1.4268 4.5556, -5.2467 1.4234 4.5518, -5.2625 1.414 4.5414, -4.383 1.4168 4.5445, -4.3916 1.4222 4.5505, -4.4308 1.4357 4.5654, -4.4484 1.437 4.5669, -5.2694 1.4073 4.534, -5.2826 1.3945 4.5197, -5.2873 1.3862 4.5104, -5.3003 1.363 4.4847, -5.3202 1.3052 4.4205, -3.8724 0.3057 5.3131, -3.8829 0.3057 5.3147, -3.8893 0.1772 5.315, -3.8861 0.3058 5.3149, -3.8893 0.3059 5.315, -3.8724 0.1772 5.3131, -3.8556 0.1772 5.3074, -3.8556 0.3057 5.3074, -3.8405 0.1772 5.298, -3.8405 0.3057 5.298, -3.8279 0.1772 5.2856, -3.8279 0.3057 5.2856, -3.8185 0.1772 5.2706, -3.8185 0.3057 5.2706, -3.8126 0.1772 5.2538, -3.8126 0.3057 5.2538, -3.8106 0.1772 5.2362, -3.8106 0.3057 5.2362, -3.8106 0.1772 4.502, -3.8106 0.1794 4.5188, -3.8106 0.1859 4.5345, -3.8106 0.1962 4.5479, -3.8106 0.2096 4.5582, -3.8106 0.2253 4.5647, -3.8106 0.2421 4.5669, -3.8106 0.2569 4.5652, -3.8106 0.2709 4.5602, -3.8106 0.2834 4.552, -3.8106 0.2937 4.5413, -3.8106 0.3013 4.5285, -3.8106 0.3057 4.5148, -3.0753 0.2421 4.5669, -3.0753 0.2253 4.5647, -3.0753 0.2096 4.5582, -3.0753 0.1962 4.5479, -3.0753 0.1859 4.5345, -3.0753 0.1794 4.5188, -3.0753 0.1772 4.502, -3.0753 0.1772 5.2362, -3.0753 0.3057 4.5148, -3.0753 0.3013 4.5285, -3.0753 0.3057 5.2362, -3.0753 0.2937 4.5413, -3.0753 0.2834 4.552, -3.0753 0.2709 4.5602, -3.0753 0.2569 4.5652, -3.0277 0.3057 4.5148, -3.0029 0.3057 5.3147, -3.014 0.3057 5.313, -3.0733 0.3057 5.2537, -3.0675 0.3057 5.2704, -3.0581 0.3057 5.2853, -3.0307 0.3057 5.3072, -3.0456 0.3057 5.2978, -2.9764 0.3661 4.2126, -3.9351 0.3389 4.349, -3.9245 0.3308 4.3893, -3.9054 0.3163 4.4619, -3.9033 0.3155 4.4659, -3.8887 0.3099 4.4938, -3.8778 0.3074 4.5063, -3.8775 0.3074 4.5065, -3.8701 0.3063 4.5117, -3.0083 0.3074 4.5064, -3.0069 0.3076 4.5053, -2.9964 0.3101 4.4927, -2.9825 0.3154 4.4661, -2.981 0.316 4.4632, -2.9623 0.3319 4.3839, -2.9439 0.3476 4.3055, -3.8641 0.3059 4.514, -3.8582 0.3057 4.5148, -3.026 0.3057 4.5147, -3.0204 0.3059 4.5136, -3.0142 0.3065 4.5109, -2.8851 1.0915 4.4733, -2.9764 1.1181 4.2126, -2.9058 1.1819 4.4141, -2.9262 1.247 4.3558, -2.8715 0.5952 4.5123, -2.8605 0.6679 4.5438, -2.8537 0.7777 4.5632, -2.8533 0.8071 4.5641, -2.9259 0.373 4.3567, -2.9395 0.3526 4.318, -2.9425 0.3491 4.3093, -2.9256 0.3734 4.3576, -2.9184 0.3907 4.3781, -2.8802 0.5378 4.4874, -2.858 0.9201 4.5507, -2.8735 1.0409 4.5064, -2.985 1.399 4.5247, -2.9943 1.4073 4.5339, -2.9436 1.3052 4.4205, -2.9635 1.363 4.4847, -2.9673 1.3723 4.495, -2.9765 1.3861 4.5104, -3.0432 1.4334 4.5629, -3.0333 1.4309 4.5602, -3.0169 1.4236 4.5521, -3.8154 1.437 4.5669, -3.8235 1.4367 4.5666, -3.8427 1.4337 4.5632, -3.8438 1.4335 4.563, -3.8631 1.4268 4.5556, -3.8688 1.4234 4.5518, -3.8846 1.414 4.5414, -3.005 1.4168 4.5445, -3.0137 1.4222 4.5505, -3.0528 1.4357 4.5654, -3.0705 1.437 4.5669, -3.8915 1.4073 4.534, -3.9046 1.3945 4.5197, -3.9093 1.3862 4.5104, -3.9224 1.363 4.4847, -3.9422 1.3052 4.4205, -5.4264 -0.9304 5.25, -5.4163 -0.953 5.2231, -5.3917 0.1772 5.1575, -5.411 -0.9647 5.2091, -5.3977 -0.9825 5.1733, -5.3917 -0.9904 5.1575, -5.4508 0.1772 5.315, -5.4508 -0.7677 5.315, -5.4505 -0.7853 5.3143, -5.449 -0.807 5.3101, -5.4466 -0.8389 5.304, -5.4428 -0.8625 5.2937, -5.4392 -0.8844 5.2841, -5.4315 -0.9119 5.2637, -5.0571 -1.0827 4.685, -5.3917 -1.0827 4.685, -5.0571 -1.0827 5.0, -5.3917 -1.0827 5.0, -5.0571 -1.0039 4.4882, -5.3917 -1.0039 4.4882
            ]
        }
        coordIndex [
            0,1,2,-1,3,4,5,-1,5,4,0,-1,5,0,6,-1,2,7,0,-1,0,7,8,-1,0,8,9,-1,10,11,0,-1,0,11,12,-1,0,12,6,-1,9,13,0,-1,0,13,14,-1,0,14,15,-1,15,16,0,-1,0,16,17,-1,0,17,10,-1,13,18,19,-1,19,18,20,-1,10,21,22,-1,22,21,16,-1,22,16,20,-1,20,16,15,-1,20,15,19,-1,23,24,25,-1,25,24,26,-1,26,24,27,-1,26,27,28,-1,29,30,25,-1,25,30,31,-1,25,31,23,-1,32,33,34,-1,34,33,35,-1,34,35,36,-1,24,23,32,-1,32,23,37,-1,32,37,30,-1,38,24,39,-1,39,24,32,-1,39,32,40,-1,40,32,41,-1,38,42,24,-1,24,42,28,-1,24,28,27,-1,30,43,32,-1,32,43,44,-1,32,44,33,-1,45,46,47,-1,48,49,45,-1,45,47,48,-1,48,47,50,-1,48,50,51,-1,51,50,52,-1,51,52,53,-1,53,52,54,-1,53,54,55,-1,55,54,56,-1,55,56,57,-1,57,56,58,-1,58,56,59,-1,58,59,60,-1,60,59,61,-1,60,61,62,-1,62,61,63,-1,62,63,64,-1,64,63,65,-1,64,65,66,-1,67,68,69,-1,70,67,71,-1,71,67,69,-1,71,69,72,-1,72,69,73,-1,72,73,66,-1,66,73,74,-1,66,74,64,-1,75,76,77,-1,78,79,80,-1,80,79,75,-1,80,75,81,-1,77,82,75,-1,75,82,83,-1,75,83,84,-1,85,86,75,-1,75,86,87,-1,75,87,81,-1,84,88,75,-1,75,88,89,-1,75,89,90,-1,90,91,75,-1,75,91,92,-1,75,92,85,-1,88,93,89,-1,89,93,94,-1,85,95,96,-1,96,95,91,-1,96,91,94,-1,94,91,90,-1,94,90,89,-1,97,98,75,-1,34,36,75,-1,75,36,99,-1,75,99,100,-1,100,101,75,-1,75,101,102,-1,75,102,97,-1,103,75,104,-1,104,75,105,-1,106,107,75,-1,75,107,108,-1,75,108,109,-1,109,110,75,-1,75,110,111,-1,75,111,112,-1,98,113,75,-1,75,113,114,-1,75,114,105,-1,103,115,75,-1,75,115,116,-1,75,116,106,-1,112,117,75,-1,75,117,118,-1,75,118,119,-1,119,120,75,-1,75,120,121,-1,75,121,76,-1,122,123,124,-1,124,123,125,-1,124,125,126,-1,124,127,122,-1,122,127,128,-1,122,128,129,-1,129,128,130,-1,129,130,131,-1,131,130,132,-1,131,132,133,-1,133,132,134,-1,133,134,135,-1,135,134,136,-1,135,136,137,-1,137,136,138,-1,137,138,139,-1,138,140,141,-1,141,142,138,-1,138,142,143,-1,138,143,144,-1,144,145,138,-1,138,145,146,-1,138,146,139,-1,146,147,139,-1,139,147,148,-1,139,148,149,-1,149,150,139,-1,139,150,151,-1,139,151,152,-1,153,146,145,-1,153,145,154,-1,154,145,144,-1,154,144,155,-1,155,144,143,-1,155,143,156,-1,156,143,142,-1,156,142,157,-1,157,142,141,-1,157,141,158,-1,158,141,140,-1,158,140,159,-1,158,159,160,-1,160,154,155,-1,155,156,160,-1,160,156,157,-1,160,157,158,-1,161,162,163,-1,163,162,164,-1,163,164,165,-1,165,166,163,-1,163,166,167,-1,163,167,160,-1,160,167,153,-1,160,153,154,-1,168,161,169,-1,169,161,163,-1,169,163,170,-1,170,163,171,-1,171,172,170,-1,170,172,173,-1,170,173,174,-1,174,173,175,-1,4,3,176,-1,176,3,177,-1,176,177,178,-1,178,179,176,-1,176,179,180,-1,176,180,181,-1,181,182,176,-1,176,182,183,-1,176,183,184,-1,185,186,176,-1,176,186,187,-1,176,187,188,-1,188,189,176,-1,176,189,190,-1,176,190,191,-1,184,192,176,-1,176,192,193,-1,176,193,152,-1,152,161,176,-1,176,161,168,-1,176,168,194,-1,194,195,176,-1,176,195,196,-1,176,196,185,-1,176,197,198,-1,198,197,199,-1,198,199,200,-1,201,202,176,-1,176,202,203,-1,176,203,204,-1,205,201,206,-1,206,201,176,-1,206,176,207,-1,207,176,191,-1,205,208,201,-1,201,208,209,-1,201,209,210,-1,204,211,176,-1,176,211,212,-1,176,212,197,-1,213,214,0,-1,198,200,0,-1,0,200,215,-1,0,215,216,-1,216,217,0,-1,0,217,218,-1,0,218,213,-1,219,0,220,-1,220,0,221,-1,222,223,0,-1,0,223,224,-1,0,224,225,-1,225,226,0,-1,0,226,227,-1,0,227,228,-1,214,229,0,-1,0,229,230,-1,0,230,221,-1,219,231,0,-1,0,231,232,-1,0,232,222,-1,228,233,0,-1,0,233,234,-1,0,234,235,-1,235,236,0,-1,0,236,237,-1,0,237,1,-1,238,239,240,-1,239,241,240,-1,240,241,242,-1,240,242,243,-1,244,245,240,-1,240,245,246,-1,246,247,240,-1,240,247,248,-1,240,248,249,-1,249,250,240,-1,240,250,251,-1,240,251,238,-1,252,253,254,-1,254,253,255,-1,256,257,252,-1,252,257,253,-1,
        ]
    }
}
Shape{
    appearance Appearance {
        material  Material 	{
            diffuseColor 1.0 1.0 1.0
            specularColor 0.5019607843137255 0.5019607843137255 0.5019607843137255
            ambientIntensity 1.0
            transparency 0.0
            shininess 0.5
        }
    }
    geometry IndexedFaceSet {
        ccw TRUE
        solid FALSE
        coord DEF co Coordinate {
            point [
                -4.2894 -0.1968 4.2126, -5.1752 -0.1968 4.2126, -5.1752 -0.9843 4.2126, -5.3524 0.1575 4.2126, -4.2894 0.1575 4.2126, -4.25 0.1772 4.2126, -4.25 -1.0039 4.2126, -5.3917 -1.0039 4.2126, -5.3524 -0.9843 4.2126, -5.3917 0.1772 4.2126
            ]
        }
        coordIndex [
            0,1,2,-1,3,4,5,-1,5,4,0,-1,5,0,6,-1,6,0,2,-1,6,2,7,-1,7,2,8,-1,7,8,9,-1,9,8,3,-1,9,3,5,-1,
        ]
    }
}
Shape{
    appearance Appearance {
        material  Material 	{
            diffuseColor 0.2235294117647059 0.2235294117647059 0.2235294117647059
            specularColor 0.11372549019607843 0.11372549019607843 0.11372549019607843
            ambientIntensity 0.2235
            transparency 0.0
            shininess 0.5
        }
    }
    geometry IndexedFaceSet {
        ccw TRUE
        solid FALSE
        coord DEF co Coordinate {
            point [
                -5.2673 0.1772 5.315, -5.4508 0.1772 5.315, -5.3917 0.1772 5.1575, -4.1909 0.1772 5.315, -4.3745 0.1772 5.315, -4.25 0.1772 5.1575, -4.3914 0.1772 5.3131, -5.2503 0.1772 5.3131, -4.4532 0.1772 5.2362, -4.25 0.1772 4.2126, -4.4532 0.1772 4.502, -5.3917 0.1772 4.2126, -5.1885 0.1772 4.502, -5.1885 0.1772 5.2362, -4.4082 0.1772 5.3074, -4.4232 0.1772 5.298, -4.4358 0.1772 5.2856, -5.1904 0.1772 5.2532, -5.1962 0.1772 5.2701, -5.2056 0.1772 5.2852, -4.4453 0.1772 5.2706, -4.4512 0.1772 5.2538, -5.2183 0.1772 5.2978, -5.2334 0.1772 5.3073, -5.0571 -1.0039 4.9213, -4.25 -1.0039 4.9213, -5.0571 -1.0039 4.4882, -4.25 -1.0039 4.2126, -5.3917 -1.0039 4.4882, -5.3917 -1.0039 4.2126, -4.25 -0.9904 5.1575, -4.2441 -0.9825 5.1733, -4.2302 -0.964 5.2102, -4.2254 -0.9531 5.2232, -4.2159 -0.9322 5.2483, -4.2102 -0.9119 5.2637, -4.203 -0.8865 5.2829, -4.1991 -0.8623 5.2932, -4.1943 -0.8323 5.306, -4.1927 -0.8071 5.3103, -4.1911 -0.7814 5.3146, -4.1909 -0.7677 5.315, -3.9851 0.3645 5.315, -3.9888 0.3733 5.315, -4.275 0.3733 5.315, -4.2787 0.3646 5.315, -3.9965 0.3913 5.315, -3.9737 0.3496 5.315, -4.0728 -0.7677 5.315, -4.0728 0.1772 5.315, -4.1319 -0.7677 5.315, -4.2964 0.3413 5.315, -4.3103 0.3302 5.315, -4.29 0.3496 5.315, -4.3191 0.3231 5.315, -4.3345 0.3161 5.315, -4.3614 0.3082 5.315, -4.3745 0.3059 5.315, -4.3745 0.1926 5.315, -4.0268 1.0966 5.315, -4.0127 1.1614 5.315, -4.1319 1.1614 5.315, -4.3458 0.311 5.315, -4.3745 0.1795 5.315, -3.8893 0.3059 5.315, -3.8925 0.3061 5.315, -3.8893 0.1772 5.315, -3.9023 0.3081 5.315, -3.9197 0.3116 5.315, -3.9292 0.3161 5.315, -4.2511 1.1614 5.315, -4.237 1.0966 5.315, -4.0548 0.8071 5.315, -4.209 0.8071 5.315, -4.0393 0.5916 5.315, -4.2245 0.5916 5.315, -4.2673 0.3914 5.315, -3.9461 0.324 5.315, -3.9536 0.3301 5.315, -3.9668 0.3407 5.315, -4.02 -0.9838 5.174, -4.0138 -0.9904 5.1575, -4.0138 0.1772 5.1575, -4.0711 -0.8071 5.3104, -4.0705 -0.8218 5.3087, -4.065 -0.8627 5.2942, -4.064 -0.8703 5.2915, -4.0539 -0.9125 5.2644, -4.0524 -0.9186 5.2605, -4.0387 -0.954 5.2238, -4.0383 -0.9548 5.2229, -4.0205 -0.9833 5.1754, -3.6791 -1.0827 4.685, -4.0138 -1.0827 4.685, -3.6791 -1.0827 5.0, -4.0138 -1.0827 5.0, -3.6791 -1.0039 4.4882, -4.0138 -1.0039 4.4882
            ]
        }
        coordIndex [
            0,1,2,-1,3,4,5,-1,5,4,6,-1,0,2,7,-1,5,8,9,-1,9,8,10,-1,9,10,11,-1,11,10,12,-1,11,12,2,-1,2,12,13,-1,6,14,5,-1,5,14,15,-1,5,15,16,-1,13,17,2,-1,2,17,18,-1,2,18,19,-1,16,20,5,-1,5,20,21,-1,5,21,8,-1,19,22,2,-1,2,22,23,-1,2,23,7,-1,24,25,26,-1,26,25,27,-1,26,27,28,-1,28,27,29,-1,30,31,5,-1,5,31,32,-1,5,32,33,-1,33,34,5,-1,5,34,35,-1,5,35,36,-1,36,37,5,-1,5,37,38,-1,5,38,39,-1,39,40,5,-1,5,40,41,-1,5,41,3,-1,42,43,3,-1,44,45,46,-1,46,45,43,-1,42,3,47,-1,48,49,50,-1,50,49,3,-1,50,3,41,-1,3,51,52,-1,43,45,3,-1,3,45,53,-1,3,53,51,-1,52,54,3,-1,3,54,55,-1,3,55,4,-1,56,57,58,-1,59,60,61,-1,55,62,4,-1,4,62,56,-1,4,56,63,-1,63,56,58,-1,64,65,66,-1,66,65,67,-1,66,67,49,-1,49,67,68,-1,49,68,69,-1,61,70,59,-1,59,70,71,-1,59,71,72,-1,72,71,73,-1,72,73,74,-1,74,73,75,-1,74,75,46,-1,46,75,76,-1,46,76,44,-1,69,77,49,-1,49,77,78,-1,49,78,3,-1,3,78,79,-1,3,79,47,-1,80,81,82,-1,83,82,48,-1,48,82,49,-1,83,84,82,-1,82,84,85,-1,82,85,86,-1,86,87,82,-1,82,87,88,-1,82,88,89,-1,89,90,82,-1,82,90,91,-1,82,91,80,-1,92,93,94,-1,94,93,95,-1,96,97,92,-1,92,97,93,-1,
        ]
    }
}
Shape{
    appearance Appearance {
        material  Material 	{
            diffuseColor 1.0 1.0 1.0
            specularColor 0.5019607843137255 0.5019607843137255 0.5019607843137255
            ambientIntensity 1.0
            transparency 0.0
            shininess 0.5
        }
    }
    geometry IndexedFaceSet {
        ccw TRUE
        solid FALSE
        coord DEF co Coordinate {
            point [
                -2.9114 -0.1968 4.2126, -3.7972 -0.1968 4.2126, -3.7972 -0.9843 4.2126, -3.9744 0.1575 4.2126, -2.9114 0.1575 4.2126, -2.872 0.1772 4.2126, -2.872 -1.0039 4.2126, -4.0138 -1.0039 4.2126, -3.9744 -0.9843 4.2126, -4.0138 0.1772 4.2126
            ]
        }
        coordIndex [
            0,1,2,-1,3,4,5,-1,5,4,0,-1,5,0,6,-1,6,0,2,-1,6,2,7,-1,7,2,8,-1,7,8,9,-1,9,8,3,-1,9,3,5,-1,
        ]
    }
}
Shape{
    appearance Appearance {
        material  Material 	{
            diffuseColor 0.2235294117647059 0.2235294117647059 0.2235294117647059
            specularColor 0.11372549019607843 0.11372549019607843 0.11372549019607843
            ambientIntensity 0.2235
            transparency 0.0
            shininess 0.5
        }
    }
    geometry IndexedFaceSet {
        ccw TRUE
        solid FALSE
        coord DEF co Coordinate {
            point [
                -3.6791 -1.0039 4.9213, -2.872 -1.0039 4.9213, -3.6791 -1.0039 4.4882, -2.872 -1.0039 4.2126, -4.0138 -1.0039 4.4882, -4.0138 -1.0039 4.2126, -3.6398 -1.2402 0.7874, -3.2461 -1.2402 0.7874, -3.2831 -1.2402 0.8328, -3.3304 -1.2402 0.8674, -3.3848 -1.2402 0.8891, -3.4429 -1.2402 0.8965, -3.501 -1.2402 0.8891, -3.5554 -1.2402 0.8674, -3.6027 -1.2402 0.8328, -3.9337 -1.2402 0.505, -3.9751 -1.2402 0.4918, -4.0138 -1.2402 0.7874, -4.0094 -1.2402 0.4808, -4.0672 -1.2402 0.4734, -4.0728 -1.2402 0.4727, -3.7137 -1.2402 0.6828, -3.7689 -1.2402 0.6224, -3.7822 -1.2402 0.6078, -3.8581 -1.2402 0.5464, -3.8834 -1.2402 0.5326, -4.0138 1.437 0.7874, -4.0728 1.6339 0.4724, -4.0138 1.6339 0.7874, -4.2303 1.6339 0.4724, -4.2894 1.6339 0.7874, -4.0138 1.6339 1.7323, -4.2894 1.6339 1.7323, -4.2894 1.437 0.7874, -4.2894 -1.2402 0.7874, -4.2311 -1.2402 0.4769, -4.2303 -1.2402 0.4724
            ]
        }
        coordIndex [
            0,1,2,-1,2,1,3,-1,2,3,4,-1,4,3,5,-1,6,7,8,-1,8,9,6,-1,6,9,10,-1,6,10,11,-1,11,12,6,-1,6,12,13,-1,6,13,14,-1,15,16,17,-1,16,18,17,-1,17,18,19,-1,17,19,20,-1,6,21,17,-1,17,21,22,-1,17,22,23,-1,23,24,17,-1,17,24,25,-1,17,25,15,-1,17,20,26,-1,26,20,27,-1,26,27,28,-1,27,29,28,-1,28,29,30,-1,28,30,31,-1,31,30,32,-1,33,30,29,-1,34,33,35,-1,35,33,29,-1,35,29,36,-1,
        ]
    }
}
Shape{
    appearance Appearance {
        material  Material 	{
            diffuseColor 0.6666666666666666 0.6980392156862745 0.7686274509803922
            specularColor 0.3333333333333333 0.34901960784313724 0.3843137254901961
            ambientIntensity 0.6967
            transparency 0.0
            shininess 0.5
        }
    }
    geometry IndexedFaceSet {
        ccw TRUE
        solid FALSE
        coord DEF co Coordinate {
            point [
                -4.1713 -1.2402 0.4724, -4.2311 -1.2402 0.4769, -4.2303 -1.2402 0.4724
            ]
        }
        coordIndex [
            0,1,2,-1,
        ]
    }
}
Shape{
    appearance Appearance {
        material  Material 	{
            diffuseColor 0.2235294117647059 0.2235294117647059 0.2235294117647059
            specularColor 0.11372549019607843 0.11372549019607843 0.11372549019607843
            ambientIntensity 0.2235
            transparency 0.0
            shininess 0.5
        }
    }
    geometry IndexedFaceSet {
        ccw TRUE
        solid FALSE
        coord DEF co Coordinate {
            point [
                -4.5831 -1.2402 0.7262, -4.624 -1.2402 0.7874, -4.2894 -1.2402 0.7874, -4.2311 -1.2402 0.4769, -4.2695 -1.2402 0.4846, -4.3633 -1.2402 0.5211, -4.4586 -1.2402 0.5871, -5.0177 -1.2402 0.7874, -4.9806 -1.2402 0.8328, -4.9334 -1.2402 0.8674, -4.7083 -1.2402 0.8674, -4.7627 -1.2402 0.8891, -4.8209 -1.2402 0.8965, -4.6611 -1.2402 0.8328, -4.879 -1.2402 0.8891, -5.3117 -1.2402 0.505, -5.353 -1.2402 0.4918, -5.3917 -1.2402 0.7874, -5.0917 -1.2402 0.6828, -5.1468 -1.2402 0.6224, -5.1602 -1.2402 0.6078, -5.2361 -1.2402 0.5464, -5.2613 -1.2402 0.5326, -5.3874 -1.2402 0.4808, -5.4452 -1.2402 0.4734, -5.4508 -1.2402 0.4727, -5.3917 1.437 0.7874, -5.4508 1.6339 0.4725, -5.3917 1.6339 0.7874
            ]
        }
        coordIndex [
            0,1,2,-1,2,3,4,-1,4,5,2,-1,2,5,6,-1,2,6,0,-1,7,1,8,-1,8,1,9,-1,10,11,12,-1,1,13,9,-1,9,13,10,-1,9,10,14,-1,14,10,12,-1,15,16,17,-1,7,18,17,-1,17,18,19,-1,17,19,20,-1,20,21,17,-1,17,21,22,-1,17,22,15,-1,16,23,17,-1,17,23,24,-1,17,24,25,-1,17,25,26,-1,26,25,27,-1,26,27,28,-1,
        ]
    }
}
Shape{
    appearance Appearance {
        material  Material 	{
            diffuseColor 1.0 1.0 1.0
            specularColor 0.5019607843137255 0.5019607843137255 0.5019607843137255
            ambientIntensity 1.0
            transparency 0.0
            shininess 0.5
        }
    }
    geometry IndexedFaceSet {
        ccw TRUE
        solid FALSE
        coord DEF co Coordinate {
            point [
                -5.6516 0.418 1.2599, -5.6516 0.3757 1.2314, -5.6476 0.3975 1.2461, -5.6476 0.3757 1.2314, -5.6476 0.418 1.2599, -5.6476 0.4657 1.2767, -5.6516 0.4657 1.2767, -5.6476 0.5048 1.2808, -5.6516 0.5048 1.2808, -5.6476 0.5517 1.275, -5.6516 0.5517 1.275, -5.6476 0.5955 1.2581, -5.6516 0.5955 1.2581, -5.6516 0.6186 1.2438, -5.6476 0.6149 1.2461, -5.6476 0.6186 1.2438, -5.6476 0.6409 1.2247, -5.6516 0.6409 1.2247, -5.6476 0.6604 1.202, -5.6516 0.6604 1.202, -5.6476 0.6713 1.2033, -5.6516 0.6713 1.2033, -5.6476 0.6822 1.2039, -5.6516 0.6822 1.2039, -5.6476 0.7196 1.1993, -5.6516 0.7196 1.1993, -5.6476 0.7548 1.1856, -5.6516 0.7548 1.1856, -5.6476 0.7849 1.1644, -5.6516 0.7849 1.1644, -5.6476 0.7913 1.1584, -5.6516 0.7913 1.1584, -5.6476 0.8359 1.0502, -5.6516 0.8359 1.0502, -5.6516 0.8356 1.0592, -5.6476 0.8142 1.129, -5.6516 0.8142 1.129, -5.6476 0.8224 1.1104, -5.6516 0.8293 1.0949, -5.6476 0.8293 1.0949, -5.6476 0.8335 1.0713, -5.6476 0.8356 1.0592, -5.6476 0.8313 1.0129, -5.6516 0.8313 1.0129, -5.6476 0.8177 0.9776, -5.6516 0.8177 0.9776, -5.6476 0.7961 0.9468, -5.6516 0.7961 0.9468, -5.6476 0.7665 0.9216, -5.6516 0.7665 0.9216, -5.6476 0.7322 0.9049, -5.6516 0.7322 0.9049, -5.6476 0.7201 0.9012, -5.6516 0.7201 0.9012, -5.6476 0.719 0.8987, -5.6516 0.7106 0.8808, -5.6476 0.7106 0.8808, -5.6476 0.6964 0.8634, -5.6516 0.6964 0.8634, -5.6476 0.6779 0.8494, -5.6516 0.6779 0.8494, -5.6476 0.6693 0.8458, -5.6516 0.6559 0.8403, -5.6476 0.6559 0.8403, -5.6476 0.6335 0.8368, -5.6516 0.6335 0.8368, -5.6476 0.63 0.8367, -5.6516 0.63 0.8367, -5.6476 0.5351 0.9316, -5.6516 0.5351 0.9316, -5.6516 0.5357 0.9214, -5.6476 0.6069 0.8396, -5.6476 0.5907 0.8458, -5.6516 0.5858 0.8477, -5.6516 0.6069 0.8396, -5.6476 0.5858 0.8477, -5.6476 0.5669 0.8609, -5.6516 0.5669 0.8609, -5.6476 0.5526 0.8769, -5.6516 0.5526 0.8769, -5.6476 0.5413 0.898, -5.6516 0.5413 0.898, -5.6476 0.5411 0.8987, -5.6476 0.5357 0.9214, -5.6516 0.5351 0.9411, -5.6476 0.5351 0.9411, -5.6516 0.4023 1.0113, -5.6476 0.4023 1.0113, -5.6516 0.4317 1.0616, -5.6476 0.4317 1.0616, -5.6516 0.5589 0.9952, -5.6476 0.5589 0.9952, -5.6476 0.5755 1.0103, -5.6516 0.5755 1.0103, -5.6476 0.5957 1.0211, -5.6516 0.5957 1.0211, -5.6476 0.6186 1.0268, -5.6516 0.6186 1.0268, -5.6476 0.63 1.0274, -5.6516 0.63 1.0274, -5.6476 0.6528 1.0246, -5.6516 0.6528 1.0246, -5.6476 0.6737 1.0166, -5.6516 0.6737 1.0166, -5.6476 0.6931 1.0031, -5.6516 0.6931 1.0031, -5.6476 0.7088 0.9851, -5.6516 0.7088 0.9851, -5.6476 0.7192 0.9648, -5.6516 0.7192 0.9648, -5.6476 0.74 0.9776, -5.6516 0.74 0.9776, -5.6476 0.7569 0.9951, -5.6516 0.7569 0.9951, -5.6476 0.7681 1.014, -5.6516 0.7681 1.014, -5.6476 0.7749 1.0372, -5.6516 0.7749 1.0372, -5.6476 0.7761 1.0521, -5.6516 0.7761 1.0521, -5.6516 0.7733 1.0752, -5.6476 0.7738 1.0713, -5.6476 0.7733 1.0752, -5.6476 0.7651 1.0963, -5.6476 0.7553 1.1104, -5.6516 0.752 1.1152, -5.6516 0.7651 1.0963, -5.6476 0.752 1.1152, -5.6476 0.7359 1.1295, -5.6516 0.7359 1.1295, -5.6476 0.7148 1.1408, -5.6516 0.7148 1.1408, -5.6476 0.6914 1.1464, -5.6516 0.6914 1.1464, -5.6476 0.6812 1.147, -5.6516 0.6812 1.147, -5.6476 0.6586 1.1441, -5.6516 0.6586 1.1441, -5.6476 0.6374 1.1363, -5.6516 0.6374 1.1363, -5.6476 0.631 1.1328, -5.6516 0.631 1.1328, -5.6476 0.6164 1.1628, -5.6516 0.6164 1.1628, -5.6476 0.5951 1.1882, -5.6516 0.5951 1.1882, -5.6476 0.5698 1.2067, -5.6516 0.5698 1.2067, -5.6476 0.5388 1.2193, -5.6516 0.5388 1.2193, -5.6476 0.5038 1.2238, -5.6516 0.5038 1.2238, -5.6476 0.4715 1.2199, -5.6516 0.4715 1.2199, -5.6476 0.4418 1.2084, -5.6516 0.4418 1.2084, -5.6476 0.4152 1.1899, -5.6516 0.4152 1.1899, -5.6476 0.4131 1.188, -5.6516 0.4131 1.188, -5.6476 0.3916 1.1625, -5.6516 0.3916 1.1625, -5.6476 0.3769 1.132, -5.6516 0.3769 1.132, -5.6516 0.371 1.1052, -5.6476 0.3721 1.1104, -5.6476 0.371 1.1052, -5.6516 0.3634 1.1052, -5.6476 0.3634 1.1052, -5.6476 0.3468 1.1034, -5.6516 0.3468 1.1034, -5.6476 0.3301 1.0973, -5.6516 0.3301 1.0973, -5.6476 0.3152 1.0873, -5.6516 0.3152 1.0873, -5.6476 0.3028 1.0737, -5.6516 0.3028 1.0737, -5.6476 0.3015 1.0713, -5.6516 0.2941 1.0573, -5.6476 0.2941 1.0573, -5.6476 0.2898 1.039, -5.6516 0.2898 1.039, -5.6476 0.2894 1.0312, -5.6516 0.2894 1.0312, -5.6476 0.2913 1.0144, -5.6516 0.2913 1.0144, -5.6476 0.2974 0.9973, -5.6516 0.2974 0.9973, -5.6476 0.3075 0.9823, -5.6516 0.3075 0.9823, -5.6476 0.3135 0.9762, -5.6516 0.3135 0.9762, -5.6476 0.3283 0.9657, -5.6516 0.3283 0.9657, -5.6476 0.3456 0.9591, -5.6516 0.3456 0.9591, -5.6476 0.3577 0.9572, -5.6516 0.3577 0.9572, -5.6516 0.4004 0.9572, -5.6476 0.4004 0.9572, -5.6476 0.4023 0.9575, -5.6516 0.4023 0.9575, -5.6476 0.4052 0.9581, -5.6516 0.4052 0.9581, -5.6476 0.4061 0.9582, -5.6516 0.4061 0.9582, -5.6476 0.4134 0.9572, -5.6516 0.4134 0.9572, -5.6476 0.42 0.9547, -5.6516 0.42 0.9547, -5.6476 0.4258 0.9505, -5.6516 0.4258 0.9505, -5.6476 0.4297 0.9462, -5.6516 0.4297 0.9462, -5.6476 0.4334 0.9397, -5.6516 0.4334 0.9397, -5.6476 0.4353 0.9325, -5.6516 0.4353 0.9325, -5.6476 0.4355 0.9288, -5.6516 0.4355 0.9288, -5.6476 0.4346 0.9217, -5.6516 0.4346 0.9217, -5.6476 0.4321 0.9153, -5.6516 0.4321 0.9153, -5.6476 0.428 0.9093, -5.6516 0.428 0.9093, -5.6476 0.4258 0.9071, -5.6516 0.4258 0.9071, -5.6476 0.4196 0.9027, -5.6516 0.4196 0.9027, -5.6476 0.4133 0.9002, -5.6516 0.4133 0.9002, -5.6476 0.408 0.8993, -5.6516 0.408 0.8993, -5.6516 0.352 0.8993, -5.6476 0.352 0.8993, -5.6476 0.3204 0.906, -5.6516 0.3204 0.906, -5.6476 0.2914 0.9202, -5.6516 0.2914 0.9202, -5.6476 0.2657 0.942, -5.6516 0.2657 0.942, -5.6476 0.2468 0.9684, -5.6516 0.2468 0.9684, -5.6476 0.2349 0.9984, -5.6516 0.2349 0.9984, -5.6476 0.2306 1.0322, -5.6516 0.2306 1.0322, -5.6476 0.2596 1.1104, -5.6516 0.266 1.1192, -5.6476 0.2466 1.0923, -5.6516 0.2466 1.0923, -5.6476 0.2381 1.0713, -5.6516 0.2349 1.0633, -5.6476 0.2349 1.0633, -5.6476 0.266 1.1192, -5.6476 0.2917 1.141, -5.6516 0.2917 1.141, -5.6476 0.32 1.155, -5.6516 0.32 1.155, -5.6476 0.3245 1.1565, -5.6516 0.3245 1.1565, -5.6476 0.3444 1.1951, -5.6516 0.3444 1.1951, -5.6516 -0.4338 0.9185, -5.6476 -0.4338 0.9185, -5.6476 -0.4439 0.9305, -5.6516 -0.4439 0.9305, -5.6476 -0.4504 0.9443, -5.6516 -0.4504 0.9443, -5.6476 -0.4536 0.96, -5.6516 -0.4536 0.96, -5.6476 -0.4539 0.9682, -5.6516 -0.4539 0.9682, -5.6476 -0.452 0.9856, -5.6516 -0.452 0.9856, -5.6476 -0.4472 0.9985, -5.6516 -0.4472 0.9985, -5.6476 -0.4391 1.0103, -5.6516 -0.4391 1.0103, -5.6476 -0.4338 1.0156, -5.6516 -0.4338 1.0156, -5.6476 -0.4203 1.0249, -5.6516 -0.4203 1.0249, -5.6476 -0.4043 1.0309, -5.6516 -0.4043 1.0309, -5.6476 -0.3834 1.0333, -5.6516 -0.3834 1.0333, -5.6516 -0.3453 1.0333, -5.6476 -0.3453 1.0333, -5.6516 -0.3453 0.8998, -5.6476 -0.3453 0.8998, -5.6516 -0.382 0.8998, -5.6476 -0.382 0.8998, -5.6476 -0.4015 0.9018, -5.6516 -0.4015 0.9018, -5.6476 -0.4173 0.9072, -5.6516 -0.4173 0.9072, -5.6476 -0.4306 0.9157, -5.6516 -0.4306 0.9157, -5.6516 0.104 0.9599, -5.6516 0.104 0.915, -5.6476 0.104 0.9599, -5.6476 0.104 0.915, -5.6516 0.0563 0.9599, -5.6476 0.0563 0.9599, -5.6516 0.0563 0.9752, -5.6476 0.0563 0.9752, -5.6516 0.104 0.9752, -5.6476 0.104 0.9752, -5.6516 0.104 1.0179, -5.6476 0.104 1.0179, -5.6516 0.0525 1.0179, -5.6476 0.0525 1.0179, -5.6516 0.0525 1.0333, -5.6476 0.0525 1.0333, -5.6516 0.1213 1.0333, -5.6476 0.1213 1.0333, -5.6516 0.1213 0.8998, -5.6476 0.1213 0.8998, -5.6516 0.0495 0.8998, -5.6476 0.0495 0.8998, -5.6516 0.0495 0.915, -5.6476 0.0495 0.915, -5.6476 -0.2942 1.1115, -5.6516 -0.2942 1.1115, -5.6476 -0.3327 1.2125, -5.6516 -0.3451 1.245, -5.6476 -0.3451 1.245, -5.6516 -0.3133 1.1115, -5.6476 -0.3133 1.1115, -5.6516 -0.3261 1.148, -5.6476 -0.3261 1.148, -5.6476 -0.3817 1.148, -5.6516 -0.3817 1.148, -5.6476 -0.3327 1.148, -5.6516 -0.3953 1.1115, -5.6476 -0.3953 1.1115, -5.6516 -0.4143 1.1115, -5.6476 -0.4143 1.1115, -5.6516 -0.3635 1.245, -5.6476 -0.3635 1.245, -5.6516 -0.0984 1.1716, -5.6516 -0.0984 1.1267, -5.6476 -0.0984 1.1716, -5.6476 -0.0984 1.1267, -5.6516 -0.1461 1.1716, -5.6476 -0.1345 1.1716, -5.6476 -0.1461 1.1716, -5.6516 -0.1461 1.1869, -5.6476 -0.1461 1.1869, -5.6476 -0.0984 1.1869, -5.6516 -0.0984 1.1869, -5.6476 -0.1345 1.1869, -5.6516 -0.0984 1.2296, -5.6476 -0.0984 1.2296, -5.6476 -0.1499 1.2296, -5.6516 -0.1499 1.2296, -5.6476 -0.1345 1.2296, -5.6516 -0.1499 1.245, -5.6476 -0.1499 1.245, -5.6476 -0.0812 1.245, -5.6516 -0.0812 1.245, -5.6476 -0.1345 1.245, -5.6516 -0.0812 1.1115, -5.6476 -0.0812 1.1115, -5.6476 -0.153 1.1115, -5.6516 -0.153 1.1115, -5.6476 -0.1345 1.1115, -5.6516 -0.153 1.1267, -5.6476 -0.153 1.1267, -5.6476 -0.1345 1.1267, -5.6516 -0.0545 1.1335, -5.6476 -0.0545 1.1335, -5.6476 -0.0408 1.1275, -5.6516 -0.0408 1.1275, -5.6476 -0.0256 1.1248, -5.6516 -0.0256 1.1248, -5.6476 -0.02 1.1246, -5.6516 -0.02 1.1246, -5.6476 -0.0076 1.126, -5.6516 -0.0076 1.126, -5.6476 0.0021 1.1295, -5.6516 0.0021 1.1295, -5.6476 0.011 1.1355, -5.6516 0.011 1.1355, -5.6476 0.0143 1.1387, -5.6516 0.0143 1.1387, -5.6476 0.0211 1.1482, -5.6516 0.0211 1.1482, -5.6476 0.0253 1.1591, -5.6516 0.0253 1.1591, -5.6476 0.0273 1.1755, -5.6516 0.0273 1.1755, -5.6476 0.0274 1.1767, -5.6516 0.0274 1.1767, -5.6476 0.0254 1.1942, -5.6516 0.0254 1.1942, -5.6476 0.021 1.2059, -5.6516 0.021 1.2059, -5.6476 0.0147 1.2153, -5.6516 0.0147 1.2153, -5.6476 0.0133 1.2169, -5.6516 0.0133 1.2169, -5.6476 0.0048 1.224, -5.6516 0.0048 1.224, -5.6476 -0.0056 1.229, -5.6516 -0.0056 1.229, -5.6476 -0.0171 1.2314, -5.6516 -0.0171 1.2314, -5.6476 -0.023 1.2317, -5.6516 -0.023 1.2317, -5.6476 -0.0395 1.2297, -5.6516 -0.0395 1.2297, -5.6476 -0.053 1.2245, -5.6516 -0.053 1.2245, -5.6476 -0.0545 1.2237, -5.6516 -0.0545 1.2237, -5.6516 -0.0545 1.2418, -5.6476 -0.0545 1.2418, -5.6476 -0.0229 1.2472, -5.6516 -0.0229 1.2472, -5.6516 -0.0241 1.2472, -5.6476 -0.0413 1.2457, -5.6516 -0.0413 1.2457, -5.6476 -0.0366 1.2461, -5.6476 -0.0241 1.2472, -5.6516 -0.0051 1.2452, -5.6476 -0.0127 1.2461, -5.6476 -0.0051 1.2452, -5.6476 0.0091 1.2401, -5.6516 0.0091 1.2401, -5.6476 0.0223 1.2313, -5.6516 0.0223 1.2313, -5.6476 0.0262 1.2276, -5.6516 0.0262 1.2276, -5.6476 0.0358 1.215, -5.6476 0.0395 1.2064, -5.6516 0.0422 1.2001, -5.6516 0.0358 1.215, -5.6476 0.0422 1.2001, -5.6476 0.0452 1.1827, -5.6516 0.0452 1.1827, -5.6476 0.0454 1.1757, -5.6516 0.0454 1.1757, -5.6476 0.0434 1.1566, -5.6476 0.0395 1.1451, -5.6516 0.0384 1.1421, -5.6516 0.0434 1.1566, -5.6476 0.0384 1.1421, -5.6476 0.0309 1.1304, -5.6516 0.0309 1.1304, -5.6476 0.0283 1.1275, -5.6516 0.0283 1.1275, -5.6476 0.0057 1.1129, -5.6516 0.0182 1.119, -5.6476 0.0182 1.119, -5.6476 -0.0056 1.1104, -5.6516 -0.0086 1.1097, -5.6516 0.0057 1.1129, -5.6476 -0.0086 1.1097, -5.6476 -0.0175 1.1093, -5.6516 -0.0175 1.1093, -5.6516 -0.0381 1.1113, -5.6476 -0.0291 1.1104, -5.6476 -0.0381 1.1113, -5.6476 -0.0524 1.116, -5.6516 -0.0524 1.116, -5.6476 -0.0545 1.117, -5.6516 -0.0545 1.117, -5.6516 0.104 1.245, -5.6516 0.104 1.1267, -5.6476 0.104 1.245, -5.6476 0.104 1.1267, -5.6516 0.1213 1.245, -5.6476 0.1213 1.245, -5.6516 0.1213 1.1115, -5.6476 0.1213 1.1115, -5.6516 0.0509 1.1115, -5.6476 0.0509 1.1115, -5.6516 0.0509 1.1267, -5.6476 0.0509 1.1267
            ]
        }
        coordIndex [
            0,1,2,-1,2,1,3,-1,2,4,0,-1,0,4,5,-1,0,5,6,-1,6,5,7,-1,6,7,8,-1,8,7,9,-1,8,9,10,-1,10,9,11,-1,10,11,12,-1,12,11,13,-1,13,11,14,-1,13,14,15,-1,13,15,16,-1,13,16,17,-1,17,16,18,-1,17,18,19,-1,19,18,20,-1,19,20,21,-1,21,20,22,-1,21,22,23,-1,23,22,24,-1,23,24,25,-1,25,24,26,-1,25,26,27,-1,27,26,28,-1,27,28,29,-1,29,28,30,-1,29,30,31,-1,32,33,34,-1,31,30,35,-1,31,35,36,-1,36,35,37,-1,36,37,38,-1,37,39,38,-1,38,39,40,-1,38,40,34,-1,34,40,41,-1,34,41,32,-1,33,32,42,-1,33,42,43,-1,43,42,44,-1,43,44,45,-1,45,44,46,-1,45,46,47,-1,47,46,48,-1,47,48,49,-1,49,48,50,-1,49,50,51,-1,51,50,52,-1,51,52,53,-1,53,52,54,-1,53,54,55,-1,54,56,55,-1,55,56,57,-1,55,57,58,-1,58,57,59,-1,58,59,60,-1,60,59,61,-1,60,61,62,-1,61,63,62,-1,62,63,64,-1,62,64,65,-1,65,64,66,-1,65,66,67,-1,68,69,70,-1,67,66,71,-1,72,73,71,-1,71,73,74,-1,71,74,67,-1,72,75,73,-1,73,75,76,-1,73,76,77,-1,77,76,78,-1,77,78,79,-1,79,78,80,-1,79,80,81,-1,81,80,82,-1,81,82,70,-1,70,82,83,-1,70,83,68,-1,84,69,85,-1,85,69,68,-1,86,84,87,-1,87,84,85,-1,88,86,89,-1,89,86,87,-1,90,88,91,-1,91,88,89,-1,90,91,92,-1,90,92,93,-1,93,92,94,-1,93,94,95,-1,95,94,96,-1,95,96,97,-1,97,96,98,-1,97,98,99,-1,99,98,100,-1,99,100,101,-1,101,100,102,-1,101,102,103,-1,103,102,104,-1,103,104,105,-1,105,104,106,-1,105,106,107,-1,107,106,108,-1,107,108,109,-1,109,108,110,-1,109,110,111,-1,111,110,112,-1,111,112,113,-1,113,112,114,-1,113,114,115,-1,115,114,116,-1,115,116,117,-1,117,116,118,-1,117,118,119,-1,120,119,118,-1,118,121,120,-1,120,121,122,-1,120,122,123,-1,124,125,123,-1,123,125,126,-1,123,126,120,-1,124,127,125,-1,125,127,128,-1,125,128,129,-1,129,128,130,-1,129,130,131,-1,131,130,132,-1,131,132,133,-1,133,132,134,-1,133,134,135,-1,135,134,136,-1,135,136,137,-1,137,136,138,-1,137,138,139,-1,139,138,140,-1,139,140,141,-1,141,140,142,-1,141,142,143,-1,143,142,144,-1,143,144,145,-1,145,144,146,-1,145,146,147,-1,147,146,148,-1,147,148,149,-1,149,148,150,-1,149,150,151,-1,151,150,152,-1,151,152,153,-1,153,152,154,-1,153,154,155,-1,155,154,156,-1,155,156,157,-1,157,156,158,-1,157,158,159,-1,159,158,160,-1,159,160,161,-1,161,160,162,-1,161,162,163,-1,163,162,164,-1,164,162,165,-1,164,165,166,-1,167,164,168,-1,168,164,166,-1,167,168,169,-1,167,169,170,-1,170,169,171,-1,170,171,172,-1,172,171,173,-1,172,173,174,-1,174,173,175,-1,174,175,176,-1,176,175,177,-1,176,177,178,-1,177,179,178,-1,178,179,180,-1,178,180,181,-1,181,180,182,-1,181,182,183,-1,183,182,184,-1,183,184,185,-1,185,184,186,-1,185,186,187,-1,187,186,188,-1,187,188,189,-1,189,188,190,-1,189,190,191,-1,191,190,192,-1,191,192,193,-1,193,192,194,-1,193,194,195,-1,195,194,196,-1,195,196,197,-1,198,197,199,-1,199,197,196,-1,198,199,200,-1,198,200,201,-1,201,200,202,-1,201,202,203,-1,203,202,204,-1,203,204,205,-1,205,204,206,-1,205,206,207,-1,207,206,208,-1,207,208,209,-1,209,208,210,-1,209,210,211,-1,211,210,212,-1,211,212,213,-1,213,212,214,-1,213,214,215,-1,215,214,216,-1,215,216,217,-1,217,216,218,-1,217,218,219,-1,219,218,220,-1,219,220,221,-1,221,220,222,-1,221,222,223,-1,223,222,224,-1,223,224,225,-1,225,224,226,-1,225,226,227,-1,227,226,228,-1,227,228,229,-1,229,228,230,-1,229,230,231,-1,231,230,232,-1,231,232,233,-1,234,233,235,-1,235,233,232,-1,234,235,236,-1,234,236,237,-1,237,236,238,-1,237,238,239,-1,239,238,240,-1,239,240,241,-1,241,240,242,-1,241,242,243,-1,243,242,244,-1,243,244,245,-1,245,244,246,-1,245,246,247,-1,248,249,250,-1,250,249,251,-1,250,251,252,-1,252,251,253,-1,252,253,254,-1,254,253,247,-1,254,247,246,-1,248,255,249,-1,249,255,256,-1,249,256,257,-1,257,256,258,-1,257,258,259,-1,259,258,260,-1,259,260,261,-1,261,260,262,-1,261,262,263,-1,263,262,3,-1,263,3,1,-1,264,265,266,-1,264,266,267,-1,267,266,268,-1,267,268,269,-1,269,268,270,-1,269,270,271,-1,271,270,272,-1,271,272,273,-1,273,272,274,-1,273,274,275,-1,275,274,276,-1,275,276,277,-1,277,276,278,-1,277,278,279,-1,279,278,280,-1,279,280,281,-1,281,280,282,-1,281,282,283,-1,283,282,284,-1,283,284,285,-1,285,284,286,-1,285,286,287,-1,288,287,289,-1,289,287,286,-1,290,288,291,-1,291,288,289,-1,292,290,293,-1,293,290,291,-1,292,293,294,-1,292,294,295,-1,295,294,296,-1,295,296,297,-1,297,296,298,-1,297,298,299,-1,299,298,265,-1,299,265,264,-1,300,301,302,-1,302,301,303,-1,304,300,305,-1,305,300,302,-1,306,304,307,-1,307,304,305,-1,308,306,309,-1,309,306,307,-1,310,308,311,-1,311,308,309,-1,312,310,313,-1,313,310,311,-1,314,312,315,-1,315,312,313,-1,316,314,317,-1,317,314,315,-1,318,316,319,-1,319,316,317,-1,320,318,321,-1,321,318,319,-1,322,320,323,-1,323,320,321,-1,301,322,303,-1,303,322,323,-1,324,325,326,-1,326,325,327,-1,326,327,328,-1,329,325,330,-1,330,325,324,-1,331,329,332,-1,332,329,330,-1,333,334,335,-1,335,334,331,-1,335,331,332,-1,336,334,337,-1,337,334,333,-1,338,336,339,-1,339,336,337,-1,340,338,341,-1,341,338,339,-1,327,340,328,-1,328,340,341,-1,342,343,344,-1,344,343,345,-1,342,344,346,-1,346,344,347,-1,346,347,348,-1,349,346,350,-1,350,346,348,-1,351,352,353,-1,353,352,349,-1,353,349,350,-1,354,352,355,-1,355,352,351,-1,356,357,358,-1,358,357,354,-1,358,354,355,-1,359,357,360,-1,360,357,356,-1,361,362,363,-1,363,362,359,-1,363,359,360,-1,364,362,365,-1,365,362,361,-1,366,367,368,-1,368,367,364,-1,368,364,365,-1,369,367,370,-1,370,367,366,-1,345,343,371,-1,371,343,369,-1,371,369,370,-1,372,373,374,-1,372,374,375,-1,375,374,376,-1,375,376,377,-1,377,376,378,-1,377,378,379,-1,379,378,380,-1,379,380,381,-1,381,380,382,-1,381,382,383,-1,383,382,384,-1,383,384,385,-1,385,384,386,-1,385,386,387,-1,387,386,388,-1,387,388,389,-1,389,388,390,-1,389,390,391,-1,391,390,392,-1,391,392,393,-1,393,392,394,-1,393,394,395,-1,395,394,396,-1,395,396,397,-1,397,396,398,-1,397,398,399,-1,399,398,400,-1,399,400,401,-1,401,400,402,-1,401,402,403,-1,403,402,404,-1,403,404,405,-1,405,404,406,-1,405,406,407,-1,407,406,408,-1,407,408,409,-1,409,408,410,-1,409,410,411,-1,411,410,412,-1,411,412,413,-1,413,412,414,-1,413,414,415,-1,415,414,416,-1,415,416,417,-1,418,417,419,-1,419,417,416,-1,420,421,422,-1,418,419,423,-1,418,423,424,-1,424,423,425,-1,424,425,422,-1,422,425,426,-1,422,426,420,-1,421,420,427,-1,427,420,428,-1,428,429,427,-1,427,429,430,-1,427,430,431,-1,431,430,432,-1,431,432,433,-1,433,432,434,-1,433,434,435,-1,435,434,436,-1,437,438,436,-1,436,438,439,-1,436,439,435,-1,437,440,438,-1,438,440,441,-1,438,441,442,-1,442,441,443,-1,442,443,444,-1,444,443,445,-1,446,447,445,-1,445,447,448,-1,445,448,444,-1,446,449,447,-1,447,449,450,-1,447,450,451,-1,451,450,452,-1,451,452,453,-1,454,455,456,-1,456,455,453,-1,456,453,452,-1,457,458,454,-1,454,458,459,-1,454,459,455,-1,457,460,458,-1,458,460,461,-1,458,461,462,-1,462,461,463,-1,463,461,464,-1,464,465,463,-1,463,465,466,-1,463,466,467,-1,467,466,468,-1,467,468,469,-1,372,469,373,-1,373,469,468,-1,470,471,472,-1,472,471,473,-1,474,470,475,-1,475,470,472,-1,476,474,477,-1,477,474,475,-1,478,476,479,-1,479,476,477,-1,480,478,481,-1,481,478,479,-1,471,480,473,-1,473,480,481,-1,
        ]
    }
}
Shape{
    appearance Appearance {
        material  Material 	{
            diffuseColor 0.2235294117647059 0.2235294117647059 0.2235294117647059
            specularColor 0.11372549019607843 0.11372549019607843 0.11372549019607843
            ambientIntensity 0.2235
            transparency 0.0
            shininess 0.5
        }
    }
    geometry IndexedFaceSet {
        ccw TRUE
        solid FALSE
        coord DEF co Coordinate {
            point [
                -5.3224 1.3583 5.1181, -5.6476 1.3583 5.1181, -5.6476 1.3533 5.1619, -5.6476 1.3388 5.2035, -5.3259 1.353 5.1632, -5.3258 1.3532 5.1619, -5.6476 1.3153 5.2408, -5.3334 1.337 5.207, -5.3328 1.3384 5.2034, -5.6476 1.2842 5.272, -5.3444 1.3102 5.247, -5.3426 1.3146 5.2404, -5.6476 1.2468 5.2955, -5.3564 1.2779 5.2768, -5.3543 1.2837 5.2715, -5.6476 1.2052 5.31, -5.6476 1.1614 5.315, -5.3906 1.1614 5.315, -5.3847 1.1848 5.3136, -5.3791 1.2048 5.3085, -5.6476 1.2349 5.2996, -5.3709 1.2337 5.3012, -5.3668 1.2462 5.2943, -5.4047 1.0966 5.315, -5.6476 -0.1345 5.315, -5.6476 -0.1656 5.315, -5.4508 0.1772 5.315, -5.6476 -0.2393 5.315, -5.6476 -0.2905 5.315, -5.4508 -0.7677 5.315, -5.6476 -0.3327 5.315, -5.6476 -0.7677 5.315, -5.3516 0.3496 5.315, -5.363 0.3645 5.315, -5.3668 0.3733 5.315, -5.3072 0.3161 5.315, -5.324 0.324 5.315, -5.6476 0.0475 5.315, -5.6476 0.1759 5.315, -5.6476 0.0395 5.315, -5.6476 -0.0735 5.315, -5.2673 0.3059 5.315, -5.2704 0.3061 5.315, -5.2673 0.1772 5.315, -5.2803 0.3081 5.315, -5.2976 0.3116 5.315, -5.3316 0.3301 5.315, -5.3448 0.3407 5.315, -5.3745 0.3913 5.315, -5.4173 0.5916 5.315, -5.4327 0.8071 5.315, -5.6476 1.6339 0.8987, -5.6476 1.6339 1.0713, -5.3917 1.6339 0.7874, -5.6476 1.6339 0.8458, -5.4508 1.6339 0.4725, -5.6476 1.6339 0.4724, -5.6476 1.6339 1.7323, -5.3917 1.6339 1.7323, -5.6476 1.6339 1.2461, -5.6476 1.6339 1.1104
            ]
        }
        coordIndex [
            0,1,2,-1,3,4,2,-1,2,4,5,-1,2,5,0,-1,6,7,3,-1,3,7,8,-1,3,8,4,-1,9,10,6,-1,6,10,11,-1,6,11,7,-1,12,13,9,-1,9,13,14,-1,9,14,10,-1,15,16,17,-1,17,18,15,-1,15,18,19,-1,15,19,20,-1,20,19,21,-1,20,21,12,-1,12,21,22,-1,12,22,13,-1,23,17,16,-1,24,25,26,-1,25,27,26,-1,26,27,28,-1,26,28,29,-1,29,28,30,-1,29,30,31,-1,32,33,26,-1,26,33,34,-1,35,36,26,-1,37,26,38,-1,38,26,16,-1,37,39,26,-1,26,39,40,-1,26,40,24,-1,41,42,43,-1,43,42,44,-1,43,44,26,-1,26,44,45,-1,26,45,35,-1,36,46,26,-1,26,46,47,-1,26,47,32,-1,34,48,26,-1,26,48,49,-1,26,49,16,-1,16,49,50,-1,16,50,23,-1,51,52,53,-1,51,53,54,-1,54,53,55,-1,54,55,56,-1,57,58,59,-1,59,58,53,-1,59,53,60,-1,60,53,52,-1,
        ]
    }
}
Shape{
    appearance Appearance {
        material  Material 	{
            diffuseColor 1.0 1.0 1.0
            specularColor 0.5019607843137255 0.5019607843137255 0.5019607843137255
            ambientIntensity 1.0
            transparency 0.0
            shininess 0.5
        }
    }
    geometry IndexedFaceSet {
        ccw TRUE
        solid FALSE
        coord DEF co Coordinate {
            point [
                -5.6516 -0.2667 1.1302, -5.6476 -0.2667 1.1302, -5.6476 -0.2767 1.1422, -5.6516 -0.2767 1.1422, -5.6476 -0.2833 1.1561, -5.6516 -0.2833 1.1561, -5.6476 -0.2864 1.1717, -5.6516 -0.2864 1.1717, -5.6476 -0.2868 1.1799, -5.6516 -0.2868 1.1799, -5.6476 -0.2849 1.1973, -5.6516 -0.2849 1.1973, -5.6476 -0.2801 1.2102, -5.6516 -0.2801 1.2102, -5.6476 -0.272 1.222, -5.6516 -0.272 1.222, -5.6476 -0.2667 1.2273, -5.6516 -0.2667 1.2273, -5.6476 -0.2532 1.2366, -5.6476 -0.2393 1.2418, -5.6516 -0.2372 1.2426, -5.6516 -0.2532 1.2366, -5.6476 -0.2372 1.2426, -5.6476 -0.2162 1.245, -5.6516 -0.2162 1.245, -5.6516 -0.1782 1.245, -5.6476 -0.1782 1.245, -5.6516 -0.1782 1.1115, -5.6476 -0.1782 1.1115, -5.6516 -0.2149 1.1115, -5.6476 -0.2149 1.1115, -5.6476 -0.2344 1.1135, -5.6516 -0.2344 1.1135, -5.6476 -0.2393 1.1152, -5.6516 -0.2502 1.1189, -5.6476 -0.2502 1.1189, -5.6476 -0.2634 1.1274, -5.6516 -0.2634 1.1274, -5.6516 0.0242 0.9722, -5.6476 0.0242 0.9722, -5.6476 0.0135 0.9791, -5.6516 0.0135 0.9791, -5.6476 0.003 0.9827, -5.6516 0.003 0.9827, -5.6476 -0.0071 0.9837, -5.6516 -0.0071 0.9837, -5.6476 -0.0127 0.9831, -5.6516 -0.0127 0.9831, -5.6476 -0.0166 0.9818, -5.6516 -0.0166 0.9818, -5.6476 -0.0196 0.9799, -5.6516 -0.0196 0.9799, -5.6476 -0.0221 0.9772, -5.6516 -0.0221 0.9772, -5.6476 -0.0241 0.9737, -5.6516 -0.0241 0.9737, -5.6476 -0.0258 0.9678, -5.6516 -0.0258 0.9678, -5.6476 -0.0264 0.9604, -5.6516 -0.0264 0.9604, -5.6516 0.0019 0.9564, -5.6476 0.0019 0.9564, -5.6476 0.0144 0.9534, -5.6516 0.0144 0.9534, -5.6476 0.0216 0.9497, -5.6516 0.0216 0.9497, -5.6476 0.0267 0.9453, -5.6516 0.0267 0.9453, -5.6476 0.0301 0.9405, -5.6516 0.0301 0.9405, -5.6476 0.0324 0.9346, -5.6516 0.0324 0.9346, -5.6476 0.0334 0.9274, -5.6516 0.0334 0.9274, -5.6476 0.0335 0.9253, -5.6516 0.0335 0.9253, -5.6476 0.0327 0.9177, -5.6516 0.0327 0.9177, -5.6476 0.0307 0.9121, -5.6516 0.0307 0.9121, -5.6476 0.0272 0.907, -5.6516 0.0272 0.907, -5.6476 0.0253 0.9051, -5.6516 0.0253 0.9051, -5.6476 0.0033 0.8976, -5.6516 0.0033 0.8976, -5.6476 0.013 0.8987, -5.6516 0.0133 0.8987, -5.6476 0.0133 0.8987, -5.6516 0.0197 0.9011, -5.6476 0.0197 0.9011, -5.6476 -0.0053 0.8985, -5.6516 -0.0053 0.8985, -5.6476 -0.0058 0.8987, -5.6516 -0.0121 0.901, -5.6476 -0.0121 0.901, -5.6476 -0.018 0.9049, -5.6516 -0.018 0.9049, -5.6476 -0.0233 0.9106, -5.6516 -0.0233 0.9106, -5.6476 -0.0259 0.9145, -5.6516 -0.0259 0.9145, -5.6516 -0.0264 0.9145, -5.6476 -0.0264 0.9145, -5.6516 -0.0264 0.8998, -5.6476 -0.0264 0.8998, -5.6516 -0.0431 0.8998, -5.6476 -0.0431 0.8998, -5.6516 -0.0431 0.9611, -5.6476 -0.0431 0.9611, -5.6476 -0.0418 0.9738, -5.6516 -0.0418 0.9738, -5.6476 -0.0392 0.9814, -5.6516 -0.0392 0.9814, -5.6476 -0.0357 0.9868, -5.6516 -0.0357 0.9868, -5.6476 -0.0313 0.9911, -5.6516 -0.0313 0.9911, -5.6476 -0.0257 0.9943, -5.6516 -0.0257 0.9943, -5.6476 -0.0187 0.9964, -5.6516 -0.0187 0.9964, -5.6476 -0.0086 0.9973, -5.6516 -0.0086 0.9973, -5.6476 0.008 0.9953, -5.6516 0.008 0.9953, -5.6476 0.0204 0.9906, -5.6516 0.0204 0.9906, -5.6476 0.0242 0.9884, -5.6516 0.0242 0.9884, -5.6516 -0.0657 0.9032, -5.6476 -0.0657 0.9032, -5.6516 -0.0777 0.899, -5.6476 -0.0735 0.9005, -5.6476 -0.0916 0.8976, -5.6516 -0.0916 0.8976, -5.6476 -0.0806 0.8987, -5.6476 -0.0777 0.899, -5.6516 -0.1054 0.899, -5.6476 -0.1021 0.8987, -5.6476 -0.1054 0.899, -5.6476 -0.1145 0.9023, -5.6516 -0.1145 0.9023, -5.6476 -0.1194 0.9051, -5.6516 -0.1194 0.9051, -5.6476 -0.1241 0.9093, -5.6516 -0.1241 0.9093, -5.6476 -0.1273 0.9137, -5.6516 -0.1273 0.9137, -5.6476 -0.1293 0.919, -5.6516 -0.1293 0.919, -5.6476 -0.1301 0.9257, -5.6516 -0.1301 0.9257, -5.6476 -0.1294 0.932, -5.6516 -0.1294 0.932, -5.6476 -0.1276 0.9369, -5.6516 -0.1276 0.9369, -5.6476 -0.1245 0.9415, -5.6516 -0.1245 0.9415, -5.6476 -0.1205 0.9451, -5.6516 -0.1205 0.9451, -5.6476 -0.1094 0.9512, -5.6516 -0.1094 0.9512, -5.6476 -0.103 0.9538, -5.6516 -0.103 0.9538, -5.6476 -0.0926 0.9583, -5.6516 -0.0926 0.9583, -5.6476 -0.0867 0.962, -5.6516 -0.0867 0.962, -5.6476 -0.0851 0.9638, -5.6516 -0.0851 0.9638, -5.6476 -0.0839 0.9661, -5.6516 -0.0839 0.9661, -5.6476 -0.0832 0.9687, -5.6516 -0.0832 0.9687, -5.6476 -0.0831 0.9709, -5.6516 -0.0831 0.9709, -5.6476 -0.0834 0.9736, -5.6516 -0.0834 0.9736, -5.6476 -0.0842 0.9758, -5.6516 -0.0842 0.9758, -5.6476 -0.0856 0.9779, -5.6516 -0.0856 0.9779, -5.6476 -0.0881 0.9802, -5.6516 -0.0881 0.9802, -5.6476 -0.0919 0.9822, -5.6516 -0.0919 0.9822, -5.6476 -0.0964 0.9834, -5.6516 -0.0964 0.9834, -5.6476 -0.1013 0.9837, -5.6516 -0.1013 0.9837, -5.6476 -0.1123 0.9825, -5.6516 -0.1123 0.9825, -5.6476 -0.1217 0.979, -5.6516 -0.1217 0.979, -5.6476 -0.1255 0.9768, -5.6516 -0.1255 0.9768, -5.6516 -0.1255 0.9931, -5.6476 -0.1255 0.9931, -5.6476 -0.1122 0.9967, -5.6516 -0.1122 0.9967, -5.6476 -0.103 0.9973, -5.6516 -0.103 0.9973, -5.6476 -0.0906 0.996, -5.6516 -0.0906 0.996, -5.6476 -0.0815 0.9927, -5.6516 -0.0815 0.9927, -5.6476 -0.0765 0.9897, -5.6516 -0.0765 0.9897, -5.6516 -0.0716 0.9853, -5.6476 -0.0735 0.987, -5.6476 -0.0716 0.9853, -5.6476 -0.0685 0.9808, -5.6516 -0.0685 0.9808, -5.6476 -0.0665 0.9754, -5.6516 -0.0665 0.9754, -5.6476 -0.0658 0.9694, -5.6516 -0.0658 0.9694, -5.6476 -0.0666 0.9629, -5.6516 -0.0666 0.9629, -5.6476 -0.0684 0.9578, -5.6516 -0.0684 0.9578, -5.6476 -0.0706 0.9543, -5.6516 -0.0706 0.9543, -5.6476 -0.0911 0.9417, -5.6516 -0.0911 0.9417, -5.6516 -0.0812 0.9463, -5.6476 -0.0733 0.9515, -5.6516 -0.0733 0.9515, -5.6476 -0.0735 0.9514, -5.6476 -0.0812 0.9463, -5.6476 -0.1021 0.9371, -5.6516 -0.1021 0.9371, -5.6476 -0.1086 0.9332, -5.6516 -0.1086 0.9332, -5.6476 -0.1107 0.931, -5.6516 -0.1107 0.931, -5.6476 -0.112 0.9288, -5.6516 -0.112 0.9288, -5.6476 -0.1128 0.9262, -5.6516 -0.1128 0.9262, -5.6476 -0.1129 0.9241, -5.6516 -0.1129 0.9241, -5.6476 -0.1126 0.9209, -5.6516 -0.1126 0.9209, -5.6476 -0.1118 0.9185, -5.6516 -0.1118 0.9185, -5.6476 -0.1103 0.9164, -5.6516 -0.1103 0.9164, -5.6476 -0.1084 0.9147, -5.6516 -0.1084 0.9147, -5.6476 -0.1069 0.9137, -5.6516 -0.1069 0.9137, -5.6476 -0.1025 0.9122, -5.6516 -0.1025 0.9122, -5.6476 -0.094 0.9112, -5.6516 -0.094 0.9112, -5.6476 -0.0932 0.9112, -5.6516 -0.0932 0.9112, -5.6476 -0.0657 0.9204, -5.6516 -0.0657 0.9204, -5.6516 -0.0723 0.9164, -5.6476 -0.0828 0.9124, -5.6516 -0.0828 0.9124, -5.6476 -0.0735 0.9159, -5.6476 -0.0723 0.9164, -5.6516 -0.1869 0.9233, -5.6476 -0.1869 0.9233, -5.6476 -0.1857 0.9189, -5.6516 -0.1857 0.9189, -5.6476 -0.1849 0.9156, -5.6516 -0.1849 0.9156, -5.6516 -0.1844 0.9156, -5.6476 -0.1844 0.9156, -5.6516 -0.1824 0.9235, -5.6476 -0.1824 0.9235, -5.6476 -0.1575 0.9951, -5.6516 -0.1575 0.9951, -5.6476 -0.1656 0.9719, -5.6516 -0.1388 0.9951, -5.6476 -0.1388 0.9951, -5.6476 -0.1762 0.9, -5.6516 -0.1762 0.9, -5.6476 -0.1656 0.927, -5.6476 -0.1689 0.8827, -5.6516 -0.1689 0.8827, -5.6476 -0.1756 0.8987, -5.6476 -0.1656 0.8767, -5.6516 -0.1656 0.8767, -5.6476 -0.1656 0.8767, -5.6516 -0.1625 0.8732, -5.6476 -0.1625 0.8732, -5.6476 -0.1594 0.8711, -5.6516 -0.1594 0.8711, -5.6476 -0.1557 0.8697, -5.6516 -0.1557 0.8697, -5.6476 -0.1517 0.8692, -5.6516 -0.1517 0.8692, -5.6476 -0.1457 0.87, -5.6516 -0.1457 0.87, -5.6476 -0.1423 0.8712, -5.6516 -0.1423 0.8712, -5.6516 -0.1423 0.8563, -5.6476 -0.1423 0.8563, -5.6476 -0.1493 0.855, -5.6516 -0.1493 0.855, -5.6476 -0.153 0.8549, -5.6516 -0.153 0.8549, -5.6476 -0.1598 0.8557, -5.6516 -0.1598 0.8557, -5.6476 -0.1656 0.8579, -5.6516 -0.1664 0.8582, -5.6476 -0.1664 0.8582, -5.6476 -0.1722 0.8623, -5.6516 -0.1722 0.8623, -5.6476 -0.1734 0.8633, -5.6516 -0.1734 0.8633, -5.6476 -0.1795 0.8707, -5.6516 -0.1795 0.8707, -5.6476 -0.187 0.8854, -5.6516 -0.187 0.8854, -5.6476 -0.2303 0.9951, -5.6516 -0.2303 0.9951, -5.6476 -0.1923 0.8987, -5.6516 -0.213 0.9951, -5.6476 -0.213 0.9951, -5.6516 -0.2655 0.9599, -5.6516 -0.2655 0.915, -5.6476 -0.2655 0.9599, -5.6476 -0.2655 0.915, -5.6476 -0.3133 0.9599, -5.6516 -0.3133 0.9599, -5.6476 -0.2905 0.9599, -5.6516 -0.3133 0.9752, -5.6476 -0.3133 0.9752, -5.6476 -0.2655 0.9752, -5.6516 -0.2655 0.9752, -5.6476 -0.2905 0.9752, -5.6516 -0.2655 1.0179, -5.6476 -0.2655 1.0179, -5.6476 -0.317 1.0179, -5.6516 -0.317 1.0179, -5.6476 -0.2905 1.0179, -5.6516 -0.317 1.0333, -5.6476 -0.317 1.0333, -5.6476 -0.2483 1.0333, -5.6516 -0.2483 1.0333, -5.6476 -0.2905 1.0333, -5.6516 -0.2483 0.8998, -5.6476 -0.2483 0.8998, -5.6476 -0.3201 0.8998, -5.6516 -0.3201 0.8998, -5.6476 -0.2905 0.8998, -5.6516 -0.3201 0.915, -5.6476 -0.3201 0.915, -5.6476 -0.2905 0.915, -5.6516 -0.4613 0.8998, -5.6516 -0.5122 1.0333, -5.6476 -0.4613 0.8998, -5.6476 -0.5122 1.0333, -5.6516 -0.4804 0.8998, -5.6476 -0.4804 0.8998, -5.6516 -0.4932 0.9363, -5.6476 -0.4932 0.9363, -5.6516 -0.5488 0.9363, -5.6476 -0.5488 0.9363, -5.6516 -0.5624 0.8998, -5.6476 -0.5624 0.8998, -5.6516 -0.5814 0.8998, -5.6476 -0.5814 0.8998, -5.6516 -0.5306 1.0333, -5.6476 -0.5306 1.0333
            ]
        }
        coordIndex [
            0,1,2,-1,0,2,3,-1,3,2,4,-1,3,4,5,-1,5,4,6,-1,5,6,7,-1,7,6,8,-1,7,8,9,-1,9,8,10,-1,9,10,11,-1,11,10,12,-1,11,12,13,-1,13,12,14,-1,13,14,15,-1,15,14,16,-1,15,16,17,-1,17,16,18,-1,19,20,18,-1,18,20,21,-1,18,21,17,-1,19,22,20,-1,20,22,23,-1,20,23,24,-1,25,24,26,-1,26,24,23,-1,27,25,28,-1,28,25,26,-1,29,27,30,-1,30,27,28,-1,29,30,31,-1,29,31,32,-1,32,31,33,-1,32,33,34,-1,33,35,34,-1,34,35,36,-1,34,36,37,-1,37,36,1,-1,37,1,0,-1,38,39,40,-1,38,40,41,-1,41,40,42,-1,41,42,43,-1,43,42,44,-1,43,44,45,-1,45,44,46,-1,45,46,47,-1,47,46,48,-1,47,48,49,-1,49,48,50,-1,49,50,51,-1,51,50,52,-1,51,52,53,-1,53,52,54,-1,53,54,55,-1,55,54,56,-1,55,56,57,-1,57,56,58,-1,57,58,59,-1,60,59,61,-1,61,59,58,-1,60,61,62,-1,60,62,63,-1,63,62,64,-1,63,64,65,-1,65,64,66,-1,65,66,67,-1,67,66,68,-1,67,68,69,-1,69,68,70,-1,69,70,71,-1,71,70,72,-1,71,72,73,-1,73,72,74,-1,73,74,75,-1,75,74,76,-1,75,76,77,-1,77,76,78,-1,77,78,79,-1,79,78,80,-1,79,80,81,-1,81,80,82,-1,81,82,83,-1,84,85,86,-1,86,85,87,-1,86,87,88,-1,88,87,89,-1,88,89,90,-1,90,89,83,-1,90,83,82,-1,85,84,91,-1,85,91,92,-1,92,91,93,-1,92,93,94,-1,93,95,94,-1,94,95,96,-1,94,96,97,-1,97,96,98,-1,97,98,99,-1,99,98,100,-1,99,100,101,-1,102,101,103,-1,103,101,100,-1,104,102,105,-1,105,102,103,-1,106,104,107,-1,107,104,105,-1,108,106,109,-1,109,106,107,-1,108,109,110,-1,108,110,111,-1,111,110,112,-1,111,112,113,-1,113,112,114,-1,113,114,115,-1,115,114,116,-1,115,116,117,-1,117,116,118,-1,117,118,119,-1,119,118,120,-1,119,120,121,-1,121,120,122,-1,121,122,123,-1,123,122,124,-1,123,124,125,-1,125,124,126,-1,125,126,127,-1,127,126,128,-1,127,128,129,-1,38,129,39,-1,39,129,128,-1,130,131,132,-1,132,131,133,-1,134,135,136,-1,136,135,132,-1,136,132,137,-1,137,132,133,-1,135,134,138,-1,138,134,139,-1,139,140,138,-1,138,140,141,-1,138,141,142,-1,142,141,143,-1,142,143,144,-1,144,143,145,-1,144,145,146,-1,146,145,147,-1,146,147,148,-1,148,147,149,-1,148,149,150,-1,150,149,151,-1,150,151,152,-1,152,151,153,-1,152,153,154,-1,154,153,155,-1,154,155,156,-1,156,155,157,-1,156,157,158,-1,158,157,159,-1,158,159,160,-1,160,159,161,-1,160,161,162,-1,162,161,163,-1,162,163,164,-1,164,163,165,-1,164,165,166,-1,166,165,167,-1,166,167,168,-1,168,167,169,-1,168,169,170,-1,170,169,171,-1,170,171,172,-1,172,171,173,-1,172,173,174,-1,174,173,175,-1,174,175,176,-1,176,175,177,-1,176,177,178,-1,178,177,179,-1,178,179,180,-1,180,179,181,-1,180,181,182,-1,182,181,183,-1,182,183,184,-1,184,183,185,-1,184,185,186,-1,186,185,187,-1,186,187,188,-1,188,187,189,-1,188,189,190,-1,190,189,191,-1,190,191,192,-1,192,191,193,-1,192,193,194,-1,194,193,195,-1,194,195,196,-1,197,196,198,-1,198,196,195,-1,197,198,199,-1,197,199,200,-1,200,199,201,-1,200,201,202,-1,202,201,203,-1,202,203,204,-1,204,203,205,-1,204,205,206,-1,206,205,207,-1,206,207,208,-1,208,207,209,-1,209,207,210,-1,210,211,209,-1,209,211,212,-1,209,212,213,-1,213,212,214,-1,213,214,215,-1,215,214,216,-1,215,216,217,-1,217,216,218,-1,217,218,219,-1,219,218,220,-1,219,220,221,-1,221,220,222,-1,221,222,223,-1,224,225,226,-1,223,222,227,-1,223,227,228,-1,228,227,229,-1,228,229,226,-1,226,229,230,-1,226,230,224,-1,225,224,231,-1,225,231,232,-1,232,231,233,-1,232,233,234,-1,234,233,235,-1,234,235,236,-1,236,235,237,-1,236,237,238,-1,238,237,239,-1,238,239,240,-1,240,239,241,-1,240,241,242,-1,242,241,243,-1,242,243,244,-1,244,243,245,-1,244,245,246,-1,246,245,247,-1,246,247,248,-1,248,247,249,-1,248,249,250,-1,250,249,251,-1,250,251,252,-1,252,251,253,-1,252,253,254,-1,254,253,255,-1,254,255,256,-1,256,255,257,-1,256,257,258,-1,259,260,261,-1,258,257,262,-1,258,262,263,-1,263,262,264,-1,263,264,261,-1,261,264,265,-1,261,265,259,-1,130,260,131,-1,131,260,259,-1,266,267,268,-1,266,268,269,-1,269,268,270,-1,269,270,271,-1,272,271,273,-1,273,271,270,-1,274,272,275,-1,275,272,273,-1,276,277,278,-1,278,277,274,-1,278,274,275,-1,279,277,280,-1,280,277,276,-1,281,282,283,-1,283,282,279,-1,283,279,280,-1,284,285,286,-1,286,285,282,-1,286,282,281,-1,285,284,287,-1,285,287,288,-1,288,287,289,-1,288,289,290,-1,289,291,290,-1,290,291,292,-1,290,292,293,-1,293,292,294,-1,293,294,295,-1,295,294,296,-1,295,296,297,-1,297,296,298,-1,297,298,299,-1,299,298,300,-1,299,300,301,-1,302,301,303,-1,303,301,300,-1,302,303,304,-1,302,304,305,-1,305,304,306,-1,305,306,307,-1,307,306,308,-1,307,308,309,-1,309,308,310,-1,309,310,311,-1,310,312,311,-1,311,312,313,-1,311,313,314,-1,314,313,315,-1,314,315,316,-1,316,315,317,-1,316,317,318,-1,318,317,319,-1,318,319,320,-1,321,322,323,-1,323,322,320,-1,323,320,319,-1,324,322,325,-1,325,322,321,-1,266,324,267,-1,267,324,325,-1,326,327,328,-1,328,327,329,-1,330,331,332,-1,332,331,326,-1,332,326,328,-1,333,331,334,-1,334,331,330,-1,335,336,337,-1,337,336,333,-1,337,333,334,-1,338,336,339,-1,339,336,335,-1,340,341,342,-1,342,341,338,-1,342,338,339,-1,343,341,344,-1,344,341,340,-1,345,346,347,-1,347,346,343,-1,347,343,344,-1,348,346,349,-1,349,346,345,-1,350,351,352,-1,352,351,348,-1,352,348,349,-1,353,351,354,-1,354,351,350,-1,329,327,355,-1,355,327,353,-1,355,353,354,-1,356,357,358,-1,358,357,359,-1,360,356,361,-1,361,356,358,-1,362,360,363,-1,363,360,361,-1,364,362,365,-1,365,362,363,-1,366,364,367,-1,367,364,365,-1,368,366,369,-1,369,366,367,-1,370,368,371,-1,371,368,369,-1,357,370,359,-1,359,370,371,-1,
        ]
    }
}
Shape{
    appearance Appearance {
        material  Material 	{
            diffuseColor 0.2235294117647059 0.2235294117647059 0.2235294117647059
            specularColor 0.11372549019607843 0.11372549019607843 0.11372549019607843
            ambientIntensity 0.2235
            transparency 0.0
            shininess 0.5
        }
    }
    geometry IndexedFaceSet {
        ccw TRUE
        solid FALSE
        coord DEF co Coordinate {
            point [
                -3.2051 -1.2402 0.7262, -3.2461 -1.2402 0.7874, -2.9114 -1.2402 0.7874, -2.8532 -1.2402 0.4769, -2.8915 -1.2402 0.4846, -2.9854 -1.2402 0.5211, -3.0806 -1.2402 0.5871, -5.6476 1.6339 1.7323, -5.6476 1.437 1.7323, -5.3917 1.6339 1.7323, -5.3917 1.437 1.7323, -5.3917 1.6339 0.7874, -5.3917 1.437 0.7874, -4.6326 -1.1614 0.7874, -5.0177 -1.2402 0.7874, -5.0091 -1.1614 0.7874, -5.3917 -1.2402 0.7874, -5.0091 -1.0039 0.7874, -5.0092 1.1811 0.7874, -5.0092 1.0236 0.7874, -4.6326 1.1811 0.7874, -4.2894 1.437 0.7874, -4.6326 1.0236 0.7874, -4.6326 -1.0039 0.7874, -4.2894 -1.2402 0.7874, -4.624 -1.2402 0.7874, -4.2894 1.437 1.7323, -4.2894 1.6339 1.7323, -4.2894 1.6339 0.7874, -4.0138 1.437 1.7323, -4.0138 1.6339 1.7323, -4.0138 1.6339 0.7874, -4.0138 1.437 0.7874, -3.2546 -1.1614 0.7874, -3.6398 -1.2402 0.7874, -3.6311 -1.1614 0.7874, -4.0138 -1.2402 0.7874, -3.6311 -1.0039 0.7874, -3.6312 1.1811 0.7874, -3.6312 1.0236 0.7874, -3.2546 1.1811 0.7874, -2.9114 1.437 0.7874, -3.2546 1.0236 0.7874, -3.2546 -1.0039 0.7874, -5.6476 1.437 3.3465, 1.498 1.437 3.3465, 1.498 1.437 4.2126, 3.9783 1.437 1.7323, 4.2539 1.437 4.2126, 5.3957 1.437 4.2126, 4.2539 1.437 3.3465, 5.3957 1.437 3.3465, 0.1201 1.437 4.2126, 1.2618 1.437 4.2126, 1.2618 1.437 3.3465, 2.6398 1.437 4.2126, 2.6398 1.437 3.3465, 5.3563 1.437 0.7874, 4.2539 1.437 0.7874, 5.3563 1.437 1.7323, 4.2539 1.437 1.7323, 3.9783 1.437 0.7874, 2.876 1.437 0.7874, 2.876 1.437 1.7323, 2.876 1.437 3.3465, 4.0177 1.437 3.3465, 2.876 1.437 4.2126, 4.0177 1.437 4.2126, 5.6516 1.437 1.7323, 5.6516 1.437 3.3465, 2.6004 1.437 1.7323, 0.1201 1.437 3.3465, -1.2579 1.437 4.2126, -0.1161 1.437 4.2126, -0.1161 1.437 3.3465, 2.6004 1.437 0.7874, 1.498 1.437 0.7874, 1.498 1.437 1.7323, 1.2224 1.437 1.7323, -1.2579 1.437 3.3465, -2.6358 1.437 4.2126, -1.4941 1.437 4.2126, -1.4941 1.437 3.3465, 1.2224 1.437 0.7874, 0.1201 1.437 0.7874, 0.1201 1.437 1.7323, -4.0138 1.437 4.2126, -2.872 1.437 4.2126, -2.872 1.437 3.3465, -0.1555 1.437 1.7323, -2.6358 1.437 3.3465, -0.1555 1.437 0.7874, -1.2579 1.437 0.7874, -1.2579 1.437 1.7323, -1.5335 1.437 1.7323, -4.0138 1.437 3.3465, -5.3917 1.437 4.2126, -4.25 1.437 4.2126, -4.25 1.437 3.3465, -1.5335 1.437 0.7874, -2.6358 1.437 0.7874, -2.6358 1.437 1.7323, -2.9114 1.437 1.7323, -5.3917 1.437 3.3465, -5.6476 1.6339 3.3465, -5.3917 1.6339 3.3465, -5.3917 1.6339 4.3307, -4.25 1.6339 4.3307, -4.25 1.6339 3.3465, -4.0138 1.6339 3.3465, -4.0138 1.6339 4.3307, -2.872 1.6339 4.3307, -2.872 1.6339 3.3465, -2.6358 1.6339 3.3465, -3.0541 1.437 5.0787, -3.0705 1.437 4.5669, -3.0304 1.4346 5.0787, -3.0528 1.4357 4.5654, -3.0268 1.4334 5.0787, -3.0432 1.4334 4.5629, -3.0027 1.4252 5.0787, -3.0333 1.4309 4.5602, -3.0001 1.4236 5.0787, -3.0169 1.4236 4.5521, -2.9782 1.4094 5.0787, -3.0137 1.4222 4.5505, -2.9766 1.4077 5.0787, -2.9538 1.3627 4.7821, -2.9442 1.3624 5.0787, -2.9575 1.3867 5.0787, -3.005 1.4168 4.5445, -2.9943 1.4073 4.5339, -2.9582 1.388 5.0787, -2.985 1.399 4.5247, -2.9765 1.3861 4.5104, -2.9673 1.3723 4.495, -2.9635 1.363 4.4847, -3.8317 1.437 5.0787, -3.8154 1.437 4.5669, -3.932 1.3627 4.7814, -3.9224 1.363 4.4847, -3.9093 1.3862 4.5104, -3.8858 1.4236 5.0787, -3.8438 1.4335 4.563, -3.8606 1.4334 5.0787, -3.8427 1.4337 4.5632, -3.8591 1.4336 5.0787, -3.8235 1.4367 4.5666, -3.9046 1.3945 4.5197, -3.8915 1.4073 4.534, -3.9092 1.4076 5.0787, -3.8846 1.414 4.5414, -3.888 1.4228 5.0787, -3.8688 1.4234 4.5518, -3.8631 1.4268 4.5556, -3.9117 1.4058 5.0787, -3.9281 1.3865 5.0787, -3.9307 1.3835 5.0787, -3.9416 1.3625 5.0787, -4.023 0.9675 4.5371, -4.0021 1.0918 4.4773, -4.0268 1.0966 5.315, -3.9596 1.247 4.3558, -3.9422 1.3052 4.4205, -4.0009 1.0987 4.474, -3.932 1.3627 4.7814, -3.9432 1.3583 5.0787, -3.9665 1.3102 5.247, -3.9763 1.2837 5.2715, -3.9765 1.2798 5.2352, -3.9784 1.2779 5.2768, -3.9888 1.2462 5.2943, -3.9929 1.2338 5.3012, -4.0011 1.2048 5.3085, -3.9548 1.3384 5.2034, -3.9555 1.337 5.207, -3.9647 1.3146 5.2404, -3.9445 1.3583 5.1181, -3.9479 1.3532 5.1619, -3.948 1.353 5.1632, -4.0068 1.1849 5.3136, -4.0127 1.1614 5.315, -4.0548 0.8071 5.315, -4.0325 0.8071 4.5641, -4.0316 0.8564 4.5616, -4.1319 1.3583 5.1181, -4.3206 1.3583 5.0787, -4.3193 1.3583 5.1181, -4.2313 0.8071 4.5641, -4.209 0.8071 5.315, -4.236 0.9201 4.5507, -4.237 1.0966 5.315, -4.2515 1.0409 4.5064, -4.2631 1.0915 4.4733, -4.2511 1.1614 5.315, -4.2873 1.2798 5.2352, -4.257 1.1848 5.3136, -4.2973 1.3102 5.247, -4.2991 1.3146 5.2404, -4.3083 1.337 5.207, -4.3089 1.3384 5.2034, -4.2627 1.2048 5.3085, -4.2709 1.2338 5.3012, -4.275 1.2462 5.2943, -4.2853 1.2779 5.2768, -4.2875 1.2837 5.2715, -4.3159 1.3532 5.1619, -4.3158 1.353 5.1632, -4.3215 1.3052 4.4205, -4.3042 1.247 4.3558, -4.2838 1.1819 4.4141, -4.3222 1.3624 5.0787, -4.3318 1.3627 4.7821, -4.3414 1.363 4.4847, -4.432 1.437 5.0787, -4.4484 1.437 4.5669, -4.4084 1.4346 5.0787, -4.4308 1.4357 4.5654, -4.4047 1.4334 5.0787, -4.4212 1.4334 4.5629, -4.3806 1.4252 5.0787, -4.4112 1.4309 4.5602, -4.3781 1.4236 5.0787, -4.3949 1.4236 4.5521, -4.3561 1.4094 5.0787, -4.3916 1.4222 4.5505, -4.3546 1.4077 5.0787, -4.3318 1.3627 4.7821, -4.3355 1.3867 5.0787, -4.383 1.4168 4.5445, -4.3723 1.4073 4.5339, -4.3362 1.388 5.0787, -4.3629 1.399 4.5247, -4.3544 1.3861 4.5104, -4.3453 1.3723 4.495, -5.1933 1.437 4.5669, -5.2097 1.437 5.0787, -5.3099 1.3627 4.7814, -5.3003 1.363 4.4847, -5.2873 1.3862 4.5104, -5.2637 1.4236 5.0787, -5.2218 1.4335 4.563, -5.2386 1.4334 5.0787, -5.2206 1.4337 4.5632, -5.2371 1.4336 5.0787, -5.2014 1.4367 4.5666, -5.2826 1.3945 4.5197, -5.2694 1.4073 4.534, -5.2872 1.4076 5.0787, -5.2625 1.414 4.5414, -5.2659 1.4228 5.0787, -5.2467 1.4234 4.5518, -5.2411 1.4268 4.5556, -5.2897 1.4058 5.0787, -5.3061 1.3865 5.0787, -5.3086 1.3835 5.0787, -5.3195 1.3625 5.0787, -5.401 0.9675 4.5371, -5.3801 1.0918 4.4773, -5.4047 1.0966 5.315, -5.3375 1.247 4.3558, -5.3202 1.3052 4.4205, -5.3789 1.0987 4.474, -5.3099 1.3627 4.7814, -5.3212 1.3583 5.0787, -5.3444 1.3102 5.247, -5.3543 1.2837 5.2715, -5.3545 1.2798 5.2352, -5.3564 1.2779 5.2768, -5.3668 1.2462 5.2943, -5.3709 1.2337 5.3012, -5.3791 1.2048 5.3085, -5.3328 1.3384 5.2034, -5.3334 1.337 5.207, -5.3426 1.3146 5.2404, -5.3224 1.3583 5.1181, -5.3258 1.3532 5.1619, -5.3259 1.353 5.1632, -5.3847 1.1848 5.3136, -5.3906 1.1614 5.315, -5.4327 0.8071 5.315, -5.4104 0.8071 4.5641, -5.4095 0.8564 4.5616, -5.6476 1.3583 5.0787, -5.6476 1.3583 5.1181, 5.6516 1.6339 5.0787, 5.6516 1.6339 3.3465, 5.3957 1.6339 3.3465, -5.6476 1.6339 5.0787, -2.6358 1.6339 4.3307, 4.2539 1.6339 3.3465, 4.0177 1.6339 3.3465, 4.2539 1.6339 4.3307, 4.0177 1.6339 4.3307, 0.1201 1.6339 4.3307, 0.1201 1.6339 3.3465, -0.1161 1.6339 3.3465, -0.1161 1.6339 4.3307, -1.2579 1.6339 4.3307, -1.2579 1.6339 3.3465, -1.4941 1.6339 3.3465, -1.4941 1.6339 4.3307, 5.3957 1.6339 4.3307, 2.876 1.6339 4.3307, 2.876 1.6339 3.3465, 2.6398 1.6339 3.3465, 2.6398 1.6339 4.3307, 1.498 1.6339 4.3307, 1.498 1.6339 3.3465, 1.2618 1.6339 3.3465, 1.2618 1.6339 4.3307, -5.3086 1.3835 5.0787, -4.3561 1.4094 5.0787, -0.2982 1.437 5.0787, -0.2745 1.4346 5.0787, 0.2221 1.4058 5.0787, -0.2709 1.4334 5.0787, -0.2468 1.4252 5.0787, -0.2442 1.4236 5.0787, -0.2223 1.4094 5.0787, -2.9782 1.4094 5.0787, -2.5338 1.4058 5.0787, -5.2659 1.4228 5.0787, -4.3362 1.388 5.0787, -3.9307 1.3835 5.0787, -0.2207 1.4077 5.0787, -0.2023 1.388 5.0787, 0.2057 1.3865 5.0787, 0.2032 1.3835 5.0787, -3.888 1.4228 5.0787, -3.8606 1.4334 5.0787, 1.0798 1.437 5.0787, 1.1034 1.4346 5.0787, 1.6001 1.4058 5.0787, 1.1071 1.4334 5.0787, 1.1312 1.4252 5.0787, 1.1337 1.4236 5.0787, 1.1557 1.4094 5.0787, -5.2386 1.4334 5.0787, -0.1883 1.3624 5.0787, -0.1867 1.3583 5.0787, 0.1906 1.3583 5.0787, -3.0304 1.4346 5.0787, -2.9582 1.388 5.0787, -2.5502 1.3865 5.0787, -2.5527 1.3835 5.0787, 2.485 1.4334 5.0787, 2.5091 1.4252 5.0787, 2.978 1.4058 5.0787, 2.5117 1.4236 5.0787, 2.5336 1.4094 5.0787, -4.4084 1.4346 5.0787, -0.2016 1.3867 5.0787, 0.1923 1.3625 5.0787, -2.9426 1.3583 5.0787, -2.5653 1.3583 5.0787, 1.1573 1.4077 5.0787, 1.1756 1.388 5.0787, 1.5837 1.3865 5.0787, 1.5812 1.3835 5.0787, -1.6761 1.437 5.0787, -1.6525 1.4346 5.0787, -1.1558 1.4058 5.0787, -1.6488 1.4334 5.0787, -1.6247 1.4252 5.0787, -1.6222 1.4236 5.0787, -1.6002 1.4094 5.0787, -2.5636 1.3625 5.0787, 1.1896 1.3624 5.0787, 1.1913 1.3583 5.0787, 1.5686 1.3583 5.0787, 2.5352 1.4077 5.0787, 2.5536 1.388 5.0787, 2.9616 1.3865 5.0787, 2.9591 1.3835 5.0787, 3.863 1.4334 5.0787, 3.8871 1.4252 5.0787, 4.356 1.4058 5.0787, 3.8896 1.4236 5.0787, 3.9116 1.4094 5.0787, 4.3585 1.4076 5.0787, 3.8357 1.437 5.0787, 3.8593 1.4346 5.0787, 1.1763 1.3867 5.0787, 1.5702 1.3625 5.0787, 2.5676 1.3624 5.0787, 2.5692 1.3583 5.0787, 2.9465 1.3583 5.0787, -1.5987 1.4077 5.0787, -1.5803 1.388 5.0787, -1.1722 1.3865 5.0787, -1.1748 1.3835 5.0787, 5.2676 1.4236 5.0787, 5.2895 1.4094 5.0787, 5.2911 1.4077 5.0787, 5.3095 1.388 5.0787, 2.5543 1.3867 5.0787, 2.9482 1.3625 5.0787, -1.5663 1.3624 5.0787, -1.5646 1.3583 5.0787, -1.1873 1.3583 5.0787, 3.9132 1.4077 5.0787, 3.9315 1.388 5.0787, 4.3396 1.3865 5.0787, 4.3371 1.3835 5.0787, 5.3251 1.3583 5.0787, 5.6516 1.3583 5.0787, 5.3235 1.3624 5.0787, 5.3102 1.3867 5.0787, -1.5796 1.3867 5.0787, -1.1857 1.3625 5.0787, 3.9455 1.3624 5.0787, 3.9472 1.3583 5.0787, 4.3245 1.3583 5.0787, -2.5313 1.4076 5.0787, 2.9805 1.4076 5.0787, 2.4577 1.437 5.0787, 2.4814 1.4346 5.0787, 3.9322 1.3867 5.0787, 4.3261 1.3625 5.0787, 0.2246 1.4076 5.0787, 0.2459 1.4228 5.0787, 0.2481 1.4236 5.0787, 0.2732 1.4334 5.0787, -2.51 1.4228 5.0787, -2.5078 1.4236 5.0787, -2.4827 1.4334 5.0787, -2.4812 1.4336 5.0787, -2.4538 1.437 5.0787, -1.1047 1.4334 5.0787, -1.1032 1.4336 5.0787, -1.0758 1.437 5.0787, 0.2747 1.4336 5.0787, 0.3021 1.437 5.0787, 1.6026 1.4076 5.0787, 1.6239 1.4228 5.0787, 1.626 1.4236 5.0787, 1.6512 1.4334 5.0787, 3.0018 1.4228 5.0787, 3.004 1.4236 5.0787, 3.0291 1.4334 5.0787, -1.1533 1.4076 5.0787, -1.132 1.4228 5.0787, -1.1299 1.4236 5.0787, 4.3798 1.4228 5.0787, 4.382 1.4236 5.0787, 4.4071 1.4334 5.0787, 5.2373 1.4346 5.0787, 5.2409 1.4334 5.0787, 5.265 1.4253 5.0787, 1.6527 1.4336 5.0787, 1.6801 1.437 5.0787, 4.4086 1.4336 5.0787, 4.436 1.437 5.0787, 5.2136 1.437 5.0787, 3.0306 1.4336 5.0787, 3.058 1.437 5.0787, -2.5665 1.3583 5.1181, -2.9413 1.3583 5.1181, -3.8893 0.1772 5.315, -4.0728 0.1772 5.315, -4.0138 0.1772 5.1575, -2.813 0.1772 5.315, -2.9965 0.1772 5.315, -2.872 0.1772 5.1575, -3.014 0.1772 5.313, -3.0581 0.1772 5.2853, -3.0675 0.1772 5.2704, -3.0307 0.1772 5.3072, -3.0456 0.1772 5.2978, -3.0733 0.1772 5.2537, -3.0753 0.1772 5.2362, -2.872 0.1772 4.2126, -3.0753 0.1772 4.502, -4.0138 0.1772 4.2126, -3.8106 0.1772 4.502, -3.8106 0.1772 5.2362, -3.8126 0.1772 5.2538, -3.8185 0.1772 5.2706, -3.8279 0.1772 5.2856, -3.8405 0.1772 5.298, -3.8556 0.1772 5.3074, -3.8724 0.1772 5.3131, -3.0753 0.3057 5.2362, -3.0733 0.3057 5.2537, -3.0675 0.3057 5.2704, -3.0581 0.3057 5.2853, -3.0456 0.3057 5.2978, -3.0307 0.3057 5.3072, -3.014 0.3057 5.313, -2.9965 0.3059 5.315, -2.9997 0.3058 5.3149, -2.9965 0.1926 5.315, -3.0029 0.3057 5.3147, -2.9965 0.1795 5.315, -2.9661 0.3116 5.315, -2.9566 0.3161 5.315, -3.0069 0.3076 4.5053, -2.897 0.3733 5.315, -2.8893 0.3913 5.315, -2.9184 0.3907 4.3781, -2.9256 0.3734 4.3576, -2.9259 0.373 4.3567, -2.9008 0.3645 5.315, -2.9121 0.3496 5.315, -2.9425 0.3491 4.3093, -2.9439 0.3476 4.3055, -2.9623 0.3319 4.3839, -2.9395 0.3526 4.318, -2.919 0.3407 5.315, -2.9322 0.3301 5.315, -2.981 0.316 4.4632, -2.9397 0.324 5.315, -2.9964 0.3101 4.4927, -2.9825 0.3154 4.4661, -2.9835 0.3081 5.315, -3.0083 0.3074 4.5064, -3.0142 0.3065 4.5109, -3.0204 0.3059 4.5136, -3.026 0.3057 4.5147, -2.9933 0.3061 5.315, -3.0277 0.3057 4.5148, -2.8605 0.6679 4.5438, -2.8715 0.5952 4.5123, -2.8465 0.5916 5.315, -2.8802 0.5378 4.4874, -2.8311 0.8071 5.315, -2.8533 0.8071 4.5641, -2.8537 0.7777 4.5632, -2.858 0.9201 4.5507, -2.859 1.0966 5.315, -2.8735 1.0409 4.5064, -2.8851 1.0915 4.4733, -2.8732 1.1614 5.315, -2.9094 1.28 5.2344, -2.879 1.1849 5.3136, -2.9193 1.3102 5.247, -2.9214 1.3152 5.2395, -2.9304 1.337 5.207, -2.9312 1.3388 5.2021, -2.8848 1.2051 5.3084, -2.8929 1.2338 5.3012, -2.8971 1.2467 5.2941, -2.9074 1.2779 5.2768, -2.9097 1.2842 5.2709, -2.9381 1.3534 5.1603, -2.9379 1.353 5.1632, -2.9436 1.3052 4.4205, -2.9262 1.247 4.3558, -2.9058 1.1819 4.4141, -2.9538 1.3627 4.7821, -2.6107 1.2467 5.2941, -2.8929 1.2338 5.3012, -2.6347 1.1614 5.315, -2.879 1.1848 5.3136, -2.6288 1.1849 5.3136, -2.6231 1.2051 5.3084, -2.615 1.2338 5.3012, -2.6005 1.2779 5.2768, -2.5981 1.2842 5.2709, -2.5885 1.3102 5.247, -2.5865 1.3152 5.2395, -2.5775 1.337 5.207, -2.9304 1.337 5.207, -2.5767 1.3388 5.2021, -2.57 1.353 5.1632, -2.9379 1.353 5.1632, -2.5698 1.3534 5.1603, -2.872 -0.9904 5.1575, -2.8659 -0.9837 5.174, -2.8646 -0.9823 5.1774, -2.8472 -0.954 5.2239, -2.847 -0.9537 5.2244, -2.8224 -0.8733 5.2901, -2.8209 -0.8626 5.2939, -2.8154 -0.822 5.3086, -2.8147 -0.8071 5.3104, -2.813 -0.7677 5.315, -2.8334 -0.9184 5.2606, -2.8319 -0.9125 5.2645, -2.6185 0.3913 5.315, -2.6949 0.1772 5.315, -2.9008 0.3645 5.315, -2.6949 -0.7677 5.315, -2.7539 -0.7677 5.315, -2.6109 0.3733 5.315, -2.9933 0.3061 5.315, -2.5417 0.3116 5.315, -2.5244 0.3081 5.315, -2.5114 0.1772 5.315, -2.5145 0.3061 5.315, -2.5114 0.3059 5.315, -2.5513 0.3161 5.315, -2.5681 0.324 5.315, -2.5756 0.3301 5.315, -2.5889 0.3407 5.315, -2.5957 0.3496 5.315, -2.6071 0.3645 5.315, -2.9661 0.3116 5.315, -2.919 0.3407 5.315, -2.6614 0.5916 5.315, -2.6768 0.8071 5.315, -2.6488 1.0966 5.315, -5.4508 -0.7677 5.315, -5.6476 -0.7677 5.315, -5.4505 -0.7853 5.3143, -5.6476 -0.8073 5.3116, -5.449 -0.807 5.3101, -5.4466 -0.8389 5.304, -5.6476 -0.863 5.2949, -5.4428 -0.8625 5.2937, -5.4392 -0.8844 5.2841, -5.6476 -0.9129 5.2651, -5.4315 -0.9119 5.2637, -5.4264 -0.9304 5.25, -5.6476 -0.954 5.2239, -5.4163 -0.953 5.2231, -5.411 -0.9647 5.2091, -5.6476 -0.9839 5.174, -5.3977 -0.9825 5.1733, -5.3917 -0.9904 5.1575, -5.6476 -1.0006 5.1183, -5.3917 -1.0006 5.1183, -5.6476 -1.0039 5.0787, -5.3917 -1.0039 5.0787, -5.3917 -1.0039 4.4882, -5.3917 -1.0039 4.2126, -5.3917 0.1772 4.2126, -5.3917 -1.122 5.0787, -5.3917 -1.0827 5.0, -5.3917 0.1772 5.1575, -5.3917 -1.0827 4.685, -5.0571 -1.122 5.0787, -5.0571 -1.0827 5.0, -5.0571 -1.0827 5.0787, -5.0571 -1.0039 4.9213, -5.0571 -1.0827 4.685, -5.0571 -1.0039 4.4882, -4.25 -1.0827 5.0787, -4.25 -1.0039 4.9213, -4.25 -1.0039 5.0787, -4.25 -1.0039 4.2126, -4.25 0.1772 4.2126, -4.25 0.1772 5.1575, -4.25 -1.0006 5.1183, -4.25 -0.9904 5.1575, -4.2159 -0.9322 5.2483, -4.2254 -0.9531 5.2232, -4.0524 -0.9186 5.2605, -4.2302 -0.964 5.2102, -4.2441 -0.9825 5.1733, -4.0383 -0.9548 5.2229, -4.0138 -1.0039 5.0787, -4.0138 -1.0006 5.1183, -4.0205 -0.9833 5.1754, -4.0138 -0.9904 5.1575, -4.02 -0.9838 5.174, -4.0387 -0.954 5.2238, -4.1319 -0.7677 5.315, -4.1909 -0.7677 5.315, -4.1911 -0.7814 5.3146, -4.2102 -0.9119 5.2637, -4.0539 -0.9125 5.2644, -4.203 -0.8865 5.2829, -4.064 -0.8703 5.2915, -4.1991 -0.8623 5.2932, -4.065 -0.8627 5.2942, -4.1943 -0.8323 5.306, -4.0705 -0.8218 5.3087, -4.1927 -0.8071 5.3103, -4.0711 -0.8071 5.3104, -4.0728 -0.7677 5.315, -4.0138 -1.0039 4.4882, -4.0138 -1.0039 4.2126, -4.0138 -1.122 5.0787, -4.0138 -1.0827 5.0, -4.0138 -1.0827 4.685, -3.6791 -1.122 5.0787, -3.6791 -1.0827 5.0, -3.6791 -1.0827 5.0787, -3.6791 -1.0039 4.9213, -3.6791 -1.0827 4.685, -3.6791 -1.0039 4.4882, -2.872 -1.0827 5.0787, -2.872 -1.0039 4.9213, -2.872 -1.0039 5.0787, -2.872 -1.0039 4.2126, -2.872 -1.0006 5.1183, -2.6358 -1.0039 5.0787, -2.6358 -1.0006 5.1183, -2.6604 -0.9548 5.2229, -2.6426 -0.9833 5.1754, -2.642 -0.9838 5.174, -2.6745 -0.9186 5.2605, -2.6607 -0.954 5.2238, -2.6932 -0.8071 5.3104, -2.6925 -0.8218 5.3087, -2.6871 -0.8627 5.2942, -2.6861 -0.8703 5.2915, -2.6759 -0.9125 5.2644, -2.6358 -0.9904 5.1575, 4.0177 -1.0827 5.0787, 3.2106 -1.0827 5.0787, 3.2106 -1.122 5.0787, 2.6398 -1.0827 5.0787, 1.8327 -1.0827 5.0787, 1.8327 -1.122 5.0787, 1.2618 -1.0827 5.0787, 0.4547 -1.0827 5.0787, 0.4547 -1.122 5.0787, 5.6516 -1.0039 5.0787, 5.3957 -1.0039 5.0787, 5.6516 -1.7126 5.0787, 5.3957 -1.0827 5.0787, 1.498 -1.122 5.0787, 1.498 -1.0039 5.0787, 1.2618 -1.0039 5.0787, -0.1161 -1.0827 5.0787, -0.9232 -1.0827 5.0787, -0.9232 -1.122 5.0787, -5.6476 -1.7126 5.0787, 4.2539 -1.122 5.0787, 4.5886 -1.122 5.0787, 4.5886 -1.0827 5.0787, 4.2539 -1.0039 5.0787, 4.0177 -1.0039 5.0787, 2.876 -1.122 5.0787, 0.1201 -1.122 5.0787, 0.1201 -1.0039 5.0787, -0.1161 -1.0039 5.0787, -1.4941 -1.0827 5.0787, -2.3012 -1.0827 5.0787, -2.3012 -1.122 5.0787, 2.876 -1.0039 5.0787, 2.6398 -1.0039 5.0787, -1.2579 -1.122 5.0787, -1.2579 -1.0039 5.0787, -1.4941 -1.0039 5.0787, -2.6358 -1.122 5.0787, 5.6516 -1.7126 4.1339, -5.6476 -1.7126 4.1339, -3.2461 -1.437 0.7874, -3.2831 -1.2402 0.8328, -3.2831 -1.437 0.8328, -3.3304 -1.2402 0.8674, -3.3304 -1.437 0.8674, -3.3848 -1.2402 0.8891, -3.3848 -1.437 0.8891, -3.4429 -1.2402 0.8965, -3.4429 -1.437 0.8965, -3.501 -1.2402 0.8891, -3.501 -1.437 0.8891, -3.5554 -1.2402 0.8674, -3.5554 -1.437 0.8674, -3.6027 -1.2402 0.8328, -3.6027 -1.437 0.8328, -3.6398 -1.437 0.7874, -4.0672 -1.437 0.4732, -4.0925 -1.437 0.4724, -4.0925 -1.2402 0.4724, -4.0728 -1.2402 0.4727, -4.0672 -1.2402 0.4734, -3.9745 -1.437 0.4901, -4.0094 -1.2402 0.4808, -3.8834 -1.2402 0.5326, -3.8826 -1.437 0.5311, -3.9337 -1.2402 0.505, -3.9751 -1.2402 0.4918, -3.8581 -1.2402 0.5464, -3.7822 -1.2402 0.6078, -3.7681 -1.437 0.6217, -3.7137 -1.2402 0.6828, -3.7689 -1.2402 0.6224, -4.0728 1.6339 0.4724, -4.2303 1.6339 0.4724, -4.2303 -1.2402 0.4724, -4.1713 -1.2402 0.4724, -4.1713 -1.437 0.4724, -4.2311 -1.2402 0.4769, -4.2695 -1.437 0.4846, -4.2695 -1.2402 0.4846, -4.3633 -1.437 0.5211, -4.3633 -1.2402 0.5211, -4.4586 -1.437 0.5871, -4.4586 -1.2402 0.5871, -4.5831 -1.437 0.7262, -4.5831 -1.2402 0.7262, -4.624 -1.437 0.7874, -4.6611 -1.2402 0.8328, -4.6611 -1.437 0.8328, -4.7083 -1.2402 0.8674, -4.7083 -1.437 0.8674, -4.7627 -1.2402 0.8891, -4.7627 -1.437 0.8891, -4.8209 -1.2402 0.8965, -4.8209 -1.437 0.8965, -4.879 -1.2402 0.8891, -4.879 -1.437 0.8891, -4.9334 -1.2402 0.8674, -4.9334 -1.437 0.8674, -4.9806 -1.2402 0.8328, -4.9806 -1.437 0.8328, -5.0177 -1.437 0.7874, -5.4705 -1.437 0.4724, -5.4705 -1.2402 0.4724, -5.4451 -1.437 0.4732, -5.4508 -1.2402 0.4727, -5.4452 -1.2402 0.4734, -5.3874 -1.2402 0.4808, -5.3525 -1.437 0.4901, -5.2613 -1.2402 0.5326, -5.2605 -1.437 0.5311, -5.3117 -1.2402 0.505, -5.353 -1.2402 0.4918, -5.2361 -1.2402 0.5464, -5.1602 -1.2402 0.6078, -5.1461 -1.437 0.6217, -5.0917 -1.2402 0.6828, -5.1468 -1.2402 0.6224, -5.6476 -0.2393 0.4724, -5.6476 -0.1656 0.4724, -5.6476 -1.437 0.4724, -5.6476 -0.3327 0.4724, -5.6476 -0.2905 0.4724, -5.6476 -0.1345 0.4724, -5.6476 -0.0735 0.4724, -5.6476 0.0395 0.4724, -5.6476 0.0475 0.4724, -5.6476 0.1759 0.4724, -5.4508 1.6339 0.4725, -5.6476 1.2349 0.4724, -5.6476 1.6339 0.4724, -5.6476 -0.1054 0.899, -5.6476 -0.1021 0.8987, -5.6476 -0.1345 0.8987, -5.6476 1.6339 1.2461, -5.6476 0.2917 1.141, -5.6476 0.266 1.1192, -5.6476 0.1759 1.2461, -5.6476 0.1759 1.1104, -5.6476 0.418 1.2599, -5.6476 0.3975 1.2461, -5.6476 0.3757 1.2314, -5.6476 0.3444 1.1951, -5.6476 0.3245 1.1565, -5.6476 0.32 1.155, -5.6476 0.5955 1.2581, -5.6476 0.5517 1.275, -5.6476 1.2349 5.2996, -5.6476 0.5048 1.2808, -5.6476 0.4657 1.2767, -5.6476 0.1759 5.315, -5.6476 1.2052 5.31, -5.6476 1.1614 5.315, -5.6476 0.6186 1.2438, -5.6476 0.6149 1.2461, -5.6476 1.2349 1.2461, -5.6476 1.2349 1.1104, -5.6476 0.8224 1.1104, -5.6476 0.8142 1.129, -5.6476 0.7913 1.1584, -5.6476 0.7196 1.1993, -5.6476 0.6822 1.2039, -5.6476 0.6409 1.2247, -5.6476 0.6713 1.2033, -5.6476 0.6604 1.202, -5.6476 0.7849 1.1644, -5.6476 0.7548 1.1856, -5.6476 0.7665 0.9216, -5.6476 0.7961 0.9468, -5.6476 1.2349 0.8987, -5.6476 0.7322 0.9049, -5.6476 0.8177 0.9776, -5.6476 0.8313 1.0129, -5.6476 1.2349 1.0713, -5.6476 0.8359 1.0502, -5.6476 0.8356 1.0592, -5.6476 0.8335 1.0713, -5.6476 0.8293 1.0949, -5.6476 0.7201 0.9012, -5.6476 0.719 0.8987, -5.6476 0.7106 0.8808, -5.6476 1.2349 0.8458, -5.6476 0.6964 0.8634, -5.6476 0.6779 0.8494, -5.6476 1.2349 0.4724, -5.6476 0.6559 0.8403, -5.6476 0.6693 0.8458, -5.6476 0.5907 0.8458, -5.6476 0.6069 0.8396, -5.6476 0.1759 0.4724, -5.6476 0.63 0.8367, -5.6476 0.6335 0.8368, -5.6476 0.5411 0.8987, -5.6476 0.5413 0.898, -5.6476 0.1759 0.8458, -5.6476 0.5526 0.8769, -5.6476 0.5669 0.8609, -5.6476 0.5858 0.8477, -5.6476 0.2349 1.0633, -5.6476 0.2306 1.0322, -5.6476 0.1759 1.0713, -5.6476 0.42 0.9547, -5.6476 0.4134 0.9572, -5.6476 0.4023 1.0113, -5.6476 0.2657 0.942, -5.6476 0.2914 0.9202, -5.6476 0.1759 0.8987, -5.6476 0.5589 0.9952, -5.6476 0.4317 1.0616, -5.6476 0.5755 1.0103, -5.6476 0.5957 1.0211, -5.6476 0.4258 0.9505, -5.6476 0.2468 0.9684, -5.6476 0.2349 0.9984, -5.6476 0.4061 0.9582, -5.6476 0.4052 0.9581, -5.6476 0.4023 0.9575, -5.6476 0.7681 1.014, -5.6476 0.7569 0.9951, -5.6476 0.7088 0.9851, -5.6476 0.74 0.9776, -5.6476 0.7192 0.9648, -5.6476 0.6737 1.0166, -5.6476 0.7738 1.0713, -5.6476 0.6931 1.0031, -5.6476 0.7761 1.0521, -5.6476 0.7749 1.0372, -5.6476 0.6528 1.0246, -5.6476 0.63 1.0274, -5.6476 0.6186 1.0268, -5.6476 0.4355 0.9288, -5.6476 0.4353 0.9325, -5.6476 0.5351 0.9411, -5.6476 0.4334 0.9397, -5.6476 0.4297 0.9462, -5.6476 0.4133 0.9002, -5.6476 0.4196 0.9027, -5.6476 0.4258 0.9071, -5.6476 0.428 0.9093, -5.6476 0.4321 0.9153, -5.6476 0.4346 0.9217, -5.6476 0.5357 0.9214, -5.6476 0.5351 0.9316, -5.6476 0.3075 0.9823, -5.6476 0.2974 0.9973, -5.6476 0.2913 1.0144, -5.6476 0.2894 1.0312, -5.6476 0.2898 1.039, -5.6476 0.3204 0.906, -5.6476 0.352 0.8993, -5.6476 0.408 0.8993, -5.6476 0.4004 0.9572, -5.6476 0.3577 0.9572, -5.6476 0.3456 0.9591, -5.6476 0.3283 0.9657, -5.6476 0.3135 0.9762, -5.6476 0.3634 1.1052, -5.6476 0.371 1.1052, -5.6476 0.3015 1.0713, -5.6476 0.3468 1.1034, -5.6476 0.2941 1.0573, -5.6476 0.7733 1.0752, -5.6476 0.7651 1.0963, -5.6476 0.3028 1.0737, -5.6476 0.3152 1.0873, -5.6476 0.3301 1.0973, -5.6476 0.3916 1.1625, -5.6476 0.4131 1.188, -5.6476 0.631 1.1328, -5.6476 0.4152 1.1899, -5.6476 0.4418 1.2084, -5.6476 0.6164 1.1628, -5.6476 0.7553 1.1104, -5.6476 0.6374 1.1363, -5.6476 0.3721 1.1104, -5.6476 0.3769 1.132, -5.6476 0.6586 1.1441, -5.6476 0.6812 1.147, -5.6476 0.6914 1.1464, -5.6476 0.5951 1.1882, -5.6476 0.4715 1.2199, -5.6476 0.5698 1.2067, -5.6476 0.5038 1.2238, -5.6476 0.5388 1.2193, -5.6476 0.7148 1.1408, -5.6476 0.7359 1.1295, -5.6476 0.752 1.1152, -5.6476 0.2596 1.1104, -5.6476 0.2466 1.0923, -5.6476 0.2381 1.0713, -5.6476 -0.3817 1.148, -5.6476 -0.3327 1.148, -5.6476 -0.3953 1.1115, -5.6476 -0.3327 1.1104, -5.6476 -0.4143 1.1115, -5.6476 -1.437 1.1104, -5.6476 -0.3635 1.245, -5.6476 -1.437 1.2461, -5.6476 -0.3327 1.2461, -5.6476 -0.3261 1.148, -5.6476 -0.3133 1.1115, -5.6476 -0.2905 1.1104, -5.6476 -0.2942 1.1115, -5.6476 -0.2905 1.2461, -5.6476 -0.3327 1.2125, -5.6476 -0.3451 1.245, -5.6476 -0.1345 1.1716, -5.6476 -0.0984 1.1716, -5.6476 -0.1345 1.1267, -5.6476 -0.0984 1.1267, -5.6476 -0.1656 1.2461, -5.6476 -0.1345 1.2461, -5.6476 -0.1499 1.245, -5.6476 -0.1345 1.245, -5.6476 -0.1461 1.1716, -5.6476 -0.153 1.1267, -5.6476 -0.1461 1.1869, -5.6476 -0.1499 1.2296, -5.6476 -0.1345 1.1869, -5.6476 -0.1345 1.2296, -5.6476 -0.0984 1.2296, -5.6476 -0.0984 1.1869, -5.6476 -0.0812 1.1115, -5.6476 -0.0735 1.1104, -5.6476 -0.1345 1.1104, -5.6476 -0.1656 1.1104, -5.6476 -0.153 1.1115, -5.6476 -0.1345 1.1115, -5.6476 -0.0812 1.245, -5.6476 -0.0735 1.2461, -5.6476 -0.0366 1.2461, -5.6476 -0.0413 1.2457, -5.6476 -0.0545 1.2418, -5.6476 -0.0545 1.2237, -5.6476 -0.0545 1.1335, -5.6476 -0.0545 1.117, -5.6476 -0.0524 1.116, -5.6476 -0.0381 1.1113, -5.6476 -0.0291 1.1104, -5.6476 0.0147 1.2153, -5.6476 0.021 1.2059, -5.6476 0.0273 1.1755, -5.6476 -0.0408 1.1275, -5.6476 -0.0256 1.1248, -5.6476 0.0254 1.1942, -5.6476 0.0274 1.1767, -5.6476 -0.0395 1.2297, -5.6476 -0.023 1.2317, -5.6476 -0.0171 1.2314, -5.6476 -0.0056 1.229, -5.6476 0.0253 1.1591, -5.6476 0.0211 1.1482, -5.6476 0.0143 1.1387, -5.6476 0.0021 1.1295, -5.6476 -0.0076 1.126, -5.6476 -0.02 1.1246, -5.6476 -0.053 1.2245, -5.6476 0.0048 1.224, -5.6476 0.0133 1.2169, -5.6476 0.011 1.1355, -5.6476 0.0395 5.315, -5.6476 -0.0229 1.2472, -5.6476 -0.0735 5.315, -5.6476 -0.0241 1.2472, -5.6476 -0.0127 1.2461, -5.6476 0.0395 1.2461, -5.6476 -0.0051 1.2452, -5.6476 0.0091 1.2401, -5.6476 0.0358 1.215, -5.6476 0.0262 1.2276, -5.6476 0.0223 1.2313, -5.6476 0.0454 1.1757, -5.6476 0.0452 1.1827, -5.6476 0.0475 1.2461, -5.6476 0.0422 1.2001, -5.6476 0.0395 1.2064, -5.6476 0.0395 1.1451, -5.6476 0.0434 1.1566, -5.6476 0.0475 1.1104, -5.6476 0.0057 1.1129, -5.6476 0.0182 1.119, -5.6476 0.0395 1.1104, -5.6476 0.0283 1.1275, -5.6476 0.0309 1.1304, -5.6476 0.0384 1.1421, -5.6476 -0.0056 1.1104, -5.6476 0.0395 1.0713, -5.6476 -0.0086 1.1097, -5.6476 -0.0175 1.1093, -5.6476 -0.0735 1.0713, -5.6476 1.2468 5.2955, -5.6476 1.2842 5.272, -5.6476 1.3153 5.2408, -5.6476 1.3388 5.2035, -5.6476 1.3533 5.1619, -5.6476 -1.437 4.1339, -5.6476 -0.3327 5.315, -5.6476 -0.4804 0.8998, -5.6476 -0.4613 0.8998, -5.6476 -0.3327 0.8987, -5.6476 -0.5624 0.8998, -5.6476 -0.5488 0.9363, -5.6476 -0.4932 0.9363, -5.6476 -0.5814 0.8998, -5.6476 -1.437 0.8987, -5.6476 -0.5306 1.0333, -5.6476 -1.437 1.0713, -5.6476 -0.3327 1.0713, -5.6476 -0.5122 1.0333, -5.6476 -0.452 0.9856, -5.6476 -0.4539 0.9682, -5.6476 -0.4536 0.96, -5.6476 -0.4504 0.9443, -5.6476 -0.4439 0.9305, -5.6476 -0.4338 0.9185, -5.6476 -0.4306 0.9157, -5.6476 -0.4173 0.9072, -5.6476 -0.4338 1.0156, -5.6476 -0.4391 1.0103, -5.6476 -0.4472 0.9985, -5.6476 -0.3453 1.0333, -5.6476 -0.3453 0.8998, -5.6476 -0.382 0.8998, -5.6476 -0.4015 0.9018, -5.6476 -0.3834 1.0333, -5.6476 -0.4043 1.0309, -5.6476 -0.4203 1.0249, -5.6476 -0.2833 1.1561, -5.6476 -0.2767 1.1422, -5.6476 -0.2667 1.1302, -5.6476 -0.2393 1.2461, -5.6476 -0.2393 1.2418, -5.6476 -0.2532 1.2366, -5.6476 -0.2393 1.1152, -5.6476 -0.2393 1.1104, -5.6476 -0.2502 1.1189, -5.6476 -0.2634 1.1274, -5.6476 -0.2667 1.2273, -5.6476 -0.272 1.222, -5.6476 -0.2801 1.2102, -5.6476 -0.2849 1.1973, -5.6476 -0.2868 1.1799, -5.6476 -0.2864 1.1717, -5.6476 -0.2162 1.245, -5.6476 -0.2372 1.2426, -5.6476 -0.2344 1.1135, -5.6476 -0.2149 1.1115, -5.6476 -0.1782 1.1115, -5.6476 -0.1782 1.245, -5.6476 -0.0121 0.901, -5.6476 -0.0058 0.8987, -5.6476 -0.0264 0.8998, -5.6476 0.0267 0.9453, -5.6476 0.0242 0.9722, -5.6476 0.0301 0.9405, -5.6476 0.0324 0.9346, -5.6476 -0.018 0.9049, -5.6476 0.0133 0.8987, -5.6476 0.0197 0.9011, -5.6476 0.0395 0.8987, -5.6476 0.0307 0.9121, -5.6476 0.0327 0.9177, -5.6476 0.0242 0.9884, -5.6476 0.0204 0.9906, -5.6476 -0.0257 0.9943, -5.6476 -0.0685 0.9808, -5.6476 -0.0716 0.9853, -5.6476 0.0216 0.9497, -5.6476 0.0144 0.9534, -5.6476 0.0135 0.9791, -5.6476 0.0019 0.9564, -5.6476 -0.0127 0.9831, -5.6476 -0.0071 0.9837, -5.6476 0.003 0.9827, -5.6476 0.0253 0.9051, -5.6476 0.0272 0.907, -5.6476 -0.0264 0.9145, -5.6476 -0.0259 0.9145, -5.6476 -0.0233 0.9106, -5.6476 -0.0313 0.9911, -5.6476 -0.0357 0.9868, -5.6476 -0.0665 0.9754, -5.6476 -0.0392 0.9814, -5.6476 -0.0418 0.9738, -5.6476 0.008 0.9953, -5.6476 -0.0086 0.9973, -5.6476 -0.0187 0.9964, -5.6476 0.0335 0.9253, -5.6476 0.0334 0.9274, -5.6476 -0.0733 0.9515, -5.6476 -0.0657 0.9204, -5.6476 -0.0735 0.9514, -5.6476 -0.0723 0.9164, -5.6476 -0.0735 0.9159, -5.6476 -0.0706 0.9543, -5.6476 -0.0684 0.9578, -5.6476 -0.0431 0.9611, -5.6476 -0.0666 0.9629, -5.6476 -0.0658 0.9694, -5.6476 -0.0264 0.9604, -5.6476 -0.0258 0.9678, -5.6476 -0.0241 0.9737, -5.6476 -0.0221 0.9772, -5.6476 -0.0196 0.9799, -5.6476 -0.0166 0.9818, -5.6476 -0.0053 0.8985, -5.6476 -0.0735 0.8458, -5.6476 0.0395 0.8458, -5.6476 0.0033 0.8976, -5.6476 0.013 0.8987, -5.6476 -0.0657 0.9032, -5.6476 -0.0431 0.8998, -5.6476 -0.0735 0.9005, -5.6476 -0.0735 0.8987, -5.6476 -0.0777 0.899, -5.6476 -0.0806 0.8987, -5.6476 -0.0916 0.8976, -5.6476 -0.1345 0.8458, -5.6476 -0.1255 0.9931, -5.6476 -0.1255 0.9768, -5.6476 -0.0765 0.9897, -5.6476 -0.0815 0.9927, -5.6476 -0.1293 0.919, -5.6476 -0.1273 0.9137, -5.6476 -0.1241 0.9093, -5.6476 -0.0735 0.987, -5.6476 -0.0906 0.996, -5.6476 -0.103 0.9973, -5.6476 -0.1345 1.0713, -5.6476 -0.1122 0.9967, -5.6476 -0.1245 0.9415, -5.6476 -0.1276 0.9369, -5.6476 -0.1294 0.932, -5.6476 -0.1301 0.9257, -5.6476 -0.1194 0.9051, -5.6476 -0.1145 0.9023, -5.6476 -0.1013 0.9837, -5.6476 -0.0964 0.9834, -5.6476 -0.0831 0.9709, -5.6476 -0.0919 0.9822, -5.6476 -0.0881 0.9802, -5.6476 -0.0832 0.9687, -5.6476 -0.0839 0.9661, -5.6476 -0.0851 0.9638, -5.6476 -0.0867 0.962, -5.6476 -0.0926 0.9583, -5.6476 -0.1123 0.9825, -5.6476 -0.103 0.9538, -5.6476 -0.1217 0.979, -5.6476 -0.1094 0.9512, -5.6476 -0.1205 0.9451, -5.6476 -0.0856 0.9779, -5.6476 -0.0842 0.9758, -5.6476 -0.0834 0.9736, -5.6476 -0.0828 0.9124, -5.6476 -0.0911 0.9417, -5.6476 -0.0812 0.9463, -5.6476 -0.0932 0.9112, -5.6476 -0.094 0.9112, -5.6476 -0.1021 0.9371, -5.6476 -0.1025 0.9122, -5.6476 -0.1129 0.9241, -5.6476 -0.1128 0.9262, -5.6476 -0.1069 0.9137, -5.6476 -0.1084 0.9147, -5.6476 -0.1103 0.9164, -5.6476 -0.1118 0.9185, -5.6476 -0.1126 0.9209, -5.6476 -0.112 0.9288, -5.6476 -0.1107 0.931, -5.6476 -0.1086 0.9332, -5.6476 -0.213 0.9951, -5.6476 -0.2303 0.9951, -5.6476 -0.2393 1.0713, -5.6476 -0.1824 0.9235, -5.6476 -0.1844 0.9156, -5.6476 -0.1849 0.9156, -5.6476 -0.1656 1.0713, -5.6476 -0.1656 0.9719, -5.6476 -0.1869 0.9233, -5.6476 -0.1857 0.9189, -5.6476 -0.1656 0.927, -5.6476 -0.1388 0.9951, -5.6476 -0.1575 0.9951, -5.6476 -0.1756 0.8987, -5.6476 -0.1762 0.9, -5.6476 -0.1656 0.8767, -5.6476 -0.1656 0.8767, -5.6476 -0.1656 0.8987, -5.6476 -0.1689 0.8827, -5.6476 -0.1423 0.8712, -5.6476 -0.1423 0.8563, -5.6476 -0.1457 0.87, -5.6476 -0.1517 0.8692, -5.6476 -0.1557 0.8697, -5.6476 -0.1656 0.8579, -5.6476 -0.1598 0.8557, -5.6476 -0.1656 0.8458, -5.6476 -0.153 0.8549, -5.6476 -0.1493 0.855, -5.6476 -0.1594 0.8711, -5.6476 -0.1625 0.8732, -5.6476 -0.187 0.8854, -5.6476 -0.1795 0.8707, -5.6476 -0.2393 0.8458, -5.6476 -0.1923 0.8987, -5.6476 -0.1734 0.8633, -5.6476 -0.1722 0.8623, -5.6476 -0.1664 0.8582, -5.6476 -0.2905 0.9599, -5.6476 -0.2655 0.9599, -5.6476 -0.2905 0.915, -5.6476 -0.2655 0.915, -5.6476 -0.317 1.0333, -5.6476 -0.317 1.0179, -5.6476 -0.3201 0.915, -5.6476 -0.3201 0.8998, -5.6476 -0.2905 0.8987, -5.6476 -0.3133 0.9599, -5.6476 -0.3133 0.9752, -5.6476 -0.2905 0.9752, -5.6476 -0.2905 1.0179, -5.6476 -0.2655 1.0179, -5.6476 -0.2655 0.9752, -5.6476 -0.2905 0.8998, -5.6476 -0.2483 0.8998, -5.6476 -0.2393 0.8987, -5.6476 -0.2483 1.0333, -5.6476 -0.2905 1.0333, -5.6476 -0.2905 1.0713, -5.6476 -0.1345 5.315, -5.6476 -0.1656 5.315, -5.6476 -0.2393 5.315, -5.6476 -0.2905 5.315, -5.6476 0.0475 5.315, -5.6476 0.0509 1.1267, -5.6476 0.0509 1.1115, -5.6476 0.1213 1.1115, -5.6476 0.1213 1.245, -5.6476 0.104 1.245, -5.6476 0.104 1.1267, -5.6476 0.0475 1.0713, -5.6476 0.0475 0.8987, -5.6476 0.1213 0.8998, -5.6476 0.0495 0.8998, -5.6476 0.0495 0.915, -5.6476 0.0525 1.0179, -5.6476 0.1213 1.0333, -5.6476 0.0525 1.0333, -5.6476 0.104 0.9599, -5.6476 0.104 0.915, -5.6476 0.0563 0.9599, -5.6476 0.0563 0.9752, -5.6476 0.104 0.9752, -5.6476 0.104 1.0179, -5.6476 -0.2905 0.8458, -5.6476 -0.3327 0.8458, -5.6476 -1.437 0.8458, -5.6476 0.0475 0.8458, -5.6476 0.0475 0.4724, -5.6476 0.0395 0.4724, -5.6476 -0.0735 0.4724, -5.6476 -0.1345 0.4724, -5.6476 -0.1656 0.4724, -5.6476 -0.2393 0.4724, -5.6476 -0.2905 0.4724, -5.6476 -0.3327 0.4724, -5.6476 1.6339 1.1104, -5.6476 1.6339 1.0713, -5.6476 1.6339 0.8987, -5.6476 1.6339 0.8458, 5.6516 -1.437 4.1339
            ]
        }
        coordIndex [
            0,1,2,-1,2,3,4,-1,4,5,2,-1,2,5,6,-1,2,6,0,-1,7,8,9,-1,9,8,10,-1,9,10,11,-1,11,10,12,-1,13,14,15,-1,15,14,16,-1,15,16,17,-1,12,18,19,-1,18,12,20,-1,20,12,21,-1,20,21,22,-1,23,24,13,-1,13,24,25,-1,13,25,14,-1,16,12,17,-1,17,12,19,-1,17,19,23,-1,23,19,22,-1,23,22,24,-1,24,22,21,-1,26,27,21,-1,21,27,28,-1,26,29,27,-1,27,29,30,-1,30,29,31,-1,31,29,32,-1,33,34,35,-1,35,34,36,-1,35,36,37,-1,32,38,39,-1,38,32,40,-1,40,32,41,-1,40,41,42,-1,43,2,33,-1,33,2,1,-1,33,1,34,-1,36,32,37,-1,37,32,39,-1,37,39,43,-1,43,39,42,-1,43,42,2,-1,2,42,41,-1,10,8,44,-1,45,46,47,-1,48,49,50,-1,50,49,51,-1,52,53,54,-1,46,55,56,-1,57,58,59,-1,59,58,60,-1,61,62,63,-1,46,56,47,-1,47,56,64,-1,47,64,65,-1,65,64,66,-1,65,66,67,-1,68,59,69,-1,69,59,60,-1,69,60,51,-1,51,60,47,-1,51,47,50,-1,50,47,65,-1,47,61,45,-1,45,61,63,-1,45,63,54,-1,54,63,70,-1,54,70,52,-1,52,70,71,-1,72,73,74,-1,75,76,77,-1,70,75,71,-1,71,75,77,-1,71,77,74,-1,74,77,78,-1,74,78,72,-1,72,78,79,-1,80,81,82,-1,83,84,85,-1,86,87,88,-1,78,83,79,-1,79,83,85,-1,79,85,82,-1,82,85,89,-1,82,89,80,-1,80,89,90,-1,91,92,93,-1,26,21,12,-1,89,91,90,-1,90,91,93,-1,90,93,88,-1,88,93,94,-1,88,94,86,-1,86,94,95,-1,96,97,98,-1,99,100,101,-1,94,99,95,-1,95,99,101,-1,95,101,98,-1,98,101,102,-1,98,102,96,-1,96,102,103,-1,41,32,29,-1,12,10,26,-1,26,10,44,-1,26,44,29,-1,29,44,103,-1,29,103,41,-1,41,103,102,-1,44,104,103,-1,103,104,105,-1,106,96,105,-1,105,96,103,-1,96,106,97,-1,97,106,107,-1,97,107,98,-1,98,107,108,-1,108,109,98,-1,98,109,95,-1,110,86,109,-1,109,86,95,-1,111,87,110,-1,110,87,86,-1,87,111,88,-1,88,111,112,-1,90,88,113,-1,113,88,112,-1,114,115,116,-1,116,115,117,-1,116,117,118,-1,118,117,119,-1,118,119,120,-1,120,119,121,-1,120,121,122,-1,122,121,123,-1,122,123,124,-1,124,123,125,-1,124,125,126,-1,127,128,129,-1,125,130,126,-1,126,130,131,-1,126,131,132,-1,132,131,133,-1,132,133,129,-1,129,133,134,-1,129,134,127,-1,127,134,135,-1,127,135,136,-1,137,138,114,-1,114,138,115,-1,139,140,141,-1,142,143,144,-1,144,143,145,-1,144,145,146,-1,146,145,147,-1,146,147,137,-1,137,147,138,-1,148,149,150,-1,150,149,151,-1,150,151,152,-1,152,151,153,-1,152,153,142,-1,142,153,154,-1,142,154,143,-1,150,155,148,-1,148,155,156,-1,148,156,141,-1,141,156,157,-1,141,157,139,-1,139,157,158,-1,159,160,161,-1,162,163,164,-1,164,163,140,-1,140,165,164,-1,164,165,158,-1,164,158,160,-1,160,158,166,-1,160,166,161,-1,167,168,169,-1,169,168,170,-1,170,171,169,-1,169,171,172,-1,169,172,173,-1,174,175,169,-1,169,175,176,-1,169,176,167,-1,166,177,161,-1,161,177,178,-1,161,178,169,-1,169,178,179,-1,169,179,174,-1,173,180,169,-1,169,180,181,-1,169,181,161,-1,182,183,161,-1,161,183,184,-1,161,184,159,-1,177,166,185,-1,185,166,186,-1,185,186,187,-1,188,189,190,-1,190,189,191,-1,190,191,192,-1,192,191,193,-1,191,194,195,-1,195,194,196,-1,197,198,195,-1,195,198,199,-1,195,199,200,-1,196,201,195,-1,195,201,202,-1,195,202,203,-1,203,204,195,-1,195,204,205,-1,195,205,197,-1,186,193,187,-1,187,193,191,-1,187,191,206,-1,206,191,195,-1,206,195,207,-1,207,195,200,-1,208,209,210,-1,186,211,193,-1,193,211,212,-1,193,212,210,-1,210,212,213,-1,210,213,208,-1,214,215,216,-1,216,215,217,-1,216,217,218,-1,218,217,219,-1,218,219,220,-1,220,219,221,-1,220,221,222,-1,222,221,223,-1,222,223,224,-1,224,223,225,-1,224,225,226,-1,227,211,228,-1,225,229,226,-1,226,229,230,-1,226,230,231,-1,231,230,232,-1,231,232,228,-1,228,232,233,-1,228,233,227,-1,227,233,234,-1,227,234,213,-1,215,214,235,-1,235,214,236,-1,237,238,239,-1,240,241,242,-1,242,241,243,-1,242,243,244,-1,244,243,245,-1,244,245,236,-1,236,245,235,-1,246,247,248,-1,248,247,249,-1,248,249,250,-1,250,249,251,-1,250,251,240,-1,240,251,252,-1,240,252,241,-1,248,253,246,-1,246,253,254,-1,246,254,239,-1,239,254,255,-1,239,255,237,-1,237,255,256,-1,257,258,259,-1,260,261,262,-1,262,261,238,-1,238,263,262,-1,262,263,256,-1,262,256,258,-1,258,256,264,-1,258,264,259,-1,265,266,267,-1,267,266,268,-1,268,269,267,-1,267,269,270,-1,267,270,271,-1,272,273,267,-1,267,273,274,-1,267,274,265,-1,264,275,259,-1,259,275,276,-1,259,276,267,-1,267,276,277,-1,267,277,272,-1,271,278,267,-1,267,278,279,-1,267,279,259,-1,280,281,259,-1,259,281,282,-1,259,282,257,-1,264,283,275,-1,275,283,284,-1,285,286,287,-1,111,110,288,-1,289,113,112,-1,290,291,292,-1,292,291,293,-1,105,104,106,-1,106,104,288,-1,106,288,107,-1,107,288,110,-1,107,110,108,-1,108,110,109,-1,294,295,296,-1,288,297,298,-1,299,300,298,-1,298,300,301,-1,298,301,288,-1,288,301,289,-1,288,289,111,-1,111,289,112,-1,287,302,285,-1,285,302,292,-1,285,292,288,-1,288,292,293,-1,288,293,303,-1,304,305,303,-1,303,305,306,-1,303,306,288,-1,288,306,307,-1,308,309,307,-1,307,309,310,-1,307,310,288,-1,288,310,294,-1,288,294,297,-1,297,294,296,-1,253,288,254,-1,254,288,311,-1,283,264,288,-1,288,264,256,-1,288,256,311,-1,312,155,222,-1,222,155,220,-1,313,314,315,-1,315,314,316,-1,316,317,315,-1,315,317,318,-1,315,318,319,-1,122,320,321,-1,253,248,288,-1,288,248,322,-1,288,322,240,-1,288,155,150,-1,312,226,155,-1,155,226,323,-1,155,323,156,-1,156,323,324,-1,319,325,315,-1,315,325,326,-1,315,326,327,-1,327,326,328,-1,150,329,288,-1,288,329,142,-1,288,142,330,-1,331,332,333,-1,333,332,334,-1,334,335,333,-1,333,335,336,-1,333,336,337,-1,240,338,288,-1,288,338,244,-1,288,244,236,-1,211,186,166,-1,339,340,341,-1,342,118,321,-1,321,118,120,-1,321,120,122,-1,320,126,321,-1,321,126,343,-1,321,343,344,-1,344,343,345,-1,346,347,348,-1,348,347,349,-1,348,349,350,-1,236,214,288,-1,288,214,351,-1,288,351,155,-1,155,351,218,-1,155,218,220,-1,323,228,324,-1,324,228,211,-1,324,211,158,-1,158,211,166,-1,326,352,328,-1,328,352,339,-1,328,339,353,-1,353,339,341,-1,128,354,355,-1,337,356,333,-1,333,356,357,-1,333,357,358,-1,358,357,359,-1,360,361,362,-1,362,361,363,-1,363,364,362,-1,362,364,365,-1,362,365,366,-1,330,146,288,-1,288,146,137,-1,288,137,114,-1,343,129,345,-1,345,129,128,-1,345,128,367,-1,367,128,355,-1,368,369,370,-1,350,371,348,-1,348,371,372,-1,348,372,373,-1,373,372,374,-1,375,376,377,-1,377,376,378,-1,377,378,379,-1,380,381,377,-1,377,381,382,-1,377,382,375,-1,357,383,359,-1,359,383,368,-1,359,368,384,-1,384,368,370,-1,385,386,387,-1,366,388,362,-1,362,388,389,-1,362,389,390,-1,390,389,391,-1,392,393,285,-1,285,393,394,-1,285,394,395,-1,372,396,374,-1,374,396,385,-1,374,385,397,-1,397,385,387,-1,398,399,400,-1,379,401,377,-1,377,401,402,-1,377,402,403,-1,403,402,404,-1,405,406,407,-1,407,406,285,-1,407,285,408,-1,408,285,395,-1,389,409,391,-1,391,409,398,-1,391,398,410,-1,410,398,400,-1,411,412,413,-1,414,288,321,-1,321,288,114,-1,321,114,342,-1,415,416,348,-1,348,416,417,-1,348,417,346,-1,402,418,404,-1,404,418,411,-1,404,411,419,-1,419,411,413,-1,315,420,313,-1,313,420,421,-1,313,421,288,-1,288,421,422,-1,288,422,423,-1,414,424,288,-1,288,424,425,-1,288,425,426,-1,426,427,288,-1,288,427,428,-1,288,428,360,-1,429,430,288,-1,288,430,431,-1,288,431,313,-1,423,432,288,-1,288,432,433,-1,288,433,331,-1,333,434,331,-1,331,434,435,-1,331,435,288,-1,288,435,436,-1,288,436,437,-1,415,438,416,-1,416,438,439,-1,416,439,440,-1,362,441,360,-1,360,441,442,-1,360,442,288,-1,288,442,443,-1,288,443,429,-1,380,444,381,-1,381,444,445,-1,381,445,446,-1,447,448,285,-1,285,448,449,-1,285,449,392,-1,437,450,288,-1,288,450,451,-1,288,451,285,-1,285,451,416,-1,452,453,285,-1,285,453,454,-1,285,454,447,-1,440,455,416,-1,416,455,456,-1,416,456,285,-1,285,456,381,-1,285,381,452,-1,452,381,446,-1,355,354,457,-1,457,354,458,-1,459,460,461,-1,462,463,464,-1,464,463,465,-1,464,466,467,-1,465,468,464,-1,464,468,469,-1,464,469,466,-1,467,470,464,-1,464,470,471,-1,464,471,472,-1,472,471,473,-1,472,473,474,-1,474,473,475,-1,474,475,461,-1,461,475,476,-1,461,476,477,-1,477,478,461,-1,461,478,479,-1,461,479,480,-1,480,481,461,-1,461,481,482,-1,461,482,459,-1,483,471,470,-1,483,470,484,-1,484,470,467,-1,484,467,485,-1,485,467,466,-1,485,466,486,-1,486,466,469,-1,486,469,487,-1,487,469,468,-1,487,468,488,-1,488,468,465,-1,488,465,489,-1,490,491,492,-1,492,491,493,-1,492,493,494,-1,489,465,493,-1,493,465,463,-1,493,463,494,-1,495,496,497,-1,498,499,500,-1,500,501,498,-1,498,501,502,-1,498,502,503,-1,503,502,504,-1,505,506,507,-1,502,508,504,-1,504,508,505,-1,504,505,509,-1,509,505,507,-1,509,507,510,-1,510,507,511,-1,510,511,512,-1,497,496,513,-1,512,511,496,-1,496,511,514,-1,496,514,513,-1,495,497,515,-1,515,497,516,-1,515,516,517,-1,517,518,515,-1,515,518,519,-1,515,519,520,-1,520,519,490,-1,490,519,491,-1,491,519,521,-1,491,521,493,-1,522,523,524,-1,524,523,499,-1,499,523,525,-1,499,525,500,-1,526,527,524,-1,524,527,528,-1,524,528,522,-1,527,526,529,-1,529,526,530,-1,529,530,531,-1,531,530,532,-1,530,533,534,-1,534,533,535,-1,536,537,534,-1,534,537,538,-1,534,538,539,-1,535,540,534,-1,534,540,541,-1,534,541,542,-1,542,543,534,-1,534,543,544,-1,534,544,536,-1,354,532,458,-1,458,532,530,-1,458,530,545,-1,545,530,534,-1,545,534,546,-1,546,534,539,-1,547,548,549,-1,354,128,532,-1,532,128,550,-1,532,550,549,-1,549,550,136,-1,549,136,547,-1,551,542,552,-1,533,553,554,-1,554,553,555,-1,554,555,540,-1,540,555,556,-1,540,556,552,-1,552,556,557,-1,552,557,551,-1,542,551,543,-1,543,551,558,-1,543,558,544,-1,544,558,559,-1,544,559,536,-1,536,559,560,-1,536,560,537,-1,560,561,537,-1,537,561,562,-1,537,562,563,-1,563,562,564,-1,563,564,539,-1,539,564,565,-1,539,565,566,-1,566,565,567,-1,566,567,545,-1,545,567,457,-1,545,457,458,-1,464,568,569,-1,569,570,464,-1,464,570,571,-1,464,571,572,-1,573,574,464,-1,464,574,575,-1,575,576,464,-1,464,576,577,-1,464,577,462,-1,572,578,464,-1,464,578,579,-1,464,579,573,-1,499,498,580,-1,581,498,582,-1,583,581,584,-1,584,581,462,-1,584,462,577,-1,580,498,585,-1,586,490,492,-1,587,581,588,-1,588,581,589,-1,588,589,590,-1,590,589,591,-1,587,592,581,-1,581,592,593,-1,581,593,594,-1,594,595,581,-1,581,595,596,-1,581,596,498,-1,498,596,597,-1,498,597,585,-1,553,533,530,-1,512,496,462,-1,462,496,598,-1,462,598,463,-1,598,515,463,-1,463,515,586,-1,463,586,494,-1,494,586,492,-1,582,504,581,-1,581,504,599,-1,581,599,462,-1,462,599,510,-1,462,510,512,-1,499,580,524,-1,524,580,600,-1,524,600,526,-1,526,600,601,-1,526,601,530,-1,530,601,602,-1,530,602,553,-1,603,604,605,-1,605,604,606,-1,605,606,607,-1,607,606,608,-1,608,606,609,-1,608,609,610,-1,610,609,611,-1,611,609,612,-1,611,612,613,-1,613,612,614,-1,614,612,615,-1,614,615,616,-1,616,615,617,-1,617,615,618,-1,617,618,619,-1,619,618,620,-1,620,618,621,-1,620,621,622,-1,622,621,623,-1,622,623,624,-1,625,626,627,-1,624,628,629,-1,624,627,622,-1,622,627,630,-1,622,630,620,-1,624,629,627,-1,627,629,631,-1,627,631,625,-1,628,632,629,-1,629,632,633,-1,632,634,633,-1,633,634,635,-1,633,635,636,-1,636,635,637,-1,638,639,634,-1,634,639,635,-1,639,638,640,-1,641,639,642,-1,642,639,640,-1,642,640,643,-1,643,640,644,-1,643,644,645,-1,646,647,648,-1,649,650,651,-1,652,653,640,-1,640,653,644,-1,651,650,654,-1,644,653,645,-1,645,653,655,-1,645,655,650,-1,650,655,656,-1,650,656,654,-1,649,651,647,-1,647,651,657,-1,647,657,648,-1,658,659,660,-1,646,648,661,-1,661,648,662,-1,661,662,663,-1,663,662,664,-1,663,664,665,-1,665,664,666,-1,665,666,667,-1,667,666,668,-1,667,668,669,-1,669,668,670,-1,669,670,660,-1,660,670,671,-1,660,671,658,-1,672,673,474,-1,652,674,675,-1,652,474,653,-1,653,474,461,-1,653,461,655,-1,652,675,474,-1,474,675,676,-1,474,676,672,-1,674,677,675,-1,675,677,678,-1,677,679,678,-1,678,679,680,-1,678,680,681,-1,681,680,682,-1,683,684,679,-1,679,684,680,-1,684,683,685,-1,686,684,472,-1,472,684,685,-1,472,685,464,-1,464,685,687,-1,464,687,568,-1,685,688,689,-1,584,577,576,-1,690,569,691,-1,691,569,692,-1,693,572,694,-1,694,572,571,-1,694,571,690,-1,690,571,570,-1,690,570,569,-1,583,584,695,-1,695,584,576,-1,695,576,696,-1,696,576,575,-1,696,575,697,-1,697,575,574,-1,697,574,698,-1,698,574,573,-1,698,573,699,-1,699,573,579,-1,699,579,693,-1,693,579,578,-1,693,578,572,-1,692,569,700,-1,700,569,568,-1,700,568,689,-1,689,568,687,-1,689,687,685,-1,701,702,703,-1,704,705,706,-1,707,708,709,-1,710,711,712,-1,712,711,713,-1,714,715,716,-1,717,718,719,-1,624,623,628,-1,628,623,720,-1,628,720,632,-1,632,720,712,-1,632,712,674,-1,674,712,677,-1,634,632,638,-1,638,632,674,-1,638,674,640,-1,640,674,652,-1,721,712,722,-1,722,712,713,-1,722,713,723,-1,724,725,721,-1,721,725,701,-1,721,701,712,-1,712,701,703,-1,712,703,726,-1,727,728,729,-1,730,731,732,-1,733,734,726,-1,726,734,704,-1,726,704,712,-1,712,704,706,-1,712,706,714,-1,735,736,737,-1,716,707,714,-1,714,707,709,-1,714,709,712,-1,712,709,727,-1,688,685,738,-1,738,685,683,-1,729,717,727,-1,727,717,719,-1,727,719,712,-1,712,719,735,-1,737,730,735,-1,735,730,732,-1,735,732,712,-1,712,732,738,-1,712,738,677,-1,677,738,683,-1,677,683,679,-1,712,720,739,-1,739,720,740,-1,1,741,742,-1,742,741,743,-1,742,743,744,-1,744,743,745,-1,744,745,746,-1,746,745,747,-1,746,747,748,-1,748,747,749,-1,748,749,750,-1,750,749,751,-1,750,751,752,-1,752,751,753,-1,752,753,754,-1,754,753,755,-1,754,755,34,-1,34,755,756,-1,757,758,759,-1,759,760,757,-1,757,760,761,-1,757,761,762,-1,762,761,763,-1,764,765,766,-1,766,765,762,-1,766,762,767,-1,767,762,763,-1,764,768,765,-1,765,768,769,-1,765,769,770,-1,34,756,771,-1,771,756,770,-1,771,770,772,-1,772,770,769,-1,773,760,774,-1,774,760,759,-1,775,774,776,-1,776,774,759,-1,776,759,777,-1,777,759,758,-1,776,777,778,-1,778,777,779,-1,778,779,780,-1,780,779,781,-1,780,781,782,-1,782,781,783,-1,782,783,784,-1,784,783,785,-1,784,785,786,-1,786,785,787,-1,786,787,25,-1,25,787,788,-1,788,787,789,-1,788,789,790,-1,790,789,791,-1,790,791,792,-1,792,791,793,-1,792,793,794,-1,794,793,795,-1,794,795,796,-1,796,795,797,-1,796,797,798,-1,798,797,799,-1,798,799,800,-1,800,799,801,-1,800,801,14,-1,14,801,802,-1,803,804,805,-1,805,804,806,-1,806,807,805,-1,805,807,808,-1,805,808,809,-1,810,811,812,-1,812,811,809,-1,812,809,813,-1,813,809,808,-1,810,814,811,-1,811,814,815,-1,811,815,816,-1,14,802,817,-1,817,802,816,-1,817,816,818,-1,818,816,815,-1,819,820,806,-1,803,821,804,-1,804,821,822,-1,804,822,806,-1,806,822,823,-1,806,823,819,-1,820,824,806,-1,806,824,825,-1,806,825,826,-1,826,827,806,-1,806,827,828,-1,806,828,829,-1,829,828,830,-1,829,830,831,-1,832,833,834,-1,8,7,835,-1,836,837,838,-1,838,837,839,-1,840,841,838,-1,838,841,842,-1,838,842,843,-1,843,844,838,-1,838,844,845,-1,838,845,836,-1,846,847,848,-1,849,850,851,-1,848,847,852,-1,849,851,847,-1,847,851,853,-1,847,853,852,-1,854,855,856,-1,857,858,856,-1,856,858,859,-1,856,859,860,-1,856,861,854,-1,854,861,862,-1,854,862,863,-1,863,862,864,-1,863,864,865,-1,860,866,856,-1,856,866,867,-1,856,867,861,-1,868,869,870,-1,868,870,871,-1,869,872,870,-1,870,872,873,-1,870,873,874,-1,874,873,875,-1,875,876,874,-1,874,876,877,-1,874,877,857,-1,857,877,878,-1,857,878,858,-1,879,871,880,-1,880,871,870,-1,880,870,881,-1,881,870,882,-1,881,882,883,-1,883,882,884,-1,885,886,882,-1,882,886,887,-1,882,887,884,-1,888,889,890,-1,890,889,891,-1,890,891,885,-1,885,891,892,-1,885,892,886,-1,893,894,895,-1,895,894,896,-1,896,897,895,-1,895,897,898,-1,895,898,888,-1,899,900,901,-1,902,903,904,-1,905,906,907,-1,908,909,910,-1,910,909,911,-1,902,904,912,-1,905,907,913,-1,901,900,907,-1,907,900,914,-1,907,914,913,-1,903,915,904,-1,904,915,916,-1,904,916,917,-1,918,919,920,-1,920,919,921,-1,920,921,922,-1,923,924,925,-1,925,924,926,-1,925,926,920,-1,920,926,927,-1,920,927,918,-1,923,928,924,-1,924,928,929,-1,924,929,909,-1,909,929,930,-1,909,930,911,-1,931,932,933,-1,933,932,934,-1,933,934,904,-1,904,934,935,-1,904,935,912,-1,936,937,893,-1,893,937,938,-1,893,938,939,-1,939,940,893,-1,893,940,941,-1,893,941,942,-1,942,941,931,-1,942,931,943,-1,943,931,933,-1,944,945,904,-1,904,945,946,-1,904,946,909,-1,909,946,947,-1,909,947,948,-1,906,949,907,-1,907,949,950,-1,907,950,893,-1,893,950,951,-1,893,951,936,-1,917,952,904,-1,904,952,953,-1,904,953,954,-1,954,955,904,-1,904,955,956,-1,904,956,944,-1,957,958,959,-1,957,959,960,-1,948,961,909,-1,909,961,959,-1,909,959,924,-1,924,959,958,-1,924,958,962,-1,962,958,963,-1,964,965,959,-1,959,965,966,-1,959,966,960,-1,967,968,969,-1,968,970,969,-1,969,970,971,-1,969,971,972,-1,973,969,974,-1,963,958,973,-1,973,958,975,-1,973,975,969,-1,969,975,976,-1,969,976,967,-1,974,977,973,-1,973,977,978,-1,973,978,979,-1,972,971,980,-1,980,971,981,-1,980,981,982,-1,982,981,983,-1,982,983,984,-1,985,986,979,-1,979,986,987,-1,979,987,973,-1,837,988,839,-1,839,988,989,-1,839,989,901,-1,901,989,990,-1,901,990,899,-1,991,992,993,-1,993,992,994,-1,993,994,995,-1,995,994,996,-1,995,996,997,-1,997,996,998,-1,997,998,999,-1,992,1000,994,-1,994,1000,1001,-1,994,1001,1002,-1,1002,1001,1003,-1,1002,1003,1004,-1,1004,1003,1005,-1,1004,1005,999,-1,999,1005,1006,-1,999,1006,997,-1,1007,1008,1009,-1,1009,1008,1010,-1,1011,1012,1013,-1,1013,1012,1014,-1,1007,1009,1015,-1,1015,1009,1016,-1,1015,1016,1017,-1,1017,1016,1018,-1,1017,1018,1019,-1,1018,1020,1019,-1,1019,1020,1021,-1,1019,1021,1022,-1,1023,1024,1025,-1,1013,1018,1011,-1,1011,1018,1016,-1,1011,1016,1026,-1,1026,1016,1027,-1,1026,1027,1025,-1,1025,1027,1028,-1,1025,1028,1023,-1,1014,1012,1029,-1,1029,1012,1030,-1,1029,1030,1023,-1,1031,1032,1030,-1,1030,1032,1033,-1,1030,1033,1034,-1,1035,1036,1024,-1,1036,1037,1024,-1,1024,1037,1038,-1,1024,1038,1039,-1,1035,1040,1041,-1,1035,1042,1043,-1,1043,1042,1044,-1,1041,1045,1035,-1,1035,1045,1046,-1,1035,1046,1042,-1,1047,1048,1035,-1,1035,1048,1049,-1,1035,1049,1050,-1,1051,1052,1053,-1,1054,1055,1042,-1,1042,1055,1056,-1,1042,1056,1044,-1,1023,1030,1024,-1,1024,1030,1034,-1,1024,1034,1035,-1,1035,1034,1057,-1,1035,1057,1047,-1,1050,1058,1035,-1,1035,1058,1059,-1,1035,1059,1040,-1,1051,1053,1042,-1,1042,1053,1060,-1,1042,1060,1054,-1,1061,1062,1063,-1,1063,1062,1064,-1,1063,1064,1031,-1,1065,1066,1067,-1,1067,1066,1068,-1,1069,1070,1066,-1,1066,1070,1071,-1,1066,1071,1068,-1,1072,1073,1074,-1,1074,1073,1075,-1,1074,1075,1066,-1,1066,1075,1076,-1,1066,1076,1069,-1,1077,1078,1079,-1,1079,1078,1072,-1,1080,1081,1082,-1,1081,1083,1082,-1,1082,1083,1084,-1,1082,1084,1085,-1,1080,1082,1086,-1,1086,1082,1087,-1,1086,1087,1088,-1,1088,1087,1089,-1,1089,1087,1090,-1,1089,1090,1039,-1,283,288,104,-1,44,856,848,-1,848,856,855,-1,848,855,846,-1,104,44,283,-1,283,44,848,-1,283,848,284,-1,284,848,1091,-1,284,1091,1092,-1,1092,1093,284,-1,284,1093,1094,-1,284,1094,1095,-1,740,720,1096,-1,1096,720,623,-1,1096,623,1097,-1,1097,623,604,-1,604,623,606,-1,606,623,621,-1,606,621,618,-1,618,615,606,-1,606,615,612,-1,606,612,609,-1,1098,1099,1100,-1,1101,1102,1103,-1,1103,1098,1101,-1,1101,1098,1100,-1,1101,1100,1104,-1,1104,1100,1105,-1,1104,1105,1106,-1,1105,1107,1106,-1,1106,1107,1108,-1,1106,1108,1109,-1,1110,1111,1109,-1,1109,1111,1112,-1,1109,1112,1099,-1,1099,1112,1113,-1,1099,1113,1114,-1,1114,1115,1099,-1,1099,1115,1116,-1,1099,1116,1117,-1,1118,1119,1109,-1,1109,1119,1120,-1,1109,1120,1110,-1,1121,1108,1122,-1,1122,1108,1100,-1,1122,1100,1123,-1,1123,1100,1099,-1,1123,1099,1124,-1,1124,1099,1117,-1,1121,1125,1108,-1,1108,1125,1126,-1,1108,1126,1109,-1,1109,1126,1127,-1,1109,1127,1118,-1,1128,1129,1002,-1,1002,1129,1130,-1,1131,1132,1004,-1,1004,1132,1133,-1,1134,1135,1136,-1,1136,1135,1002,-1,1136,1002,1137,-1,1137,1002,1130,-1,1133,1138,1004,-1,1004,1138,1139,-1,1004,1139,1140,-1,1140,1141,1004,-1,1004,1141,1142,-1,1004,1142,1002,-1,1002,1142,1143,-1,1002,1143,1128,-1,1011,1144,1131,-1,1131,1144,1145,-1,1131,1145,1132,-1,1134,1146,1135,-1,1135,1146,1147,-1,1135,1147,1026,-1,1026,1147,1148,-1,1026,1148,1011,-1,1011,1148,1149,-1,1011,1149,1144,-1,1150,1151,1152,-1,1153,1154,1155,-1,1155,1154,1156,-1,1150,1152,1157,-1,1158,1159,1160,-1,1160,1161,1162,-1,1087,1163,1164,-1,1165,1166,1167,-1,1153,1168,1154,-1,1154,1168,1169,-1,1154,1169,1170,-1,1170,1169,1171,-1,1172,1173,1171,-1,1171,1173,1174,-1,1171,1174,1170,-1,1159,1175,1160,-1,1160,1175,1176,-1,1160,1176,1161,-1,1177,1178,1152,-1,1152,1178,1179,-1,1152,1179,1157,-1,1165,1180,1166,-1,1166,1180,1181,-1,1166,1181,1182,-1,1182,1181,1183,-1,1182,1183,1184,-1,1164,1185,1087,-1,1087,1185,1186,-1,1087,1186,1187,-1,1162,1188,1160,-1,1160,1188,1189,-1,1160,1189,1087,-1,1087,1189,1156,-1,1087,1156,1163,-1,1163,1156,1154,-1,1190,1191,1192,-1,1192,1191,1193,-1,1192,1193,1194,-1,1195,1196,1197,-1,1197,1196,1198,-1,1197,1198,1184,-1,1184,1198,1199,-1,1184,1199,1182,-1,1200,1201,1171,-1,1171,1201,1202,-1,1171,1202,1203,-1,1203,1204,1171,-1,1171,1204,1205,-1,1171,1205,1172,-1,1151,1206,1207,-1,1207,1206,1208,-1,1208,1206,1209,-1,1208,1209,1210,-1,1190,1195,1191,-1,1191,1195,1197,-1,1191,1197,1211,-1,1211,1197,1212,-1,1211,1212,1213,-1,1213,1212,1214,-1,1213,1214,1215,-1,1215,1214,1216,-1,1217,1216,1207,-1,1207,1216,1214,-1,1207,1214,1151,-1,1151,1214,1212,-1,1151,1212,1152,-1,1217,1207,833,-1,833,1207,1218,-1,833,1218,834,-1,1219,1220,834,-1,1221,1222,1090,-1,1223,1224,834,-1,834,1224,1225,-1,1187,1165,1087,-1,1087,1165,1167,-1,1087,1167,1090,-1,1090,1167,1226,-1,1090,1226,1221,-1,1222,1227,1090,-1,1090,1227,1228,-1,1090,1228,1229,-1,1229,1228,1230,-1,1229,1230,1219,-1,1231,1232,1220,-1,1220,1232,1233,-1,1220,1233,834,-1,834,1233,1234,-1,834,1234,1223,-1,1225,1235,834,-1,834,1235,1236,-1,834,1236,832,-1,1237,1238,1239,-1,1239,1238,1240,-1,1239,1240,1241,-1,1239,1242,1237,-1,1237,1242,1243,-1,1237,1243,1244,-1,1244,1245,1237,-1,1237,1245,1246,-1,1237,1246,1247,-1,1247,1246,1248,-1,1247,1248,1249,-1,1249,1248,1250,-1,1249,1250,1220,-1,1220,1250,1251,-1,1220,1251,1231,-1,1252,1253,1241,-1,1241,1253,1254,-1,1241,1254,1239,-1,1255,1256,1194,-1,1194,1256,1257,-1,1194,1257,1192,-1,1255,1258,1256,-1,1256,1258,1259,-1,1256,1259,1260,-1,1260,1259,1261,-1,1260,1262,1263,-1,1261,1264,1260,-1,1260,1264,1265,-1,1260,1265,1266,-1,1266,1267,1260,-1,1260,1267,1268,-1,1260,1268,1262,-1,1263,1269,1260,-1,1260,1269,1270,-1,1260,1270,1271,-1,1272,1273,1274,-1,1275,1276,1277,-1,1274,1278,1272,-1,1272,1278,1279,-1,1272,1279,1280,-1,1280,1279,1275,-1,1280,1275,1281,-1,1281,1275,1277,-1,1282,1283,834,-1,1219,834,1229,-1,1229,834,1283,-1,1229,1283,1278,-1,1278,1283,1284,-1,1278,1284,1279,-1,1285,1286,1282,-1,1287,1288,1289,-1,1289,1288,1290,-1,1289,1290,1285,-1,1285,1282,1289,-1,1289,1282,834,-1,1289,834,1291,-1,1291,834,1218,-1,1291,1218,1292,-1,1291,1293,1289,-1,1289,1293,1294,-1,1289,1294,1295,-1,1296,1297,1298,-1,1298,1297,1299,-1,1298,1299,1218,-1,1218,1299,1300,-1,1218,1300,1292,-1,1295,1301,1289,-1,1289,1301,1302,-1,1289,1302,1287,-1,1303,1304,1305,-1,1303,1305,1306,-1,1304,1307,1305,-1,1305,1307,1308,-1,1305,1308,1298,-1,1298,1308,1309,-1,1298,1309,1296,-1,1310,1311,1312,-1,1312,1311,1313,-1,1314,1315,1108,-1,1108,1315,1316,-1,1108,1316,1100,-1,1100,1316,1317,-1,1100,1317,1318,-1,1310,1312,1319,-1,1319,1312,1316,-1,1319,1316,1320,-1,1320,1316,1315,-1,1320,1315,1321,-1,1315,1322,1321,-1,1321,1322,1323,-1,1321,1323,1324,-1,1317,1325,1318,-1,1318,1325,1326,-1,1318,1326,1327,-1,1327,1326,1328,-1,1314,1108,1329,-1,1329,1108,1330,-1,1329,1330,1328,-1,1328,1330,1274,-1,1328,1274,1327,-1,1327,1274,1273,-1,1327,1273,1306,-1,1031,1030,1063,-1,1063,1030,1012,-1,1063,1012,1331,-1,1331,1012,1011,-1,1331,1011,1332,-1,1332,1011,1131,-1,1332,1131,1333,-1,1333,1131,1004,-1,1333,1004,1334,-1,1334,1004,999,-1,1334,999,1097,-1,1097,999,998,-1,1097,998,1096,-1,851,1074,1335,-1,1335,1074,1066,-1,1335,1066,1061,-1,1061,1066,1065,-1,1061,1065,1062,-1,1072,1074,1079,-1,1079,1074,1336,-1,1079,1336,1337,-1,839,1338,838,-1,838,1338,1339,-1,838,1339,1340,-1,1341,1336,1340,-1,1340,1336,1074,-1,1340,1074,838,-1,838,1074,851,-1,838,851,840,-1,840,851,850,-1,1039,1090,1024,-1,1024,1090,1229,-1,1024,1229,1025,-1,1025,1229,1278,-1,1025,1278,1026,-1,1026,1278,1274,-1,1026,1274,1135,-1,1135,1274,1330,-1,1135,1330,1002,-1,1002,1330,1108,-1,1002,1108,994,-1,994,1108,1107,-1,994,1107,996,-1,1337,1338,1079,-1,1079,1338,839,-1,1079,839,1342,-1,1342,839,901,-1,1085,1077,1082,-1,1082,1077,1079,-1,1082,1079,1087,-1,1087,1079,1342,-1,1087,1342,1160,-1,1160,1342,1343,-1,907,1343,1344,-1,1344,1343,1345,-1,1345,1343,1346,-1,1346,1343,1342,-1,1346,1342,1347,-1,907,1344,901,-1,901,1344,1348,-1,901,1348,1342,-1,1342,1348,1349,-1,1342,1349,1347,-1,1350,1351,1352,-1,1352,1351,1346,-1,1352,1346,1353,-1,1353,1346,1347,-1,1353,1347,1354,-1,1354,1347,1355,-1,1306,1305,1327,-1,1327,1305,1356,-1,1327,1356,1318,-1,1318,1356,1357,-1,1318,1357,1100,-1,1100,1357,1358,-1,1100,1358,1105,-1,893,895,907,-1,907,895,1359,-1,907,1359,1343,-1,1343,1359,1208,-1,1343,1208,1160,-1,1160,1208,1210,-1,1160,1210,1158,-1,888,890,895,-1,895,890,1360,-1,895,1360,1359,-1,1359,1360,1361,-1,1359,1361,1208,-1,1208,1361,1362,-1,1208,1362,1207,-1,1207,1362,1363,-1,1207,1363,1218,-1,1218,1363,1364,-1,1218,1364,1298,-1,1298,1364,1365,-1,1298,1365,1305,-1,1305,1365,1366,-1,1305,1366,1356,-1,1356,1366,1367,-1,1356,1367,1357,-1,1357,1367,821,-1,1357,821,1358,-1,44,8,856,-1,856,8,835,-1,856,835,857,-1,857,835,1368,-1,857,1368,874,-1,874,1368,1369,-1,874,1369,870,-1,870,1369,1370,-1,870,1370,882,-1,882,1370,1371,-1,882,1371,885,-1,885,1371,831,-1,739,740,1372,-1,1372,740,1096,-1,
        ]
    }
}
Shape{
    appearance Appearance {
        material  Material 	{
            diffuseColor 0.6666666666666666 0.6980392156862745 0.7686274509803922
            specularColor 0.3333333333333333 0.34901960784313724 0.3843137254901961
            ambientIntensity 0.6967
            transparency 0.0
            shininess 0.5
        }
    }
    geometry IndexedFaceSet {
        ccw TRUE
        solid FALSE
        coord DEF co Coordinate {
            point [
                -2.7933 -1.2402 0.4724, -2.8532 -1.2402 0.4769, -2.8524 -1.2402 0.4724
            ]
        }
        coordIndex [
            0,1,2,-1,
        ]
    }
}
Shape{
    appearance Appearance {
        material  Material 	{
            diffuseColor 0.2235294117647059 0.2235294117647059 0.2235294117647059
            specularColor 0.11372549019607843 0.11372549019607843 0.11372549019607843
            ambientIntensity 0.2235
            transparency 0.0
            shininess 0.5
        }
    }
    geometry IndexedFaceSet {
        ccw TRUE
        solid FALSE
        coord DEF co Coordinate {
            point [
                -2.7933 -1.2402 0.4724, -2.7933 -1.437 0.4724, -2.8532 -1.2402 0.4769, -2.8915 -1.437 0.4846, -2.8915 -1.2402 0.4846, -2.9854 -1.437 0.5211, -2.9854 -1.2402 0.5211, -3.0806 -1.437 0.5871, -3.0806 -1.2402 0.5871, -3.2051 -1.437 0.7262, -3.2051 -1.2402 0.7262, -3.2461 -1.437 0.7874, -3.2461 -1.2402 0.7874, 5.6516 -1.437 4.1339, 4.9846 -1.437 0.8328, 5.0217 -1.437 0.7874, 2.1814 -1.437 0.8674, 2.2287 -1.437 0.8328, -3.3304 -1.437 0.8674, -3.2831 -1.437 0.8328, 0.8035 -1.437 0.8674, 0.8507 -1.437 0.8328, -4.879 -1.437 0.8891, -4.8209 -1.437 0.8965, -5.6476 -1.437 4.1339, -4.7627 -1.437 0.8891, -4.7083 -1.437 0.8674, -4.6611 -1.437 0.8328, -3.3848 -1.437 0.8891, 5.0626 -1.437 0.7262, 5.1871 -1.437 0.5871, 5.2823 -1.437 0.5211, -3.6398 -1.437 0.7874, -3.6027 -1.437 0.8328, -4.624 -1.437 0.7874, -0.6289 -1.437 0.8891, -0.687 -1.437 0.8965, -0.7451 -1.437 0.8891, 3.505 -1.437 0.8891, 3.4469 -1.437 0.8965, 3.3887 -1.437 0.8891, 4.665 -1.437 0.8328, 4.7123 -1.437 0.8674, 4.7667 -1.437 0.8891, 4.8248 -1.437 0.8965, 5.3762 -1.437 0.4846, 5.4744 -1.437 0.4724, 5.6516 -1.437 0.4724, -2.2618 -1.437 0.7874, -2.2247 -1.437 0.8328, -2.0068 -1.437 0.8891, -1.9524 -1.437 0.8674, -1.9052 -1.437 0.8328, -0.7995 -1.437 0.8674, 0.6328 -1.437 0.8891, 0.6909 -1.437 0.8965, 0.7491 -1.437 0.8891, 2.0108 -1.437 0.8891, 2.0689 -1.437 0.8965, 2.127 -1.437 0.8891, 4.8829 -1.437 0.8891, 4.9373 -1.437 0.8674, -2.1775 -1.437 0.8674, -2.1231 -1.437 0.8891, -2.065 -1.437 0.8965, -0.8468 -1.437 0.8328, -1.8681 -1.437 0.7874, -0.8839 -1.437 0.7874, -0.5745 -1.437 0.8674, -0.5272 -1.437 0.8328, 0.5784 -1.437 0.8674, 3.3343 -1.437 0.8674, 3.2871 -1.437 0.8328, 2.2657 -1.437 0.7874, 3.25 -1.437 0.7874, 3.5594 -1.437 0.8674, 3.6066 -1.437 0.8328, 3.6437 -1.437 0.7874, 4.628 -1.437 0.7874, -5.6476 -1.437 1.1104, -5.0177 -1.437 0.7874, -5.6476 -1.437 1.2461, -4.9806 -1.437 0.8328, -4.9334 -1.437 0.8674, -3.5554 -1.437 0.8674, -3.501 -1.437 0.8891, -3.4429 -1.437 0.8965, 0.5312 -1.437 0.8328, -0.4902 -1.437 0.7874, 0.4941 -1.437 0.7874, 1.9564 -1.437 0.8674, 1.9091 -1.437 0.8328, 0.8878 -1.437 0.7874, 1.872 -1.437 0.7874, -5.6476 -1.437 1.0713, -5.6476 -1.437 0.8987, -5.6476 -1.437 0.8458, -4.0925 -1.437 0.4724, -4.0672 -1.437 0.4732, -3.9745 -1.437 0.4901, -3.7681 -1.437 0.6217, -3.8826 -1.437 0.5311, -4.5831 -1.437 0.7262, -4.4586 -1.437 0.5871, -4.3633 -1.437 0.5211, -2.7146 -1.437 0.4724, -2.6892 -1.437 0.4732, -2.5966 -1.437 0.4901, -2.3902 -1.437 0.6217, -2.5046 -1.437 0.5311, -5.6476 -1.437 0.4724, -5.4705 -1.437 0.4724, -5.4451 -1.437 0.4732, -5.3525 -1.437 0.4901, -4.2695 -1.437 0.4846, -4.1713 -1.437 0.4724, -1.3366 -1.437 0.4724, -1.3113 -1.437 0.4732, -1.2186 -1.437 0.4901, -1.0122 -1.437 0.6217, -1.1267 -1.437 0.5311, 2.7972 -1.437 0.4724, 2.8226 -1.437 0.4732, 2.9152 -1.437 0.4901, 3.1216 -1.437 0.6217, 3.0072 -1.437 0.5311, 4.1752 -1.437 0.4724, 4.2005 -1.437 0.4732, 4.2932 -1.437 0.4901, 4.4996 -1.437 0.6217, 4.3851 -1.437 0.5311, -1.8272 -1.437 0.7262, -1.7027 -1.437 0.5871, -1.6074 -1.437 0.5211, 0.0413 -1.437 0.4724, 0.0667 -1.437 0.4732, 0.1593 -1.437 0.4901, 0.3657 -1.437 0.6217, 0.2513 -1.437 0.5311, 1.4193 -1.437 0.4724, 1.4446 -1.437 0.4732, 1.5373 -1.437 0.4901, 1.7437 -1.437 0.6217, 1.6292 -1.437 0.5311, 2.3067 -1.437 0.7262, 2.4312 -1.437 0.5871, 2.5264 -1.437 0.5211, 3.6846 -1.437 0.7262, 3.8091 -1.437 0.5871, 3.9044 -1.437 0.5211, -5.2605 -1.437 0.5311, -5.1461 -1.437 0.6217, -1.5136 -1.437 0.4846, -1.4154 -1.437 0.4724, -0.4492 -1.437 0.7262, -0.3247 -1.437 0.5871, -0.2295 -1.437 0.5211, 0.9287 -1.437 0.7262, 1.0532 -1.437 0.5871, 1.1485 -1.437 0.5211, 2.6203 -1.437 0.4846, 2.7185 -1.437 0.4724, 3.9982 -1.437 0.4846, 4.0965 -1.437 0.4724, -0.1356 -1.437 0.4846, -0.0374 -1.437 0.4724, 1.2423 -1.437 0.4846, 1.3406 -1.437 0.4724, -2.9114 1.437 1.7323, -2.9114 1.6339 1.7323, -2.9114 1.437 0.7874, -2.9114 1.6339 0.7874, -2.8524 1.6339 0.4724, -2.8524 -1.2402 0.4724, -2.9114 -1.2402 0.7874, -2.6949 1.6339 0.4724, -2.6949 -1.2402 0.4727, -2.7146 -1.2402 0.4724, -2.6358 1.6339 1.7323, -2.6358 1.437 1.7323, -2.6358 1.6339 0.7874
            ]
        }
        coordIndex [
            0,1,2,-1,2,1,3,-1,2,3,4,-1,4,3,5,-1,4,5,6,-1,6,5,7,-1,6,7,8,-1,8,7,9,-1,8,9,10,-1,10,9,11,-1,10,11,12,-1,13,14,15,-1,16,17,13,-1,18,19,13,-1,20,21,13,-1,22,23,24,-1,24,23,25,-1,24,25,13,-1,13,25,26,-1,13,26,27,-1,18,13,28,-1,15,29,13,-1,13,29,30,-1,13,30,31,-1,32,33,34,-1,34,33,27,-1,35,13,36,-1,36,13,37,-1,38,13,39,-1,39,13,40,-1,41,42,13,-1,13,42,43,-1,13,43,44,-1,31,45,13,-1,13,45,46,-1,13,46,47,-1,48,49,11,-1,11,49,19,-1,50,51,13,-1,13,51,52,-1,13,52,37,-1,37,52,53,-1,54,55,13,-1,13,55,56,-1,13,56,20,-1,57,58,13,-1,13,58,59,-1,13,59,16,-1,44,60,13,-1,13,60,61,-1,13,61,14,-1,49,62,19,-1,19,62,63,-1,19,63,13,-1,13,63,64,-1,13,64,50,-1,53,52,65,-1,65,52,66,-1,65,66,67,-1,35,68,13,-1,13,68,69,-1,13,69,54,-1,54,69,70,-1,40,13,71,-1,71,13,17,-1,71,17,72,-1,72,17,73,-1,72,73,74,-1,38,75,13,-1,13,75,76,-1,13,76,41,-1,41,76,77,-1,41,77,78,-1,79,80,81,-1,81,80,82,-1,81,82,24,-1,24,82,83,-1,24,83,22,-1,33,84,27,-1,27,84,85,-1,27,85,13,-1,13,85,86,-1,13,86,28,-1,70,69,87,-1,87,69,88,-1,87,88,89,-1,57,13,90,-1,90,13,21,-1,90,21,91,-1,91,21,92,-1,91,92,93,-1,79,94,80,-1,80,94,95,-1,80,95,96,-1,97,98,32,-1,32,98,99,-1,32,99,100,-1,100,99,101,-1,34,102,32,-1,32,102,103,-1,32,103,104,-1,105,106,48,-1,48,106,107,-1,48,107,108,-1,108,107,109,-1,110,111,96,-1,96,111,112,-1,96,112,113,-1,104,114,32,-1,32,114,115,-1,32,115,97,-1,11,9,48,-1,48,9,7,-1,48,7,5,-1,116,117,67,-1,67,117,118,-1,67,118,119,-1,119,118,120,-1,121,122,74,-1,74,122,123,-1,74,123,124,-1,124,123,125,-1,126,127,78,-1,78,127,128,-1,78,128,129,-1,129,128,130,-1,5,3,48,-1,48,3,1,-1,48,1,105,-1,66,131,67,-1,67,131,132,-1,67,132,133,-1,134,135,89,-1,89,135,136,-1,89,136,137,-1,137,136,138,-1,139,140,93,-1,93,140,141,-1,93,141,142,-1,142,141,143,-1,73,144,74,-1,74,144,145,-1,74,145,146,-1,77,147,78,-1,78,147,148,-1,78,148,149,-1,113,150,96,-1,96,150,151,-1,96,151,80,-1,133,152,67,-1,67,152,153,-1,67,153,116,-1,88,154,89,-1,89,154,155,-1,89,155,156,-1,92,157,93,-1,93,157,158,-1,93,158,159,-1,146,160,74,-1,74,160,161,-1,74,161,121,-1,149,162,78,-1,78,162,163,-1,78,163,126,-1,156,164,89,-1,89,164,165,-1,89,165,134,-1,159,166,93,-1,93,166,167,-1,93,167,139,-1,168,169,170,-1,170,169,171,-1,170,171,172,-1,172,173,170,-1,170,173,2,-1,170,2,174,-1,0,173,172,-1,175,176,177,-1,105,1,177,-1,177,1,0,-1,177,0,175,-1,175,0,172,-1,178,169,179,-1,179,169,168,-1,175,172,180,-1,180,172,171,-1,180,171,178,-1,178,171,169,-1,
        ]
    }
}
Shape{
    appearance Appearance {
        material  Material 	{
            diffuseColor 1.0 1.0 1.0
            specularColor 0.5019607843137255 0.5019607843137255 0.5019607843137255
            ambientIntensity 1.0
            transparency 0.0
            shininess 0.5
        }
    }
    geometry IndexedFaceSet {
        ccw TRUE
        solid FALSE
        coord DEF co Coordinate {
            point [
                2.187 -0.7782 5.7087, 2.19 -0.7763 5.7162, 2.1902 -0.7765 4.6457, 2.2825 -0.6922 4.6457, 2.2415 -0.7401 4.6457, 2.2821 -0.6919 5.7651, 2.2412 -0.7396 5.844, 2.2499 -0.7321 5.8658, 2.2208 -0.7571 5.7931, 2.1314 -0.7993 5.7087, 2.1314 -0.7993 4.6457, 2.0689 -0.8071 5.7087, 2.0689 -0.8071 4.6457, 2.0064 -0.7993 5.7087, 2.0064 -0.7993 4.6457, 1.9508 -0.7782 5.7087, 1.8629 -0.7031 5.7931, 1.8962 -0.7401 4.6457, 1.8559 -0.6918 5.7649, 1.8553 -0.6922 4.6457, 1.8419 -0.6693 5.7087, 1.9478 -0.7763 5.7162, 1.9476 -0.7765 4.6457, 1.917 -0.7571 5.7931, 1.8966 -0.7396 5.844, 1.8879 -0.7321 5.8658, 1.8274 -0.6357 5.7087, 1.8274 -0.6357 4.6457, 1.814 -0.5741 5.7087, 1.814 -0.5741 4.6457, 1.813 -0.5512 4.6457, 1.813 -0.5512 5.7087, 2.3248 -0.5512 5.7087, 2.3248 -0.5512 4.6457, 2.3238 -0.5741 5.7087, 2.3238 -0.5741 4.6457, 2.3104 -0.6357 5.7087, 2.3104 -0.6357 4.6457, 2.2959 -0.6693 5.7087, 2.2849 -0.6885 5.7566, 1.8557 -0.4105 5.7651, 1.8553 -0.4102 4.6457, 1.8962 -0.3623 4.6457, 2.2645 -0.3861 5.826, 2.2499 -0.3702 5.8658, 2.2409 -0.3631 5.8434, 2.3238 -0.5282 4.6457, 2.3238 -0.5282 5.7087, 2.3104 -0.4667 4.6457, 2.3104 -0.4667 5.7087, 2.2825 -0.4102 4.6457, 2.2959 -0.4331 5.7087, 2.2812 -0.4111 5.7637, 2.2415 -0.3623 4.6457, 2.2062 -0.3352 5.7566, 2.1902 -0.3258 4.6457, 2.1901 -0.3259 5.7164, 2.1673 -0.315 4.6457, 2.187 -0.3242 5.7087, 2.131 -0.3047 4.6449, 2.1314 -0.303 5.7087, 2.1085 -0.2983 4.6445, 2.0689 -0.2953 5.7087, 1.9857 -0.3092 4.6455, 2.0067 -0.3047 4.6451, 2.0064 -0.303 5.7087, 2.0471 -0.2962 4.6442, 2.0688 -0.2969 4.6443, 1.9705 -0.315 4.6457, 1.9508 -0.3242 5.7087, 1.9476 -0.3258 4.6457, 1.9478 -0.3261 5.7161, 1.8879 -0.3702 5.8658, 1.8964 -0.3625 5.8446, 1.9039 -0.3556 5.826, 1.8529 -0.4139 5.7566, 1.8419 -0.4331 5.7087, 1.8274 -0.4667 4.6457, 1.8274 -0.4667 5.7087, 1.814 -0.5282 4.6457, 1.814 -0.5282 5.7087, 1.872 -0.3543 5.9055, 1.872 0.0787 5.9055, 1.9508 0.0787 5.7087, 2.187 0.0787 5.7087, 2.2657 0.0787 5.9055, 2.2657 -0.3543 5.9055, 1.5374 0.0787 5.9055, 1.5374 -0.3543 5.9055, 1.5374 -0.4331 5.7087, 1.5374 -0.6693 5.7087, 1.5374 -0.748 5.9055, 1.872 -0.748 5.9055, 1.8629 -0.7031 5.7931, 1.5374 -0.9843 5.9055, 1.872 -0.9843 5.9055, 1.9508 -0.9843 5.7087, 1.917 -0.7571 5.7931, 2.187 -0.9843 5.7087, 2.2657 -0.9843 5.9055, 2.2208 -0.7571 5.7931, 2.2657 -0.748 5.9055
            ]
        }
        coordIndex [
            0,1,2,-1,3,4,5,-1,5,4,6,-1,5,6,7,-1,2,1,4,-1,4,1,8,-1,4,8,6,-1,0,2,9,-1,9,2,10,-1,9,10,11,-1,11,10,12,-1,11,12,13,-1,13,12,14,-1,13,14,15,-1,16,17,18,-1,18,17,19,-1,18,19,20,-1,15,14,21,-1,21,14,22,-1,21,22,23,-1,23,22,17,-1,23,17,24,-1,24,17,16,-1,24,16,25,-1,20,19,26,-1,26,19,27,-1,26,27,28,-1,27,29,28,-1,28,29,30,-1,28,30,31,-1,32,33,34,-1,34,33,35,-1,34,35,36,-1,36,35,37,-1,36,37,38,-1,38,37,3,-1,38,3,39,-1,39,3,5,-1,40,41,42,-1,43,44,45,-1,33,32,46,-1,46,32,47,-1,46,47,48,-1,48,47,49,-1,48,49,50,-1,50,49,51,-1,43,45,52,-1,51,52,50,-1,50,52,45,-1,50,45,53,-1,53,45,54,-1,53,54,55,-1,55,54,56,-1,55,56,57,-1,57,56,58,-1,57,58,59,-1,59,58,60,-1,59,60,61,-1,61,60,62,-1,63,64,65,-1,65,64,66,-1,65,66,62,-1,62,66,67,-1,62,67,61,-1,63,65,68,-1,68,65,69,-1,68,69,70,-1,70,69,71,-1,70,71,42,-1,72,40,73,-1,73,40,42,-1,73,42,74,-1,74,42,71,-1,40,75,41,-1,41,75,76,-1,41,76,77,-1,77,76,78,-1,77,78,79,-1,78,80,79,-1,79,80,31,-1,79,31,30,-1,81,72,82,-1,82,72,73,-1,69,83,71,-1,71,83,82,-1,71,82,74,-1,74,82,73,-1,84,58,56,-1,84,56,85,-1,44,86,45,-1,45,86,85,-1,45,85,54,-1,54,85,56,-1,69,65,83,-1,83,65,62,-1,83,62,84,-1,84,62,60,-1,84,60,58,-1,82,87,81,-1,81,87,88,-1,88,89,76,-1,72,81,40,-1,40,81,88,-1,40,88,75,-1,75,88,76,-1,78,76,89,-1,90,20,26,-1,26,28,90,-1,90,28,31,-1,90,31,89,-1,89,31,80,-1,89,80,78,-1,91,92,25,-1,20,90,18,-1,18,90,91,-1,18,91,93,-1,93,91,25,-1,94,95,91,-1,91,95,92,-1,96,15,21,-1,96,21,95,-1,25,92,24,-1,24,92,95,-1,24,95,97,-1,97,95,21,-1,0,9,98,-1,98,9,11,-1,98,11,96,-1,96,11,13,-1,96,13,15,-1,0,98,1,-1,1,98,99,-1,1,99,100,-1,101,7,99,-1,99,7,6,-1,99,6,100,-1,
        ]
    }
}
Shape{
    appearance Appearance {
        material  Material 	{
            diffuseColor 0.2235294117647059 0.2235294117647059 0.2235294117647059
            specularColor 0.11372549019607843 0.11372549019607843 0.11372549019607843
            ambientIntensity 0.2235
            transparency 0.0
            shininess 0.5
        }
    }
    geometry IndexedFaceSet {
        ccw TRUE
        solid FALSE
        coord DEF co Coordinate {
            point [
                2.6004 -0.2962 4.6442, 2.6004 -0.315 4.6457, 2.1673 -0.315 4.6457, 2.131 -0.3047 4.6449, 2.1085 -0.2983 4.6445, 2.0688 -0.2969 4.6443, 2.0471 -0.2962 4.6442, 1.7146 -0.315 4.6457, 1.7146 -0.2962 4.6442, 2.0067 -0.3047 4.6451, 1.9857 -0.3092 4.6455, 1.9705 -0.315 4.6457, 2.6004 -0.2681 4.636, 1.7146 -0.2681 4.636, 2.6004 -0.2429 4.6211, 1.7146 -0.2429 4.6211, 2.6004 -0.2221 4.6005, 1.7146 -0.2221 4.6005, 2.6004 -0.207 4.5755, 1.7146 -0.207 4.5755, 2.6004 -0.1985 4.5475, 1.7146 -0.1985 4.5475, 2.6004 -0.1968 4.5276, 1.7146 -0.1968 4.5276, 1.8553 -0.6922 4.6457, 1.8962 -0.7401 4.6457, 1.7146 -0.9843 4.6457, 1.9476 -0.7765 4.6457, 2.1314 -0.7993 4.6457, 2.5217 -0.9843 4.6457, 2.0689 -0.8071 4.6457, 2.0064 -0.7993 4.6457, 1.8962 -0.3623 4.6457, 1.9476 -0.3258 4.6457, 1.8553 -0.4102 4.6457, 1.8274 -0.4667 4.6457, 1.814 -0.5282 4.6457, 2.2825 -0.6922 4.6457, 2.6004 -0.9055 4.6457, 2.2415 -0.7401 4.6457, 2.5986 -0.9224 4.6457, 2.5928 -0.9392 4.6457, 2.3238 -0.5282 4.6457, 2.3104 -0.4667 4.6457, 2.2825 -0.4102 4.6457, 2.5835 -0.9543 4.6457, 2.571 -0.9669 4.6457, 2.556 -0.9764 4.6457, 1.813 -0.5512 4.6457, 1.814 -0.5741 4.6457, 1.8274 -0.6357 4.6457, 2.1902 -0.7765 4.6457, 2.5393 -0.9823 4.6457, 2.2415 -0.3623 4.6457, 2.1902 -0.3258 4.6457, 2.3104 -0.6357 4.6457, 2.3238 -0.5741 4.6457, 2.3248 -0.5512 4.6457
            ]
        }
        coordIndex [
            0,1,2,-1,2,3,0,-1,0,3,4,-1,0,4,5,-1,6,7,8,-1,6,9,7,-1,7,9,10,-1,7,10,11,-1,5,6,0,-1,0,6,8,-1,0,8,12,-1,12,8,13,-1,12,13,14,-1,14,13,15,-1,14,15,16,-1,16,15,17,-1,16,17,18,-1,18,17,19,-1,18,19,20,-1,20,19,21,-1,20,21,22,-1,22,21,23,-1,24,25,26,-1,26,25,27,-1,28,29,30,-1,30,29,26,-1,30,26,31,-1,31,26,27,-1,32,7,33,-1,33,7,11,-1,32,34,7,-1,7,34,35,-1,7,35,36,-1,37,38,39,-1,39,38,40,-1,39,40,41,-1,42,43,1,-1,1,43,44,-1,41,45,39,-1,39,45,46,-1,39,46,47,-1,36,48,7,-1,7,48,49,-1,7,49,26,-1,26,49,50,-1,26,50,24,-1,28,51,29,-1,29,51,39,-1,29,39,52,-1,52,39,47,-1,44,53,1,-1,1,53,54,-1,1,54,2,-1,37,55,38,-1,38,55,56,-1,38,56,1,-1,1,56,57,-1,1,57,42,-1,
        ]
    }
}
Shape{
    appearance Appearance {
        material  Material 	{
            diffuseColor 1.0 1.0 1.0
            specularColor 0.5019607843137255 0.5019607843137255 0.5019607843137255
            ambientIntensity 1.0
            transparency 0.0
            shininess 0.5
        }
    }
    geometry IndexedFaceSet {
        ccw TRUE
        solid FALSE
        coord DEF co Coordinate {
            point [
                2.5986 -0.9224 4.6457, 2.6004 -0.9055 4.6457, 2.6004 -0.9055 5.9055, 2.5986 -0.9224 5.9055, 2.5928 -0.9392 5.9055, 2.5928 -0.9392 4.6457, 2.5835 -0.9543 5.9055, 2.5835 -0.9543 4.6457, 2.571 -0.9669 5.9055, 2.571 -0.9669 4.6457, 2.556 -0.9764 5.9055, 2.556 -0.9764 4.6457, 2.5393 -0.9823 5.9055, 2.5393 -0.9823 4.6457, 2.5217 -0.9843 5.9055, 2.5217 -0.9843 4.6457, 2.6004 -0.748 5.9055, 2.2657 -0.748 5.9055, 2.2657 -0.9843 5.9055, 2.6004 -0.6693 5.7087, 2.2959 -0.6693 5.7087, 2.2499 -0.7321 5.8658, 2.2821 -0.6919 5.7651, 2.2849 -0.6885 5.7566, 2.3104 -0.6357 5.7087, 2.6004 -0.4331 5.7087, 2.2959 -0.4331 5.7087, 2.3104 -0.4667 5.7087, 2.3238 -0.5282 5.7087, 2.3248 -0.5512 5.7087, 2.3238 -0.5741 5.7087, 2.6004 -0.3543 5.9055, 2.2657 -0.3543 5.9055, 2.2499 -0.3702 5.8658, 2.2812 -0.4111 5.7637, 2.2645 -0.3861 5.826, 2.6004 0.0787 5.9055, 2.2657 0.0787 5.9055, 2.187 0.0787 5.7087, 2.6004 0.0787 5.4094, 1.9508 0.0787 5.7087, 1.5374 0.0787 5.4094, 1.872 0.0787 5.9055, 1.5374 0.0787 5.9055, 1.5374 0.1575 5.2835, 2.6004 0.1575 5.2835
            ]
        }
        coordIndex [
            0,1,2,-1,2,3,0,-1,0,3,4,-1,0,4,5,-1,5,4,6,-1,5,6,7,-1,7,6,8,-1,7,8,9,-1,9,8,10,-1,9,10,11,-1,11,10,12,-1,11,12,13,-1,13,12,14,-1,13,14,15,-1,3,2,14,-1,16,17,2,-1,2,17,18,-1,2,18,14,-1,10,8,6,-1,14,12,3,-1,3,12,10,-1,3,10,4,-1,4,10,6,-1,16,19,20,-1,21,17,22,-1,22,17,16,-1,22,16,23,-1,23,16,20,-1,24,20,19,-1,25,26,27,-1,27,28,25,-1,25,28,29,-1,25,29,19,-1,19,29,30,-1,19,30,24,-1,31,32,33,-1,26,25,34,-1,34,25,31,-1,34,31,35,-1,35,31,33,-1,36,37,31,-1,31,37,32,-1,37,36,38,-1,38,36,39,-1,38,39,40,-1,40,39,41,-1,40,41,42,-1,42,41,43,-1,41,39,44,-1,44,39,45,-1,
        ]
    }
}
Shape{
    appearance Appearance {
        material  Material 	{
            diffuseColor 0.6666666666666666 0.6980392156862745 0.7686274509803922
            specularColor 0.3333333333333333 0.34901960784313724 0.3843137254901961
            ambientIntensity 0.6967
            transparency 0.0
            shininess 0.5
        }
    }
    geometry IndexedFaceSet {
        ccw TRUE
        solid FALSE
        coord DEF co Coordinate {
            point [
                2.2264 -1.2402 0.1575, 1.9114 -1.2402 0.1575, 2.2264 -2.0669 0.1575, 1.9114 -2.0669 0.1575, 2.2264 -2.0669 0.0, 1.9114 -2.0669 0.0, 1.9114 -1.2402 0.0, 2.2264 -1.2402 0.0, 1.9114 1.2598 0.1575, 2.2264 1.2598 0.1575, 1.9114 2.0669 0.1575, 2.2264 2.0669 0.1575, 2.2264 1.2598 0.0, 1.9114 1.2598 0.0, 2.2264 2.0669 0.0, 1.9114 2.0669 0.0
            ]
        }
        coordIndex [
            0,1,2,-1,2,1,3,-1,2,3,4,-1,4,3,5,-1,6,7,5,-1,5,7,4,-1,8,9,10,-1,10,9,11,-1,12,13,14,-1,14,13,15,-1,14,15,11,-1,11,15,10,-1,
        ]
    }
}
Shape{
    appearance Appearance {
        material  Material 	{
            diffuseColor 1.0 1.0 1.0
            specularColor 0.5019607843137255 0.5019607843137255 0.5019607843137255
            ambientIntensity 1.0
            transparency 0.0
            shininess 0.5
        }
    }
    geometry IndexedFaceSet {
        ccw TRUE
        solid FALSE
        coord DEF co Coordinate {
            point [
                1.5374 0.0787 5.4094, 1.5374 0.1575 5.2835, 1.5374 0.1575 4.2126, 1.5374 -0.4331 5.7087, 1.5374 -0.3543 5.9055, 1.5374 0.0787 5.9055, 1.5374 -0.6693 5.7087, 1.5374 -0.9843 4.2126, 1.5374 -0.748 5.9055, 1.5374 -0.9843 5.9055, 1.7146 -0.9843 4.6457, 1.7146 -0.9843 4.2126, 1.872 -0.9843 5.9055, 1.9508 -0.9843 5.7087, 2.187 -0.9843 5.7087, 2.5217 -0.9843 4.6457, 2.2657 -0.9843 5.9055, 2.5217 -0.9843 5.9055
            ]
        }
        coordIndex [
            0,1,2,-1,3,4,5,-1,5,0,3,-1,3,0,2,-1,3,2,6,-1,6,2,7,-1,6,7,8,-1,8,7,9,-1,9,7,10,-1,10,7,11,-1,12,9,13,-1,13,9,10,-1,13,10,14,-1,14,10,15,-1,14,15,16,-1,16,15,17,-1,
        ]
    }
}
Shape{
    appearance Appearance {
        material  Material 	{
            diffuseColor 0.2235294117647059 0.2235294117647059 0.2235294117647059
            specularColor 0.11372549019607843 0.11372549019607843 0.11372549019607843
            ambientIntensity 0.2235
            transparency 0.0
            shininess 0.5
        }
    }
    geometry IndexedFaceSet {
        ccw TRUE
        solid FALSE
        coord DEF co Coordinate {
            point [
                1.7146 -0.315 4.6457, 1.7146 -0.9843 4.6457, 1.7146 -0.9843 4.2126, 1.7146 -0.1968 4.2126, 1.7146 -0.1968 4.5276, 1.7146 -0.2962 4.6442, 1.7146 -0.1985 4.5475, 1.7146 -0.207 4.5755, 1.7146 -0.2221 4.6005, 1.7146 -0.2681 4.636, 1.7146 -0.2429 4.6211, 2.6004 -0.1968 4.5276, 2.6004 -0.1968 4.2126
            ]
        }
        coordIndex [
            0,1,2,-1,2,3,0,-1,0,3,4,-1,0,4,5,-1,5,4,6,-1,6,7,5,-1,5,7,8,-1,5,8,9,-1,9,8,10,-1,4,3,11,-1,11,3,12,-1,
        ]
    }
}
Shape{
    appearance Appearance {
        material  Material 	{
            diffuseColor 1.0 1.0 1.0
            specularColor 0.5019607843137255 0.5019607843137255 0.5019607843137255
            ambientIntensity 1.0
            transparency 0.0
            shininess 0.5
        }
    }
    geometry IndexedFaceSet {
        ccw TRUE
        solid FALSE
        coord DEF co Coordinate {
            point [
                2.6004 -0.1968 4.5276, 2.6004 -0.1968 4.2126, 2.6004 0.1575 4.2126, 2.6004 0.0787 5.9055, 2.6004 -0.3543 5.9055, 2.6004 0.0787 5.4094, 2.6004 -0.4331 5.7087, 2.6004 0.1575 5.2835, 2.6004 -0.2962 4.6442, 2.6004 -0.2681 4.636, 2.6004 -0.2429 4.6211, 2.6004 -0.748 5.9055, 2.6004 -0.9055 5.9055, 2.6004 -0.6693 5.7087, 2.6004 -0.9055 4.6457, 2.6004 -0.315 4.6457, 2.6004 -0.2221 4.6005, 2.6004 -0.207 4.5755, 2.6004 -0.1985 4.5475
            ]
        }
        coordIndex [
            0,1,2,-1,3,4,5,-1,5,4,6,-1,5,6,7,-1,7,6,2,-1,8,9,6,-1,6,9,10,-1,11,12,13,-1,13,12,14,-1,13,14,6,-1,6,14,15,-1,6,15,8,-1,10,16,6,-1,6,16,17,-1,6,17,2,-1,2,17,18,-1,2,18,0,-1,
        ]
    }
}
Shape{
    appearance Appearance {
        material  Material 	{
            diffuseColor 0.2235294117647059 0.2235294117647059 0.2235294117647059
            specularColor 0.11372549019607843 0.11372549019607843 0.11372549019607843
            ambientIntensity 0.2235
            transparency 0.0
            shininess 0.5
        }
    }
    geometry IndexedFaceSet {
        ccw TRUE
        solid FALSE
        coord DEF co Coordinate {
            point [
                2.6004 0.1575 5.2835, 2.6004 0.1575 4.2126, 1.5374 0.1575 5.2835, 1.5374 0.1575 4.2126, 2.4366 0.3013 4.5285, 2.4366 0.3057 4.5148, 1.7012 0.3057 4.5148, 1.7012 0.3013 4.5285, 1.7012 0.2937 4.5413, 2.4366 0.2937 4.5413, 1.7012 0.2834 4.552, 2.4366 0.2834 4.552, 1.7012 0.2709 4.5602, 2.4366 0.2709 4.5602, 1.7012 0.2569 4.5652, 2.4366 0.2569 4.5652, 1.7012 0.2421 4.5669, 2.4366 0.2421 4.5669, 2.5354 0.3661 4.2126, 2.5354 1.1181 4.2126, 1.6024 0.3661 4.2126, 1.6024 1.1181 4.2126
            ]
        }
        coordIndex [
            0,1,2,-1,2,1,3,-1,4,5,6,-1,6,7,4,-1,4,7,8,-1,4,8,9,-1,9,8,10,-1,9,10,11,-1,11,10,12,-1,11,12,13,-1,13,12,14,-1,13,14,15,-1,15,14,16,-1,15,16,17,-1,18,19,20,-1,20,19,21,-1,
        ]
    }
}
Shape{
    appearance Appearance {
        material  Material 	{
            diffuseColor 0.6666666666666666 0.6980392156862745 0.7686274509803922
            specularColor 0.3333333333333333 0.34901960784313724 0.3843137254901961
            ambientIntensity 0.6967
            transparency 0.0
            shininess 0.5
        }
    }
    geometry IndexedFaceSet {
        ccw TRUE
        solid FALSE
        coord DEF co Coordinate {
            point [
                2.2264 -1.2402 0.0, 1.9114 -1.2402 0.0, 1.9114 -1.1876 0.0059, 2.2264 -1.1876 0.0059, 1.9114 -1.1377 0.0234, 2.2264 -1.1377 0.0234, 1.9114 -1.0929 0.0515, 2.2264 -1.0929 0.0515, 1.9114 -1.0555 0.0889, 2.2264 -1.0555 0.0889, 1.9114 -1.0273 0.1337, 2.2264 -1.0273 0.1337, 1.9114 -1.0099 0.1837, 2.2264 -1.0099 0.1837, 1.9114 -1.0039 0.2362, 2.2264 -1.0039 0.2362, 2.2264 -2.0669 0.1575, 2.2264 -2.0669 0.0, 2.2264 -1.2402 0.1575, 2.2264 -1.2226 0.1595, 2.2264 -1.206 0.1653, 2.2264 -1.1911 0.1747, 2.2264 -1.1786 0.1871, 2.2264 -1.1692 0.2021, 2.2264 -1.1634 0.2187, 2.2264 -1.1614 0.2362, 2.2264 -1.1614 0.6114, 2.2264 -1.0039 0.6114, 1.9114 -1.1614 0.2362, 1.9114 -1.1634 0.2187, 1.9114 -1.1692 0.2021, 1.9114 -1.1786 0.1871, 1.9114 -1.1911 0.1747, 1.9114 -1.206 0.1653, 1.9114 -1.2226 0.1595, 1.9114 -1.2402 0.1575, 1.9114 -1.1614 0.6114, 1.9114 -1.0039 0.6114, 1.9114 -2.0669 0.1575, 1.9114 -2.0669 0.0, 2.2264 1.2598 0.1575, 1.9114 1.2598 0.1575, 2.2264 1.2423 0.1595, 1.9114 1.2423 0.1595, 2.2264 1.2257 0.1653, 1.9114 1.2257 0.1653, 2.2264 1.2107 0.1747, 1.9114 1.2107 0.1747, 2.2264 1.1983 0.1871, 1.9114 1.1983 0.1871, 2.2264 1.1889 0.2021, 1.9114 1.1889 0.2021, 2.2264 1.1831 0.2187, 1.9114 1.1831 0.2187, 2.2264 1.1811 0.2362, 1.9114 1.1811 0.2362, 2.2264 1.1811 0.6114, 2.2264 1.0236 0.6114, 2.2264 1.0236 0.2362, 2.2264 1.0295 0.1837, 2.2264 1.047 0.1337, 2.2264 1.0752 0.0889, 2.2264 1.1126 0.0515, 2.2264 1.1574 0.0234, 2.2264 1.2073 0.0059, 2.2264 1.2598 0.0, 2.2264 2.0669 0.1575, 2.2264 2.0669 0.0, 1.9114 1.0236 0.2362, 1.9114 1.0295 0.1837, 1.9114 1.047 0.1337, 1.9114 1.0752 0.0889, 1.9114 1.1126 0.0515, 1.9114 1.1574 0.0234, 1.9114 1.2073 0.0059, 1.9114 1.2598 0.0, 1.9114 2.0669 0.1575, 1.9114 2.0669 0.0, 1.9114 1.1811 0.6114, 1.9114 1.0236 0.6114
            ]
        }
        coordIndex [
            0,1,2,-1,0,2,3,-1,3,2,4,-1,3,4,5,-1,5,4,6,-1,5,6,7,-1,7,6,8,-1,7,8,9,-1,9,8,10,-1,9,10,11,-1,11,10,12,-1,11,12,13,-1,13,12,14,-1,13,14,15,-1,16,17,18,-1,18,17,0,-1,18,0,19,-1,19,0,3,-1,19,3,20,-1,20,3,5,-1,20,5,21,-1,21,5,7,-1,21,7,22,-1,22,7,9,-1,22,9,23,-1,23,9,11,-1,23,11,24,-1,24,11,13,-1,24,13,25,-1,25,13,15,-1,25,15,26,-1,26,15,27,-1,25,28,24,-1,24,28,29,-1,24,29,23,-1,23,29,30,-1,23,30,22,-1,22,30,31,-1,22,31,21,-1,21,31,32,-1,21,32,20,-1,20,32,33,-1,20,33,19,-1,19,33,34,-1,19,34,18,-1,18,34,35,-1,36,37,28,-1,28,37,14,-1,28,14,29,-1,29,14,12,-1,29,12,30,-1,30,12,10,-1,30,10,31,-1,31,10,8,-1,31,8,32,-1,32,8,6,-1,32,6,33,-1,33,6,4,-1,33,4,34,-1,34,4,2,-1,34,2,35,-1,35,2,1,-1,35,1,38,-1,38,1,39,-1,40,41,42,-1,42,41,43,-1,42,43,44,-1,44,43,45,-1,44,45,46,-1,46,45,47,-1,46,47,48,-1,48,47,49,-1,48,49,50,-1,50,49,51,-1,50,51,52,-1,52,51,53,-1,52,53,54,-1,54,53,55,-1,56,57,54,-1,54,57,58,-1,54,58,52,-1,52,58,59,-1,52,59,50,-1,50,59,60,-1,50,60,48,-1,48,60,61,-1,48,61,46,-1,46,61,62,-1,46,62,44,-1,44,62,63,-1,44,63,42,-1,42,63,64,-1,42,64,40,-1,40,64,65,-1,40,65,66,-1,66,65,67,-1,58,68,69,-1,58,69,59,-1,59,69,70,-1,59,70,60,-1,60,70,71,-1,60,71,61,-1,61,71,72,-1,61,72,62,-1,62,72,73,-1,62,73,63,-1,63,73,74,-1,63,74,64,-1,64,74,75,-1,64,75,65,-1,76,77,41,-1,41,77,75,-1,41,75,43,-1,43,75,74,-1,43,74,45,-1,45,74,73,-1,45,73,47,-1,47,73,72,-1,47,72,49,-1,49,72,71,-1,49,71,51,-1,51,71,70,-1,51,70,53,-1,53,70,69,-1,53,69,55,-1,55,69,68,-1,55,68,78,-1,78,68,79,-1,
        ]
    }
}
Shape{
    appearance Appearance {
        material  Material 	{
            diffuseColor 0.2235294117647059 0.2235294117647059 0.2235294117647059
            specularColor 0.11372549019607843 0.11372549019607843 0.11372549019607843
            ambientIntensity 0.2235
            transparency 0.0
            shininess 0.5
        }
    }
    geometry IndexedFaceSet {
        ccw TRUE
        solid FALSE
        coord DEF co Coordinate {
            point [
                2.4842 0.3057 4.5148, 2.4366 0.3057 4.5148, 2.5089 0.3057 5.3147, 2.4366 0.3057 5.2362, 2.5021 0.3057 5.3138, 2.4377 0.3057 5.2494, 2.4432 0.3057 5.268, 2.4532 0.3057 5.2846, 2.4669 0.3057 5.2983, 2.4835 0.3057 5.3083, 1.8327 -1.0039 4.9213, 2.6398 -1.0039 4.9213, 1.8327 -1.0039 4.4882, 2.6398 -1.0039 4.2126, 1.498 -1.0039 4.4882, 1.498 -1.0039 4.2126, 1.8327 -1.0827 4.685, 1.498 -1.0827 4.685, 1.8327 -1.0827 5.0, 1.498 -1.0827 5.0, 2.5612 0.3389 4.3486, 2.5679 0.3476 4.3055, 2.5354 0.3661 4.2126, 1.6024 0.3661 4.2126, 1.5699 0.3476 4.3055, 1.5767 0.3389 4.349, 1.5873 0.3308 4.3893, 1.6064 0.3163 4.4619, 1.6085 0.3155 4.4659, 1.6231 0.3099 4.4938, 1.7012 0.3057 4.5148, 2.5293 0.3155 4.4659, 2.5314 0.3163 4.4618, 2.5505 0.3308 4.3892, 1.634 0.3074 4.5063, 1.6343 0.3074 4.5065, 1.6417 0.3063 4.5117, 2.4901 0.3059 4.514, 2.4961 0.3063 4.5117, 2.5035 0.3074 4.5065, 2.5038 0.3074 4.5063, 2.5147 0.3099 4.4938, 1.6477 0.3059 4.514, 1.6536 0.3057 4.5148, 1.6994 0.3057 5.2532, 1.7012 0.3057 5.2362, 1.6395 0.3057 5.3131, 1.6289 0.3057 5.3147, 1.6564 0.3057 5.3073, 1.6715 0.3057 5.2978, 1.6841 0.3057 5.2852, 1.6936 0.3057 5.2701
            ]
        }
        coordIndex [
            0,1,2,-1,2,1,3,-1,2,3,4,-1,4,3,5,-1,4,5,6,-1,6,7,4,-1,4,7,8,-1,4,8,9,-1,10,11,12,-1,12,11,13,-1,12,13,14,-1,14,13,15,-1,12,14,16,-1,16,14,17,-1,16,17,18,-1,18,17,19,-1,20,21,22,-1,23,24,22,-1,22,24,25,-1,22,25,26,-1,26,27,22,-1,22,27,28,-1,22,28,29,-1,30,1,22,-1,22,1,0,-1,31,32,22,-1,22,32,33,-1,22,33,20,-1,29,34,22,-1,22,34,35,-1,22,35,36,-1,0,37,22,-1,22,37,38,-1,22,38,39,-1,39,40,22,-1,22,40,41,-1,22,41,31,-1,36,42,22,-1,22,42,43,-1,22,43,30,-1,44,45,46,-1,30,43,45,-1,45,43,47,-1,45,47,46,-1,48,49,50,-1,48,50,46,-1,46,50,51,-1,46,51,44,-1,
        ]
    }
}
Shape{
    appearance Appearance {
        material  Material 	{
            diffuseColor 1.0 1.0 1.0
            specularColor 0.5019607843137255 0.5019607843137255 0.5019607843137255
            ambientIntensity 1.0
            transparency 0.0
            shininess 0.5
        }
    }
    geometry IndexedFaceSet {
        ccw TRUE
        solid FALSE
        coord DEF co Coordinate {
            point [
                2.6004 -0.1968 4.2126, 2.6398 -1.0039 4.2126, 2.6398 0.1772 4.2126, 1.7146 -0.1968 4.2126, 1.7146 -0.9843 4.2126, 1.498 -1.0039 4.2126, 1.5374 -0.9843 4.2126, 1.498 0.1772 4.2126, 1.5374 0.1575 4.2126, 2.6004 0.1575 4.2126
            ]
        }
        coordIndex [
            0,1,2,-1,0,3,1,-1,1,3,4,-1,1,4,5,-1,5,4,6,-1,5,6,7,-1,7,6,8,-1,7,8,2,-1,2,8,9,-1,2,9,0,-1,
        ]
    }
}
Shape{
    appearance Appearance {
        material  Material 	{
            diffuseColor 0.2235294117647059 0.2235294117647059 0.2235294117647059
            specularColor 0.11372549019607843 0.11372549019607843 0.11372549019607843
            ambientIntensity 0.2235
            transparency 0.0
            shininess 0.5
        }
    }
    geometry IndexedFaceSet {
        ccw TRUE
        solid FALSE
        coord DEF co Coordinate {
            point [
                1.7012 0.1772 5.2362, 1.7012 0.1962 4.5479, 1.7012 0.2096 4.5582, 1.7012 0.2253 4.5647, 1.7012 0.2421 4.5669, 1.7012 0.3057 5.2362, 1.7012 0.1772 4.502, 1.7012 0.1794 4.5188, 1.7012 0.1859 4.5345, 1.7012 0.2569 4.5652, 1.7012 0.2709 4.5602, 1.7012 0.2834 4.552, 1.7012 0.2937 4.5413, 1.7012 0.3013 4.5285, 1.7012 0.3057 4.5148, 2.4366 0.2421 4.5669, 2.4366 0.2253 4.5647, 2.4366 0.2096 4.5582, 2.4366 0.1962 4.5479, 2.4366 0.1859 4.5345, 2.4366 0.1794 4.5188, 2.4366 0.1772 4.502, 2.4366 0.1772 5.2362, 2.4366 0.3057 4.5148, 2.4366 0.3013 4.5285, 2.4366 0.3057 5.2362, 2.4366 0.2937 4.5413, 2.4366 0.2834 4.552, 2.4366 0.2709 4.5602, 2.4366 0.2569 4.5652, 2.5354 0.3661 4.2126, 2.6267 1.0915 4.4733, 2.5354 1.1181 4.2126, 2.606 1.1819 4.4141, 2.5856 1.247 4.3558, 2.6403 0.5952 4.5123, 2.6513 0.6679 4.5438, 2.6581 0.7777 4.5632, 2.6585 0.8071 4.5641, 2.5859 0.373 4.3567, 2.5723 0.3526 4.318, 2.5693 0.3491 4.3093, 2.5679 0.3476 4.3055, 2.5862 0.3734 4.3576, 2.5934 0.3907 4.3781, 2.6316 0.5378 4.4874, 2.6538 0.9201 4.5507, 2.6383 1.0409 4.5064, 1.6024 1.1181 4.2126, 1.5522 1.247 4.3558, 1.5109 1.0987 4.474, 1.5699 0.3476 4.3055, 1.6024 0.3661 4.2126, 1.5686 0.3492 4.3089, 1.5548 0.3677 4.3486, 1.5097 1.0918 4.4773, 1.4888 0.9675 4.5371, 1.4802 0.8564 4.5616, 1.5444 0.3907 4.3781, 1.546 0.3861 4.3736, 1.5522 0.3731 4.3558, 1.4793 0.8071 4.5641, 1.484 0.6941 4.5507, 1.4967 0.595 4.5144, 1.4995 0.5732 4.5064, 1.5319 0.4322 4.414, 2.5268 1.399 4.5247, 2.5175 1.4073 4.5339, 2.5682 1.3052 4.4205, 2.5484 1.363 4.4847, 2.5445 1.3723 4.495, 2.5354 1.3861 4.5104, 2.4686 1.4334 4.5629, 2.4785 1.4309 4.5602, 2.4949 1.4236 4.5521, 1.6964 1.437 4.5669, 1.6883 1.4367 4.5666, 1.6691 1.4337 4.5632, 1.668 1.4335 4.563, 1.6487 1.4268 4.5556, 1.6431 1.4234 4.5518, 1.6272 1.414 4.5414, 2.5068 1.4168 4.5445, 2.4981 1.4222 4.5505, 2.459 1.4357 4.5654, 2.4414 1.437 4.5669, 1.6203 1.4073 4.534, 1.6072 1.3945 4.5197, 1.6025 1.3862 4.5104, 1.5894 1.363 4.4847, 1.5696 1.3052 4.4205
            ]
        }
        coordIndex [
            0,1,2,-1,2,3,0,-1,0,3,4,-1,0,4,5,-1,6,7,0,-1,0,7,8,-1,0,8,1,-1,4,9,5,-1,5,9,10,-1,5,10,11,-1,11,12,5,-1,5,12,13,-1,5,13,14,-1,15,4,3,-1,15,3,16,-1,16,3,2,-1,16,2,17,-1,17,2,1,-1,17,1,18,-1,18,1,8,-1,18,8,19,-1,19,8,7,-1,19,7,20,-1,20,7,6,-1,20,6,21,-1,18,22,17,-1,17,22,16,-1,18,19,22,-1,22,19,20,-1,22,20,21,-1,23,24,25,-1,25,24,26,-1,25,26,27,-1,27,28,25,-1,25,28,29,-1,25,29,22,-1,22,29,15,-1,22,15,16,-1,30,31,32,-1,32,31,33,-1,32,33,34,-1,35,36,30,-1,30,36,37,-1,30,37,38,-1,39,35,40,-1,40,35,30,-1,40,30,41,-1,41,30,42,-1,39,43,35,-1,35,43,44,-1,35,44,45,-1,38,46,30,-1,30,46,47,-1,30,47,31,-1,48,49,50,-1,51,52,53,-1,53,52,48,-1,53,48,54,-1,50,55,48,-1,48,55,56,-1,48,56,57,-1,58,59,48,-1,48,59,60,-1,48,60,54,-1,57,61,48,-1,48,61,62,-1,48,62,63,-1,63,64,48,-1,48,64,65,-1,48,65,58,-1,66,67,48,-1,32,34,48,-1,48,34,68,-1,48,68,69,-1,69,70,48,-1,48,70,71,-1,48,71,66,-1,72,48,73,-1,73,48,74,-1,75,76,48,-1,48,76,77,-1,48,77,78,-1,78,79,48,-1,48,79,80,-1,48,80,81,-1,67,82,48,-1,48,82,83,-1,48,83,74,-1,72,84,48,-1,48,84,85,-1,48,85,75,-1,81,86,48,-1,48,86,87,-1,48,87,88,-1,88,89,48,-1,48,89,90,-1,48,90,49,-1,
        ]
    }
}
Shape{
    appearance Appearance {
        material  Material 	{
            diffuseColor 0.6666666666666666 0.6980392156862745 0.7686274509803922
            specularColor 0.3333333333333333 0.34901960784313724 0.3843137254901961
            ambientIntensity 0.6967
            transparency 0.0
            shininess 0.5
        }
    }
    geometry IndexedFaceSet {
        ccw TRUE
        solid FALSE
        coord DEF co Coordinate {
            point [
                1.9114 -1.1614 0.6114, 1.8807 -1.1614 0.7874, 1.9114 -1.0039 0.6114, 1.8807 -1.0039 0.7874, 2.2264 -1.0039 0.2362, 1.9114 -1.0039 0.2362, 2.2264 -1.0039 0.6114, 2.2572 -1.0039 0.7874, 2.2264 -1.1614 0.6114, 2.2572 -1.1614 0.7874, 2.2264 -1.1614 0.2362, 1.9114 -1.1614 0.2362, 1.9114 1.0236 0.6114, 1.8806 1.0236 0.7874, 1.9114 1.1811 0.6114, 1.8806 1.1811 0.7874, 2.2264 1.1811 0.2362, 1.9114 1.1811 0.2362, 2.2264 1.1811 0.6114, 2.2572 1.1811 0.7874, 2.2264 1.0236 0.6114, 2.2572 1.0236 0.7874, 2.2264 1.0236 0.2362, 1.9114 1.0236 0.2362
            ]
        }
        coordIndex [
            0,1,2,-1,2,1,3,-1,4,5,6,-1,6,5,2,-1,6,2,7,-1,7,2,3,-1,6,7,8,-1,8,7,9,-1,9,1,8,-1,8,1,0,-1,8,0,10,-1,10,0,11,-1,12,13,14,-1,14,13,15,-1,16,17,18,-1,18,17,14,-1,18,14,19,-1,19,14,15,-1,18,19,20,-1,20,19,21,-1,21,13,20,-1,20,13,12,-1,20,12,22,-1,22,12,23,-1,
        ]
    }
}
Shape{
    appearance Appearance {
        material  Material 	{
            diffuseColor 0.2235294117647059 0.2235294117647059 0.2235294117647059
            specularColor 0.11372549019607843 0.11372549019607843 0.11372549019607843
            ambientIntensity 0.2235
            transparency 0.0
            shininess 0.5
        }
    }
    geometry IndexedFaceSet {
        ccw TRUE
        solid FALSE
        coord DEF co Coordinate {
            point [
                2.1814 -1.2402 0.8674, 1.872 -1.2402 0.7874, 2.2287 -1.2402 0.8328, 2.2657 -1.2402 0.7874, 2.0689 -1.2402 0.8965, 2.0108 -1.2402 0.8891, 1.9564 -1.2402 0.8674, 2.127 -1.2402 0.8891, 1.9091 -1.2402 0.8328, 2.3067 -1.2402 0.7262, 2.6004 -1.2402 0.7874, 2.6586 -1.2402 0.4769, 2.6203 -1.2402 0.4846, 2.5264 -1.2402 0.5211, 2.4312 -1.2402 0.5871, 1.498 -1.2402 0.7874, 1.7981 -1.2402 0.6828, 1.7429 -1.2402 0.6224, 1.7296 -1.2402 0.6078, 1.6537 -1.2402 0.5464, 1.6284 -1.2402 0.5326, 1.5781 -1.2402 0.505, 1.5367 -1.2402 0.4918, 1.5024 -1.2402 0.4808, 1.4446 -1.2402 0.4734, 1.439 -1.2402 0.4727, 2.4377 0.3057 5.2494, 2.4366 0.3057 5.2362, 2.4366 0.1772 5.2362, 2.4377 0.1772 5.2494, 2.4432 0.1772 5.268, 2.4432 0.3057 5.268, 2.4532 0.1772 5.2846, 2.4532 0.3057 5.2846, 2.4669 0.1772 5.2983, 2.4669 0.3057 5.2983, 2.4835 0.1772 5.3083, 2.4835 0.3057 5.3083, 2.5021 0.1772 5.3138, 2.5021 0.3057 5.3138, 2.5153 0.3058 5.315, 2.5089 0.3057 5.3147, 2.5153 0.1926 5.315, 2.5153 0.1795 5.315, 2.5153 0.1772 5.315, 2.5226 0.3065 5.315, 2.5283 0.3079 5.315, 2.4901 0.3059 4.514, 2.5505 0.3133 5.315, 2.5554 0.3158 5.315, 2.5038 0.3074 4.5063, 2.5741 0.3253 5.315, 2.5796 0.33 5.315, 2.5314 0.3163 4.4618, 2.5961 0.3441 5.315, 2.6 0.3494 5.315, 2.5612 0.3389 4.3486, 2.6148 0.3733 5.315, 2.6225 0.3913 5.315, 2.5934 0.3907 4.3781, 2.5862 0.3734 4.3576, 2.5859 0.373 4.3567, 2.6109 0.3641 5.315, 2.5723 0.3526 4.318, 2.5693 0.3491 4.3093, 2.5679 0.3476 4.3055, 2.5505 0.3308 4.3892, 2.5147 0.3099 4.4938, 2.5293 0.3155 4.4659, 2.4961 0.3063 4.5117, 2.5035 0.3074 4.5065, 2.4842 0.3057 4.5148, 2.6513 0.6679 4.5438, 2.6403 0.5952 4.5123, 2.6653 0.5916 5.315, 2.6316 0.5378 4.4874, 2.6807 0.8071 5.315, 2.6585 0.8071 4.5641, 2.6581 0.7777 4.5632, 2.9011 1.2467 5.2941, 2.6147 1.2467 5.2941, 2.6189 1.2338 5.3012, 2.6387 1.1614 5.315, 2.8771 1.1614 5.315, 2.6328 1.1849 5.3136, 2.883 1.1849 5.3136, 2.627 1.2051 5.3084, 2.8887 1.2051 5.3084, 2.8969 1.2338 5.3012, 2.6044 1.2779 5.2768, 2.9113 1.2779 5.2768, 2.6021 1.2842 5.2709, 2.9137 1.2842 5.2709, 2.5925 1.3102 5.247, 2.9233 1.3102 5.247, 2.5904 1.3152 5.2395, 2.9253 1.3152 5.2395, 2.9343 1.337 5.207, 2.5814 1.337 5.207, 2.9351 1.3388 5.2021, 2.5806 1.3388 5.2021, 2.9418 1.353 5.1632, 2.574 1.353 5.1632, 2.942 1.3534 5.1603, 2.5737 1.3534 5.1603, 2.9453 1.3583 5.1181, 2.5705 1.3583 5.1181, 2.6398 0.1772 5.1575, 2.6398 -0.9904 5.1575, 2.6459 -0.9837 5.174, 2.6472 -0.9823 5.1774, 2.6646 -0.954 5.2239, 2.6648 -0.9537 5.2244, 2.6895 -0.8733 5.2901, 2.6909 -0.8626 5.2939, 2.6964 -0.822 5.3086, 2.6971 -0.8071 5.3104, 2.6988 -0.7677 5.315, 2.6988 0.1772 5.315, 2.6784 -0.9184 5.2606, 2.6799 -0.9125 5.2645, 2.8169 0.1772 5.315, 2.8169 -0.7677 5.315, 2.7579 -0.7677 5.315, 2.901 0.3733 5.315, 2.8933 0.3913 5.315, 2.9701 0.3116 5.315, 2.9874 0.3081 5.315, 3.0005 0.1772 5.315, 2.9973 0.3061 5.315, 3.0005 0.3059 5.315, 2.9605 0.3161 5.315, 2.9437 0.324 5.315, 2.9362 0.3301 5.315, 2.9229 0.3407 5.315, 2.9161 0.3496 5.315, 2.9047 0.3645 5.315, 2.863 1.0966 5.315, 2.6528 1.0966 5.315, 2.835 0.8071 5.315, 2.8504 0.5916 5.315, 2.6004 1.437 0.7874, 2.6004 1.6339 0.7874, 2.6594 1.6339 0.4724, 2.6594 -1.2402 0.4724
            ]
        }
        coordIndex [
            0,1,2,-1,2,1,3,-1,4,5,6,-1,0,7,1,-1,1,7,4,-1,1,4,8,-1,8,4,6,-1,9,3,10,-1,10,11,12,-1,12,13,10,-1,10,13,14,-1,10,14,9,-1,15,1,16,-1,16,17,15,-1,15,17,18,-1,15,18,19,-1,19,20,15,-1,15,20,21,-1,15,21,22,-1,22,23,15,-1,15,23,24,-1,15,24,25,-1,26,27,28,-1,28,29,26,-1,26,29,30,-1,26,30,31,-1,31,30,32,-1,31,32,33,-1,33,32,34,-1,33,34,35,-1,35,34,36,-1,35,36,37,-1,37,36,38,-1,37,38,39,-1,40,41,42,-1,42,41,43,-1,39,38,41,-1,41,38,44,-1,41,44,43,-1,45,46,47,-1,48,49,50,-1,51,52,53,-1,54,55,56,-1,57,58,59,-1,59,60,57,-1,57,60,61,-1,57,61,62,-1,62,61,55,-1,61,63,55,-1,55,63,64,-1,55,64,56,-1,56,64,65,-1,54,56,52,-1,52,56,66,-1,52,66,53,-1,50,49,67,-1,51,53,49,-1,49,53,68,-1,49,68,67,-1,47,46,69,-1,48,50,46,-1,46,50,70,-1,46,70,69,-1,45,47,40,-1,40,47,71,-1,40,71,41,-1,72,73,74,-1,74,73,58,-1,58,73,75,-1,58,75,59,-1,76,77,74,-1,74,77,78,-1,74,78,72,-1,79,80,81,-1,82,83,84,-1,84,83,85,-1,84,85,86,-1,86,85,87,-1,86,87,81,-1,81,87,88,-1,81,88,79,-1,80,79,89,-1,89,79,90,-1,89,90,91,-1,91,90,92,-1,91,92,93,-1,93,92,94,-1,93,94,95,-1,94,96,95,-1,95,96,97,-1,95,97,98,-1,98,97,99,-1,98,99,100,-1,100,99,101,-1,100,101,102,-1,102,101,103,-1,102,103,104,-1,104,103,105,-1,104,105,106,-1,107,108,109,-1,109,110,107,-1,107,110,111,-1,107,111,112,-1,113,114,107,-1,107,114,115,-1,115,116,107,-1,107,116,117,-1,107,117,118,-1,112,119,107,-1,107,119,120,-1,107,120,113,-1,121,57,62,-1,122,121,123,-1,123,121,118,-1,123,118,117,-1,124,125,57,-1,126,121,127,-1,127,121,128,-1,127,128,129,-1,129,128,130,-1,126,131,121,-1,121,131,132,-1,121,132,133,-1,133,134,121,-1,121,134,135,-1,121,135,57,-1,57,135,136,-1,57,136,124,-1,62,55,121,-1,121,55,54,-1,121,54,118,-1,118,54,52,-1,118,52,51,-1,51,49,118,-1,118,49,48,-1,118,48,44,-1,45,40,42,-1,48,46,44,-1,44,46,45,-1,44,45,43,-1,43,45,42,-1,83,82,137,-1,137,82,138,-1,137,138,139,-1,139,138,76,-1,139,76,140,-1,140,76,74,-1,140,74,125,-1,125,74,58,-1,125,58,57,-1,141,142,143,-1,143,144,141,-1,141,144,11,-1,141,11,10,-1,
        ]
    }
}
Shape{
    appearance Appearance {
        material  Material 	{
            diffuseColor 0.6666666666666666 0.6980392156862745 0.7686274509803922
            specularColor 0.3333333333333333 0.34901960784313724 0.3843137254901961
            ambientIntensity 0.6967
            transparency 0.0
            shininess 0.5
        }
    }
    geometry IndexedFaceSet {
        ccw TRUE
        solid FALSE
        coord DEF co Coordinate {
            point [
                2.7185 -1.2402 0.4724, 2.6586 -1.2402 0.4769, 2.6594 -1.2402 0.4724
            ]
        }
        coordIndex [
            0,1,2,-1,
        ]
    }
}
Shape{
    appearance Appearance {
        material  Material 	{
            diffuseColor 0.2235294117647059 0.2235294117647059 0.2235294117647059
            specularColor 0.11372549019607843 0.11372549019607843 0.11372549019607843
            ambientIntensity 0.2235
            transparency 0.0
            shininess 0.5
        }
    }
    geometry IndexedFaceSet {
        ccw TRUE
        solid FALSE
        coord DEF co Coordinate {
            point [
                2.8169 1.6339 0.4724, 2.6594 1.6339 0.4724, 2.876 1.6339 0.7874, 2.6004 1.6339 0.7874, 2.876 1.6339 1.7323, 2.6004 1.6339 1.7323, 2.7185 -1.2402 0.4724, 2.7185 -1.437 0.4724, 2.6586 -1.2402 0.4769, 2.6203 -1.437 0.4846, 2.6203 -1.2402 0.4846, 2.5264 -1.437 0.5211, 2.5264 -1.2402 0.5211, 2.4312 -1.437 0.5871, 2.4312 -1.2402 0.5871, 2.3067 -1.437 0.7262, 2.3067 -1.2402 0.7262, 2.2657 -1.437 0.7874, 2.2657 -1.2402 0.7874, 2.2287 -1.2402 0.8328, 2.2287 -1.437 0.8328, 2.1814 -1.2402 0.8674, 2.1814 -1.437 0.8674, 2.127 -1.2402 0.8891, 2.127 -1.437 0.8891, 2.0689 -1.2402 0.8965, 2.0689 -1.437 0.8965, 2.0108 -1.2402 0.8891, 2.0108 -1.437 0.8891, 1.9564 -1.2402 0.8674, 1.9564 -1.437 0.8674, 1.9091 -1.2402 0.8328, 1.9091 -1.437 0.8328, 1.872 -1.2402 0.7874, 1.872 -1.437 0.7874, 2.6594 -1.2402 0.4724, 2.817 -1.2402 0.4727, 2.7972 -1.2402 0.4724, 2.7972 -1.437 0.4724, 1.498 -1.122 5.0787, 1.8327 -1.122 5.0787, 1.498 -1.0827 5.0, 1.8327 -1.0827 5.0, 1.8327 -1.0827 5.0787, 1.8327 -1.0039 4.9213, 1.8327 -1.0827 4.685, 1.8327 -1.0039 4.4882, 2.6398 -1.0827 5.0787, 2.6398 -1.0039 4.9213, 2.6398 -1.0039 5.0787, 2.6398 -1.0039 4.2126, 2.6398 0.1772 4.2126, 2.6398 0.1772 5.1575, 2.6398 -1.0006 5.1183, 2.6398 -0.9904 5.1575, 2.876 -1.0039 5.0787, 2.876 -1.0006 5.1183, 2.7579 -0.7677 5.315, 2.6988 -0.7677 5.315, 2.6971 -0.8071 5.3104, 2.8515 -0.9548 5.2229, 2.6459 -0.9837 5.174, 2.8692 -0.9833 5.1754, 2.8698 -0.9838 5.174, 2.8373 -0.9186 5.2605, 2.6648 -0.9537 5.2244, 2.8511 -0.954 5.2238, 2.6646 -0.954 5.2239, 2.6472 -0.9823 5.1774, 2.8169 -0.7677 5.315, 2.8186 -0.8071 5.3104, 2.8193 -0.8218 5.3087, 2.6964 -0.822 5.3086, 2.8247 -0.8627 5.2942, 2.6909 -0.8626 5.2939, 2.8257 -0.8703 5.2915, 2.6895 -0.8733 5.2901, 2.8359 -0.9125 5.2644, 2.6799 -0.9125 5.2645, 2.6784 -0.9184 5.2606, 2.876 -0.9904 5.1575, 1.498 -1.0039 4.4882, 1.498 -1.0039 4.2126, 1.498 0.1772 4.2126, 1.498 -1.0039 5.0787, 1.498 -1.0006 5.1183, 1.498 0.1772 5.1575, 1.498 -0.9904 5.1575, 1.498 -1.0827 4.685, 1.4793 0.8071 4.5641, 1.457 0.8071 5.315, 1.484 0.6941 4.5507, 1.4725 0.5916 5.315, 1.5444 0.3907 4.3781, 1.5319 0.4322 4.414, 1.5153 0.3913 5.315, 1.4995 0.5732 4.5064, 1.4967 0.595 4.5144, 1.6477 0.3059 4.514, 1.6095 0.3081 5.315, 1.6194 0.3061 5.315, 1.6289 0.3057 5.3147, 1.6536 0.3057 4.5148, 1.6257 0.3058 5.3149, 1.6225 0.3059 5.315, 1.6417 0.3063 4.5117, 1.6343 0.3074 4.5065, 1.5921 0.3116 5.315, 1.634 0.3074 4.5063, 1.5826 0.3161 5.315, 1.6231 0.3099 4.4938, 1.6085 0.3155 4.4659, 1.5657 0.324 5.315, 1.6064 0.3163 4.4619, 1.5582 0.3301 5.315, 1.5873 0.3308 4.3893, 1.545 0.3407 5.315, 1.5767 0.3389 4.349, 1.5381 0.3496 5.315, 1.546 0.3861 4.3736, 1.523 0.3733 5.315, 1.5522 0.3731 4.3558, 1.5267 0.3645 5.315, 1.5548 0.3677 4.3486, 1.5686 0.3492 4.3089, 1.5699 0.3476 4.3055, 1.6994 0.1772 5.2532, 1.7012 0.1772 5.2362, 1.7012 0.3057 5.2362, 1.6395 0.3057 5.3131, 1.6225 0.1772 5.315, 1.6395 0.1772 5.3131, 1.6564 0.1772 5.3073, 1.6564 0.3057 5.3073, 1.6715 0.1772 5.2978, 1.6715 0.3057 5.2978, 1.6841 0.1772 5.2852, 1.6841 0.3057 5.2852, 1.6936 0.1772 5.2701, 1.6936 0.3057 5.2701, 1.6994 0.3057 5.2532, 1.439 0.1772 5.315, 2.6988 0.1772 5.315, 2.5153 0.1772 5.315, 2.5021 0.1772 5.3138, 2.4366 0.1772 5.2362, 2.4366 0.1772 4.502, 1.7012 0.1772 4.502, 2.4532 0.1772 5.2846, 2.4432 0.1772 5.268, 2.4377 0.1772 5.2494, 2.4835 0.1772 5.3083, 2.4669 0.1772 5.2983, 1.4918 -0.9838 5.174, 1.4468 -0.8627 5.2942, 1.4478 -0.8703 5.2915, 1.4579 -0.9125 5.2644, 1.4594 -0.9186 5.2605, 1.4732 -0.954 5.2238, 1.4735 -0.9548 5.2229, 1.4913 -0.9833 5.1754, 1.439 -0.7677 5.315, 1.4407 -0.8071 5.3104, 1.4413 -0.8218 5.3087, 1.2618 -1.0039 5.0787, 1.3799 -0.7677 5.315, 1.3209 -0.7677 5.315, 1.3191 -0.8071 5.3104, 1.3185 -0.822 5.3086, 1.3129 -0.8626 5.2939, 1.3115 -0.8733 5.2901, 1.3019 -0.9125 5.2645, 1.268 -0.9837 5.174, 1.3005 -0.9184 5.2606, 1.2868 -0.9537 5.2244, 1.2866 -0.954 5.2239, 1.2693 -0.9823 5.1774, 1.2618 -0.9904 5.1575, 1.2618 -1.0006 5.1183, 1.2369 0.3733 5.315, 1.233 0.3641 5.315, 1.3209 0.1772 5.315, 1.5921 0.3116 5.315, 1.6194 0.3061 5.315, 1.545 0.3407 5.315, 1.5267 0.3645 5.315, 1.2221 0.3494 5.315, 1.2182 0.3441 5.315, 1.2017 0.33 5.315, 1.1961 0.3253 5.315, 1.1774 0.3158 5.315, 1.1725 0.3133 5.315, 1.1373 0.1772 5.315, 1.1446 0.3065 5.315, 1.1373 0.3058 5.315, 1.1373 0.1926 5.315, 1.1504 0.3079 5.315, 1.1373 0.1795 5.315, 1.4991 1.1614 5.315, 1.2607 1.1614 5.315, 1.485 1.0966 5.315, 1.2748 1.0966 5.315, 1.3028 0.8071 5.315, 1.2874 0.5916 5.315, 1.2445 0.3913 5.315, 1.5673 1.3583 5.1181, 1.1925 1.3583 5.1181, 1.1958 1.3534 5.1603, 1.5641 1.3534 5.1603, 1.196 1.353 5.1632, 1.5638 1.353 5.1632, 1.2027 1.3388 5.2021, 1.5572 1.3388 5.2021, 1.2035 1.337 5.207, 1.5564 1.337 5.207, 1.2125 1.3152 5.2395, 1.5474 1.3152 5.2395, 1.5453 1.3102 5.247, 1.2145 1.3102 5.247, 1.5357 1.2842 5.2709, 1.2241 1.2842 5.2709, 1.5334 1.2779 5.2768, 1.2265 1.2779 5.2768, 1.5231 1.2467 5.2941, 1.2367 1.2467 5.2941, 1.2409 1.2338 5.3012, 1.2548 1.1849 5.3136, 1.505 1.1849 5.3136, 1.2491 1.2051 5.3084, 1.5108 1.2051 5.3084, 1.5189 1.2338 5.3012, 2.9465 1.3583 5.0787, 2.5692 1.3583 5.0787, 2.9453 1.3583 5.1181, 2.5705 1.3583 5.1181, 2.6585 0.8071 4.5641, 2.6807 0.8071 5.315, 2.6538 0.9201 4.5507, 2.6528 1.0966 5.315, 2.6383 1.0409 4.5064, 2.6267 1.0915 4.4733, 2.6387 1.1614 5.315, 2.6024 1.28 5.2344, 2.6328 1.1849 5.3136, 2.5925 1.3102 5.247, 2.5904 1.3152 5.2395, 2.5814 1.337 5.207, 2.5806 1.3388 5.2021, 2.627 1.2051 5.3084, 2.6189 1.2338 5.3012, 2.6147 1.2467 5.2941, 2.6044 1.2779 5.2768, 2.6021 1.2842 5.2709, 2.5737 1.3534 5.1603, 2.574 1.353 5.1632, 2.5682 1.3052 4.4205, 2.5856 1.247 4.3558, 2.606 1.1819 4.4141, 2.5676 1.3624 5.0787, 2.558 1.3627 4.7821, 2.5484 1.363 4.4847, 2.4577 1.437 5.0787, 2.4414 1.437 4.5669, 2.4814 1.4346 5.0787, 2.459 1.4357 4.5654, 2.485 1.4334 5.0787, 2.4686 1.4334 4.5629, 2.5091 1.4252 5.0787, 2.4785 1.4309 4.5602, 2.5117 1.4236 5.0787, 2.4949 1.4236 4.5521, 2.5336 1.4094 5.0787, 2.4981 1.4222 4.5505, 2.5352 1.4077 5.0787, 2.558 1.3627 4.7821, 2.5543 1.3867 5.0787, 2.5068 1.4168 4.5445, 2.5175 1.4073 4.5339, 2.5536 1.388 5.0787, 2.5268 1.399 4.5247, 2.5354 1.3861 4.5104, 2.5445 1.3723 4.495, 1.6964 1.437 4.5669, 1.6801 1.437 5.0787, 1.5798 1.3627 4.7814, 1.5894 1.363 4.4847, 1.6025 1.3862 4.5104, 1.626 1.4236 5.0787, 1.668 1.4335 4.563, 1.6512 1.4334 5.0787, 1.6691 1.4337 4.5632, 1.6527 1.4336 5.0787, 1.6883 1.4367 4.5666, 1.6072 1.3945 4.5197, 1.6203 1.4073 4.534, 1.6026 1.4076 5.0787, 1.6272 1.414 4.5414, 1.6239 1.4228 5.0787, 1.6431 1.4234 4.5518, 1.6487 1.4268 4.5556, 1.6001 1.4058 5.0787, 1.5837 1.3865 5.0787, 1.5812 1.3835 5.0787, 1.5702 1.3625 5.0787, 1.4888 0.9675 4.5371, 1.5097 1.0918 4.4773, 1.5522 1.247 4.3558, 1.5696 1.3052 4.4205, 1.5109 1.0987 4.474, 1.5798 1.3627 4.7814, 1.5686 1.3583 5.0787, 1.5453 1.3102 5.247, 1.5354 1.28 5.2344, 1.5334 1.2779 5.2768, 1.5189 1.2338 5.3012, 1.5638 1.353 5.1632, 1.4802 0.8564 4.5616, 1.1913 1.3583 5.0787, 2.876 1.437 3.3465, 2.6398 1.437 3.3465, 2.876 1.6339 3.3465, 2.6398 1.6339 3.3465, 2.6398 1.437 4.2126, 2.6398 1.6339 4.3307, 1.498 1.6339 4.3307, 1.498 1.437 4.2126, 1.498 1.6339 3.3465, 1.498 1.437 3.3465, 1.2618 1.6339 3.3465, 1.2618 1.437 3.3465, 1.8807 -1.0039 0.7874, 1.8806 1.0236 0.7874, 2.2572 -1.0039 0.7874, 2.2572 1.0236 0.7874, 2.6004 -1.2402 0.7874, 2.2572 -1.1614 0.7874, 1.8807 -1.1614 0.7874, 1.498 -1.2402 0.7874, 1.498 1.437 0.7874, 2.6004 1.437 0.7874, 2.2572 1.1811 0.7874, 1.8806 1.1811 0.7874, 2.6004 1.437 1.7323, 2.876 1.437 1.7323, 1.498 1.6339 1.7323, 1.498 1.437 1.7323, 1.498 1.6339 0.7874, 1.2224 1.437 1.7323, 1.2224 1.6339 1.7323, 1.5024 -1.2402 0.4808, 1.5373 -1.437 0.4901, 1.4446 -1.2402 0.4734, 1.4446 -1.437 0.4732, 1.439 -1.2402 0.4727, 1.4193 -1.437 0.4724, 1.4193 -1.2402 0.4724, 1.6284 -1.2402 0.5326, 1.6292 -1.437 0.5311, 1.5781 -1.2402 0.505, 1.5367 -1.2402 0.4918, 1.6537 -1.2402 0.5464, 1.7296 -1.2402 0.6078, 1.7437 -1.437 0.6217, 1.7981 -1.2402 0.6828, 1.7429 -1.2402 0.6224, 1.439 1.6339 0.4724, 1.2815 1.6339 0.4724, 1.2224 1.6339 0.7874, 1.3406 -1.2402 0.4724, 1.2815 -1.2402 0.4724, 1.3406 -1.437 0.4724
            ]
        }
        coordIndex [
            0,1,2,-1,2,1,3,-1,2,3,4,-1,4,3,5,-1,6,7,8,-1,8,7,9,-1,8,9,10,-1,10,9,11,-1,10,11,12,-1,12,11,13,-1,12,13,14,-1,14,13,15,-1,14,15,16,-1,16,15,17,-1,16,17,18,-1,18,17,19,-1,19,17,20,-1,19,20,21,-1,21,20,22,-1,21,22,23,-1,23,22,24,-1,23,24,25,-1,25,24,26,-1,25,26,27,-1,27,26,28,-1,27,28,29,-1,29,28,30,-1,29,30,31,-1,31,30,32,-1,31,32,33,-1,33,32,34,-1,6,35,1,-1,0,36,37,-1,38,7,37,-1,37,7,6,-1,37,6,0,-1,0,6,1,-1,39,40,41,-1,41,40,42,-1,40,43,42,-1,42,43,44,-1,42,44,45,-1,45,44,46,-1,47,48,43,-1,43,48,44,-1,48,47,49,-1,50,48,51,-1,51,48,49,-1,51,49,52,-1,52,49,53,-1,52,53,54,-1,49,55,56,-1,57,58,59,-1,60,61,62,-1,62,61,63,-1,64,65,66,-1,66,65,67,-1,66,67,60,-1,60,67,68,-1,60,68,61,-1,69,57,70,-1,70,57,59,-1,70,59,71,-1,71,59,72,-1,71,72,73,-1,73,72,74,-1,73,74,75,-1,75,74,76,-1,75,76,77,-1,77,76,78,-1,77,78,64,-1,64,78,79,-1,64,79,65,-1,63,61,80,-1,80,61,54,-1,80,54,56,-1,56,54,53,-1,56,53,49,-1,81,82,83,-1,84,39,41,-1,84,83,85,-1,85,83,86,-1,85,86,87,-1,84,41,83,-1,83,41,88,-1,83,88,81,-1,89,90,91,-1,91,90,92,-1,93,94,95,-1,95,94,96,-1,95,96,92,-1,92,96,97,-1,92,97,91,-1,98,99,100,-1,101,102,103,-1,103,102,98,-1,103,98,104,-1,104,98,100,-1,98,105,99,-1,99,105,106,-1,99,106,107,-1,107,106,108,-1,107,108,109,-1,108,110,109,-1,109,110,111,-1,109,111,112,-1,112,111,113,-1,112,113,114,-1,114,113,115,-1,114,115,116,-1,116,115,117,-1,116,117,118,-1,93,95,119,-1,119,95,120,-1,119,120,121,-1,121,120,122,-1,121,122,123,-1,123,122,118,-1,123,118,124,-1,124,118,117,-1,124,117,125,-1,126,127,128,-1,129,101,130,-1,130,101,103,-1,130,103,104,-1,130,131,129,-1,129,131,132,-1,129,132,133,-1,133,132,134,-1,133,134,135,-1,135,134,136,-1,135,136,137,-1,137,136,138,-1,137,138,139,-1,139,138,126,-1,139,126,140,-1,140,126,128,-1,130,141,86,-1,142,143,52,-1,52,143,144,-1,52,145,51,-1,51,145,146,-1,51,146,83,-1,83,146,147,-1,83,147,86,-1,86,147,127,-1,86,127,126,-1,148,149,52,-1,52,149,150,-1,52,150,145,-1,144,151,52,-1,52,151,152,-1,52,152,148,-1,126,138,86,-1,86,138,136,-1,86,136,134,-1,134,132,86,-1,86,132,131,-1,86,131,130,-1,153,87,86,-1,154,155,156,-1,141,156,86,-1,86,156,157,-1,86,157,158,-1,158,159,86,-1,86,159,160,-1,86,160,153,-1,141,161,156,-1,156,161,162,-1,156,162,154,-1,154,162,163,-1,164,84,85,-1,165,166,167,-1,161,165,162,-1,162,165,167,-1,162,167,163,-1,163,167,168,-1,163,168,154,-1,154,168,169,-1,154,169,155,-1,155,169,170,-1,155,170,156,-1,156,170,171,-1,156,171,157,-1,159,172,160,-1,160,172,153,-1,171,173,157,-1,157,173,174,-1,157,174,158,-1,158,174,175,-1,158,175,159,-1,159,175,176,-1,159,176,172,-1,153,172,87,-1,87,172,177,-1,87,177,85,-1,85,177,178,-1,85,178,164,-1,141,179,180,-1,161,141,165,-1,165,141,181,-1,165,181,166,-1,120,95,179,-1,182,141,99,-1,99,141,130,-1,99,130,183,-1,183,130,104,-1,182,109,141,-1,141,109,112,-1,141,112,114,-1,114,184,141,-1,141,184,118,-1,141,118,179,-1,179,118,185,-1,179,185,120,-1,180,186,141,-1,141,186,187,-1,141,187,181,-1,181,187,188,-1,181,188,189,-1,189,190,181,-1,181,190,191,-1,181,191,192,-1,193,194,195,-1,191,196,192,-1,192,196,193,-1,192,193,197,-1,197,193,195,-1,198,199,200,-1,200,199,201,-1,200,201,90,-1,90,201,202,-1,90,202,92,-1,92,202,203,-1,92,203,95,-1,95,203,204,-1,95,204,179,-1,205,206,207,-1,205,207,208,-1,208,207,209,-1,208,209,210,-1,210,209,211,-1,210,211,212,-1,212,211,213,-1,212,213,214,-1,214,213,215,-1,214,215,216,-1,216,215,217,-1,217,215,218,-1,217,218,219,-1,219,218,220,-1,219,220,221,-1,221,220,222,-1,221,222,223,-1,223,222,224,-1,223,224,225,-1,199,198,226,-1,226,198,227,-1,226,227,228,-1,228,227,229,-1,228,229,225,-1,225,229,230,-1,225,230,223,-1,231,232,233,-1,233,232,234,-1,235,236,237,-1,237,236,238,-1,237,238,239,-1,239,238,240,-1,238,241,242,-1,242,241,243,-1,244,245,242,-1,242,245,246,-1,242,246,247,-1,243,248,242,-1,242,248,249,-1,242,249,250,-1,250,251,242,-1,242,251,252,-1,242,252,244,-1,232,240,234,-1,234,240,238,-1,234,238,253,-1,253,238,242,-1,253,242,254,-1,254,242,247,-1,255,256,257,-1,232,258,240,-1,240,258,259,-1,240,259,257,-1,257,259,260,-1,257,260,255,-1,261,262,263,-1,263,262,264,-1,263,264,265,-1,265,264,266,-1,265,266,267,-1,267,266,268,-1,267,268,269,-1,269,268,270,-1,269,270,271,-1,271,270,272,-1,271,272,273,-1,274,258,275,-1,272,276,273,-1,273,276,277,-1,273,277,278,-1,278,277,279,-1,278,279,275,-1,275,279,280,-1,275,280,274,-1,274,280,281,-1,274,281,260,-1,262,261,282,-1,282,261,283,-1,284,285,286,-1,287,288,289,-1,289,288,290,-1,289,290,291,-1,291,290,292,-1,291,292,283,-1,283,292,282,-1,293,294,295,-1,295,294,296,-1,295,296,297,-1,297,296,298,-1,297,298,287,-1,287,298,299,-1,287,299,288,-1,295,300,293,-1,293,300,301,-1,293,301,286,-1,286,301,302,-1,286,302,284,-1,284,302,303,-1,304,305,200,-1,306,307,308,-1,308,307,285,-1,285,309,308,-1,308,309,303,-1,308,303,305,-1,305,303,310,-1,305,310,200,-1,311,219,312,-1,312,219,313,-1,313,223,312,-1,312,223,314,-1,312,314,229,-1,212,214,312,-1,312,214,216,-1,312,216,311,-1,310,205,200,-1,200,205,208,-1,200,208,312,-1,312,208,315,-1,312,315,212,-1,229,227,312,-1,312,227,198,-1,312,198,200,-1,90,89,200,-1,200,89,316,-1,200,316,304,-1,206,205,317,-1,317,205,310,-1,318,319,320,-1,320,319,321,-1,322,323,319,-1,319,323,321,-1,323,322,324,-1,324,322,325,-1,324,325,326,-1,326,325,327,-1,328,326,329,-1,329,326,327,-1,330,331,332,-1,332,331,333,-1,334,18,335,-1,335,18,33,-1,335,33,336,-1,336,33,337,-1,336,337,330,-1,330,337,338,-1,330,338,331,-1,335,332,334,-1,334,332,333,-1,334,333,339,-1,339,333,340,-1,339,340,338,-1,338,340,341,-1,338,341,331,-1,342,5,339,-1,339,5,3,-1,4,5,343,-1,343,5,342,-1,344,345,346,-1,346,345,338,-1,347,345,348,-1,348,345,344,-1,349,350,351,-1,351,350,352,-1,351,352,353,-1,353,352,354,-1,353,354,355,-1,356,357,358,-1,358,357,350,-1,358,350,359,-1,359,350,349,-1,356,360,357,-1,357,360,361,-1,357,361,362,-1,33,34,363,-1,363,34,362,-1,363,362,364,-1,364,362,361,-1,337,353,338,-1,338,353,365,-1,338,365,346,-1,365,366,346,-1,346,366,367,-1,346,367,344,-1,344,367,348,-1,368,369,366,-1,365,353,355,-1,354,370,355,-1,355,370,368,-1,355,368,365,-1,365,368,366,-1,
        ]
    }
}
Shape{
    appearance Appearance {
        material  Material 	{
            diffuseColor 1.0 1.0 1.0
            specularColor 0.5019607843137255 0.5019607843137255 0.5019607843137255
            ambientIntensity 1.0
            transparency 0.0
            shininess 0.5
        }
    }
    geometry IndexedFaceSet {
        ccw TRUE
        solid FALSE
        coord DEF co Coordinate {
            point [
                -0.5689 -0.7782 5.7087, -0.5659 -0.7763 5.7162, -0.5657 -0.7765 4.6457, -0.4734 -0.6922 4.6457, -0.5144 -0.7401 4.6457, -0.4738 -0.6919 5.7651, -0.5148 -0.7396 5.844, -0.5061 -0.7321 5.8658, -0.5351 -0.7571 5.7931, -0.6245 -0.7993 5.7087, -0.6245 -0.7993 4.6457, -0.687 -0.8071 5.7087, -0.687 -0.8071 4.6457, -0.7495 -0.7993 5.7087, -0.7495 -0.7993 4.6457, -0.8051 -0.7782 5.7087, -0.893 -0.7031 5.7931, -0.8597 -0.7401 4.6457, -0.9 -0.6918 5.7649, -0.9006 -0.6922 4.6457, -0.914 -0.6693 5.7087, -0.8081 -0.7763 5.7162, -0.8083 -0.7765 4.6457, -0.8389 -0.7571 5.7931, -0.8593 -0.7396 5.844, -0.868 -0.7321 5.8658, -0.9286 -0.6357 5.7087, -0.9286 -0.6357 4.6457, -0.9419 -0.5741 5.7087, -0.9419 -0.5741 4.6457, -0.9429 -0.5512 4.6457, -0.9429 -0.5512 5.7087, -0.4311 -0.5512 5.7087, -0.4311 -0.5512 4.6457, -0.4321 -0.5741 5.7087, -0.4321 -0.5741 4.6457, -0.4455 -0.6357 5.7087, -0.4455 -0.6357 4.6457, -0.46 -0.6693 5.7087, -0.471 -0.6885 5.7566, -0.9002 -0.4105 5.7651, -0.9006 -0.4102 4.6457, -0.8597 -0.3623 4.6457, -0.4914 -0.3861 5.826, -0.5061 -0.3702 5.8658, -0.515 -0.3631 5.8434, -0.4321 -0.5282 4.6457, -0.4321 -0.5282 5.7087, -0.4455 -0.4667 4.6457, -0.4455 -0.4667 5.7087, -0.4734 -0.4102 4.6457, -0.46 -0.4331 5.7087, -0.4747 -0.4111 5.7637, -0.5144 -0.3623 4.6457, -0.5497 -0.3352 5.7566, -0.5657 -0.3258 4.6457, -0.5658 -0.3259 5.7164, -0.5886 -0.315 4.6457, -0.5689 -0.3242 5.7087, -0.6249 -0.3047 4.6449, -0.6245 -0.303 5.7087, -0.6474 -0.2983 4.6445, -0.687 -0.2953 5.7087, -0.7702 -0.3092 4.6455, -0.7492 -0.3047 4.6451, -0.7495 -0.303 5.7087, -0.7088 -0.2962 4.6442, -0.6871 -0.2969 4.6443, -0.7854 -0.315 4.6457, -0.8051 -0.3242 5.7087, -0.8083 -0.3258 4.6457, -0.8081 -0.3261 5.7161, -0.868 -0.3702 5.8658, -0.8595 -0.3625 5.8446, -0.852 -0.3556 5.826, -0.903 -0.4139 5.7566, -0.914 -0.4331 5.7087, -0.9286 -0.4667 4.6457, -0.9286 -0.4667 5.7087, -0.9419 -0.5282 4.6457, -0.9419 -0.5282 5.7087, -0.8839 -0.3543 5.9055, -0.8839 0.0787 5.9055, -0.8051 0.0787 5.7087, -0.5689 0.0787 5.7087, -0.4902 0.0787 5.9055, -0.4902 -0.3543 5.9055, -1.2185 0.0787 5.9055, -1.2185 -0.3543 5.9055, -1.2185 -0.4331 5.7087, -1.2185 -0.6693 5.7087, -1.2185 -0.748 5.9055, -0.8839 -0.748 5.9055, -0.893 -0.7031 5.7931, -1.2185 -0.9843 5.9055, -0.8839 -0.9843 5.9055, -0.8051 -0.9843 5.7087, -0.8389 -0.7571 5.7931, -0.5689 -0.9843 5.7087, -0.4902 -0.9843 5.9055, -0.5351 -0.7571 5.7931, -0.4902 -0.748 5.9055
            ]
        }
        coordIndex [
            0,1,2,-1,3,4,5,-1,5,4,6,-1,5,6,7,-1,2,1,4,-1,4,1,8,-1,4,8,6,-1,0,2,9,-1,9,2,10,-1,9,10,11,-1,11,10,12,-1,11,12,13,-1,13,12,14,-1,13,14,15,-1,16,17,18,-1,18,17,19,-1,18,19,20,-1,15,14,21,-1,21,14,22,-1,21,22,23,-1,23,22,17,-1,23,17,24,-1,24,17,16,-1,24,16,25,-1,20,19,26,-1,26,19,27,-1,26,27,28,-1,27,29,28,-1,28,29,30,-1,28,30,31,-1,32,33,34,-1,34,33,35,-1,34,35,36,-1,36,35,37,-1,36,37,38,-1,38,37,3,-1,38,3,39,-1,39,3,5,-1,40,41,42,-1,43,44,45,-1,33,32,46,-1,46,32,47,-1,46,47,48,-1,48,47,49,-1,48,49,50,-1,50,49,51,-1,43,45,52,-1,51,52,50,-1,50,52,45,-1,50,45,53,-1,53,45,54,-1,53,54,55,-1,55,54,56,-1,55,56,57,-1,57,56,58,-1,57,58,59,-1,59,58,60,-1,59,60,61,-1,61,60,62,-1,63,64,65,-1,65,64,66,-1,65,66,62,-1,62,66,67,-1,62,67,61,-1,63,65,68,-1,68,65,69,-1,68,69,70,-1,70,69,71,-1,70,71,42,-1,72,40,73,-1,73,40,42,-1,73,42,74,-1,74,42,71,-1,40,75,41,-1,41,75,76,-1,41,76,77,-1,77,76,78,-1,77,78,79,-1,78,80,79,-1,79,80,31,-1,79,31,30,-1,81,72,82,-1,82,72,73,-1,69,83,71,-1,71,83,82,-1,71,82,74,-1,74,82,73,-1,84,58,56,-1,84,56,85,-1,44,86,45,-1,45,86,85,-1,45,85,54,-1,54,85,56,-1,69,65,83,-1,83,65,62,-1,83,62,84,-1,84,62,60,-1,84,60,58,-1,82,87,81,-1,81,87,88,-1,88,89,76,-1,72,81,40,-1,40,81,88,-1,40,88,75,-1,75,88,76,-1,78,76,89,-1,90,20,26,-1,26,28,90,-1,90,28,31,-1,90,31,89,-1,89,31,80,-1,89,80,78,-1,91,92,25,-1,20,90,18,-1,18,90,91,-1,18,91,93,-1,93,91,25,-1,94,95,91,-1,91,95,92,-1,96,15,21,-1,96,21,95,-1,25,92,24,-1,24,92,95,-1,24,95,97,-1,97,95,21,-1,0,9,98,-1,98,9,11,-1,98,11,96,-1,96,11,13,-1,96,13,15,-1,0,98,1,-1,1,98,99,-1,1,99,100,-1,101,7,99,-1,99,7,6,-1,99,6,100,-1,
        ]
    }
}
Shape{
    appearance Appearance {
        material  Material 	{
            diffuseColor 0.2235294117647059 0.2235294117647059 0.2235294117647059
            specularColor 0.11372549019607843 0.11372549019607843 0.11372549019607843
            ambientIntensity 0.2235
            transparency 0.0
            shininess 0.5
        }
    }
    geometry IndexedFaceSet {
        ccw TRUE
        solid FALSE
        coord DEF co Coordinate {
            point [
                -0.1555 -0.2962 4.6442, -0.1555 -0.315 4.6457, -0.5886 -0.315 4.6457, -0.6249 -0.3047 4.6449, -0.6474 -0.2983 4.6445, -0.6871 -0.2969 4.6443, -0.7088 -0.2962 4.6442, -1.0413 -0.315 4.6457, -1.0413 -0.2962 4.6442, -0.7492 -0.3047 4.6451, -0.7702 -0.3092 4.6455, -0.7854 -0.315 4.6457, -0.1555 -0.2681 4.636, -1.0413 -0.2681 4.636, -0.1555 -0.2429 4.6211, -1.0413 -0.2429 4.6211, -0.1555 -0.2221 4.6005, -1.0413 -0.2221 4.6005, -0.1555 -0.207 4.5755, -1.0413 -0.207 4.5755, -0.1555 -0.1985 4.5475, -1.0413 -0.1985 4.5475, -0.1555 -0.1968 4.5276, -1.0413 -0.1968 4.5276, -0.9006 -0.6922 4.6457, -0.8597 -0.7401 4.6457, -1.0413 -0.9843 4.6457, -0.687 -0.8071 4.6457, -0.2343 -0.9843 4.6457, -0.6245 -0.7993 4.6457, -0.4455 -0.4667 4.6457, -0.4734 -0.4102 4.6457, -0.8597 -0.3623 4.6457, -0.8083 -0.3258 4.6457, -0.9006 -0.4102 4.6457, -0.9286 -0.4667 4.6457, -0.9419 -0.5282 4.6457, -0.8083 -0.7765 4.6457, -0.7495 -0.7993 4.6457, -0.4321 -0.5282 4.6457, -0.5144 -0.3623 4.6457, -0.5657 -0.3258 4.6457, -0.5657 -0.7765 4.6457, -0.5144 -0.7401 4.6457, -0.2166 -0.9823 4.6457, -0.1999 -0.9764 4.6457, -0.9429 -0.5512 4.6457, -0.9419 -0.5741 4.6457, -0.9286 -0.6357 4.6457, -0.4734 -0.6922 4.6457, -0.1555 -0.9055 4.6457, -0.1573 -0.9224 4.6457, -0.1631 -0.9392 4.6457, -0.1724 -0.9543 4.6457, -0.1849 -0.9669 4.6457, -0.4455 -0.6357 4.6457, -0.4321 -0.5741 4.6457, -0.4311 -0.5512 4.6457
            ]
        }
        coordIndex [
            0,1,2,-1,2,3,0,-1,0,3,4,-1,0,4,5,-1,6,7,8,-1,6,9,7,-1,7,9,10,-1,7,10,11,-1,5,6,0,-1,0,6,8,-1,0,8,12,-1,12,8,13,-1,12,13,14,-1,14,13,15,-1,14,15,16,-1,16,15,17,-1,16,17,18,-1,18,17,19,-1,18,19,20,-1,20,19,21,-1,20,21,22,-1,22,21,23,-1,24,25,26,-1,26,27,28,-1,28,27,29,-1,30,31,1,-1,32,7,33,-1,33,7,11,-1,32,34,7,-1,7,34,35,-1,7,35,36,-1,25,37,26,-1,26,37,38,-1,26,38,27,-1,30,1,39,-1,31,40,1,-1,1,40,41,-1,1,41,2,-1,29,42,28,-1,28,42,43,-1,28,43,44,-1,44,43,45,-1,36,46,7,-1,7,46,47,-1,7,47,26,-1,26,47,48,-1,26,48,24,-1,49,50,43,-1,43,50,51,-1,43,51,52,-1,52,53,43,-1,43,53,54,-1,43,54,45,-1,49,55,50,-1,50,55,56,-1,50,56,1,-1,1,56,57,-1,1,57,39,-1,
        ]
    }
}
Shape{
    appearance Appearance {
        material  Material 	{
            diffuseColor 1.0 1.0 1.0
            specularColor 0.5019607843137255 0.5019607843137255 0.5019607843137255
            ambientIntensity 1.0
            transparency 0.0
            shininess 0.5
        }
    }
    geometry IndexedFaceSet {
        ccw TRUE
        solid FALSE
        coord DEF co Coordinate {
            point [
                -0.1573 -0.9224 4.6457, -0.1555 -0.9055 4.6457, -0.1555 -0.9055 5.9055, -0.1573 -0.9224 5.9055, -0.1631 -0.9392 5.9055, -0.1631 -0.9392 4.6457, -0.1724 -0.9543 5.9055, -0.1724 -0.9543 4.6457, -0.1849 -0.9669 5.9055, -0.1849 -0.9669 4.6457, -0.1999 -0.9764 5.9055, -0.1999 -0.9764 4.6457, -0.2166 -0.9823 5.9055, -0.2166 -0.9823 4.6457, -0.2343 -0.9843 5.9055, -0.2343 -0.9843 4.6457, -0.1555 -0.748 5.9055, -0.4902 -0.748 5.9055, -0.4902 -0.9843 5.9055, -0.1555 -0.6693 5.7087, -0.46 -0.6693 5.7087, -0.5061 -0.7321 5.8658, -0.4738 -0.6919 5.7651, -0.471 -0.6885 5.7566, -0.4455 -0.6357 5.7087, -0.1555 -0.4331 5.7087, -0.46 -0.4331 5.7087, -0.4455 -0.4667 5.7087, -0.4321 -0.5282 5.7087, -0.4311 -0.5512 5.7087, -0.4321 -0.5741 5.7087, -0.1555 -0.3543 5.9055, -0.4902 -0.3543 5.9055, -0.5061 -0.3702 5.8658, -0.4747 -0.4111 5.7637, -0.4914 -0.3861 5.826, -0.1555 0.0787 5.9055, -0.4902 0.0787 5.9055, -0.5689 0.0787 5.7087, -0.1555 0.0787 5.4094, -0.8051 0.0787 5.7087, -1.2185 0.0787 5.4094, -0.8839 0.0787 5.9055, -1.2185 0.0787 5.9055, -1.2185 0.1575 5.2835, -0.1555 0.1575 5.2835
            ]
        }
        coordIndex [
            0,1,2,-1,2,3,0,-1,0,3,4,-1,0,4,5,-1,5,4,6,-1,5,6,7,-1,7,6,8,-1,7,8,9,-1,9,8,10,-1,9,10,11,-1,11,10,12,-1,11,12,13,-1,13,12,14,-1,13,14,15,-1,2,16,17,-1,17,18,2,-1,2,18,14,-1,2,14,3,-1,3,14,12,-1,12,10,3,-1,3,10,8,-1,3,8,4,-1,4,8,6,-1,16,19,20,-1,21,17,22,-1,22,17,16,-1,22,16,23,-1,23,16,20,-1,24,20,19,-1,25,26,27,-1,27,28,25,-1,25,28,29,-1,25,29,19,-1,19,29,30,-1,19,30,24,-1,31,32,33,-1,26,25,34,-1,34,25,31,-1,34,31,35,-1,35,31,33,-1,36,37,31,-1,31,37,32,-1,37,36,38,-1,38,36,39,-1,38,39,40,-1,40,39,41,-1,40,41,42,-1,42,41,43,-1,41,39,44,-1,44,39,45,-1,
        ]
    }
}
Shape{
    appearance Appearance {
        material  Material 	{
            diffuseColor 0.6666666666666666 0.6980392156862745 0.7686274509803922
            specularColor 0.3333333333333333 0.34901960784313724 0.3843137254901961
            ambientIntensity 0.6967
            transparency 0.0
            shininess 0.5
        }
    }
    geometry IndexedFaceSet {
        ccw TRUE
        solid FALSE
        coord DEF co Coordinate {
            point [
                -0.5295 -1.2402 0.1575, -0.8445 -1.2402 0.1575, -0.5295 -2.0669 0.1575, -0.8445 -2.0669 0.1575, -0.5295 -2.0669 0.0, -0.8445 -2.0669 0.0, -0.8445 -1.2402 0.0, -0.5295 -1.2402 0.0, -0.8445 1.2598 0.1575, -0.5295 1.2598 0.1575, -0.8445 2.0669 0.1575, -0.5295 2.0669 0.1575, -0.5295 1.2598 0.0, -0.8445 1.2598 0.0, -0.5295 2.0669 0.0, -0.8445 2.0669 0.0
            ]
        }
        coordIndex [
            0,1,2,-1,2,1,3,-1,2,3,4,-1,4,3,5,-1,6,7,5,-1,5,7,4,-1,8,9,10,-1,10,9,11,-1,12,13,14,-1,14,13,15,-1,14,15,11,-1,11,15,10,-1,
        ]
    }
}
Shape{
    appearance Appearance {
        material  Material 	{
            diffuseColor 1.0 1.0 1.0
            specularColor 0.5019607843137255 0.5019607843137255 0.5019607843137255
            ambientIntensity 1.0
            transparency 0.0
            shininess 0.5
        }
    }
    geometry IndexedFaceSet {
        ccw TRUE
        solid FALSE
        coord DEF co Coordinate {
            point [
                -1.2185 0.0787 5.4094, -1.2185 0.1575 5.2835, -1.2185 0.1575 4.2126, -1.2185 -0.4331 5.7087, -1.2185 -0.3543 5.9055, -1.2185 0.0787 5.9055, -1.2185 -0.6693 5.7087, -1.2185 -0.9843 4.2126, -1.2185 -0.748 5.9055, -1.2185 -0.9843 5.9055, -1.0413 -0.9843 4.6457, -1.0413 -0.9843 4.2126, -0.8839 -0.9843 5.9055, -0.8051 -0.9843 5.7087, -0.5689 -0.9843 5.7087, -0.2343 -0.9843 4.6457, -0.4902 -0.9843 5.9055, -0.2343 -0.9843 5.9055
            ]
        }
        coordIndex [
            0,1,2,-1,3,4,5,-1,5,0,3,-1,3,0,2,-1,3,2,6,-1,6,2,7,-1,6,7,8,-1,8,7,9,-1,9,7,10,-1,10,7,11,-1,12,9,13,-1,13,9,10,-1,13,10,14,-1,14,10,15,-1,14,15,16,-1,16,15,17,-1,
        ]
    }
}
Shape{
    appearance Appearance {
        material  Material 	{
            diffuseColor 0.2235294117647059 0.2235294117647059 0.2235294117647059
            specularColor 0.11372549019607843 0.11372549019607843 0.11372549019607843
            ambientIntensity 0.2235
            transparency 0.0
            shininess 0.5
        }
    }
    geometry IndexedFaceSet {
        ccw TRUE
        solid FALSE
        coord DEF co Coordinate {
            point [
                -1.0413 -0.315 4.6457, -1.0413 -0.9843 4.6457, -1.0413 -0.9843 4.2126, -1.0413 -0.1968 4.2126, -1.0413 -0.1968 4.5276, -1.0413 -0.2962 4.6442, -1.0413 -0.1985 4.5475, -1.0413 -0.207 4.5755, -1.0413 -0.2221 4.6005, -1.0413 -0.2429 4.6211, -1.0413 -0.2681 4.636, -0.1555 -0.1968 4.5276, -0.1555 -0.1968 4.2126
            ]
        }
        coordIndex [
            0,1,2,-1,2,3,0,-1,0,3,4,-1,0,4,5,-1,5,4,6,-1,5,6,7,-1,7,8,5,-1,5,8,9,-1,5,9,10,-1,4,3,11,-1,11,3,12,-1,
        ]
    }
}
Shape{
    appearance Appearance {
        material  Material 	{
            diffuseColor 1.0 1.0 1.0
            specularColor 0.5019607843137255 0.5019607843137255 0.5019607843137255
            ambientIntensity 1.0
            transparency 0.0
            shininess 0.5
        }
    }
    geometry IndexedFaceSet {
        ccw TRUE
        solid FALSE
        coord DEF co Coordinate {
            point [
                -0.1555 -0.1968 4.5276, -0.1555 -0.1968 4.2126, -0.1555 0.1575 4.2126, -0.1555 0.0787 5.9055, -0.1555 -0.3543 5.9055, -0.1555 0.0787 5.4094, -0.1555 -0.4331 5.7087, -0.1555 0.1575 5.2835, -0.1555 -0.2681 4.636, -0.1555 -0.2429 4.6211, -0.1555 -0.2962 4.6442, -0.1555 -0.2221 4.6005, -0.1555 -0.207 4.5755, -0.1555 -0.1985 4.5475, -0.1555 -0.748 5.9055, -0.1555 -0.9055 5.9055, -0.1555 -0.6693 5.7087, -0.1555 -0.9055 4.6457, -0.1555 -0.315 4.6457
            ]
        }
        coordIndex [
            0,1,2,-1,3,4,5,-1,5,4,6,-1,5,6,7,-1,7,6,2,-1,8,9,6,-1,8,6,10,-1,9,11,6,-1,6,11,12,-1,6,12,2,-1,2,12,13,-1,2,13,0,-1,14,15,16,-1,16,15,17,-1,16,17,6,-1,6,17,18,-1,6,18,10,-1,
        ]
    }
}
Shape{
    appearance Appearance {
        material  Material 	{
            diffuseColor 0.2235294117647059 0.2235294117647059 0.2235294117647059
            specularColor 0.11372549019607843 0.11372549019607843 0.11372549019607843
            ambientIntensity 0.2235
            transparency 0.0
            shininess 0.5
        }
    }
    geometry IndexedFaceSet {
        ccw TRUE
        solid FALSE
        coord DEF co Coordinate {
            point [
                -0.1555 0.1575 5.2835, -0.1555 0.1575 4.2126, -1.2185 0.1575 5.2835, -1.2185 0.1575 4.2126, -0.3194 0.3013 4.5285, -0.3194 0.3057 4.5148, -1.0547 0.3057 4.5148, -1.0547 0.3013 4.5285, -1.0547 0.2937 4.5413, -0.3194 0.2937 4.5413, -1.0547 0.2834 4.552, -0.3194 0.2834 4.552, -1.0547 0.2709 4.5602, -0.3194 0.2709 4.5602, -1.0547 0.2569 4.5652, -0.3194 0.2569 4.5652, -1.0547 0.2421 4.5669, -0.3194 0.2421 4.5669, -0.2205 0.3661 4.2126, -0.2205 1.1181 4.2126, -1.1535 0.3661 4.2126, -1.1535 1.1181 4.2126
            ]
        }
        coordIndex [
            0,1,2,-1,2,1,3,-1,4,5,6,-1,6,7,4,-1,4,7,8,-1,4,8,9,-1,9,8,10,-1,9,10,11,-1,11,10,12,-1,11,12,13,-1,13,12,14,-1,13,14,15,-1,15,14,16,-1,15,16,17,-1,18,19,20,-1,20,19,21,-1,
        ]
    }
}
Shape{
    appearance Appearance {
        material  Material 	{
            diffuseColor 0.6666666666666666 0.6980392156862745 0.7686274509803922
            specularColor 0.3333333333333333 0.34901960784313724 0.3843137254901961
            ambientIntensity 0.6967
            transparency 0.0
            shininess 0.5
        }
    }
    geometry IndexedFaceSet {
        ccw TRUE
        solid FALSE
        coord DEF co Coordinate {
            point [
                -0.5295 -1.2402 0.0, -0.8445 -1.2402 0.0, -0.8445 -1.1876 0.0059, -0.5295 -1.1876 0.0059, -0.8445 -1.1377 0.0234, -0.5295 -1.1377 0.0234, -0.8445 -1.0929 0.0515, -0.5295 -1.0929 0.0515, -0.8445 -1.0555 0.0889, -0.5295 -1.0555 0.0889, -0.8445 -1.0273 0.1337, -0.5295 -1.0273 0.1337, -0.8445 -1.0099 0.1837, -0.5295 -1.0099 0.1837, -0.8445 -1.0039 0.2362, -0.5295 -1.0039 0.2362, -0.5295 -2.0669 0.1575, -0.5295 -2.0669 0.0, -0.5295 -1.2402 0.1575, -0.5295 -1.2226 0.1595, -0.5295 -1.206 0.1653, -0.5295 -1.1911 0.1747, -0.5295 -1.1786 0.1871, -0.5295 -1.1692 0.2021, -0.5295 -1.1634 0.2187, -0.5295 -1.1614 0.2362, -0.5295 -1.1614 0.6114, -0.5295 -1.0039 0.6114, -0.8445 -1.1614 0.2362, -0.8445 -1.1634 0.2187, -0.8445 -1.1692 0.2021, -0.8445 -1.1786 0.1871, -0.8445 -1.1911 0.1747, -0.8445 -1.206 0.1653, -0.8445 -1.2226 0.1595, -0.8445 -1.2402 0.1575, -0.8445 -1.1614 0.6114, -0.8445 -1.0039 0.6114, -0.8445 -2.0669 0.1575, -0.8445 -2.0669 0.0, -0.5295 1.2598 0.1575, -0.8445 1.2598 0.1575, -0.5295 1.2423 0.1595, -0.8445 1.2423 0.1595, -0.5295 1.2257 0.1653, -0.8445 1.2257 0.1653, -0.5295 1.2107 0.1747, -0.8445 1.2107 0.1747, -0.5295 1.1983 0.1871, -0.8445 1.1983 0.1871, -0.5295 1.1889 0.2021, -0.8445 1.1889 0.2021, -0.5295 1.1831 0.2187, -0.8445 1.1831 0.2187, -0.5295 1.1811 0.2362, -0.8445 1.1811 0.2362, -0.5295 1.1811 0.6114, -0.5295 1.0236 0.6114, -0.5295 1.0236 0.2362, -0.5295 1.0295 0.1837, -0.5295 1.047 0.1337, -0.5295 1.0752 0.0889, -0.5295 1.1126 0.0515, -0.5295 1.1574 0.0234, -0.5295 1.2073 0.0059, -0.5295 1.2598 0.0, -0.5295 2.0669 0.1575, -0.5295 2.0669 0.0, -0.8445 1.0236 0.2362, -0.8445 1.0295 0.1837, -0.8445 1.047 0.1337, -0.8445 1.0752 0.0889, -0.8445 1.1126 0.0515, -0.8445 1.1574 0.0234, -0.8445 1.2073 0.0059, -0.8445 1.2598 0.0, -0.8445 2.0669 0.1575, -0.8445 2.0669 0.0, -0.8445 1.1811 0.6114, -0.8445 1.0236 0.6114
            ]
        }
        coordIndex [
            0,1,2,-1,0,2,3,-1,3,2,4,-1,3,4,5,-1,5,4,6,-1,5,6,7,-1,7,6,8,-1,7,8,9,-1,9,8,10,-1,9,10,11,-1,11,10,12,-1,11,12,13,-1,13,12,14,-1,13,14,15,-1,16,17,18,-1,18,17,0,-1,18,0,19,-1,19,0,3,-1,19,3,20,-1,20,3,5,-1,20,5,21,-1,21,5,7,-1,21,7,22,-1,22,7,9,-1,22,9,23,-1,23,9,11,-1,23,11,24,-1,24,11,13,-1,24,13,25,-1,25,13,15,-1,25,15,26,-1,26,15,27,-1,25,28,24,-1,24,28,29,-1,24,29,23,-1,23,29,30,-1,23,30,22,-1,22,30,31,-1,22,31,21,-1,21,31,32,-1,21,32,20,-1,20,32,33,-1,20,33,19,-1,19,33,34,-1,19,34,18,-1,18,34,35,-1,36,37,28,-1,28,37,14,-1,28,14,29,-1,29,14,12,-1,29,12,30,-1,30,12,10,-1,30,10,31,-1,31,10,8,-1,31,8,32,-1,32,8,6,-1,32,6,33,-1,33,6,4,-1,33,4,34,-1,34,4,2,-1,34,2,35,-1,35,2,1,-1,35,1,38,-1,38,1,39,-1,40,41,42,-1,42,41,43,-1,42,43,44,-1,44,43,45,-1,44,45,46,-1,46,45,47,-1,46,47,48,-1,48,47,49,-1,48,49,50,-1,50,49,51,-1,50,51,52,-1,52,51,53,-1,52,53,54,-1,54,53,55,-1,56,57,54,-1,54,57,58,-1,54,58,52,-1,52,58,59,-1,52,59,50,-1,50,59,60,-1,50,60,48,-1,48,60,61,-1,48,61,46,-1,46,61,62,-1,46,62,44,-1,44,62,63,-1,44,63,42,-1,42,63,64,-1,42,64,40,-1,40,64,65,-1,40,65,66,-1,66,65,67,-1,58,68,69,-1,58,69,59,-1,59,69,70,-1,59,70,60,-1,60,70,71,-1,60,71,61,-1,61,71,72,-1,61,72,62,-1,62,72,73,-1,62,73,63,-1,63,73,74,-1,63,74,64,-1,64,74,75,-1,64,75,65,-1,76,77,41,-1,41,77,75,-1,41,75,43,-1,43,75,74,-1,43,74,45,-1,45,74,73,-1,45,73,47,-1,47,73,72,-1,47,72,49,-1,49,72,71,-1,49,71,51,-1,51,71,70,-1,51,70,53,-1,53,70,69,-1,53,69,55,-1,55,69,68,-1,55,68,78,-1,78,68,79,-1,
        ]
    }
}
Shape{
    appearance Appearance {
        material  Material 	{
            diffuseColor 0.2235294117647059 0.2235294117647059 0.2235294117647059
            specularColor 0.11372549019607843 0.11372549019607843 0.11372549019607843
            ambientIntensity 0.2235
            transparency 0.0
            shininess 0.5
        }
    }
    geometry IndexedFaceSet {
        ccw TRUE
        solid FALSE
        coord DEF co Coordinate {
            point [
                -0.3027 0.3057 5.2846, -0.289 0.3057 5.2983, -0.3127 0.3057 5.268, -0.3182 0.3057 5.2494, -0.2718 0.3057 4.5148, -0.3194 0.3057 4.5148, -0.247 0.3057 5.3147, -0.3194 0.3057 5.2362, -0.2538 0.3057 5.3138, -0.2724 0.3057 5.3083, -0.9232 -1.0039 4.9213, -0.1161 -1.0039 4.9213, -0.9232 -1.0039 4.4882, -0.1161 -1.0039 4.2126, -1.2579 -1.0039 4.4882, -1.2579 -1.0039 4.2126, -0.9232 -1.0827 4.685, -1.2579 -1.0827 4.685, -0.9232 -1.0827 5.0, -1.2579 -1.0827 5.0, -0.1947 0.3389 4.3486, -0.188 0.3476 4.3055, -0.2205 0.3661 4.2126, -1.1535 0.3661 4.2126, -1.186 0.3476 4.3055, -1.1792 0.3389 4.349, -1.1686 0.3308 4.3893, -1.1495 0.3163 4.4619, -1.1474 0.3155 4.4659, -1.1328 0.3099 4.4938, -1.0547 0.3057 4.5148, -0.2266 0.3155 4.4659, -0.2245 0.3163 4.4618, -0.2054 0.3308 4.3892, -1.1219 0.3074 4.5063, -1.1216 0.3074 4.5065, -1.1142 0.3063 4.5117, -0.2658 0.3059 4.514, -0.2598 0.3063 4.5117, -0.2524 0.3074 4.5065, -0.2521 0.3074 4.5063, -0.2412 0.3099 4.4938, -1.1082 0.3059 4.514, -1.1023 0.3057 4.5148, -1.0547 0.3057 5.2362, -1.0995 0.3057 5.3073, -1.0844 0.3057 5.2978, -1.0718 0.3057 5.2852, -1.127 0.3057 5.3147, -1.1164 0.3057 5.3131, -1.0565 0.3057 5.2532, -1.0623 0.3057 5.2701
            ]
        }
        coordIndex [
            0,1,2,-1,2,1,3,-1,4,5,6,-1,6,5,7,-1,6,7,8,-1,8,7,3,-1,8,3,9,-1,9,3,1,-1,10,11,12,-1,12,11,13,-1,12,13,14,-1,14,13,15,-1,12,14,16,-1,16,14,17,-1,16,17,18,-1,18,17,19,-1,20,21,22,-1,23,24,22,-1,22,24,25,-1,22,25,26,-1,26,27,22,-1,22,27,28,-1,22,28,29,-1,30,5,22,-1,22,5,4,-1,31,32,22,-1,22,32,33,-1,22,33,20,-1,29,34,22,-1,22,34,35,-1,22,35,36,-1,4,37,22,-1,22,37,38,-1,22,38,39,-1,39,40,22,-1,22,40,41,-1,22,41,31,-1,36,42,22,-1,22,42,43,-1,22,43,30,-1,44,30,43,-1,45,46,47,-1,43,48,44,-1,44,48,49,-1,44,49,50,-1,50,49,45,-1,50,45,51,-1,51,45,47,-1,
        ]
    }
}
Shape{
    appearance Appearance {
        material  Material 	{
            diffuseColor 1.0 1.0 1.0
            specularColor 0.5019607843137255 0.5019607843137255 0.5019607843137255
            ambientIntensity 1.0
            transparency 0.0
            shininess 0.5
        }
    }
    geometry IndexedFaceSet {
        ccw TRUE
        solid FALSE
        coord DEF co Coordinate {
            point [
                -0.1555 -0.1968 4.2126, -0.1161 -1.0039 4.2126, -0.1161 0.1772 4.2126, -1.0413 -0.1968 4.2126, -1.0413 -0.9843 4.2126, -1.2579 -1.0039 4.2126, -1.2185 -0.9843 4.2126, -1.2579 0.1772 4.2126, -1.2185 0.1575 4.2126, -0.1555 0.1575 4.2126
            ]
        }
        coordIndex [
            0,1,2,-1,0,3,1,-1,1,3,4,-1,1,4,5,-1,5,4,6,-1,5,6,7,-1,7,6,8,-1,7,8,2,-1,2,8,9,-1,2,9,0,-1,
        ]
    }
}
Shape{
    appearance Appearance {
        material  Material 	{
            diffuseColor 0.2235294117647059 0.2235294117647059 0.2235294117647059
            specularColor 0.11372549019607843 0.11372549019607843 0.11372549019607843
            ambientIntensity 0.2235
            transparency 0.0
            shininess 0.5
        }
    }
    geometry IndexedFaceSet {
        ccw TRUE
        solid FALSE
        coord DEF co Coordinate {
            point [
                -1.0547 0.1772 5.2362, -1.0547 0.1962 4.5479, -1.0547 0.2096 4.5582, -1.0547 0.2253 4.5647, -1.0547 0.2421 4.5669, -1.0547 0.3057 5.2362, -1.0547 0.1772 4.502, -1.0547 0.1794 4.5188, -1.0547 0.1859 4.5345, -1.0547 0.2569 4.5652, -1.0547 0.2709 4.5602, -1.0547 0.2834 4.552, -1.0547 0.2937 4.5413, -1.0547 0.3013 4.5285, -1.0547 0.3057 4.5148, -0.3194 0.2421 4.5669, -0.3194 0.2253 4.5647, -0.3194 0.2096 4.5582, -0.3194 0.1962 4.5479, -0.3194 0.1859 4.5345, -0.3194 0.1794 4.5188, -0.3194 0.1772 4.502, -0.3194 0.1772 5.2362, -0.3194 0.3057 4.5148, -0.3194 0.3013 4.5285, -0.3194 0.3057 5.2362, -0.3194 0.2937 4.5413, -0.3194 0.2834 4.552, -0.3194 0.2709 4.5602, -0.3194 0.2569 4.5652, -0.2205 0.3661 4.2126, -0.1292 1.0915 4.4733, -0.2205 1.1181 4.2126, -0.1499 1.1819 4.4141, -0.1703 1.247 4.3558, -0.1156 0.5952 4.5123, -0.1046 0.6679 4.5438, -0.0978 0.7777 4.5632, -0.0974 0.8071 4.5641, -0.17 0.373 4.3567, -0.1836 0.3526 4.318, -0.1866 0.3491 4.3093, -0.188 0.3476 4.3055, -0.1697 0.3734 4.3576, -0.1625 0.3907 4.3781, -0.1243 0.5378 4.4874, -0.1021 0.9201 4.5507, -0.1176 1.0409 4.5064, -1.1535 1.1181 4.2126, -1.2037 1.247 4.3558, -1.245 1.0987 4.474, -1.186 0.3476 4.3055, -1.1535 0.3661 4.2126, -1.1873 0.3492 4.3089, -1.2011 0.3677 4.3486, -1.2462 1.0918 4.4773, -1.2671 0.9675 4.5371, -1.2757 0.8564 4.5616, -1.2115 0.3907 4.3781, -1.2099 0.3861 4.3736, -1.2037 0.3731 4.3558, -1.2766 0.8071 4.5641, -1.2719 0.6941 4.5507, -1.2592 0.595 4.5144, -1.2564 0.5732 4.5064, -1.224 0.4322 4.414, -0.2291 1.399 4.5247, -0.2384 1.4073 4.5339, -0.1877 1.3052 4.4205, -0.2076 1.363 4.4847, -0.2114 1.3723 4.495, -0.2206 1.3861 4.5104, -0.2873 1.4334 4.5629, -0.2774 1.4309 4.5602, -0.261 1.4236 4.5521, -1.0595 1.437 4.5669, -1.0676 1.4367 4.5666, -1.0868 1.4337 4.5632, -1.0879 1.4335 4.563, -1.1072 1.4268 4.5556, -1.1129 1.4234 4.5518, -1.1287 1.414 4.5414, -0.2491 1.4168 4.5445, -0.2578 1.4222 4.5505, -0.2969 1.4357 4.5654, -0.3145 1.437 4.5669, -1.1356 1.4073 4.534, -1.1487 1.3945 4.5197, -1.1534 1.3862 4.5104, -1.1665 1.363 4.4847, -1.1863 1.3052 4.4205
            ]
        }
        coordIndex [
            0,1,2,-1,2,3,0,-1,0,3,4,-1,0,4,5,-1,6,7,0,-1,0,7,8,-1,0,8,1,-1,4,9,5,-1,5,9,10,-1,5,10,11,-1,11,12,5,-1,5,12,13,-1,5,13,14,-1,15,4,3,-1,15,3,16,-1,16,3,2,-1,16,2,17,-1,17,2,1,-1,17,1,18,-1,18,1,8,-1,18,8,19,-1,19,8,7,-1,19,7,20,-1,20,7,6,-1,20,6,21,-1,18,22,17,-1,17,22,16,-1,18,19,22,-1,22,19,20,-1,22,20,21,-1,23,24,25,-1,25,24,26,-1,25,26,27,-1,27,28,25,-1,25,28,29,-1,25,29,22,-1,22,29,15,-1,22,15,16,-1,30,31,32,-1,32,31,33,-1,32,33,34,-1,35,36,30,-1,30,36,37,-1,30,37,38,-1,39,35,40,-1,40,35,30,-1,40,30,41,-1,41,30,42,-1,39,43,35,-1,35,43,44,-1,35,44,45,-1,38,46,30,-1,30,46,47,-1,30,47,31,-1,48,49,50,-1,51,52,53,-1,53,52,48,-1,53,48,54,-1,50,55,48,-1,48,55,56,-1,48,56,57,-1,58,59,48,-1,48,59,60,-1,48,60,54,-1,57,61,48,-1,48,61,62,-1,48,62,63,-1,63,64,48,-1,48,64,65,-1,48,65,58,-1,66,67,48,-1,32,34,48,-1,48,34,68,-1,48,68,69,-1,69,70,48,-1,48,70,71,-1,48,71,66,-1,72,48,73,-1,73,48,74,-1,75,76,48,-1,48,76,77,-1,48,77,78,-1,78,79,48,-1,48,79,80,-1,48,80,81,-1,67,82,48,-1,48,82,83,-1,48,83,74,-1,72,84,48,-1,48,84,85,-1,48,85,75,-1,81,86,48,-1,48,86,87,-1,48,87,88,-1,88,89,48,-1,48,89,90,-1,48,90,49,-1,
        ]
    }
}
Shape{
    appearance Appearance {
        material  Material 	{
            diffuseColor 0.6666666666666666 0.6980392156862745 0.7686274509803922
            specularColor 0.3333333333333333 0.34901960784313724 0.3843137254901961
            ambientIntensity 0.6967
            transparency 0.0
            shininess 0.5
        }
    }
    geometry IndexedFaceSet {
        ccw TRUE
        solid FALSE
        coord DEF co Coordinate {
            point [
                -0.8445 -1.1614 0.6114, -0.8752 -1.1614 0.7874, -0.8445 -1.0039 0.6114, -0.8752 -1.0039 0.7874, -0.5295 -1.0039 0.2362, -0.8445 -1.0039 0.2362, -0.5295 -1.0039 0.6114, -0.4987 -1.0039 0.7874, -0.5295 -1.1614 0.6114, -0.4987 -1.1614 0.7874, -0.5295 -1.1614 0.2362, -0.8445 -1.1614 0.2362, -0.8445 1.0236 0.6114, -0.8753 1.0236 0.7874, -0.8445 1.1811 0.6114, -0.8753 1.1811 0.7874, -0.5295 1.1811 0.2362, -0.8445 1.1811 0.2362, -0.5295 1.1811 0.6114, -0.4987 1.1811 0.7874, -0.5295 1.0236 0.6114, -0.4987 1.0236 0.7874, -0.5295 1.0236 0.2362, -0.8445 1.0236 0.2362
            ]
        }
        coordIndex [
            0,1,2,-1,2,1,3,-1,4,5,6,-1,6,5,2,-1,6,2,7,-1,7,2,3,-1,6,7,8,-1,8,7,9,-1,9,1,8,-1,8,1,0,-1,8,0,10,-1,10,0,11,-1,12,13,14,-1,14,13,15,-1,16,17,18,-1,18,17,14,-1,18,14,19,-1,19,14,15,-1,18,19,20,-1,20,19,21,-1,21,13,20,-1,20,13,12,-1,20,12,22,-1,22,12,23,-1,
        ]
    }
}
Shape{
    appearance Appearance {
        material  Material 	{
            diffuseColor 0.2235294117647059 0.2235294117647059 0.2235294117647059
            specularColor 0.11372549019607843 0.11372549019607843 0.11372549019607843
            ambientIntensity 0.2235
            transparency 0.0
            shininess 0.5
        }
    }
    geometry IndexedFaceSet {
        ccw TRUE
        solid FALSE
        coord DEF co Coordinate {
            point [
                -0.4902 -1.2402 0.7874, -0.5272 -1.2402 0.8328, -0.5745 -1.2402 0.8674, -0.6289 -1.2402 0.8891, -0.687 -1.2402 0.8965, -0.7451 -1.2402 0.8891, -0.7995 -1.2402 0.8674, -0.8468 -1.2402 0.8328, -0.8839 -1.2402 0.7874, -0.4492 -1.2402 0.7262, -0.1555 -1.2402 0.7874, -0.0973 -1.2402 0.4769, -0.1356 -1.2402 0.4846, -0.2295 -1.2402 0.5211, -0.3247 -1.2402 0.5871, -1.1778 -1.2402 0.505, -1.2192 -1.2402 0.4918, -1.2579 -1.2402 0.7874, -1.2535 -1.2402 0.4808, -1.3113 -1.2402 0.4734, -1.3169 -1.2402 0.4727, -0.9578 -1.2402 0.6828, -1.013 -1.2402 0.6224, -1.0263 -1.2402 0.6078, -1.1022 -1.2402 0.5464, -1.1275 -1.2402 0.5326, -0.3182 0.3057 5.2494, -0.3194 0.3057 5.2362, -0.3194 0.1772 5.2362, -0.3182 0.1772 5.2494, -0.3127 0.1772 5.268, -0.3127 0.3057 5.268, -0.3027 0.1772 5.2846, -0.3027 0.3057 5.2846, -0.289 0.1772 5.2983, -0.289 0.3057 5.2983, -0.2724 0.1772 5.3083, -0.2724 0.3057 5.3083, -0.2538 0.1772 5.3138, -0.2538 0.3057 5.3138, -0.2406 0.3058 5.315, -0.247 0.3057 5.3147, -0.2406 0.1926 5.315, -0.2406 0.1795 5.315, -0.2406 0.1772 5.315, -0.2333 0.3065 5.315, -0.2276 0.3079 5.315, -0.2658 0.3059 4.514, -0.2054 0.3133 5.315, -0.2005 0.3158 5.315, -0.2521 0.3074 4.5063, -0.1818 0.3253 5.315, -0.1763 0.33 5.315, -0.2245 0.3163 4.4618, -0.1598 0.3441 5.315, -0.1559 0.3494 5.315, -0.1947 0.3389 4.3486, -0.1411 0.3733 5.315, -0.1334 0.3913 5.315, -0.1625 0.3907 4.3781, -0.1697 0.3734 4.3576, -0.17 0.373 4.3567, -0.145 0.3641 5.315, -0.1836 0.3526 4.318, -0.1866 0.3491 4.3093, -0.188 0.3476 4.3055, -0.2054 0.3308 4.3892, -0.2412 0.3099 4.4938, -0.2266 0.3155 4.4659, -0.2598 0.3063 4.5117, -0.2524 0.3074 4.5065, -0.2718 0.3057 4.5148, -0.1046 0.6679 4.5438, -0.1156 0.5952 4.5123, -0.0906 0.5916 5.315, -0.1243 0.5378 4.4874, -0.0752 0.8071 5.315, -0.0974 0.8071 4.5641, -0.0978 0.7777 4.5632, 0.1452 1.2467 5.2941, -0.1412 1.2467 5.2941, -0.137 1.2338 5.3012, -0.1172 1.1614 5.315, 0.1212 1.1614 5.315, -0.1231 1.1849 5.3136, 0.1271 1.1849 5.3136, -0.1289 1.2051 5.3084, 0.1328 1.2051 5.3084, 0.141 1.2338 5.3012, -0.1515 1.2779 5.2768, 0.1554 1.2779 5.2768, -0.1538 1.2842 5.2709, 0.1578 1.2842 5.2709, -0.1634 1.3102 5.247, 0.1674 1.3102 5.247, -0.1655 1.3152 5.2395, 0.1694 1.3152 5.2395, 0.1784 1.337 5.207, -0.1745 1.337 5.207, 0.1792 1.3388 5.2021, -0.1753 1.3388 5.2021, 0.1859 1.353 5.1632, -0.182 1.353 5.1632, 0.1861 1.3534 5.1603, -0.1822 1.3534 5.1603, 0.1894 1.3583 5.1181, -0.1854 1.3583 5.1181, -0.1161 0.1772 5.1575, -0.1161 -0.9904 5.1575, -0.11 -0.9837 5.174, -0.1087 -0.9823 5.1774, -0.0913 -0.954 5.2239, -0.0911 -0.9537 5.2244, -0.0665 -0.8733 5.2901, -0.065 -0.8626 5.2939, -0.0595 -0.822 5.3086, -0.0588 -0.8071 5.3104, -0.0571 -0.7677 5.315, -0.0571 0.1772 5.315, -0.0775 -0.9184 5.2606, -0.076 -0.9125 5.2645, 0.061 0.1772 5.315, 0.061 -0.7677 5.315, 0.002 -0.7677 5.315, 0.1451 0.3733 5.315, 0.1374 0.3913 5.315, 0.2142 0.3116 5.315, 0.2315 0.3081 5.315, 0.2445 0.1772 5.315, 0.2414 0.3061 5.315, 0.2445 0.3059 5.315, 0.2046 0.3161 5.315, 0.1878 0.324 5.315, 0.1803 0.3301 5.315, 0.167 0.3407 5.315, 0.1602 0.3496 5.315, 0.1488 0.3645 5.315, 0.1071 1.0966 5.315, -0.1031 1.0966 5.315, 0.0791 0.8071 5.315, 0.0945 0.5916 5.315, -0.1555 1.437 0.7874, -0.1555 1.6339 0.7874, -0.0965 1.6339 0.4724, -0.0965 -1.2402 0.4724
            ]
        }
        coordIndex [
            0,1,2,-1,2,3,0,-1,0,3,4,-1,0,4,5,-1,5,6,0,-1,0,6,7,-1,0,7,8,-1,9,0,10,-1,10,11,12,-1,12,13,10,-1,10,13,14,-1,10,14,9,-1,15,16,17,-1,16,18,17,-1,17,18,19,-1,17,19,20,-1,8,21,17,-1,17,21,22,-1,17,22,23,-1,23,24,17,-1,17,24,25,-1,17,25,15,-1,26,27,28,-1,28,29,26,-1,26,29,30,-1,26,30,31,-1,31,30,32,-1,31,32,33,-1,33,32,34,-1,33,34,35,-1,35,34,36,-1,35,36,37,-1,37,36,38,-1,37,38,39,-1,40,41,42,-1,42,41,43,-1,39,38,41,-1,41,38,44,-1,41,44,43,-1,45,46,47,-1,48,49,50,-1,51,52,53,-1,54,55,56,-1,57,58,59,-1,59,60,57,-1,57,60,61,-1,57,61,62,-1,62,61,55,-1,61,63,55,-1,55,63,64,-1,55,64,56,-1,56,64,65,-1,54,56,52,-1,52,56,66,-1,52,66,53,-1,50,49,67,-1,51,53,49,-1,49,53,68,-1,49,68,67,-1,47,46,69,-1,48,50,46,-1,46,50,70,-1,46,70,69,-1,45,47,40,-1,40,47,71,-1,40,71,41,-1,72,73,74,-1,74,73,58,-1,58,73,75,-1,58,75,59,-1,76,77,74,-1,74,77,78,-1,74,78,72,-1,79,80,81,-1,82,83,84,-1,84,83,85,-1,84,85,86,-1,86,85,87,-1,86,87,81,-1,81,87,88,-1,81,88,79,-1,80,79,89,-1,89,79,90,-1,89,90,91,-1,91,90,92,-1,91,92,93,-1,93,92,94,-1,93,94,95,-1,94,96,95,-1,95,96,97,-1,95,97,98,-1,98,97,99,-1,98,99,100,-1,100,99,101,-1,100,101,102,-1,102,101,103,-1,102,103,104,-1,104,103,105,-1,104,105,106,-1,107,108,109,-1,109,110,107,-1,107,110,111,-1,107,111,112,-1,113,114,107,-1,107,114,115,-1,115,116,107,-1,107,116,117,-1,107,117,118,-1,112,119,107,-1,107,119,120,-1,107,120,113,-1,121,57,62,-1,122,121,123,-1,123,121,118,-1,123,118,117,-1,124,125,57,-1,126,121,127,-1,127,121,128,-1,127,128,129,-1,129,128,130,-1,126,131,121,-1,121,131,132,-1,121,132,133,-1,133,134,121,-1,121,134,135,-1,121,135,57,-1,57,135,136,-1,57,136,124,-1,62,55,121,-1,121,55,54,-1,121,54,118,-1,118,54,52,-1,118,52,51,-1,51,49,118,-1,118,49,48,-1,118,48,44,-1,45,40,42,-1,48,46,44,-1,44,46,45,-1,44,45,43,-1,43,45,42,-1,83,82,137,-1,137,82,138,-1,137,138,139,-1,139,138,76,-1,139,76,140,-1,140,76,74,-1,140,74,125,-1,125,74,58,-1,125,58,57,-1,141,142,143,-1,143,144,141,-1,141,144,11,-1,141,11,10,-1,
        ]
    }
}
Shape{
    appearance Appearance {
        material  Material 	{
            diffuseColor 0.6666666666666666 0.6980392156862745 0.7686274509803922
            specularColor 0.3333333333333333 0.34901960784313724 0.3843137254901961
            ambientIntensity 0.6967
            transparency 0.0
            shininess 0.5
        }
    }
    geometry IndexedFaceSet {
        ccw TRUE
        solid FALSE
        coord DEF co Coordinate {
            point [
                -0.0374 -1.2402 0.4724, -0.0973 -1.2402 0.4769, -0.0965 -1.2402 0.4724
            ]
        }
        coordIndex [
            0,1,2,-1,
        ]
    }
}
Shape{
    appearance Appearance {
        material  Material 	{
            diffuseColor 0.2235294117647059 0.2235294117647059 0.2235294117647059
            specularColor 0.11372549019607843 0.11372549019607843 0.11372549019607843
            ambientIntensity 0.2235
            transparency 0.0
            shininess 0.5
        }
    }
    geometry IndexedFaceSet {
        ccw TRUE
        solid FALSE
        coord DEF co Coordinate {
            point [
                0.061 1.6339 0.4724, -0.0965 1.6339 0.4724, 0.1201 1.6339 0.7874, -0.1555 1.6339 0.7874, 0.1201 1.6339 1.7323, -0.1555 1.6339 1.7323, -0.0374 -1.2402 0.4724, -0.0374 -1.437 0.4724, -0.0973 -1.2402 0.4769, -0.1356 -1.437 0.4846, -0.1356 -1.2402 0.4846, -0.2295 -1.437 0.5211, -0.2295 -1.2402 0.5211, -0.3247 -1.437 0.5871, -0.3247 -1.2402 0.5871, -0.4492 -1.437 0.7262, -0.4492 -1.2402 0.7262, -0.4902 -1.437 0.7874, -0.4902 -1.2402 0.7874, -0.5272 -1.2402 0.8328, -0.5272 -1.437 0.8328, -0.5745 -1.2402 0.8674, -0.5745 -1.437 0.8674, -0.6289 -1.2402 0.8891, -0.6289 -1.437 0.8891, -0.687 -1.2402 0.8965, -0.687 -1.437 0.8965, -0.7451 -1.2402 0.8891, -0.7451 -1.437 0.8891, -0.7995 -1.2402 0.8674, -0.7995 -1.437 0.8674, -0.8468 -1.2402 0.8328, -0.8468 -1.437 0.8328, -0.8839 -1.2402 0.7874, -0.8839 -1.437 0.7874, -0.0965 -1.2402 0.4724, 0.061 -1.2402 0.4727, 0.0413 -1.2402 0.4724, 0.0413 -1.437 0.4724, -1.2579 -1.122 5.0787, -0.9232 -1.122 5.0787, -1.2579 -1.0827 5.0, -0.9232 -1.0827 5.0, -0.9232 -1.0827 5.0787, -0.9232 -1.0039 4.9213, -0.9232 -1.0827 4.685, -0.9232 -1.0039 4.4882, -0.1161 -1.0827 5.0787, -0.1161 -1.0039 4.9213, -0.1161 -1.0039 5.0787, -0.1161 -1.0039 4.2126, -0.1161 0.1772 4.2126, -0.1161 0.1772 5.1575, -0.1161 -1.0006 5.1183, -0.1161 -0.9904 5.1575, 0.1201 -1.0039 5.0787, 0.1201 -1.0006 5.1183, 0.002 -0.7677 5.315, -0.0571 -0.7677 5.315, -0.0588 -0.8071 5.3104, 0.0955 -0.9548 5.2229, -0.11 -0.9837 5.174, 0.1133 -0.9833 5.1754, 0.1139 -0.9838 5.174, 0.0814 -0.9186 5.2605, -0.0911 -0.9537 5.2244, 0.0952 -0.954 5.2238, -0.0913 -0.954 5.2239, -0.1087 -0.9823 5.1774, 0.061 -0.7677 5.315, 0.0627 -0.8071 5.3104, 0.0634 -0.8218 5.3087, -0.0595 -0.822 5.3086, 0.0688 -0.8627 5.2942, -0.065 -0.8626 5.2939, 0.0698 -0.8703 5.2915, -0.0665 -0.8733 5.2901, 0.08 -0.9125 5.2644, -0.076 -0.9125 5.2645, -0.0775 -0.9184 5.2606, 0.1201 -0.9904 5.1575, -1.2579 -1.0039 4.4882, -1.2579 -1.0039 4.2126, -1.2579 0.1772 4.2126, -1.2579 -1.0039 5.0787, -1.2579 -1.0006 5.1183, -1.2579 0.1772 5.1575, -1.2579 -0.9904 5.1575, -1.2579 -1.0827 4.685, -1.2766 0.8071 4.5641, -1.2989 0.8071 5.315, -1.2719 0.6941 4.5507, -1.2834 0.5916 5.315, -1.2115 0.3907 4.3781, -1.224 0.4322 4.414, -1.2406 0.3913 5.315, -1.2564 0.5732 4.5064, -1.2592 0.595 4.5144, -1.1082 0.3059 4.514, -1.1464 0.3081 5.315, -1.1365 0.3061 5.315, -1.127 0.3057 5.3147, -1.1023 0.3057 4.5148, -1.1302 0.3058 5.3149, -1.1334 0.3059 5.315, -1.1142 0.3063 4.5117, -1.1216 0.3074 4.5065, -1.1638 0.3116 5.315, -1.1219 0.3074 4.5063, -1.1733 0.3161 5.315, -1.1328 0.3099 4.4938, -1.1474 0.3155 4.4659, -1.1902 0.324 5.315, -1.1495 0.3163 4.4619, -1.1977 0.3301 5.315, -1.1686 0.3308 4.3893, -1.2109 0.3407 5.315, -1.1792 0.3389 4.349, -1.2178 0.3496 5.315, -1.2099 0.3861 4.3736, -1.2329 0.3733 5.315, -1.2037 0.3731 4.3558, -1.2292 0.3645 5.315, -1.2011 0.3677 4.3486, -1.1873 0.3492 4.3089, -1.186 0.3476 4.3055, -1.0565 0.1772 5.2532, -1.0547 0.1772 5.2362, -1.0547 0.3057 5.2362, -1.1164 0.3057 5.3131, -1.1334 0.1772 5.315, -1.1164 0.1772 5.3131, -1.0995 0.1772 5.3073, -1.0995 0.3057 5.3073, -1.0844 0.1772 5.2978, -1.0844 0.3057 5.2978, -1.0718 0.1772 5.2852, -1.0718 0.3057 5.2852, -1.0623 0.1772 5.2701, -1.0623 0.3057 5.2701, -1.0565 0.3057 5.2532, -1.3169 0.1772 5.315, -0.0571 0.1772 5.315, -0.2406 0.1772 5.315, -0.2538 0.1772 5.3138, -0.3194 0.1772 5.2362, -0.3194 0.1772 4.502, -1.0547 0.1772 4.502, -0.2724 0.1772 5.3083, -0.289 0.1772 5.2983, -0.3027 0.1772 5.2846, -0.3127 0.1772 5.268, -0.3182 0.1772 5.2494, -1.2641 -0.9838 5.174, -1.3091 -0.8627 5.2942, -1.3081 -0.8703 5.2915, -1.298 -0.9125 5.2644, -1.2965 -0.9186 5.2605, -1.2828 -0.954 5.2238, -1.2824 -0.9548 5.2229, -1.2646 -0.9833 5.1754, -1.3169 -0.7677 5.315, -1.3152 -0.8071 5.3104, -1.3146 -0.8218 5.3087, -1.4941 -1.0039 5.0787, -1.376 -0.7677 5.315, -1.435 -0.7677 5.315, -1.4368 -0.8071 5.3104, -1.4374 -0.822 5.3086, -1.443 -0.8626 5.2939, -1.4444 -0.8733 5.2901, -1.454 -0.9125 5.2645, -1.4879 -0.9837 5.174, -1.4554 -0.9184 5.2606, -1.4691 -0.9537 5.2244, -1.4693 -0.954 5.2239, -1.4866 -0.9823 5.1774, -1.4941 -0.9904 5.1575, -1.4941 -1.0006 5.1183, -1.519 0.3733 5.315, -1.5229 0.3641 5.315, -1.435 0.1772 5.315, -1.1638 0.3116 5.315, -1.1365 0.3061 5.315, -1.2109 0.3407 5.315, -1.2292 0.3645 5.315, -1.5338 0.3494 5.315, -1.5377 0.3441 5.315, -1.5543 0.33 5.315, -1.5598 0.3253 5.315, -1.5785 0.3158 5.315, -1.5834 0.3133 5.315, -1.6186 0.1772 5.315, -1.6113 0.3065 5.315, -1.6186 0.3058 5.315, -1.6186 0.1926 5.315, -1.6055 0.3079 5.315, -1.6186 0.1795 5.315, -1.2568 1.1614 5.315, -1.4952 1.1614 5.315, -1.2709 1.0966 5.315, -1.4811 1.0966 5.315, -1.4531 0.8071 5.315, -1.4685 0.5916 5.315, -1.5114 0.3913 5.315, -1.1886 1.3583 5.1181, -1.5634 1.3583 5.1181, -1.5601 1.3534 5.1603, -1.1918 1.3534 5.1603, -1.5599 1.353 5.1632, -1.1921 1.353 5.1632, -1.5532 1.3388 5.2021, -1.1987 1.3388 5.2021, -1.5524 1.337 5.207, -1.1996 1.337 5.207, -1.5434 1.3152 5.2395, -1.2085 1.3152 5.2395, -1.2106 1.3102 5.247, -1.5414 1.3102 5.247, -1.2202 1.2842 5.2709, -1.5318 1.2842 5.2709, -1.2225 1.2779 5.2768, -1.5294 1.2779 5.2768, -1.2328 1.2467 5.2941, -1.5192 1.2467 5.2941, -1.515 1.2338 5.3012, -1.5011 1.1849 5.3136, -1.2509 1.1849 5.3136, -1.5068 1.2051 5.3084, -1.2451 1.2051 5.3084, -1.237 1.2338 5.3012, 0.1906 1.3583 5.0787, -0.1867 1.3583 5.0787, 0.1894 1.3583 5.1181, -0.1854 1.3583 5.1181, -0.0974 0.8071 4.5641, -0.0752 0.8071 5.315, -0.1021 0.9201 4.5507, -0.1031 1.0966 5.315, -0.1176 1.0409 4.5064, -0.1292 1.0915 4.4733, -0.1172 1.1614 5.315, -0.1535 1.28 5.2344, -0.1231 1.1849 5.3136, -0.1634 1.3102 5.247, -0.1655 1.3152 5.2395, -0.1745 1.337 5.207, -0.1753 1.3388 5.2021, -0.1289 1.2051 5.3084, -0.137 1.2338 5.3012, -0.1412 1.2467 5.2941, -0.1515 1.2779 5.2768, -0.1538 1.2842 5.2709, -0.1822 1.3534 5.1603, -0.182 1.353 5.1632, -0.1877 1.3052 4.4205, -0.1703 1.247 4.3558, -0.1499 1.1819 4.4141, -0.1883 1.3624 5.0787, -0.1979 1.3627 4.7821, -0.2076 1.363 4.4847, -0.2982 1.437 5.0787, -0.3145 1.437 4.5669, -0.2745 1.4346 5.0787, -0.2969 1.4357 4.5654, -0.2709 1.4334 5.0787, -0.2873 1.4334 4.5629, -0.2468 1.4252 5.0787, -0.2774 1.4309 4.5602, -0.2442 1.4236 5.0787, -0.261 1.4236 4.5521, -0.2223 1.4094 5.0787, -0.2578 1.4222 4.5505, -0.2207 1.4077 5.0787, -0.1979 1.3627 4.7821, -0.2016 1.3867 5.0787, -0.2491 1.4168 4.5445, -0.2384 1.4073 4.5339, -0.2023 1.388 5.0787, -0.2291 1.399 4.5247, -0.2206 1.3861 4.5104, -0.2114 1.3723 4.495, -1.0595 1.437 4.5669, -1.0758 1.437 5.0787, -1.1761 1.3627 4.7814, -1.1665 1.363 4.4847, -1.1534 1.3862 4.5104, -1.1299 1.4236 5.0787, -1.0879 1.4335 4.563, -1.1047 1.4334 5.0787, -1.0868 1.4337 4.5632, -1.1032 1.4336 5.0787, -1.0676 1.4367 4.5666, -1.1487 1.3945 4.5197, -1.1356 1.4073 4.534, -1.1533 1.4076 5.0787, -1.1287 1.414 4.5414, -1.132 1.4228 5.0787, -1.1129 1.4234 4.5518, -1.1072 1.4268 4.5556, -1.1558 1.4058 5.0787, -1.1722 1.3865 5.0787, -1.1748 1.3835 5.0787, -1.1857 1.3625 5.0787, -1.2671 0.9675 4.5371, -1.2462 1.0918 4.4773, -1.2037 1.247 4.3558, -1.1863 1.3052 4.4205, -1.245 1.0987 4.474, -1.1761 1.3627 4.7814, -1.1873 1.3583 5.0787, -1.2106 1.3102 5.247, -1.2205 1.28 5.2344, -1.2225 1.2779 5.2768, -1.237 1.2338 5.3012, -1.1921 1.353 5.1632, -1.2757 0.8564 4.5616, -1.5646 1.3583 5.0787, 0.1201 1.437 3.3465, -0.1161 1.437 3.3465, 0.1201 1.6339 3.3465, -0.1161 1.6339 3.3465, -0.1161 1.437 4.2126, -0.1161 1.6339 4.3307, -1.2579 1.6339 4.3307, -1.2579 1.437 4.2126, -1.2579 1.6339 3.3465, -1.2579 1.437 3.3465, -1.4941 1.6339 3.3465, -1.4941 1.437 3.3465, -0.8752 -1.0039 0.7874, -0.8753 1.0236 0.7874, -0.4987 -1.0039 0.7874, -0.4987 1.0236 0.7874, -0.1555 -1.2402 0.7874, -0.4987 -1.1614 0.7874, -0.8752 -1.1614 0.7874, -1.2579 -1.2402 0.7874, -1.2579 1.437 0.7874, -0.1555 1.437 0.7874, -0.4987 1.1811 0.7874, -0.8753 1.1811 0.7874, -0.1555 1.437 1.7323, 0.1201 1.437 1.7323, -1.2579 1.6339 1.7323, -1.2579 1.437 1.7323, -1.2579 1.6339 0.7874, -1.5335 1.437 1.7323, -1.5335 1.6339 1.7323, -1.2535 -1.2402 0.4808, -1.2186 -1.437 0.4901, -1.3113 -1.2402 0.4734, -1.3113 -1.437 0.4732, -1.3169 -1.2402 0.4727, -1.3366 -1.437 0.4724, -1.3366 -1.2402 0.4724, -1.1275 -1.2402 0.5326, -1.1267 -1.437 0.5311, -1.1778 -1.2402 0.505, -1.2192 -1.2402 0.4918, -1.1022 -1.2402 0.5464, -1.0263 -1.2402 0.6078, -1.0122 -1.437 0.6217, -0.9578 -1.2402 0.6828, -1.013 -1.2402 0.6224, -1.3169 1.6339 0.4724, -1.4744 1.6339 0.4724, -1.5335 1.6339 0.7874, -1.4154 -1.2402 0.4724, -1.4744 -1.2402 0.4724, -1.4154 -1.437 0.4724
            ]
        }
        coordIndex [
            0,1,2,-1,2,1,3,-1,2,3,4,-1,4,3,5,-1,6,7,8,-1,8,7,9,-1,8,9,10,-1,10,9,11,-1,10,11,12,-1,12,11,13,-1,12,13,14,-1,14,13,15,-1,14,15,16,-1,16,15,17,-1,16,17,18,-1,18,17,19,-1,19,17,20,-1,19,20,21,-1,21,20,22,-1,21,22,23,-1,23,22,24,-1,23,24,25,-1,25,24,26,-1,25,26,27,-1,27,26,28,-1,27,28,29,-1,29,28,30,-1,29,30,31,-1,31,30,32,-1,31,32,33,-1,33,32,34,-1,6,35,1,-1,0,36,37,-1,38,7,37,-1,37,7,6,-1,37,6,0,-1,0,6,1,-1,39,40,41,-1,41,40,42,-1,40,43,42,-1,42,43,44,-1,42,44,45,-1,45,44,46,-1,47,48,43,-1,43,48,44,-1,48,47,49,-1,50,48,51,-1,51,48,49,-1,51,49,52,-1,52,49,53,-1,52,53,54,-1,49,55,56,-1,57,58,59,-1,60,61,62,-1,62,61,63,-1,64,65,66,-1,66,65,67,-1,66,67,60,-1,60,67,68,-1,60,68,61,-1,69,57,70,-1,70,57,59,-1,70,59,71,-1,71,59,72,-1,71,72,73,-1,73,72,74,-1,73,74,75,-1,75,74,76,-1,75,76,77,-1,77,76,78,-1,77,78,64,-1,64,78,79,-1,64,79,65,-1,63,61,80,-1,80,61,54,-1,80,54,56,-1,56,54,53,-1,56,53,49,-1,81,82,83,-1,84,39,41,-1,84,83,85,-1,85,83,86,-1,85,86,87,-1,84,41,83,-1,83,41,88,-1,83,88,81,-1,89,90,91,-1,91,90,92,-1,93,94,95,-1,95,94,96,-1,95,96,92,-1,92,96,97,-1,92,97,91,-1,98,99,100,-1,101,102,103,-1,103,102,98,-1,103,98,104,-1,104,98,100,-1,98,105,99,-1,99,105,106,-1,99,106,107,-1,107,106,108,-1,107,108,109,-1,108,110,109,-1,109,110,111,-1,109,111,112,-1,112,111,113,-1,112,113,114,-1,114,113,115,-1,114,115,116,-1,116,115,117,-1,116,117,118,-1,93,95,119,-1,119,95,120,-1,119,120,121,-1,121,120,122,-1,121,122,123,-1,123,122,118,-1,123,118,124,-1,124,118,117,-1,124,117,125,-1,126,127,128,-1,129,101,130,-1,130,101,103,-1,130,103,104,-1,130,131,129,-1,129,131,132,-1,129,132,133,-1,133,132,134,-1,133,134,135,-1,135,134,136,-1,135,136,137,-1,137,136,138,-1,137,138,139,-1,139,138,126,-1,139,126,140,-1,140,126,128,-1,130,141,86,-1,142,143,52,-1,52,143,144,-1,130,86,131,-1,52,145,51,-1,51,145,146,-1,51,146,83,-1,83,146,147,-1,83,147,86,-1,86,147,127,-1,144,148,52,-1,52,148,149,-1,52,149,150,-1,150,151,52,-1,52,151,152,-1,52,152,145,-1,127,126,86,-1,86,126,138,-1,86,138,136,-1,136,134,86,-1,86,134,132,-1,86,132,131,-1,153,87,86,-1,154,155,156,-1,141,156,86,-1,86,156,157,-1,86,157,158,-1,158,159,86,-1,86,159,160,-1,86,160,153,-1,141,161,156,-1,156,161,162,-1,156,162,154,-1,154,162,163,-1,164,84,85,-1,165,166,167,-1,161,165,162,-1,162,165,167,-1,162,167,163,-1,163,167,168,-1,163,168,154,-1,154,168,169,-1,154,169,155,-1,155,169,170,-1,155,170,156,-1,156,170,171,-1,156,171,157,-1,159,172,160,-1,160,172,153,-1,171,173,157,-1,157,173,174,-1,157,174,158,-1,158,174,175,-1,158,175,159,-1,159,175,176,-1,159,176,172,-1,153,172,87,-1,87,172,177,-1,87,177,85,-1,85,177,178,-1,85,178,164,-1,141,179,180,-1,161,141,165,-1,165,141,181,-1,165,181,166,-1,120,95,179,-1,182,141,99,-1,99,141,130,-1,99,130,183,-1,183,130,104,-1,182,109,141,-1,141,109,112,-1,141,112,114,-1,114,184,141,-1,141,184,118,-1,141,118,179,-1,179,118,185,-1,179,185,120,-1,180,186,141,-1,141,186,187,-1,141,187,181,-1,181,187,188,-1,181,188,189,-1,189,190,181,-1,181,190,191,-1,181,191,192,-1,193,194,195,-1,191,196,192,-1,192,196,193,-1,192,193,197,-1,197,193,195,-1,198,199,200,-1,200,199,201,-1,200,201,90,-1,90,201,202,-1,90,202,92,-1,92,202,203,-1,92,203,95,-1,95,203,204,-1,95,204,179,-1,205,206,207,-1,205,207,208,-1,208,207,209,-1,208,209,210,-1,210,209,211,-1,210,211,212,-1,212,211,213,-1,212,213,214,-1,214,213,215,-1,214,215,216,-1,216,215,217,-1,217,215,218,-1,217,218,219,-1,219,218,220,-1,219,220,221,-1,221,220,222,-1,221,222,223,-1,223,222,224,-1,223,224,225,-1,199,198,226,-1,226,198,227,-1,226,227,228,-1,228,227,229,-1,228,229,225,-1,225,229,230,-1,225,230,223,-1,231,232,233,-1,233,232,234,-1,235,236,237,-1,237,236,238,-1,237,238,239,-1,239,238,240,-1,238,241,242,-1,242,241,243,-1,244,245,242,-1,242,245,246,-1,242,246,247,-1,243,248,242,-1,242,248,249,-1,242,249,250,-1,250,251,242,-1,242,251,252,-1,242,252,244,-1,232,240,234,-1,234,240,238,-1,234,238,253,-1,253,238,242,-1,253,242,254,-1,254,242,247,-1,255,256,257,-1,232,258,240,-1,240,258,259,-1,240,259,257,-1,257,259,260,-1,257,260,255,-1,261,262,263,-1,263,262,264,-1,263,264,265,-1,265,264,266,-1,265,266,267,-1,267,266,268,-1,267,268,269,-1,269,268,270,-1,269,270,271,-1,271,270,272,-1,271,272,273,-1,274,258,275,-1,272,276,273,-1,273,276,277,-1,273,277,278,-1,278,277,279,-1,278,279,275,-1,275,279,280,-1,275,280,274,-1,274,280,281,-1,274,281,260,-1,262,261,282,-1,282,261,283,-1,284,285,286,-1,287,288,289,-1,289,288,290,-1,289,290,291,-1,291,290,292,-1,291,292,283,-1,283,292,282,-1,293,294,295,-1,295,294,296,-1,295,296,297,-1,297,296,298,-1,297,298,287,-1,287,298,299,-1,287,299,288,-1,295,300,293,-1,293,300,301,-1,293,301,286,-1,286,301,302,-1,286,302,284,-1,284,302,303,-1,304,305,200,-1,306,307,308,-1,308,307,285,-1,285,309,308,-1,308,309,303,-1,308,303,305,-1,305,303,310,-1,305,310,200,-1,311,219,312,-1,312,219,313,-1,313,223,312,-1,312,223,314,-1,312,314,229,-1,212,214,312,-1,312,214,216,-1,312,216,311,-1,310,205,200,-1,200,205,208,-1,200,208,312,-1,312,208,315,-1,312,315,212,-1,229,227,312,-1,312,227,198,-1,312,198,200,-1,90,89,200,-1,200,89,316,-1,200,316,304,-1,206,205,317,-1,317,205,310,-1,318,319,320,-1,320,319,321,-1,322,323,319,-1,319,323,321,-1,323,322,324,-1,324,322,325,-1,324,325,326,-1,326,325,327,-1,328,326,329,-1,329,326,327,-1,330,331,332,-1,332,331,333,-1,334,18,335,-1,335,18,33,-1,335,33,336,-1,336,33,337,-1,336,337,330,-1,330,337,338,-1,330,338,331,-1,335,332,334,-1,334,332,333,-1,334,333,339,-1,339,333,340,-1,339,340,338,-1,338,340,341,-1,338,341,331,-1,342,5,339,-1,339,5,3,-1,4,5,343,-1,343,5,342,-1,344,345,346,-1,346,345,338,-1,347,345,348,-1,348,345,344,-1,349,350,351,-1,351,350,352,-1,351,352,353,-1,353,352,354,-1,353,354,355,-1,356,357,358,-1,358,357,350,-1,358,350,359,-1,359,350,349,-1,356,360,357,-1,357,360,361,-1,357,361,362,-1,33,34,363,-1,363,34,362,-1,363,362,364,-1,364,362,361,-1,337,353,338,-1,338,353,365,-1,338,365,346,-1,365,366,346,-1,346,366,367,-1,346,367,344,-1,344,367,348,-1,368,369,366,-1,365,353,355,-1,354,370,355,-1,355,370,368,-1,355,368,365,-1,365,368,366,-1,
        ]
    }
}
Shape{
    appearance Appearance {
        material  Material 	{
            diffuseColor 1.0 1.0 1.0
            specularColor 0.5019607843137255 0.5019607843137255 0.5019607843137255
            ambientIntensity 1.0
            transparency 0.0
            shininess 0.5
        }
    }
    geometry IndexedFaceSet {
        ccw TRUE
        solid FALSE
        coord DEF co Coordinate {
            point [
                -1.9469 -0.7782 5.7087, -1.9438 -0.7763 5.7162, -1.9437 -0.7765 4.6457, -1.8514 -0.6922 4.6457, -1.8923 -0.7401 4.6457, -1.8517 -0.6919 5.7651, -1.8927 -0.7396 5.844, -1.884 -0.7321 5.8658, -1.9131 -0.7571 5.7931, -2.0024 -0.7993 5.7087, -2.0024 -0.7993 4.6457, -2.065 -0.8071 5.7087, -2.065 -0.8071 4.6457, -2.1275 -0.7993 5.7087, -2.1275 -0.7993 4.6457, -2.1831 -0.7782 5.7087, -2.2709 -0.7031 5.7931, -2.2376 -0.7401 4.6457, -2.2779 -0.6918 5.7649, -2.2785 -0.6922 4.6457, -2.292 -0.6693 5.7087, -2.1861 -0.7763 5.7162, -2.1862 -0.7765 4.6457, -2.2169 -0.7571 5.7931, -2.2372 -0.7396 5.844, -2.2459 -0.7321 5.8658, -2.3065 -0.6357 5.7087, -2.3065 -0.6357 4.6457, -2.3198 -0.5741 5.7087, -2.3198 -0.5741 4.6457, -2.3209 -0.5512 4.6457, -2.3209 -0.5512 5.7087, -1.8091 -0.5512 5.7087, -1.8091 -0.5512 4.6457, -1.8101 -0.5741 5.7087, -1.8101 -0.5741 4.6457, -1.8234 -0.6357 5.7087, -1.8234 -0.6357 4.6457, -1.8379 -0.6693 5.7087, -1.849 -0.6885 5.7566, -2.2782 -0.4105 5.7651, -2.2785 -0.4102 4.6457, -2.2376 -0.3623 4.6457, -1.8694 -0.3861 5.826, -1.884 -0.3702 5.8658, -1.8929 -0.3631 5.8434, -1.8101 -0.5282 4.6457, -1.8101 -0.5282 5.7087, -1.8234 -0.4667 4.6457, -1.8234 -0.4667 5.7087, -1.8514 -0.4102 4.6457, -1.8379 -0.4331 5.7087, -1.8527 -0.4111 5.7637, -1.8923 -0.3623 4.6457, -1.9277 -0.3352 5.7566, -1.9437 -0.3258 4.6457, -1.9438 -0.3259 5.7164, -1.9665 -0.315 4.6457, -1.9469 -0.3242 5.7087, -2.0029 -0.3047 4.6449, -2.0024 -0.303 5.7087, -2.0253 -0.2983 4.6445, -2.065 -0.2953 5.7087, -2.1482 -0.3092 4.6455, -2.1271 -0.3047 4.6451, -2.1275 -0.303 5.7087, -2.0867 -0.2962 4.6442, -2.065 -0.2969 4.6443, -2.1634 -0.315 4.6457, -2.1831 -0.3242 5.7087, -2.1862 -0.3258 4.6457, -2.186 -0.3261 5.7161, -2.2459 -0.3702 5.8658, -2.2375 -0.3625 5.8446, -2.23 -0.3556 5.826, -2.2809 -0.4139 5.7566, -2.292 -0.4331 5.7087, -2.3065 -0.4667 4.6457, -2.3065 -0.4667 5.7087, -2.3198 -0.5282 4.6457, -2.3198 -0.5282 5.7087, -2.2618 -0.3543 5.9055, -2.2618 0.0787 5.9055, -2.1831 0.0787 5.7087, -1.9469 0.0787 5.7087, -1.8681 0.0787 5.9055, -1.8681 -0.3543 5.9055, -2.5965 0.0787 5.9055, -2.5965 -0.3543 5.9055, -2.5965 -0.4331 5.7087, -2.5965 -0.6693 5.7087, -2.5965 -0.748 5.9055, -2.2618 -0.748 5.9055, -2.2709 -0.7031 5.7931, -2.5965 -0.9843 5.9055, -2.2618 -0.9843 5.9055, -2.1831 -0.9843 5.7087, -2.2169 -0.7571 5.7931, -1.9469 -0.9843 5.7087, -1.8681 -0.9843 5.9055, -1.9131 -0.7571 5.7931, -1.8681 -0.748 5.9055
            ]
        }
        coordIndex [
            0,1,2,-1,3,4,5,-1,5,4,6,-1,5,6,7,-1,2,1,4,-1,4,1,8,-1,4,8,6,-1,0,2,9,-1,9,2,10,-1,9,10,11,-1,11,10,12,-1,11,12,13,-1,13,12,14,-1,13,14,15,-1,16,17,18,-1,18,17,19,-1,18,19,20,-1,15,14,21,-1,21,14,22,-1,21,22,23,-1,23,22,17,-1,23,17,24,-1,24,17,16,-1,24,16,25,-1,20,19,26,-1,26,19,27,-1,26,27,28,-1,27,29,28,-1,28,29,30,-1,28,30,31,-1,32,33,34,-1,34,33,35,-1,34,35,36,-1,36,35,37,-1,36,37,38,-1,38,37,3,-1,38,3,39,-1,39,3,5,-1,40,41,42,-1,43,44,45,-1,33,32,46,-1,46,32,47,-1,46,47,48,-1,48,47,49,-1,48,49,50,-1,50,49,51,-1,43,45,52,-1,51,52,50,-1,50,52,45,-1,50,45,53,-1,53,45,54,-1,53,54,55,-1,55,54,56,-1,55,56,57,-1,57,56,58,-1,57,58,59,-1,59,58,60,-1,59,60,61,-1,61,60,62,-1,63,64,65,-1,65,64,66,-1,65,66,62,-1,62,66,67,-1,62,67,61,-1,63,65,68,-1,68,65,69,-1,68,69,70,-1,70,69,71,-1,70,71,42,-1,72,40,73,-1,73,40,42,-1,73,42,74,-1,74,42,71,-1,40,75,41,-1,41,75,76,-1,41,76,77,-1,77,76,78,-1,77,78,79,-1,78,80,79,-1,79,80,31,-1,79,31,30,-1,81,72,82,-1,82,72,73,-1,69,83,71,-1,71,83,82,-1,71,82,74,-1,74,82,73,-1,84,58,56,-1,84,56,85,-1,44,86,45,-1,45,86,85,-1,45,85,54,-1,54,85,56,-1,69,65,83,-1,83,65,62,-1,83,62,84,-1,84,62,60,-1,84,60,58,-1,82,87,81,-1,81,87,88,-1,88,89,76,-1,72,81,40,-1,40,81,88,-1,40,88,75,-1,75,88,76,-1,78,76,89,-1,90,20,26,-1,26,28,90,-1,90,28,31,-1,90,31,89,-1,89,31,80,-1,89,80,78,-1,91,92,25,-1,20,90,18,-1,18,90,91,-1,18,91,93,-1,93,91,25,-1,94,95,91,-1,91,95,92,-1,96,15,21,-1,96,21,95,-1,25,92,24,-1,24,92,95,-1,24,95,97,-1,97,95,21,-1,0,9,98,-1,98,9,11,-1,98,11,96,-1,96,11,13,-1,96,13,15,-1,0,98,1,-1,1,98,99,-1,1,99,100,-1,101,7,99,-1,99,7,6,-1,99,6,100,-1,
        ]
    }
}
Shape{
    appearance Appearance {
        material  Material 	{
            diffuseColor 0.2235294117647059 0.2235294117647059 0.2235294117647059
            specularColor 0.11372549019607843 0.11372549019607843 0.11372549019607843
            ambientIntensity 0.2235
            transparency 0.0
            shininess 0.5
        }
    }
    geometry IndexedFaceSet {
        ccw TRUE
        solid FALSE
        coord DEF co Coordinate {
            point [
                -1.5335 -0.2962 4.6442, -1.5335 -0.315 4.6457, -1.9665 -0.315 4.6457, -2.0029 -0.3047 4.6449, -2.0253 -0.2983 4.6445, -2.065 -0.2969 4.6443, -2.0867 -0.2962 4.6442, -2.4193 -0.315 4.6457, -2.4193 -0.2962 4.6442, -2.1271 -0.3047 4.6451, -2.1482 -0.3092 4.6455, -2.1634 -0.315 4.6457, -1.5335 -0.2681 4.636, -2.4193 -0.2681 4.636, -1.5335 -0.2429 4.6211, -2.4193 -0.2429 4.6211, -1.5335 -0.2221 4.6005, -2.4193 -0.2221 4.6005, -1.5335 -0.207 4.5755, -2.4193 -0.207 4.5755, -1.5335 -0.1985 4.5475, -2.4193 -0.1985 4.5475, -1.5335 -0.1968 4.5276, -2.4193 -0.1968 4.5276, -2.2785 -0.6922 4.6457, -2.2376 -0.7401 4.6457, -2.4193 -0.9843 4.6457, -2.1862 -0.7765 4.6457, -2.1275 -0.7993 4.6457, -2.065 -0.8071 4.6457, -1.6122 -0.9843 4.6457, -2.0024 -0.7993 4.6457, -1.8514 -0.6922 4.6457, -1.5335 -0.9055 4.6457, -1.8923 -0.7401 4.6457, -1.5353 -0.9224 4.6457, -1.541 -0.9392 4.6457, -2.2376 -0.3623 4.6457, -2.1862 -0.3258 4.6457, -2.2785 -0.4102 4.6457, -2.3065 -0.4667 4.6457, -2.3198 -0.5282 4.6457, -1.5504 -0.9543 4.6457, -1.5629 -0.9669 4.6457, -1.5778 -0.9764 4.6457, -1.8101 -0.5282 4.6457, -1.8234 -0.4667 4.6457, -1.8514 -0.4102 4.6457, -1.8923 -0.3623 4.6457, -1.9437 -0.3258 4.6457, -1.9437 -0.7765 4.6457, -1.5946 -0.9823 4.6457, -1.8234 -0.6357 4.6457, -1.8101 -0.5741 4.6457, -1.8091 -0.5512 4.6457, -2.3209 -0.5512 4.6457, -2.3198 -0.5741 4.6457, -2.3065 -0.6357 4.6457
            ]
        }
        coordIndex [
            0,1,2,-1,2,3,0,-1,0,3,4,-1,0,4,5,-1,6,7,8,-1,6,9,7,-1,7,9,10,-1,7,10,11,-1,5,6,0,-1,0,6,8,-1,0,8,12,-1,12,8,13,-1,12,13,14,-1,14,13,15,-1,14,15,16,-1,16,15,17,-1,16,17,18,-1,18,17,19,-1,18,19,20,-1,20,19,21,-1,20,21,22,-1,22,21,23,-1,24,25,26,-1,26,25,27,-1,27,28,26,-1,26,28,29,-1,26,29,30,-1,30,29,31,-1,32,33,34,-1,34,33,35,-1,34,35,36,-1,37,7,38,-1,38,7,11,-1,37,39,7,-1,7,39,40,-1,7,40,41,-1,36,42,34,-1,34,42,43,-1,34,43,44,-1,45,46,1,-1,1,46,47,-1,47,48,1,-1,1,48,49,-1,1,49,2,-1,31,50,30,-1,30,50,34,-1,30,34,51,-1,51,34,44,-1,32,52,33,-1,33,52,53,-1,33,53,1,-1,1,53,54,-1,1,54,45,-1,41,55,7,-1,7,55,56,-1,7,56,26,-1,26,56,57,-1,26,57,24,-1,
        ]
    }
}
Shape{
    appearance Appearance {
        material  Material 	{
            diffuseColor 1.0 1.0 1.0
            specularColor 0.5019607843137255 0.5019607843137255 0.5019607843137255
            ambientIntensity 1.0
            transparency 0.0
            shininess 0.5
        }
    }
    geometry IndexedFaceSet {
        ccw TRUE
        solid FALSE
        coord DEF co Coordinate {
            point [
                -1.5353 -0.9224 4.6457, -1.5335 -0.9055 4.6457, -1.5335 -0.9055 5.9055, -1.5353 -0.9224 5.9055, -1.541 -0.9392 5.9055, -1.541 -0.9392 4.6457, -1.5504 -0.9543 5.9055, -1.5504 -0.9543 4.6457, -1.5629 -0.9669 5.9055, -1.5629 -0.9669 4.6457, -1.5778 -0.9764 5.9055, -1.5778 -0.9764 4.6457, -1.5946 -0.9823 5.9055, -1.5946 -0.9823 4.6457, -1.6122 -0.9843 5.9055, -1.6122 -0.9843 4.6457, -1.5335 -0.748 5.9055, -1.8681 -0.748 5.9055, -1.8681 -0.9843 5.9055, -1.5335 -0.6693 5.7087, -1.8379 -0.6693 5.7087, -1.884 -0.7321 5.8658, -1.8517 -0.6919 5.7651, -1.849 -0.6885 5.7566, -1.8234 -0.6357 5.7087, -1.5335 -0.4331 5.7087, -1.8379 -0.4331 5.7087, -1.8234 -0.4667 5.7087, -1.8101 -0.5282 5.7087, -1.8091 -0.5512 5.7087, -1.8101 -0.5741 5.7087, -1.5335 -0.3543 5.9055, -1.8681 -0.3543 5.9055, -1.884 -0.3702 5.8658, -1.8527 -0.4111 5.7637, -1.8694 -0.3861 5.826, -1.5335 0.0787 5.9055, -1.8681 0.0787 5.9055, -1.9469 0.0787 5.7087, -1.5335 0.0787 5.4094, -2.1831 0.0787 5.7087, -2.5965 0.0787 5.4094, -2.2618 0.0787 5.9055, -2.5965 0.0787 5.9055, -2.5965 0.1575 5.2835, -1.5335 0.1575 5.2835
            ]
        }
        coordIndex [
            0,1,2,-1,2,3,0,-1,0,3,4,-1,0,4,5,-1,5,4,6,-1,5,6,7,-1,7,6,8,-1,7,8,9,-1,9,8,10,-1,9,10,11,-1,11,10,12,-1,11,12,13,-1,13,12,14,-1,13,14,15,-1,3,2,14,-1,16,17,2,-1,2,17,18,-1,2,18,14,-1,10,8,6,-1,14,12,3,-1,3,12,10,-1,3,10,4,-1,4,10,6,-1,16,19,20,-1,21,17,22,-1,22,17,16,-1,22,16,23,-1,23,16,20,-1,24,20,19,-1,25,26,27,-1,27,28,25,-1,25,28,29,-1,25,29,19,-1,19,29,30,-1,19,30,24,-1,31,32,33,-1,26,25,34,-1,34,25,31,-1,34,31,35,-1,35,31,33,-1,36,37,31,-1,31,37,32,-1,37,36,38,-1,38,36,39,-1,38,39,40,-1,40,39,41,-1,40,41,42,-1,42,41,43,-1,41,39,44,-1,44,39,45,-1,
        ]
    }
}
Shape{
    appearance Appearance {
        material  Material 	{
            diffuseColor 0.6666666666666666 0.6980392156862745 0.7686274509803922
            specularColor 0.3333333333333333 0.34901960784313724 0.3843137254901961
            ambientIntensity 0.6967
            transparency 0.0
            shininess 0.5
        }
    }
    geometry IndexedFaceSet {
        ccw TRUE
        solid FALSE
        coord DEF co Coordinate {
            point [
                -1.9075 -1.2402 0.1575, -2.2224 -1.2402 0.1575, -1.9075 -2.0669 0.1575, -2.2224 -2.0669 0.1575, -1.9075 -2.0669 0.0, -2.2224 -2.0669 0.0, -2.2224 -1.2402 0.0, -1.9075 -1.2402 0.0, -2.2224 1.2598 0.1575, -1.9075 1.2598 0.1575, -2.2224 2.0669 0.1575, -1.9075 2.0669 0.1575, -1.9075 1.2598 0.0, -2.2224 1.2598 0.0, -1.9075 2.0669 0.0, -2.2224 2.0669 0.0
            ]
        }
        coordIndex [
            0,1,2,-1,2,1,3,-1,2,3,4,-1,4,3,5,-1,6,7,5,-1,5,7,4,-1,8,9,10,-1,10,9,11,-1,12,13,14,-1,14,13,15,-1,14,15,11,-1,11,15,10,-1,
        ]
    }
}
Shape{
    appearance Appearance {
        material  Material 	{
            diffuseColor 1.0 1.0 1.0
            specularColor 0.5019607843137255 0.5019607843137255 0.5019607843137255
            ambientIntensity 1.0
            transparency 0.0
            shininess 0.5
        }
    }
    geometry IndexedFaceSet {
        ccw TRUE
        solid FALSE
        coord DEF co Coordinate {
            point [
                -2.5965 0.0787 5.4094, -2.5965 0.1575 5.2835, -2.5965 0.1575 4.2126, -2.5965 -0.4331 5.7087, -2.5965 -0.3543 5.9055, -2.5965 0.0787 5.9055, -2.5965 -0.6693 5.7087, -2.5965 -0.9843 4.2126, -2.5965 -0.748 5.9055, -2.5965 -0.9843 5.9055, -2.4193 -0.9843 4.6457, -2.4193 -0.9843 4.2126, -2.2618 -0.9843 5.9055, -2.1831 -0.9843 5.7087, -1.9469 -0.9843 5.7087, -1.6122 -0.9843 4.6457, -1.8681 -0.9843 5.9055, -1.6122 -0.9843 5.9055
            ]
        }
        coordIndex [
            0,1,2,-1,3,4,5,-1,5,0,3,-1,3,0,2,-1,3,2,6,-1,6,2,7,-1,6,7,8,-1,8,7,9,-1,9,7,10,-1,10,7,11,-1,12,9,13,-1,13,9,10,-1,13,10,14,-1,14,10,15,-1,14,15,16,-1,16,15,17,-1,
        ]
    }
}
Shape{
    appearance Appearance {
        material  Material 	{
            diffuseColor 0.2235294117647059 0.2235294117647059 0.2235294117647059
            specularColor 0.11372549019607843 0.11372549019607843 0.11372549019607843
            ambientIntensity 0.2235
            transparency 0.0
            shininess 0.5
        }
    }
    geometry IndexedFaceSet {
        ccw TRUE
        solid FALSE
        coord DEF co Coordinate {
            point [
                -2.4193 -0.315 4.6457, -2.4193 -0.9843 4.6457, -2.4193 -0.9843 4.2126, -2.4193 -0.1968 4.2126, -2.4193 -0.1968 4.5276, -2.4193 -0.2962 4.6442, -2.4193 -0.1985 4.5475, -2.4193 -0.207 4.5755, -2.4193 -0.2221 4.6005, -2.4193 -0.2681 4.636, -2.4193 -0.2429 4.6211, -1.5335 -0.1968 4.5276, -1.5335 -0.1968 4.2126
            ]
        }
        coordIndex [
            0,1,2,-1,2,3,0,-1,0,3,4,-1,0,4,5,-1,5,4,6,-1,6,7,5,-1,5,7,8,-1,5,8,9,-1,9,8,10,-1,4,3,11,-1,11,3,12,-1,
        ]
    }
}
Shape{
    appearance Appearance {
        material  Material 	{
            diffuseColor 1.0 1.0 1.0
            specularColor 0.5019607843137255 0.5019607843137255 0.5019607843137255
            ambientIntensity 1.0
            transparency 0.0
            shininess 0.5
        }
    }
    geometry IndexedFaceSet {
        ccw TRUE
        solid FALSE
        coord DEF co Coordinate {
            point [
                -1.5335 -0.1968 4.5276, -1.5335 -0.1968 4.2126, -1.5335 0.1575 4.2126, -1.5335 0.0787 5.9055, -1.5335 -0.3543 5.9055, -1.5335 0.0787 5.4094, -1.5335 -0.4331 5.7087, -1.5335 0.1575 5.2835, -1.5335 -0.2962 4.6442, -1.5335 -0.2681 4.636, -1.5335 -0.2429 4.6211, -1.5335 -0.748 5.9055, -1.5335 -0.9055 5.9055, -1.5335 -0.6693 5.7087, -1.5335 -0.9055 4.6457, -1.5335 -0.315 4.6457, -1.5335 -0.2221 4.6005, -1.5335 -0.207 4.5755, -1.5335 -0.1985 4.5475
            ]
        }
        coordIndex [
            0,1,2,-1,3,4,5,-1,5,4,6,-1,5,6,7,-1,7,6,2,-1,8,9,6,-1,6,9,10,-1,11,12,13,-1,13,12,14,-1,13,14,6,-1,6,14,15,-1,6,15,8,-1,10,16,6,-1,6,16,17,-1,6,17,2,-1,2,17,18,-1,2,18,0,-1,
        ]
    }
}
Shape{
    appearance Appearance {
        material  Material 	{
            diffuseColor 0.2235294117647059 0.2235294117647059 0.2235294117647059
            specularColor 0.11372549019607843 0.11372549019607843 0.11372549019607843
            ambientIntensity 0.2235
            transparency 0.0
            shininess 0.5
        }
    }
    geometry IndexedFaceSet {
        ccw TRUE
        solid FALSE
        coord DEF co Coordinate {
            point [
                -1.5335 0.1575 5.2835, -1.5335 0.1575 4.2126, -2.5965 0.1575 5.2835, -2.5965 0.1575 4.2126, -1.6973 0.3013 4.5285, -1.6973 0.3057 4.5148, -2.4326 0.3057 4.5148, -2.4326 0.3013 4.5285, -2.4326 0.2937 4.5413, -1.6973 0.2937 4.5413, -2.4326 0.2834 4.552, -1.6973 0.2834 4.552, -2.4326 0.2709 4.5602, -1.6973 0.2709 4.5602, -2.4326 0.2569 4.5652, -1.6973 0.2569 4.5652, -2.4326 0.2421 4.5669, -1.6973 0.2421 4.5669, -1.5984 0.3661 4.2126, -1.5984 1.1181 4.2126, -2.5315 0.3661 4.2126, -2.5315 1.1181 4.2126
            ]
        }
        coordIndex [
            0,1,2,-1,2,1,3,-1,4,5,6,-1,6,7,4,-1,4,7,8,-1,4,8,9,-1,9,8,10,-1,9,10,11,-1,11,10,12,-1,11,12,13,-1,13,12,14,-1,13,14,15,-1,15,14,16,-1,15,16,17,-1,18,19,20,-1,20,19,21,-1,
        ]
    }
}
Shape{
    appearance Appearance {
        material  Material 	{
            diffuseColor 0.6666666666666666 0.6980392156862745 0.7686274509803922
            specularColor 0.3333333333333333 0.34901960784313724 0.3843137254901961
            ambientIntensity 0.6967
            transparency 0.0
            shininess 0.5
        }
    }
    geometry IndexedFaceSet {
        ccw TRUE
        solid FALSE
        coord DEF co Coordinate {
            point [
                -1.9075 -1.2402 0.0, -2.2224 -1.2402 0.0, -2.2224 -1.1876 0.0059, -1.9075 -1.1876 0.0059, -2.2224 -1.1377 0.0234, -1.9075 -1.1377 0.0234, -2.2224 -1.0929 0.0515, -1.9075 -1.0929 0.0515, -2.2224 -1.0555 0.0889, -1.9075 -1.0555 0.0889, -2.2224 -1.0273 0.1337, -1.9075 -1.0273 0.1337, -2.2224 -1.0099 0.1837, -1.9075 -1.0099 0.1837, -2.2224 -1.0039 0.2362, -1.9075 -1.0039 0.2362, -1.9075 -2.0669 0.1575, -1.9075 -2.0669 0.0, -1.9075 -1.2402 0.1575, -1.9075 -1.2226 0.1595, -1.9075 -1.206 0.1653, -1.9075 -1.1911 0.1747, -1.9075 -1.1786 0.1871, -1.9075 -1.1692 0.2021, -1.9075 -1.1634 0.2187, -1.9075 -1.1614 0.2362, -1.9075 -1.1614 0.6114, -1.9075 -1.0039 0.6114, -2.2224 -1.1614 0.2362, -2.2224 -1.1634 0.2187, -2.2224 -1.1692 0.2021, -2.2224 -1.1786 0.1871, -2.2224 -1.1911 0.1747, -2.2224 -1.206 0.1653, -2.2224 -1.2226 0.1595, -2.2224 -1.2402 0.1575, -2.2224 -1.1614 0.6114, -2.2224 -1.0039 0.6114, -2.2224 -2.0669 0.1575, -2.2224 -2.0669 0.0, -1.9075 1.2598 0.1575, -2.2224 1.2598 0.1575, -1.9075 1.2423 0.1595, -2.2224 1.2423 0.1595, -1.9075 1.2257 0.1653, -2.2224 1.2257 0.1653, -1.9075 1.2107 0.1747, -2.2224 1.2107 0.1747, -1.9075 1.1983 0.1871, -2.2224 1.1983 0.1871, -1.9075 1.1889 0.2021, -2.2224 1.1889 0.2021, -1.9075 1.1831 0.2187, -2.2224 1.1831 0.2187, -1.9075 1.1811 0.2362, -2.2224 1.1811 0.2362, -1.9075 1.1811 0.6114, -1.9075 1.0236 0.6114, -1.9075 1.0236 0.2362, -1.9075 1.0295 0.1837, -1.9075 1.047 0.1337, -1.9075 1.0752 0.0889, -1.9075 1.1126 0.0515, -1.9075 1.1574 0.0234, -1.9075 1.2073 0.0059, -1.9075 1.2598 0.0, -1.9075 2.0669 0.1575, -1.9075 2.0669 0.0, -2.2224 1.0236 0.2362, -2.2224 1.0295 0.1837, -2.2224 1.047 0.1337, -2.2224 1.0752 0.0889, -2.2224 1.1126 0.0515, -2.2224 1.1574 0.0234, -2.2224 1.2073 0.0059, -2.2224 1.2598 0.0, -2.2224 2.0669 0.1575, -2.2224 2.0669 0.0, -2.2224 1.1811 0.6114, -2.2224 1.0236 0.6114
            ]
        }
        coordIndex [
            0,1,2,-1,0,2,3,-1,3,2,4,-1,3,4,5,-1,5,4,6,-1,5,6,7,-1,7,6,8,-1,7,8,9,-1,9,8,10,-1,9,10,11,-1,11,10,12,-1,11,12,13,-1,13,12,14,-1,13,14,15,-1,16,17,18,-1,18,17,0,-1,18,0,19,-1,19,0,3,-1,19,3,20,-1,20,3,5,-1,20,5,21,-1,21,5,7,-1,21,7,22,-1,22,7,9,-1,22,9,23,-1,23,9,11,-1,23,11,24,-1,24,11,13,-1,24,13,25,-1,25,13,15,-1,25,15,26,-1,26,15,27,-1,25,28,24,-1,24,28,29,-1,24,29,23,-1,23,29,30,-1,23,30,22,-1,22,30,31,-1,22,31,21,-1,21,31,32,-1,21,32,20,-1,20,32,33,-1,20,33,19,-1,19,33,34,-1,19,34,18,-1,18,34,35,-1,36,37,28,-1,28,37,14,-1,28,14,29,-1,29,14,12,-1,29,12,30,-1,30,12,10,-1,30,10,31,-1,31,10,8,-1,31,8,32,-1,32,8,6,-1,32,6,33,-1,33,6,4,-1,33,4,34,-1,34,4,2,-1,34,2,35,-1,35,2,1,-1,35,1,38,-1,38,1,39,-1,40,41,42,-1,42,41,43,-1,42,43,44,-1,44,43,45,-1,44,45,46,-1,46,45,47,-1,46,47,48,-1,48,47,49,-1,48,49,50,-1,50,49,51,-1,50,51,52,-1,52,51,53,-1,52,53,54,-1,54,53,55,-1,56,57,54,-1,54,57,58,-1,54,58,52,-1,52,58,59,-1,52,59,50,-1,50,59,60,-1,50,60,48,-1,48,60,61,-1,48,61,46,-1,46,61,62,-1,46,62,44,-1,44,62,63,-1,44,63,42,-1,42,63,64,-1,42,64,40,-1,40,64,65,-1,40,65,66,-1,66,65,67,-1,58,68,69,-1,58,69,59,-1,59,69,70,-1,59,70,60,-1,60,70,71,-1,60,71,61,-1,61,71,72,-1,61,72,62,-1,62,72,73,-1,62,73,63,-1,63,73,74,-1,63,74,64,-1,64,74,75,-1,64,75,65,-1,76,77,41,-1,41,77,75,-1,41,75,43,-1,43,75,74,-1,43,74,45,-1,45,74,73,-1,45,73,47,-1,47,73,72,-1,47,72,49,-1,49,72,71,-1,49,71,51,-1,51,71,70,-1,51,70,53,-1,53,70,69,-1,53,69,55,-1,55,69,68,-1,55,68,78,-1,78,68,79,-1,
        ]
    }
}
Shape{
    appearance Appearance {
        material  Material 	{
            diffuseColor 0.2235294117647059 0.2235294117647059 0.2235294117647059
            specularColor 0.11372549019607843 0.11372549019607843 0.11372549019607843
            ambientIntensity 0.2235
            transparency 0.0
            shininess 0.5
        }
    }
    geometry IndexedFaceSet {
        ccw TRUE
        solid FALSE
        coord DEF co Coordinate {
            point [
                -1.6497 0.3057 4.5148, -1.6973 0.3057 4.5148, -1.625 0.3057 5.3147, -1.6973 0.3057 5.2362, -1.6318 0.3057 5.3138, -1.6962 0.3057 5.2494, -1.6906 0.3057 5.268, -1.6807 0.3057 5.2846, -1.6503 0.3057 5.3083, -1.667 0.3057 5.2983, -2.3012 -1.0039 4.9213, -1.4941 -1.0039 4.9213, -2.3012 -1.0039 4.4882, -1.4941 -1.0039 4.2126, -2.6358 -1.0039 4.4882, -2.6358 -1.0039 4.2126, -2.3012 -1.0827 4.685, -2.6358 -1.0827 4.685, -2.3012 -1.0827 5.0, -2.6358 -1.0827 5.0, -1.5727 0.3389 4.3486, -1.5659 0.3476 4.3055, -1.5984 0.3661 4.2126, -2.5315 0.3661 4.2126, -2.564 0.3476 4.3055, -2.5572 0.3389 4.349, -2.5466 0.3308 4.3893, -2.5275 0.3163 4.4619, -2.5254 0.3155 4.4659, -2.5108 0.3099 4.4938, -2.4326 0.3057 4.5148, -1.6046 0.3155 4.4659, -1.6024 0.3163 4.4618, -1.5833 0.3308 4.3892, -2.4999 0.3074 4.5063, -2.4996 0.3074 4.5065, -2.4922 0.3063 4.5117, -1.6437 0.3059 4.514, -1.6377 0.3063 4.5117, -1.6304 0.3074 4.5065, -1.63 0.3074 4.5063, -1.6191 0.3099 4.4938, -2.4862 0.3059 4.514, -2.4802 0.3057 4.5148, -2.4326 0.3057 5.2362, -2.5049 0.3057 5.3147, -2.4944 0.3057 5.3131, -2.4345 0.3057 5.2532, -2.4775 0.3057 5.3073, -2.4623 0.3057 5.2978, -2.4497 0.3057 5.2852, -2.4403 0.3057 5.2701
            ]
        }
        coordIndex [
            0,1,2,-1,2,1,3,-1,2,3,4,-1,4,3,5,-1,5,6,4,-1,4,6,7,-1,4,7,8,-1,8,7,9,-1,10,11,12,-1,12,11,13,-1,12,13,14,-1,14,13,15,-1,12,14,16,-1,16,14,17,-1,16,17,18,-1,18,17,19,-1,20,21,22,-1,23,24,22,-1,22,24,25,-1,22,25,26,-1,26,27,22,-1,22,27,28,-1,22,28,29,-1,30,1,22,-1,22,1,0,-1,31,32,22,-1,22,32,33,-1,22,33,20,-1,29,34,22,-1,22,34,35,-1,22,35,36,-1,0,37,22,-1,22,37,38,-1,22,38,39,-1,39,40,22,-1,22,40,41,-1,22,41,31,-1,36,42,22,-1,22,42,43,-1,22,43,30,-1,44,30,43,-1,43,45,44,-1,44,45,46,-1,44,46,47,-1,47,46,48,-1,48,49,47,-1,47,49,50,-1,47,50,51,-1,
        ]
    }
}
Shape{
    appearance Appearance {
        material  Material 	{
            diffuseColor 1.0 1.0 1.0
            specularColor 0.5019607843137255 0.5019607843137255 0.5019607843137255
            ambientIntensity 1.0
            transparency 0.0
            shininess 0.5
        }
    }
    geometry IndexedFaceSet {
        ccw TRUE
        solid FALSE
        coord DEF co Coordinate {
            point [
                -1.5335 -0.1968 4.2126, -1.4941 -1.0039 4.2126, -1.4941 0.1772 4.2126, -2.4193 -0.1968 4.2126, -2.4193 -0.9843 4.2126, -2.6358 -1.0039 4.2126, -2.5965 -0.9843 4.2126, -2.6358 0.1772 4.2126, -2.5965 0.1575 4.2126, -1.5335 0.1575 4.2126
            ]
        }
        coordIndex [
            0,1,2,-1,0,3,1,-1,1,3,4,-1,1,4,5,-1,5,4,6,-1,5,6,7,-1,7,6,8,-1,7,8,2,-1,2,8,9,-1,2,9,0,-1,
        ]
    }
}
Shape{
    appearance Appearance {
        material  Material 	{
            diffuseColor 0.2235294117647059 0.2235294117647059 0.2235294117647059
            specularColor 0.11372549019607843 0.11372549019607843 0.11372549019607843
            ambientIntensity 0.2235
            transparency 0.0
            shininess 0.5
        }
    }
    geometry IndexedFaceSet {
        ccw TRUE
        solid FALSE
        coord DEF co Coordinate {
            point [
                -2.4326 0.1772 5.2362, -2.4326 0.1962 4.5479, -2.4326 0.2096 4.5582, -2.4326 0.2253 4.5647, -2.4326 0.2421 4.5669, -2.4326 0.3057 5.2362, -2.4326 0.1772 4.502, -2.4326 0.1794 4.5188, -2.4326 0.1859 4.5345, -2.4326 0.2569 4.5652, -2.4326 0.2709 4.5602, -2.4326 0.2834 4.552, -2.4326 0.2937 4.5413, -2.4326 0.3013 4.5285, -2.4326 0.3057 4.5148, -1.6973 0.2421 4.5669, -1.6973 0.2253 4.5647, -1.6973 0.2096 4.5582, -1.6973 0.1962 4.5479, -1.6973 0.1859 4.5345, -1.6973 0.1794 4.5188, -1.6973 0.1772 4.502, -1.6973 0.1772 5.2362, -1.6973 0.3057 4.5148, -1.6973 0.3013 4.5285, -1.6973 0.3057 5.2362, -1.6973 0.2937 4.5413, -1.6973 0.2834 4.552, -1.6973 0.2709 4.5602, -1.6973 0.2569 4.5652, -1.5984 0.3661 4.2126, -1.5072 1.0915 4.4733, -1.5984 1.1181 4.2126, -1.5279 1.1819 4.4141, -1.5483 1.247 4.3558, -1.4935 0.5952 4.5123, -1.4825 0.6679 4.5438, -1.4757 0.7777 4.5632, -1.4754 0.8071 4.5641, -1.548 0.373 4.3567, -1.5615 0.3526 4.318, -1.5646 0.3491 4.3093, -1.5659 0.3476 4.3055, -1.5477 0.3734 4.3576, -1.5405 0.3907 4.3781, -1.5023 0.5378 4.4874, -1.4801 0.9201 4.5507, -1.4956 1.0409 4.5064, -2.5315 1.1181 4.2126, -2.5816 1.247 4.3558, -2.623 1.0987 4.474, -2.564 0.3476 4.3055, -2.5315 0.3661 4.2126, -2.5652 0.3492 4.3089, -2.5791 0.3677 4.3486, -2.6241 1.0918 4.4773, -2.6451 0.9675 4.5371, -2.6536 0.8564 4.5616, -2.5894 0.3907 4.3781, -2.5878 0.3861 4.3736, -2.5816 0.3731 4.3558, -2.6545 0.8071 4.5641, -2.6498 0.6941 4.5507, -2.6371 0.595 4.5144, -2.6343 0.5732 4.5064, -2.602 0.4322 4.414, -1.607 1.399 4.5247, -1.6164 1.4073 4.5339, -1.5656 1.3052 4.4205, -1.5855 1.363 4.4847, -1.5894 1.3723 4.495, -1.5985 1.3861 4.5104, -1.6653 1.4334 4.5629, -1.6553 1.4309 4.5602, -1.639 1.4236 4.5521, -2.4374 1.437 4.5669, -2.4455 1.4367 4.5666, -2.4647 1.4337 4.5632, -2.4659 1.4335 4.563, -2.4852 1.4268 4.5556, -2.4908 1.4234 4.5518, -2.5066 1.414 4.5414, -1.6271 1.4168 4.5445, -1.6357 1.4222 4.5505, -1.6748 1.4357 4.5654, -1.6925 1.437 4.5669, -2.5135 1.4073 4.534, -2.5267 1.3945 4.5197, -2.5314 1.3862 4.5104, -2.5444 1.363 4.4847, -2.5643 1.3052 4.4205
            ]
        }
        coordIndex [
            0,1,2,-1,2,3,0,-1,0,3,4,-1,0,4,5,-1,6,7,0,-1,0,7,8,-1,0,8,1,-1,4,9,5,-1,5,9,10,-1,5,10,11,-1,11,12,5,-1,5,12,13,-1,5,13,14,-1,15,4,3,-1,15,3,16,-1,16,3,2,-1,16,2,17,-1,17,2,1,-1,17,1,18,-1,18,1,8,-1,18,8,19,-1,19,8,7,-1,19,7,20,-1,20,7,6,-1,20,6,21,-1,18,22,17,-1,17,22,16,-1,18,19,22,-1,22,19,20,-1,22,20,21,-1,23,24,25,-1,25,24,26,-1,25,26,27,-1,27,28,25,-1,25,28,29,-1,25,29,22,-1,22,29,15,-1,22,15,16,-1,30,31,32,-1,32,31,33,-1,32,33,34,-1,35,36,30,-1,30,36,37,-1,30,37,38,-1,39,35,40,-1,40,35,30,-1,40,30,41,-1,41,30,42,-1,39,43,35,-1,35,43,44,-1,35,44,45,-1,38,46,30,-1,30,46,47,-1,30,47,31,-1,48,49,50,-1,51,52,53,-1,53,52,48,-1,53,48,54,-1,50,55,48,-1,48,55,56,-1,48,56,57,-1,58,59,48,-1,48,59,60,-1,48,60,54,-1,57,61,48,-1,48,61,62,-1,48,62,63,-1,63,64,48,-1,48,64,65,-1,48,65,58,-1,66,67,48,-1,32,34,48,-1,48,34,68,-1,48,68,69,-1,69,70,48,-1,48,70,71,-1,48,71,66,-1,72,48,73,-1,73,48,74,-1,75,76,48,-1,48,76,77,-1,48,77,78,-1,78,79,48,-1,48,79,80,-1,48,80,81,-1,67,82,48,-1,48,82,83,-1,48,83,74,-1,72,84,48,-1,48,84,85,-1,48,85,75,-1,81,86,48,-1,48,86,87,-1,48,87,88,-1,88,89,48,-1,48,89,90,-1,48,90,49,-1,
        ]
    }
}
Shape{
    appearance Appearance {
        material  Material 	{
            diffuseColor 0.6666666666666666 0.6980392156862745 0.7686274509803922
            specularColor 0.3333333333333333 0.34901960784313724 0.3843137254901961
            ambientIntensity 0.6967
            transparency 0.0
            shininess 0.5
        }
    }
    geometry IndexedFaceSet {
        ccw TRUE
        solid FALSE
        coord DEF co Coordinate {
            point [
                -2.2224 -1.1614 0.6114, -2.2532 -1.1614 0.7874, -2.2224 -1.0039 0.6114, -2.2532 -1.0039 0.7874, -1.9075 -1.0039 0.2362, -2.2224 -1.0039 0.2362, -1.9075 -1.0039 0.6114, -1.8767 -1.0039 0.7874, -1.9075 -1.1614 0.6114, -1.8767 -1.1614 0.7874, -1.9075 -1.1614 0.2362, -2.2224 -1.1614 0.2362, -2.2224 1.0236 0.6114, -2.2532 1.0236 0.7874, -2.2224 1.1811 0.6114, -2.2532 1.1811 0.7874, -1.9075 1.1811 0.2362, -2.2224 1.1811 0.2362, -1.9075 1.1811 0.6114, -1.8767 1.1811 0.7874, -1.9075 1.0236 0.6114, -1.8767 1.0236 0.7874, -1.9075 1.0236 0.2362, -2.2224 1.0236 0.2362
            ]
        }
        coordIndex [
            0,1,2,-1,2,1,3,-1,4,5,6,-1,6,5,2,-1,6,2,7,-1,7,2,3,-1,6,7,8,-1,8,7,9,-1,9,1,8,-1,8,1,0,-1,8,0,10,-1,10,0,11,-1,12,13,14,-1,14,13,15,-1,16,17,18,-1,18,17,14,-1,18,14,19,-1,19,14,15,-1,18,19,20,-1,20,19,21,-1,21,13,20,-1,20,13,12,-1,20,12,22,-1,22,12,23,-1,
        ]
    }
}
Shape{
    appearance Appearance {
        material  Material 	{
            diffuseColor 0.2235294117647059 0.2235294117647059 0.2235294117647059
            specularColor 0.11372549019607843 0.11372549019607843 0.11372549019607843
            ambientIntensity 0.2235
            transparency 0.0
            shininess 0.5
        }
    }
    geometry IndexedFaceSet {
        ccw TRUE
        solid FALSE
        coord DEF co Coordinate {
            point [
                -1.9524 -1.2402 0.8674, -2.2618 -1.2402 0.7874, -1.9052 -1.2402 0.8328, -1.8681 -1.2402 0.7874, -2.065 -1.2402 0.8965, -2.1231 -1.2402 0.8891, -2.1775 -1.2402 0.8674, -2.0068 -1.2402 0.8891, -2.2247 -1.2402 0.8328, -1.8272 -1.2402 0.7262, -1.5335 -1.2402 0.7874, -1.4752 -1.2402 0.4769, -1.5136 -1.2402 0.4846, -1.6074 -1.2402 0.5211, -1.7027 -1.2402 0.5871, -2.5557 -1.2402 0.505, -2.5971 -1.2402 0.4918, -2.6358 -1.2402 0.7874, -2.3357 -1.2402 0.6828, -2.3909 -1.2402 0.6224, -2.4043 -1.2402 0.6078, -2.4802 -1.2402 0.5464, -2.5054 -1.2402 0.5326, -2.6315 -1.2402 0.4808, -2.6893 -1.2402 0.4734, -2.6949 -1.2402 0.4727, -1.6962 0.3057 5.2494, -1.6973 0.3057 5.2362, -1.6973 0.1772 5.2362, -1.6962 0.1772 5.2494, -1.6906 0.1772 5.268, -1.6906 0.3057 5.268, -1.6807 0.1772 5.2846, -1.6807 0.3057 5.2846, -1.667 0.1772 5.2983, -1.667 0.3057 5.2983, -1.6503 0.1772 5.3083, -1.6503 0.3057 5.3083, -1.6318 0.1772 5.3138, -1.6318 0.3057 5.3138, -1.6186 0.3058 5.315, -1.625 0.3057 5.3147, -1.6186 0.1926 5.315, -1.6186 0.1795 5.315, -1.6186 0.1772 5.315, -1.6113 0.3065 5.315, -1.6055 0.3079 5.315, -1.6437 0.3059 4.514, -1.5834 0.3133 5.315, -1.5785 0.3158 5.315, -1.63 0.3074 4.5063, -1.5598 0.3253 5.315, -1.5543 0.33 5.315, -1.6024 0.3163 4.4618, -1.5377 0.3441 5.315, -1.5338 0.3494 5.315, -1.5727 0.3389 4.3486, -1.519 0.3733 5.315, -1.5114 0.3913 5.315, -1.5405 0.3907 4.3781, -1.5477 0.3734 4.3576, -1.548 0.373 4.3567, -1.5229 0.3641 5.315, -1.5615 0.3526 4.318, -1.5646 0.3491 4.3093, -1.5659 0.3476 4.3055, -1.5833 0.3308 4.3892, -1.6191 0.3099 4.4938, -1.6046 0.3155 4.4659, -1.6377 0.3063 4.5117, -1.6304 0.3074 4.5065, -1.6497 0.3057 4.5148, -1.4825 0.6679 4.5438, -1.4935 0.5952 4.5123, -1.4685 0.5916 5.315, -1.5023 0.5378 4.4874, -1.4531 0.8071 5.315, -1.4754 0.8071 4.5641, -1.4757 0.7777 4.5632, -1.4941 0.1772 5.1575, -1.4941 -0.9904 5.1575, -1.4879 -0.9837 5.174, -1.4444 -0.8733 5.2901, -1.443 -0.8626 5.2939, -1.4374 -0.822 5.3086, -1.4368 -0.8071 5.3104, -1.435 -0.7677 5.315, -1.435 0.1772 5.315, -1.4866 -0.9823 5.1774, -1.4693 -0.954 5.2239, -1.4691 -0.9537 5.2244, -1.4554 -0.9184 5.2606, -1.454 -0.9125 5.2645, -1.5335 1.437 0.7874, -1.5335 1.6339 0.7874, -1.4744 1.6339 0.4724, -1.4744 -1.2402 0.4724
            ]
        }
        coordIndex [
            0,1,2,-1,2,1,3,-1,4,5,6,-1,0,7,1,-1,1,7,4,-1,1,4,8,-1,8,4,6,-1,9,3,10,-1,10,11,12,-1,12,13,10,-1,10,13,14,-1,10,14,9,-1,15,16,17,-1,1,18,17,-1,17,18,19,-1,17,19,20,-1,20,21,17,-1,17,21,22,-1,17,22,15,-1,16,23,17,-1,17,23,24,-1,17,24,25,-1,26,27,28,-1,28,29,26,-1,26,29,30,-1,26,30,31,-1,31,30,32,-1,31,32,33,-1,33,32,34,-1,33,34,35,-1,35,34,36,-1,35,36,37,-1,37,36,38,-1,37,38,39,-1,40,41,42,-1,42,41,43,-1,39,38,41,-1,41,38,44,-1,41,44,43,-1,45,46,47,-1,48,49,50,-1,51,52,53,-1,54,55,56,-1,57,58,59,-1,59,60,57,-1,57,60,61,-1,57,61,62,-1,62,61,55,-1,61,63,55,-1,55,63,64,-1,55,64,56,-1,56,64,65,-1,54,56,52,-1,52,56,66,-1,52,66,53,-1,50,49,67,-1,51,53,49,-1,49,53,68,-1,49,68,67,-1,47,46,69,-1,48,50,46,-1,46,50,70,-1,46,70,69,-1,45,47,40,-1,40,47,71,-1,40,71,41,-1,72,73,74,-1,74,73,58,-1,58,73,75,-1,58,75,59,-1,76,77,74,-1,74,77,78,-1,74,78,72,-1,79,80,81,-1,82,83,79,-1,79,83,84,-1,84,85,79,-1,79,85,86,-1,79,86,87,-1,81,88,79,-1,79,88,89,-1,79,89,90,-1,90,91,79,-1,79,91,92,-1,79,92,82,-1,93,94,95,-1,95,96,93,-1,93,96,11,-1,93,11,10,-1,
        ]
    }
}
Shape{
    appearance Appearance {
        material  Material 	{
            diffuseColor 0.6666666666666666 0.6980392156862745 0.7686274509803922
            specularColor 0.3333333333333333 0.34901960784313724 0.3843137254901961
            ambientIntensity 0.6967
            transparency 0.0
            shininess 0.5
        }
    }
    geometry IndexedFaceSet {
        ccw TRUE
        solid FALSE
        coord DEF co Coordinate {
            point [
                -1.4154 -1.2402 0.4724, -1.4752 -1.2402 0.4769, -1.4744 -1.2402 0.4724
            ]
        }
        coordIndex [
            0,1,2,-1,
        ]
    }
}
Shape{
    appearance Appearance {
        material  Material 	{
            diffuseColor 0.2235294117647059 0.2235294117647059 0.2235294117647059
            specularColor 0.11372549019607843 0.11372549019607843 0.11372549019607843
            ambientIntensity 0.2235
            transparency 0.0
            shininess 0.5
        }
    }
    geometry IndexedFaceSet {
        ccw TRUE
        solid FALSE
        coord DEF co Coordinate {
            point [
                -1.4154 -1.2402 0.4724, -1.4154 -1.437 0.4724, -1.4752 -1.2402 0.4769, -1.5136 -1.437 0.4846, -1.5136 -1.2402 0.4846, -1.6074 -1.437 0.5211, -1.6074 -1.2402 0.5211, -1.7027 -1.437 0.5871, -1.7027 -1.2402 0.5871, -1.8272 -1.437 0.7262, -1.8272 -1.2402 0.7262, -1.8681 -1.437 0.7874, -1.8681 -1.2402 0.7874, -1.9052 -1.2402 0.8328, -1.9052 -1.437 0.8328, -1.9524 -1.2402 0.8674, -1.9524 -1.437 0.8674, -2.0068 -1.2402 0.8891, -2.0068 -1.437 0.8891, -2.065 -1.2402 0.8965, -2.065 -1.437 0.8965, -2.1231 -1.2402 0.8891, -2.1231 -1.437 0.8891, -2.1775 -1.2402 0.8674, -2.1775 -1.437 0.8674, -2.2247 -1.2402 0.8328, -2.2247 -1.437 0.8328, -2.2618 -1.2402 0.7874, -2.2618 -1.437 0.7874, -2.6358 -1.122 5.0787, -2.3012 -1.122 5.0787, -2.6358 -1.0827 5.0, -2.3012 -1.0827 5.0, -2.3012 -1.0827 5.0787, -2.3012 -1.0039 4.9213, -2.3012 -1.0827 4.685, -2.3012 -1.0039 4.4882, -1.4941 -1.0827 5.0787, -1.4941 -1.0039 4.9213, -1.4941 -1.0039 5.0787, -1.4941 -1.0039 4.2126, -1.4941 0.1772 4.2126, -1.4941 0.1772 5.1575, -1.4941 -1.0006 5.1183, -1.4941 -0.9904 5.1575, -2.6358 -1.0039 4.4882, -2.6358 -1.0039 4.2126, -2.6358 0.1772 4.2126, -2.6358 -1.0039 5.0787, -2.6358 -1.0006 5.1183, -2.6358 0.1772 5.1575, -2.6358 -0.9904 5.1575, -2.6358 -1.0827 4.685, -2.6545 0.8071 4.5641, -2.6768 0.8071 5.315, -2.6498 0.6941 4.5507, -2.6614 0.5916 5.315, -2.5894 0.3907 4.3781, -2.602 0.4322 4.414, -2.6185 0.3913 5.315, -2.6343 0.5732 4.5064, -2.6371 0.595 4.5144, -2.4862 0.3059 4.514, -2.5244 0.3081 5.315, -2.5145 0.3061 5.315, -2.5049 0.3057 5.3147, -2.4802 0.3057 4.5148, -2.5081 0.3058 5.3149, -2.5114 0.3059 5.315, -2.4922 0.3063 4.5117, -2.4996 0.3074 4.5065, -2.5417 0.3116 5.315, -2.4999 0.3074 4.5063, -2.5513 0.3161 5.315, -2.5108 0.3099 4.4938, -2.5254 0.3155 4.4659, -2.5681 0.324 5.315, -2.5275 0.3163 4.4619, -2.5756 0.3301 5.315, -2.5466 0.3308 4.3893, -2.5889 0.3407 5.315, -2.5572 0.3389 4.349, -2.5957 0.3496 5.315, -2.5878 0.3861 4.3736, -2.6109 0.3733 5.315, -2.5816 0.3731 4.3558, -2.6071 0.3645 5.315, -2.5791 0.3677 4.3486, -2.5652 0.3492 4.3089, -2.564 0.3476 4.3055, -2.4345 0.1772 5.2532, -2.4326 0.1772 5.2362, -2.4326 0.3057 5.2362, -2.4944 0.3057 5.3131, -2.5114 0.1772 5.315, -2.4944 0.1772 5.3131, -2.4775 0.1772 5.3073, -2.4775 0.3057 5.3073, -2.4623 0.1772 5.2978, -2.4623 0.3057 5.2978, -2.4497 0.1772 5.2852, -2.4497 0.3057 5.2852, -2.4403 0.1772 5.2701, -2.4403 0.3057 5.2701, -2.4345 0.3057 5.2532, -2.6949 0.1772 5.315, -1.435 0.1772 5.315, -1.6186 0.1772 5.315, -1.6318 0.1772 5.3138, -1.6973 0.1772 5.2362, -1.6973 0.1772 4.502, -2.4326 0.1772 4.502, -1.6807 0.1772 5.2846, -1.6906 0.1772 5.268, -1.6962 0.1772 5.2494, -1.6503 0.1772 5.3083, -1.667 0.1772 5.2983, -2.642 -0.9838 5.174, -2.6759 -0.9125 5.2644, -2.6745 -0.9186 5.2605, -2.6607 -0.954 5.2238, -2.6949 -0.7677 5.315, -2.6932 -0.8071 5.3104, -2.6426 -0.9833 5.1754, -2.6604 -0.9548 5.2229, -2.6925 -0.8218 5.3087, -2.6871 -0.8627 5.2942, -2.6861 -0.8703 5.2915, -1.4754 0.8071 4.5641, -1.4531 0.8071 5.315, -1.4801 0.9201 4.5507, -1.4811 1.0966 5.315, -1.4956 1.0409 4.5064, -1.5072 1.0915 4.4733, -1.4952 1.1614 5.315, -1.5315 1.28 5.2344, -1.5011 1.1849 5.3136, -1.5414 1.3102 5.247, -1.5434 1.3152 5.2395, -1.5524 1.337 5.207, -1.5532 1.3388 5.2021, -1.5068 1.2051 5.3084, -1.515 1.2338 5.3012, -1.5192 1.2467 5.2941, -1.5294 1.2779 5.2768, -1.5318 1.2842 5.2709, -1.5646 1.3583 5.0787, -1.5634 1.3583 5.1181, -1.5601 1.3534 5.1603, -1.5599 1.353 5.1632, -1.5656 1.3052 4.4205, -1.5483 1.247 4.3558, -1.5279 1.1819 4.4141, -1.5663 1.3624 5.0787, -1.5759 1.3627 4.7821, -1.5855 1.363 4.4847, -1.6761 1.437 5.0787, -1.6925 1.437 4.5669, -1.6525 1.4346 5.0787, -1.6748 1.4357 4.5654, -1.6488 1.4334 5.0787, -1.6653 1.4334 4.5629, -1.6247 1.4252 5.0787, -1.6553 1.4309 4.5602, -1.6222 1.4236 5.0787, -1.639 1.4236 4.5521, -1.6002 1.4094 5.0787, -1.6357 1.4222 4.5505, -1.5987 1.4077 5.0787, -1.5759 1.3627 4.7821, -1.5796 1.3867 5.0787, -1.6271 1.4168 4.5445, -1.6164 1.4073 4.5339, -1.5803 1.388 5.0787, -1.607 1.399 4.5247, -1.5985 1.3861 4.5104, -1.5894 1.3723 4.495, -2.4374 1.437 4.5669, -2.4538 1.437 5.0787, -2.554 1.3627 4.7814, -2.5444 1.363 4.4847, -2.5314 1.3862 4.5104, -2.5078 1.4236 5.0787, -2.4659 1.4335 4.563, -2.4827 1.4334 5.0787, -2.4647 1.4337 4.5632, -2.4812 1.4336 5.0787, -2.4455 1.4367 4.5666, -2.5267 1.3945 4.5197, -2.5135 1.4073 4.534, -2.5313 1.4076 5.0787, -2.5066 1.414 4.5414, -2.51 1.4228 5.0787, -2.4908 1.4234 4.5518, -2.4852 1.4268 4.5556, -2.5338 1.4058 5.0787, -2.5502 1.3865 5.0787, -2.5527 1.3835 5.0787, -2.5636 1.3625 5.0787, -2.6451 0.9675 4.5371, -2.6241 1.0918 4.4773, -2.6488 1.0966 5.315, -2.5816 1.247 4.3558, -2.5643 1.3052 4.4205, -2.623 1.0987 4.474, -2.554 1.3627 4.7814, -2.5653 1.3583 5.0787, -2.5885 1.3102 5.247, -2.5981 1.2842 5.2709, -2.5985 1.28 5.2344, -2.6005 1.2779 5.2768, -2.6107 1.2467 5.2941, -2.615 1.2338 5.3012, -2.6231 1.2051 5.3084, -2.5767 1.3388 5.2021, -2.5775 1.337 5.207, -2.5865 1.3152 5.2395, -2.5665 1.3583 5.1181, -2.5698 1.3534 5.1603, -2.57 1.353 5.1632, -2.6288 1.1849 5.3136, -2.6347 1.1614 5.315, -2.6536 0.8564 4.5616, -1.4941 1.437 4.2126, -1.4941 1.6339 4.3307, -1.4941 1.437 3.3465, -1.4941 1.6339 3.3465, -2.6358 1.6339 4.3307, -2.6358 1.437 4.2126, -2.6358 1.6339 3.3465, -2.6358 1.437 3.3465, -2.2532 -1.0039 0.7874, -2.2532 1.0236 0.7874, -1.8767 -1.0039 0.7874, -1.8767 1.0236 0.7874, -1.5335 -1.2402 0.7874, -1.8767 -1.1614 0.7874, -2.2532 -1.1614 0.7874, -2.6358 -1.2402 0.7874, -2.6358 1.437 0.7874, -1.5335 1.437 0.7874, -1.8767 1.1811 0.7874, -2.2532 1.1811 0.7874, -1.5335 1.437 1.7323, -1.5335 1.6339 1.7323, -1.5335 1.6339 0.7874, -2.6358 1.6339 1.7323, -2.6358 1.437 1.7323, -2.6358 1.6339 0.7874, -2.6315 -1.2402 0.4808, -2.5966 -1.437 0.4901, -2.6893 -1.2402 0.4734, -2.6892 -1.437 0.4732, -2.6949 -1.2402 0.4727, -2.7146 -1.437 0.4724, -2.7146 -1.2402 0.4724, -2.5054 -1.2402 0.5326, -2.5046 -1.437 0.5311, -2.5557 -1.2402 0.505, -2.5971 -1.2402 0.4918, -2.4802 -1.2402 0.5464, -2.4043 -1.2402 0.6078, -2.3902 -1.437 0.6217, -2.3357 -1.2402 0.6828, -2.3909 -1.2402 0.6224, -2.6949 1.6339 0.4724
            ]
        }
        coordIndex [
            0,1,2,-1,2,1,3,-1,2,3,4,-1,4,3,5,-1,4,5,6,-1,6,5,7,-1,6,7,8,-1,8,7,9,-1,8,9,10,-1,10,9,11,-1,10,11,12,-1,12,11,13,-1,13,11,14,-1,13,14,15,-1,15,14,16,-1,15,16,17,-1,17,16,18,-1,17,18,19,-1,19,18,20,-1,19,20,21,-1,21,20,22,-1,21,22,23,-1,23,22,24,-1,23,24,25,-1,25,24,26,-1,25,26,27,-1,27,26,28,-1,29,30,31,-1,31,30,32,-1,30,33,32,-1,32,33,34,-1,32,34,35,-1,35,34,36,-1,37,38,33,-1,33,38,34,-1,38,37,39,-1,40,38,41,-1,41,38,39,-1,41,39,42,-1,42,39,43,-1,42,43,44,-1,45,46,47,-1,48,29,31,-1,48,47,49,-1,49,47,50,-1,49,50,51,-1,48,31,47,-1,47,31,52,-1,47,52,45,-1,53,54,55,-1,55,54,56,-1,57,58,59,-1,59,58,60,-1,59,60,56,-1,56,60,61,-1,56,61,55,-1,62,63,64,-1,65,66,67,-1,67,66,62,-1,67,62,68,-1,68,62,64,-1,62,69,63,-1,63,69,70,-1,63,70,71,-1,71,70,72,-1,71,72,73,-1,72,74,73,-1,73,74,75,-1,73,75,76,-1,76,75,77,-1,76,77,78,-1,78,77,79,-1,78,79,80,-1,80,79,81,-1,80,81,82,-1,57,59,83,-1,83,59,84,-1,83,84,85,-1,85,84,86,-1,85,86,87,-1,87,86,82,-1,87,82,88,-1,88,82,81,-1,88,81,89,-1,90,91,92,-1,93,65,94,-1,94,65,67,-1,94,67,68,-1,94,95,93,-1,93,95,96,-1,93,96,97,-1,97,96,98,-1,97,98,99,-1,99,98,100,-1,99,100,101,-1,101,100,102,-1,101,102,103,-1,103,102,90,-1,103,90,104,-1,104,90,92,-1,94,105,50,-1,106,107,42,-1,42,107,108,-1,94,50,95,-1,42,109,41,-1,41,109,110,-1,41,110,47,-1,47,110,111,-1,47,111,50,-1,50,111,91,-1,112,113,42,-1,42,113,114,-1,42,114,109,-1,108,115,42,-1,42,115,116,-1,42,116,112,-1,91,90,50,-1,50,90,102,-1,50,102,100,-1,100,98,50,-1,50,98,96,-1,50,96,95,-1,117,51,50,-1,118,119,120,-1,121,122,120,-1,117,50,123,-1,121,120,105,-1,105,120,50,-1,50,120,124,-1,50,124,123,-1,122,125,120,-1,120,125,126,-1,120,126,118,-1,118,126,127,-1,128,129,130,-1,130,129,131,-1,130,131,132,-1,132,131,133,-1,131,134,135,-1,135,134,136,-1,137,138,135,-1,135,138,139,-1,135,139,140,-1,136,141,135,-1,135,141,142,-1,135,142,143,-1,143,144,135,-1,135,144,145,-1,135,145,137,-1,146,133,147,-1,147,133,131,-1,147,131,148,-1,148,131,135,-1,148,135,149,-1,149,135,140,-1,150,151,152,-1,146,153,133,-1,133,153,154,-1,133,154,152,-1,152,154,155,-1,152,155,150,-1,156,157,158,-1,158,157,159,-1,158,159,160,-1,160,159,161,-1,160,161,162,-1,162,161,163,-1,162,163,164,-1,164,163,165,-1,164,165,166,-1,166,165,167,-1,166,167,168,-1,169,153,170,-1,167,171,168,-1,168,171,172,-1,168,172,173,-1,173,172,174,-1,173,174,170,-1,170,174,175,-1,170,175,169,-1,169,175,176,-1,169,176,155,-1,157,156,177,-1,177,156,178,-1,179,180,181,-1,182,183,184,-1,184,183,185,-1,184,185,186,-1,186,185,187,-1,186,187,178,-1,178,187,177,-1,188,189,190,-1,190,189,191,-1,190,191,192,-1,192,191,193,-1,192,193,182,-1,182,193,194,-1,182,194,183,-1,190,195,188,-1,188,195,196,-1,188,196,181,-1,181,196,197,-1,181,197,179,-1,179,197,198,-1,199,200,201,-1,202,203,204,-1,204,203,180,-1,180,205,204,-1,204,205,198,-1,204,198,200,-1,200,198,206,-1,200,206,201,-1,207,208,209,-1,209,208,210,-1,210,211,209,-1,209,211,212,-1,209,212,213,-1,214,215,209,-1,209,215,216,-1,209,216,207,-1,206,217,201,-1,201,217,218,-1,201,218,209,-1,209,218,219,-1,209,219,214,-1,213,220,209,-1,209,220,221,-1,209,221,201,-1,54,53,201,-1,201,53,222,-1,201,222,199,-1,223,224,225,-1,225,224,226,-1,224,223,227,-1,227,223,228,-1,227,228,229,-1,229,228,230,-1,231,232,233,-1,233,232,234,-1,235,12,236,-1,236,12,27,-1,236,27,237,-1,237,27,238,-1,237,238,231,-1,231,238,239,-1,231,239,232,-1,236,233,235,-1,235,233,234,-1,235,234,240,-1,240,234,241,-1,240,241,239,-1,239,241,242,-1,239,242,232,-1,243,244,240,-1,240,244,245,-1,246,247,248,-1,248,247,239,-1,249,250,251,-1,251,250,252,-1,251,252,253,-1,253,252,254,-1,253,254,255,-1,256,257,258,-1,258,257,250,-1,258,250,259,-1,259,250,249,-1,256,260,257,-1,257,260,261,-1,257,261,262,-1,27,28,263,-1,263,28,262,-1,263,262,264,-1,264,262,261,-1,238,253,239,-1,239,253,265,-1,239,265,248,-1,
        ]
    }
}
Shape{
    appearance Appearance {
        material  Material 	{
            diffuseColor 1.0 1.0 1.0
            specularColor 0.5019607843137255 0.5019607843137255 0.5019607843137255
            ambientIntensity 1.0
            transparency 0.0
            shininess 0.5
        }
    }
    geometry IndexedFaceSet {
        ccw TRUE
        solid FALSE
        coord DEF co Coordinate {
            point [
                0.8091 -0.7782 5.7087, 0.8121 -0.7763 5.7162, 0.8122 -0.7765 4.6457, 0.9045 -0.6922 4.6457, 0.8636 -0.7401 4.6457, 0.9042 -0.6919 5.7651, 0.8632 -0.7396 5.844, 0.8719 -0.7321 5.8658, 0.8428 -0.7571 5.7931, 0.7535 -0.7993 5.7087, 0.7535 -0.7993 4.6457, 0.6909 -0.8071 5.7087, 0.6909 -0.8071 4.6457, 0.6284 -0.7993 5.7087, 0.6284 -0.7993 4.6457, 0.5728 -0.7782 5.7087, 0.485 -0.7031 5.7931, 0.5183 -0.7401 4.6457, 0.478 -0.6918 5.7649, 0.4774 -0.6922 4.6457, 0.4639 -0.6693 5.7087, 0.5698 -0.7763 5.7162, 0.5697 -0.7765 4.6457, 0.5391 -0.7571 5.7931, 0.5187 -0.7396 5.844, 0.51 -0.7321 5.8658, 0.4494 -0.6357 5.7087, 0.4494 -0.6357 4.6457, 0.4361 -0.5741 5.7087, 0.4361 -0.5741 4.6457, 0.435 -0.5512 4.6457, 0.435 -0.5512 5.7087, 0.9469 -0.5512 5.7087, 0.9469 -0.5512 4.6457, 0.9458 -0.5741 5.7087, 0.9458 -0.5741 4.6457, 0.9325 -0.6357 5.7087, 0.9325 -0.6357 4.6457, 0.918 -0.6693 5.7087, 0.9069 -0.6885 5.7566, 0.4777 -0.4105 5.7651, 0.4774 -0.4102 4.6457, 0.5183 -0.3623 4.6457, 0.8865 -0.3861 5.826, 0.8719 -0.3702 5.8658, 0.863 -0.3631 5.8434, 0.9458 -0.5282 4.6457, 0.9458 -0.5282 5.7087, 0.9325 -0.4667 4.6457, 0.9325 -0.4667 5.7087, 0.9045 -0.4102 4.6457, 0.918 -0.4331 5.7087, 0.9032 -0.4111 5.7637, 0.8636 -0.3623 4.6457, 0.8282 -0.3352 5.7566, 0.8122 -0.3258 4.6457, 0.8121 -0.3259 5.7164, 0.7894 -0.315 4.6457, 0.8091 -0.3242 5.7087, 0.753 -0.3047 4.6449, 0.7535 -0.303 5.7087, 0.7306 -0.2983 4.6445, 0.6909 -0.2953 5.7087, 0.6077 -0.3092 4.6455, 0.6288 -0.3047 4.6451, 0.6284 -0.303 5.7087, 0.6692 -0.2962 4.6442, 0.6909 -0.2969 4.6443, 0.5925 -0.315 4.6457, 0.5728 -0.3242 5.7087, 0.5697 -0.3258 4.6457, 0.5699 -0.3261 5.7161, 0.51 -0.3702 5.8658, 0.5184 -0.3625 5.8446, 0.5259 -0.3556 5.826, 0.475 -0.4139 5.7566, 0.4639 -0.4331 5.7087, 0.4494 -0.4667 4.6457, 0.4494 -0.4667 5.7087, 0.4361 -0.5282 4.6457, 0.4361 -0.5282 5.7087, 0.4941 -0.3543 5.9055, 0.4941 0.0787 5.9055, 0.5728 0.0787 5.7087, 0.8091 0.0787 5.7087, 0.8878 0.0787 5.9055, 0.8878 -0.3543 5.9055, 0.1594 0.0787 5.9055, 0.1594 -0.3543 5.9055, 0.1594 -0.4331 5.7087, 0.1594 -0.6693 5.7087, 0.1594 -0.748 5.9055, 0.4941 -0.748 5.9055, 0.485 -0.7031 5.7931, 0.1594 -0.9843 5.9055, 0.4941 -0.9843 5.9055, 0.5728 -0.9843 5.7087, 0.5391 -0.7571 5.7931, 0.8091 -0.9843 5.7087, 0.8878 -0.9843 5.9055, 0.8428 -0.7571 5.7931, 0.8878 -0.748 5.9055
            ]
        }
        coordIndex [
            0,1,2,-1,3,4,5,-1,5,4,6,-1,5,6,7,-1,2,1,4,-1,4,1,8,-1,4,8,6,-1,0,2,9,-1,9,2,10,-1,9,10,11,-1,11,10,12,-1,11,12,13,-1,13,12,14,-1,13,14,15,-1,16,17,18,-1,18,17,19,-1,18,19,20,-1,15,14,21,-1,21,14,22,-1,21,22,23,-1,23,22,17,-1,23,17,24,-1,24,17,16,-1,24,16,25,-1,20,19,26,-1,26,19,27,-1,26,27,28,-1,27,29,28,-1,28,29,30,-1,28,30,31,-1,32,33,34,-1,34,33,35,-1,34,35,36,-1,36,35,37,-1,36,37,38,-1,38,37,3,-1,38,3,39,-1,39,3,5,-1,40,41,42,-1,43,44,45,-1,33,32,46,-1,46,32,47,-1,46,47,48,-1,48,47,49,-1,48,49,50,-1,50,49,51,-1,43,45,52,-1,51,52,50,-1,50,52,45,-1,50,45,53,-1,53,45,54,-1,53,54,55,-1,55,54,56,-1,55,56,57,-1,57,56,58,-1,57,58,59,-1,59,58,60,-1,59,60,61,-1,61,60,62,-1,63,64,65,-1,65,64,66,-1,65,66,62,-1,62,66,67,-1,62,67,61,-1,63,65,68,-1,68,65,69,-1,68,69,70,-1,70,69,71,-1,70,71,42,-1,72,40,73,-1,73,40,42,-1,73,42,74,-1,74,42,71,-1,40,75,41,-1,41,75,76,-1,41,76,77,-1,77,76,78,-1,77,78,79,-1,78,80,79,-1,79,80,31,-1,79,31,30,-1,81,72,82,-1,82,72,73,-1,69,83,71,-1,71,83,82,-1,71,82,74,-1,74,82,73,-1,84,58,56,-1,84,56,85,-1,44,86,45,-1,45,86,85,-1,45,85,54,-1,54,85,56,-1,69,65,83,-1,83,65,62,-1,83,62,84,-1,84,62,60,-1,84,60,58,-1,82,87,81,-1,81,87,88,-1,88,89,76,-1,72,81,40,-1,40,81,88,-1,40,88,75,-1,75,88,76,-1,78,76,89,-1,90,20,26,-1,26,28,90,-1,90,28,31,-1,90,31,89,-1,89,31,80,-1,89,80,78,-1,91,92,25,-1,20,90,18,-1,18,90,91,-1,18,91,93,-1,93,91,25,-1,94,95,91,-1,91,95,92,-1,96,15,21,-1,96,21,95,-1,25,92,24,-1,24,92,95,-1,24,95,97,-1,97,95,21,-1,0,9,98,-1,98,9,11,-1,98,11,96,-1,96,11,13,-1,96,13,15,-1,0,98,1,-1,1,98,99,-1,1,99,100,-1,101,7,99,-1,99,7,6,-1,99,6,100,-1,
        ]
    }
}
Shape{
    appearance Appearance {
        material  Material 	{
            diffuseColor 0.2235294117647059 0.2235294117647059 0.2235294117647059
            specularColor 0.11372549019607843 0.11372549019607843 0.11372549019607843
            ambientIntensity 0.2235
            transparency 0.0
            shininess 0.5
        }
    }
    geometry IndexedFaceSet {
        ccw TRUE
        solid FALSE
        coord DEF co Coordinate {
            point [
                1.2224 -0.2962 4.6442, 1.2224 -0.315 4.6457, 0.7894 -0.315 4.6457, 0.753 -0.3047 4.6449, 0.7306 -0.2983 4.6445, 0.6909 -0.2969 4.6443, 0.6692 -0.2962 4.6442, 0.3366 -0.315 4.6457, 0.3366 -0.2962 4.6442, 0.6288 -0.3047 4.6451, 0.6077 -0.3092 4.6455, 0.5925 -0.315 4.6457, 1.2224 -0.2681 4.636, 0.3366 -0.2681 4.636, 1.2224 -0.2429 4.6211, 0.3366 -0.2429 4.6211, 1.2224 -0.2221 4.6005, 0.3366 -0.2221 4.6005, 1.2224 -0.207 4.5755, 0.3366 -0.207 4.5755, 1.2224 -0.1985 4.5475, 0.3366 -0.1985 4.5475, 1.2224 -0.1968 4.5276, 0.3366 -0.1968 4.5276, 0.4774 -0.6922 4.6457, 0.5183 -0.7401 4.6457, 0.3366 -0.9843 4.6457, 0.5697 -0.7765 4.6457, 0.7535 -0.7993 4.6457, 1.1437 -0.9843 4.6457, 0.6909 -0.8071 4.6457, 0.6284 -0.7993 4.6457, 0.5183 -0.3623 4.6457, 0.5697 -0.3258 4.6457, 0.4774 -0.4102 4.6457, 0.4494 -0.4667 4.6457, 0.4361 -0.5282 4.6457, 0.9325 -0.4667 4.6457, 0.9045 -0.4102 4.6457, 0.9458 -0.5282 4.6457, 0.9045 -0.6922 4.6457, 1.2224 -0.9055 4.6457, 0.8636 -0.7401 4.6457, 1.2206 -0.9224 4.6457, 1.193 -0.9669 4.6457, 1.1781 -0.9764 4.6457, 0.8636 -0.3623 4.6457, 0.8122 -0.3258 4.6457, 0.435 -0.5512 4.6457, 0.4361 -0.5741 4.6457, 0.4494 -0.6357 4.6457, 0.8122 -0.7765 4.6457, 1.1613 -0.9823 4.6457, 1.2149 -0.9392 4.6457, 1.2055 -0.9543 4.6457, 0.9325 -0.6357 4.6457, 0.9458 -0.5741 4.6457, 0.9469 -0.5512 4.6457
            ]
        }
        coordIndex [
            0,1,2,-1,2,3,0,-1,0,3,4,-1,0,4,5,-1,6,7,8,-1,6,9,7,-1,7,9,10,-1,7,10,11,-1,5,6,0,-1,0,6,8,-1,0,8,12,-1,12,8,13,-1,12,13,14,-1,14,13,15,-1,14,15,16,-1,16,15,17,-1,16,17,18,-1,18,17,19,-1,18,19,20,-1,20,19,21,-1,20,21,22,-1,22,21,23,-1,24,25,26,-1,26,25,27,-1,28,29,30,-1,30,29,26,-1,30,26,31,-1,31,26,27,-1,32,7,33,-1,33,7,11,-1,32,34,7,-1,7,34,35,-1,7,35,36,-1,37,38,1,-1,37,1,39,-1,40,41,42,-1,42,41,43,-1,44,45,42,-1,38,46,1,-1,1,46,47,-1,1,47,2,-1,36,48,7,-1,7,48,49,-1,7,49,26,-1,26,49,50,-1,26,50,24,-1,28,51,29,-1,29,51,42,-1,29,42,52,-1,52,42,45,-1,43,53,42,-1,42,53,54,-1,42,54,44,-1,40,55,41,-1,41,55,56,-1,41,56,1,-1,1,56,57,-1,1,57,39,-1,
        ]
    }
}
Shape{
    appearance Appearance {
        material  Material 	{
            diffuseColor 1.0 1.0 1.0
            specularColor 0.5019607843137255 0.5019607843137255 0.5019607843137255
            ambientIntensity 1.0
            transparency 0.0
            shininess 0.5
        }
    }
    geometry IndexedFaceSet {
        ccw TRUE
        solid FALSE
        coord DEF co Coordinate {
            point [
                1.2206 -0.9224 4.6457, 1.2224 -0.9055 4.6457, 1.2224 -0.9055 5.9055, 1.2206 -0.9224 5.9055, 1.2149 -0.9392 5.9055, 1.2149 -0.9392 4.6457, 1.2055 -0.9543 5.9055, 1.2055 -0.9543 4.6457, 1.193 -0.9669 5.9055, 1.193 -0.9669 4.6457, 1.1781 -0.9764 5.9055, 1.1781 -0.9764 4.6457, 1.1613 -0.9823 5.9055, 1.1613 -0.9823 4.6457, 1.1437 -0.9843 5.9055, 1.1437 -0.9843 4.6457, 1.2224 -0.748 5.9055, 0.8878 -0.748 5.9055, 0.8878 -0.9843 5.9055, 1.2224 -0.6693 5.7087, 0.918 -0.6693 5.7087, 0.8719 -0.7321 5.8658, 0.9042 -0.6919 5.7651, 0.9069 -0.6885 5.7566, 0.9325 -0.6357 5.7087, 1.2224 -0.4331 5.7087, 0.918 -0.4331 5.7087, 0.9325 -0.4667 5.7087, 0.9458 -0.5282 5.7087, 0.9469 -0.5512 5.7087, 0.9458 -0.5741 5.7087, 1.2224 -0.3543 5.9055, 0.8878 -0.3543 5.9055, 0.8719 -0.3702 5.8658, 0.9032 -0.4111 5.7637, 0.8865 -0.3861 5.826, 1.2224 0.0787 5.9055, 0.8878 0.0787 5.9055, 0.8091 0.0787 5.7087, 1.2224 0.0787 5.4094, 0.5728 0.0787 5.7087, 0.1594 0.0787 5.4094, 0.4941 0.0787 5.9055, 0.1594 0.0787 5.9055, 0.1594 0.1575 5.2835, 1.2224 0.1575 5.2835
            ]
        }
        coordIndex [
            0,1,2,-1,2,3,0,-1,0,3,4,-1,0,4,5,-1,5,4,6,-1,5,6,7,-1,7,6,8,-1,7,8,9,-1,9,8,10,-1,9,10,11,-1,11,10,12,-1,11,12,13,-1,13,12,14,-1,13,14,15,-1,2,16,17,-1,17,18,2,-1,2,18,14,-1,2,14,3,-1,3,14,12,-1,3,12,10,-1,10,8,3,-1,3,8,6,-1,3,6,4,-1,16,19,20,-1,21,17,22,-1,22,17,16,-1,22,16,23,-1,23,16,20,-1,24,20,19,-1,25,26,27,-1,27,28,25,-1,25,28,29,-1,25,29,19,-1,19,29,30,-1,19,30,24,-1,31,32,33,-1,26,25,34,-1,34,25,31,-1,34,31,35,-1,35,31,33,-1,36,37,31,-1,31,37,32,-1,37,36,38,-1,38,36,39,-1,38,39,40,-1,40,39,41,-1,40,41,42,-1,42,41,43,-1,41,39,44,-1,44,39,45,-1,
        ]
    }
}
Shape{
    appearance Appearance {
        material  Material 	{
            diffuseColor 0.6666666666666666 0.6980392156862745 0.7686274509803922
            specularColor 0.3333333333333333 0.34901960784313724 0.3843137254901961
            ambientIntensity 0.6967
            transparency 0.0
            shininess 0.5
        }
    }
    geometry IndexedFaceSet {
        ccw TRUE
        solid FALSE
        coord DEF co Coordinate {
            point [
                0.8484 -1.2402 0.1575, 0.5335 -1.2402 0.1575, 0.8484 -2.0669 0.1575, 0.5335 -2.0669 0.1575, 0.8484 -2.0669 0.0, 0.5335 -2.0669 0.0, 0.5335 -1.2402 0.0, 0.8484 -1.2402 0.0, 0.5335 1.2598 0.1575, 0.8484 1.2598 0.1575, 0.5335 2.0669 0.1575, 0.8484 2.0669 0.1575, 0.8484 1.2598 0.0, 0.5335 1.2598 0.0, 0.8484 2.0669 0.0, 0.5335 2.0669 0.0
            ]
        }
        coordIndex [
            0,1,2,-1,2,1,3,-1,2,3,4,-1,4,3,5,-1,6,7,5,-1,5,7,4,-1,8,9,10,-1,10,9,11,-1,12,13,14,-1,14,13,15,-1,14,15,11,-1,11,15,10,-1,
        ]
    }
}
Shape{
    appearance Appearance {
        material  Material 	{
            diffuseColor 1.0 1.0 1.0
            specularColor 0.5019607843137255 0.5019607843137255 0.5019607843137255
            ambientIntensity 1.0
            transparency 0.0
            shininess 0.5
        }
    }
    geometry IndexedFaceSet {
        ccw TRUE
        solid FALSE
        coord DEF co Coordinate {
            point [
                0.1594 0.0787 5.4094, 0.1594 0.1575 5.2835, 0.1594 0.1575 4.2126, 0.1594 -0.4331 5.7087, 0.1594 -0.3543 5.9055, 0.1594 0.0787 5.9055, 0.1594 -0.6693 5.7087, 0.1594 -0.9843 4.2126, 0.1594 -0.748 5.9055, 0.1594 -0.9843 5.9055, 0.3366 -0.9843 4.6457, 0.3366 -0.9843 4.2126, 0.4941 -0.9843 5.9055, 0.5728 -0.9843 5.7087, 0.8091 -0.9843 5.7087, 1.1437 -0.9843 4.6457, 0.8878 -0.9843 5.9055, 1.1437 -0.9843 5.9055
            ]
        }
        coordIndex [
            0,1,2,-1,3,4,5,-1,5,0,3,-1,3,0,2,-1,3,2,6,-1,6,2,7,-1,6,7,8,-1,8,7,9,-1,9,7,10,-1,10,7,11,-1,12,9,13,-1,13,9,10,-1,13,10,14,-1,14,10,15,-1,14,15,16,-1,16,15,17,-1,
        ]
    }
}
Shape{
    appearance Appearance {
        material  Material 	{
            diffuseColor 0.2235294117647059 0.2235294117647059 0.2235294117647059
            specularColor 0.11372549019607843 0.11372549019607843 0.11372549019607843
            ambientIntensity 0.2235
            transparency 0.0
            shininess 0.5
        }
    }
    geometry IndexedFaceSet {
        ccw TRUE
        solid FALSE
        coord DEF co Coordinate {
            point [
                0.3366 -0.315 4.6457, 0.3366 -0.9843 4.6457, 0.3366 -0.9843 4.2126, 0.3366 -0.1968 4.2126, 0.3366 -0.1968 4.5276, 0.3366 -0.2962 4.6442, 0.3366 -0.1985 4.5475, 0.3366 -0.207 4.5755, 0.3366 -0.2221 4.6005, 0.3366 -0.2429 4.6211, 0.3366 -0.2681 4.636, 1.2224 -0.1968 4.5276, 1.2224 -0.1968 4.2126
            ]
        }
        coordIndex [
            0,1,2,-1,2,3,0,-1,0,3,4,-1,0,4,5,-1,5,4,6,-1,5,6,7,-1,7,8,5,-1,5,8,9,-1,5,9,10,-1,4,3,11,-1,11,3,12,-1,
        ]
    }
}
Shape{
    appearance Appearance {
        material  Material 	{
            diffuseColor 1.0 1.0 1.0
            specularColor 0.5019607843137255 0.5019607843137255 0.5019607843137255
            ambientIntensity 1.0
            transparency 0.0
            shininess 0.5
        }
    }
    geometry IndexedFaceSet {
        ccw TRUE
        solid FALSE
        coord DEF co Coordinate {
            point [
                1.2224 -0.1968 4.5276, 1.2224 -0.1968 4.2126, 1.2224 0.1575 4.2126, 1.2224 0.0787 5.9055, 1.2224 -0.3543 5.9055, 1.2224 0.0787 5.4094, 1.2224 -0.4331 5.7087, 1.2224 0.1575 5.2835, 1.2224 -0.2681 4.636, 1.2224 -0.2429 4.6211, 1.2224 -0.2962 4.6442, 1.2224 -0.2221 4.6005, 1.2224 -0.207 4.5755, 1.2224 -0.1985 4.5475, 1.2224 -0.748 5.9055, 1.2224 -0.9055 5.9055, 1.2224 -0.6693 5.7087, 1.2224 -0.9055 4.6457, 1.2224 -0.315 4.6457
            ]
        }
        coordIndex [
            0,1,2,-1,3,4,5,-1,5,4,6,-1,5,6,7,-1,7,6,2,-1,8,9,6,-1,8,6,10,-1,9,11,6,-1,6,11,12,-1,6,12,2,-1,2,12,13,-1,2,13,0,-1,14,15,16,-1,16,15,17,-1,16,17,6,-1,6,17,18,-1,6,18,10,-1,
        ]
    }
}
Shape{
    appearance Appearance {
        material  Material 	{
            diffuseColor 0.2235294117647059 0.2235294117647059 0.2235294117647059
            specularColor 0.11372549019607843 0.11372549019607843 0.11372549019607843
            ambientIntensity 0.2235
            transparency 0.0
            shininess 0.5
        }
    }
    geometry IndexedFaceSet {
        ccw TRUE
        solid FALSE
        coord DEF co Coordinate {
            point [
                1.2224 0.1575 5.2835, 1.2224 0.1575 4.2126, 0.1594 0.1575 5.2835, 0.1594 0.1575 4.2126, 1.0586 0.3013 4.5285, 1.0586 0.3057 4.5148, 0.3233 0.3057 4.5148, 0.3233 0.3013 4.5285, 0.3233 0.2937 4.5413, 1.0586 0.2937 4.5413, 0.3233 0.2834 4.552, 1.0586 0.2834 4.552, 0.3233 0.2709 4.5602, 1.0586 0.2709 4.5602, 0.3233 0.2569 4.5652, 1.0586 0.2569 4.5652, 0.3233 0.2421 4.5669, 1.0586 0.2421 4.5669, 1.1575 0.3661 4.2126, 1.1575 1.1181 4.2126, 0.2244 0.3661 4.2126, 0.2244 1.1181 4.2126
            ]
        }
        coordIndex [
            0,1,2,-1,2,1,3,-1,4,5,6,-1,6,7,4,-1,4,7,8,-1,4,8,9,-1,9,8,10,-1,9,10,11,-1,11,10,12,-1,11,12,13,-1,13,12,14,-1,13,14,15,-1,15,14,16,-1,15,16,17,-1,18,19,20,-1,20,19,21,-1,
        ]
    }
}
Shape{
    appearance Appearance {
        material  Material 	{
            diffuseColor 0.6666666666666666 0.6980392156862745 0.7686274509803922
            specularColor 0.3333333333333333 0.34901960784313724 0.3843137254901961
            ambientIntensity 0.6967
            transparency 0.0
            shininess 0.5
        }
    }
    geometry IndexedFaceSet {
        ccw TRUE
        solid FALSE
        coord DEF co Coordinate {
            point [
                0.8484 -1.2402 0.0, 0.5335 -1.2402 0.0, 0.5335 -1.1876 0.0059, 0.8484 -1.1876 0.0059, 0.5335 -1.1377 0.0234, 0.8484 -1.1377 0.0234, 0.5335 -1.0929 0.0515, 0.8484 -1.0929 0.0515, 0.5335 -1.0555 0.0889, 0.8484 -1.0555 0.0889, 0.5335 -1.0273 0.1337, 0.8484 -1.0273 0.1337, 0.5335 -1.0099 0.1837, 0.8484 -1.0099 0.1837, 0.5335 -1.0039 0.2362, 0.8484 -1.0039 0.2362, 0.8484 -2.0669 0.1575, 0.8484 -2.0669 0.0, 0.8484 -1.2402 0.1575, 0.8484 -1.2226 0.1595, 0.8484 -1.206 0.1653, 0.8484 -1.1911 0.1747, 0.8484 -1.1786 0.1871, 0.8484 -1.1692 0.2021, 0.8484 -1.1634 0.2187, 0.8484 -1.1614 0.2362, 0.8484 -1.1614 0.6114, 0.8484 -1.0039 0.6114, 0.5335 -1.1614 0.2362, 0.5335 -1.1634 0.2187, 0.5335 -1.1692 0.2021, 0.5335 -1.1786 0.1871, 0.5335 -1.1911 0.1747, 0.5335 -1.206 0.1653, 0.5335 -1.2226 0.1595, 0.5335 -1.2402 0.1575, 0.5335 -1.1614 0.6114, 0.5335 -1.0039 0.6114, 0.5335 -2.0669 0.1575, 0.5335 -2.0669 0.0, 0.8484 1.2598 0.1575, 0.5335 1.2598 0.1575, 0.8484 1.2423 0.1595, 0.5335 1.2423 0.1595, 0.8484 1.2257 0.1653, 0.5335 1.2257 0.1653, 0.8484 1.2107 0.1747, 0.5335 1.2107 0.1747, 0.8484 1.1983 0.1871, 0.5335 1.1983 0.1871, 0.8484 1.1889 0.2021, 0.5335 1.1889 0.2021, 0.8484 1.1831 0.2187, 0.5335 1.1831 0.2187, 0.8484 1.1811 0.2362, 0.5335 1.1811 0.2362, 0.8484 1.1811 0.6114, 0.8484 1.0236 0.6114, 0.8484 1.0236 0.2362, 0.8484 1.0295 0.1837, 0.8484 1.047 0.1337, 0.8484 1.0752 0.0889, 0.8484 1.1126 0.0515, 0.8484 1.1574 0.0234, 0.8484 1.2073 0.0059, 0.8484 1.2598 0.0, 0.8484 2.0669 0.1575, 0.8484 2.0669 0.0, 0.5335 1.0236 0.2362, 0.5335 1.0295 0.1837, 0.5335 1.047 0.1337, 0.5335 1.0752 0.0889, 0.5335 1.1126 0.0515, 0.5335 1.1574 0.0234, 0.5335 1.2073 0.0059, 0.5335 1.2598 0.0, 0.5335 2.0669 0.1575, 0.5335 2.0669 0.0, 0.5335 1.1811 0.6114, 0.5335 1.0236 0.6114
            ]
        }
        coordIndex [
            0,1,2,-1,0,2,3,-1,3,2,4,-1,3,4,5,-1,5,4,6,-1,5,6,7,-1,7,6,8,-1,7,8,9,-1,9,8,10,-1,9,10,11,-1,11,10,12,-1,11,12,13,-1,13,12,14,-1,13,14,15,-1,16,17,18,-1,18,17,0,-1,18,0,19,-1,19,0,3,-1,19,3,20,-1,20,3,5,-1,20,5,21,-1,21,5,7,-1,21,7,22,-1,22,7,9,-1,22,9,23,-1,23,9,11,-1,23,11,24,-1,24,11,13,-1,24,13,25,-1,25,13,15,-1,25,15,26,-1,26,15,27,-1,25,28,24,-1,24,28,29,-1,24,29,23,-1,23,29,30,-1,23,30,22,-1,22,30,31,-1,22,31,21,-1,21,31,32,-1,21,32,20,-1,20,32,33,-1,20,33,19,-1,19,33,34,-1,19,34,18,-1,18,34,35,-1,36,37,28,-1,28,37,14,-1,28,14,29,-1,29,14,12,-1,29,12,30,-1,30,12,10,-1,30,10,31,-1,31,10,8,-1,31,8,32,-1,32,8,6,-1,32,6,33,-1,33,6,4,-1,33,4,34,-1,34,4,2,-1,34,2,35,-1,35,2,1,-1,35,1,38,-1,38,1,39,-1,40,41,42,-1,42,41,43,-1,42,43,44,-1,44,43,45,-1,44,45,46,-1,46,45,47,-1,46,47,48,-1,48,47,49,-1,48,49,50,-1,50,49,51,-1,50,51,52,-1,52,51,53,-1,52,53,54,-1,54,53,55,-1,56,57,54,-1,54,57,58,-1,54,58,52,-1,52,58,59,-1,52,59,50,-1,50,59,60,-1,50,60,48,-1,48,60,61,-1,48,61,46,-1,46,61,62,-1,46,62,44,-1,44,62,63,-1,44,63,42,-1,42,63,64,-1,42,64,40,-1,40,64,65,-1,40,65,66,-1,66,65,67,-1,58,68,69,-1,58,69,59,-1,59,69,70,-1,59,70,60,-1,60,70,71,-1,60,71,61,-1,61,71,72,-1,61,72,62,-1,62,72,73,-1,62,73,63,-1,63,73,74,-1,63,74,64,-1,64,74,75,-1,64,75,65,-1,76,77,41,-1,41,77,75,-1,41,75,43,-1,43,75,74,-1,43,74,45,-1,45,74,73,-1,45,73,47,-1,47,73,72,-1,47,72,49,-1,49,72,71,-1,49,71,51,-1,51,71,70,-1,51,70,53,-1,53,70,69,-1,53,69,55,-1,55,69,68,-1,55,68,78,-1,78,68,79,-1,
        ]
    }
}
Shape{
    appearance Appearance {
        material  Material 	{
            diffuseColor 0.2235294117647059 0.2235294117647059 0.2235294117647059
            specularColor 0.11372549019607843 0.11372549019607843 0.11372549019607843
            ambientIntensity 0.2235
            transparency 0.0
            shininess 0.5
        }
    }
    geometry IndexedFaceSet {
        ccw TRUE
        solid FALSE
        coord DEF co Coordinate {
            point [
                1.0752 0.3057 5.2846, 1.0889 0.3057 5.2983, 1.1056 0.3057 5.3083, 1.1062 0.3057 4.5148, 1.0586 0.3057 4.5148, 1.1309 0.3057 5.3147, 1.0586 0.3057 5.2362, 1.1242 0.3057 5.3138, 1.0597 0.3057 5.2494, 1.0653 0.3057 5.268, 0.4547 -1.0039 4.9213, 1.2618 -1.0039 4.9213, 0.4547 -1.0039 4.4882, 1.2618 -1.0039 4.2126, 0.1201 -1.0039 4.4882, 0.1201 -1.0039 4.2126, 0.4547 -1.0827 4.685, 0.1201 -1.0827 4.685, 0.4547 -1.0827 5.0, 0.1201 -1.0827 5.0, 1.1832 0.3389 4.3486, 1.19 0.3476 4.3055, 1.1575 0.3661 4.2126, 0.2244 0.3661 4.2126, 0.1919 0.3476 4.3055, 0.1987 0.3389 4.349, 0.2093 0.3308 4.3893, 0.2284 0.3163 4.4619, 0.2306 0.3155 4.4659, 0.2451 0.3099 4.4938, 0.3233 0.3057 4.5148, 1.1513 0.3155 4.4659, 1.1535 0.3163 4.4618, 1.1726 0.3308 4.3892, 0.256 0.3074 4.5063, 0.2563 0.3074 4.5065, 0.2637 0.3063 4.5117, 1.1122 0.3059 4.514, 1.1182 0.3063 4.5117, 1.1255 0.3074 4.5065, 1.1259 0.3074 4.5063, 1.1368 0.3099 4.4938, 0.2697 0.3059 4.514, 0.2757 0.3057 4.5148, 0.3233 0.3057 5.2362, 0.251 0.3057 5.3147, 0.2616 0.3057 5.3131, 0.3214 0.3057 5.2532, 0.2784 0.3057 5.3073, 0.2936 0.3057 5.2978, 0.3062 0.3057 5.2852, 0.3156 0.3057 5.2701
            ]
        }
        coordIndex [
            0,1,2,-1,3,4,5,-1,5,4,6,-1,5,6,7,-1,7,6,8,-1,7,8,2,-1,2,8,9,-1,2,9,0,-1,10,11,12,-1,12,11,13,-1,12,13,14,-1,14,13,15,-1,12,14,16,-1,16,14,17,-1,16,17,18,-1,18,17,19,-1,20,21,22,-1,23,24,22,-1,22,24,25,-1,22,25,26,-1,26,27,22,-1,22,27,28,-1,22,28,29,-1,30,4,22,-1,22,4,3,-1,31,32,22,-1,22,32,33,-1,22,33,20,-1,29,34,22,-1,22,34,35,-1,22,35,36,-1,3,37,22,-1,22,37,38,-1,22,38,39,-1,39,40,22,-1,22,40,41,-1,22,41,31,-1,36,42,22,-1,22,42,43,-1,22,43,30,-1,44,30,43,-1,43,45,44,-1,44,45,46,-1,44,46,47,-1,47,46,48,-1,49,50,48,-1,48,50,51,-1,48,51,47,-1,
        ]
    }
}
Shape{
    appearance Appearance {
        material  Material 	{
            diffuseColor 1.0 1.0 1.0
            specularColor 0.5019607843137255 0.5019607843137255 0.5019607843137255
            ambientIntensity 1.0
            transparency 0.0
            shininess 0.5
        }
    }
    geometry IndexedFaceSet {
        ccw TRUE
        solid FALSE
        coord DEF co Coordinate {
            point [
                1.2224 -0.1968 4.2126, 1.2618 -1.0039 4.2126, 1.2618 0.1772 4.2126, 0.3366 -0.1968 4.2126, 0.3366 -0.9843 4.2126, 0.1201 -1.0039 4.2126, 0.1594 -0.9843 4.2126, 0.1201 0.1772 4.2126, 0.1594 0.1575 4.2126, 1.2224 0.1575 4.2126
            ]
        }
        coordIndex [
            0,1,2,-1,0,3,1,-1,1,3,4,-1,1,4,5,-1,5,4,6,-1,5,6,7,-1,7,6,8,-1,7,8,2,-1,2,8,9,-1,2,9,0,-1,
        ]
    }
}
Shape{
    appearance Appearance {
        material  Material 	{
            diffuseColor 0.2235294117647059 0.2235294117647059 0.2235294117647059
            specularColor 0.11372549019607843 0.11372549019607843 0.11372549019607843
            ambientIntensity 0.2235
            transparency 0.0
            shininess 0.5
        }
    }
    geometry IndexedFaceSet {
        ccw TRUE
        solid FALSE
        coord DEF co Coordinate {
            point [
                0.3233 0.1772 5.2362, 0.3233 0.1962 4.5479, 0.3233 0.2096 4.5582, 0.3233 0.2253 4.5647, 0.3233 0.2421 4.5669, 0.3233 0.3057 5.2362, 0.3233 0.1772 4.502, 0.3233 0.1794 4.5188, 0.3233 0.1859 4.5345, 0.3233 0.2569 4.5652, 0.3233 0.2709 4.5602, 0.3233 0.2834 4.552, 0.3233 0.2937 4.5413, 0.3233 0.3013 4.5285, 0.3233 0.3057 4.5148, 1.0586 0.2421 4.5669, 1.0586 0.2253 4.5647, 1.0586 0.2096 4.5582, 1.0586 0.1962 4.5479, 1.0586 0.1859 4.5345, 1.0586 0.1794 4.5188, 1.0586 0.1772 4.502, 1.0586 0.1772 5.2362, 1.0586 0.3057 4.5148, 1.0586 0.3013 4.5285, 1.0586 0.3057 5.2362, 1.0586 0.2937 4.5413, 1.0586 0.2834 4.552, 1.0586 0.2709 4.5602, 1.0586 0.2569 4.5652, 1.1575 0.3661 4.2126, 1.2487 1.0915 4.4733, 1.1575 1.1181 4.2126, 1.228 1.1819 4.4141, 1.2076 1.247 4.3558, 1.2624 0.5952 4.5123, 1.2734 0.6679 4.5438, 1.2802 0.7777 4.5632, 1.2805 0.8071 4.5641, 1.2079 0.373 4.3567, 1.1944 0.3526 4.318, 1.1913 0.3491 4.3093, 1.19 0.3476 4.3055, 1.2082 0.3734 4.3576, 1.2154 0.3907 4.3781, 1.2537 0.5378 4.4874, 1.2758 0.9201 4.5507, 1.2603 1.0409 4.5064, 0.2244 1.1181 4.2126, 0.1743 1.247 4.3558, 0.1329 1.0987 4.474, 0.1919 0.3476 4.3055, 0.2244 0.3661 4.2126, 0.1907 0.3492 4.3089, 0.1768 0.3677 4.3486, 0.1318 1.0918 4.4773, 0.1109 0.9675 4.5371, 0.1023 0.8564 4.5616, 0.1665 0.3907 4.3781, 0.1681 0.3861 4.3736, 0.1743 0.3731 4.3558, 0.1014 0.8071 4.5641, 0.1061 0.6941 4.5507, 0.1188 0.595 4.5144, 0.1216 0.5732 4.5064, 0.1539 0.4322 4.414, 1.1489 1.399 4.5247, 1.1395 1.4073 4.5339, 1.1903 1.3052 4.4205, 1.1704 1.363 4.4847, 1.1665 1.3723 4.495, 1.1574 1.3861 4.5104, 1.0906 1.4334 4.5629, 1.1006 1.4309 4.5602, 1.1169 1.4236 4.5521, 0.3185 1.437 4.5669, 0.3104 1.4367 4.5666, 0.2912 1.4337 4.5632, 0.29 1.4335 4.563, 0.2707 1.4268 4.5556, 0.2651 1.4234 4.5518, 0.2493 1.414 4.5414, 1.1288 1.4168 4.5445, 1.1202 1.4222 4.5505, 1.0811 1.4357 4.5654, 1.0634 1.437 4.5669, 0.2424 1.4073 4.534, 0.2292 1.3945 4.5197, 0.2245 1.3862 4.5104, 0.2115 1.363 4.4847, 0.1916 1.3052 4.4205
            ]
        }
        coordIndex [
            0,1,2,-1,2,3,0,-1,0,3,4,-1,0,4,5,-1,6,7,0,-1,0,7,8,-1,0,8,1,-1,4,9,5,-1,5,9,10,-1,5,10,11,-1,11,12,5,-1,5,12,13,-1,5,13,14,-1,15,4,3,-1,15,3,16,-1,16,3,2,-1,16,2,17,-1,17,2,1,-1,17,1,18,-1,18,1,8,-1,18,8,19,-1,19,8,7,-1,19,7,20,-1,20,7,6,-1,20,6,21,-1,18,22,17,-1,17,22,16,-1,18,19,22,-1,22,19,20,-1,22,20,21,-1,23,24,25,-1,25,24,26,-1,25,26,27,-1,27,28,25,-1,25,28,29,-1,25,29,22,-1,22,29,15,-1,22,15,16,-1,30,31,32,-1,32,31,33,-1,32,33,34,-1,35,36,30,-1,30,36,37,-1,30,37,38,-1,39,35,40,-1,40,35,30,-1,40,30,41,-1,41,30,42,-1,39,43,35,-1,35,43,44,-1,35,44,45,-1,38,46,30,-1,30,46,47,-1,30,47,31,-1,48,49,50,-1,51,52,53,-1,53,52,48,-1,53,48,54,-1,50,55,48,-1,48,55,56,-1,48,56,57,-1,58,59,48,-1,48,59,60,-1,48,60,54,-1,57,61,48,-1,48,61,62,-1,48,62,63,-1,63,64,48,-1,48,64,65,-1,48,65,58,-1,66,67,48,-1,32,34,48,-1,48,34,68,-1,48,68,69,-1,69,70,48,-1,48,70,71,-1,48,71,66,-1,72,48,73,-1,73,48,74,-1,75,76,48,-1,48,76,77,-1,48,77,78,-1,78,79,48,-1,48,79,80,-1,48,80,81,-1,67,82,48,-1,48,82,83,-1,48,83,74,-1,72,84,48,-1,48,84,85,-1,48,85,75,-1,81,86,48,-1,48,86,87,-1,48,87,88,-1,88,89,48,-1,48,89,90,-1,48,90,49,-1,
        ]
    }
}
Shape{
    appearance Appearance {
        material  Material 	{
            diffuseColor 0.6666666666666666 0.6980392156862745 0.7686274509803922
            specularColor 0.3333333333333333 0.34901960784313724 0.3843137254901961
            ambientIntensity 0.6967
            transparency 0.0
            shininess 0.5
        }
    }
    geometry IndexedFaceSet {
        ccw TRUE
        solid FALSE
        coord DEF co Coordinate {
            point [
                0.5335 -1.1614 0.6114, 0.5027 -1.1614 0.7874, 0.5335 -1.0039 0.6114, 0.5027 -1.0039 0.7874, 0.8484 -1.0039 0.2362, 0.5335 -1.0039 0.2362, 0.8484 -1.0039 0.6114, 0.8792 -1.0039 0.7874, 0.8484 -1.1614 0.6114, 0.8792 -1.1614 0.7874, 0.8484 -1.1614 0.2362, 0.5335 -1.1614 0.2362, 0.5335 1.0236 0.6114, 0.5027 1.0236 0.7874, 0.5335 1.1811 0.6114, 0.5027 1.1811 0.7874, 0.8484 1.1811 0.2362, 0.5335 1.1811 0.2362, 0.8484 1.1811 0.6114, 0.8792 1.1811 0.7874, 0.8484 1.0236 0.6114, 0.8792 1.0236 0.7874, 0.8484 1.0236 0.2362, 0.5335 1.0236 0.2362
            ]
        }
        coordIndex [
            0,1,2,-1,2,1,3,-1,4,5,6,-1,6,5,2,-1,6,2,7,-1,7,2,3,-1,6,7,8,-1,8,7,9,-1,9,1,8,-1,8,1,0,-1,8,0,10,-1,10,0,11,-1,12,13,14,-1,14,13,15,-1,16,17,18,-1,18,17,14,-1,18,14,19,-1,19,14,15,-1,18,19,20,-1,20,19,21,-1,21,13,20,-1,20,13,12,-1,20,12,22,-1,22,12,23,-1,
        ]
    }
}
Shape{
    appearance Appearance {
        material  Material 	{
            diffuseColor 0.2235294117647059 0.2235294117647059 0.2235294117647059
            specularColor 0.11372549019607843 0.11372549019607843 0.11372549019607843
            ambientIntensity 0.2235
            transparency 0.0
            shininess 0.5
        }
    }
    geometry IndexedFaceSet {
        ccw TRUE
        solid FALSE
        coord DEF co Coordinate {
            point [
                0.8878 -1.2402 0.7874, 0.8507 -1.2402 0.8328, 0.8035 -1.2402 0.8674, 0.7491 -1.2402 0.8891, 0.6909 -1.2402 0.8965, 0.6328 -1.2402 0.8891, 0.5784 -1.2402 0.8674, 0.5312 -1.2402 0.8328, 0.4941 -1.2402 0.7874, 0.9287 -1.2402 0.7262, 1.2224 -1.2402 0.7874, 1.2807 -1.2402 0.4769, 1.2423 -1.2402 0.4846, 1.1485 -1.2402 0.5211, 1.0532 -1.2402 0.5871, 0.2002 -1.2402 0.505, 0.1588 -1.2402 0.4918, 0.1201 -1.2402 0.7874, 0.4202 -1.2402 0.6828, 0.365 -1.2402 0.6224, 0.3516 -1.2402 0.6078, 0.2757 -1.2402 0.5464, 0.2505 -1.2402 0.5326, 0.1244 -1.2402 0.4808, 0.0666 -1.2402 0.4734, 0.061 -1.2402 0.4727, 1.0597 0.3057 5.2494, 1.0586 0.3057 5.2362, 1.0586 0.1772 5.2362, 1.0597 0.1772 5.2494, 1.0653 0.1772 5.268, 1.0653 0.3057 5.268, 1.0752 0.1772 5.2846, 1.0752 0.3057 5.2846, 1.0889 0.1772 5.2983, 1.0889 0.3057 5.2983, 1.1056 0.1772 5.3083, 1.1056 0.3057 5.3083, 1.1242 0.1772 5.3138, 1.1242 0.3057 5.3138, 1.1373 0.3058 5.315, 1.1309 0.3057 5.3147, 1.1373 0.1926 5.315, 1.1373 0.1795 5.315, 1.1373 0.1772 5.315, 1.1446 0.3065 5.315, 1.1504 0.3079 5.315, 1.1122 0.3059 4.514, 1.1725 0.3133 5.315, 1.1774 0.3158 5.315, 1.1259 0.3074 4.5063, 1.1961 0.3253 5.315, 1.2017 0.33 5.315, 1.1535 0.3163 4.4618, 1.2182 0.3441 5.315, 1.2221 0.3494 5.315, 1.1832 0.3389 4.3486, 1.2369 0.3733 5.315, 1.2445 0.3913 5.315, 1.2154 0.3907 4.3781, 1.2082 0.3734 4.3576, 1.2079 0.373 4.3567, 1.233 0.3641 5.315, 1.1944 0.3526 4.318, 1.1913 0.3491 4.3093, 1.19 0.3476 4.3055, 1.1726 0.3308 4.3892, 1.1368 0.3099 4.4938, 1.1513 0.3155 4.4659, 1.1182 0.3063 4.5117, 1.1255 0.3074 4.5065, 1.1062 0.3057 4.5148, 1.2734 0.6679 4.5438, 1.2624 0.5952 4.5123, 1.2874 0.5916 5.315, 1.2537 0.5378 4.4874, 1.3028 0.8071 5.315, 1.2805 0.8071 4.5641, 1.2802 0.7777 4.5632, 1.2618 0.1772 5.1575, 1.2618 -0.9904 5.1575, 1.268 -0.9837 5.174, 1.3115 -0.8733 5.2901, 1.3129 -0.8626 5.2939, 1.3185 -0.822 5.3086, 1.3191 -0.8071 5.3104, 1.3209 -0.7677 5.315, 1.3209 0.1772 5.315, 1.2693 -0.9823 5.1774, 1.2866 -0.954 5.2239, 1.2868 -0.9537 5.2244, 1.3005 -0.9184 5.2606, 1.3019 -0.9125 5.2645, 1.2224 1.437 0.7874, 1.2224 1.6339 0.7874, 1.2815 1.6339 0.4724, 1.2815 -1.2402 0.4724
            ]
        }
        coordIndex [
            0,1,2,-1,2,3,0,-1,0,3,4,-1,0,4,5,-1,5,6,0,-1,0,6,7,-1,0,7,8,-1,9,0,10,-1,10,11,12,-1,12,13,10,-1,10,13,14,-1,10,14,9,-1,15,16,17,-1,8,18,17,-1,17,18,19,-1,17,19,20,-1,20,21,17,-1,17,21,22,-1,17,22,15,-1,16,23,17,-1,17,23,24,-1,17,24,25,-1,26,27,28,-1,28,29,26,-1,26,29,30,-1,26,30,31,-1,31,30,32,-1,31,32,33,-1,33,32,34,-1,33,34,35,-1,35,34,36,-1,35,36,37,-1,37,36,38,-1,37,38,39,-1,40,41,42,-1,42,41,43,-1,39,38,41,-1,41,38,44,-1,41,44,43,-1,45,46,47,-1,48,49,50,-1,51,52,53,-1,54,55,56,-1,57,58,59,-1,59,60,57,-1,57,60,61,-1,57,61,62,-1,62,61,55,-1,61,63,55,-1,55,63,64,-1,55,64,56,-1,56,64,65,-1,54,56,52,-1,52,56,66,-1,52,66,53,-1,50,49,67,-1,51,53,49,-1,49,53,68,-1,49,68,67,-1,47,46,69,-1,48,50,46,-1,46,50,70,-1,46,70,69,-1,45,47,40,-1,40,47,71,-1,40,71,41,-1,72,73,74,-1,74,73,58,-1,58,73,75,-1,58,75,59,-1,76,77,74,-1,74,77,78,-1,74,78,72,-1,79,80,81,-1,82,83,79,-1,79,83,84,-1,84,85,79,-1,79,85,86,-1,79,86,87,-1,81,88,79,-1,79,88,89,-1,79,89,90,-1,90,91,79,-1,79,91,92,-1,79,92,82,-1,93,94,95,-1,95,96,93,-1,93,96,11,-1,93,11,10,-1,
        ]
    }
}
Shape{
    appearance Appearance {
        material  Material 	{
            diffuseColor 0.6666666666666666 0.6980392156862745 0.7686274509803922
            specularColor 0.3333333333333333 0.34901960784313724 0.3843137254901961
            ambientIntensity 0.6967
            transparency 0.0
            shininess 0.5
        }
    }
    geometry IndexedFaceSet {
        ccw TRUE
        solid FALSE
        coord DEF co Coordinate {
            point [
                1.3406 -1.2402 0.4724, 1.2807 -1.2402 0.4769, 1.2815 -1.2402 0.4724
            ]
        }
        coordIndex [
            0,1,2,-1,
        ]
    }
}
Shape{
    appearance Appearance {
        material  Material 	{
            diffuseColor 0.2235294117647059 0.2235294117647059 0.2235294117647059
            specularColor 0.11372549019607843 0.11372549019607843 0.11372549019607843
            ambientIntensity 0.2235
            transparency 0.0
            shininess 0.5
        }
    }
    geometry IndexedFaceSet {
        ccw TRUE
        solid FALSE
        coord DEF co Coordinate {
            point [
                1.3406 -1.2402 0.4724, 1.3406 -1.437 0.4724, 1.2807 -1.2402 0.4769, 1.2423 -1.437 0.4846, 1.2423 -1.2402 0.4846, 1.1485 -1.437 0.5211, 1.1485 -1.2402 0.5211, 1.0532 -1.437 0.5871, 1.0532 -1.2402 0.5871, 0.9287 -1.437 0.7262, 0.9287 -1.2402 0.7262, 0.8878 -1.437 0.7874, 0.8878 -1.2402 0.7874, 0.8507 -1.2402 0.8328, 0.8507 -1.437 0.8328, 0.8035 -1.2402 0.8674, 0.8035 -1.437 0.8674, 0.7491 -1.2402 0.8891, 0.7491 -1.437 0.8891, 0.6909 -1.2402 0.8965, 0.6909 -1.437 0.8965, 0.6328 -1.2402 0.8891, 0.6328 -1.437 0.8891, 0.5784 -1.2402 0.8674, 0.5784 -1.437 0.8674, 0.5312 -1.2402 0.8328, 0.5312 -1.437 0.8328, 0.4941 -1.2402 0.7874, 0.4941 -1.437 0.7874, 0.1201 -1.122 5.0787, 0.4547 -1.122 5.0787, 0.1201 -1.0827 5.0, 0.4547 -1.0827 5.0, 0.4547 -1.0827 5.0787, 0.4547 -1.0039 4.9213, 0.4547 -1.0827 4.685, 0.4547 -1.0039 4.4882, 1.2618 -1.0827 5.0787, 1.2618 -1.0039 4.9213, 1.2618 -1.0039 5.0787, 1.2618 -1.0039 4.2126, 1.2618 0.1772 4.2126, 1.2618 0.1772 5.1575, 1.2618 -1.0006 5.1183, 1.2618 -0.9904 5.1575, 0.1201 -1.0039 4.4882, 0.1201 -1.0039 4.2126, 0.1201 0.1772 4.2126, 0.1201 -1.0039 5.0787, 0.1201 -1.0006 5.1183, 0.1201 0.1772 5.1575, 0.1201 -0.9904 5.1575, 0.1201 -1.0827 4.685, 0.1014 0.8071 4.5641, 0.0791 0.8071 5.315, 0.1061 0.6941 4.5507, 0.0945 0.5916 5.315, 0.1665 0.3907 4.3781, 0.1539 0.4322 4.414, 0.1374 0.3913 5.315, 0.1216 0.5732 4.5064, 0.1188 0.595 4.5144, 0.2697 0.3059 4.514, 0.2315 0.3081 5.315, 0.2414 0.3061 5.315, 0.251 0.3057 5.3147, 0.2757 0.3057 4.5148, 0.2478 0.3058 5.3149, 0.2445 0.3059 5.315, 0.2637 0.3063 4.5117, 0.2563 0.3074 4.5065, 0.2142 0.3116 5.315, 0.256 0.3074 4.5063, 0.2046 0.3161 5.315, 0.2451 0.3099 4.4938, 0.2306 0.3155 4.4659, 0.1878 0.324 5.315, 0.2284 0.3163 4.4619, 0.1803 0.3301 5.315, 0.2093 0.3308 4.3893, 0.167 0.3407 5.315, 0.1987 0.3389 4.349, 0.1602 0.3496 5.315, 0.1681 0.3861 4.3736, 0.1451 0.3733 5.315, 0.1743 0.3731 4.3558, 0.1488 0.3645 5.315, 0.1768 0.3677 4.3486, 0.1907 0.3492 4.3089, 0.1919 0.3476 4.3055, 0.3214 0.1772 5.2532, 0.3233 0.1772 5.2362, 0.3233 0.3057 5.2362, 0.2616 0.3057 5.3131, 0.2445 0.1772 5.315, 0.2616 0.1772 5.3131, 0.2784 0.1772 5.3073, 0.2784 0.3057 5.3073, 0.2936 0.1772 5.2978, 0.2936 0.3057 5.2978, 0.3062 0.1772 5.2852, 0.3062 0.3057 5.2852, 0.3156 0.1772 5.2701, 0.3156 0.3057 5.2701, 0.3214 0.3057 5.2532, 0.061 0.1772 5.315, 1.0653 0.1772 5.268, 1.0597 0.1772 5.2494, 1.0586 0.1772 5.2362, 1.0586 0.1772 4.502, 0.3233 0.1772 4.502, 1.3209 0.1772 5.315, 1.1373 0.1772 5.315, 1.1242 0.1772 5.3138, 1.1056 0.1772 5.3083, 1.0889 0.1772 5.2983, 1.0752 0.1772 5.2846, 0.1139 -0.9838 5.174, 0.0688 -0.8627 5.2942, 0.0698 -0.8703 5.2915, 0.08 -0.9125 5.2644, 0.0814 -0.9186 5.2605, 0.0952 -0.954 5.2238, 0.061 -0.7677 5.315, 0.0627 -0.8071 5.3104, 0.0634 -0.8218 5.3087, 0.0955 -0.9548 5.2229, 0.1133 -0.9833 5.1754, 1.2805 0.8071 4.5641, 1.3028 0.8071 5.315, 1.2758 0.9201 4.5507, 1.2748 1.0966 5.315, 1.2603 1.0409 4.5064, 1.2487 1.0915 4.4733, 1.2607 1.1614 5.315, 1.2244 1.28 5.2344, 1.2548 1.1849 5.3136, 1.2145 1.3102 5.247, 1.2125 1.3152 5.2395, 1.2035 1.337 5.207, 1.2027 1.3388 5.2021, 1.2491 1.2051 5.3084, 1.2409 1.2338 5.3012, 1.2367 1.2467 5.2941, 1.2265 1.2779 5.2768, 1.2241 1.2842 5.2709, 1.1913 1.3583 5.0787, 1.1925 1.3583 5.1181, 1.1958 1.3534 5.1603, 1.196 1.353 5.1632, 1.1903 1.3052 4.4205, 1.2076 1.247 4.3558, 1.228 1.1819 4.4141, 1.1896 1.3624 5.0787, 1.18 1.3627 4.7821, 1.1704 1.363 4.4847, 1.0798 1.437 5.0787, 1.0634 1.437 4.5669, 1.1034 1.4346 5.0787, 1.0811 1.4357 4.5654, 1.1071 1.4334 5.0787, 1.0906 1.4334 4.5629, 1.1312 1.4252 5.0787, 1.1006 1.4309 4.5602, 1.1337 1.4236 5.0787, 1.1169 1.4236 4.5521, 1.1557 1.4094 5.0787, 1.1202 1.4222 4.5505, 1.1573 1.4077 5.0787, 1.18 1.3627 4.7821, 1.1763 1.3867 5.0787, 1.1288 1.4168 4.5445, 1.1395 1.4073 4.5339, 1.1756 1.388 5.0787, 1.1489 1.399 4.5247, 1.1574 1.3861 4.5104, 1.1665 1.3723 4.495, 0.3185 1.437 4.5669, 0.3021 1.437 5.0787, 0.2019 1.3627 4.7814, 0.2115 1.363 4.4847, 0.2245 1.3862 4.5104, 0.2481 1.4236 5.0787, 0.29 1.4335 4.563, 0.2732 1.4334 5.0787, 0.2912 1.4337 4.5632, 0.2747 1.4336 5.0787, 0.3104 1.4367 4.5666, 0.2292 1.3945 4.5197, 0.2424 1.4073 4.534, 0.2246 1.4076 5.0787, 0.2493 1.414 4.5414, 0.2459 1.4228 5.0787, 0.2651 1.4234 4.5518, 0.2707 1.4268 4.5556, 0.2221 1.4058 5.0787, 0.2057 1.3865 5.0787, 0.2032 1.3835 5.0787, 0.1923 1.3625 5.0787, 0.1109 0.9675 4.5371, 0.1318 1.0918 4.4773, 0.1071 1.0966 5.315, 0.1743 1.247 4.3558, 0.1916 1.3052 4.4205, 0.1329 1.0987 4.474, 0.2019 1.3627 4.7814, 0.1906 1.3583 5.0787, 0.1674 1.3102 5.247, 0.1578 1.2842 5.2709, 0.1574 1.28 5.2344, 0.1554 1.2779 5.2768, 0.1452 1.2467 5.2941, 0.141 1.2338 5.3012, 0.1328 1.2051 5.3084, 0.1792 1.3388 5.2021, 0.1784 1.337 5.207, 0.1694 1.3152 5.2395, 0.1894 1.3583 5.1181, 0.1861 1.3534 5.1603, 0.1859 1.353 5.1632, 0.1271 1.1849 5.3136, 0.1212 1.1614 5.315, 0.1023 0.8564 4.5616, 1.2618 1.437 4.2126, 1.2618 1.6339 4.3307, 1.2618 1.437 3.3465, 1.2618 1.6339 3.3465, 0.1201 1.6339 4.3307, 0.1201 1.437 4.2126, 0.1201 1.6339 3.3465, 0.1201 1.437 3.3465, 0.5027 -1.0039 0.7874, 0.5027 1.0236 0.7874, 0.8792 -1.0039 0.7874, 0.8792 1.0236 0.7874, 1.2224 -1.2402 0.7874, 0.8792 -1.1614 0.7874, 0.5027 -1.1614 0.7874, 0.1201 -1.2402 0.7874, 0.1201 1.437 0.7874, 1.2224 1.437 0.7874, 0.8792 1.1811 0.7874, 0.5027 1.1811 0.7874, 1.2224 1.437 1.7323, 1.2224 1.6339 1.7323, 1.2224 1.6339 0.7874, 0.1201 1.6339 1.7323, 0.1201 1.437 1.7323, 0.1201 1.6339 0.7874, 0.1244 -1.2402 0.4808, 0.1593 -1.437 0.4901, 0.0666 -1.2402 0.4734, 0.0667 -1.437 0.4732, 0.061 -1.2402 0.4727, 0.0413 -1.437 0.4724, 0.0413 -1.2402 0.4724, 0.2505 -1.2402 0.5326, 0.2513 -1.437 0.5311, 0.2002 -1.2402 0.505, 0.1588 -1.2402 0.4918, 0.2757 -1.2402 0.5464, 0.3516 -1.2402 0.6078, 0.3657 -1.437 0.6217, 0.4202 -1.2402 0.6828, 0.365 -1.2402 0.6224, 0.061 1.6339 0.4724
            ]
        }
        coordIndex [
            0,1,2,-1,2,1,3,-1,2,3,4,-1,4,3,5,-1,4,5,6,-1,6,5,7,-1,6,7,8,-1,8,7,9,-1,8,9,10,-1,10,9,11,-1,10,11,12,-1,12,11,13,-1,13,11,14,-1,13,14,15,-1,15,14,16,-1,15,16,17,-1,17,16,18,-1,17,18,19,-1,19,18,20,-1,19,20,21,-1,21,20,22,-1,21,22,23,-1,23,22,24,-1,23,24,25,-1,25,24,26,-1,25,26,27,-1,27,26,28,-1,29,30,31,-1,31,30,32,-1,30,33,32,-1,32,33,34,-1,32,34,35,-1,35,34,36,-1,37,38,33,-1,33,38,34,-1,38,37,39,-1,40,38,41,-1,41,38,39,-1,41,39,42,-1,42,39,43,-1,42,43,44,-1,45,46,47,-1,48,29,31,-1,48,47,49,-1,49,47,50,-1,49,50,51,-1,48,31,47,-1,47,31,52,-1,47,52,45,-1,53,54,55,-1,55,54,56,-1,57,58,59,-1,59,58,60,-1,59,60,56,-1,56,60,61,-1,56,61,55,-1,62,63,64,-1,65,66,67,-1,67,66,62,-1,67,62,68,-1,68,62,64,-1,62,69,63,-1,63,69,70,-1,63,70,71,-1,71,70,72,-1,71,72,73,-1,72,74,73,-1,73,74,75,-1,73,75,76,-1,76,75,77,-1,76,77,78,-1,78,77,79,-1,78,79,80,-1,80,79,81,-1,80,81,82,-1,57,59,83,-1,83,59,84,-1,83,84,85,-1,85,84,86,-1,85,86,87,-1,87,86,82,-1,87,82,88,-1,88,82,81,-1,88,81,89,-1,90,91,92,-1,93,65,94,-1,94,65,67,-1,94,67,68,-1,94,95,93,-1,93,95,96,-1,93,96,97,-1,97,96,98,-1,97,98,99,-1,99,98,100,-1,99,100,101,-1,101,100,102,-1,101,102,103,-1,103,102,90,-1,103,90,104,-1,104,90,92,-1,94,105,50,-1,106,107,42,-1,42,107,108,-1,42,108,41,-1,41,108,109,-1,41,109,47,-1,47,109,110,-1,47,110,50,-1,50,110,91,-1,50,91,90,-1,111,112,42,-1,42,112,113,-1,42,113,114,-1,114,115,42,-1,42,115,116,-1,42,116,106,-1,90,102,50,-1,50,102,100,-1,50,100,98,-1,98,96,50,-1,50,96,95,-1,50,95,94,-1,117,51,50,-1,118,119,120,-1,105,120,50,-1,50,120,121,-1,50,121,122,-1,105,123,120,-1,120,123,124,-1,120,124,118,-1,118,124,125,-1,122,126,50,-1,50,126,127,-1,50,127,117,-1,128,129,130,-1,130,129,131,-1,130,131,132,-1,132,131,133,-1,131,134,135,-1,135,134,136,-1,137,138,135,-1,135,138,139,-1,135,139,140,-1,136,141,135,-1,135,141,142,-1,135,142,143,-1,143,144,135,-1,135,144,145,-1,135,145,137,-1,146,133,147,-1,147,133,131,-1,147,131,148,-1,148,131,135,-1,148,135,149,-1,149,135,140,-1,150,151,152,-1,146,153,133,-1,133,153,154,-1,133,154,152,-1,152,154,155,-1,152,155,150,-1,156,157,158,-1,158,157,159,-1,158,159,160,-1,160,159,161,-1,160,161,162,-1,162,161,163,-1,162,163,164,-1,164,163,165,-1,164,165,166,-1,166,165,167,-1,166,167,168,-1,169,153,170,-1,167,171,168,-1,168,171,172,-1,168,172,173,-1,173,172,174,-1,173,174,170,-1,170,174,175,-1,170,175,169,-1,169,175,176,-1,169,176,155,-1,157,156,177,-1,177,156,178,-1,179,180,181,-1,182,183,184,-1,184,183,185,-1,184,185,186,-1,186,185,187,-1,186,187,178,-1,178,187,177,-1,188,189,190,-1,190,189,191,-1,190,191,192,-1,192,191,193,-1,192,193,182,-1,182,193,194,-1,182,194,183,-1,190,195,188,-1,188,195,196,-1,188,196,181,-1,181,196,197,-1,181,197,179,-1,179,197,198,-1,199,200,201,-1,202,203,204,-1,204,203,180,-1,180,205,204,-1,204,205,198,-1,204,198,200,-1,200,198,206,-1,200,206,201,-1,207,208,209,-1,209,208,210,-1,210,211,209,-1,209,211,212,-1,209,212,213,-1,214,215,209,-1,209,215,216,-1,209,216,207,-1,206,217,201,-1,201,217,218,-1,201,218,209,-1,209,218,219,-1,209,219,214,-1,213,220,209,-1,209,220,221,-1,209,221,201,-1,54,53,201,-1,201,53,222,-1,201,222,199,-1,223,224,225,-1,225,224,226,-1,224,223,227,-1,227,223,228,-1,227,228,229,-1,229,228,230,-1,231,232,233,-1,233,232,234,-1,235,12,236,-1,236,12,27,-1,236,27,237,-1,237,27,238,-1,237,238,231,-1,231,238,239,-1,231,239,232,-1,236,233,235,-1,235,233,234,-1,235,234,240,-1,240,234,241,-1,240,241,239,-1,239,241,242,-1,239,242,232,-1,243,244,240,-1,240,244,245,-1,246,247,248,-1,248,247,239,-1,249,250,251,-1,251,250,252,-1,251,252,253,-1,253,252,254,-1,253,254,255,-1,256,257,258,-1,258,257,250,-1,258,250,259,-1,259,250,249,-1,256,260,257,-1,257,260,261,-1,257,261,262,-1,27,28,263,-1,263,28,262,-1,263,262,264,-1,264,262,261,-1,238,253,239,-1,239,253,265,-1,239,265,248,-1,
        ]
    }
}
Shape{
    appearance Appearance {
        material  Material 	{
            diffuseColor 1.0 1.0 1.0
            specularColor 0.5019607843137255 0.5019607843137255 0.5019607843137255
            ambientIntensity 1.0
            transparency 0.0
            shininess 0.5
        }
    }
    geometry IndexedFaceSet {
        ccw TRUE
        solid FALSE
        coord DEF co Coordinate {
            point [
                3.565 -0.7782 5.7087, 3.568 -0.7763 5.7162, 3.5681 -0.7765 4.6457, 3.6604 -0.6922 4.6457, 3.6195 -0.7401 4.6457, 3.6601 -0.6919 5.7651, 3.6191 -0.7396 5.844, 3.6278 -0.7321 5.8658, 3.5987 -0.7571 5.7931, 3.5094 -0.7993 5.7087, 3.5094 -0.7993 4.6457, 3.4469 -0.8071 5.7087, 3.4469 -0.8071 4.6457, 3.3843 -0.7993 5.7087, 3.3843 -0.7993 4.6457, 3.3287 -0.7782 5.7087, 3.2409 -0.7031 5.7931, 3.2742 -0.7401 4.6457, 3.2339 -0.6918 5.7649, 3.2333 -0.6922 4.6457, 3.2198 -0.6693 5.7087, 3.3257 -0.7763 5.7162, 3.3256 -0.7765 4.6457, 3.295 -0.7571 5.7931, 3.2746 -0.7396 5.844, 3.2659 -0.7321 5.8658, 3.2053 -0.6357 5.7087, 3.2053 -0.6357 4.6457, 3.192 -0.5741 5.7087, 3.192 -0.5741 4.6457, 3.1909 -0.5512 4.6457, 3.1909 -0.5512 5.7087, 3.7028 -0.5512 5.7087, 3.7028 -0.5512 4.6457, 3.7017 -0.5741 5.7087, 3.7017 -0.5741 4.6457, 3.6884 -0.6357 5.7087, 3.6884 -0.6357 4.6457, 3.6739 -0.6693 5.7087, 3.6628 -0.6885 5.7566, 3.2336 -0.4105 5.7651, 3.2333 -0.4102 4.6457, 3.2742 -0.3623 4.6457, 3.6424 -0.3861 5.826, 3.6278 -0.3702 5.8658, 3.6189 -0.3631 5.8434, 3.7017 -0.5282 4.6457, 3.7017 -0.5282 5.7087, 3.6884 -0.4667 4.6457, 3.6884 -0.4667 5.7087, 3.6604 -0.4102 4.6457, 3.6739 -0.4331 5.7087, 3.6591 -0.4111 5.7637, 3.6195 -0.3623 4.6457, 3.5841 -0.3352 5.7566, 3.5681 -0.3258 4.6457, 3.5681 -0.3259 5.7164, 3.5453 -0.315 4.6457, 3.565 -0.3242 5.7087, 3.5089 -0.3047 4.6449, 3.5094 -0.303 5.7087, 3.4865 -0.2983 4.6445, 3.4469 -0.2953 5.7087, 3.3636 -0.3092 4.6455, 3.3847 -0.3047 4.6451, 3.3843 -0.303 5.7087, 3.4251 -0.2962 4.6442, 3.4468 -0.2969 4.6443, 3.3484 -0.315 4.6457, 3.3287 -0.3242 5.7087, 3.3256 -0.3258 4.6457, 3.3258 -0.3261 5.7161, 3.2659 -0.3702 5.8658, 3.2744 -0.3625 5.8446, 3.2818 -0.3556 5.826, 3.2309 -0.4139 5.7566, 3.2198 -0.4331 5.7087, 3.2053 -0.4667 4.6457, 3.2053 -0.4667 5.7087, 3.192 -0.5282 4.6457, 3.192 -0.5282 5.7087, 3.25 -0.3543 5.9055, 3.25 0.0787 5.9055, 3.3287 0.0787 5.7087, 3.565 0.0787 5.7087, 3.6437 0.0787 5.9055, 3.6437 -0.3543 5.9055, 2.9154 0.0787 5.9055, 2.9154 -0.3543 5.9055, 2.9154 -0.4331 5.7087, 2.9154 -0.6693 5.7087, 2.9154 -0.748 5.9055, 3.25 -0.748 5.9055, 3.2409 -0.7031 5.7931, 2.9154 -0.9843 5.9055, 3.25 -0.9843 5.9055, 3.3287 -0.9843 5.7087, 3.295 -0.7571 5.7931, 3.565 -0.9843 5.7087, 3.6437 -0.9843 5.9055, 3.5987 -0.7571 5.7931, 3.6437 -0.748 5.9055
            ]
        }
        coordIndex [
            0,1,2,-1,3,4,5,-1,5,4,6,-1,5,6,7,-1,2,1,4,-1,4,1,8,-1,4,8,6,-1,0,2,9,-1,9,2,10,-1,9,10,11,-1,11,10,12,-1,11,12,13,-1,13,12,14,-1,13,14,15,-1,16,17,18,-1,18,17,19,-1,18,19,20,-1,15,14,21,-1,21,14,22,-1,21,22,23,-1,23,22,17,-1,23,17,24,-1,24,17,16,-1,24,16,25,-1,20,19,26,-1,26,19,27,-1,26,27,28,-1,27,29,28,-1,28,29,30,-1,28,30,31,-1,32,33,34,-1,34,33,35,-1,34,35,36,-1,36,35,37,-1,36,37,38,-1,38,37,3,-1,38,3,39,-1,39,3,5,-1,40,41,42,-1,43,44,45,-1,33,32,46,-1,46,32,47,-1,46,47,48,-1,48,47,49,-1,48,49,50,-1,50,49,51,-1,43,45,52,-1,51,52,50,-1,50,52,45,-1,50,45,53,-1,53,45,54,-1,53,54,55,-1,55,54,56,-1,55,56,57,-1,57,56,58,-1,57,58,59,-1,59,58,60,-1,59,60,61,-1,61,60,62,-1,63,64,65,-1,65,64,66,-1,65,66,62,-1,62,66,67,-1,62,67,61,-1,63,65,68,-1,68,65,69,-1,68,69,70,-1,70,69,71,-1,70,71,42,-1,72,40,73,-1,73,40,42,-1,73,42,74,-1,74,42,71,-1,40,75,41,-1,41,75,76,-1,41,76,77,-1,77,76,78,-1,77,78,79,-1,78,80,79,-1,79,80,31,-1,79,31,30,-1,81,72,82,-1,82,72,73,-1,69,83,71,-1,71,83,82,-1,71,82,74,-1,74,82,73,-1,84,58,56,-1,84,56,85,-1,44,86,45,-1,45,86,85,-1,45,85,54,-1,54,85,56,-1,69,65,83,-1,83,65,62,-1,83,62,84,-1,84,62,60,-1,84,60,58,-1,82,87,81,-1,81,87,88,-1,88,89,76,-1,72,81,40,-1,40,81,88,-1,40,88,75,-1,75,88,76,-1,78,76,89,-1,90,20,26,-1,26,28,90,-1,90,28,31,-1,90,31,89,-1,89,31,80,-1,89,80,78,-1,91,92,25,-1,20,90,18,-1,18,90,91,-1,18,91,93,-1,93,91,25,-1,94,95,91,-1,91,95,92,-1,96,15,21,-1,96,21,95,-1,25,92,24,-1,24,92,95,-1,24,95,97,-1,97,95,21,-1,0,9,98,-1,98,9,11,-1,98,11,96,-1,96,11,13,-1,96,13,15,-1,0,98,1,-1,1,98,99,-1,1,99,100,-1,101,7,99,-1,99,7,6,-1,99,6,100,-1,
        ]
    }
}
Shape{
    appearance Appearance {
        material  Material 	{
            diffuseColor 0.2235294117647059 0.2235294117647059 0.2235294117647059
            specularColor 0.11372549019607843 0.11372549019607843 0.11372549019607843
            ambientIntensity 0.2235
            transparency 0.0
            shininess 0.5
        }
    }
    geometry IndexedFaceSet {
        ccw TRUE
        solid FALSE
        coord DEF co Coordinate {
            point [
                3.9783 -0.2962 4.6442, 3.9783 -0.315 4.6457, 3.5453 -0.315 4.6457, 3.5089 -0.3047 4.6449, 3.4865 -0.2983 4.6445, 3.4468 -0.2969 4.6443, 3.4251 -0.2962 4.6442, 3.0925 -0.315 4.6457, 3.0925 -0.2962 4.6442, 3.3847 -0.3047 4.6451, 3.3636 -0.3092 4.6455, 3.3484 -0.315 4.6457, 3.9783 -0.2681 4.636, 3.0925 -0.2681 4.636, 3.9783 -0.2429 4.6211, 3.0925 -0.2429 4.6211, 3.9783 -0.2221 4.6005, 3.0925 -0.2221 4.6005, 3.9783 -0.207 4.5755, 3.0925 -0.207 4.5755, 3.9783 -0.1985 4.5475, 3.0925 -0.1985 4.5475, 3.9783 -0.1968 4.5276, 3.0925 -0.1968 4.5276, 3.2333 -0.6922 4.6457, 3.2742 -0.7401 4.6457, 3.0925 -0.9843 4.6457, 3.3256 -0.7765 4.6457, 3.6884 -0.4667 4.6457, 3.6604 -0.4102 4.6457, 3.2742 -0.3623 4.6457, 3.3256 -0.3258 4.6457, 3.2333 -0.4102 4.6457, 3.2053 -0.4667 4.6457, 3.192 -0.5282 4.6457, 3.7017 -0.5282 4.6457, 3.6195 -0.3623 4.6457, 3.5681 -0.3258 4.6457, 3.5094 -0.7993 4.6457, 3.8996 -0.9843 4.6457, 3.4469 -0.8071 4.6457, 3.3843 -0.7993 4.6457, 3.6604 -0.6922 4.6457, 3.9783 -0.9055 4.6457, 3.6195 -0.7401 4.6457, 3.9765 -0.9224 4.6457, 3.9708 -0.9392 4.6457, 3.1909 -0.5512 4.6457, 3.192 -0.5741 4.6457, 3.2053 -0.6357 4.6457, 3.9614 -0.9543 4.6457, 3.9489 -0.9669 4.6457, 3.934 -0.9764 4.6457, 3.6884 -0.6357 4.6457, 3.7017 -0.5741 4.6457, 3.7028 -0.5512 4.6457, 3.5681 -0.7765 4.6457, 3.9172 -0.9823 4.6457
            ]
        }
        coordIndex [
            0,1,2,-1,2,3,0,-1,0,3,4,-1,0,4,5,-1,6,7,8,-1,6,9,7,-1,7,9,10,-1,7,10,11,-1,5,6,0,-1,0,6,8,-1,0,8,12,-1,12,8,13,-1,12,13,14,-1,14,13,15,-1,14,15,16,-1,16,15,17,-1,16,17,18,-1,18,17,19,-1,18,19,20,-1,20,19,21,-1,20,21,22,-1,22,21,23,-1,24,25,26,-1,26,25,27,-1,28,29,1,-1,30,7,31,-1,31,7,11,-1,30,32,7,-1,7,32,33,-1,7,33,34,-1,28,1,35,-1,29,36,1,-1,1,36,37,-1,1,37,2,-1,38,39,40,-1,40,39,26,-1,40,26,41,-1,41,26,27,-1,42,43,44,-1,44,43,45,-1,44,45,46,-1,34,47,7,-1,7,47,48,-1,7,48,26,-1,26,48,49,-1,26,49,24,-1,46,50,44,-1,44,50,51,-1,44,51,52,-1,42,53,43,-1,43,53,54,-1,43,54,1,-1,1,54,55,-1,1,55,35,-1,38,56,39,-1,39,56,44,-1,39,44,57,-1,57,44,52,-1,
        ]
    }
}
Shape{
    appearance Appearance {
        material  Material 	{
            diffuseColor 1.0 1.0 1.0
            specularColor 0.5019607843137255 0.5019607843137255 0.5019607843137255
            ambientIntensity 1.0
            transparency 0.0
            shininess 0.5
        }
    }
    geometry IndexedFaceSet {
        ccw TRUE
        solid FALSE
        coord DEF co Coordinate {
            point [
                3.9765 -0.9224 4.6457, 3.9783 -0.9055 4.6457, 3.9783 -0.9055 5.9055, 3.9765 -0.9224 5.9055, 3.9708 -0.9392 5.9055, 3.9708 -0.9392 4.6457, 3.9614 -0.9543 5.9055, 3.9614 -0.9543 4.6457, 3.9489 -0.9669 5.9055, 3.9489 -0.9669 4.6457, 3.934 -0.9764 5.9055, 3.934 -0.9764 4.6457, 3.9172 -0.9823 5.9055, 3.9172 -0.9823 4.6457, 3.8996 -0.9843 5.9055, 3.8996 -0.9843 4.6457, 3.9783 -0.748 5.9055, 3.6437 -0.748 5.9055, 3.6437 -0.9843 5.9055, 3.9783 -0.6693 5.7087, 3.6739 -0.6693 5.7087, 3.6278 -0.7321 5.8658, 3.6601 -0.6919 5.7651, 3.6628 -0.6885 5.7566, 3.6884 -0.6357 5.7087, 3.9783 -0.4331 5.7087, 3.6739 -0.4331 5.7087, 3.6884 -0.4667 5.7087, 3.7017 -0.5282 5.7087, 3.7028 -0.5512 5.7087, 3.7017 -0.5741 5.7087, 3.9783 -0.3543 5.9055, 3.6437 -0.3543 5.9055, 3.6278 -0.3702 5.8658, 3.6591 -0.4111 5.7637, 3.6424 -0.3861 5.826, 3.9783 0.0787 5.9055, 3.6437 0.0787 5.9055, 3.565 0.0787 5.7087, 3.9783 0.0787 5.4094, 3.3287 0.0787 5.7087, 2.9154 0.0787 5.4094, 3.25 0.0787 5.9055, 2.9154 0.0787 5.9055, 2.9154 0.1575 5.2835, 3.9783 0.1575 5.2835
            ]
        }
        coordIndex [
            0,1,2,-1,2,3,0,-1,0,3,4,-1,0,4,5,-1,5,4,6,-1,5,6,7,-1,7,6,8,-1,7,8,9,-1,9,8,10,-1,9,10,11,-1,11,10,12,-1,11,12,13,-1,13,12,14,-1,13,14,15,-1,3,2,14,-1,16,17,2,-1,2,17,18,-1,2,18,14,-1,8,14,10,-1,10,14,12,-1,8,6,14,-1,14,6,4,-1,14,4,3,-1,16,19,20,-1,21,17,22,-1,22,17,16,-1,22,16,23,-1,23,16,20,-1,24,20,19,-1,25,26,27,-1,27,28,25,-1,25,28,29,-1,25,29,19,-1,19,29,30,-1,19,30,24,-1,31,32,33,-1,26,25,34,-1,34,25,31,-1,34,31,35,-1,35,31,33,-1,36,37,31,-1,31,37,32,-1,37,36,38,-1,38,36,39,-1,38,39,40,-1,40,39,41,-1,40,41,42,-1,42,41,43,-1,41,39,44,-1,44,39,45,-1,
        ]
    }
}
Shape{
    appearance Appearance {
        material  Material 	{
            diffuseColor 0.6666666666666666 0.6980392156862745 0.7686274509803922
            specularColor 0.3333333333333333 0.34901960784313724 0.3843137254901961
            ambientIntensity 0.6967
            transparency 0.0
            shininess 0.5
        }
    }
    geometry IndexedFaceSet {
        ccw TRUE
        solid FALSE
        coord DEF co Coordinate {
            point [
                3.6043 -1.2402 0.1575, 3.2894 -1.2402 0.1575, 3.6043 -2.0669 0.1575, 3.2894 -2.0669 0.1575, 3.6043 -2.0669 0.0, 3.2894 -2.0669 0.0, 3.2894 -1.2402 0.0, 3.6043 -1.2402 0.0, 3.2894 1.2598 0.1575, 3.6043 1.2598 0.1575, 3.2894 2.0669 0.1575, 3.6043 2.0669 0.1575, 3.6043 1.2598 0.0, 3.2894 1.2598 0.0, 3.6043 2.0669 0.0, 3.2894 2.0669 0.0
            ]
        }
        coordIndex [
            0,1,2,-1,2,1,3,-1,2,3,4,-1,4,3,5,-1,6,7,5,-1,5,7,4,-1,8,9,10,-1,10,9,11,-1,12,13,14,-1,14,13,15,-1,14,15,11,-1,11,15,10,-1,
        ]
    }
}
Shape{
    appearance Appearance {
        material  Material 	{
            diffuseColor 1.0 1.0 1.0
            specularColor 0.5019607843137255 0.5019607843137255 0.5019607843137255
            ambientIntensity 1.0
            transparency 0.0
            shininess 0.5
        }
    }
    geometry IndexedFaceSet {
        ccw TRUE
        solid FALSE
        coord DEF co Coordinate {
            point [
                2.9154 0.0787 5.4094, 2.9154 0.1575 5.2835, 2.9154 0.1575 4.2126, 2.9154 -0.4331 5.7087, 2.9154 -0.3543 5.9055, 2.9154 0.0787 5.9055, 2.9154 -0.6693 5.7087, 2.9154 -0.9843 4.2126, 2.9154 -0.748 5.9055, 2.9154 -0.9843 5.9055, 3.0925 -0.9843 4.6457, 3.0925 -0.9843 4.2126, 3.25 -0.9843 5.9055, 3.3287 -0.9843 5.7087, 3.565 -0.9843 5.7087, 3.8996 -0.9843 4.6457, 3.6437 -0.9843 5.9055, 3.8996 -0.9843 5.9055
            ]
        }
        coordIndex [
            0,1,2,-1,3,4,5,-1,5,0,3,-1,3,0,2,-1,3,2,6,-1,6,2,7,-1,6,7,8,-1,8,7,9,-1,9,7,10,-1,10,7,11,-1,12,9,13,-1,13,9,10,-1,13,10,14,-1,14,10,15,-1,14,15,16,-1,16,15,17,-1,
        ]
    }
}
Shape{
    appearance Appearance {
        material  Material 	{
            diffuseColor 0.2235294117647059 0.2235294117647059 0.2235294117647059
            specularColor 0.11372549019607843 0.11372549019607843 0.11372549019607843
            ambientIntensity 0.2235
            transparency 0.0
            shininess 0.5
        }
    }
    geometry IndexedFaceSet {
        ccw TRUE
        solid FALSE
        coord DEF co Coordinate {
            point [
                3.0925 -0.315 4.6457, 3.0925 -0.9843 4.6457, 3.0925 -0.9843 4.2126, 3.0925 -0.1968 4.2126, 3.0925 -0.1968 4.5276, 3.0925 -0.2962 4.6442, 3.0925 -0.1985 4.5475, 3.0925 -0.207 4.5755, 3.0925 -0.2221 4.6005, 3.0925 -0.2429 4.6211, 3.0925 -0.2681 4.636, 3.9783 -0.1968 4.5276, 3.9783 -0.1968 4.2126
            ]
        }
        coordIndex [
            0,1,2,-1,2,3,0,-1,0,3,4,-1,0,4,5,-1,5,4,6,-1,5,6,7,-1,7,8,5,-1,5,8,9,-1,5,9,10,-1,4,3,11,-1,11,3,12,-1,
        ]
    }
}
Shape{
    appearance Appearance {
        material  Material 	{
            diffuseColor 1.0 1.0 1.0
            specularColor 0.5019607843137255 0.5019607843137255 0.5019607843137255
            ambientIntensity 1.0
            transparency 0.0
            shininess 0.5
        }
    }
    geometry IndexedFaceSet {
        ccw TRUE
        solid FALSE
        coord DEF co Coordinate {
            point [
                3.9783 -0.1968 4.5276, 3.9783 -0.1968 4.2126, 3.9783 0.1575 4.2126, 3.9783 0.0787 5.9055, 3.9783 -0.3543 5.9055, 3.9783 0.0787 5.4094, 3.9783 -0.4331 5.7087, 3.9783 0.1575 5.2835, 3.9783 -0.2681 4.636, 3.9783 -0.2429 4.6211, 3.9783 -0.2962 4.6442, 3.9783 -0.2221 4.6005, 3.9783 -0.207 4.5755, 3.9783 -0.1985 4.5475, 3.9783 -0.748 5.9055, 3.9783 -0.9055 5.9055, 3.9783 -0.6693 5.7087, 3.9783 -0.9055 4.6457, 3.9783 -0.315 4.6457
            ]
        }
        coordIndex [
            0,1,2,-1,3,4,5,-1,5,4,6,-1,5,6,7,-1,7,6,2,-1,8,9,6,-1,8,6,10,-1,9,11,6,-1,6,11,12,-1,6,12,2,-1,2,12,13,-1,2,13,0,-1,14,15,16,-1,16,15,17,-1,16,17,6,-1,6,17,18,-1,6,18,10,-1,
        ]
    }
}
Shape{
    appearance Appearance {
        material  Material 	{
            diffuseColor 0.2235294117647059 0.2235294117647059 0.2235294117647059
            specularColor 0.11372549019607843 0.11372549019607843 0.11372549019607843
            ambientIntensity 0.2235
            transparency 0.0
            shininess 0.5
        }
    }
    geometry IndexedFaceSet {
        ccw TRUE
        solid FALSE
        coord DEF co Coordinate {
            point [
                3.9783 0.1575 5.2835, 3.9783 0.1575 4.2126, 2.9154 0.1575 5.2835, 2.9154 0.1575 4.2126, 3.8145 0.3013 4.5285, 3.8145 0.3057 4.5148, 3.0792 0.3057 4.5148, 3.0792 0.3013 4.5285, 3.0792 0.2937 4.5413, 3.8145 0.2937 4.5413, 3.0792 0.2834 4.552, 3.8145 0.2834 4.552, 3.0792 0.2709 4.5602, 3.8145 0.2709 4.5602, 3.0792 0.2569 4.5652, 3.8145 0.2569 4.5652, 3.0792 0.2421 4.5669, 3.8145 0.2421 4.5669, 3.9134 0.3661 4.2126, 3.9134 1.1181 4.2126, 2.9803 0.3661 4.2126, 2.9803 1.1181 4.2126
            ]
        }
        coordIndex [
            0,1,2,-1,2,1,3,-1,4,5,6,-1,6,7,4,-1,4,7,8,-1,4,8,9,-1,9,8,10,-1,9,10,11,-1,11,10,12,-1,11,12,13,-1,13,12,14,-1,13,14,15,-1,15,14,16,-1,15,16,17,-1,18,19,20,-1,20,19,21,-1,
        ]
    }
}
Shape{
    appearance Appearance {
        material  Material 	{
            diffuseColor 0.6666666666666666 0.6980392156862745 0.7686274509803922
            specularColor 0.3333333333333333 0.34901960784313724 0.3843137254901961
            ambientIntensity 0.6967
            transparency 0.0
            shininess 0.5
        }
    }
    geometry IndexedFaceSet {
        ccw TRUE
        solid FALSE
        coord DEF co Coordinate {
            point [
                3.6043 -1.2402 0.0, 3.2894 -1.2402 0.0, 3.2894 -1.1876 0.0059, 3.6043 -1.1876 0.0059, 3.2894 -1.1377 0.0234, 3.6043 -1.1377 0.0234, 3.2894 -1.0929 0.0515, 3.6043 -1.0929 0.0515, 3.2894 -1.0555 0.0889, 3.6043 -1.0555 0.0889, 3.2894 -1.0273 0.1337, 3.6043 -1.0273 0.1337, 3.2894 -1.0099 0.1837, 3.6043 -1.0099 0.1837, 3.2894 -1.0039 0.2362, 3.6043 -1.0039 0.2362, 3.6043 -2.0669 0.1575, 3.6043 -2.0669 0.0, 3.6043 -1.2402 0.1575, 3.6043 -1.2226 0.1595, 3.6043 -1.206 0.1653, 3.6043 -1.1911 0.1747, 3.6043 -1.1786 0.1871, 3.6043 -1.1692 0.2021, 3.6043 -1.1634 0.2187, 3.6043 -1.1614 0.2362, 3.6043 -1.1614 0.6114, 3.6043 -1.0039 0.6114, 3.2894 -1.1614 0.2362, 3.2894 -1.1634 0.2187, 3.2894 -1.1692 0.2021, 3.2894 -1.1786 0.1871, 3.2894 -1.1911 0.1747, 3.2894 -1.206 0.1653, 3.2894 -1.2226 0.1595, 3.2894 -1.2402 0.1575, 3.2894 -1.1614 0.6114, 3.2894 -1.0039 0.6114, 3.2894 -2.0669 0.1575, 3.2894 -2.0669 0.0, 3.6043 1.2598 0.1575, 3.2894 1.2598 0.1575, 3.6043 1.2423 0.1595, 3.2894 1.2423 0.1595, 3.6043 1.2257 0.1653, 3.2894 1.2257 0.1653, 3.6043 1.2107 0.1747, 3.2894 1.2107 0.1747, 3.6043 1.1983 0.1871, 3.2894 1.1983 0.1871, 3.6043 1.1889 0.2021, 3.2894 1.1889 0.2021, 3.6043 1.1831 0.2187, 3.2894 1.1831 0.2187, 3.6043 1.1811 0.2362, 3.2894 1.1811 0.2362, 3.6043 1.1811 0.6114, 3.6043 1.0236 0.6114, 3.6043 1.0236 0.2362, 3.6043 1.0295 0.1837, 3.6043 1.047 0.1337, 3.6043 1.0752 0.0889, 3.6043 1.1126 0.0515, 3.6043 1.1574 0.0234, 3.6043 1.2073 0.0059, 3.6043 1.2598 0.0, 3.6043 2.0669 0.1575, 3.6043 2.0669 0.0, 3.2894 1.0236 0.2362, 3.2894 1.0295 0.1837, 3.2894 1.047 0.1337, 3.2894 1.0752 0.0889, 3.2894 1.1126 0.0515, 3.2894 1.1574 0.0234, 3.2894 1.2073 0.0059, 3.2894 1.2598 0.0, 3.2894 2.0669 0.1575, 3.2894 2.0669 0.0, 3.2894 1.1811 0.6114, 3.2894 1.0236 0.6114
            ]
        }
        coordIndex [
            0,1,2,-1,0,2,3,-1,3,2,4,-1,3,4,5,-1,5,4,6,-1,5,6,7,-1,7,6,8,-1,7,8,9,-1,9,8,10,-1,9,10,11,-1,11,10,12,-1,11,12,13,-1,13,12,14,-1,13,14,15,-1,16,17,18,-1,18,17,0,-1,18,0,19,-1,19,0,3,-1,19,3,20,-1,20,3,5,-1,20,5,21,-1,21,5,7,-1,21,7,22,-1,22,7,9,-1,22,9,23,-1,23,9,11,-1,23,11,24,-1,24,11,13,-1,24,13,25,-1,25,13,15,-1,25,15,26,-1,26,15,27,-1,25,28,24,-1,24,28,29,-1,24,29,23,-1,23,29,30,-1,23,30,22,-1,22,30,31,-1,22,31,21,-1,21,31,32,-1,21,32,20,-1,20,32,33,-1,20,33,19,-1,19,33,34,-1,19,34,18,-1,18,34,35,-1,36,37,28,-1,28,37,14,-1,28,14,29,-1,29,14,12,-1,29,12,30,-1,30,12,10,-1,30,10,31,-1,31,10,8,-1,31,8,32,-1,32,8,6,-1,32,6,33,-1,33,6,4,-1,33,4,34,-1,34,4,2,-1,34,2,35,-1,35,2,1,-1,35,1,38,-1,38,1,39,-1,40,41,42,-1,42,41,43,-1,42,43,44,-1,44,43,45,-1,44,45,46,-1,46,45,47,-1,46,47,48,-1,48,47,49,-1,48,49,50,-1,50,49,51,-1,50,51,52,-1,52,51,53,-1,52,53,54,-1,54,53,55,-1,56,57,54,-1,54,57,58,-1,54,58,52,-1,52,58,59,-1,52,59,50,-1,50,59,60,-1,50,60,48,-1,48,60,61,-1,48,61,46,-1,46,61,62,-1,46,62,44,-1,44,62,63,-1,44,63,42,-1,42,63,64,-1,42,64,40,-1,40,64,65,-1,40,65,66,-1,66,65,67,-1,58,68,69,-1,58,69,59,-1,59,69,70,-1,59,70,60,-1,60,70,71,-1,60,71,61,-1,61,71,72,-1,61,72,62,-1,62,72,73,-1,62,73,63,-1,63,73,74,-1,63,74,64,-1,64,74,75,-1,64,75,65,-1,76,77,41,-1,41,77,75,-1,41,75,43,-1,43,75,74,-1,43,74,45,-1,45,74,73,-1,45,73,47,-1,47,73,72,-1,47,72,49,-1,49,72,71,-1,49,71,51,-1,51,71,70,-1,51,70,53,-1,53,70,69,-1,53,69,55,-1,55,69,68,-1,55,68,78,-1,78,68,79,-1,
        ]
    }
}
Shape{
    appearance Appearance {
        material  Material 	{
            diffuseColor 0.2235294117647059 0.2235294117647059 0.2235294117647059
            specularColor 0.11372549019607843 0.11372549019607843 0.11372549019607843
            ambientIntensity 0.2235
            transparency 0.0
            shininess 0.5
        }
    }
    geometry IndexedFaceSet {
        ccw TRUE
        solid FALSE
        coord DEF co Coordinate {
            point [
                3.8621 0.3057 4.5148, 3.8145 0.3057 4.5148, 3.8868 0.3057 5.3147, 3.8145 0.3057 5.2362, 3.8801 0.3057 5.3138, 3.8156 0.3057 5.2494, 3.8212 0.3057 5.268, 3.8311 0.3057 5.2846, 3.8615 0.3057 5.3083, 3.8448 0.3057 5.2983, 3.2106 -1.0039 4.9213, 4.0177 -1.0039 4.9213, 3.2106 -1.0039 4.4882, 4.0177 -1.0039 4.2126, 2.876 -1.0039 4.4882, 2.876 -1.0039 4.2126, 3.2106 -1.0827 4.685, 2.876 -1.0827 4.685, 3.2106 -1.0827 5.0, 2.876 -1.0827 5.0, 3.9391 0.3389 4.3486, 3.9459 0.3476 4.3055, 3.9134 0.3661 4.2126, 2.9803 0.3661 4.2126, 2.9478 0.3476 4.3055, 2.9546 0.3389 4.349, 2.9652 0.3308 4.3893, 2.9843 0.3163 4.4619, 2.9865 0.3155 4.4659, 3.0011 0.3099 4.4938, 3.0792 0.3057 4.5148, 3.9072 0.3155 4.4659, 3.9094 0.3163 4.4618, 3.9285 0.3308 4.3892, 3.0119 0.3074 4.5063, 3.0123 0.3074 4.5065, 3.0197 0.3063 4.5117, 3.8681 0.3059 4.514, 3.8741 0.3063 4.5117, 3.8814 0.3074 4.5065, 3.8818 0.3074 4.5063, 3.8927 0.3099 4.4938, 3.0256 0.3059 4.514, 3.0316 0.3057 4.5148, 3.0792 0.3057 5.2362, 3.0069 0.3057 5.3147, 3.0175 0.3057 5.3131, 3.0773 0.3057 5.2532, 3.0343 0.3057 5.3073, 3.0495 0.3057 5.2978, 3.0621 0.3057 5.2852, 3.0715 0.3057 5.2701
            ]
        }
        coordIndex [
            0,1,2,-1,2,1,3,-1,2,3,4,-1,4,3,5,-1,5,6,4,-1,4,6,7,-1,4,7,8,-1,8,7,9,-1,10,11,12,-1,12,11,13,-1,12,13,14,-1,14,13,15,-1,12,14,16,-1,16,14,17,-1,16,17,18,-1,18,17,19,-1,20,21,22,-1,23,24,22,-1,22,24,25,-1,22,25,26,-1,26,27,22,-1,22,27,28,-1,22,28,29,-1,30,1,22,-1,22,1,0,-1,31,32,22,-1,22,32,33,-1,22,33,20,-1,29,34,22,-1,22,34,35,-1,22,35,36,-1,0,37,22,-1,22,37,38,-1,22,38,39,-1,39,40,22,-1,22,40,41,-1,22,41,31,-1,36,42,22,-1,22,42,43,-1,22,43,30,-1,44,30,43,-1,43,45,44,-1,44,45,46,-1,44,46,47,-1,47,46,48,-1,48,49,47,-1,47,49,50,-1,47,50,51,-1,
        ]
    }
}
Shape{
    appearance Appearance {
        material  Material 	{
            diffuseColor 1.0 1.0 1.0
            specularColor 0.5019607843137255 0.5019607843137255 0.5019607843137255
            ambientIntensity 1.0
            transparency 0.0
            shininess 0.5
        }
    }
    geometry IndexedFaceSet {
        ccw TRUE
        solid FALSE
        coord DEF co Coordinate {
            point [
                3.9783 -0.1968 4.2126, 4.0177 -1.0039 4.2126, 4.0177 0.1772 4.2126, 3.0925 -0.1968 4.2126, 3.0925 -0.9843 4.2126, 2.876 -1.0039 4.2126, 2.9154 -0.9843 4.2126, 2.876 0.1772 4.2126, 2.9154 0.1575 4.2126, 3.9783 0.1575 4.2126
            ]
        }
        coordIndex [
            0,1,2,-1,0,3,1,-1,1,3,4,-1,1,4,5,-1,5,4,6,-1,5,6,7,-1,7,6,8,-1,7,8,2,-1,2,8,9,-1,2,9,0,-1,
        ]
    }
}
Shape{
    appearance Appearance {
        material  Material 	{
            diffuseColor 0.2235294117647059 0.2235294117647059 0.2235294117647059
            specularColor 0.11372549019607843 0.11372549019607843 0.11372549019607843
            ambientIntensity 0.2235
            transparency 0.0
            shininess 0.5
        }
    }
    geometry IndexedFaceSet {
        ccw TRUE
        solid FALSE
        coord DEF co Coordinate {
            point [
                3.0792 0.1772 5.2362, 3.0792 0.1962 4.5479, 3.0792 0.2096 4.5582, 3.0792 0.2253 4.5647, 3.0792 0.2421 4.5669, 3.0792 0.3057 5.2362, 3.0792 0.1772 4.502, 3.0792 0.1794 4.5188, 3.0792 0.1859 4.5345, 3.0792 0.2569 4.5652, 3.0792 0.2709 4.5602, 3.0792 0.2834 4.552, 3.0792 0.2937 4.5413, 3.0792 0.3013 4.5285, 3.0792 0.3057 4.5148, 3.8145 0.2421 4.5669, 3.8145 0.2253 4.5647, 3.8145 0.2096 4.5582, 3.8145 0.1962 4.5479, 3.8145 0.1859 4.5345, 3.8145 0.1794 4.5188, 3.8145 0.1772 4.502, 3.8145 0.1772 5.2362, 3.8145 0.3057 4.5148, 3.8145 0.3013 4.5285, 3.8145 0.3057 5.2362, 3.8145 0.2937 4.5413, 3.8145 0.2834 4.552, 3.8145 0.2709 4.5602, 3.8145 0.2569 4.5652, 3.9134 0.3661 4.2126, 4.0046 1.0915 4.4733, 3.9134 1.1181 4.2126, 3.9839 1.1819 4.4141, 3.9635 1.247 4.3558, 4.0183 0.5952 4.5123, 4.0293 0.6679 4.5438, 4.0361 0.7777 4.5632, 4.0364 0.8071 4.5641, 3.9638 0.373 4.3567, 3.9503 0.3526 4.318, 3.9472 0.3491 4.3093, 3.9459 0.3476 4.3055, 3.9641 0.3734 4.3576, 3.9713 0.3907 4.3781, 4.0096 0.5378 4.4874, 4.0317 0.9201 4.5507, 4.0162 1.0409 4.5064, 2.9803 1.1181 4.2126, 2.9302 1.247 4.3558, 2.8888 1.0987 4.474, 2.9478 0.3476 4.3055, 2.9803 0.3661 4.2126, 2.9466 0.3492 4.3089, 2.9327 0.3677 4.3486, 2.8877 1.0918 4.4773, 2.8668 0.9675 4.5371, 2.8582 0.8564 4.5616, 2.9224 0.3907 4.3781, 2.924 0.3861 4.3736, 2.9302 0.3731 4.3558, 2.8573 0.8071 4.5641, 2.862 0.6941 4.5507, 2.8747 0.595 4.5144, 2.8775 0.5732 4.5064, 2.9098 0.4322 4.414, 3.9048 1.399 4.5247, 3.8954 1.4073 4.5339, 3.9462 1.3052 4.4205, 3.9263 1.363 4.4847, 3.9224 1.3723 4.495, 3.9133 1.3861 4.5104, 3.8465 1.4334 4.5629, 3.8565 1.4309 4.5602, 3.8729 1.4236 4.5521, 3.0744 1.437 4.5669, 3.0663 1.4367 4.5666, 3.0471 1.4337 4.5632, 3.0459 1.4335 4.563, 3.0267 1.4268 4.5556, 3.021 1.4234 4.5518, 3.0052 1.414 4.5414, 3.8847 1.4168 4.5445, 3.8761 1.4222 4.5505, 3.837 1.4357 4.5654, 3.8193 1.437 4.5669, 2.9983 1.4073 4.534, 2.9851 1.3945 4.5197, 2.9804 1.3862 4.5104, 2.9674 1.363 4.4847, 2.9475 1.3052 4.4205
            ]
        }
        coordIndex [
            0,1,2,-1,2,3,0,-1,0,3,4,-1,0,4,5,-1,6,7,0,-1,0,7,8,-1,0,8,1,-1,4,9,5,-1,5,9,10,-1,5,10,11,-1,11,12,5,-1,5,12,13,-1,5,13,14,-1,15,4,3,-1,15,3,16,-1,16,3,2,-1,16,2,17,-1,17,2,1,-1,17,1,18,-1,18,1,8,-1,18,8,19,-1,19,8,7,-1,19,7,20,-1,20,7,6,-1,20,6,21,-1,18,22,17,-1,17,22,16,-1,18,19,22,-1,22,19,20,-1,22,20,21,-1,23,24,25,-1,25,24,26,-1,25,26,27,-1,27,28,25,-1,25,28,29,-1,25,29,22,-1,22,29,15,-1,22,15,16,-1,30,31,32,-1,32,31,33,-1,32,33,34,-1,35,36,30,-1,30,36,37,-1,30,37,38,-1,39,35,40,-1,40,35,30,-1,40,30,41,-1,41,30,42,-1,39,43,35,-1,35,43,44,-1,35,44,45,-1,38,46,30,-1,30,46,47,-1,30,47,31,-1,48,49,50,-1,51,52,53,-1,53,52,48,-1,53,48,54,-1,50,55,48,-1,48,55,56,-1,48,56,57,-1,58,59,48,-1,48,59,60,-1,48,60,54,-1,57,61,48,-1,48,61,62,-1,48,62,63,-1,63,64,48,-1,48,64,65,-1,48,65,58,-1,66,67,48,-1,32,34,48,-1,48,34,68,-1,48,68,69,-1,69,70,48,-1,48,70,71,-1,48,71,66,-1,72,48,73,-1,73,48,74,-1,75,76,48,-1,48,76,77,-1,48,77,78,-1,78,79,48,-1,48,79,80,-1,48,80,81,-1,67,82,48,-1,48,82,83,-1,48,83,74,-1,72,84,48,-1,48,84,85,-1,48,85,75,-1,81,86,48,-1,48,86,87,-1,48,87,88,-1,88,89,48,-1,48,89,90,-1,48,90,49,-1,
        ]
    }
}
Shape{
    appearance Appearance {
        material  Material 	{
            diffuseColor 0.6666666666666666 0.6980392156862745 0.7686274509803922
            specularColor 0.3333333333333333 0.34901960784313724 0.3843137254901961
            ambientIntensity 0.6967
            transparency 0.0
            shininess 0.5
        }
    }
    geometry IndexedFaceSet {
        ccw TRUE
        solid FALSE
        coord DEF co Coordinate {
            point [
                3.2894 -1.1614 0.6114, 3.2587 -1.1614 0.7874, 3.2894 -1.0039 0.6114, 3.2587 -1.0039 0.7874, 3.6043 -1.0039 0.2362, 3.2894 -1.0039 0.2362, 3.6043 -1.0039 0.6114, 3.6351 -1.0039 0.7874, 3.6043 -1.1614 0.6114, 3.6351 -1.1614 0.7874, 3.6043 -1.1614 0.2362, 3.2894 -1.1614 0.2362, 3.2894 1.0236 0.6114, 3.2586 1.0236 0.7874, 3.2894 1.1811 0.6114, 3.2586 1.1811 0.7874, 3.6043 1.1811 0.2362, 3.2894 1.1811 0.2362, 3.6043 1.1811 0.6114, 3.6351 1.1811 0.7874, 3.6043 1.0236 0.6114, 3.6351 1.0236 0.7874, 3.6043 1.0236 0.2362, 3.2894 1.0236 0.2362
            ]
        }
        coordIndex [
            0,1,2,-1,2,1,3,-1,4,5,6,-1,6,5,2,-1,6,2,7,-1,7,2,3,-1,6,7,8,-1,8,7,9,-1,9,1,8,-1,8,1,0,-1,8,0,10,-1,10,0,11,-1,12,13,14,-1,14,13,15,-1,16,17,18,-1,18,17,14,-1,18,14,19,-1,19,14,15,-1,18,19,20,-1,20,19,21,-1,21,13,20,-1,20,13,12,-1,20,12,22,-1,22,12,23,-1,
        ]
    }
}
Shape{
    appearance Appearance {
        material  Material 	{
            diffuseColor 0.2235294117647059 0.2235294117647059 0.2235294117647059
            specularColor 0.11372549019607843 0.11372549019607843 0.11372549019607843
            ambientIntensity 0.2235
            transparency 0.0
            shininess 0.5
        }
    }
    geometry IndexedFaceSet {
        ccw TRUE
        solid FALSE
        coord DEF co Coordinate {
            point [
                3.6437 -1.2402 0.7874, 3.6066 -1.2402 0.8328, 3.5594 -1.2402 0.8674, 3.505 -1.2402 0.8891, 3.4469 -1.2402 0.8965, 3.3887 -1.2402 0.8891, 3.3343 -1.2402 0.8674, 3.2871 -1.2402 0.8328, 3.25 -1.2402 0.7874, 3.6846 -1.2402 0.7262, 3.9783 -1.2402 0.7874, 4.0366 -1.2402 0.4769, 3.9982 -1.2402 0.4846, 3.9044 -1.2402 0.5211, 3.8091 -1.2402 0.5871, 2.9561 -1.2402 0.505, 2.9147 -1.2402 0.4918, 2.876 -1.2402 0.7874, 3.1761 -1.2402 0.6828, 3.1209 -1.2402 0.6224, 3.1075 -1.2402 0.6078, 2.8803 -1.2402 0.4808, 2.8225 -1.2402 0.4734, 2.817 -1.2402 0.4727, 3.0316 -1.2402 0.5464, 3.0064 -1.2402 0.5326, 3.8156 0.3057 5.2494, 3.8145 0.3057 5.2362, 3.8145 0.1772 5.2362, 3.8156 0.1772 5.2494, 3.8212 0.1772 5.268, 3.8212 0.3057 5.268, 3.8311 0.1772 5.2846, 3.8311 0.3057 5.2846, 3.8448 0.1772 5.2983, 3.8448 0.3057 5.2983, 3.8615 0.1772 5.3083, 3.8615 0.3057 5.3083, 3.8801 0.1772 5.3138, 3.8801 0.3057 5.3138, 3.8932 0.3058 5.315, 3.8868 0.3057 5.3147, 3.8932 0.1926 5.315, 3.8932 0.1795 5.315, 3.8932 0.1772 5.315, 3.9005 0.3065 5.315, 3.9063 0.3079 5.315, 3.8681 0.3059 4.514, 3.9284 0.3133 5.315, 3.9333 0.3158 5.315, 3.8818 0.3074 4.5063, 3.952 0.3253 5.315, 3.9576 0.33 5.315, 3.9094 0.3163 4.4618, 3.9741 0.3441 5.315, 3.978 0.3494 5.315, 3.9391 0.3389 4.3486, 3.9928 0.3733 5.315, 4.0004 0.3913 5.315, 3.9713 0.3907 4.3781, 3.9641 0.3734 4.3576, 3.9638 0.373 4.3567, 3.9889 0.3641 5.315, 3.9503 0.3526 4.318, 3.9472 0.3491 4.3093, 3.9459 0.3476 4.3055, 3.9285 0.3308 4.3892, 3.8927 0.3099 4.4938, 3.9072 0.3155 4.4659, 3.8741 0.3063 4.5117, 3.8814 0.3074 4.5065, 3.8621 0.3057 4.5148, 4.0293 0.6679 4.5438, 4.0183 0.5952 4.5123, 4.0433 0.5916 5.315, 4.0096 0.5378 4.4874, 4.0587 0.8071 5.315, 4.0364 0.8071 4.5641, 4.0361 0.7777 4.5632, 4.2666 1.2048 5.3085, 4.0051 1.2048 5.3085, 4.0107 1.1849 5.3136, 4.0166 1.1614 5.315, 4.255 1.1614 5.315, 4.2609 1.1848 5.3136, 3.9968 1.2338 5.3012, 4.2748 1.2337 5.3012, 3.9928 1.2462 5.2943, 4.2789 1.2462 5.2943, 4.2893 1.2779 5.2768, 3.9824 1.2779 5.2768, 4.2914 1.2837 5.2715, 3.9802 1.2837 5.2715, 4.3012 1.3102 5.247, 3.9704 1.3102 5.247, 4.303 1.3146 5.2404, 3.9686 1.3146 5.2404, 3.9594 1.337 5.207, 4.3123 1.337 5.207, 3.9588 1.3384 5.2034, 4.3129 1.3384 5.2034, 3.9519 1.353 5.1632, 4.3197 1.353 5.1632, 3.9518 1.3532 5.1619, 4.3198 1.3532 5.1619, 4.3232 1.3583 5.1181, 3.9484 1.3583 5.1181, 4.0177 -0.9904 5.1575, 4.0239 -0.9837 5.174, 4.0177 0.1772 5.1575, 4.0252 -0.9823 5.1774, 4.0426 -0.954 5.2239, 4.0427 -0.9537 5.2244, 4.0564 -0.9184 5.2606, 4.0578 -0.9125 5.2645, 4.0674 -0.8733 5.2901, 4.0689 -0.8626 5.2939, 4.0744 -0.822 5.3086, 4.075 -0.8071 5.3104, 4.0768 -0.7677 5.315, 4.0768 0.1772 5.315, 4.2712 0.3913 5.315, 4.1949 0.1772 5.315, 4.1949 -0.7677 5.315, 4.1358 -0.7677 5.315, 4.2789 0.3733 5.315, 4.323 0.3231 5.315, 4.3142 0.3302 5.315, 4.3003 0.3413 5.315, 4.294 0.3496 5.315, 4.2826 0.3646 5.315, 4.3784 0.3059 5.315, 4.3654 0.3082 5.315, 4.3784 0.1772 5.315, 4.3497 0.311 5.315, 4.3385 0.3161 5.315, 4.0307 1.0966 5.315, 4.2282 0.5928 5.315, 4.213 0.8071 5.315, 4.2406 1.0949 5.315, 3.9783 1.437 0.7874, 3.9783 1.6339 0.7874, 4.0374 1.6339 0.4724, 4.0374 -1.2402 0.4724
            ]
        }
        coordIndex [
            0,1,2,-1,2,3,0,-1,0,3,4,-1,0,4,5,-1,5,6,0,-1,0,6,7,-1,0,7,8,-1,9,0,10,-1,10,11,12,-1,12,13,10,-1,10,13,14,-1,10,14,9,-1,15,16,17,-1,8,18,17,-1,17,18,19,-1,17,19,20,-1,16,21,17,-1,17,21,22,-1,17,22,23,-1,20,24,17,-1,17,24,25,-1,17,25,15,-1,26,27,28,-1,28,29,26,-1,26,29,30,-1,26,30,31,-1,31,30,32,-1,31,32,33,-1,33,32,34,-1,33,34,35,-1,35,34,36,-1,35,36,37,-1,37,36,38,-1,37,38,39,-1,40,41,42,-1,42,41,43,-1,39,38,41,-1,41,38,44,-1,41,44,43,-1,45,46,47,-1,48,49,50,-1,51,52,53,-1,54,55,56,-1,57,58,59,-1,59,60,57,-1,57,60,61,-1,57,61,62,-1,62,61,55,-1,61,63,55,-1,55,63,64,-1,55,64,56,-1,56,64,65,-1,54,56,52,-1,52,56,66,-1,52,66,53,-1,50,49,67,-1,51,53,49,-1,49,53,68,-1,49,68,67,-1,47,46,69,-1,48,50,46,-1,46,50,70,-1,46,70,69,-1,45,47,40,-1,40,47,71,-1,40,71,41,-1,72,73,74,-1,74,73,58,-1,58,73,75,-1,58,75,59,-1,76,77,74,-1,74,77,78,-1,74,78,72,-1,79,80,81,-1,82,83,81,-1,81,83,84,-1,81,84,79,-1,80,79,85,-1,85,79,86,-1,85,86,87,-1,86,88,87,-1,87,88,89,-1,87,89,90,-1,90,89,91,-1,90,91,92,-1,92,91,93,-1,92,93,94,-1,94,93,95,-1,94,95,96,-1,96,95,97,-1,97,95,98,-1,97,98,99,-1,99,98,100,-1,99,100,101,-1,101,100,102,-1,101,102,103,-1,102,104,103,-1,103,104,105,-1,103,105,106,-1,107,108,109,-1,109,108,110,-1,109,110,111,-1,111,112,109,-1,109,112,113,-1,109,113,114,-1,114,115,109,-1,109,115,116,-1,109,116,117,-1,117,118,109,-1,109,118,119,-1,109,119,120,-1,58,57,121,-1,122,57,62,-1,123,122,124,-1,124,122,120,-1,124,120,119,-1,121,57,125,-1,122,126,127,-1,127,128,122,-1,122,128,129,-1,122,129,57,-1,57,129,130,-1,57,130,125,-1,62,55,122,-1,122,55,54,-1,122,54,120,-1,120,54,52,-1,120,52,51,-1,51,49,120,-1,120,49,48,-1,120,48,44,-1,45,40,42,-1,131,132,133,-1,133,132,134,-1,133,134,122,-1,122,134,135,-1,122,135,126,-1,83,82,136,-1,48,46,44,-1,44,46,45,-1,44,45,43,-1,43,45,42,-1,58,121,74,-1,74,121,137,-1,74,137,76,-1,76,137,138,-1,76,138,136,-1,136,138,139,-1,136,139,83,-1,140,141,142,-1,142,143,140,-1,140,143,11,-1,140,11,10,-1,
        ]
    }
}
Shape{
    appearance Appearance {
        material  Material 	{
            diffuseColor 0.6666666666666666 0.6980392156862745 0.7686274509803922
            specularColor 0.3333333333333333 0.34901960784313724 0.3843137254901961
            ambientIntensity 0.6967
            transparency 0.0
            shininess 0.5
        }
    }
    geometry IndexedFaceSet {
        ccw TRUE
        solid FALSE
        coord DEF co Coordinate {
            point [
                4.0965 -1.2402 0.4724, 4.0366 -1.2402 0.4769, 4.0374 -1.2402 0.4724
            ]
        }
        coordIndex [
            0,1,2,-1,
        ]
    }
}
Shape{
    appearance Appearance {
        material  Material 	{
            diffuseColor 0.2235294117647059 0.2235294117647059 0.2235294117647059
            specularColor 0.11372549019607843 0.11372549019607843 0.11372549019607843
            ambientIntensity 0.2235
            transparency 0.0
            shininess 0.5
        }
    }
    geometry IndexedFaceSet {
        ccw TRUE
        solid FALSE
        coord DEF co Coordinate {
            point [
                4.1949 1.6339 0.4724, 4.0374 1.6339 0.4724, 4.2539 1.6339 0.7874, 3.9783 1.6339 0.7874, 4.2539 1.6339 1.7323, 3.9783 1.6339 1.7323, 4.0965 -1.2402 0.4724, 4.0965 -1.437 0.4724, 4.0366 -1.2402 0.4769, 3.9982 -1.437 0.4846, 3.9982 -1.2402 0.4846, 3.9044 -1.437 0.5211, 3.9044 -1.2402 0.5211, 3.8091 -1.437 0.5871, 3.8091 -1.2402 0.5871, 3.6846 -1.437 0.7262, 3.6846 -1.2402 0.7262, 3.6437 -1.437 0.7874, 3.6437 -1.2402 0.7874, 3.6066 -1.2402 0.8328, 3.6066 -1.437 0.8328, 3.5594 -1.2402 0.8674, 3.5594 -1.437 0.8674, 3.505 -1.2402 0.8891, 3.505 -1.437 0.8891, 3.4469 -1.2402 0.8965, 3.4469 -1.437 0.8965, 3.3887 -1.2402 0.8891, 3.3887 -1.437 0.8891, 3.3343 -1.2402 0.8674, 3.3343 -1.437 0.8674, 3.2871 -1.2402 0.8328, 3.2871 -1.437 0.8328, 3.25 -1.2402 0.7874, 3.25 -1.437 0.7874, 4.0374 -1.2402 0.4724, 4.1949 -1.2402 0.4727, 4.1752 -1.2402 0.4724, 4.1752 -1.437 0.4724, 2.876 -1.122 5.0787, 3.2106 -1.122 5.0787, 2.876 -1.0827 5.0, 3.2106 -1.0827 5.0, 3.2106 -1.0827 5.0787, 3.2106 -1.0039 4.9213, 3.2106 -1.0827 4.685, 3.2106 -1.0039 4.4882, 4.0177 -1.0827 5.0787, 4.0177 -1.0039 4.9213, 4.0177 -1.0039 5.0787, 4.0177 -1.0039 4.2126, 4.0177 0.1772 4.2126, 4.0177 0.1772 5.1575, 4.0177 -1.0006 5.1183, 4.0177 -0.9904 5.1575, 4.1358 -0.7677 5.315, 4.0768 -0.7677 5.315, 4.075 -0.8071 5.3104, 4.2539 -0.9904 5.1575, 4.2509 -0.9874 5.1657, 4.2479 -0.9831 5.1736, 4.0239 -0.9837 5.174, 4.2319 -0.9598 5.2162, 4.0252 -0.9823 5.1774, 4.0426 -0.954 5.2239, 4.2293 -0.9533 5.2233, 4.0427 -0.9537 5.2244, 4.2161 -0.921 5.2585, 4.0564 -0.9184 5.2606, 4.0578 -0.9125 5.2645, 4.2139 -0.9124 5.2642, 4.2043 -0.874 5.2897, 4.1949 -0.7677 5.315, 4.1966 -0.8071 5.3104, 4.1972 -0.8218 5.3087, 4.0744 -0.822 5.3086, 4.2028 -0.8626 5.2938, 4.0689 -0.8626 5.2939, 4.0674 -0.8733 5.2901, 4.2539 -1.0006 5.1183, 4.2539 -1.0039 5.0787, 2.876 -1.0039 4.4882, 2.876 -1.0039 4.2126, 2.876 0.1772 4.2126, 2.876 -1.0039 5.0787, 2.876 -1.0006 5.1183, 2.876 0.1772 5.1575, 2.876 -0.9904 5.1575, 2.876 -1.0827 4.685, 2.8573 0.8071 4.5641, 2.835 0.8071 5.315, 2.862 0.6941 4.5507, 2.8504 0.5916 5.315, 2.9224 0.3907 4.3781, 2.9098 0.4322 4.414, 2.8933 0.3913 5.315, 2.8775 0.5732 4.5064, 2.8747 0.595 4.5144, 3.0256 0.3059 4.514, 2.9874 0.3081 5.315, 2.9973 0.3061 5.315, 3.0069 0.3057 5.3147, 3.0316 0.3057 4.5148, 3.0037 0.3058 5.3149, 3.0005 0.3059 5.315, 3.0197 0.3063 4.5117, 3.0123 0.3074 4.5065, 2.9701 0.3116 5.315, 3.0119 0.3074 4.5063, 2.9605 0.3161 5.315, 3.0011 0.3099 4.4938, 2.9865 0.3155 4.4659, 2.9437 0.324 5.315, 2.9843 0.3163 4.4619, 2.9362 0.3301 5.315, 2.9652 0.3308 4.3893, 2.9229 0.3407 5.315, 2.9546 0.3389 4.349, 2.9161 0.3496 5.315, 2.924 0.3861 4.3736, 2.901 0.3733 5.315, 2.9302 0.3731 4.3558, 2.9047 0.3645 5.315, 2.9327 0.3677 4.3486, 2.9466 0.3492 4.3089, 2.9478 0.3476 4.3055, 3.0773 0.1772 5.2532, 3.0792 0.1772 5.2362, 3.0792 0.3057 5.2362, 3.0175 0.3057 5.3131, 3.0005 0.1772 5.315, 3.0175 0.1772 5.3131, 3.0343 0.1772 5.3073, 3.0343 0.3057 5.3073, 3.0495 0.1772 5.2978, 3.0495 0.3057 5.2978, 3.0621 0.1772 5.2852, 3.0621 0.3057 5.2852, 3.0715 0.1772 5.2701, 3.0715 0.3057 5.2701, 3.0773 0.3057 5.2532, 2.8169 0.1772 5.315, 4.0768 0.1772 5.315, 3.8932 0.1772 5.315, 3.8801 0.1772 5.3138, 3.8145 0.1772 5.2362, 3.8145 0.1772 4.502, 3.0792 0.1772 4.502, 3.8615 0.1772 5.3083, 3.8448 0.1772 5.2983, 3.8311 0.1772 5.2846, 3.8212 0.1772 5.268, 3.8156 0.1772 5.2494, 2.8698 -0.9838 5.174, 2.8247 -0.8627 5.2942, 2.8257 -0.8703 5.2915, 2.8359 -0.9125 5.2644, 2.8373 -0.9186 5.2605, 2.8511 -0.954 5.2238, 2.8169 -0.7677 5.315, 2.8186 -0.8071 5.3104, 2.8193 -0.8218 5.3087, 2.8515 -0.9548 5.2229, 2.8692 -0.9833 5.1754, 4.3245 1.3583 5.0787, 3.9472 1.3583 5.0787, 4.3232 1.3583 5.1181, 3.9484 1.3583 5.1181, 4.0364 0.8071 4.5641, 4.0587 0.8071 5.315, 4.0317 0.9201 4.5507, 4.0307 1.0966 5.315, 4.0162 1.0409 4.5064, 4.0046 1.0915 4.4733, 4.0166 1.1614 5.315, 3.9804 1.2798 5.2352, 4.0107 1.1849 5.3136, 3.9704 1.3102 5.247, 3.9686 1.3146 5.2404, 3.9594 1.337 5.207, 3.9588 1.3384 5.2034, 4.0051 1.2048 5.3085, 3.9968 1.2338 5.3012, 3.9928 1.2462 5.2943, 3.9824 1.2779 5.2768, 3.9802 1.2837 5.2715, 3.9518 1.3532 5.1619, 3.9519 1.353 5.1632, 3.9462 1.3052 4.4205, 3.9635 1.247 4.3558, 3.9839 1.1819 4.4141, 3.9455 1.3624 5.0787, 3.9359 1.3627 4.7821, 3.9263 1.363 4.4847, 3.8357 1.437 5.0787, 3.8193 1.437 4.5669, 3.8593 1.4346 5.0787, 3.837 1.4357 4.5654, 3.863 1.4334 5.0787, 3.8465 1.4334 4.5629, 3.8871 1.4252 5.0787, 3.8565 1.4309 4.5602, 3.8896 1.4236 5.0787, 3.8729 1.4236 4.5521, 3.9116 1.4094 5.0787, 3.8761 1.4222 4.5505, 3.9132 1.4077 5.0787, 3.9359 1.3627 4.7821, 3.9322 1.3867 5.0787, 3.8847 1.4168 4.5445, 3.8954 1.4073 4.5339, 3.9315 1.388 5.0787, 3.9048 1.399 4.5247, 3.9133 1.3861 4.5104, 3.9224 1.3723 4.495, 3.0744 1.437 4.5669, 3.058 1.437 5.0787, 2.9578 1.3627 4.7814, 2.9674 1.363 4.4847, 2.9804 1.3862 4.5104, 3.004 1.4236 5.0787, 3.0459 1.4335 4.563, 3.0291 1.4334 5.0787, 3.0471 1.4337 4.5632, 3.0306 1.4336 5.0787, 3.0663 1.4367 4.5666, 2.9851 1.3945 4.5197, 2.9983 1.4073 4.534, 2.9805 1.4076 5.0787, 3.0052 1.414 4.5414, 3.0018 1.4228 5.0787, 3.021 1.4234 4.5518, 3.0267 1.4268 4.5556, 2.978 1.4058 5.0787, 2.9616 1.3865 5.0787, 2.9591 1.3835 5.0787, 2.9482 1.3625 5.0787, 2.8668 0.9675 4.5371, 2.8877 1.0918 4.4773, 2.863 1.0966 5.315, 2.9302 1.247 4.3558, 2.9475 1.3052 4.4205, 2.8888 1.0987 4.474, 2.9578 1.3627 4.7814, 2.9465 1.3583 5.0787, 2.9233 1.3102 5.247, 2.9137 1.2842 5.2709, 2.9134 1.28 5.2344, 2.9113 1.2779 5.2768, 2.9011 1.2467 5.2941, 2.8969 1.2338 5.3012, 2.8887 1.2051 5.3084, 2.9351 1.3388 5.2021, 2.9343 1.337 5.207, 2.9253 1.3152 5.2395, 2.9453 1.3583 5.1181, 2.942 1.3534 5.1603, 2.9418 1.353 5.1632, 2.883 1.1849 5.3136, 2.8771 1.1614 5.315, 2.8582 0.8564 4.5616, 4.2539 1.437 3.3465, 4.0177 1.437 3.3465, 4.2539 1.6339 3.3465, 4.0177 1.6339 3.3465, 4.0177 1.437 4.2126, 4.0177 1.6339 4.3307, 2.876 1.6339 4.3307, 2.876 1.437 4.2126, 2.876 1.6339 3.3465, 2.876 1.437 3.3465, 3.2587 -1.0039 0.7874, 3.2586 1.0236 0.7874, 3.6351 -1.0039 0.7874, 3.6351 1.0236 0.7874, 3.9783 -1.2402 0.7874, 3.6351 -1.1614 0.7874, 3.2587 -1.1614 0.7874, 2.876 -1.2402 0.7874, 2.876 1.437 0.7874, 3.9783 1.437 0.7874, 3.6351 1.1811 0.7874, 3.2586 1.1811 0.7874, 3.9783 1.437 1.7323, 4.2539 1.437 1.7323, 2.876 1.6339 1.7323, 2.876 1.437 1.7323, 2.876 1.6339 0.7874, 2.8803 -1.2402 0.4808, 2.9152 -1.437 0.4901, 2.8225 -1.2402 0.4734, 2.8226 -1.437 0.4732, 2.817 -1.2402 0.4727, 2.7972 -1.437 0.4724, 2.7972 -1.2402 0.4724, 3.0064 -1.2402 0.5326, 3.0072 -1.437 0.5311, 2.9561 -1.2402 0.505, 2.9147 -1.2402 0.4918, 3.0316 -1.2402 0.5464, 3.1075 -1.2402 0.6078, 3.1216 -1.437 0.6217, 3.1761 -1.2402 0.6828, 3.1209 -1.2402 0.6224, 2.8169 1.6339 0.4724
            ]
        }
        coordIndex [
            0,1,2,-1,2,1,3,-1,2,3,4,-1,4,3,5,-1,6,7,8,-1,8,7,9,-1,8,9,10,-1,10,9,11,-1,10,11,12,-1,12,11,13,-1,12,13,14,-1,14,13,15,-1,14,15,16,-1,16,15,17,-1,16,17,18,-1,18,17,19,-1,19,17,20,-1,19,20,21,-1,21,20,22,-1,21,22,23,-1,23,22,24,-1,23,24,25,-1,25,24,26,-1,25,26,27,-1,27,26,28,-1,27,28,29,-1,29,28,30,-1,29,30,31,-1,31,30,32,-1,31,32,33,-1,33,32,34,-1,6,35,1,-1,0,36,37,-1,38,7,37,-1,37,7,6,-1,37,6,0,-1,0,6,1,-1,39,40,41,-1,41,40,42,-1,40,43,42,-1,42,43,44,-1,42,44,45,-1,45,44,46,-1,47,48,43,-1,43,48,44,-1,48,47,49,-1,50,48,51,-1,51,48,49,-1,51,49,52,-1,52,49,53,-1,52,53,54,-1,55,56,57,-1,58,59,53,-1,53,59,54,-1,54,59,60,-1,54,60,61,-1,61,60,62,-1,61,62,63,-1,63,62,64,-1,64,62,65,-1,64,65,66,-1,66,65,67,-1,66,67,68,-1,68,67,69,-1,69,67,70,-1,69,70,71,-1,72,55,73,-1,73,55,57,-1,73,57,74,-1,74,57,75,-1,74,75,76,-1,76,75,77,-1,76,77,71,-1,71,77,78,-1,71,78,69,-1,58,53,79,-1,79,53,49,-1,79,49,80,-1,81,82,83,-1,84,39,41,-1,84,83,85,-1,85,83,86,-1,85,86,87,-1,84,41,83,-1,83,41,88,-1,83,88,81,-1,89,90,91,-1,91,90,92,-1,93,94,95,-1,95,94,96,-1,95,96,92,-1,92,96,97,-1,92,97,91,-1,98,99,100,-1,101,102,103,-1,103,102,98,-1,103,98,104,-1,104,98,100,-1,98,105,99,-1,99,105,106,-1,99,106,107,-1,107,106,108,-1,107,108,109,-1,108,110,109,-1,109,110,111,-1,109,111,112,-1,112,111,113,-1,112,113,114,-1,114,113,115,-1,114,115,116,-1,116,115,117,-1,116,117,118,-1,93,95,119,-1,119,95,120,-1,119,120,121,-1,121,120,122,-1,121,122,123,-1,123,122,118,-1,123,118,124,-1,124,118,117,-1,124,117,125,-1,126,127,128,-1,129,101,130,-1,130,101,103,-1,130,103,104,-1,130,131,129,-1,129,131,132,-1,129,132,133,-1,133,132,134,-1,133,134,135,-1,135,134,136,-1,135,136,137,-1,137,136,138,-1,137,138,139,-1,139,138,126,-1,139,126,140,-1,140,126,128,-1,130,141,86,-1,142,143,52,-1,52,143,144,-1,130,86,131,-1,52,145,51,-1,51,145,146,-1,51,146,83,-1,83,146,147,-1,83,147,86,-1,86,147,127,-1,144,148,52,-1,52,148,149,-1,52,149,150,-1,150,151,52,-1,52,151,152,-1,52,152,145,-1,127,126,86,-1,86,126,138,-1,86,138,136,-1,136,134,86,-1,86,134,132,-1,86,132,131,-1,153,87,86,-1,154,155,156,-1,141,156,86,-1,86,156,157,-1,86,157,158,-1,141,159,156,-1,156,159,160,-1,156,160,154,-1,154,160,161,-1,158,162,86,-1,86,162,163,-1,86,163,153,-1,164,165,166,-1,166,165,167,-1,168,169,170,-1,170,169,171,-1,170,171,172,-1,172,171,173,-1,171,174,175,-1,175,174,176,-1,177,178,175,-1,175,178,179,-1,175,179,180,-1,176,181,175,-1,175,181,182,-1,175,182,183,-1,183,184,175,-1,175,184,185,-1,175,185,177,-1,165,173,167,-1,167,173,171,-1,167,171,186,-1,186,171,175,-1,186,175,187,-1,187,175,180,-1,188,189,190,-1,165,191,173,-1,173,191,192,-1,173,192,190,-1,190,192,193,-1,190,193,188,-1,194,195,196,-1,196,195,197,-1,196,197,198,-1,198,197,199,-1,198,199,200,-1,200,199,201,-1,200,201,202,-1,202,201,203,-1,202,203,204,-1,204,203,205,-1,204,205,206,-1,207,191,208,-1,205,209,206,-1,206,209,210,-1,206,210,211,-1,211,210,212,-1,211,212,208,-1,208,212,213,-1,208,213,207,-1,207,213,214,-1,207,214,193,-1,195,194,215,-1,215,194,216,-1,217,218,219,-1,220,221,222,-1,222,221,223,-1,222,223,224,-1,224,223,225,-1,224,225,216,-1,216,225,215,-1,226,227,228,-1,228,227,229,-1,228,229,230,-1,230,229,231,-1,230,231,220,-1,220,231,232,-1,220,232,221,-1,228,233,226,-1,226,233,234,-1,226,234,219,-1,219,234,235,-1,219,235,217,-1,217,235,236,-1,237,238,239,-1,240,241,242,-1,242,241,218,-1,218,243,242,-1,242,243,236,-1,242,236,238,-1,238,236,244,-1,238,244,239,-1,245,246,247,-1,247,246,248,-1,248,249,247,-1,247,249,250,-1,247,250,251,-1,252,253,247,-1,247,253,254,-1,247,254,245,-1,244,255,239,-1,239,255,256,-1,239,256,247,-1,247,256,257,-1,247,257,252,-1,251,258,247,-1,247,258,259,-1,247,259,239,-1,90,89,239,-1,239,89,260,-1,239,260,237,-1,261,262,263,-1,263,262,264,-1,265,266,262,-1,262,266,264,-1,266,265,267,-1,267,265,268,-1,267,268,269,-1,269,268,270,-1,271,272,273,-1,273,272,274,-1,275,18,276,-1,276,18,33,-1,276,33,277,-1,277,33,278,-1,277,278,271,-1,271,278,279,-1,271,279,272,-1,276,273,275,-1,275,273,274,-1,275,274,280,-1,280,274,281,-1,280,281,279,-1,279,281,282,-1,279,282,272,-1,283,5,280,-1,280,5,3,-1,4,5,284,-1,284,5,283,-1,285,286,287,-1,287,286,279,-1,288,289,290,-1,290,289,291,-1,290,291,292,-1,292,291,293,-1,292,293,294,-1,295,296,297,-1,297,296,289,-1,297,289,298,-1,298,289,288,-1,295,299,296,-1,296,299,300,-1,296,300,301,-1,33,34,302,-1,302,34,301,-1,302,301,303,-1,303,301,300,-1,278,292,279,-1,279,292,304,-1,279,304,287,-1,
        ]
    }
}
Shape{
    appearance Appearance {
        material  Material 	{
            diffuseColor 1.0 1.0 1.0
            specularColor 0.5019607843137255 0.5019607843137255 0.5019607843137255
            ambientIntensity 1.0
            transparency 0.0
            shininess 0.5
        }
    }
    geometry IndexedFaceSet {
        ccw TRUE
        solid FALSE
        coord DEF co Coordinate {
            point [
                4.9429 -0.7782 5.7087, 4.9459 -0.7763 5.7162, 4.9461 -0.7765 4.6457, 5.0384 -0.6922 4.6457, 4.9975 -0.7401 4.6457, 5.038 -0.6919 5.7651, 4.9971 -0.7396 5.844, 5.0058 -0.7321 5.8658, 4.9767 -0.7571 5.7931, 4.8873 -0.7993 5.7087, 4.8873 -0.7993 4.6457, 4.8248 -0.8071 5.7087, 4.8248 -0.8071 4.6457, 4.7623 -0.7993 5.7087, 4.7623 -0.7993 4.6457, 4.7067 -0.7782 5.7087, 4.6188 -0.7031 5.7931, 4.6522 -0.7401 4.6457, 4.6118 -0.6918 5.7649, 4.6112 -0.6922 4.6457, 4.5978 -0.6693 5.7087, 4.7037 -0.7763 5.7162, 4.7035 -0.7765 4.6457, 4.6729 -0.7571 5.7931, 4.6525 -0.7396 5.844, 4.6439 -0.7321 5.8658, 4.5833 -0.6357 5.7087, 4.5833 -0.6357 4.6457, 4.5699 -0.5741 5.7087, 4.5699 -0.5741 4.6457, 4.5689 -0.5512 4.6457, 4.5689 -0.5512 5.7087, 5.0807 -0.5512 5.7087, 5.0807 -0.5512 4.6457, 5.0797 -0.5741 5.7087, 5.0797 -0.5741 4.6457, 5.0663 -0.6357 5.7087, 5.0663 -0.6357 4.6457, 5.0518 -0.6693 5.7087, 5.0408 -0.6885 5.7566, 4.6116 -0.4105 5.7651, 4.6112 -0.4102 4.6457, 4.6522 -0.3623 4.6457, 5.0204 -0.3861 5.826, 5.0058 -0.3702 5.8658, 4.9968 -0.3631 5.8434, 5.0797 -0.5282 4.6457, 5.0797 -0.5282 5.7087, 5.0663 -0.4667 4.6457, 5.0663 -0.4667 5.7087, 5.0384 -0.4102 4.6457, 5.0518 -0.4331 5.7087, 5.0371 -0.4111 5.7637, 4.9975 -0.3623 4.6457, 4.9621 -0.3352 5.7566, 4.9461 -0.3258 4.6457, 4.946 -0.3259 5.7164, 4.9232 -0.315 4.6457, 4.9429 -0.3242 5.7087, 4.8869 -0.3047 4.6449, 4.8873 -0.303 5.7087, 4.8644 -0.2983 4.6445, 4.8248 -0.2953 5.7087, 4.7416 -0.3092 4.6455, 4.7626 -0.3047 4.6451, 4.7623 -0.303 5.7087, 4.803 -0.2962 4.6442, 4.8247 -0.2969 4.6443, 4.7264 -0.315 4.6457, 4.7067 -0.3242 5.7087, 4.7035 -0.3258 4.6457, 4.7037 -0.3261 5.7161, 4.6439 -0.3702 5.8658, 4.6523 -0.3625 5.8446, 4.6598 -0.3556 5.826, 4.6088 -0.4139 5.7566, 4.5978 -0.4331 5.7087, 4.5833 -0.4667 4.6457, 4.5833 -0.4667 5.7087, 4.5699 -0.5282 4.6457, 4.5699 -0.5282 5.7087, 4.628 -0.3543 5.9055, 4.628 0.0787 5.9055, 4.7067 0.0787 5.7087, 4.9429 0.0787 5.7087, 5.0217 0.0787 5.9055, 5.0217 -0.3543 5.9055, 4.2933 0.0787 5.9055, 4.2933 -0.3543 5.9055, 4.2933 -0.4331 5.7087, 4.2933 -0.6693 5.7087, 4.2933 -0.748 5.9055, 4.628 -0.748 5.9055, 4.2933 -0.9843 5.9055, 4.628 -0.9843 5.9055, 4.7067 -0.9843 5.7087, 4.6729 -0.7571 5.7931, 4.9429 -0.9843 5.7087, 5.0217 -0.9843 5.9055, 4.9767 -0.7571 5.7931, 5.0217 -0.748 5.9055
            ]
        }
        coordIndex [
            0,1,2,-1,3,4,5,-1,5,4,6,-1,5,6,7,-1,2,1,4,-1,4,1,8,-1,4,8,6,-1,0,2,9,-1,9,2,10,-1,9,10,11,-1,11,10,12,-1,11,12,13,-1,13,12,14,-1,13,14,15,-1,16,17,18,-1,18,17,19,-1,18,19,20,-1,15,14,21,-1,21,14,22,-1,21,22,23,-1,23,22,17,-1,23,17,24,-1,24,17,16,-1,24,16,25,-1,20,19,26,-1,26,19,27,-1,26,27,28,-1,27,29,28,-1,28,29,30,-1,28,30,31,-1,32,33,34,-1,34,33,35,-1,34,35,36,-1,36,35,37,-1,36,37,38,-1,38,37,3,-1,38,3,39,-1,39,3,5,-1,40,41,42,-1,43,44,45,-1,33,32,46,-1,46,32,47,-1,46,47,48,-1,48,47,49,-1,48,49,50,-1,50,49,51,-1,43,45,52,-1,51,52,50,-1,50,52,45,-1,50,45,53,-1,53,45,54,-1,53,54,55,-1,55,54,56,-1,55,56,57,-1,57,56,58,-1,57,58,59,-1,59,58,60,-1,59,60,61,-1,61,60,62,-1,63,64,65,-1,65,64,66,-1,65,66,62,-1,62,66,67,-1,62,67,61,-1,63,65,68,-1,68,65,69,-1,68,69,70,-1,70,69,71,-1,70,71,42,-1,72,40,73,-1,73,40,42,-1,73,42,74,-1,74,42,71,-1,40,75,41,-1,41,75,76,-1,41,76,77,-1,77,76,78,-1,77,78,79,-1,78,80,79,-1,79,80,31,-1,79,31,30,-1,81,72,82,-1,82,72,73,-1,69,83,71,-1,71,83,82,-1,71,82,74,-1,74,82,73,-1,84,58,56,-1,84,56,85,-1,44,86,45,-1,45,86,85,-1,45,85,54,-1,54,85,56,-1,69,65,83,-1,83,65,62,-1,83,62,84,-1,84,62,60,-1,84,60,58,-1,82,87,81,-1,81,87,88,-1,88,89,76,-1,72,81,40,-1,40,81,88,-1,40,88,75,-1,75,88,76,-1,78,76,89,-1,90,20,26,-1,26,28,90,-1,90,28,31,-1,90,31,89,-1,89,31,80,-1,89,80,78,-1,91,92,25,-1,20,90,18,-1,18,90,91,-1,18,91,16,-1,16,91,25,-1,93,94,91,-1,91,94,92,-1,95,15,21,-1,95,21,94,-1,25,92,24,-1,24,92,94,-1,24,94,96,-1,96,94,21,-1,0,9,97,-1,97,9,11,-1,97,11,95,-1,95,11,13,-1,95,13,15,-1,0,97,1,-1,1,97,98,-1,1,98,99,-1,100,7,98,-1,98,7,6,-1,98,6,99,-1,
        ]
    }
}
Shape{
    appearance Appearance {
        material  Material 	{
            diffuseColor 0.2235294117647059 0.2235294117647059 0.2235294117647059
            specularColor 0.11372549019607843 0.11372549019607843 0.11372549019607843
            ambientIntensity 0.2235
            transparency 0.0
            shininess 0.5
        }
    }
    geometry IndexedFaceSet {
        ccw TRUE
        solid FALSE
        coord DEF co Coordinate {
            point [
                5.3563 -0.2962 4.6442, 5.3563 -0.315 4.6457, 4.9232 -0.315 4.6457, 4.8869 -0.3047 4.6449, 4.8644 -0.2983 4.6445, 4.8247 -0.2969 4.6443, 4.803 -0.2962 4.6442, 4.4705 -0.315 4.6457, 4.4705 -0.2962 4.6442, 4.7626 -0.3047 4.6451, 4.7416 -0.3092 4.6455, 4.7264 -0.315 4.6457, 5.3563 -0.2681 4.636, 4.4705 -0.2681 4.636, 5.3563 -0.2429 4.6211, 4.4705 -0.2429 4.6211, 5.3563 -0.2221 4.6005, 4.4705 -0.2221 4.6005, 5.3563 -0.207 4.5755, 4.4705 -0.207 4.5755, 5.3563 -0.1985 4.5475, 4.4705 -0.1985 4.5475, 5.3563 -0.1968 4.5276, 4.4705 -0.1968 4.5276, 4.6112 -0.6922 4.6457, 4.6522 -0.7401 4.6457, 4.4705 -0.9843 4.6457, 4.7035 -0.7765 4.6457, 5.0663 -0.4667 4.6457, 5.0384 -0.4102 4.6457, 4.6522 -0.3623 4.6457, 4.7035 -0.3258 4.6457, 4.6112 -0.4102 4.6457, 4.5833 -0.4667 4.6457, 4.5699 -0.5282 4.6457, 5.0797 -0.5282 4.6457, 4.9975 -0.3623 4.6457, 4.9461 -0.3258 4.6457, 4.5689 -0.5512 4.6457, 4.5699 -0.5741 4.6457, 4.5833 -0.6357 4.6457, 4.8873 -0.7993 4.6457, 5.2776 -0.9843 4.6457, 4.8248 -0.8071 4.6457, 4.7623 -0.7993 4.6457, 5.0384 -0.6922 4.6457, 5.3563 -0.9055 4.6457, 4.9975 -0.7401 4.6457, 5.3545 -0.9224 4.6457, 5.3487 -0.9392 4.6457, 5.0663 -0.6357 4.6457, 5.0797 -0.5741 4.6457, 5.0807 -0.5512 4.6457, 5.3394 -0.9543 4.6457, 5.3269 -0.9669 4.6457, 5.3119 -0.9764 4.6457, 4.9461 -0.7765 4.6457, 5.2952 -0.9823 4.6457
            ]
        }
        coordIndex [
            0,1,2,-1,2,3,0,-1,0,3,4,-1,0,4,5,-1,6,7,8,-1,6,9,7,-1,7,9,10,-1,7,10,11,-1,5,6,0,-1,0,6,8,-1,0,8,12,-1,12,8,13,-1,12,13,14,-1,14,13,15,-1,14,15,16,-1,16,15,17,-1,16,17,18,-1,18,17,19,-1,18,19,20,-1,20,19,21,-1,20,21,22,-1,22,21,23,-1,24,25,26,-1,26,25,27,-1,28,29,1,-1,30,7,31,-1,31,7,11,-1,30,32,7,-1,7,32,33,-1,7,33,34,-1,28,1,35,-1,29,36,1,-1,1,36,37,-1,1,37,2,-1,34,38,7,-1,7,38,39,-1,7,39,26,-1,26,39,40,-1,26,40,24,-1,41,42,43,-1,43,42,26,-1,43,26,44,-1,44,26,27,-1,45,46,47,-1,47,46,48,-1,47,48,49,-1,45,50,46,-1,46,50,51,-1,46,51,1,-1,1,51,52,-1,1,52,35,-1,49,53,47,-1,47,53,54,-1,47,54,55,-1,41,56,42,-1,42,56,47,-1,42,47,57,-1,57,47,55,-1,
        ]
    }
}
Shape{
    appearance Appearance {
        material  Material 	{
            diffuseColor 1.0 1.0 1.0
            specularColor 0.5019607843137255 0.5019607843137255 0.5019607843137255
            ambientIntensity 1.0
            transparency 0.0
            shininess 0.5
        }
    }
    geometry IndexedFaceSet {
        ccw TRUE
        solid FALSE
        coord DEF co Coordinate {
            point [
                5.3545 -0.9224 4.6457, 5.3563 -0.9055 4.6457, 5.3563 -0.9055 5.9055, 5.3545 -0.9224 5.9055, 5.3487 -0.9392 5.9055, 5.3487 -0.9392 4.6457, 5.3394 -0.9543 5.9055, 5.3394 -0.9543 4.6457, 5.3269 -0.9669 5.9055, 5.3269 -0.9669 4.6457, 5.3119 -0.9764 5.9055, 5.3119 -0.9764 4.6457, 5.2952 -0.9823 5.9055, 5.2952 -0.9823 4.6457, 5.2776 -0.9843 5.9055, 5.2776 -0.9843 4.6457, 5.3563 -0.748 5.9055, 5.0217 -0.748 5.9055, 5.0217 -0.9843 5.9055, 5.3563 -0.6693 5.7087, 5.0518 -0.6693 5.7087, 5.0058 -0.7321 5.8658, 5.038 -0.6919 5.7651, 5.0408 -0.6885 5.7566, 5.0663 -0.6357 5.7087, 5.3563 -0.4331 5.7087, 5.0518 -0.4331 5.7087, 5.0663 -0.4667 5.7087, 5.0797 -0.5282 5.7087, 5.0807 -0.5512 5.7087, 5.0797 -0.5741 5.7087, 5.3563 -0.3543 5.9055, 5.0217 -0.3543 5.9055, 5.0058 -0.3702 5.8658, 5.0371 -0.4111 5.7637, 5.0204 -0.3861 5.826, 5.3563 0.0787 5.9055, 5.0217 0.0787 5.9055, 4.9429 0.0787 5.7087, 5.3563 0.0787 5.4094, 4.7067 0.0787 5.7087, 4.2933 0.0787 5.4094, 4.628 0.0787 5.9055, 4.2933 0.0787 5.9055, 4.2933 0.1575 5.2835, 5.3563 0.1575 5.2835
            ]
        }
        coordIndex [
            0,1,2,-1,2,3,0,-1,0,3,4,-1,0,4,5,-1,5,4,6,-1,5,6,7,-1,7,6,8,-1,7,8,9,-1,9,8,10,-1,9,10,11,-1,11,10,12,-1,11,12,13,-1,13,12,14,-1,13,14,15,-1,3,2,14,-1,16,17,2,-1,2,17,18,-1,2,18,14,-1,8,14,10,-1,10,14,12,-1,8,6,14,-1,14,6,4,-1,14,4,3,-1,16,19,20,-1,21,17,22,-1,22,17,16,-1,22,16,23,-1,23,16,20,-1,24,20,19,-1,25,26,27,-1,27,28,25,-1,25,28,29,-1,25,29,19,-1,19,29,30,-1,19,30,24,-1,31,32,33,-1,26,25,34,-1,34,25,31,-1,34,31,35,-1,35,31,33,-1,36,37,31,-1,31,37,32,-1,37,36,38,-1,38,36,39,-1,38,39,40,-1,40,39,41,-1,40,41,42,-1,42,41,43,-1,41,39,44,-1,44,39,45,-1,
        ]
    }
}
Shape{
    appearance Appearance {
        material  Material 	{
            diffuseColor 0.2235294117647059 0.2235294117647059 0.2235294117647059
            specularColor 0.11372549019607843 0.11372549019607843 0.11372549019607843
            ambientIntensity 0.2235
            transparency 0.0
            shininess 0.5
        }
    }
    geometry IndexedFaceSet {
        ccw TRUE
        solid FALSE
        coord DEF co Coordinate {
            point [
                5.1925 0.3013 4.5285, 5.1925 0.3057 4.5148, 4.4571 0.3057 4.5148, 4.4571 0.3013 4.5285, 4.4571 0.2937 4.5413, 5.1925 0.2937 4.5413, 4.4571 0.2834 4.552, 5.1925 0.2834 4.552, 4.4571 0.2709 4.5602, 5.1925 0.2709 4.5602, 4.4571 0.2569 4.5652, 5.1925 0.2569 4.5652, 4.4571 0.2421 4.5669, 5.1925 0.2421 4.5669
            ]
        }
        coordIndex [
            0,1,2,-1,2,3,0,-1,0,3,4,-1,0,4,5,-1,5,4,6,-1,5,6,7,-1,7,6,8,-1,7,8,9,-1,9,8,10,-1,9,10,11,-1,11,10,12,-1,11,12,13,-1,
        ]
    }
}
Shape{
    appearance Appearance {
        material  Material 	{
            diffuseColor 0.6666666666666666 0.6980392156862745 0.7686274509803922
            specularColor 0.3333333333333333 0.34901960784313724 0.3843137254901961
            ambientIntensity 0.6967
            transparency 0.0
            shininess 0.5
        }
    }
    geometry IndexedFaceSet {
        ccw TRUE
        solid FALSE
        coord DEF co Coordinate {
            point [
                4.9823 -1.2402 0.1575, 4.6673 -1.2402 0.1575, 4.9823 -2.0669 0.1575, 4.6673 -2.0669 0.1575, 4.9823 -2.0669 0.0, 4.6673 -2.0669 0.0, 4.6673 -1.2402 0.0, 4.9823 -1.2402 0.0, 4.6673 1.2598 0.1575, 4.9823 1.2598 0.1575, 4.6673 2.0669 0.1575, 4.9823 2.0669 0.1575, 4.9823 1.2598 0.0, 4.6673 1.2598 0.0, 4.9823 2.0669 0.0, 4.6673 2.0669 0.0
            ]
        }
        coordIndex [
            0,1,2,-1,2,1,3,-1,2,3,4,-1,4,3,5,-1,6,7,5,-1,5,7,4,-1,8,9,10,-1,10,9,11,-1,12,13,14,-1,14,13,15,-1,14,15,11,-1,11,15,10,-1,
        ]
    }
}
Shape{
    appearance Appearance {
        material  Material 	{
            diffuseColor 0.2235294117647059 0.2235294117647059 0.2235294117647059
            specularColor 0.11372549019607843 0.11372549019607843 0.11372549019607843
            ambientIntensity 0.2235
            transparency 0.0
            shininess 0.5
        }
    }
    geometry IndexedFaceSet {
        ccw TRUE
        solid FALSE
        coord DEF co Coordinate {
            point [
                5.2401 0.3057 4.5148, 5.1925 0.3057 4.5148, 5.2648 0.3057 5.3147, 5.1925 0.3057 5.2362, 5.2542 0.3057 5.3131, 5.1943 0.3057 5.2532, 5.2001 0.3057 5.2701, 5.2096 0.3057 5.2852, 5.2373 0.3057 5.3073, 5.2222 0.3057 5.2978, 4.4553 0.3057 5.2531, 4.4571 0.3057 5.2362, 4.396 0.3057 5.313, 4.4571 0.3057 4.5148, 4.4095 0.3057 4.5148, 4.3848 0.3057 5.3147, 4.4128 0.3057 5.3071, 4.4277 0.3057 5.2976, 4.4402 0.3057 5.285, 4.4496 0.3057 5.2699, 4.3583 0.3661 4.2126, 4.3258 0.3476 4.3055, 4.3442 0.3319 4.3839, 5.2852 0.3155 4.4659, 5.2873 0.3163 4.4618, 5.3238 0.3476 4.3055, 5.2913 0.3661 4.2126, 5.3171 0.3389 4.3486, 5.3064 0.3308 4.3892, 4.3629 0.316 4.4632, 4.3644 0.3154 4.4661, 4.3783 0.3101 4.4927, 5.2594 0.3074 4.5065, 5.2598 0.3074 4.5063, 5.2706 0.3099 4.4938, 5.246 0.3059 4.514, 5.252 0.3063 4.5117, 4.3888 0.3076 4.5053, 4.3902 0.3074 4.5064, 4.3961 0.3065 4.5109, 4.4023 0.3059 4.5136, 4.4079 0.3057 4.5147, 4.3583 1.1181 4.2126, 5.2913 1.1181 4.2126
            ]
        }
        coordIndex [
            0,1,2,-1,2,1,3,-1,2,3,4,-1,4,3,5,-1,5,6,4,-1,4,6,7,-1,4,7,8,-1,8,7,9,-1,10,11,12,-1,13,14,11,-1,11,14,15,-1,11,15,12,-1,16,17,18,-1,16,18,12,-1,12,18,19,-1,12,19,10,-1,20,21,22,-1,14,13,20,-1,20,13,1,-1,20,1,0,-1,20,23,24,-1,25,26,27,-1,27,26,20,-1,27,20,28,-1,28,20,24,-1,22,29,20,-1,20,29,30,-1,20,30,31,-1,32,33,20,-1,20,33,34,-1,20,34,23,-1,0,35,20,-1,20,35,36,-1,20,36,32,-1,31,37,20,-1,20,37,38,-1,20,38,39,-1,39,40,20,-1,20,40,41,-1,20,41,14,-1,20,26,42,-1,42,26,43,-1,
        ]
    }
}
Shape{
    appearance Appearance {
        material  Material 	{
            diffuseColor 1.0 1.0 1.0
            specularColor 0.5019607843137255 0.5019607843137255 0.5019607843137255
            ambientIntensity 1.0
            transparency 0.0
            shininess 0.5
        }
    }
    geometry IndexedFaceSet {
        ccw TRUE
        solid FALSE
        coord DEF co Coordinate {
            point [
                4.2933 0.0787 5.4094, 4.2933 0.1575 5.2835, 4.2933 0.1575 4.2126, 4.2933 -0.4331 5.7087, 4.2933 -0.3543 5.9055, 4.2933 0.0787 5.9055, 4.2933 -0.6693 5.7087, 4.2933 -0.9843 4.2126, 4.2933 -0.748 5.9055, 4.2933 -0.9843 5.9055, 4.4705 -0.9843 4.6457, 4.4705 -0.9843 4.2126, 4.628 -0.9843 5.9055, 4.7067 -0.9843 5.7087, 4.9429 -0.9843 5.7087, 5.2776 -0.9843 4.6457, 5.0217 -0.9843 5.9055, 5.2776 -0.9843 5.9055
            ]
        }
        coordIndex [
            0,1,2,-1,3,4,5,-1,5,0,3,-1,3,0,2,-1,3,2,6,-1,6,2,7,-1,6,7,8,-1,8,7,9,-1,9,7,10,-1,10,7,11,-1,12,9,13,-1,13,9,10,-1,13,10,14,-1,14,10,15,-1,14,15,16,-1,16,15,17,-1,
        ]
    }
}
Shape{
    appearance Appearance {
        material  Material 	{
            diffuseColor 0.2235294117647059 0.2235294117647059 0.2235294117647059
            specularColor 0.11372549019607843 0.11372549019607843 0.11372549019607843
            ambientIntensity 0.2235
            transparency 0.0
            shininess 0.5
        }
    }
    geometry IndexedFaceSet {
        ccw TRUE
        solid FALSE
        coord DEF co Coordinate {
            point [
                4.4705 -0.315 4.6457, 4.4705 -0.9843 4.6457, 4.4705 -0.9843 4.2126, 4.4705 -0.2429 4.6211, 4.4705 -0.1985 4.5475, 4.4705 -0.2221 4.6005, 4.4705 -0.207 4.5755, 4.4705 -0.1968 4.2126, 4.4705 -0.1968 4.5276, 4.4705 -0.2962 4.6442, 4.4705 -0.2681 4.636, 5.3563 -0.1968 4.5276, 5.3563 -0.1968 4.2126
            ]
        }
        coordIndex [
            0,1,2,-1,3,4,5,-1,5,4,6,-1,2,7,0,-1,0,7,8,-1,0,8,9,-1,9,8,4,-1,9,4,10,-1,10,4,3,-1,8,7,11,-1,11,7,12,-1,
        ]
    }
}
Shape{
    appearance Appearance {
        material  Material 	{
            diffuseColor 1.0 1.0 1.0
            specularColor 0.5019607843137255 0.5019607843137255 0.5019607843137255
            ambientIntensity 1.0
            transparency 0.0
            shininess 0.5
        }
    }
    geometry IndexedFaceSet {
        ccw TRUE
        solid FALSE
        coord DEF co Coordinate {
            point [
                5.3563 -0.1968 4.5276, 5.3563 -0.1968 4.2126, 5.3563 0.1575 4.2126, 5.3563 0.0787 5.9055, 5.3563 -0.3543 5.9055, 5.3563 0.0787 5.4094, 5.3563 -0.4331 5.7087, 5.3563 0.1575 5.2835, 5.3563 -0.2962 4.6442, 5.3563 -0.2681 4.636, 5.3563 -0.2429 4.6211, 5.3563 -0.2221 4.6005, 5.3563 -0.207 4.5755, 5.3563 -0.1985 4.5475, 5.3563 -0.748 5.9055, 5.3563 -0.9055 5.9055, 5.3563 -0.6693 5.7087, 5.3563 -0.9055 4.6457, 5.3563 -0.315 4.6457
            ]
        }
        coordIndex [
            0,1,2,-1,3,4,5,-1,5,4,6,-1,5,6,7,-1,7,6,2,-1,8,9,6,-1,6,9,10,-1,10,11,6,-1,6,11,12,-1,6,12,2,-1,2,12,13,-1,2,13,0,-1,14,15,16,-1,16,15,17,-1,16,17,6,-1,6,17,18,-1,6,18,8,-1,
        ]
    }
}
Shape{
    appearance Appearance {
        material  Material 	{
            diffuseColor 0.2235294117647059 0.2235294117647059 0.2235294117647059
            specularColor 0.11372549019607843 0.11372549019607843 0.11372549019607843
            ambientIntensity 0.2235
            transparency 0.0
            shininess 0.5
        }
    }
    geometry IndexedFaceSet {
        ccw TRUE
        solid FALSE
        coord DEF co Coordinate {
            point [
                5.3563 0.1575 5.2835, 5.3563 0.1575 4.2126, 4.2933 0.1575 5.2835, 4.2933 0.1575 4.2126, 4.4571 0.2834 4.552, 4.4571 0.3057 5.2362, 4.4571 0.2709 4.5602, 4.4571 0.2569 4.5652, 4.4571 0.1772 5.2362, 4.4571 0.1772 4.502, 4.4571 0.1788 4.5165, 4.4571 0.2937 4.5413, 4.4571 0.3013 4.5285, 4.4571 0.3057 4.5148, 4.4571 0.1836 4.5302, 4.4571 0.1913 4.5425, 4.4571 0.2016 4.5528, 4.4571 0.2139 4.5605, 4.4571 0.2276 4.5653, 4.4571 0.2421 4.5669, 5.1925 0.2421 4.5669, 5.1925 0.2276 4.5653, 5.1925 0.2139 4.5605, 5.1925 0.2016 4.5528, 5.1925 0.1913 4.5425, 5.1925 0.1836 4.5302, 5.1925 0.1788 4.5165, 5.1925 0.1772 4.502, 5.1925 0.1772 5.2362, 5.1925 0.3057 5.2362, 5.1925 0.2834 4.552, 5.1925 0.2709 4.5602, 5.1925 0.2569 4.5652, 5.1925 0.3057 4.5148, 5.1925 0.3013 4.5285, 5.1925 0.2937 4.5413
            ]
        }
        coordIndex [
            0,1,2,-1,2,1,3,-1,4,5,6,-1,6,5,7,-1,8,9,10,-1,4,11,5,-1,5,11,12,-1,5,12,13,-1,10,14,8,-1,8,14,15,-1,8,15,16,-1,16,17,8,-1,8,17,18,-1,8,18,5,-1,5,18,19,-1,5,19,7,-1,20,19,18,-1,20,18,21,-1,21,18,17,-1,21,17,22,-1,22,17,16,-1,22,16,23,-1,23,16,15,-1,23,15,24,-1,24,15,14,-1,24,14,25,-1,25,14,10,-1,25,10,26,-1,26,10,9,-1,26,9,27,-1,26,27,28,-1,29,30,31,-1,31,32,29,-1,29,32,20,-1,29,20,28,-1,33,34,29,-1,29,34,35,-1,29,35,30,-1,20,21,28,-1,28,21,22,-1,28,22,23,-1,23,24,28,-1,28,24,25,-1,28,25,26,-1,
        ]
    }
}
Shape{
    appearance Appearance {
        material  Material 	{
            diffuseColor 0.6666666666666666 0.6980392156862745 0.7686274509803922
            specularColor 0.3333333333333333 0.34901960784313724 0.3843137254901961
            ambientIntensity 0.6967
            transparency 0.0
            shininess 0.5
        }
    }
    geometry IndexedFaceSet {
        ccw TRUE
        solid FALSE
        coord DEF co Coordinate {
            point [
                4.9823 -1.2402 0.0, 4.6673 -1.2402 0.0, 4.6673 -1.1876 0.0059, 4.9823 -1.1876 0.0059, 4.6673 -1.1377 0.0234, 4.9823 -1.1377 0.0234, 4.6673 -1.0929 0.0515, 4.9823 -1.0929 0.0515, 4.6673 -1.0555 0.0889, 4.9823 -1.0555 0.0889, 4.6673 -1.0273 0.1337, 4.9823 -1.0273 0.1337, 4.6673 -1.0099 0.1837, 4.9823 -1.0099 0.1837, 4.6673 -1.0039 0.2362, 4.9823 -1.0039 0.2362, 4.9823 -2.0669 0.1575, 4.9823 -2.0669 0.0, 4.9823 -1.2402 0.1575, 4.9823 -1.2226 0.1595, 4.9823 -1.206 0.1653, 4.9823 -1.1911 0.1747, 4.9823 -1.1786 0.1871, 4.9823 -1.1692 0.2021, 4.9823 -1.1634 0.2187, 4.9823 -1.1614 0.2362, 4.9823 -1.1614 0.6114, 4.9823 -1.0039 0.6114, 4.6673 -1.1614 0.2362, 4.6673 -1.1634 0.2187, 4.6673 -1.1692 0.2021, 4.6673 -1.1786 0.1871, 4.6673 -1.1911 0.1747, 4.6673 -1.206 0.1653, 4.6673 -1.2226 0.1595, 4.6673 -1.2402 0.1575, 4.6674 -1.1614 0.6114, 4.6674 -1.0039 0.6114, 4.6673 -2.0669 0.1575, 4.6673 -2.0669 0.0, 4.9823 1.2598 0.1575, 4.6673 1.2598 0.1575, 4.9823 1.2423 0.1595, 4.6673 1.2423 0.1595, 4.9823 1.2257 0.1653, 4.6673 1.2257 0.1653, 4.9823 1.2107 0.1747, 4.6673 1.2107 0.1747, 4.9823 1.1983 0.1871, 4.6673 1.1983 0.1871, 4.9823 1.1889 0.2021, 4.6673 1.1889 0.2021, 4.9823 1.1831 0.2187, 4.6673 1.1831 0.2187, 4.9823 1.1811 0.2362, 4.6673 1.1811 0.2362, 4.9823 1.1811 0.6114, 4.9823 1.0236 0.6114, 4.9823 1.0236 0.2362, 4.9823 1.0295 0.1837, 4.9823 1.047 0.1337, 4.9823 1.0752 0.0889, 4.9823 1.1126 0.0515, 4.9823 1.1574 0.0234, 4.9823 1.2073 0.0059, 4.9823 1.2598 0.0, 4.9823 2.0669 0.1575, 4.9823 2.0669 0.0, 4.6673 1.0236 0.2362, 4.6673 1.0295 0.1837, 4.6673 1.047 0.1337, 4.6673 1.0752 0.0889, 4.6673 1.1126 0.0515, 4.6673 1.1574 0.0234, 4.6673 1.2073 0.0059, 4.6673 1.2598 0.0, 4.6673 2.0669 0.1575, 4.6673 2.0669 0.0, 4.6673 1.1811 0.6114, 4.6673 1.0236 0.6114
            ]
        }
        coordIndex [
            0,1,2,-1,0,2,3,-1,3,2,4,-1,3,4,5,-1,5,4,6,-1,5,6,7,-1,7,6,8,-1,7,8,9,-1,9,8,10,-1,9,10,11,-1,11,10,12,-1,11,12,13,-1,13,12,14,-1,13,14,15,-1,16,17,18,-1,18,17,0,-1,18,0,19,-1,19,0,3,-1,19,3,20,-1,20,3,5,-1,20,5,21,-1,21,5,7,-1,21,7,22,-1,22,7,9,-1,22,9,23,-1,23,9,11,-1,23,11,24,-1,24,11,13,-1,24,13,25,-1,25,13,15,-1,25,15,26,-1,26,15,27,-1,25,28,24,-1,24,28,29,-1,24,29,23,-1,23,29,30,-1,23,30,22,-1,22,30,31,-1,22,31,21,-1,21,31,32,-1,21,32,20,-1,20,32,33,-1,20,33,19,-1,19,33,34,-1,19,34,18,-1,18,34,35,-1,36,37,28,-1,28,37,14,-1,28,14,29,-1,29,14,12,-1,29,12,30,-1,30,12,10,-1,30,10,31,-1,31,10,8,-1,31,8,32,-1,32,8,6,-1,32,6,33,-1,33,6,4,-1,33,4,34,-1,34,4,2,-1,34,2,35,-1,35,2,1,-1,35,1,38,-1,38,1,39,-1,40,41,42,-1,42,41,43,-1,42,43,44,-1,44,43,45,-1,44,45,46,-1,46,45,47,-1,46,47,48,-1,48,47,49,-1,48,49,50,-1,50,49,51,-1,50,51,52,-1,52,51,53,-1,52,53,54,-1,54,53,55,-1,56,57,54,-1,54,57,58,-1,54,58,52,-1,52,58,59,-1,52,59,50,-1,50,59,60,-1,50,60,48,-1,48,60,61,-1,48,61,46,-1,46,61,62,-1,46,62,44,-1,44,62,63,-1,44,63,42,-1,42,63,64,-1,42,64,40,-1,40,64,65,-1,40,65,66,-1,66,65,67,-1,58,68,69,-1,58,69,59,-1,59,69,70,-1,59,70,60,-1,60,70,71,-1,60,71,61,-1,61,71,72,-1,61,72,62,-1,62,72,73,-1,62,73,63,-1,63,73,74,-1,63,74,64,-1,64,74,75,-1,64,75,65,-1,76,77,41,-1,41,77,75,-1,41,75,43,-1,43,75,74,-1,43,74,45,-1,45,74,73,-1,45,73,47,-1,47,73,72,-1,47,72,49,-1,49,72,71,-1,49,71,51,-1,51,71,70,-1,51,70,53,-1,53,70,69,-1,53,69,55,-1,55,69,68,-1,55,68,78,-1,78,68,79,-1,
        ]
    }
}
Shape{
    appearance Appearance {
        material  Material 	{
            diffuseColor 0.2235294117647059 0.2235294117647059 0.2235294117647059
            specularColor 0.11372549019607843 0.11372549019607843 0.11372549019607843
            ambientIntensity 0.2235
            transparency 0.0
            shininess 0.5
        }
    }
    geometry IndexedFaceSet {
        ccw TRUE
        solid FALSE
        coord DEF co Coordinate {
            point [
                5.1943 0.3057 5.2532, 5.1925 0.3057 5.2362, 5.1925 0.1772 5.2362, 5.1943 0.1772 5.2532, 5.2001 0.1772 5.2701, 5.2001 0.3057 5.2701, 5.2096 0.1772 5.2852, 5.2096 0.3057 5.2852, 5.2222 0.1772 5.2978, 5.2222 0.3057 5.2978, 5.2373 0.1772 5.3073, 5.2373 0.3057 5.3073, 5.2542 0.1772 5.3131, 5.2542 0.3057 5.3131, 5.2712 0.3059 5.315, 5.268 0.3058 5.3149, 5.2712 0.1926 5.315, 5.2648 0.3057 5.3147, 5.2712 0.1795 5.315, 5.2712 0.1772 5.315, 5.2842 0.3082 5.315, 5.246 0.3059 4.514, 5.2999 0.311 5.315, 5.3111 0.3161 5.315, 5.2598 0.3074 4.5063, 5.3266 0.3231 5.315, 5.3354 0.3302 5.315, 5.2873 0.3163 4.4618, 5.3493 0.3413 5.315, 5.3556 0.3496 5.315, 5.3171 0.3389 4.3486, 5.3707 0.3733 5.315, 5.3784 0.3914 5.315, 5.3493 0.3907 4.3781, 5.3421 0.3734 4.3576, 5.3418 0.373 4.3567, 5.367 0.3646 5.315, 5.3282 0.3526 4.318, 5.3252 0.3491 4.3094, 5.3238 0.3476 4.3055, 5.3064 0.3308 4.3892, 5.2706 0.3099 4.4938, 5.2852 0.3155 4.4659, 5.252 0.3063 4.5117, 5.2594 0.3074 4.5065, 5.268 0.3058 5.3149, 5.2401 0.3057 4.5148, 4.4079 0.3057 4.5147, 4.4023 0.3059 4.5136, 4.3654 0.3082 5.315, 4.3848 0.3057 5.3147, 4.4095 0.3057 4.5148, 4.3816 0.3058 5.3149, 4.3784 0.3059 5.315, 4.3961 0.3065 4.5109, 4.3902 0.3074 4.5064, 4.3497 0.311 5.315, 4.3888 0.3076 4.5053, 4.3385 0.3161 5.315, 4.294 0.3496 5.315, 4.3003 0.3413 5.315, 4.3244 0.3491 4.3093, 4.3142 0.3302 5.315, 4.3258 0.3476 4.3055, 4.3442 0.3319 4.3839, 4.3629 0.316 4.4632, 4.323 0.3231 5.315, 4.3644 0.3154 4.4661, 4.3783 0.3101 4.4927, 4.2826 0.3646 5.315, 4.3214 0.3526 4.318, 4.2789 0.3733 5.315, 4.3078 0.373 4.3567, 4.2712 0.3913 5.315, 4.3075 0.3735 4.3576, 4.3003 0.3907 4.3781, 4.4553 0.1772 5.2531, 4.4571 0.1772 5.2362, 4.4571 0.3057 5.2362, 4.396 0.3057 5.313, 4.3784 0.1772 5.315, 4.396 0.1772 5.313, 4.4128 0.1772 5.3071, 4.4128 0.3057 5.3071, 4.4277 0.1772 5.2976, 4.4277 0.3057 5.2976, 4.4402 0.1772 5.285, 4.4402 0.3057 5.285, 4.4496 0.1772 5.2699, 4.4496 0.3057 5.2699, 4.4553 0.3057 5.2531, 5.4072 0.6679 4.5438, 5.3962 0.5952 4.5123, 5.4212 0.5916 5.315, 5.3875 0.5378 4.4874, 5.4367 0.8071 5.315, 5.4144 0.8071 4.5641, 5.414 0.7777 4.5632, 5.2913 0.3661 4.2126, 5.3826 1.0915 4.4733, 5.2913 1.1181 4.2126, 5.3619 1.1819 4.4141, 5.3415 1.247 4.3558, 5.414 0.7777 4.5632, 5.3282 0.3526 4.318, 5.3875 0.5378 4.4874, 5.4097 0.9201 4.5507, 5.3942 1.0409 4.5064, 4.3583 1.1181 4.2126, 4.3081 1.247 4.3558, 4.2668 1.0987 4.474, 4.2653 1.0901 4.4781, 4.2447 0.9675 4.5371, 4.2361 0.8564 4.5616, 4.3583 0.3661 4.2126, 4.3214 0.3526 4.318, 4.2352 0.8071 4.5641, 4.2399 0.6942 4.5507, 4.2525 0.5963 4.5149, 4.2554 0.5737 4.5066, 4.2873 0.434 4.4155, 4.213 0.8071 5.315, 4.2399 0.6942 4.5507, 4.2282 0.5928 5.315, 4.2873 0.434 4.4155, 4.2554 0.5737 4.5066, 5.2815 1.4004 4.5262, 5.2734 1.4073 4.5339, 5.3241 1.3052 4.4205, 5.3043 1.363 4.4847, 5.2245 1.4334 4.5629, 5.2342 1.431 4.5603, 5.2508 1.4236 4.5521, 5.2993 1.3745 4.4974, 5.2913 1.3861 4.5104, 5.2613 1.4177 4.5455, 5.254 1.4222 4.5505, 4.4523 1.437 4.5669, 4.4442 1.4367 4.5666, 4.425 1.4337 4.5632, 4.4239 1.4335 4.563, 4.4046 1.4268 4.5556, 4.399 1.4234 4.5518, 4.3831 1.414 4.5414, 5.2148 1.4357 4.5655, 5.1973 1.437 4.5669, 4.3762 1.4073 4.534, 4.3631 1.3945 4.5197, 4.3584 1.3862 4.5104, 4.3453 1.363 4.4847, 4.3255 1.3052 4.4205, 4.2319 -0.9598 5.2162, 4.2479 -0.9831 5.1736, 4.2539 0.1772 5.1575, 4.2509 -0.9874 5.1657, 4.2539 -0.9904 5.1575, 4.2043 -0.874 5.2897, 4.2139 -0.9124 5.2642, 4.2161 -0.921 5.2585, 4.2293 -0.9533 5.2233, 4.1966 -0.8071 5.3104, 4.1949 -0.7677 5.315, 4.1949 0.1772 5.315, 4.1972 -0.8218 5.3087, 4.2028 -0.8626 5.2938, 4.5886 -1.0827 4.685, 4.2539 -1.0827 4.685, 4.5886 -1.0827 5.0, 4.2539 -1.0827 5.0, 4.5886 -1.0039 4.4882, 4.2539 -1.0039 4.4882
            ]
        }
        coordIndex [
            0,1,2,-1,2,3,0,-1,0,3,4,-1,0,4,5,-1,5,4,6,-1,5,6,7,-1,7,6,8,-1,7,8,9,-1,9,8,10,-1,9,10,11,-1,11,10,12,-1,11,12,13,-1,14,15,16,-1,16,15,17,-1,16,17,18,-1,13,12,17,-1,17,12,19,-1,17,19,18,-1,14,20,21,-1,22,23,24,-1,25,26,27,-1,28,29,30,-1,31,32,33,-1,33,34,31,-1,31,34,35,-1,31,35,36,-1,36,35,29,-1,35,37,29,-1,29,37,38,-1,29,38,30,-1,30,38,39,-1,28,30,26,-1,26,30,40,-1,26,40,27,-1,24,23,41,-1,25,27,23,-1,23,27,42,-1,23,42,41,-1,21,20,43,-1,22,24,20,-1,20,24,44,-1,20,44,43,-1,14,21,45,-1,45,21,46,-1,45,46,17,-1,47,48,49,-1,50,51,52,-1,52,51,47,-1,52,47,53,-1,53,47,49,-1,48,54,49,-1,49,54,55,-1,49,55,56,-1,56,55,57,-1,56,57,58,-1,59,60,61,-1,61,60,62,-1,63,61,64,-1,64,61,62,-1,64,62,65,-1,65,62,66,-1,65,66,67,-1,67,66,58,-1,67,58,68,-1,68,58,57,-1,59,61,69,-1,69,61,70,-1,69,70,71,-1,71,70,72,-1,71,72,73,-1,73,72,74,-1,73,74,75,-1,76,77,78,-1,79,50,80,-1,80,50,52,-1,80,52,53,-1,80,81,79,-1,79,81,82,-1,79,82,83,-1,83,82,84,-1,83,84,85,-1,85,84,86,-1,85,86,87,-1,87,86,88,-1,87,88,89,-1,89,88,76,-1,89,76,90,-1,90,76,78,-1,91,92,93,-1,93,92,32,-1,32,92,94,-1,32,94,33,-1,95,96,93,-1,93,96,97,-1,93,97,91,-1,98,99,100,-1,100,99,101,-1,100,101,102,-1,92,91,98,-1,98,91,103,-1,98,103,96,-1,35,92,104,-1,104,92,98,-1,104,98,38,-1,38,98,39,-1,35,34,92,-1,92,34,33,-1,92,33,105,-1,96,106,98,-1,98,106,107,-1,98,107,99,-1,108,109,110,-1,110,111,108,-1,108,111,112,-1,108,112,113,-1,63,114,61,-1,61,114,108,-1,61,108,115,-1,113,116,108,-1,108,116,117,-1,108,117,118,-1,118,119,108,-1,108,119,120,-1,108,120,75,-1,75,74,108,-1,108,74,72,-1,108,72,115,-1,116,121,122,-1,122,121,123,-1,75,124,73,-1,73,124,125,-1,73,125,123,-1,123,125,118,-1,123,118,122,-1,126,127,108,-1,100,102,108,-1,108,102,128,-1,108,128,129,-1,130,108,131,-1,131,108,132,-1,129,133,108,-1,108,133,134,-1,108,134,126,-1,127,135,108,-1,108,135,136,-1,108,136,132,-1,137,138,108,-1,108,138,139,-1,108,139,140,-1,140,141,108,-1,108,141,142,-1,108,142,143,-1,130,144,108,-1,108,144,145,-1,108,145,137,-1,143,146,108,-1,108,146,147,-1,108,147,148,-1,148,149,108,-1,108,149,150,-1,108,150,109,-1,151,152,153,-1,153,152,154,-1,153,154,155,-1,156,157,153,-1,157,158,153,-1,153,158,159,-1,153,159,151,-1,160,153,161,-1,161,153,162,-1,160,163,153,-1,153,163,164,-1,153,164,156,-1,165,166,167,-1,167,166,168,-1,169,170,165,-1,165,170,166,-1,
        ]
    }
}
Shape{
    appearance Appearance {
        material  Material 	{
            diffuseColor 1.0 1.0 1.0
            specularColor 0.5019607843137255 0.5019607843137255 0.5019607843137255
            ambientIntensity 1.0
            transparency 0.0
            shininess 0.5
        }
    }
    geometry IndexedFaceSet {
        ccw TRUE
        solid FALSE
        coord DEF co Coordinate {
            point [
                5.3563 -0.1968 4.2126, 4.4705 -0.1968 4.2126, 4.4705 -0.9843 4.2126, 4.2933 0.1575 4.2126, 5.3563 0.1575 4.2126, 5.3957 0.1772 4.2126, 5.3957 -1.0039 4.2126, 4.2539 -1.0039 4.2126, 4.2933 -0.9843 4.2126, 4.2539 0.1772 4.2126
            ]
        }
        coordIndex [
            0,1,2,-1,3,4,5,-1,5,4,0,-1,5,0,6,-1,6,0,2,-1,6,2,7,-1,7,2,8,-1,7,8,9,-1,9,8,3,-1,9,3,5,-1,
        ]
    }
}
Shape{
    appearance Appearance {
        material  Material 	{
            diffuseColor 0.2235294117647059 0.2235294117647059 0.2235294117647059
            specularColor 0.11372549019607843 0.11372549019607843 0.11372549019607843
            ambientIntensity 0.2235
            transparency 0.0
            shininess 0.5
        }
    }
    geometry IndexedFaceSet {
        ccw TRUE
        solid FALSE
        coord DEF co Coordinate {
            point [
                4.3784 0.1772 5.315, 4.1949 0.1772 5.315, 4.2539 0.1772 5.1575, 4.396 0.1772 5.313, 4.4571 0.1772 5.2362, 4.4571 0.1772 4.502, 4.2539 0.1772 4.2126, 5.1925 0.1772 4.502, 5.3957 0.1772 4.2126, 5.1925 0.1772 5.2362, 5.3957 0.1772 5.1575, 5.1943 0.1772 5.2532, 5.2001 0.1772 5.2701, 5.4547 0.1772 5.315, 5.2712 0.1772 5.315, 5.2542 0.1772 5.3131, 5.2373 0.1772 5.3073, 5.2222 0.1772 5.2978, 5.2096 0.1772 5.2852, 4.4553 0.1772 5.2531, 4.4496 0.1772 5.2699, 4.4402 0.1772 5.285, 4.4277 0.1772 5.2976, 4.4128 0.1772 5.3071, 4.5886 -1.0039 4.9213, 5.3957 -1.0039 4.9213, 4.5886 -1.0039 4.4882, 5.3957 -1.0039 4.2126, 4.2539 -1.0039 4.4882, 4.2539 -1.0039 4.2126, 5.3957 -0.9904 5.1575, 5.3984 -0.9877 5.1648, 5.4453 -0.874 5.2897, 5.4458 -0.8701 5.2911, 5.4524 -0.8218 5.3087, 5.4524 -0.8203 5.3089, 5.4547 -0.7677 5.315, 5.4043 -0.9792 5.1805, 5.4174 -0.9603 5.2155, 5.4211 -0.9515 5.2252, 5.4335 -0.9211 5.2584, 5.4351 -0.9145 5.2627
            ]
        }
        coordIndex [
            0,1,2,-1,0,2,3,-1,4,2,5,-1,5,2,6,-1,5,6,7,-1,7,6,8,-1,7,8,9,-1,9,8,10,-1,9,10,11,-1,11,10,12,-1,13,14,10,-1,10,14,15,-1,10,15,16,-1,16,17,10,-1,10,17,18,-1,10,18,12,-1,4,19,2,-1,2,19,20,-1,2,20,21,-1,21,22,2,-1,2,22,23,-1,2,23,3,-1,24,25,26,-1,26,25,27,-1,26,27,28,-1,28,27,29,-1,10,30,31,-1,32,33,10,-1,10,33,34,-1,34,35,10,-1,10,35,36,-1,10,36,13,-1,31,37,10,-1,10,37,38,-1,10,38,39,-1,39,40,10,-1,10,40,41,-1,10,41,32,-1,
        ]
    }
}
Shape{
    appearance Appearance {
        material  Material 	{
            diffuseColor 0.6666666666666666 0.6980392156862745 0.7686274509803922
            specularColor 0.3333333333333333 0.34901960784313724 0.3843137254901961
            ambientIntensity 0.6967
            transparency 0.0
            shininess 0.5
        }
    }
    geometry IndexedFaceSet {
        ccw TRUE
        solid FALSE
        coord DEF co Coordinate {
            point [
                5.4744 -1.2402 0.4724, 5.4145 -1.2402 0.4769, 5.4154 -1.2402 0.4724, 4.6674 -1.1614 0.6114, 4.6366 -1.1614 0.7874, 4.6674 -1.0039 0.6114, 4.6366 -1.0039 0.7874, 4.9823 -1.0039 0.2362, 4.6673 -1.0039 0.2362, 4.9823 -1.0039 0.6114, 5.0131 -1.0039 0.7874, 4.9823 -1.1614 0.6114, 5.0131 -1.1614 0.7874, 4.9823 -1.1614 0.2362, 4.6673 -1.1614 0.2362, 4.6673 1.0236 0.6114, 4.6365 1.0236 0.7874, 4.6673 1.1811 0.6114, 4.6365 1.1811 0.7874, 4.9823 1.1811 0.2362, 4.6673 1.1811 0.2362, 4.9823 1.1811 0.6114, 5.0131 1.1811 0.7874, 4.9823 1.0236 0.6114, 5.0131 1.0236 0.7874, 4.9823 1.0236 0.2362, 4.6673 1.0236 0.2362
            ]
        }
        coordIndex [
            0,1,2,-1,3,4,5,-1,5,4,6,-1,7,8,9,-1,9,8,5,-1,9,5,10,-1,10,5,6,-1,9,10,11,-1,11,10,12,-1,12,4,11,-1,11,4,3,-1,11,3,13,-1,13,3,14,-1,15,16,17,-1,17,16,18,-1,19,20,21,-1,21,20,17,-1,21,17,22,-1,22,17,18,-1,21,22,23,-1,23,22,24,-1,24,16,23,-1,23,16,15,-1,23,15,25,-1,25,15,26,-1,
        ]
    }
}
Shape{
    appearance Appearance {
        material  Material 	{
            diffuseColor 0.2235294117647059 0.2235294117647059 0.2235294117647059
            specularColor 0.11372549019607843 0.11372549019607843 0.11372549019607843
            ambientIntensity 0.2235
            transparency 0.0
            shininess 0.5
        }
    }
    geometry IndexedFaceSet {
        ccw TRUE
        solid FALSE
        coord DEF co Coordinate {
            point [
                4.2539 -1.2402 0.7874, 4.1949 -1.2402 0.4727, 4.2539 1.437 0.7874, 4.1949 1.6339 0.4724, 4.2539 1.6339 0.7874, 4.334 -1.2402 0.505, 4.2927 -1.2402 0.4918, 4.2583 -1.2402 0.4808, 4.2005 -1.2402 0.4734, 4.628 -1.2402 0.7874, 4.554 -1.2402 0.6828, 4.4988 -1.2402 0.6224, 4.4855 -1.2402 0.6078, 4.4096 -1.2402 0.5464, 4.3843 -1.2402 0.5326, 4.9373 -1.2402 0.8674, 4.9846 -1.2402 0.8328, 5.0217 -1.2402 0.7874, 4.8248 -1.2402 0.8965, 4.7667 -1.2402 0.8891, 4.7123 -1.2402 0.8674, 4.8829 -1.2402 0.8891, 4.665 -1.2402 0.8328, 5.0626 -1.2402 0.7262, 5.3563 -1.2402 0.7874, 5.4145 -1.2402 0.4769, 5.3762 -1.2402 0.4846, 5.2823 -1.2402 0.5211, 5.1871 -1.2402 0.5871, 5.3563 1.437 0.7874, 5.3563 1.6339 0.7874, 5.4154 1.6339 0.4724, 5.4154 -1.2402 0.4724, 5.3946 1.1614 5.315, 5.6516 1.1614 5.315, 5.3817 1.2105 5.3087, 5.6516 1.2124 5.3083, 5.3811 1.2123 5.308, 5.3673 1.2573 5.29, 5.6516 1.2598 5.2886, 5.3665 1.2596 5.2883, 5.3531 1.2979 5.26, 5.6516 1.3006 5.2573, 5.3521 1.3004 5.2572, 5.3459 1.3164 5.2395, 5.6516 1.3319 5.2165, 5.34 1.3306 5.2158, 5.3354 1.3414 5.1979, 5.6516 1.3516 5.1691, 5.3311 1.3503 5.1687, 5.3287 1.3552 5.1527, 5.6516 1.3583 5.1181, 5.3264 1.3583 5.1181, 5.3563 1.6339 1.7323, 5.6516 1.6339 1.7323, 5.6516 1.6339 0.4724, 5.3707 0.3733 5.315, 5.367 0.3646 5.315, 5.4547 0.1772 5.315, 5.4547 -0.7677 5.315, 5.6516 -0.7677 5.315, 5.4087 1.0966 5.315, 5.3556 0.3496 5.315, 5.3493 0.3413 5.315, 5.3354 0.3302 5.315, 5.4367 0.8071 5.315, 5.4212 0.5916 5.315, 5.3784 0.3914 5.315, 5.3266 0.3231 5.315, 5.3111 0.3161 5.315, 5.2712 0.1772 5.315, 5.2999 0.311 5.315, 5.2842 0.3082 5.315, 5.2712 0.3059 5.315, 5.2712 0.1926 5.315, 5.2712 0.1795 5.315, 5.3251 1.3583 5.0787, 5.6516 1.3583 5.0787, 5.4144 0.8071 4.5641, 5.4097 0.9201 4.5507, 5.3942 1.0409 4.5064, 5.3826 1.0915 4.4733, 5.3817 1.2105 5.3087, 5.3673 1.2573 5.29, 5.3531 1.2979 5.26, 5.3241 1.3052 4.4205, 5.3415 1.247 4.3558, 5.3619 1.1819 4.4141, 5.3043 1.363 4.4847, 5.3235 1.3624 5.0787, 5.2136 1.437 5.0787, 5.1973 1.437 4.5669, 5.2373 1.4346 5.0787, 5.2148 1.4357 4.5655, 5.2409 1.4334 5.0787, 5.2245 1.4334 4.5629, 5.265 1.4253 5.0787, 5.2342 1.431 4.5603, 5.2676 1.4236 5.0787, 5.2508 1.4236 4.5521, 5.2895 1.4094 5.0787, 5.254 1.4222 4.5505, 5.2911 1.4077 5.0787, 5.2613 1.4177 4.5455, 5.2734 1.4073 4.5339, 5.3095 1.388 5.0787, 5.2815 1.4004 4.5262, 5.3102 1.3867 5.0787, 5.2913 1.3861 4.5104, 5.2993 1.3745 4.4974, 4.4523 1.437 4.5669, 4.436 1.437 5.0787, 4.3358 1.3627 4.7814, 4.3453 1.363 4.4847, 4.3584 1.3862 4.5104, 4.382 1.4236 5.0787, 4.4239 1.4335 4.563, 4.4071 1.4334 5.0787, 4.425 1.4337 4.5632, 4.4086 1.4336 5.0787, 4.4442 1.4367 4.5666, 4.3631 1.3945 4.5197, 4.3762 1.4073 4.534, 4.3585 1.4076 5.0787, 4.3831 1.414 4.5414, 4.3798 1.4228 5.0787, 4.399 1.4234 4.5518, 4.4046 1.4268 4.5556, 4.356 1.4058 5.0787, 4.3396 1.3865 5.0787, 4.3371 1.3835 5.0787, 4.3261 1.3625 5.0787, 4.2447 0.9675 4.5371, 4.2653 1.0901 4.4781, 4.2406 1.0949 5.315, 4.3081 1.247 4.3558, 4.3255 1.3052 4.4205, 4.2668 1.0987 4.474, 4.3357 1.3627 4.7814, 4.3245 1.3583 5.0787, 4.3012 1.3102 5.247, 4.2914 1.2837 5.2715, 4.2912 1.2798 5.2352, 4.2893 1.2779 5.2768, 4.2789 1.2462 5.2943, 4.2748 1.2337 5.3012, 4.2666 1.2048 5.3085, 4.3129 1.3384 5.2034, 4.3123 1.337 5.207, 4.303 1.3146 5.2404, 4.3232 1.3583 5.1181, 4.3198 1.3532 5.1619, 4.3197 1.353 5.1632, 4.2609 1.1848 5.3136, 4.255 1.1614 5.315, 4.213 0.8071 5.315, 4.2352 0.8071 4.5641, 4.2361 0.8564 4.5616, 4.2539 -1.0039 4.4882, 4.2539 -1.0039 4.2126, 4.2539 0.1772 4.2126, 4.2539 -1.0039 5.0787, 4.2539 -1.122 5.0787, 4.2539 -1.0827 5.0, 4.2539 -1.0006 5.1183, 4.2539 0.1772 5.1575, 4.2539 -0.9904 5.1575, 4.2539 -1.0827 4.685, 4.5886 -1.122 5.0787, 4.5886 -1.0827 5.0, 4.5886 -1.0827 5.0787, 4.5886 -1.0039 4.9213, 4.5886 -1.0827 4.685, 4.5886 -1.0039 4.4882, 5.3957 -1.0827 5.0787, 5.3957 -1.0039 4.9213, 5.3957 0.1772 4.2126, 5.3957 -1.0039 4.2126, 5.3957 -0.9904 5.1575, 5.3957 0.1772 5.1575, 5.3957 -0.998 5.1313, 5.3957 -1.0039 5.0787, 5.4453 -0.874 5.2897, 5.4351 -0.9145 5.2627, 5.6516 -0.915 5.2634, 5.3984 -0.9877 5.1648, 5.6516 -0.9805 5.1812, 5.4043 -0.9792 5.1805, 5.6516 -0.998 5.1313, 5.6516 -0.9524 5.226, 5.4335 -0.9211 5.2584, 5.4211 -0.9515 5.2252, 5.4174 -0.9603 5.2155, 5.4458 -0.8701 5.2911, 5.6516 -0.8702 5.2916, 5.4524 -0.8218 5.3087, 5.6516 -0.8203 5.309, 5.4524 -0.8203 5.3089, 5.6516 -1.0039 5.0787, 5.6516 -1.437 0.4724, 5.4744 -1.437 0.4724, 5.4744 -1.2402 0.4724, 5.3762 -1.437 0.4846, 5.2823 -1.437 0.5211, 5.1871 -1.437 0.5871, 5.0626 -1.437 0.7262, 5.0217 -1.437 0.7874, 4.9846 -1.437 0.8328, 4.9373 -1.437 0.8674, 4.8829 -1.437 0.8891, 4.8248 -1.437 0.8965, 4.7667 -1.437 0.8891, 4.7123 -1.437 0.8674, 4.665 -1.437 0.8328, 4.628 -1.437 0.7874, 4.1752 -1.437 0.4724, 4.1752 -1.2402 0.4724, 4.2005 -1.437 0.4732, 4.2932 -1.437 0.4901, 4.3851 -1.437 0.5311, 4.4996 -1.437 0.6217, 4.2539 1.6339 1.7323, 4.2539 1.437 1.7323, 4.6365 1.0236 0.7874, 5.0131 -1.0039 0.7874, 4.6366 -1.0039 0.7874, 4.6366 -1.1614 0.7874, 5.0131 1.0236 0.7874, 5.0131 1.1811 0.7874, 4.6365 1.1811 0.7874, 5.0131 -1.1614 0.7874, 5.3563 1.437 1.7323, 5.6516 1.437 1.7323, 4.2539 1.6339 4.3307, 4.2539 1.437 4.2126, 4.2539 1.6339 3.3465, 4.2539 1.437 3.3465, 5.3957 1.437 4.2126, 5.3957 1.6339 4.3307, 5.3957 1.437 3.3465, 5.3957 1.6339 3.3465, 5.6516 1.6339 3.3465, 5.6516 1.437 3.3465, 5.6516 -1.7126 5.0787, 5.6516 -1.7126 4.1339, 5.6516 -1.437 4.1339, 5.6516 1.6339 5.0787
            ]
        }
        coordIndex [
            0,1,2,-1,2,1,3,-1,2,3,4,-1,5,6,0,-1,6,7,0,-1,0,7,8,-1,0,8,1,-1,9,10,0,-1,0,10,11,-1,0,11,12,-1,12,13,0,-1,0,13,14,-1,0,14,5,-1,15,9,16,-1,16,9,17,-1,18,19,20,-1,15,21,9,-1,9,21,18,-1,9,18,22,-1,22,18,20,-1,23,17,24,-1,24,25,26,-1,26,27,24,-1,24,27,28,-1,24,28,23,-1,29,30,31,-1,24,29,25,-1,25,29,31,-1,25,31,32,-1,33,34,35,-1,35,34,36,-1,35,36,37,-1,37,36,38,-1,38,36,39,-1,38,39,40,-1,40,39,41,-1,41,39,42,-1,41,42,43,-1,43,42,44,-1,44,42,45,-1,44,45,46,-1,46,45,47,-1,47,45,48,-1,47,48,49,-1,49,48,50,-1,50,48,51,-1,50,51,52,-1,53,54,30,-1,30,54,55,-1,30,55,31,-1,56,57,58,-1,59,60,58,-1,58,60,34,-1,34,33,61,-1,57,62,58,-1,58,62,63,-1,58,63,64,-1,61,65,34,-1,34,65,66,-1,34,66,58,-1,58,66,67,-1,58,67,56,-1,64,68,58,-1,58,68,69,-1,58,69,70,-1,70,69,71,-1,70,71,72,-1,73,74,72,-1,72,74,75,-1,72,75,70,-1,52,51,76,-1,76,51,77,-1,78,65,79,-1,79,65,61,-1,79,61,80,-1,80,61,81,-1,33,82,37,-1,33,37,61,-1,61,37,83,-1,61,83,40,-1,40,84,61,-1,61,84,43,-1,61,43,44,-1,44,46,61,-1,61,46,47,-1,61,47,49,-1,85,86,87,-1,85,87,88,-1,49,50,61,-1,61,50,52,-1,61,52,81,-1,81,52,76,-1,81,76,87,-1,87,76,89,-1,87,89,88,-1,90,91,92,-1,92,91,93,-1,92,93,94,-1,94,93,95,-1,94,95,96,-1,96,95,97,-1,96,97,98,-1,98,97,99,-1,98,99,100,-1,100,99,101,-1,100,101,102,-1,101,103,102,-1,102,103,104,-1,102,104,105,-1,105,104,106,-1,105,106,107,-1,107,106,108,-1,107,108,89,-1,89,108,109,-1,89,109,88,-1,91,90,110,-1,110,90,111,-1,112,113,114,-1,115,116,117,-1,117,116,118,-1,117,118,119,-1,119,118,120,-1,119,120,111,-1,111,120,110,-1,121,122,123,-1,123,122,124,-1,123,124,125,-1,125,124,126,-1,125,126,115,-1,115,126,127,-1,115,127,116,-1,123,128,121,-1,121,128,129,-1,121,129,114,-1,114,129,130,-1,114,130,112,-1,112,130,131,-1,132,133,134,-1,135,136,137,-1,137,136,113,-1,113,138,137,-1,137,138,131,-1,137,131,133,-1,133,131,139,-1,133,139,134,-1,140,141,142,-1,142,141,143,-1,143,144,142,-1,142,144,145,-1,142,145,146,-1,147,148,142,-1,142,148,149,-1,142,149,140,-1,139,150,134,-1,134,150,151,-1,134,151,142,-1,142,151,152,-1,142,152,147,-1,146,153,142,-1,142,153,154,-1,142,154,134,-1,155,156,134,-1,134,156,157,-1,134,157,132,-1,158,159,160,-1,161,162,163,-1,161,160,164,-1,164,160,165,-1,164,165,166,-1,161,163,160,-1,160,163,167,-1,160,167,158,-1,162,168,163,-1,163,168,169,-1,168,170,169,-1,169,170,171,-1,169,171,172,-1,172,171,173,-1,174,175,170,-1,170,175,171,-1,176,177,175,-1,178,179,180,-1,180,179,176,-1,180,176,181,-1,181,176,175,-1,181,175,174,-1,182,183,184,-1,185,178,180,-1,186,187,188,-1,188,187,185,-1,184,183,189,-1,183,190,189,-1,189,190,191,-1,189,191,186,-1,186,191,192,-1,186,192,187,-1,182,184,193,-1,193,184,194,-1,193,194,195,-1,195,194,196,-1,195,196,197,-1,197,196,60,-1,197,60,59,-1,185,180,188,-1,188,180,181,-1,188,181,198,-1,199,200,201,-1,32,31,201,-1,201,31,55,-1,201,55,199,-1,201,200,25,-1,25,200,202,-1,25,202,26,-1,26,202,203,-1,26,203,27,-1,27,203,204,-1,27,204,28,-1,28,204,205,-1,28,205,23,-1,23,205,206,-1,23,206,17,-1,17,206,16,-1,16,206,207,-1,16,207,15,-1,15,207,208,-1,15,208,21,-1,21,208,209,-1,21,209,18,-1,18,209,210,-1,18,210,19,-1,19,210,211,-1,19,211,20,-1,20,211,212,-1,20,212,22,-1,22,212,213,-1,22,213,9,-1,9,213,214,-1,215,216,217,-1,217,216,1,-1,1,8,217,-1,217,8,7,-1,217,7,218,-1,14,219,5,-1,5,219,218,-1,5,218,6,-1,6,218,7,-1,14,13,219,-1,219,13,12,-1,219,12,220,-1,9,214,10,-1,10,214,220,-1,10,220,11,-1,11,220,12,-1,221,222,4,-1,4,222,2,-1,223,224,225,-1,226,0,225,-1,225,0,2,-1,225,2,223,-1,24,227,29,-1,29,227,228,-1,29,228,2,-1,2,228,229,-1,2,229,223,-1,223,227,224,-1,224,227,24,-1,224,24,230,-1,230,24,17,-1,230,17,226,-1,226,17,9,-1,226,9,0,-1,231,53,29,-1,29,53,30,-1,232,54,231,-1,231,54,53,-1,233,234,235,-1,235,234,236,-1,234,233,237,-1,237,233,238,-1,237,238,239,-1,239,238,240,-1,241,242,240,-1,240,242,239,-1,198,243,244,-1,244,245,198,-1,198,245,60,-1,198,60,196,-1,55,54,199,-1,199,54,232,-1,199,232,245,-1,245,232,242,-1,245,242,60,-1,189,196,184,-1,184,196,194,-1,189,186,196,-1,196,186,188,-1,196,188,198,-1,241,246,242,-1,242,246,77,-1,242,77,60,-1,60,77,51,-1,60,51,34,-1,34,51,48,-1,34,48,36,-1,36,48,45,-1,36,45,39,-1,39,45,42,-1,
        ]
    }
}