#VRML V2.0 utf8
# 3D model generated by easyeda2kicad.py (https://github.com/uPesy/easyeda2kicad.py)

Shape{
    appearance Appearance {
        material  Material 	{
            diffuseColor 0.0 0.5019607843137255 0.0
            specularColor 0.0 0.25098039215686274 0.0
            ambientIntensity 0.2947
            transparency 0.0
            shininess 0.5
        }
    }
    geometry IndexedFaceSet {
        ccw TRUE
        solid FALSE
        coord DEF co Coordinate {
            point [
                3.5748 -0.6683 0.4656, 3.5748 -0.6092 0.4656, 3.5748 -0.6092 0.5188, 3.5748 -0.8667 0.2781, 3.5748 -0.8744 0.2772, 3.5748 -0.8277 0.2772, 3.5748 2.6909 0.1969, 3.5748 2.6909 0.2032, 3.5748 2.4941 0.0, 3.5748 -0.4626 0.5752, 3.5748 -0.4816 0.6263, 3.5748 -0.5502 0.6263, 3.5748 -1.5923 0.7782, 3.5748 -1.5714 0.7636, 3.5748 -1.2622 0.7636, 3.5748 -1.542 0.743, 3.5748 -1.4952 0.6879, 3.5748 -1.3494 0.5188, 3.5748 -1.2622 0.5188, 3.5748 -1.361 0.548, 3.5748 -1.3881 0.5858, 3.5748 -1.4242 0.6163, 3.5748 -1.4703 0.6381, 3.5748 -1.4637 0.6359, 3.5748 -1.7226 0.8121, 3.5748 -1.6581 0.8041, 3.5748 -1.2622 3.2407, 3.5748 -1.781 0.8058, 3.5748 -2.4051 3.2407, 3.5748 -1.8427 0.7839, 3.5748 -1.8766 0.7636, 3.5748 -2.4051 0.7636, 3.5748 -1.882 0.7603, 3.5748 -2.1858 0.5021, 3.5748 -2.1829 0.5188, 3.5748 -2.4051 0.5188, 3.5748 -2.1769 0.552, 3.5748 -2.1557 0.5999, 3.5748 -2.1238 0.6408, 3.5748 -2.023 0.6981, 3.5748 -1.971 0.7045, 3.5748 -1.9133 0.7336, 3.5748 -1.9558 0.7037, 3.5748 -1.9405 0.7019, 3.5748 -2.1146 0.6495, 3.5748 -2.0723 0.6791, 3.5748 -2.0242 0.2808, 3.5748 -2.0419 0.2861, 3.5748 -2.4051 0.2772, 3.5748 -2.0898 0.3097, 3.5748 -2.1304 0.3445, 3.5748 -2.1609 0.3881, 3.5748 -2.1799 0.4376, 3.5748 -2.1862 0.4893, 3.5748 -1.9345 0.1954, 3.5748 -1.9529 0.2032, 3.5748 -2.4051 0.2032, 3.5748 -1.9651 0.2083, 3.5748 -1.9911 0.2279, 3.5748 -2.0109 0.2523, 3.5748 -2.0225 0.2772, 3.5748 -1.2622 0.0, 3.5748 -1.2622 0.2032, 3.5748 -1.6201 0.0, 3.5748 -1.843 0.2032, 3.5748 -1.8658 0.1944, 3.5748 -1.898 0.1905, 3.5748 -1.9031 0.1906, 3.5748 -2.4051 0.0, 3.5748 -1.2622 0.2772, 3.5748 -1.7735 0.2772, 3.5748 -1.7736 0.2767, 3.5748 -1.7893 0.2471, 3.5748 -1.8098 0.2242, 3.5748 -1.8362 0.2058, 3.5748 -1.6039 0.3556, 3.5748 -1.5948 0.3592, 3.5748 -1.5792 0.4349, 3.5748 -1.3879 0.3379, 3.5748 -1.4241 0.3073, 3.5748 -1.7983 0.4123, 3.5748 -1.6204 0.5053, 3.5748 -1.8216 0.4334, 3.5748 -1.8497 0.4485, 3.5748 -1.6121 0.3498, 3.5748 -1.3615 0.3746, 3.5748 -1.4217 0.4744, 3.5748 -1.428 0.4999, 3.5748 -1.4382 0.5188, 3.5748 -2.0992 0.5188, 3.5748 -1.3448 0.5074, 3.5748 -1.3387 0.4641, 3.5748 -1.3449 0.4167, 3.5748 -1.5845 0.3605, 3.5748 -1.5832 0.3604, 3.5748 -1.5792 0.3595, 3.5748 -2.0914 0.4391, 3.5748 -2.0756 0.4121, 3.5748 -2.0081 0.3984, 3.5748 -2.0518 0.3876, 3.5748 -2.0228 0.3698, 3.5748 -1.959 0.4423, 3.5748 -1.9862 0.4235, 3.5748 -2.1025 0.492, 3.5748 -2.101 0.4716, 3.5748 -1.9297 0.4535, 3.5748 -1.898 0.4575, 3.5748 -1.8818 0.4565, 3.5748 -1.6257 0.3193, 3.5748 -1.6253 0.3245, 3.5748 -1.7651 0.3366, 3.5748 -1.6227 0.3347, 3.5748 -1.6176 0.3437, 3.5748 -1.4481 0.3925, 3.5748 -1.4334 0.4132, 3.5748 -1.4243 0.4369, 3.5748 -1.4211 0.4628, 3.5748 -1.5946 0.2793, 3.5748 -1.6034 0.2828, 3.5748 -1.612 0.2889, 3.5748 -1.6151 0.2921, 3.5748 -1.6209 0.3004, 3.5748 -1.6244 0.3094, 3.5748 -1.7659 0.3095, 3.5748 -1.7651 0.3233, 3.5748 -1.4646 0.2875, 3.5748 -1.5088 0.2781, 3.5748 -1.5871 0.2781, 3.5748 -1.5765 0.3592, 3.5748 -1.5167 0.3592, 3.5748 -1.4929 0.3637, 3.5748 -1.4695 0.3746, 3.5748 -1.4498 0.3906, 3.5748 -1.5639 0.6461, 3.5748 -1.5939 0.6819, 3.5748 -1.8993 0.6049, 3.5748 -1.5973 0.685, 3.5748 -1.6346 0.7109, 3.5748 -1.879 0.6469, 3.5748 -1.9089 0.6101, 3.5748 -1.9386 0.621, 3.5748 -1.4403 0.5228, 3.5748 -1.4557 0.54, 3.5748 -1.5247 0.5664, 3.5748 -1.4763 0.5543, 3.5748 -1.4995 0.5633, 3.5748 -1.5353 0.5664, 3.5748 -1.5435 0.6033, 3.5748 -2.0163 0.6164, 3.5748 -2.0459 0.6007, 3.5748 -1.9835 0.6241, 3.5748 -2.0688 0.5802, 3.5748 -2.0872 0.5538, 3.5748 -1.8492 0.6825, 3.5748 -1.6763 0.7269, 3.5748 -1.8136 0.7085, 3.5748 -1.7213 0.7324, 3.5748 -1.7702 0.7261, 3.5748 -1.9697 0.6248, 3.5748 -2.0986 0.5241, 3.5748 -0.4359 0.5752, 3.5748 -0.5502 0.5188, 3.5748 -0.5071 0.762, 3.5748 2.6909 0.5188, 3.5748 2.6909 0.7636, 3.5748 -0.5502 0.7636, 3.5748 -0.5329 0.762, 3.5748 -0.5502 0.7165, 3.5748 -0.5774 0.5752, 3.5748 -0.604 0.5752, 3.5748 -0.5594 0.6263, 3.5748 -0.8018 0.5965, 3.5748 -0.8018 0.5752, 3.5748 -0.7842 0.5188, 3.5748 -0.8061 0.7405, 3.5748 -0.7842 0.7636, 3.5748 -0.8061 0.762, 3.5748 -0.8277 0.7636, 3.5748 -0.8277 0.762, 3.5748 -0.8782 0.6593, 3.5748 -0.8782 0.5965, 3.5748 -0.8277 0.6593, 3.5748 -0.8277 0.5965, 3.5748 -0.8114 0.6593, 3.5748 -0.8114 0.6807, 3.5748 -0.8782 0.7405, 3.5748 -0.8782 0.6807, 3.5748 -0.8277 0.7405, 3.5748 -0.8277 0.6807, 3.5748 -0.8277 0.5188, 3.5748 -0.8277 0.5752, 3.5748 -0.9131 0.5188, 3.5748 -0.9023 0.762, 3.5748 -0.9131 0.7636, 3.5748 -0.9023 0.5752, 3.5748 -0.9397 0.7575, 3.5748 -0.9595 0.7632, 3.5748 -0.9639 0.7636, 3.5748 -0.9397 0.7323, 3.5748 -0.9418 0.7334, 3.5748 -0.9397 0.606, 3.5748 -0.9607 0.7406, 3.5748 -0.9837 0.7434, 3.5748 -0.993 0.7429, 3.5748 -1.009 0.7394, 3.5748 -1.0235 0.7321, 3.5748 -1.0346 0.7226, 3.5748 -1.0359 0.7213, 3.5748 -1.0449 0.7083, 3.5748 -0.9397 0.5829, 3.5748 -0.9429 0.5813, 3.5748 -1.023 0.5767, 3.5748 -1.0406 0.585, 3.5748 -1.0712 0.5188, 3.5748 -1.0556 0.5975, 3.5748 -1.0571 0.5992, 3.5748 -1.0512 0.6922, 3.5748 -1.0543 0.6665, 3.5748 -1.0539 0.6575, 3.5748 -1.0506 0.6393, 3.5748 -0.9792 0.5938, 3.5748 -0.9581 0.5978, 3.5748 -1.02 0.6009, 3.5748 -1.0066 0.5957, 3.5748 -0.9879 0.5935, 3.5748 -0.9629 0.5747, 3.5748 -0.9914 0.572, 3.5748 -1.0027 0.5725, 3.5748 -1.0443 0.6245, 3.5748 -1.0359 0.6132, 3.5748 -1.0322 0.6095, 3.5748 -1.0712 0.7636, 3.5748 -1.0661 0.7199, 3.5748 -1.0526 0.7376, 3.5748 -1.048 0.742, 3.5748 -1.0305 0.7543, 3.5748 -1.011 0.7619, 3.5748 -1.0683 0.6151, 3.5748 -1.0712 0.6227, 3.5748 -1.0824 0.5188, 3.5748 -1.0824 0.7636, 3.5748 -1.075 0.6992, 3.5748 -1.0712 0.7081, 3.5748 -1.0759 0.6346, 3.5748 -1.0796 0.665, 3.5748 -1.0792 0.6748, 3.5748 -2.4272 0.0, 3.5748 -2.471 0.0049, 3.5748 -2.6191 0.153, 3.5748 -2.6045 0.1114, 3.5748 -2.5811 0.0741, 3.5748 -2.5499 0.0429, 3.5748 -2.5126 0.0195, 3.5748 -2.624 5.4724, 3.5748 -2.471 5.6644, 3.5748 -2.5126 5.6498, 3.5748 -2.5499 5.6263, 3.5748 -2.5811 5.5952, 3.5748 -2.6191 5.5162, 3.5748 -2.6045 5.5579, 3.5748 2.4941 5.6693, 3.5748 0.5135 5.6693, 3.5748 -0.5502 3.2407, 3.5748 2.6168 5.6263, 3.5748 2.686 5.5162, 3.5748 2.648 5.5952, 3.5748 2.6714 5.5579, 3.5748 2.6909 3.2407, 3.5748 2.6909 5.4724, 3.5748 2.5379 5.6644, 3.5748 2.5795 5.6498, 3.5748 -0.5502 0.2032, 3.5748 -0.5502 0.0, 3.5748 -0.0059 0.0, 3.5748 2.1299 0.0, 3.5748 2.6714 0.1114, 3.5748 2.5795 0.0195, 3.5748 2.648 0.0741, 3.5748 2.6168 0.0429, 3.5748 2.5379 0.0049, 3.5748 2.686 0.153, 3.5748 -0.615 0.6591, 3.5748 -0.6195 0.6372, 3.5748 -0.6287 0.6179, 3.5748 -0.6426 0.6013, 3.5748 -0.6809 0.7636, 3.5748 -0.6809 0.7575, 3.5748 -0.6092 0.7636, 3.5748 -0.6621 0.7506, 3.5748 -0.6244 0.7145, 3.5748 -0.6175 0.6967, 3.5748 -0.6144 0.671, 3.5748 -0.6426 0.7373, 3.5748 -0.636 0.7308, 3.5748 -0.6621 0.5873, 3.5748 -0.6809 0.58, 3.5748 -0.6809 0.5188, 3.5748 -0.6834 0.579, 3.5748 -0.7151 0.5752, 3.5748 -0.7665 0.5752, 3.5748 -0.7665 0.762, 3.5748 -0.7132 0.762, 3.5748 -0.6847 0.7588, 3.5748 -0.9981 0.3954, 3.5748 -1.0061 0.3963, 3.5748 -1.0186 0.3581, 3.5748 -1.0712 0.2772, 3.5748 -1.0588 0.2959, 3.5748 -1.0617 0.3038, 3.5748 -1.0541 0.3416, 3.5748 -1.0472 0.3479, 3.5748 -1.0498 0.3801, 3.5748 -1.0378 0.3531, 3.5748 -1.0337 0.3902, 3.5748 -1.0191 0.395, 3.5748 -0.979 0.2994, 3.5748 -0.9797 0.2994, 3.5748 -0.979 0.2788, 3.5748 -0.9851 0.2916, 3.5748 -1.0435 0.2806, 3.5748 -1.0345 0.2772, 3.5748 -1.0341 0.2772, 3.5748 -0.9794 0.4108, 3.5748 -0.9201 0.3921, 3.5748 -0.9157 0.3984, 3.5748 -0.9927 0.2843, 3.5748 -0.9982 0.2808, 3.5748 -1.0075 0.2772, 3.5748 -1.0514 0.2861, 3.5748 -1.054 0.2887, 3.5748 -1.0629 0.3145, 3.5748 -1.0618 0.3254, 3.5748 -1.045 0.4057, 3.5748 -1.0498 0.4029, 3.5748 -1.0589 0.334, 3.5748 -1.0276 0.4124, 3.5748 -1.0039 0.4153, 3.5748 -0.989 0.4138, 3.5748 -0.979 0.3636, 3.5748 -0.9799 0.3739, 3.5748 -0.9823 0.3823, 3.5748 -0.985 0.3871, 3.5748 -0.9717 0.4062, 3.5748 -0.9655 0.4001, 3.5748 -0.9229 0.3846, 3.5748 -0.9608 0.3924, 3.5748 -0.9238 0.3762, 3.5748 -0.9572 0.3814, 3.5748 -0.9228 0.3671, 3.5748 -0.9556 0.3646, 3.5748 -0.9202 0.36, 3.5748 -0.9171 0.3551, 3.5748 -0.9886 0.3909, 3.5748 -0.9927 0.3935, 3.5748 -0.9133 0.3511, 3.5748 -0.9239 0.3076, 3.5748 -0.9131 0.351, 3.5748 -0.9142 0.3017, 3.5748 -0.9131 0.3013, 3.5748 -1.0205 0.2756, 3.5748 -1.0712 0.2032, 3.5748 -1.0076 0.2772, 3.5748 -0.9131 0.2032, 3.5748 -0.9239 0.2835, 3.5748 -0.9556 0.2788, 3.5748 -0.9131 0.2794, 3.5748 -0.9131 0.2772, 3.5748 -0.9101 0.2783, 3.5748 -0.9009 0.2772, 3.5748 -0.8877 0.2756, 3.5748 -0.8402 0.4093, 3.5748 -0.8402 0.3866, 3.5748 -0.9088 0.4047, 3.5748 -0.9009 0.4093, 3.5748 -0.9131 0.4008, 3.5748 -0.8349 0.3057, 3.5748 -0.8378 0.2983, 3.5748 -0.8422 0.2921, 3.5748 -0.8878 0.4137, 3.5748 -0.8718 0.4153, 3.5748 -0.8554 0.4138, 3.5748 -0.8416 0.3371, 3.5748 -0.8373 0.3307, 3.5748 -0.8348 0.3238, 3.5748 -0.8338 0.3151, 3.5748 -0.8489 0.2862, 3.5748 -0.8544 0.2828, 3.5748 -0.8741 0.3963, 3.5748 -0.881 0.3957, 3.5748 -0.8997 0.3783, 3.5748 -0.8873 0.3941, 3.5748 -0.8926 0.3913, 3.5748 -0.8995 0.3752, 3.5748 -0.8985 0.3716, 3.5748 -0.8968 0.3684, 3.5748 -0.8946 0.3659, 3.5748 -0.8863 0.3607, 3.5748 -0.8595 0.3947, 3.5748 -0.8718 0.3544, 3.5748 -0.8462 0.39, 3.5748 -0.8628 0.3508, 3.5748 -0.8472 0.3421, 3.5748 -0.8961 0.3882, 3.5748 -0.8981 0.3852, 3.5748 -0.8992 0.382, 3.5748 -0.8995 0.2963, 3.5748 -0.8883 0.3374, 3.5748 -0.9023 0.3438, 3.5748 -0.8854 0.2947, 3.5748 -0.8844 0.2947, 3.5748 -0.873 0.331, 3.5748 -0.8724 0.2961, 3.5748 -0.8578 0.3128, 3.5748 -0.8581 0.3157, 3.5748 -0.8664 0.2983, 3.5748 -0.8642 0.2996, 3.5748 -0.8615 0.302, 3.5748 -0.8595 0.305, 3.5748 -0.8583 0.3083, 3.5748 -0.8591 0.3193, 3.5748 -0.8609 0.3224, 3.5748 -0.8638 0.3255, 3.5748 -0.7178 0.4122, 3.5748 -0.6935 0.4122, 3.5748 -0.6809 0.2772, 3.5748 -0.7606 0.3119, 3.5748 -0.7577 0.3009, 3.5748 -0.7571 0.3009, 3.5748 -0.7842 0.3797, 3.5748 -0.7542 0.3117, 3.5748 -0.756 0.3055, 3.5748 -0.7842 0.2772, 3.5748 -0.7842 0.3169, 3.5748 -0.8216 0.4122, 3.5748 -0.7955 0.4122, 3.5748 -0.7693 0.2791, 3.5748 -0.7701 0.2772, 3.5748 -0.7796 0.2548, 3.5748 -0.8277 0.2032, 3.5748 -0.8168 0.2178, 3.5748 -0.8168 0.2387, 3.5748 -0.7886 0.2414, 3.5748 -0.7842 0.2463, 3.5748 -0.7842 0.2464, 3.5748 -0.812 0.2371, 3.5748 -0.8035 0.236, 3.5748 -0.7842 0.2201, 3.5748 -0.7923 0.217, 3.5748 -0.7842 0.2032, 3.5748 -0.8017 0.2159, 3.5748 -0.8069 0.2161, 3.5748 -0.7975 0.2367, 3.5748 -0.7925 0.2387, 3.5748 -0.7541 0.2586, 3.5748 -0.7647 0.238, 3.5748 -0.6809 0.2032, 3.5748 -0.7468 0.2772, 3.5748 -0.7733 0.2277, 3.5748 -0.7749 0.2262, 3.5748 -0.783 0.2205, 3.5748 -0.5721 0.4656, 3.5748 -0.5721 0.4441, 3.5748 -0.5678 0.3001, 3.5748 -0.5502 0.2772, 3.5748 -0.5678 0.2788, 3.5748 -0.6092 0.2772, 3.5748 -0.6442 0.3629, 3.5748 -0.6442 0.3001, 3.5748 -0.6092 0.3629, 3.5748 -0.6092 0.3001, 3.5748 -0.5774 0.3629, 3.5748 -0.5774 0.3843, 3.5748 -0.6092 0.3843, 3.5748 -0.6092 0.4441, 3.5748 -0.6442 0.3843, 3.5748 -0.6442 0.4441, 3.5748 -0.6092 0.2788, 3.5748 -0.6683 0.2788, 3.5748 -0.381 0.3627, 3.5748 -0.3855 0.3408, 3.5748 -0.3701 0.2788, 3.5748 -0.3947 0.3215, 3.5748 -0.4086 0.3049, 3.5748 -0.2989 0.4656, 3.5748 -0.2731 0.4656, 3.5748 -0.3804 0.3746, 3.5748 -0.3836 0.4003, 3.5748 -0.4793 0.4656, 3.5748 -0.4507 0.4625, 3.5748 -0.4281 0.291, 3.5748 -0.4494 0.2826, 3.5748 -0.4812 0.2788, 3.5748 -0.4086 0.4409, 3.5748 -0.402 0.4344, 3.5748 -0.3905 0.4181, 3.5748 -0.2477 0.3299, 3.5748 -0.3255 0.3299, 3.5748 -0.2286 0.2788, 3.5748 -0.3434 0.2788, 3.5748 2.6909 0.2772, 3.5748 -0.4282 0.4542, 3.5748 -0.202 0.2788, 3.5748 -0.5326 0.2788, 3.5748 -0.5326 0.4656, 3.5748 -0.6092 0.2032, 3.5748 -0.6092 3.2407, 3.5748 -0.6809 3.2407, 3.5748 -0.7842 3.2407, 3.5748 -0.8277 3.2407, 3.5748 -0.9131 3.2407, 3.5748 -1.0712 3.2407, 3.5748 -0.984 0.7651, 3.5748 -0.9969 0.7636, 3.5748 -0.6092 0.0, 3.5748 -0.6809 0.0, 3.5748 -0.7842 0.0, 3.5748 -0.8277 0.0, 3.5748 -0.9131 0.0, 3.5748 -1.0712 0.0, 3.5748 -1.0824 0.0, 3.5748 -1.0824 0.2032, 3.5748 -1.0824 0.2772, 3.5748 -0.1202 5.6693, 3.5748 -0.5502 5.6693, 3.5748 -0.6092 5.6693, 3.5748 -0.6809 5.6693, 3.5748 -0.7842 5.6693, 3.5748 -0.8277 5.6693, 3.5748 -0.9131 5.6693, 3.5748 -1.0712 5.6693, 3.5748 -1.0824 3.2407, 3.5748 -1.0824 5.6693, 3.5748 -1.0853 0.3001, 3.5748 -1.0853 0.2788, 3.5748 -1.1857 0.2788, 3.5748 -1.0895 0.4441, 3.5748 -1.1857 0.4656, 3.5748 -1.0895 0.4656, 3.5748 -1.1616 0.3629, 3.5748 -1.1616 0.3001, 3.5748 -1.0948 0.3629, 3.5748 -1.0948 0.3843, 3.5748 -1.1616 0.3843, 3.5748 -1.1616 0.4441, 3.5748 -1.1616 0.762, 3.5748 -1.1616 0.5965, 3.5748 -1.0872 0.5965, 3.5748 -1.1857 0.5752, 3.5748 -1.1857 0.762, 3.5748 -1.0872 0.5752, 3.5748 -1.2622 5.6693, 3.5748 -2.2008 5.6693, 3.5748 -2.4051 5.6693, 3.5748 -2.4272 5.6693, 3.5748 -2.624 3.2407, 3.5748 -2.624 0.7636, 3.5748 -2.624 0.5188, 3.5748 -2.624 0.2772, 3.5748 -2.624 0.2032, 3.5748 -2.624 0.1969
            ]
        }
        coordIndex [
            0,1,2,-1,3,4,5,-1,6,7,8,-1,9,10,11,-1,12,13,14,-1,14,13,15,-1,14,15,16,-1,17,18,19,-1,19,18,14,-1,19,14,20,-1,20,14,21,-1,16,22,14,-1,14,22,23,-1,14,23,21,-1,24,25,26,-1,24,26,27,-1,27,26,28,-1,27,28,29,-1,29,28,30,-1,30,28,31,-1,30,31,32,-1,33,34,35,-1,35,34,36,-1,35,36,31,-1,31,36,37,-1,31,37,38,-1,31,39,32,-1,32,39,40,-1,32,40,41,-1,41,40,42,-1,41,42,43,-1,38,44,31,-1,31,44,45,-1,31,45,39,-1,46,47,48,-1,48,47,49,-1,48,49,50,-1,50,51,48,-1,48,51,52,-1,48,52,35,-1,35,52,53,-1,35,53,33,-1,54,55,56,-1,56,55,57,-1,57,58,56,-1,56,58,59,-1,56,59,48,-1,48,59,60,-1,48,60,46,-1,61,62,63,-1,63,62,64,-1,63,64,65,-1,65,66,63,-1,63,66,67,-1,63,67,68,-1,69,70,62,-1,62,70,71,-1,62,71,72,-1,72,73,62,-1,62,73,74,-1,62,74,64,-1,75,76,77,-1,78,79,69,-1,80,81,82,-1,82,81,83,-1,75,77,84,-1,78,69,85,-1,86,87,81,-1,81,87,88,-1,81,88,89,-1,17,90,18,-1,18,90,91,-1,18,91,69,-1,69,91,92,-1,69,92,85,-1,76,93,77,-1,77,93,94,-1,77,94,95,-1,96,97,98,-1,98,97,99,-1,98,99,100,-1,101,89,102,-1,102,89,103,-1,102,103,98,-1,98,103,104,-1,98,104,96,-1,101,105,89,-1,89,105,106,-1,89,106,81,-1,81,106,107,-1,81,107,83,-1,108,109,110,-1,110,109,111,-1,110,111,77,-1,77,111,112,-1,77,112,84,-1,113,114,77,-1,77,114,115,-1,77,115,81,-1,81,115,116,-1,81,116,86,-1,117,118,70,-1,70,118,119,-1,70,119,120,-1,120,121,70,-1,70,121,122,-1,70,122,123,-1,123,122,108,-1,123,108,124,-1,124,108,110,-1,79,125,69,-1,69,125,126,-1,69,126,70,-1,70,126,127,-1,70,127,117,-1,95,128,77,-1,77,128,129,-1,77,129,130,-1,130,131,77,-1,77,131,132,-1,77,132,113,-1,133,134,135,-1,134,136,135,-1,135,136,137,-1,135,137,138,-1,88,135,89,-1,89,135,139,-1,89,139,140,-1,141,142,143,-1,143,142,144,-1,143,144,145,-1,141,143,88,-1,88,143,146,-1,88,146,135,-1,135,146,147,-1,135,147,133,-1,148,149,150,-1,150,149,151,-1,150,151,152,-1,138,137,153,-1,153,137,154,-1,153,154,155,-1,155,154,156,-1,155,156,157,-1,140,158,89,-1,89,158,150,-1,89,150,159,-1,159,150,152,-1,160,9,161,-1,162,160,163,-1,163,164,162,-1,162,164,165,-1,162,165,166,-1,166,165,167,-1,168,169,2,-1,9,11,161,-1,161,11,170,-1,161,170,168,-1,171,172,173,-1,174,175,176,-1,176,175,177,-1,176,177,178,-1,179,180,181,-1,181,180,182,-1,181,182,183,-1,183,182,171,-1,183,171,184,-1,185,186,187,-1,187,186,188,-1,187,188,174,-1,173,172,189,-1,189,172,190,-1,189,190,191,-1,178,177,192,-1,192,177,193,-1,192,193,194,-1,195,193,196,-1,196,193,197,-1,190,194,191,-1,191,194,193,-1,191,193,198,-1,198,193,195,-1,198,199,200,-1,200,199,201,-1,200,201,202,-1,202,203,200,-1,200,203,204,-1,200,204,205,-1,205,206,200,-1,200,206,207,-1,200,207,208,-1,198,200,191,-1,191,200,209,-1,191,209,210,-1,211,212,213,-1,213,212,214,-1,213,214,215,-1,208,216,200,-1,200,216,217,-1,200,217,218,-1,219,220,218,-1,218,220,221,-1,218,221,200,-1,222,223,224,-1,210,225,191,-1,191,225,226,-1,191,226,213,-1,213,226,227,-1,213,227,211,-1,219,228,220,-1,220,228,229,-1,220,229,224,-1,224,229,230,-1,224,230,222,-1,231,232,233,-1,233,234,231,-1,231,234,235,-1,231,235,236,-1,215,237,213,-1,213,237,238,-1,213,238,239,-1,240,241,231,-1,231,241,242,-1,231,242,232,-1,238,243,239,-1,239,243,244,-1,239,244,240,-1,240,244,245,-1,240,245,241,-1,67,54,68,-1,68,54,56,-1,68,56,246,-1,246,56,247,-1,248,249,56,-1,56,249,250,-1,250,251,56,-1,56,251,252,-1,56,252,247,-1,253,254,255,-1,255,256,253,-1,253,256,257,-1,253,257,258,-1,258,257,259,-1,260,261,262,-1,263,264,265,-1,265,264,266,-1,262,267,260,-1,260,267,268,-1,260,268,269,-1,269,268,264,-1,269,264,270,-1,270,264,263,-1,271,272,273,-1,271,273,7,-1,7,273,274,-1,7,274,8,-1,275,276,277,-1,277,276,278,-1,8,279,6,-1,6,279,276,-1,6,276,280,-1,280,276,275,-1,281,282,2,-1,2,282,283,-1,2,283,284,-1,285,286,287,-1,287,286,288,-1,289,290,287,-1,287,290,291,-1,288,292,287,-1,287,292,293,-1,287,293,289,-1,167,165,169,-1,169,165,287,-1,169,287,2,-1,2,287,291,-1,2,291,281,-1,294,295,296,-1,296,295,297,-1,298,299,173,-1,173,299,175,-1,173,175,171,-1,171,175,174,-1,171,174,184,-1,184,174,188,-1,299,300,175,-1,175,300,301,-1,175,301,285,-1,285,301,302,-1,285,302,286,-1,303,304,305,-1,306,307,308,-1,309,310,311,-1,311,310,312,-1,311,312,313,-1,313,312,305,-1,313,305,314,-1,314,305,304,-1,315,316,317,-1,317,316,318,-1,319,306,320,-1,320,306,321,-1,322,323,324,-1,318,325,317,-1,317,325,326,-1,317,326,327,-1,319,328,306,-1,306,328,329,-1,306,329,307,-1,330,331,213,-1,332,213,333,-1,333,213,331,-1,333,331,311,-1,311,331,334,-1,311,334,309,-1,332,335,213,-1,213,335,336,-1,213,336,337,-1,338,339,305,-1,305,339,340,-1,305,340,341,-1,322,342,323,-1,323,342,343,-1,323,343,344,-1,344,343,345,-1,344,345,346,-1,346,345,347,-1,346,347,348,-1,348,347,349,-1,348,349,350,-1,350,349,351,-1,341,352,305,-1,305,352,353,-1,305,353,303,-1,354,355,356,-1,356,355,357,-1,356,357,358,-1,359,360,361,-1,361,360,362,-1,361,362,327,-1,354,351,355,-1,355,351,349,-1,355,349,363,-1,363,349,364,-1,363,364,365,-1,365,364,366,-1,365,366,367,-1,367,366,368,-1,369,368,362,-1,362,368,366,-1,362,366,327,-1,327,366,364,-1,327,364,317,-1,370,371,5,-1,372,373,191,-1,337,322,213,-1,213,322,324,-1,213,324,191,-1,191,324,374,-1,191,374,372,-1,375,376,5,-1,5,376,377,-1,373,378,191,-1,191,378,379,-1,191,379,189,-1,189,379,380,-1,189,380,370,-1,381,382,371,-1,371,382,383,-1,371,383,5,-1,5,383,384,-1,5,384,375,-1,377,385,5,-1,5,385,386,-1,5,386,3,-1,387,388,389,-1,389,388,390,-1,389,390,391,-1,389,392,387,-1,387,392,393,-1,387,393,394,-1,394,395,387,-1,387,395,396,-1,387,396,397,-1,397,396,398,-1,397,398,399,-1,399,398,400,-1,399,400,371,-1,371,400,401,-1,371,401,381,-1,402,403,391,-1,391,403,404,-1,391,404,389,-1,405,406,358,-1,358,406,407,-1,358,407,356,-1,405,408,406,-1,406,408,409,-1,406,409,410,-1,410,409,411,-1,410,412,413,-1,411,414,410,-1,410,414,415,-1,410,415,416,-1,416,417,410,-1,410,417,418,-1,410,418,412,-1,413,419,410,-1,410,419,420,-1,410,420,421,-1,422,423,296,-1,296,423,424,-1,425,426,427,-1,297,298,296,-1,296,298,173,-1,296,173,422,-1,422,173,428,-1,422,428,429,-1,429,428,425,-1,429,425,430,-1,430,425,427,-1,431,432,5,-1,5,432,433,-1,370,5,189,-1,189,5,433,-1,189,433,173,-1,173,433,434,-1,173,434,428,-1,435,432,436,-1,436,432,431,-1,436,431,437,-1,438,439,440,-1,441,442,431,-1,431,442,443,-1,431,443,437,-1,369,362,4,-1,4,362,438,-1,4,438,5,-1,5,438,440,-1,5,440,431,-1,431,440,444,-1,431,444,445,-1,446,447,448,-1,448,447,449,-1,448,449,438,-1,438,449,450,-1,438,450,439,-1,445,451,431,-1,431,451,452,-1,431,452,441,-1,453,454,455,-1,453,455,456,-1,454,457,455,-1,455,457,458,-1,455,458,448,-1,448,458,459,-1,448,459,446,-1,168,2,161,-1,161,2,1,-1,161,1,460,-1,460,461,161,-1,161,461,462,-1,161,462,463,-1,463,462,464,-1,463,464,465,-1,466,467,468,-1,468,467,469,-1,468,469,470,-1,470,469,462,-1,470,462,471,-1,471,462,461,-1,471,461,472,-1,472,461,473,-1,472,473,474,-1,474,473,475,-1,464,476,465,-1,465,476,477,-1,465,477,424,-1,424,477,0,-1,424,0,296,-1,296,0,2,-1,296,2,294,-1,294,2,284,-1,478,479,480,-1,480,479,481,-1,480,481,482,-1,161,483,484,-1,478,480,485,-1,485,480,483,-1,485,483,486,-1,487,488,161,-1,482,489,480,-1,480,489,490,-1,480,490,491,-1,492,493,483,-1,483,493,494,-1,483,494,486,-1,495,496,497,-1,497,496,498,-1,497,498,499,-1,161,488,483,-1,483,488,500,-1,483,500,492,-1,160,161,163,-1,163,161,484,-1,163,484,499,-1,499,484,501,-1,499,501,497,-1,498,480,499,-1,499,480,491,-1,499,491,463,-1,463,491,502,-1,463,502,161,-1,161,502,503,-1,161,503,487,-1,7,499,271,-1,271,499,463,-1,271,463,504,-1,504,463,465,-1,504,465,455,-1,455,465,424,-1,455,424,456,-1,456,424,423,-1,164,267,165,-1,165,267,262,-1,165,262,287,-1,287,262,505,-1,287,505,285,-1,285,505,506,-1,285,506,175,-1,175,506,507,-1,175,507,177,-1,177,507,508,-1,177,508,193,-1,193,508,509,-1,193,509,197,-1,197,509,510,-1,197,510,511,-1,511,510,512,-1,272,271,513,-1,513,271,504,-1,513,504,514,-1,514,504,455,-1,514,455,515,-1,515,455,448,-1,515,448,516,-1,516,448,438,-1,516,438,517,-1,517,438,362,-1,517,362,518,-1,518,362,360,-1,518,360,519,-1,519,360,520,-1,519,520,61,-1,359,321,360,-1,360,321,306,-1,360,306,520,-1,520,306,521,-1,261,522,262,-1,262,522,523,-1,262,523,505,-1,505,523,524,-1,505,524,506,-1,506,524,525,-1,506,525,507,-1,507,525,526,-1,507,526,508,-1,508,526,527,-1,508,527,509,-1,509,527,528,-1,509,528,510,-1,510,528,529,-1,510,529,530,-1,530,529,531,-1,530,531,26,-1,532,533,521,-1,521,533,534,-1,308,330,306,-1,306,330,213,-1,306,213,521,-1,521,213,239,-1,521,239,532,-1,532,239,535,-1,61,520,62,-1,62,520,521,-1,62,521,69,-1,69,521,534,-1,69,534,18,-1,18,534,536,-1,18,536,239,-1,239,536,537,-1,239,537,535,-1,538,539,540,-1,540,539,532,-1,540,532,541,-1,541,532,535,-1,541,535,542,-1,542,535,543,-1,544,545,546,-1,547,548,14,-1,14,548,544,-1,14,544,240,-1,240,544,546,-1,240,546,239,-1,239,546,549,-1,239,549,18,-1,18,549,547,-1,18,547,14,-1,236,512,231,-1,231,512,510,-1,231,510,240,-1,240,510,530,-1,240,530,14,-1,14,530,26,-1,14,26,12,-1,12,26,25,-1,531,550,26,-1,26,550,551,-1,26,551,28,-1,28,551,552,-1,28,552,253,-1,253,552,553,-1,253,553,254,-1,253,554,28,-1,28,554,555,-1,28,555,31,-1,31,555,556,-1,31,556,35,-1,35,556,557,-1,35,557,48,-1,48,557,558,-1,48,558,56,-1,56,558,559,-1,56,559,248,-1,
        ]
    }
}
Shape{
    appearance Appearance {
        material  Material 	{
            diffuseColor 0.7529411764705882 0.7529411764705882 0.7529411764705882
            specularColor 0.3764705882352941 0.3764705882352941 0.3764705882352941
            ambientIntensity 0.7529
            transparency 0.0
            shininess 0.5
        }
    }
    geometry IndexedFaceSet {
        ccw TRUE
        solid FALSE
        coord DEF co Coordinate {
            point [
                -1.8189 1.4508 -0.7874, -1.8716 1.4508 -0.9843, -1.8189 1.7657 -0.7874, -1.8716 1.7657 -0.9843, -2.0811 1.7657 -0.9843, -2.0811 1.4508 -0.9843, -2.1339 1.7657 -0.7874, -2.1339 1.4508 -0.7874, -2.1339 1.7657 0.0, -1.8189 1.7657 0.0, -1.8189 1.4508 0.0, -2.1339 1.4508 0.0
            ]
        }
        coordIndex [
            0,1,2,-1,2,1,3,-1,4,3,5,-1,5,3,1,-1,6,4,7,-1,7,4,5,-1,8,9,6,-1,6,9,2,-1,6,2,4,-1,4,2,3,-1,2,9,0,-1,0,9,10,-1,5,1,7,-1,7,1,0,-1,7,0,11,-1,11,0,10,-1,7,11,6,-1,6,11,8,-1,
        ]
    }
}
Shape{
    appearance Appearance {
        material  Material 	{
            diffuseColor 0.0 0.5019607843137255 0.0
            specularColor 0.0 0.25098039215686274 0.0
            ambientIntensity 0.2947
            transparency 0.0
            shininess 0.5
        }
    }
    geometry IndexedFaceSet {
        ccw TRUE
        solid FALSE
        coord DEF co Coordinate {
            point [
                -2.8819 2.1299 0.0, -2.8819 2.4941 0.0, -2.5079 2.4941 0.0, 3.5748 -0.5502 0.0, 3.5748 -0.6092 0.0, 2.1181 -1.4626 0.0, 3.5748 -0.6809 0.0, 3.5748 -0.7842 0.0, 3.5748 -0.8277 0.0, 3.5748 -0.9131 0.0, 3.5748 -1.0712 0.0, 3.5748 -1.0824 0.0, 3.5748 -1.2622 0.0, 2.1181 -1.6201 0.0, 3.5748 -1.6201 0.0, 3.5748 -2.4051 0.0, 2.1181 -1.7776 0.0, 3.5748 -2.4272 0.0, 1.8031 -1.7776 0.0, 0.9764 -2.4272 0.0, 1.8031 -1.6201 0.0, 0.9764 -1.6201 0.0, 1.8031 -1.4626 0.0, 0.9764 -0.0059 0.0, 3.5748 -0.0059 0.0, 0.1496 -1.7776 0.0, -0.1654 -1.7776 0.0, -0.9921 -2.4272 0.0, -0.1654 -1.6201 0.0, -0.9921 -1.6201 0.0, -0.1654 -1.4626 0.0, -0.9921 -0.0059 0.0, 0.1496 -1.4626 0.0, 0.1496 -1.6201 0.0, -1.8189 -1.7776 0.0, -2.1339 -1.7776 0.0, -2.5079 -2.4272 0.0, -2.1339 -1.6201 0.0, -2.5079 -1.6201 0.0, -2.1339 -1.4626 0.0, -2.5079 -0.0059 0.0, -1.8189 -1.4626 0.0, -1.8189 -1.6201 0.0, -2.8819 -0.0059 0.0, -2.8819 -1.6201 0.0, -2.8819 -2.4272 0.0, -2.5079 2.1299 0.0, -2.1339 1.7657 0.0, -2.1339 1.4508 0.0, -1.8189 1.7657 0.0, -0.9921 2.1299 0.0, -1.8189 1.4508 0.0, 0.1496 1.7657 0.0, 0.9764 2.1299 0.0, 0.1496 1.4508 0.0, -0.1654 1.4508 0.0, -0.1654 1.7657 0.0, 2.1181 1.4508 0.0, 1.8031 1.4508 0.0, 1.8031 1.7657 0.0, 2.1181 1.7657 0.0, 3.5748 2.1299 0.0, -0.9921 2.4941 0.0, 0.9764 2.4941 0.0, 3.5748 2.4941 0.0
            ]
        }
        coordIndex [
            0,1,2,-1,3,4,5,-1,5,4,6,-1,5,6,7,-1,7,8,5,-1,5,8,9,-1,5,9,10,-1,10,11,5,-1,5,11,12,-1,5,12,13,-1,12,14,13,-1,13,14,15,-1,13,15,16,-1,16,15,17,-1,16,17,18,-1,18,17,19,-1,18,19,20,-1,20,19,21,-1,20,21,22,-1,22,21,23,-1,22,23,5,-1,5,23,24,-1,5,24,3,-1,25,19,26,-1,26,19,27,-1,26,27,28,-1,28,27,29,-1,28,29,30,-1,30,29,31,-1,30,31,32,-1,32,31,23,-1,32,23,33,-1,33,23,21,-1,33,21,25,-1,25,21,19,-1,34,27,35,-1,35,27,36,-1,35,36,37,-1,37,36,38,-1,37,38,39,-1,39,38,40,-1,39,40,41,-1,41,40,31,-1,41,31,42,-1,42,31,29,-1,42,29,34,-1,34,29,27,-1,43,40,44,-1,44,40,38,-1,44,38,45,-1,45,38,36,-1,46,47,48,-1,47,46,49,-1,49,46,50,-1,49,50,51,-1,51,50,31,-1,51,31,48,-1,48,31,40,-1,48,40,46,-1,46,40,43,-1,46,43,0,-1,52,53,54,-1,54,53,23,-1,54,23,55,-1,55,23,31,-1,55,31,56,-1,56,31,50,-1,56,50,52,-1,52,50,53,-1,57,24,58,-1,58,24,23,-1,58,23,59,-1,59,23,53,-1,59,53,60,-1,60,53,61,-1,60,61,57,-1,57,61,24,-1,0,2,46,-1,46,2,62,-1,46,62,50,-1,50,62,63,-1,50,63,53,-1,53,63,64,-1,53,64,61,-1,
        ]
    }
}
Shape{
    appearance Appearance {
        material  Material 	{
            diffuseColor 0.7529411764705882 0.7529411764705882 0.7529411764705882
            specularColor 0.3764705882352941 0.3764705882352941 0.3764705882352941
            ambientIntensity 0.7529
            transparency 0.0
            shininess 0.5
        }
    }
    geometry IndexedFaceSet {
        ccw TRUE
        solid FALSE
        coord DEF co Coordinate {
            point [
                -1.8189 -1.7776 -0.7874, -1.8716 -1.7776 -0.9843, -1.8189 -1.4626 -0.7874, -1.8716 -1.4626 -0.9843, -2.0811 -1.4626 -0.9843, -2.0811 -1.7776 -0.9843, -2.1339 -1.4626 -0.7874, -2.1339 -1.7776 -0.7874, -2.1339 -1.7776 0.0, -1.8189 -1.7776 0.0, -1.8189 -1.6201 0.0, -1.8189 -1.4626 0.0, -2.1339 -1.4626 0.0, -2.1339 -1.6201 0.0
            ]
        }
        coordIndex [
            0,1,2,-1,2,1,3,-1,4,3,5,-1,5,3,1,-1,6,4,7,-1,7,4,5,-1,5,1,7,-1,7,1,0,-1,7,0,8,-1,8,0,9,-1,9,0,10,-1,10,0,2,-1,10,2,11,-1,12,11,6,-1,6,11,2,-1,6,2,4,-1,4,2,3,-1,12,6,13,-1,13,6,7,-1,13,7,8,-1,
        ]
    }
}
Shape{
    appearance Appearance {
        material  Material 	{
            diffuseColor 0.0 0.5019607843137255 0.0
            specularColor 0.0 0.25098039215686274 0.0
            ambientIntensity 0.2947
            transparency 0.0
            shininess 0.5
        }
    }
    geometry IndexedFaceSet {
        ccw TRUE
        solid FALSE
        coord DEF co Coordinate {
            point [
                -1.3108 -1.4273 3.3896, -1.3109 -1.4274 3.3895, -1.3131 -1.4258 4.4882, -1.3802 -1.526 2.9691, -1.3802 -1.526 2.5197, -1.4185 -1.5677 2.5197, -1.3905 -1.5379 4.4882, -1.3376 -1.47 3.2896, -1.421 -1.5649 4.4882, -1.3601 -1.501 3.1851, -1.3749 -1.5197 3.078, -1.2446 -1.2634 4.4882, -1.2432 -1.264 3.6223, -1.2977 -1.4035 4.4882, -1.2569 -1.3088 3.5719, -1.2829 -1.3736 3.4838, -1.2432 -0.9132 3.903, -1.2259 -1.0001 3.8372, -1.2201 -1.0886 4.4882, -1.2201 -1.0886 3.7701, -1.2398 -1.2507 4.4882, -1.223 -1.1518 3.7222, -1.2311 -1.2101 3.6742, -1.2398 -0.9264 4.4882, -1.2446 -0.9138 4.4882, -1.2717 -0.8293 3.9666, -1.3109 -0.7498 4.0269, -1.2977 -0.7737 4.4882, -1.3131 -0.7514 4.4882, -1.3601 -0.6761 4.0827, -1.3905 -0.6393 4.4882, -1.4185 -0.6095 4.1332, -1.421 -0.6122 4.4882, -1.4852 -0.551 4.1775, -1.5127 -0.531 4.4882, -1.5589 -0.5018 4.2148, -1.5609 -0.5057 4.4882, -1.6383 -0.4626 4.2445, -1.6574 -0.4551 4.4882, -1.7223 -0.4341 4.2661, -1.7234 -0.4388 4.4882, -1.8092 -0.4168 4.2792, -1.816 -0.416 4.4882, -1.8976 -0.411 4.2836, -1.8976 -0.416 4.4882, -1.9861 -0.4168 4.2792, -1.9793 -0.416 4.4882, -2.073 -0.4341 4.2661, -2.0719 -0.4388 4.4882, -2.1379 -0.4551 4.4882, -2.1569 -0.4626 4.2445, -2.2344 -0.5057 4.4882, -2.2364 -0.5018 4.2148, -2.2825 -0.531 4.4882, -2.3101 -0.551 4.1775, -2.3743 -0.6122 4.4882, -2.3768 -0.6095 4.1332, -2.4048 -0.6393 4.4882, -2.4352 -0.6761 4.0827, -2.4822 -0.7514 4.4882, -2.4844 -0.7498 4.0269, -2.4976 -0.7737 4.4882, -2.5236 -0.8293 3.9666, -2.5507 -0.9138 4.4882, -2.5521 -0.9132 3.903, -2.5555 -0.9264 4.4882, -2.5694 -1.0001 3.8372, -2.5752 -1.0886 4.4882, -2.5711 -1.0887 3.7701, -2.5503 -1.2635 3.6189, -2.5642 -1.2103 3.6741, -2.5507 -1.2634 4.4882, -2.5723 -1.1518 3.7222, -2.5555 -1.2507 4.4882, -2.4844 -1.4274 3.3895, -2.4845 -1.4273 3.3896, -2.4822 -1.4258 4.4882, -2.5124 -1.3734 3.484, -2.5384 -1.3088 3.5719, -2.4976 -1.4035 4.4882, -2.3768 -1.5677 2.5197, -2.4151 -1.526 2.5197, -2.4151 -1.526 2.9691, -2.4204 -1.5197 3.0785, -2.3743 -1.5649 4.4882, -2.4352 -1.501 3.1851, -2.4578 -1.4698 3.2902, -2.4048 -1.5379 4.4882, -2.2825 -1.6462 4.4882, -2.2364 -1.6754 2.5197, -2.2344 -1.6715 4.4882, -2.1379 -1.7221 4.4882, -2.073 -1.7431 2.5197, -2.0719 -1.7384 4.4882, -1.9793 -1.7612 4.4882, -1.8976 -1.7662 2.5197, -1.8976 -1.7612 4.4882, -1.816 -1.7612 4.4882, -1.7223 -1.7431 2.5197, -1.7234 -1.7384 4.4882, -1.6574 -1.7221 4.4882, -1.5589 -1.6754 2.5197, -1.5127 -1.6462 4.4882, -1.5609 -1.6715 4.4882, 0.6577 -1.4273 3.3896, 0.6576 -1.4274 3.3895, 0.6554 -1.4258 4.4882, 0.5883 -1.526 2.9691, 0.5883 -1.526 2.5197, 0.55 -1.5677 2.5197, 0.578 -1.5379 4.4882, 0.6309 -1.47 3.2896, 0.5475 -1.5649 4.4882, 0.6084 -1.501 3.1851, 0.5936 -1.5197 3.078, 0.7239 -1.2634 4.4882, 0.7253 -1.264 3.6223, 0.6708 -1.4035 4.4882, 0.7116 -1.3088 3.5719, 0.6856 -1.3736 3.4838, 0.7253 -0.9132 3.903, 0.7426 -1.0001 3.8372, 0.7484 -1.0886 4.4882, 0.7484 -1.0886 3.7701, 0.7287 -1.2507 4.4882, 0.7455 -1.1518 3.7222, 0.7374 -1.2101 3.6742, 0.7287 -0.9264 4.4882, 0.7239 -0.9138 4.4882, 0.6969 -0.8293 3.9666, 0.6577 -0.7498 4.0269, 0.6708 -0.7737 4.4882, 0.6554 -0.7514 4.4882, 0.6084 -0.6761 4.0827, 0.578 -0.6393 4.4882, 0.55 -0.6095 4.1332, 0.5475 -0.6122 4.4882, 0.4833 -0.551 4.1775, 0.4558 -0.531 4.4882, 0.4096 -0.5018 4.2148, 0.4076 -0.5057 4.4882, 0.3302 -0.4626 4.2445, 0.3111 -0.4551 4.4882, 0.2462 -0.4341 4.2661, 0.2451 -0.4388 4.4882, 0.1593 -0.4168 4.2792, 0.1525 -0.416 4.4882, 0.0709 -0.411 4.2836, 0.0709 -0.416 4.4882, -0.0176 -0.4168 4.2792, -0.0108 -0.416 4.4882, -0.1045 -0.4341 4.2661, -0.1034 -0.4388 4.4882, -0.1694 -0.4551 4.4882, -0.1884 -0.4626 4.2445, -0.2659 -0.5057 4.4882, -0.2679 -0.5018 4.2148, -0.314 -0.531 4.4882, -0.3416 -0.551 4.1775, -0.4058 -0.6122 4.4882, -0.4083 -0.6095 4.1332, -0.4363 -0.6393 4.4882, -0.4667 -0.6761 4.0827, -0.5137 -0.7514 4.4882, -0.5159 -0.7498 4.0269, -0.5291 -0.7737 4.4882, -0.5551 -0.8293 3.9666, -0.5822 -0.9138 4.4882, -0.5836 -0.9132 3.903, -0.587 -0.9264 4.4882, -0.6009 -1.0001 3.8372, -0.6067 -1.0886 4.4882, -0.6026 -1.0887 3.7701, -0.5818 -1.2635 3.6189, -0.5957 -1.2103 3.6741, -0.5822 -1.2634 4.4882, -0.6037 -1.1518 3.7222, -0.587 -1.2507 4.4882, -0.5159 -1.4274 3.3895, -0.516 -1.4273 3.3896, -0.5137 -1.4258 4.4882, -0.5439 -1.3734 3.484, -0.5699 -1.3088 3.5719, -0.5291 -1.4035 4.4882, -0.4083 -1.5677 2.5197, -0.4466 -1.526 2.5197, -0.4466 -1.526 2.9691, -0.4519 -1.5197 3.0785, -0.4058 -1.5649 4.4882, -0.4667 -1.501 3.1851, -0.4893 -1.4698 3.2902, -0.4363 -1.5379 4.4882, -0.314 -1.6462 4.4882, -0.2679 -1.6754 2.5197, -0.2659 -1.6715 4.4882, -0.1694 -1.7221 4.4882, -0.1045 -1.7431 2.5197, -0.1034 -1.7384 4.4882, -0.0108 -1.7612 4.4882, 0.0709 -1.7662 2.5197, 0.0709 -1.7612 4.4882, 0.1525 -1.7612 4.4882, 0.2462 -1.7431 2.5197, 0.2451 -1.7384 4.4882, 0.3111 -1.7221 4.4882, 0.4096 -1.6754 2.5197, 0.4558 -1.6462 4.4882, 0.4076 -1.6715 4.4882, 2.6487 -1.385 3.4658, 2.6388 -1.4032 3.4322, 2.6366 -1.4019 4.4882, 2.5699 -1.51 3.1425, 2.5602 -1.522 3.0567, 2.5438 -1.5354 4.4882, 2.5852 -1.49 3.2275, 2.5875 -1.4869 4.4882, 2.6216 -1.4352 3.3733, 2.6045 -1.4624 3.3099, 2.5568 -1.526 2.9691, 2.5568 -1.526 2.5197, 2.5465 -1.5379 2.5197, 2.6954 -1.2501 4.4882, 2.6972 -1.2507 3.6358, 2.6584 -1.3642 4.4882, 2.6893 -1.2803 3.6048, 2.6702 -1.3358 3.5378, 2.6972 -0.9264 3.893, 2.712 -1.0069 3.832, 2.7169 -1.0886 4.4882, 2.7169 -1.0886 3.7701, 2.7021 -1.2295 4.4882, 2.714 -1.1518 3.7222, 2.7072 -1.2032 3.6804, 2.7021 -0.9477 4.4882, 2.6954 -0.927 4.4882, 2.6729 -0.8483 3.9522, 2.6584 -0.813 4.4882, 2.6393 -0.7737 4.0088, 2.6366 -0.7753 4.4882, 2.597 -0.7037 4.0618, 2.5875 -0.6903 4.4882, 2.5465 -0.6393 4.1106, 2.5438 -0.6417 4.4882, 2.4887 -0.5814 4.1545, 2.4927 -0.5851 4.4882, 2.4243 -0.531 4.1927, 2.4222 -0.5338 4.4882, 2.3542 -0.4886 4.2248, 2.3781 -0.5018 4.4882, 2.2796 -0.4551 4.2502, 2.2786 -0.4575 4.4882, 2.2015 -0.4307 4.2687, 2.2487 -0.4442 4.4882, 2.121 -0.416 4.2799, 2.1208 -0.417 4.4882, 2.0394 -0.411 4.2836, 2.1102 -0.4147 4.4882, 1.9685 -0.4147 4.4882, 1.9577 -0.416 4.2799, 1.9579 -0.417 4.4882, 1.8772 -0.4307 4.2687, 1.83 -0.4442 4.4882, 1.7991 -0.4551 4.2502, 1.8002 -0.4575 4.4882, 1.7006 -0.5018 4.4882, 1.7245 -0.4886 4.2248, 1.6565 -0.5338 4.4882, 1.6545 -0.531 4.1927, 1.586 -0.5851 4.4882, 1.5901 -0.5814 4.1545, 1.5349 -0.6417 4.4882, 1.5322 -0.6393 4.1106, 1.4817 -0.7037 4.0618, 1.4912 -0.6903 4.4882, 1.4421 -0.7753 4.4882, 1.4394 -0.7737 4.0088, 1.4058 -0.8483 3.9522, 1.4204 -0.813 4.4882, 1.3833 -0.927 4.4882, 1.3815 -0.9264 3.893, 1.3766 -0.9477 4.4882, 1.3667 -1.0069 3.832, 1.3618 -1.0886 4.4882, 1.3656 -1.0886 3.7701, 1.3826 -1.2505 3.634, 1.3716 -1.2032 3.6804, 1.3833 -1.2501 4.4882, 1.3648 -1.1518 3.7222, 1.3766 -1.2295 4.4882, 1.4394 -1.4035 3.4345, 1.4303 -1.3836 3.4648, 1.4421 -1.4019 4.4882, 1.4085 -1.3358 3.5378, 1.3895 -1.2803 3.6048, 1.4204 -1.3642 4.4882, 1.5322 -1.5379 2.5197, 1.5219 -1.526 2.5197, 1.5219 -1.526 2.9691, 1.5185 -1.522 3.0566, 1.5349 -1.5354 4.4882, 1.5088 -1.51 3.1425, 1.4935 -1.4899 3.2278, 1.4743 -1.4624 3.3099, 1.4572 -1.4352 3.3733, 1.4912 -1.4869 4.4882, 1.586 -1.5921 4.4882, 1.6545 -1.6462 2.5197, 1.6565 -1.6434 4.4882, 1.7006 -1.6754 4.4882, 1.7991 -1.7221 2.5197, 1.9579 -1.7602 4.4882, 1.9577 -1.7612 2.5197, 1.83 -1.733 4.4882, 1.8002 -1.7197 4.4882, 1.9685 -1.7624 4.4882, 2.1102 -1.7624 4.4882, 2.121 -1.7612 2.5197, 2.1208 -1.7602 4.4882, 2.2487 -1.733 4.4882, 2.2796 -1.7221 2.5197, 2.2786 -1.7197 4.4882, 2.3781 -1.6754 4.4882, 2.4243 -1.6462 2.5197, 2.4927 -1.5921 4.4882, 2.4222 -1.6434 4.4882, 3.5748 2.5379 0.0049, 3.5748 2.4941 0.0, 0.9764 2.4941 0.0, -0.9921 2.4941 0.0, -2.8819 2.5379 0.0049, -2.5079 2.4941 0.0, -2.8819 2.4941 0.0, -2.8819 2.5795 0.0195, 3.5748 2.5795 0.0195, -2.8819 2.6168 0.0429, 3.5748 2.6168 0.0429, -2.8819 2.648 0.0741, 3.5748 2.648 0.0741, -2.8819 2.6714 0.1114, 3.5748 2.6714 0.1114, -2.8819 2.686 0.153, 3.5748 2.686 0.153, -2.8819 2.6909 0.1969, 3.5748 2.6909 0.1969, -2.8819 2.6909 5.4724, 3.5748 2.6909 5.4724, 3.5748 2.6909 3.2407, 3.5748 2.6909 0.7636, 3.5748 2.6909 0.5188, 3.5748 2.6909 0.2772, 3.5748 2.6909 0.2032, -2.8819 2.686 5.5162, 3.5748 2.686 5.5162, -2.8819 2.6714 5.5579, 3.5748 2.6714 5.5579, -2.8819 2.648 5.5952, 3.5748 2.648 5.5952, -2.8819 2.6168 5.6263, 3.5748 2.6168 5.6263, -2.8819 2.5795 5.6498, 3.5748 2.5795 5.6498, -2.8819 2.5379 5.6644, 3.5748 2.5379 5.6644, -2.8819 2.4941 5.6693, -2.8327 2.4941 5.6693, -0.9134 2.4941 5.6693, 1.0551 2.4941 5.6693, 3.5748 2.4941 5.6693, -2.8819 -2.2008 5.6693, -2.8819 -2.4272 5.6693, -2.8327 -2.4272 5.6693, -1.0118 0.9466 5.6693, -1.0118 0.5135 5.6693, -0.9134 0.5135 5.6693, 1.0551 0.5135 5.6693, 1.1535 0.9466 5.6693, 1.1565 0.9729 5.6693, 1.1652 0.9978 5.6693, 2.8334 1.0617 5.6693, 2.8583 1.053 5.6693, 2.8807 1.0389 5.6693, 1.1793 1.0202 5.6693, 1.198 1.0389 5.6693, 1.2204 1.053 5.6693, 2.8994 1.0202 5.6693, 2.9135 0.9978 5.6693, 3.5748 0.5135 5.6693, 2.9222 0.9729 5.6693, 1.2454 1.0617 5.6693, 1.2716 1.0647 5.6693, 2.8071 1.0647 5.6693, 2.9252 0.9466 5.6693, 2.9252 0.5135 5.6693, 3.5748 -0.1202 5.6693, 2.9252 0.0804 5.6693, 2.9222 0.0542 5.6693, 2.9135 0.0292 5.6693, 2.8994 0.0068 5.6693, 2.8807 -0.0119 5.6693, 2.8583 -0.026 5.6693, 1.0551 -0.1202 5.6693, 1.2454 -0.0347 5.6693, 1.2204 -0.026 5.6693, 1.198 -0.0119 5.6693, 1.1793 0.0068 5.6693, 1.1652 0.0292 5.6693, 2.8334 -0.0347 5.6693, 2.8071 -0.0377 5.6693, 1.2716 -0.0377 5.6693, 1.1565 0.0542 5.6693, 1.1535 0.0804 5.6693, 1.1535 0.5135 5.6693, -2.8327 0.5135 5.6693, -2.7835 0.9466 5.6693, -2.7805 0.9729 5.6693, -2.7718 0.9978 5.6693, -2.7577 1.0202 5.6693, -2.739 1.0389 5.6693, -2.7166 1.053 5.6693, -1.1036 1.0617 5.6693, -1.0787 1.053 5.6693, -1.0563 1.0389 5.6693, -1.0376 1.0202 5.6693, -1.0235 0.9978 5.6693, -1.0148 0.9729 5.6693, -2.6916 1.0617 5.6693, -2.6654 1.0647 5.6693, -1.1299 1.0647 5.6693, -1.0148 0.0542 5.6693, -1.0235 0.0292 5.6693, -0.9134 -0.1202 5.6693, -2.8327 -0.1202 5.6693, -2.7577 0.0068 5.6693, -2.7718 0.0292 5.6693, -1.0118 0.0804 5.6693, -1.0376 0.0068 5.6693, -1.0563 -0.0119 5.6693, -1.0787 -0.026 5.6693, -2.6916 -0.0347 5.6693, -2.7166 -0.026 5.6693, -2.739 -0.0119 5.6693, -2.7805 0.0542 5.6693, -2.7835 0.0804 5.6693, -2.7835 0.5135 5.6693, -1.1036 -0.0347 5.6693, -1.1299 -0.0377 5.6693, -2.6654 -0.0377 5.6693, -0.812 0.9729 5.6693, -0.8033 0.9978 5.6693, -0.7892 1.0202 5.6693, -0.7705 1.0389 5.6693, -0.7481 1.053 5.6693, 0.8649 1.0617 5.6693, 0.8898 1.053 5.6693, -0.815 0.9466 5.6693, 0.9122 1.0389 5.6693, 0.9309 1.0202 5.6693, 0.945 0.9978 5.6693, -0.7231 1.0617 5.6693, -0.6969 1.0647 5.6693, 0.8386 1.0647 5.6693, -0.7892 0.0068 5.6693, -0.8033 0.0292 5.6693, 0.9537 0.9729 5.6693, 0.9567 0.9466 5.6693, 0.9567 0.5135 5.6693, -0.812 0.0542 5.6693, -0.815 0.0804 5.6693, -0.815 0.5135 5.6693, 0.9567 0.0804 5.6693, 0.9537 0.0542 5.6693, 0.945 0.0292 5.6693, 0.9309 0.0068 5.6693, 0.9122 -0.0119 5.6693, 0.8898 -0.026 5.6693, -0.7231 -0.0347 5.6693, -0.7481 -0.026 5.6693, -0.7705 -0.0119 5.6693, 0.8649 -0.0347 5.6693, 0.8386 -0.0377 5.6693, -0.6969 -0.0377 5.6693, -2.8327 -2.2008 5.6693, -2.8819 -0.1202 5.6693, -2.8819 0.5135 5.6693, -1.1133 -1.5003 5.6693, -1.2346 -1.676 5.6693, -0.9134 -2.2008 5.6693, -1.3944 -1.8176 5.6693, -2.2118 -1.9168 5.6693, -2.4009 -1.8176 5.6693, -2.5607 -1.676 5.6693, -2.682 -1.5003 5.6693, -1.5835 -1.9168 5.6693, -1.7909 -1.968 5.6693, -2.0044 -1.968 5.6693, -2.682 -0.6769 5.6693, -2.5607 -0.5012 5.6693, -2.4009 -0.3596 5.6693, -2.2118 -0.2603 5.6693, -1.3944 -0.3596 5.6693, -1.2346 -0.5012 5.6693, -1.1133 -0.6769 5.6693, -2.7577 -1.3006 5.6693, -2.7835 -1.0886 5.6693, -2.7577 -0.8766 5.6693, -2.0044 -0.2092 5.6693, -1.7909 -0.2092 5.6693, -1.5835 -0.2603 5.6693, -1.0376 -0.8766 5.6693, -1.0118 -1.0886 5.6693, -1.0376 -1.3006 5.6693, -0.4323 -0.3596 5.6693, -0.5922 -0.5012 5.6693, -0.7135 -0.6769 5.6693, 0.8552 -1.5003 5.6693, 0.7339 -1.676 5.6693, 1.0551 -2.2008 5.6693, 0.5741 -1.8176 5.6693, -0.2433 -1.9168 5.6693, -0.4323 -1.8176 5.6693, -0.7892 -1.3006 5.6693, -0.815 -1.0886 5.6693, -0.7892 -0.8766 5.6693, 0.385 -1.9168 5.6693, 0.1776 -1.968 5.6693, -0.0359 -1.968 5.6693, -0.5922 -1.676 5.6693, -0.7135 -1.5003 5.6693, 0.385 -0.2603 5.6693, 0.5741 -0.3596 5.6693, 0.7339 -0.5012 5.6693, 0.8552 -0.6769 5.6693, 0.9309 -0.8766 5.6693, 0.9567 -1.0886 5.6693, 0.9309 -1.3006 5.6693, -0.2433 -0.2603 5.6693, -0.0359 -0.2092 5.6693, 0.1776 -0.2092 5.6693, 3.5748 -2.2008 5.6693, 2.1461 -1.968 5.6693, 1.9326 -1.968 5.6693, 1.7252 -1.9168 5.6693, 2.7024 -1.676 5.6693, 2.5426 -1.8176 5.6693, 2.3535 -1.9168 5.6693, 1.5362 -1.8176 5.6693, 1.3763 -1.676 5.6693, 1.255 -1.5003 5.6693, 2.9252 -1.0886 5.6693, 2.8995 -1.3006 5.6693, 3.5748 -1.2622 5.6693, 2.8237 -1.5003 5.6693, 1.1793 -1.3006 5.6693, 1.1535 -1.0886 5.6693, 1.1793 -0.8766 5.6693, 1.255 -0.6769 5.6693, 1.3763 -0.5012 5.6693, 1.5362 -0.3596 5.6693, 1.7252 -0.2603 5.6693, 2.5426 -0.3596 5.6693, 2.7024 -0.5012 5.6693, 2.8237 -0.6769 5.6693, 3.5748 -0.5502 5.6693, 3.5748 -1.0824 5.6693, 3.5748 -1.0712 5.6693, 2.8995 -0.8766 5.6693, 3.5748 -0.9131 5.6693, 3.5748 -0.8277 5.6693, 1.9326 -0.2092 5.6693, 2.1461 -0.2092 5.6693, 2.3535 -0.2603 5.6693, 3.5748 -0.7842 5.6693, 3.5748 -0.6809 5.6693, 3.5748 -0.6092 5.6693, 1.0551 -2.4272 5.6693, 3.5748 -2.4272 5.6693, 3.5748 -2.4051 5.6693, -0.9134 -2.4272 5.6693, 3.5748 -2.471 5.6644, -2.8819 -2.471 5.6644, -2.8819 -2.5126 5.6498, 3.5748 -2.5126 5.6498, -2.8819 -2.5499 5.6263, 3.5748 -2.5499 5.6263, -2.8819 -2.5811 5.5952, 3.5748 -2.5811 5.5952, -2.8819 -2.6045 5.5579, 3.5748 -2.6045 5.5579, -2.8819 -2.6191 5.5162, 3.5748 -2.6191 5.5162, -2.8819 -2.624 5.4724, 3.5748 -2.624 5.4724, -2.8819 -2.624 0.1969, 3.5748 -2.624 0.1969, 3.5748 -2.624 0.2032, 3.5748 -2.624 0.2772, 3.5748 -2.624 0.5188, 3.5748 -2.624 0.7636, 3.5748 -2.624 3.2407, -2.8819 -2.6191 0.153, 3.5748 -2.6191 0.153, -2.8819 -2.6045 0.1114, 3.5748 -2.6045 0.1114, -2.8819 -2.5811 0.0741, 3.5748 -2.5811 0.0741, -2.8819 -2.5499 0.0429, 3.5748 -2.5499 0.0429, -2.8819 -2.5126 0.0195, 3.5748 -2.5126 0.0195, -2.8819 -2.471 0.0049, 3.5748 -2.471 0.0049, -2.8819 -2.4272 0.0, -2.5079 -2.4272 0.0, -0.9921 -2.4272 0.0, 0.9764 -2.4272 0.0, 3.5748 -2.4272 0.0, 2.8486 -1.4489 5.6693, 2.9058 -1.2728 5.6693, 2.756 -1.6093 5.6693, 2.6321 -1.7469 5.6693, 2.4823 -1.8557 5.6693, 2.3131 -1.9311 5.6693, 2.132 -1.9696 5.6693, 1.9468 -1.9696 5.6693, 1.7656 -1.9311 5.6693, 1.5965 -1.8557 5.6693, 1.4466 -1.7469 5.6693, 1.3227 -1.6093 5.6693, 1.2301 -1.4489 5.6693, 1.1729 -1.2728 5.6693, 1.1729 -0.9044 5.6693, 1.2301 -0.7283 5.6693, 1.3227 -0.5679 5.6693, 1.4466 -0.4303 5.6693, 1.5965 -0.3214 5.6693, 1.7656 -0.2461 5.6693, 1.9468 -0.2076 5.6693, 2.132 -0.2076 5.6693, 2.3131 -0.2461 5.6693, 2.4823 -0.3214 5.6693, 2.6321 -0.4303 5.6693, 2.756 -0.5679 5.6693, 2.8486 -0.7283 5.6693, 2.9058 -0.9044 5.6693, 2.9252 0.9466 1.7323, 2.9222 0.9729 1.7323, 2.9135 0.9978 1.7323, 2.8994 1.0202 1.7323, 2.8807 1.0389 1.7323, 2.8583 1.053 1.7323, 2.8334 1.0617 1.7323, 2.8071 1.0647 1.7323, 2.9252 0.0804 1.7323, 2.8071 -0.0377 1.7323, 2.8334 -0.0347 1.7323, 2.8583 -0.026 1.7323, 2.8807 -0.0119 1.7323, 2.8994 0.0068 1.7323, 2.9135 0.0292 1.7323, 2.9222 0.0542 1.7323, 1.3504 -0.0377 4.5665, 1.3504 -0.0377 4.1714, 2.7283 -0.0377 4.5665, 2.7283 -0.0377 4.1714, 1.2716 -0.0377 1.7323, 1.1535 0.0804 1.7323, 1.1565 0.0542 1.7323, 1.1652 0.0292 1.7323, 1.1793 0.0068 1.7323, 1.198 -0.0119 1.7323, 1.2204 -0.026 1.7323, 1.2454 -0.0347 1.7323, 1.1535 0.9466 1.7323, 1.2716 1.0647 1.7323, 1.2454 1.0617 1.7323, 1.2204 1.053 1.7323, 1.198 1.0389 1.7323, 1.1793 1.0202 1.7323, 1.1652 0.9978 1.7323, 1.1565 0.9729 1.7323, 2.7283 1.0647 4.8778, 2.7283 1.0647 4.5629, 1.3504 1.0647 4.8778, 1.3504 1.0647 4.5629
            ]
        }
        coordIndex [
            0,1,2,-1,3,4,5,-1,2,1,6,-1,6,1,7,-1,6,7,8,-1,8,7,9,-1,8,9,10,-1,11,12,13,-1,13,12,14,-1,13,14,2,-1,2,14,15,-1,2,15,0,-1,16,17,18,-1,18,17,19,-1,18,19,20,-1,20,19,21,-1,20,21,11,-1,11,21,22,-1,11,22,12,-1,18,23,16,-1,16,23,24,-1,16,24,25,-1,25,24,26,-1,24,27,26,-1,26,27,28,-1,26,28,29,-1,29,28,30,-1,29,30,31,-1,31,30,32,-1,31,32,33,-1,33,32,34,-1,33,34,35,-1,35,34,36,-1,35,36,37,-1,37,36,38,-1,37,38,39,-1,39,38,40,-1,39,40,41,-1,41,40,42,-1,41,42,43,-1,43,42,44,-1,43,44,45,-1,45,44,46,-1,45,46,47,-1,46,48,47,-1,47,48,49,-1,47,49,50,-1,50,49,51,-1,50,51,52,-1,52,51,53,-1,52,53,54,-1,54,53,55,-1,54,55,56,-1,56,55,57,-1,56,57,58,-1,58,57,59,-1,58,59,60,-1,60,59,61,-1,60,61,62,-1,62,61,63,-1,62,63,64,-1,64,63,65,-1,64,65,66,-1,66,65,67,-1,66,67,68,-1,69,70,71,-1,71,70,72,-1,68,67,72,-1,72,67,73,-1,72,73,71,-1,74,75,76,-1,76,75,77,-1,76,77,78,-1,69,71,78,-1,78,71,79,-1,78,79,76,-1,80,81,82,-1,82,83,84,-1,84,83,85,-1,84,85,86,-1,74,76,86,-1,86,76,87,-1,86,87,84,-1,82,84,80,-1,80,84,88,-1,80,88,89,-1,88,90,89,-1,89,90,91,-1,89,91,92,-1,91,93,92,-1,92,93,94,-1,92,94,95,-1,94,96,95,-1,95,96,97,-1,95,97,98,-1,97,99,98,-1,98,99,100,-1,98,100,101,-1,10,3,8,-1,8,3,5,-1,8,5,102,-1,102,5,101,-1,102,101,103,-1,103,101,100,-1,4,81,80,-1,89,101,80,-1,80,101,5,-1,80,5,4,-1,89,92,101,-1,101,92,95,-1,101,95,98,-1,104,105,106,-1,107,108,109,-1,106,105,110,-1,110,105,111,-1,110,111,112,-1,112,111,113,-1,112,113,114,-1,115,116,117,-1,117,116,118,-1,117,118,106,-1,106,118,119,-1,106,119,104,-1,120,121,122,-1,122,121,123,-1,122,123,124,-1,124,123,125,-1,124,125,115,-1,115,125,126,-1,115,126,116,-1,122,127,120,-1,120,127,128,-1,120,128,129,-1,129,128,130,-1,128,131,130,-1,130,131,132,-1,130,132,133,-1,133,132,134,-1,133,134,135,-1,135,134,136,-1,135,136,137,-1,137,136,138,-1,137,138,139,-1,139,138,140,-1,139,140,141,-1,141,140,142,-1,141,142,143,-1,143,142,144,-1,143,144,145,-1,145,144,146,-1,145,146,147,-1,147,146,148,-1,147,148,149,-1,149,148,150,-1,149,150,151,-1,150,152,151,-1,151,152,153,-1,151,153,154,-1,154,153,155,-1,154,155,156,-1,156,155,157,-1,156,157,158,-1,158,157,159,-1,158,159,160,-1,160,159,161,-1,160,161,162,-1,162,161,163,-1,162,163,164,-1,164,163,165,-1,164,165,166,-1,166,165,167,-1,166,167,168,-1,168,167,169,-1,168,169,170,-1,170,169,171,-1,170,171,172,-1,173,174,175,-1,175,174,176,-1,172,171,176,-1,176,171,177,-1,176,177,175,-1,178,179,180,-1,180,179,181,-1,180,181,182,-1,173,175,182,-1,182,175,183,-1,182,183,180,-1,184,185,186,-1,186,187,188,-1,188,187,189,-1,188,189,190,-1,178,180,190,-1,190,180,191,-1,190,191,188,-1,186,188,184,-1,184,188,192,-1,184,192,193,-1,192,194,193,-1,193,194,195,-1,193,195,196,-1,195,197,196,-1,196,197,198,-1,196,198,199,-1,198,200,199,-1,199,200,201,-1,199,201,202,-1,201,203,202,-1,202,203,204,-1,202,204,205,-1,114,107,112,-1,112,107,109,-1,112,109,206,-1,206,109,205,-1,206,205,207,-1,207,205,204,-1,202,193,199,-1,199,193,196,-1,202,205,193,-1,193,205,109,-1,193,109,184,-1,184,109,108,-1,184,108,185,-1,208,209,210,-1,211,212,213,-1,211,213,214,-1,210,209,215,-1,215,209,216,-1,215,216,213,-1,213,216,217,-1,213,217,214,-1,218,219,220,-1,221,222,223,-1,223,222,224,-1,223,224,210,-1,210,224,225,-1,210,225,208,-1,226,227,228,-1,228,227,229,-1,228,229,230,-1,230,229,231,-1,230,231,221,-1,221,231,232,-1,221,232,222,-1,228,233,226,-1,226,233,234,-1,226,234,235,-1,235,234,236,-1,235,236,237,-1,237,236,238,-1,237,238,239,-1,239,238,240,-1,239,240,241,-1,241,240,242,-1,241,242,243,-1,243,242,244,-1,243,244,245,-1,245,244,246,-1,245,246,247,-1,247,246,248,-1,247,248,249,-1,249,248,250,-1,249,250,251,-1,251,250,252,-1,251,252,253,-1,253,252,254,-1,253,254,255,-1,254,256,255,-1,255,256,257,-1,255,257,258,-1,258,257,259,-1,258,259,260,-1,260,259,261,-1,260,261,262,-1,261,263,262,-1,262,263,264,-1,262,264,265,-1,265,264,266,-1,265,266,267,-1,267,266,268,-1,267,268,269,-1,269,268,270,-1,269,270,271,-1,271,270,272,-1,270,273,272,-1,272,273,274,-1,272,274,275,-1,275,274,276,-1,274,277,276,-1,276,277,278,-1,276,278,279,-1,279,278,280,-1,279,280,281,-1,281,280,282,-1,281,282,283,-1,284,285,286,-1,286,285,287,-1,283,282,287,-1,287,282,288,-1,287,288,286,-1,289,290,291,-1,291,290,292,-1,291,292,293,-1,284,286,293,-1,293,286,294,-1,293,294,291,-1,295,296,297,-1,297,298,299,-1,299,298,300,-1,300,301,299,-1,299,301,302,-1,299,302,303,-1,289,291,303,-1,303,291,304,-1,303,304,299,-1,297,299,295,-1,295,299,305,-1,295,305,306,-1,305,307,306,-1,306,307,308,-1,306,308,309,-1,310,311,312,-1,312,311,309,-1,312,309,313,-1,313,309,308,-1,310,314,311,-1,311,314,315,-1,311,315,316,-1,315,317,316,-1,316,317,318,-1,316,318,319,-1,318,320,319,-1,319,320,321,-1,319,321,322,-1,212,218,213,-1,213,218,220,-1,213,220,323,-1,323,220,322,-1,323,322,324,-1,324,322,321,-1,309,311,306,-1,306,311,316,-1,306,316,319,-1,319,322,306,-1,306,322,220,-1,306,220,295,-1,295,220,219,-1,295,219,296,-1,325,326,327,-1,327,328,329,-1,329,328,330,-1,329,330,331,-1,327,329,325,-1,325,329,332,-1,325,332,333,-1,333,332,334,-1,333,334,335,-1,335,334,336,-1,335,336,337,-1,337,336,338,-1,337,338,339,-1,339,338,340,-1,339,340,341,-1,341,340,342,-1,341,342,343,-1,344,345,346,-1,344,346,342,-1,342,346,347,-1,342,347,348,-1,348,349,342,-1,342,349,350,-1,342,350,343,-1,345,344,351,-1,345,351,352,-1,352,351,353,-1,352,353,354,-1,354,353,355,-1,354,355,356,-1,356,355,357,-1,356,357,358,-1,358,357,359,-1,358,359,360,-1,360,359,361,-1,360,361,362,-1,361,363,364,-1,364,365,361,-1,361,365,366,-1,361,366,362,-1,362,366,367,-1,368,369,370,-1,371,372,373,-1,374,375,366,-1,366,375,376,-1,366,376,377,-1,378,379,367,-1,367,379,380,-1,377,381,366,-1,366,381,382,-1,366,382,383,-1,380,384,367,-1,367,384,385,-1,367,385,386,-1,386,385,387,-1,383,388,366,-1,366,388,389,-1,366,389,367,-1,367,389,390,-1,367,390,378,-1,387,391,386,-1,386,391,392,-1,386,392,393,-1,392,394,393,-1,393,394,395,-1,393,395,396,-1,396,397,393,-1,393,397,398,-1,393,398,399,-1,400,401,402,-1,402,403,400,-1,400,403,404,-1,400,404,405,-1,399,406,393,-1,393,406,407,-1,393,407,400,-1,400,407,408,-1,400,408,401,-1,405,409,400,-1,400,409,410,-1,400,410,374,-1,374,410,411,-1,374,411,375,-1,412,413,364,-1,364,413,414,-1,364,414,415,-1,415,416,364,-1,364,416,417,-1,364,417,418,-1,419,420,365,-1,365,420,421,-1,365,421,422,-1,422,423,365,-1,365,423,424,-1,365,424,371,-1,418,425,364,-1,364,425,426,-1,364,426,365,-1,365,426,427,-1,365,427,419,-1,428,429,430,-1,431,432,433,-1,373,372,430,-1,430,372,434,-1,430,434,428,-1,429,435,430,-1,430,435,436,-1,430,436,437,-1,438,439,431,-1,431,439,440,-1,431,440,432,-1,433,441,431,-1,431,441,442,-1,431,442,412,-1,412,442,443,-1,412,443,413,-1,437,444,430,-1,430,444,445,-1,430,445,431,-1,431,445,446,-1,431,446,438,-1,447,448,365,-1,448,449,365,-1,365,449,450,-1,365,450,451,-1,452,453,366,-1,371,373,365,-1,365,373,454,-1,365,454,447,-1,453,455,366,-1,366,455,456,-1,366,456,457,-1,451,458,365,-1,365,458,459,-1,365,459,366,-1,366,459,460,-1,366,460,452,-1,461,462,430,-1,457,463,366,-1,366,463,464,-1,366,464,374,-1,374,464,465,-1,374,465,400,-1,462,466,430,-1,430,466,467,-1,430,467,373,-1,373,467,468,-1,373,468,454,-1,465,469,400,-1,400,469,470,-1,400,470,471,-1,471,472,400,-1,400,472,473,-1,400,473,474,-1,475,476,430,-1,430,476,477,-1,430,477,461,-1,474,478,400,-1,400,478,479,-1,400,479,430,-1,430,479,480,-1,430,480,475,-1,368,481,482,-1,482,481,431,-1,482,431,483,-1,483,431,412,-1,483,412,363,-1,363,412,364,-1,484,485,486,-1,486,485,487,-1,488,489,481,-1,481,489,490,-1,481,490,491,-1,487,492,486,-1,486,492,493,-1,486,493,481,-1,481,493,494,-1,481,494,488,-1,495,496,431,-1,431,496,497,-1,431,497,498,-1,499,500,430,-1,430,500,501,-1,491,502,481,-1,481,502,503,-1,481,503,431,-1,431,503,504,-1,431,504,495,-1,498,505,431,-1,431,505,506,-1,431,506,430,-1,430,506,507,-1,430,507,499,-1,501,508,430,-1,430,508,509,-1,430,509,486,-1,486,509,510,-1,486,510,484,-1,511,430,512,-1,512,430,513,-1,514,515,516,-1,516,515,517,-1,486,518,519,-1,486,520,521,-1,486,521,430,-1,430,521,522,-1,430,522,513,-1,517,523,516,-1,516,523,524,-1,516,524,486,-1,486,524,525,-1,486,525,518,-1,519,526,486,-1,486,526,527,-1,486,527,520,-1,528,529,400,-1,400,529,530,-1,400,530,531,-1,531,532,400,-1,400,532,533,-1,400,533,516,-1,516,533,534,-1,516,534,514,-1,511,535,430,-1,430,535,536,-1,430,536,400,-1,400,536,537,-1,400,537,528,-1,538,539,516,-1,516,539,540,-1,516,540,541,-1,542,543,538,-1,538,543,544,-1,538,544,539,-1,541,545,516,-1,516,545,546,-1,516,546,547,-1,548,549,550,-1,550,549,538,-1,538,549,551,-1,538,551,542,-1,547,552,516,-1,516,552,553,-1,516,553,400,-1,400,553,554,-1,400,554,555,-1,555,556,400,-1,400,556,557,-1,400,557,558,-1,559,560,393,-1,393,560,561,-1,393,561,562,-1,550,563,548,-1,548,563,564,-1,548,564,565,-1,565,564,566,-1,565,566,567,-1,558,568,400,-1,400,568,569,-1,400,569,393,-1,393,569,570,-1,393,570,559,-1,567,571,565,-1,565,571,572,-1,565,572,561,-1,561,572,573,-1,561,573,562,-1,574,575,576,-1,368,370,481,-1,481,370,577,-1,481,577,486,-1,486,577,574,-1,486,574,516,-1,516,574,576,-1,516,576,538,-1,578,575,574,-1,574,577,579,-1,579,577,370,-1,579,370,369,-1,574,579,578,-1,578,579,580,-1,578,580,581,-1,581,580,582,-1,581,582,583,-1,583,582,584,-1,583,584,585,-1,585,584,586,-1,585,586,587,-1,587,586,588,-1,587,588,589,-1,589,588,590,-1,589,590,591,-1,590,592,593,-1,593,594,590,-1,590,594,595,-1,590,595,596,-1,596,597,590,-1,590,597,598,-1,590,598,591,-1,593,592,599,-1,593,599,600,-1,600,599,601,-1,600,601,602,-1,602,601,603,-1,602,603,604,-1,604,603,605,-1,604,605,606,-1,606,605,607,-1,606,607,608,-1,608,607,609,-1,608,609,610,-1,609,611,612,-1,612,613,609,-1,609,613,614,-1,609,614,610,-1,610,614,615,-1,616,617,221,-1,221,223,616,-1,616,223,210,-1,616,210,618,-1,210,215,618,-1,618,215,213,-1,618,213,619,-1,213,323,619,-1,619,323,324,-1,619,324,620,-1,324,321,620,-1,620,321,320,-1,620,320,621,-1,320,318,621,-1,621,318,317,-1,621,317,622,-1,622,317,315,-1,622,315,623,-1,315,314,623,-1,623,314,310,-1,623,310,624,-1,310,312,624,-1,624,312,313,-1,624,313,625,-1,313,308,625,-1,625,308,307,-1,625,307,626,-1,307,305,626,-1,626,305,299,-1,626,299,627,-1,299,304,627,-1,627,304,291,-1,627,291,628,-1,291,294,628,-1,628,294,286,-1,628,286,629,-1,629,286,288,-1,629,288,553,-1,553,288,282,-1,553,282,630,-1,282,280,630,-1,630,280,278,-1,630,278,631,-1,278,277,631,-1,631,277,274,-1,631,274,632,-1,274,273,632,-1,632,273,270,-1,632,270,633,-1,270,268,633,-1,633,268,266,-1,633,266,634,-1,266,264,634,-1,634,264,263,-1,634,263,635,-1,263,261,635,-1,635,261,259,-1,635,259,636,-1,636,259,257,-1,636,257,637,-1,257,256,637,-1,637,256,254,-1,637,254,638,-1,254,252,638,-1,638,252,250,-1,638,250,639,-1,250,248,639,-1,639,248,246,-1,639,246,640,-1,246,244,640,-1,640,244,242,-1,640,242,641,-1,242,240,641,-1,641,240,238,-1,641,238,642,-1,238,236,642,-1,642,236,234,-1,642,234,643,-1,643,234,233,-1,643,233,548,-1,548,233,228,-1,548,228,617,-1,617,228,230,-1,617,230,221,-1,644,391,645,-1,645,391,387,-1,645,387,646,-1,646,387,385,-1,646,385,647,-1,647,385,384,-1,647,384,648,-1,648,384,380,-1,648,380,649,-1,649,380,379,-1,649,379,650,-1,650,379,378,-1,650,378,651,-1,651,378,390,-1,644,652,391,-1,391,652,394,-1,653,407,654,-1,654,407,406,-1,654,406,655,-1,655,406,399,-1,655,399,656,-1,656,399,398,-1,656,398,657,-1,657,398,397,-1,657,397,658,-1,658,397,396,-1,658,396,659,-1,659,396,395,-1,659,395,652,-1,652,395,394,-1,408,660,661,-1,660,408,662,-1,662,408,407,-1,662,407,663,-1,663,407,653,-1,663,653,661,-1,661,653,664,-1,661,664,408,-1,665,410,666,-1,666,410,409,-1,666,409,667,-1,667,409,405,-1,667,405,668,-1,668,405,404,-1,668,404,669,-1,669,404,403,-1,669,403,670,-1,670,403,402,-1,670,402,671,-1,671,402,401,-1,671,401,664,-1,664,401,408,-1,665,672,410,-1,410,672,375,-1,673,389,674,-1,674,389,388,-1,674,388,675,-1,675,388,383,-1,675,383,676,-1,676,383,382,-1,676,382,677,-1,677,382,381,-1,677,381,678,-1,678,381,377,-1,678,377,679,-1,679,377,376,-1,679,376,672,-1,672,376,375,-1,390,680,681,-1,680,390,682,-1,682,390,389,-1,682,389,683,-1,683,389,673,-1,683,673,681,-1,681,673,651,-1,681,651,390,-1,671,664,665,-1,665,664,672,-1,678,679,673,-1,649,650,644,-1,644,650,651,-1,644,651,673,-1,675,676,677,-1,667,668,666,-1,666,668,669,-1,666,669,665,-1,665,669,670,-1,665,670,671,-1,645,646,647,-1,655,656,652,-1,678,673,677,-1,677,673,674,-1,677,674,675,-1,679,672,673,-1,673,672,664,-1,673,664,644,-1,644,664,653,-1,644,653,652,-1,652,653,654,-1,652,654,655,-1,645,647,644,-1,644,647,648,-1,644,648,649,-1,656,657,652,-1,652,657,658,-1,652,658,659,-1,
        ]
    }
}
Shape{
    appearance Appearance {
        material  Material 	{
            diffuseColor 0.7529411764705882 0.7529411764705882 0.7529411764705882
            specularColor 0.3764705882352941 0.3764705882352941 0.3764705882352941
            ambientIntensity 0.7529
            transparency 0.0
            shininess 0.5
        }
    }
    geometry IndexedFaceSet {
        ccw TRUE
        solid FALSE
        coord DEF co Coordinate {
            point [
                2.7283 0.3102 4.435, 1.3504 0.3102 4.435, 2.7283 0.4267 4.5049, 1.3504 0.4267 4.5049, 2.7283 0.5556 4.5482, 1.3504 0.5556 4.5482, 2.7283 0.6907 4.5629, 1.3504 0.6907 4.5629, 2.7283 0.6907 4.8778, 1.3504 0.6907 4.8778, 1.3504 0.5382 4.8654, 2.7283 0.5382 4.8654, 1.3504 0.3896 4.8286, 2.7283 0.3896 4.8286, 1.3504 0.249 4.7683, 2.7283 0.249 4.7683, 1.3504 0.12 4.686, 2.7283 0.12 4.686, 1.3504 1.0647 4.8778, 1.3504 1.0647 4.5629, 1.3504 -0.0377 4.1714, 1.3504 -0.0377 4.5665, 2.7283 1.0647 4.5629, 2.7283 1.0647 4.8778, 2.7283 -0.0377 4.5665, 2.7283 -0.0377 4.1714, 1.3648 -1.1518 3.7222, 1.3716 -1.2032 3.6804, 2.714 -1.1518 3.7222, 1.3826 -1.2505 3.634, 2.7072 -1.2032 3.6804, 2.6216 -1.4352 3.3733, 2.6388 -1.4032 3.4322, 1.4303 -1.3836 3.4648, 2.6487 -1.385 3.4658, 1.4085 -1.3358 3.5378, 2.6702 -1.3358 3.5378, 1.3895 -1.2803 3.6048, 2.6893 -1.2803 3.6048, 2.6972 -1.2507 3.6358, 1.4394 -1.4035 3.4345, 1.4572 -1.4352 3.3733, 2.6045 -1.4624 3.3099, 1.4743 -1.4624 3.3099, 2.5852 -1.49 3.2275, 1.4935 -1.4899 3.2278, 2.5699 -1.51 3.1425, 1.5185 -1.522 3.0566, 1.5219 -1.526 2.9691, 2.5568 -1.526 2.9691, 1.5088 -1.51 3.1425, 2.5602 -1.522 3.0567, 1.5219 -1.526 2.5197, 2.5568 -1.526 2.5197, 1.3667 -1.0069 3.832, 1.3656 -1.0886 3.7701, 2.712 -1.0069 3.832, 2.7169 -1.0886 3.7701, 1.4058 -0.8483 3.9522, 1.3815 -0.9264 3.893, 2.6729 -0.8483 3.9522, 2.6972 -0.9264 3.893, 1.5322 -0.6393 4.1106, 1.4817 -0.7037 4.0618, 2.5465 -0.6393 4.1106, 1.4394 -0.7737 4.0088, 2.6393 -0.7737 4.0088, 2.597 -0.7037 4.0618, 1.6545 -0.531 4.1927, 1.5901 -0.5814 4.1545, 2.4243 -0.531 4.1927, 2.4887 -0.5814 4.1545, 1.8772 -0.4307 4.2687, 1.7991 -0.4551 4.2502, 2.2015 -0.4307 4.2687, 1.7245 -0.4886 4.2248, 2.3542 -0.4886 4.2248, 2.2796 -0.4551 4.2502, 1.9577 -0.416 4.2799, 2.121 -0.416 4.2799, 2.0394 -0.411 4.2836, 1.8031 -1.4626 0.0, 1.8031 -1.4626 -0.7874, 1.8031 -1.6201 0.0, 1.8031 -1.7776 -0.7874, 1.8031 -1.7776 0.0, 2.1181 -1.4626 0.0, 2.1181 -1.4626 -0.7874, 1.8559 -1.4626 -0.9843, 2.0654 -1.4626 -0.9843, 2.1181 -1.7776 0.0, 2.1181 -1.7776 -0.7874, 2.1181 -1.6201 0.0, 1.8559 -1.7776 -0.9843, 2.0654 -1.7776 -0.9843, 1.8559 1.4508 -0.9843, 2.0654 1.4508 -0.9843, 1.8031 1.4508 -0.7874, 2.1181 1.4508 -0.7874, 1.8031 1.4508 0.0, 2.1181 1.4508 0.0, 1.8031 1.7657 -0.7874, 1.8031 1.7657 0.0, 2.1181 1.7657 0.0, 2.1181 1.7657 -0.7874, 1.8559 1.7657 -0.9843, 2.0654 1.7657 -0.9843
            ]
        }
        coordIndex [
            0,1,2,-1,2,1,3,-1,2,3,4,-1,4,3,5,-1,4,5,6,-1,6,5,7,-1,8,9,10,-1,8,10,11,-1,11,10,12,-1,11,12,13,-1,13,12,14,-1,13,14,15,-1,15,14,16,-1,15,16,17,-1,18,19,9,-1,9,19,7,-1,9,7,10,-1,10,7,5,-1,10,5,12,-1,12,5,3,-1,20,21,1,-1,1,21,16,-1,1,16,3,-1,3,16,14,-1,3,14,12,-1,22,23,6,-1,6,23,8,-1,6,8,4,-1,24,25,17,-1,17,25,0,-1,17,0,15,-1,15,0,2,-1,15,2,13,-1,13,2,4,-1,13,4,11,-1,11,4,8,-1,18,9,23,-1,23,9,8,-1,6,7,22,-1,22,7,19,-1,24,17,21,-1,21,17,16,-1,1,0,20,-1,20,0,25,-1,26,27,28,-1,28,27,29,-1,28,29,30,-1,31,32,33,-1,33,32,34,-1,33,34,35,-1,35,34,36,-1,35,36,37,-1,37,36,38,-1,37,38,29,-1,29,38,39,-1,29,39,30,-1,33,40,31,-1,31,40,41,-1,31,41,42,-1,42,41,43,-1,42,43,44,-1,44,43,45,-1,44,45,46,-1,47,48,49,-1,45,50,46,-1,46,50,47,-1,46,47,51,-1,51,47,49,-1,52,53,48,-1,48,53,49,-1,54,55,56,-1,26,28,55,-1,55,28,57,-1,55,57,56,-1,58,59,60,-1,54,56,59,-1,59,56,61,-1,59,61,60,-1,62,63,64,-1,58,60,65,-1,65,60,66,-1,65,66,63,-1,63,66,67,-1,63,67,64,-1,68,69,70,-1,62,64,69,-1,69,64,71,-1,69,71,70,-1,72,73,74,-1,68,70,75,-1,75,70,76,-1,75,76,73,-1,73,76,77,-1,73,77,74,-1,72,74,78,-1,78,74,79,-1,78,79,80,-1,81,82,83,-1,83,82,84,-1,83,84,85,-1,81,86,82,-1,82,86,87,-1,82,87,88,-1,88,87,89,-1,90,91,92,-1,92,91,87,-1,92,87,86,-1,93,94,84,-1,84,94,91,-1,84,91,85,-1,85,91,90,-1,88,89,93,-1,93,89,94,-1,95,96,97,-1,97,96,98,-1,97,98,99,-1,99,98,100,-1,97,99,101,-1,101,99,102,-1,102,103,101,-1,101,103,104,-1,101,104,105,-1,105,104,106,-1,104,103,98,-1,98,103,100,-1,105,106,95,-1,95,106,96,-1,82,88,84,-1,84,88,93,-1,101,105,97,-1,97,105,95,-1,98,96,104,-1,104,96,106,-1,91,94,87,-1,87,94,89,-1,
        ]
    }
}
Shape{
    appearance Appearance {
        material  Material 	{
            diffuseColor 0.0 0.5019607843137255 0.0
            specularColor 0.0 0.25098039215686274 0.0
            ambientIntensity 0.2947
            transparency 0.0
            shininess 0.5
        }
    }
    geometry IndexedFaceSet {
        ccw TRUE
        solid FALSE
        coord DEF co Coordinate {
            point [
                -2.8819 2.4941 5.6693, -2.8819 2.1299 0.0, -2.8819 0.5135 5.6693, -2.8819 -0.0059 0.0, -2.8819 -1.6201 0.0, -2.8819 -2.2008 5.6693, -2.8819 -0.1202 5.6693, -2.8819 2.6909 5.4724, -2.8819 2.6909 0.1969, -2.8819 2.4941 0.0, -2.8819 2.5795 5.6498, -2.8819 2.686 5.5162, -2.8819 2.5379 5.6644, -2.8819 2.6168 5.6263, -2.8819 2.648 5.5952, -2.8819 2.6714 5.5579, -2.8819 2.686 0.153, -2.8819 2.5795 0.0195, -2.8819 2.5379 0.0049, -2.8819 2.6714 0.1114, -2.8819 2.648 0.0741, -2.8819 2.6168 0.0429, -2.8819 -2.6045 0.1114, -2.8819 -2.4272 0.0, -2.8819 -2.471 0.0049, -2.8819 -2.6191 0.153, -2.8819 -2.624 0.1969, -2.8819 -2.5126 0.0195, -2.8819 -2.5499 0.0429, -2.8819 -2.5811 0.0741, -2.8819 -2.624 5.4724, -2.8819 -2.4272 5.6693, -2.8819 -2.6191 5.5162, -2.8819 -2.6045 5.5579, -2.8819 -2.5811 5.5952, -2.8819 -2.5499 5.6263, -2.8819 -2.471 5.6644, -2.8819 -2.5126 5.6498, -1.1133 -1.5003 5.6693, -1.0376 -1.3006 5.6693, -1.2446 -1.2634 4.4882, -1.2977 -1.4035 4.4882, -1.3131 -1.4258 4.4882, -1.2346 -1.676 5.6693, -1.3905 -1.5379 4.4882, -1.421 -1.5649 4.4882, -1.3944 -1.8176 5.6693, -1.5127 -1.6462 4.4882, -1.5609 -1.6715 4.4882, -1.5835 -1.9168 5.6693, -1.6574 -1.7221 4.4882, -1.7234 -1.7384 4.4882, -1.7909 -1.968 5.6693, -1.816 -1.7612 4.4882, -1.8976 -1.7612 4.4882, -2.0044 -1.968 5.6693, -1.9793 -1.7612 4.4882, -2.0719 -1.7384 4.4882, -2.2118 -1.9168 5.6693, -2.1379 -1.7221 4.4882, -2.2344 -1.6715 4.4882, -2.4009 -1.8176 5.6693, -2.2825 -1.6462 4.4882, -2.3743 -1.5649 4.4882, -2.5607 -1.676 5.6693, -2.4048 -1.5379 4.4882, -2.4822 -1.4258 4.4882, -2.682 -1.5003 5.6693, -2.4976 -1.4035 4.4882, -2.5507 -1.2634 4.4882, -2.7577 -1.3006 5.6693, -2.5555 -1.2507 4.4882, -2.7835 -1.0886 5.6693, -2.5752 -1.0886 4.4882, -2.7577 -0.8766 5.6693, -2.5555 -0.9264 4.4882, -2.5507 -0.9138 4.4882, -2.682 -0.6769 5.6693, -2.4976 -0.7737 4.4882, -2.4822 -0.7514 4.4882, -2.5607 -0.5012 5.6693, -2.4048 -0.6393 4.4882, -2.3743 -0.6122 4.4882, -2.4009 -0.3596 5.6693, -2.2825 -0.531 4.4882, -2.2344 -0.5057 4.4882, -2.2118 -0.2603 5.6693, -2.1379 -0.4551 4.4882, -2.0719 -0.4388 4.4882, -2.0044 -0.2092 5.6693, -1.9793 -0.416 4.4882, -1.8976 -0.416 4.4882, -1.7909 -0.2092 5.6693, -1.816 -0.416 4.4882, -1.7234 -0.4388 4.4882, -1.5835 -0.2603 5.6693, -1.6574 -0.4551 4.4882, -1.5609 -0.5057 4.4882, -1.3944 -0.3596 5.6693, -1.5127 -0.531 4.4882, -1.421 -0.6122 4.4882, -1.2346 -0.5012 5.6693, -1.3905 -0.6393 4.4882, -1.3131 -0.7514 4.4882, -1.1133 -0.6769 5.6693, -1.2977 -0.7737 4.4882, -1.2446 -0.9138 4.4882, -1.0376 -0.8766 5.6693, -1.2398 -0.9264 4.4882, -1.0118 -1.0886 5.6693, -1.2201 -1.0886 4.4882, -1.2398 -1.2507 4.4882, 0.8552 -1.5003 5.6693, 0.9309 -1.3006 5.6693, 0.7239 -1.2634 4.4882, 0.6708 -1.4035 4.4882, 0.6554 -1.4258 4.4882, 0.7339 -1.676 5.6693, 0.578 -1.5379 4.4882, 0.5475 -1.5649 4.4882, 0.5741 -1.8176 5.6693, 0.4558 -1.6462 4.4882, 0.4076 -1.6715 4.4882, 0.385 -1.9168 5.6693, 0.3111 -1.7221 4.4882, 0.2451 -1.7384 4.4882, 0.1776 -1.968 5.6693, 0.1525 -1.7612 4.4882, 0.0709 -1.7612 4.4882, -0.0359 -1.968 5.6693, -0.0108 -1.7612 4.4882, -0.1034 -1.7384 4.4882, -0.2433 -1.9168 5.6693, -0.1694 -1.7221 4.4882, -0.2659 -1.6715 4.4882, -0.4323 -1.8176 5.6693, -0.314 -1.6462 4.4882, -0.4058 -1.5649 4.4882, -0.5922 -1.676 5.6693, -0.4363 -1.5379 4.4882, -0.5137 -1.4258 4.4882, -0.7135 -1.5003 5.6693, -0.5291 -1.4035 4.4882, -0.5822 -1.2634 4.4882, -0.7892 -1.3006 5.6693, -0.587 -1.2507 4.4882, -0.815 -1.0886 5.6693, -0.6067 -1.0886 4.4882, -0.7892 -0.8766 5.6693, -0.587 -0.9264 4.4882, -0.5822 -0.9138 4.4882, -0.7135 -0.6769 5.6693, -0.5291 -0.7737 4.4882, -0.5137 -0.7514 4.4882, -0.5922 -0.5012 5.6693, -0.4363 -0.6393 4.4882, -0.4058 -0.6122 4.4882, -0.4323 -0.3596 5.6693, -0.314 -0.531 4.4882, -0.2659 -0.5057 4.4882, -0.2433 -0.2603 5.6693, -0.1694 -0.4551 4.4882, -0.1034 -0.4388 4.4882, -0.0359 -0.2092 5.6693, -0.0108 -0.416 4.4882, 0.0709 -0.416 4.4882, 0.1776 -0.2092 5.6693, 0.1525 -0.416 4.4882, 0.2451 -0.4388 4.4882, 0.385 -0.2603 5.6693, 0.3111 -0.4551 4.4882, 0.4076 -0.5057 4.4882, 0.5741 -0.3596 5.6693, 0.4558 -0.531 4.4882, 0.5475 -0.6122 4.4882, 0.7339 -0.5012 5.6693, 0.578 -0.6393 4.4882, 0.6554 -0.7514 4.4882, 0.8552 -0.6769 5.6693, 0.6708 -0.7737 4.4882, 0.7239 -0.9138 4.4882, 0.9309 -0.8766 5.6693, 0.7287 -0.9264 4.4882, 0.9567 -1.0886 5.6693, 0.7484 -1.0886 4.4882, 0.7287 -1.2507 4.4882, -1.0118 0.9466 1.7323, -1.0118 0.9466 5.6693, -1.0148 0.9729 1.7323, -1.0148 0.9729 5.6693, -1.0235 0.9978 1.7323, -1.0235 0.9978 5.6693, -1.0376 1.0202 1.7323, -1.0376 1.0202 5.6693, -1.0563 1.0389 1.7323, -1.0563 1.0389 5.6693, -1.0787 1.053 1.7323, -1.0787 1.053 5.6693, -1.1036 1.0617 1.7323, -1.1036 1.0617 5.6693, -1.1299 1.0647 1.7323, -1.1299 1.0647 5.6693, -1.0118 0.5135 5.6693, -1.0118 0.0804 1.7323, -1.0118 0.0804 5.6693, -1.1299 -0.0377 1.7323, -1.1299 -0.0377 5.6693, -1.1036 -0.0347 1.7323, -1.1036 -0.0347 5.6693, -1.0787 -0.026 1.7323, -1.0787 -0.026 5.6693, -1.0563 -0.0119 1.7323, -1.0563 -0.0119 5.6693, -1.0376 0.0068 1.7323, -1.0376 0.0068 5.6693, -1.0235 0.0292 1.7323, -1.0235 0.0292 5.6693, -1.0148 0.0542 1.7323, -1.0148 0.0542 5.6693, -2.6654 -0.0377 5.6693, -2.5866 -0.0377 4.5665, -2.5866 -0.0377 4.1714, -1.2087 -0.0377 4.5665, -1.2087 -0.0377 4.1714, -2.6654 -0.0377 1.7323, -2.7835 0.0804 1.7323, -2.7835 0.0804 5.6693, -2.7805 0.0542 1.7323, -2.7805 0.0542 5.6693, -2.7718 0.0292 1.7323, -2.7718 0.0292 5.6693, -2.7577 0.0068 1.7323, -2.7577 0.0068 5.6693, -2.739 -0.0119 1.7323, -2.739 -0.0119 5.6693, -2.7166 -0.026 1.7323, -2.7166 -0.026 5.6693, -2.6916 -0.0347 1.7323, -2.6916 -0.0347 5.6693, -2.7835 0.5135 5.6693, -2.7835 0.9466 1.7323, -2.7835 0.9466 5.6693, -2.6654 1.0647 1.7323, -2.6654 1.0647 5.6693, -2.6916 1.0617 1.7323, -2.6916 1.0617 5.6693, -2.7166 1.053 1.7323, -2.7166 1.053 5.6693, -2.739 1.0389 1.7323, -2.739 1.0389 5.6693, -2.7577 1.0202 1.7323, -2.7577 1.0202 5.6693, -2.7718 0.9978 1.7323, -2.7718 0.9978 5.6693, -2.7805 0.9729 1.7323, -2.7805 0.9729 5.6693, -1.2087 1.0647 4.8778, -1.2087 1.0647 4.5629, -2.5866 1.0647 4.8778, -2.5866 1.0647 4.5629, 0.9567 0.9466 1.7323, 0.9567 0.9466 5.6693, 0.9537 0.9729 1.7323, 0.9537 0.9729 5.6693, 0.945 0.9978 1.7323, 0.945 0.9978 5.6693, 0.9309 1.0202 1.7323, 0.9309 1.0202 5.6693, 0.9122 1.0389 1.7323, 0.9122 1.0389 5.6693, 0.8898 1.053 1.7323, 0.8898 1.053 5.6693, 0.8649 1.0617 1.7323, 0.8649 1.0617 5.6693, 0.8386 1.0647 1.7323, 0.8386 1.0647 5.6693, 0.9567 0.5135 5.6693, 0.9567 0.0804 1.7323, 0.9567 0.0804 5.6693, 0.8386 -0.0377 1.7323, 0.8386 -0.0377 5.6693, 0.8649 -0.0347 1.7323, 0.8649 -0.0347 5.6693, 0.8898 -0.026 1.7323, 0.8898 -0.026 5.6693, 0.9122 -0.0119 1.7323, 0.9122 -0.0119 5.6693, 0.9309 0.0068 1.7323, 0.9309 0.0068 5.6693, 0.945 0.0292 1.7323, 0.945 0.0292 5.6693, 0.9537 0.0542 1.7323, 0.9537 0.0542 5.6693, -0.6969 -0.0377 5.6693, -0.6181 -0.0377 4.5665, -0.6181 -0.0377 4.1714, 0.7598 -0.0377 4.5665, 0.7598 -0.0377 4.1714, -0.6969 -0.0377 1.7323, -0.815 0.0804 1.7323, -0.815 0.0804 5.6693, -0.812 0.0542 1.7323, -0.812 0.0542 5.6693, -0.8033 0.0292 1.7323, -0.8033 0.0292 5.6693, -0.7892 0.0068 1.7323, -0.7892 0.0068 5.6693, -0.7705 -0.0119 1.7323, -0.7705 -0.0119 5.6693, -0.7481 -0.026 1.7323, -0.7481 -0.026 5.6693, -0.7231 -0.0347 1.7323, -0.7231 -0.0347 5.6693, -0.815 0.5135 5.6693, -0.815 0.9466 1.7323, -0.815 0.9466 5.6693, -0.6969 1.0647 1.7323, -0.6969 1.0647 5.6693, -0.7231 1.0617 1.7323, -0.7231 1.0617 5.6693, -0.7481 1.053 1.7323, -0.7481 1.053 5.6693, -0.7705 1.0389 1.7323, -0.7705 1.0389 5.6693, -0.7892 1.0202 1.7323, -0.7892 1.0202 5.6693, -0.8033 0.9978 1.7323, -0.8033 0.9978 5.6693, -0.812 0.9729 1.7323, -0.812 0.9729 5.6693, 0.7598 1.0647 4.8778, 0.7598 1.0647 4.5629, -0.6181 1.0647 4.8778, -0.6181 1.0647 4.5629
            ]
        }
        coordIndex [
            0,1,2,-1,2,1,3,-1,4,5,3,-1,3,5,6,-1,3,6,2,-1,7,8,9,-1,10,11,12,-1,12,11,7,-1,12,7,0,-1,0,7,9,-1,0,9,1,-1,10,13,11,-1,11,13,14,-1,11,14,15,-1,16,17,8,-1,8,17,18,-1,8,18,9,-1,16,19,17,-1,17,19,20,-1,17,20,21,-1,22,23,24,-1,22,25,23,-1,23,25,26,-1,23,26,4,-1,24,27,22,-1,22,27,28,-1,22,28,29,-1,4,26,5,-1,5,26,30,-1,5,30,31,-1,31,30,32,-1,31,32,33,-1,33,34,31,-1,31,34,35,-1,31,35,36,-1,36,35,37,-1,38,39,40,-1,40,41,38,-1,38,41,42,-1,38,42,43,-1,42,44,43,-1,43,44,45,-1,43,45,46,-1,45,47,46,-1,46,47,48,-1,46,48,49,-1,48,50,49,-1,49,50,51,-1,49,51,52,-1,51,53,52,-1,52,53,54,-1,52,54,55,-1,54,56,55,-1,55,56,57,-1,55,57,58,-1,57,59,58,-1,58,59,60,-1,58,60,61,-1,60,62,61,-1,61,62,63,-1,61,63,64,-1,63,65,64,-1,64,65,66,-1,64,66,67,-1,66,68,67,-1,67,68,69,-1,67,69,70,-1,70,69,71,-1,70,71,72,-1,72,71,73,-1,72,73,74,-1,73,75,74,-1,74,75,76,-1,74,76,77,-1,76,78,77,-1,77,78,79,-1,77,79,80,-1,79,81,80,-1,80,81,82,-1,80,82,83,-1,82,84,83,-1,83,84,85,-1,83,85,86,-1,85,87,86,-1,86,87,88,-1,86,88,89,-1,88,90,89,-1,89,90,91,-1,89,91,92,-1,91,93,92,-1,92,93,94,-1,92,94,95,-1,94,96,95,-1,95,96,97,-1,95,97,98,-1,97,99,98,-1,98,99,100,-1,98,100,101,-1,100,102,101,-1,101,102,103,-1,101,103,104,-1,103,105,104,-1,104,105,106,-1,104,106,107,-1,107,106,108,-1,107,108,109,-1,109,108,110,-1,109,110,39,-1,39,110,111,-1,39,111,40,-1,112,113,114,-1,114,115,112,-1,112,115,116,-1,112,116,117,-1,116,118,117,-1,117,118,119,-1,117,119,120,-1,119,121,120,-1,120,121,122,-1,120,122,123,-1,122,124,123,-1,123,124,125,-1,123,125,126,-1,125,127,126,-1,126,127,128,-1,126,128,129,-1,128,130,129,-1,129,130,131,-1,129,131,132,-1,131,133,132,-1,132,133,134,-1,132,134,135,-1,134,136,135,-1,135,136,137,-1,135,137,138,-1,137,139,138,-1,138,139,140,-1,138,140,141,-1,140,142,141,-1,141,142,143,-1,141,143,144,-1,144,143,145,-1,144,145,146,-1,146,145,147,-1,146,147,148,-1,147,149,148,-1,148,149,150,-1,148,150,151,-1,150,152,151,-1,151,152,153,-1,151,153,154,-1,153,155,154,-1,154,155,156,-1,154,156,157,-1,156,158,157,-1,157,158,159,-1,157,159,160,-1,159,161,160,-1,160,161,162,-1,160,162,163,-1,162,164,163,-1,163,164,165,-1,163,165,166,-1,165,167,166,-1,166,167,168,-1,166,168,169,-1,168,170,169,-1,169,170,171,-1,169,171,172,-1,171,173,172,-1,172,173,174,-1,172,174,175,-1,174,176,175,-1,175,176,177,-1,175,177,178,-1,177,179,178,-1,178,179,180,-1,178,180,181,-1,181,180,182,-1,181,182,183,-1,183,182,184,-1,183,184,113,-1,113,184,185,-1,113,185,114,-1,186,187,188,-1,188,187,189,-1,188,189,190,-1,190,189,191,-1,190,191,192,-1,192,191,193,-1,192,193,194,-1,194,193,195,-1,194,195,196,-1,196,195,197,-1,196,197,198,-1,198,197,199,-1,198,199,200,-1,200,199,201,-1,187,186,202,-1,202,186,203,-1,202,203,204,-1,205,206,207,-1,207,206,208,-1,207,208,209,-1,209,208,210,-1,209,210,211,-1,211,210,212,-1,211,212,213,-1,213,212,214,-1,213,214,215,-1,215,214,216,-1,215,216,217,-1,217,216,218,-1,217,218,203,-1,203,218,204,-1,219,220,221,-1,220,219,222,-1,222,219,206,-1,222,206,223,-1,223,206,205,-1,223,205,221,-1,221,205,224,-1,221,224,219,-1,225,226,227,-1,227,226,228,-1,227,228,229,-1,229,228,230,-1,229,230,231,-1,231,230,232,-1,231,232,233,-1,233,232,234,-1,233,234,235,-1,235,234,236,-1,235,236,237,-1,237,236,238,-1,237,238,224,-1,224,238,219,-1,226,225,239,-1,239,225,240,-1,239,240,241,-1,242,243,244,-1,244,243,245,-1,244,245,246,-1,246,245,247,-1,246,247,248,-1,248,247,249,-1,248,249,250,-1,250,249,251,-1,250,251,252,-1,252,251,253,-1,252,253,254,-1,254,253,255,-1,254,255,240,-1,240,255,241,-1,201,256,257,-1,256,201,258,-1,258,201,243,-1,258,243,259,-1,259,243,242,-1,259,242,257,-1,257,242,200,-1,257,200,201,-1,237,224,225,-1,225,224,240,-1,231,233,229,-1,229,233,227,-1,227,233,225,-1,225,233,235,-1,225,235,237,-1,209,211,203,-1,248,240,246,-1,246,240,244,-1,250,252,248,-1,248,252,254,-1,248,254,240,-1,244,240,242,-1,242,240,224,-1,242,224,200,-1,200,224,205,-1,200,205,203,-1,203,205,207,-1,203,207,209,-1,211,213,203,-1,203,213,215,-1,203,215,217,-1,203,186,200,-1,200,186,188,-1,200,188,190,-1,196,198,194,-1,194,198,200,-1,194,200,192,-1,192,200,190,-1,260,261,262,-1,262,261,263,-1,262,263,264,-1,264,263,265,-1,264,265,266,-1,266,265,267,-1,266,267,268,-1,268,267,269,-1,268,269,270,-1,270,269,271,-1,270,271,272,-1,272,271,273,-1,272,273,274,-1,274,273,275,-1,261,260,276,-1,276,260,277,-1,276,277,278,-1,279,280,281,-1,281,280,282,-1,281,282,283,-1,283,282,284,-1,283,284,285,-1,285,284,286,-1,285,286,287,-1,287,286,288,-1,287,288,289,-1,289,288,290,-1,289,290,291,-1,291,290,292,-1,291,292,277,-1,277,292,278,-1,293,294,295,-1,294,293,296,-1,296,293,280,-1,296,280,297,-1,297,280,279,-1,297,279,295,-1,295,279,298,-1,295,298,293,-1,299,300,301,-1,301,300,302,-1,301,302,303,-1,303,302,304,-1,303,304,305,-1,305,304,306,-1,305,306,307,-1,307,306,308,-1,307,308,309,-1,309,308,310,-1,309,310,311,-1,311,310,312,-1,311,312,298,-1,298,312,293,-1,300,299,313,-1,313,299,314,-1,313,314,315,-1,316,317,318,-1,318,317,319,-1,318,319,320,-1,320,319,321,-1,320,321,322,-1,322,321,323,-1,322,323,324,-1,324,323,325,-1,324,325,326,-1,326,325,327,-1,326,327,328,-1,328,327,329,-1,328,329,314,-1,314,329,315,-1,275,330,331,-1,330,275,332,-1,332,275,317,-1,332,317,333,-1,333,317,316,-1,333,316,331,-1,331,316,274,-1,331,274,275,-1,314,299,298,-1,298,299,301,-1,298,301,311,-1,326,328,316,-1,316,328,314,-1,316,314,274,-1,274,314,260,-1,274,260,272,-1,272,260,270,-1,318,320,322,-1,262,264,266,-1,301,303,305,-1,283,285,277,-1,318,322,316,-1,316,322,324,-1,316,324,326,-1,305,307,301,-1,301,307,309,-1,301,309,311,-1,314,298,260,-1,260,298,279,-1,260,279,277,-1,277,279,281,-1,277,281,283,-1,262,266,260,-1,260,266,268,-1,260,268,270,-1,285,287,277,-1,277,287,289,-1,277,289,291,-1,
        ]
    }
}
Shape{
    appearance Appearance {
        material  Material 	{
            diffuseColor 0.7529411764705882 0.7529411764705882 0.7529411764705882
            specularColor 0.3764705882352941 0.3764705882352941 0.3764705882352941
            ambientIntensity 0.7529
            transparency 0.0
            shininess 0.5
        }
    }
    geometry IndexedFaceSet {
        ccw TRUE
        solid FALSE
        coord DEF co Coordinate {
            point [
                0.7598 0.3102 4.435, -0.6181 0.3102 4.435, 0.7598 0.4267 4.5049, -0.6181 0.4267 4.5049, 0.7598 0.5556 4.5482, -0.6181 0.5556 4.5482, 0.7598 0.6907 4.5629, -0.6181 0.6907 4.5629, 0.7598 0.6907 4.8778, -0.6181 0.6907 4.8778, -0.6181 0.488 4.8558, 0.7598 0.488 4.8558, -0.6181 0.2948 4.7909, 0.7598 0.2948 4.7909, -0.6181 0.12 4.686, 0.7598 0.12 4.686, -0.6181 -0.0377 4.1714, -0.6181 -0.0377 4.5665, -0.6181 1.0647 4.5629, -0.6181 1.0647 4.8778, 0.7598 1.0647 4.5629, 0.7598 1.0647 4.8778, 0.7598 -0.0377 4.1714, 0.7598 -0.0377 4.5665, -0.4466 -1.526 2.9691, 0.5883 -1.526 2.9691, -0.4519 -1.5197 3.0785, 0.5936 -1.5197 3.078, -0.4667 -1.501 3.1851, 0.6084 -1.501 3.1851, -0.4893 -1.4698 3.2902, 0.6309 -1.47 3.2896, -0.5159 -1.4274 3.3895, -0.516 -1.4273 3.3896, -0.6037 -1.1518 3.7222, -0.5957 -1.2103 3.6741, 0.7455 -1.1518 3.7222, -0.5818 -1.2635 3.6189, 0.7374 -1.2101 3.6742, 0.6576 -1.4274 3.3895, 0.6577 -1.4273 3.3896, -0.5439 -1.3734 3.484, 0.6856 -1.3736 3.4838, -0.5699 -1.3088 3.5719, 0.7116 -1.3088 3.5719, 0.7253 -1.264 3.6223, -0.4466 -1.526 2.5197, 0.5883 -1.526 2.5197, -0.6026 -1.0887 3.7701, 0.7484 -1.0886 3.7701, -0.5159 -0.7498 4.0269, -0.5551 -0.8293 3.9666, 0.6577 -0.7498 4.0269, 0.7426 -1.0001 3.8372, 0.7253 -0.9132 3.903, -0.6009 -1.0001 3.8372, -0.5836 -0.9132 3.903, 0.6969 -0.8293 3.9666, -0.4667 -0.6761 4.0827, 0.6084 -0.6761 4.0827, -0.4083 -0.6095 4.1332, 0.55 -0.6095 4.1332, 0.4833 -0.551 4.1775, -0.3416 -0.551 4.1775, 0.4096 -0.5018 4.2148, -0.2679 -0.5018 4.2148, -0.1884 -0.4626 4.2445, 0.3302 -0.4626 4.2445, 0.2462 -0.4341 4.2661, -0.1045 -0.4341 4.2661, 0.1593 -0.4168 4.2792, -0.0176 -0.4168 4.2792, 0.0709 -0.411 4.2836, -1.2087 0.3102 4.435, -2.5866 0.3102 4.435, -1.2087 0.4267 4.5049, -2.5866 0.4267 4.5049, -1.2087 0.5556 4.5482, -2.5866 0.5556 4.5482, -1.2087 0.6907 4.5629, -2.5866 0.6907 4.5629, -1.2087 0.6907 4.8778, -2.5866 0.6907 4.8778, -2.5866 0.488 4.8558, -1.2087 0.488 4.8558, -2.5866 0.2948 4.7909, -1.2087 0.2948 4.7909, -2.5866 0.12 4.686, -1.2087 0.12 4.686, -2.5866 -0.0377 4.1714, -2.5866 -0.0377 4.5665, -2.5866 1.0647 4.5629, -2.5866 1.0647 4.8778, -1.2087 1.0647 4.5629, -1.2087 1.0647 4.8778, -1.2087 -0.0377 4.1714, -1.2087 -0.0377 4.5665, -2.4151 -1.526 2.9691, -1.3802 -1.526 2.9691, -2.4204 -1.5197 3.0785, -1.3749 -1.5197 3.078, -2.4352 -1.501 3.1851, -1.3601 -1.501 3.1851, -2.4578 -1.4698 3.2902, -1.3376 -1.47 3.2896, -2.4844 -1.4274 3.3895, -2.4845 -1.4273 3.3896, -2.5723 -1.1518 3.7222, -2.5642 -1.2103 3.6741, -1.223 -1.1518 3.7222, -2.5503 -1.2635 3.6189, -1.2311 -1.2101 3.6742, -1.3109 -1.4274 3.3895, -1.3108 -1.4273 3.3896, -2.5124 -1.3734 3.484, -1.2829 -1.3736 3.4838, -2.5384 -1.3088 3.5719, -1.2569 -1.3088 3.5719, -1.2432 -1.264 3.6223, -2.4151 -1.526 2.5197, -1.3802 -1.526 2.5197, -2.5694 -1.0001 3.8372, -2.5711 -1.0887 3.7701, -1.2259 -1.0001 3.8372, -1.2201 -1.0886 3.7701, -2.5236 -0.8293 3.9666, -2.5521 -0.9132 3.903, -1.2717 -0.8293 3.9666, -1.2432 -0.9132 3.903, -2.4352 -0.6761 4.0827, -2.4844 -0.7498 4.0269, -1.3601 -0.6761 4.0827, -1.3109 -0.7498 4.0269, -2.3101 -0.551 4.1775, -2.3768 -0.6095 4.1332, -1.4852 -0.551 4.1775, -1.4185 -0.6095 4.1332, -2.2364 -0.5018 4.2148, -1.5589 -0.5018 4.2148, -2.1569 -0.4626 4.2445, -1.6383 -0.4626 4.2445, -1.7223 -0.4341 4.2661, -2.073 -0.4341 4.2661, -1.8092 -0.4168 4.2792, -1.9861 -0.4168 4.2792, -1.8976 -0.411 4.2836, -0.1654 -1.4626 0.0, -0.1654 -1.4626 -0.7874, -0.1654 -1.6201 0.0, -0.1654 -1.7776 -0.7874, -0.1654 -1.7776 0.0, 0.0969 -1.4626 -0.9843, -0.1126 -1.4626 -0.9843, 0.1496 -1.4626 -0.7874, 0.1496 -1.4626 0.0, 0.1496 -1.7776 0.0, 0.1496 -1.7776 -0.7874, 0.1496 -1.6201 0.0, 0.0969 -1.7776 -0.9843, -0.1126 -1.7776 -0.9843, -0.1654 1.4508 -0.7874, -0.1654 1.4508 0.0, -0.1654 1.7657 -0.7874, -0.1654 1.7657 0.0, 0.1496 1.4508 0.0, 0.1496 1.4508 -0.7874, 0.0969 1.4508 -0.9843, -0.1126 1.4508 -0.9843, 0.1496 1.7657 -0.7874, 0.1496 1.7657 0.0, 0.0969 1.7657 -0.9843, -0.1126 1.7657 -0.9843
            ]
        }
        coordIndex [
            0,1,2,-1,2,1,3,-1,2,3,4,-1,4,3,5,-1,4,5,6,-1,6,5,7,-1,8,9,10,-1,8,10,11,-1,11,10,12,-1,11,12,13,-1,13,12,14,-1,13,14,15,-1,16,17,1,-1,1,17,14,-1,1,14,3,-1,3,14,12,-1,3,12,5,-1,5,12,10,-1,5,10,7,-1,7,10,9,-1,7,9,18,-1,18,9,19,-1,20,21,6,-1,6,21,8,-1,6,8,4,-1,4,8,11,-1,4,11,2,-1,2,11,13,-1,2,13,0,-1,0,13,15,-1,0,15,22,-1,22,15,23,-1,19,9,21,-1,21,9,8,-1,6,7,20,-1,20,7,18,-1,23,15,17,-1,17,15,14,-1,1,0,16,-1,16,0,22,-1,24,25,26,-1,26,25,27,-1,26,27,28,-1,28,27,29,-1,28,29,30,-1,30,29,31,-1,30,31,32,-1,32,31,33,-1,34,35,36,-1,36,35,37,-1,36,37,38,-1,31,39,33,-1,33,39,40,-1,33,40,41,-1,41,40,42,-1,41,42,43,-1,43,42,44,-1,43,44,37,-1,37,44,45,-1,37,45,38,-1,46,47,24,-1,24,47,25,-1,34,36,48,-1,48,36,49,-1,50,51,52,-1,49,53,48,-1,48,53,54,-1,48,54,55,-1,55,54,56,-1,56,54,51,-1,51,54,57,-1,51,57,52,-1,50,52,58,-1,58,52,59,-1,58,59,60,-1,59,61,60,-1,60,61,62,-1,60,62,63,-1,63,62,64,-1,63,64,65,-1,65,64,66,-1,64,67,66,-1,66,67,68,-1,66,68,69,-1,69,68,70,-1,69,70,71,-1,71,70,72,-1,73,74,75,-1,75,74,76,-1,75,76,77,-1,77,76,78,-1,77,78,79,-1,79,78,80,-1,81,82,83,-1,81,83,84,-1,84,83,85,-1,84,85,86,-1,86,85,87,-1,86,87,88,-1,89,90,74,-1,74,90,87,-1,74,87,76,-1,76,87,85,-1,76,85,78,-1,78,85,83,-1,78,83,80,-1,80,83,82,-1,80,82,91,-1,91,82,92,-1,93,94,79,-1,79,94,81,-1,79,81,77,-1,77,81,84,-1,77,84,75,-1,75,84,86,-1,75,86,73,-1,73,86,88,-1,73,88,95,-1,95,88,96,-1,92,82,94,-1,94,82,81,-1,79,80,93,-1,93,80,91,-1,96,88,90,-1,90,88,87,-1,74,73,89,-1,89,73,95,-1,97,98,99,-1,99,98,100,-1,99,100,101,-1,101,100,102,-1,101,102,103,-1,103,102,104,-1,103,104,105,-1,105,104,106,-1,107,108,109,-1,109,108,110,-1,109,110,111,-1,104,112,106,-1,106,112,113,-1,106,113,114,-1,114,113,115,-1,114,115,116,-1,116,115,117,-1,116,117,110,-1,110,117,118,-1,110,118,111,-1,119,120,97,-1,97,120,98,-1,121,122,123,-1,107,109,122,-1,122,109,124,-1,122,124,123,-1,125,126,127,-1,121,123,126,-1,126,123,128,-1,126,128,127,-1,129,130,131,-1,125,127,130,-1,130,127,132,-1,130,132,131,-1,133,134,135,-1,129,131,134,-1,134,131,136,-1,134,136,135,-1,133,135,137,-1,137,135,138,-1,137,138,139,-1,138,140,139,-1,139,140,141,-1,139,141,142,-1,142,141,143,-1,142,143,144,-1,144,143,145,-1,146,147,148,-1,148,147,149,-1,148,149,150,-1,151,152,153,-1,153,152,147,-1,153,147,154,-1,154,147,146,-1,155,156,157,-1,157,156,153,-1,157,153,154,-1,155,150,156,-1,156,150,149,-1,156,149,158,-1,158,149,159,-1,147,152,149,-1,149,152,159,-1,152,151,159,-1,159,151,158,-1,156,158,153,-1,153,158,151,-1,160,161,162,-1,162,161,163,-1,164,161,165,-1,165,161,160,-1,165,160,166,-1,166,160,167,-1,168,169,165,-1,165,169,164,-1,170,171,168,-1,168,171,162,-1,168,162,169,-1,169,162,163,-1,162,171,160,-1,160,171,167,-1,171,170,167,-1,167,170,166,-1,165,166,168,-1,168,166,170,-1,
        ]
    }
}
Shape{
    appearance Appearance {
        material  Material 	{
            diffuseColor 0.0 0.0 0.0
            specularColor 0.0 0.0 0.0
            ambientIntensity 0.0
            transparency 0.0
            shininess 0.5
        }
    }
    geometry IndexedFaceSet {
        ccw TRUE
        solid FALSE
        coord DEF co Coordinate {
            point [
                3.5787 -1.0872 0.5965, 3.5787 -1.0872 0.5752, 3.5748 -1.0872 0.5965, 3.5748 -1.0872 0.5752, 3.5787 -1.1616 0.5965, 3.5748 -1.1616 0.5965, 3.5787 -1.1616 0.762, 3.5748 -1.1616 0.762, 3.5787 -1.1857 0.762, 3.5748 -1.1857 0.762, 3.5787 -1.1857 0.5752, 3.5748 -1.1857 0.5752, 3.5787 -0.9914 0.572, 3.5748 -0.9914 0.572, 3.5748 -0.9629 0.5747, 3.5787 -0.9629 0.5747, 3.5748 -0.9429 0.5813, 3.5787 -0.9429 0.5813, 3.5748 -0.9397 0.5829, 3.5787 -0.9397 0.5829, 3.5787 -0.9397 0.606, 3.5748 -0.9397 0.606, 3.5748 -0.9581 0.5978, 3.5787 -0.9581 0.5978, 3.5748 -0.9792 0.5938, 3.5787 -0.9792 0.5938, 3.5748 -0.9879 0.5935, 3.5787 -0.9879 0.5935, 3.5748 -1.0066 0.5957, 3.5787 -1.0066 0.5957, 3.5748 -1.02 0.6009, 3.5787 -1.02 0.6009, 3.5748 -1.0322 0.6095, 3.5787 -1.0322 0.6095, 3.5748 -1.0359 0.6132, 3.5787 -1.0359 0.6132, 3.5748 -1.0443 0.6245, 3.5787 -1.0443 0.6245, 3.5748 -1.0506 0.6393, 3.5787 -1.0506 0.6393, 3.5748 -1.0539 0.6575, 3.5787 -1.0539 0.6575, 3.5748 -1.0543 0.6665, 3.5787 -1.0543 0.6665, 3.5748 -1.0512 0.6922, 3.5787 -1.0512 0.6922, 3.5748 -1.0449 0.7083, 3.5787 -1.0449 0.7083, 3.5748 -1.0359 0.7213, 3.5787 -1.0359 0.7213, 3.5748 -1.0346 0.7226, 3.5787 -1.0346 0.7226, 3.5748 -1.0235 0.7321, 3.5787 -1.0235 0.7321, 3.5748 -1.009 0.7394, 3.5787 -1.009 0.7394, 3.5748 -0.993 0.7429, 3.5787 -0.993 0.7429, 3.5748 -0.9837 0.7434, 3.5787 -0.9837 0.7434, 3.5748 -0.9607 0.7406, 3.5787 -0.9607 0.7406, 3.5748 -0.9418 0.7334, 3.5787 -0.9418 0.7334, 3.5748 -0.9397 0.7323, 3.5787 -0.9397 0.7323, 3.5787 -0.9397 0.7575, 3.5748 -0.9397 0.7575, 3.5748 -0.984 0.7651, 3.5787 -0.984 0.7651, 3.5748 -0.9639 0.7636, 3.5787 -0.9595 0.7632, 3.5748 -0.9595 0.7632, 3.5748 -0.9969 0.7636, 3.5787 -1.011 0.7619, 3.5748 -1.011 0.7619, 3.5748 -1.0305 0.7543, 3.5787 -1.0305 0.7543, 3.5748 -1.048 0.742, 3.5787 -1.048 0.742, 3.5748 -1.0526 0.7376, 3.5787 -1.0526 0.7376, 3.5748 -1.0661 0.7199, 3.5748 -1.0712 0.7081, 3.5787 -1.075 0.6992, 3.5787 -1.0661 0.7199, 3.5748 -1.075 0.6992, 3.5748 -1.0792 0.6748, 3.5787 -1.0792 0.6748, 3.5748 -1.0796 0.665, 3.5787 -1.0796 0.665, 3.5748 -1.0759 0.6346, 3.5748 -1.0712 0.6227, 3.5787 -1.0683 0.6151, 3.5787 -1.0759 0.6346, 3.5748 -1.0683 0.6151, 3.5748 -1.0571 0.5992, 3.5787 -1.0571 0.5992, 3.5748 -1.0556 0.5975, 3.5787 -1.0556 0.5975, 3.5748 -1.0406 0.585, 3.5787 -1.0406 0.585, 3.5748 -1.023 0.5767, 3.5787 -1.023 0.5767, 3.5748 -1.0027 0.5725, 3.5787 -1.0027 0.5725, 3.5787 -0.8018 0.5965, 3.5787 -0.8018 0.5752, 3.5748 -0.8018 0.5965, 3.5748 -0.8018 0.5752, 3.5748 -0.8782 0.5965, 3.5787 -0.8782 0.5965, 3.5748 -0.8277 0.5965, 3.5787 -0.8782 0.6593, 3.5748 -0.8782 0.6593, 3.5748 -0.8114 0.6593, 3.5787 -0.8114 0.6593, 3.5748 -0.8277 0.6593, 3.5787 -0.8114 0.6807, 3.5748 -0.8114 0.6807, 3.5748 -0.8782 0.6807, 3.5787 -0.8782 0.6807, 3.5748 -0.8277 0.6807, 3.5787 -0.8782 0.7405, 3.5748 -0.8782 0.7405, 3.5748 -0.8061 0.7405, 3.5787 -0.8061 0.7405, 3.5748 -0.8277 0.7405, 3.5787 -0.8061 0.762, 3.5748 -0.8061 0.762, 3.5748 -0.9023 0.762, 3.5787 -0.9023 0.762, 3.5748 -0.8277 0.762, 3.5787 -0.9023 0.5752, 3.5748 -0.9023 0.5752, 3.5748 -0.8277 0.5752, 3.5787 -0.6426 0.6013, 3.5787 -0.6619 0.6139, 3.5787 -0.6621 0.5873, 3.5787 -0.6739 0.6056, 3.5787 -0.6834 0.579, 3.5787 -0.6894 0.5996, 3.5787 -0.7151 0.5752, 3.5787 -0.7153 0.5965, 3.5787 -0.7665 0.5752, 3.5787 -0.7424 0.5965, 3.5787 -0.7665 0.762, 3.5787 -0.7424 0.7405, 3.5787 -0.7132 0.762, 3.5787 -0.7142 0.7405, 3.5787 -0.7117 0.7405, 3.5787 -0.6847 0.7588, 3.5787 -0.688 0.7373, 3.5787 -0.6621 0.7506, 3.5787 -0.6721 0.7311, 3.5787 -0.6426 0.7373, 3.5787 -0.6603 0.7229, 3.5787 -0.636 0.7308, 3.5787 -0.6551 0.7178, 3.5787 -0.6244 0.7145, 3.5787 -0.6478 0.7073, 3.5787 -0.6175 0.6967, 3.5787 -0.6425 0.6937, 3.5787 -0.6144 0.671, 3.5787 -0.6398 0.6703, 3.5787 -0.615 0.6591, 3.5787 -0.6406 0.657, 3.5787 -0.6195 0.6372, 3.5787 -0.6444 0.6402, 3.5787 -0.6287 0.6179, 3.5787 -0.651 0.6265, 3.5787 -0.6597 0.6159, 3.5748 -0.7151 0.5752, 3.5748 -0.7665 0.5752, 3.5748 -0.6426 0.6013, 3.5748 -0.6834 0.579, 3.5748 -0.6809 0.58, 3.5748 -0.6621 0.5873, 3.5748 -0.6287 0.6179, 3.5748 -0.6195 0.6372, 3.5748 -0.615 0.6591, 3.5748 -0.6144 0.671, 3.5748 -0.6175 0.6967, 3.5748 -0.6244 0.7145, 3.5748 -0.636 0.7308, 3.5748 -0.6426 0.7373, 3.5748 -0.6621 0.7506, 3.5748 -0.6809 0.7575, 3.5748 -0.6847 0.7588, 3.5748 -0.7132 0.762, 3.5748 -0.7665 0.762, 3.5748 -0.7142 0.7405, 3.5748 -0.7424 0.7405, 3.5748 -0.7424 0.5965, 3.5748 -0.7153 0.5965, 3.5748 -0.6597 0.6159, 3.5748 -0.6619 0.6139, 3.5748 -0.6739 0.6056, 3.5748 -0.6894 0.5996, 3.5748 -0.6398 0.6703, 3.5748 -0.6406 0.657, 3.5748 -0.6444 0.6402, 3.5748 -0.651 0.6265, 3.5748 -0.6603 0.7229, 3.5748 -0.6551 0.7178, 3.5748 -0.6478 0.7073, 3.5748 -0.6425 0.6937, 3.5748 -0.7117 0.7405, 3.5748 -0.688 0.7373, 3.5748 -0.6721 0.7311
            ]
        }
        coordIndex [
            0,1,2,-1,2,1,3,-1,4,0,5,-1,5,0,2,-1,6,4,7,-1,7,4,5,-1,8,6,9,-1,9,6,7,-1,10,8,11,-1,11,8,9,-1,1,10,3,-1,3,10,11,-1,6,8,4,-1,4,8,10,-1,4,10,0,-1,0,10,1,-1,12,13,14,-1,12,14,15,-1,15,14,16,-1,15,16,17,-1,17,16,18,-1,17,18,19,-1,20,19,21,-1,21,19,18,-1,20,21,22,-1,20,22,23,-1,23,22,24,-1,23,24,25,-1,25,24,26,-1,25,26,27,-1,27,26,28,-1,27,28,29,-1,29,28,30,-1,29,30,31,-1,31,30,32,-1,31,32,33,-1,33,32,34,-1,33,34,35,-1,35,34,36,-1,35,36,37,-1,37,36,38,-1,37,38,39,-1,39,38,40,-1,39,40,41,-1,41,40,42,-1,41,42,43,-1,43,42,44,-1,43,44,45,-1,45,44,46,-1,45,46,47,-1,47,46,48,-1,47,48,49,-1,49,48,50,-1,49,50,51,-1,51,50,52,-1,51,52,53,-1,53,52,54,-1,53,54,55,-1,55,54,56,-1,55,56,57,-1,57,56,58,-1,57,58,59,-1,59,58,60,-1,59,60,61,-1,61,60,62,-1,61,62,63,-1,63,62,64,-1,63,64,65,-1,66,65,67,-1,67,65,64,-1,68,69,70,-1,70,69,71,-1,70,71,72,-1,72,71,66,-1,72,66,67,-1,69,68,73,-1,69,73,74,-1,73,75,74,-1,74,75,76,-1,74,76,77,-1,77,76,78,-1,77,78,79,-1,79,78,80,-1,79,80,81,-1,81,80,82,-1,83,84,82,-1,82,84,85,-1,82,85,81,-1,83,86,84,-1,84,86,87,-1,84,87,88,-1,88,87,89,-1,88,89,90,-1,90,89,91,-1,92,93,91,-1,91,93,94,-1,91,94,90,-1,92,95,93,-1,93,95,96,-1,93,96,97,-1,97,96,98,-1,97,98,99,-1,99,98,100,-1,99,100,101,-1,101,100,102,-1,101,102,103,-1,103,102,104,-1,103,104,105,-1,105,104,13,-1,105,13,12,-1,53,55,74,-1,45,47,85,-1,85,47,81,-1,74,55,69,-1,55,57,69,-1,69,57,59,-1,69,59,71,-1,71,59,61,-1,71,61,66,-1,66,61,63,-1,66,63,65,-1,19,20,17,-1,17,20,23,-1,17,23,15,-1,15,23,25,-1,15,25,12,-1,12,25,27,-1,12,27,105,-1,105,27,29,-1,105,29,103,-1,103,29,31,-1,103,31,101,-1,101,31,33,-1,101,33,99,-1,99,33,35,-1,99,35,97,-1,97,35,37,-1,97,37,93,-1,90,43,88,-1,88,43,45,-1,88,45,84,-1,84,45,85,-1,47,49,81,-1,81,49,51,-1,81,51,79,-1,79,51,53,-1,79,53,77,-1,77,53,74,-1,93,37,94,-1,94,37,39,-1,94,39,90,-1,90,39,41,-1,90,41,43,-1,106,107,108,-1,108,107,109,-1,110,111,112,-1,112,111,106,-1,112,106,108,-1,113,111,114,-1,114,111,110,-1,115,116,117,-1,117,116,113,-1,117,113,114,-1,118,116,119,-1,119,116,115,-1,120,121,122,-1,122,121,118,-1,122,118,119,-1,123,121,124,-1,124,121,120,-1,125,126,127,-1,127,126,123,-1,127,123,124,-1,128,126,129,-1,129,126,125,-1,130,131,132,-1,132,131,128,-1,132,128,129,-1,133,131,134,-1,134,131,130,-1,109,107,135,-1,135,107,133,-1,135,133,134,-1,133,107,106,-1,106,111,133,-1,133,111,113,-1,133,113,131,-1,126,128,123,-1,123,128,131,-1,123,131,121,-1,121,131,113,-1,121,113,118,-1,118,113,116,-1,136,137,138,-1,138,137,139,-1,138,139,140,-1,140,139,141,-1,140,141,142,-1,142,141,143,-1,142,143,144,-1,144,143,145,-1,144,145,146,-1,146,145,147,-1,146,147,148,-1,147,149,148,-1,148,149,150,-1,148,150,151,-1,151,150,152,-1,151,152,153,-1,153,152,154,-1,153,154,155,-1,155,154,156,-1,155,156,157,-1,157,156,158,-1,157,158,159,-1,159,158,160,-1,159,160,161,-1,161,160,162,-1,161,162,163,-1,163,162,164,-1,163,164,165,-1,165,164,166,-1,165,166,167,-1,167,166,168,-1,167,168,169,-1,169,168,170,-1,169,170,136,-1,136,170,171,-1,136,171,137,-1,142,144,172,-1,172,144,173,-1,174,136,138,-1,142,172,175,-1,142,175,140,-1,140,175,176,-1,140,176,138,-1,138,176,177,-1,138,177,174,-1,136,174,178,-1,136,178,169,-1,169,178,179,-1,169,179,167,-1,167,179,180,-1,167,180,165,-1,165,180,181,-1,165,181,163,-1,163,181,182,-1,163,182,161,-1,161,182,183,-1,161,183,159,-1,159,183,184,-1,159,184,157,-1,157,184,185,-1,157,185,155,-1,155,185,186,-1,187,151,186,-1,186,151,153,-1,186,153,155,-1,187,188,151,-1,151,188,189,-1,151,189,148,-1,146,148,190,-1,190,148,189,-1,144,146,173,-1,173,146,190,-1,149,147,191,-1,191,147,192,-1,147,145,192,-1,192,145,193,-1,145,143,193,-1,193,143,194,-1,171,195,196,-1,171,196,137,-1,137,196,197,-1,137,197,139,-1,139,197,198,-1,139,198,141,-1,141,198,194,-1,141,194,143,-1,164,199,200,-1,164,200,166,-1,166,200,201,-1,166,201,168,-1,168,201,202,-1,168,202,170,-1,170,202,195,-1,170,195,171,-1,156,203,204,-1,156,204,158,-1,158,204,205,-1,158,205,160,-1,160,205,206,-1,160,206,162,-1,162,206,199,-1,162,199,164,-1,149,191,207,-1,149,207,150,-1,150,207,208,-1,150,208,152,-1,152,208,209,-1,152,209,154,-1,154,209,203,-1,154,203,156,-1,
        ]
    }
}
Shape{
    appearance Appearance {
        material  Material 	{
            diffuseColor 0.0 0.5019607843137255 0.0
            specularColor 0.0 0.25098039215686274 0.0
            ambientIntensity 0.2947
            transparency 0.0
            shininess 0.5
        }
    }
    geometry IndexedFaceSet {
        ccw TRUE
        solid FALSE
        coord DEF co Coordinate {
            point [
                3.5748 -0.7424 0.7405, 3.5748 -0.7424 0.5965, 3.5748 -0.7142 0.7405, 3.5748 -0.7153 0.5965, 3.5748 -0.7117 0.7405, 3.5748 -0.6894 0.5996, 3.5748 -0.6739 0.6056, 3.5748 -0.6619 0.6139, 3.5748 -0.6597 0.6159, 3.5748 -0.651 0.6265, 3.5748 -0.6398 0.6703, 3.5748 -0.6603 0.7229, 3.5748 -0.6406 0.657, 3.5748 -0.6721 0.7311, 3.5748 -0.6444 0.6402, 3.5748 -0.688 0.7373, 3.5748 -0.6425 0.6937, 3.5748 -0.6478 0.7073, 3.5748 -0.6551 0.7178
            ]
        }
        coordIndex [
            0,1,2,-1,2,1,3,-1,2,3,4,-1,4,3,5,-1,4,5,6,-1,6,7,4,-1,4,7,8,-1,4,8,9,-1,10,11,12,-1,12,11,13,-1,9,14,4,-1,4,14,12,-1,4,12,15,-1,15,12,13,-1,16,17,10,-1,10,17,18,-1,10,18,11,-1,
        ]
    }
}
Shape{
    appearance Appearance {
        material  Material 	{
            diffuseColor 0.0 0.0 0.0
            specularColor 0.0 0.0 0.0
            ambientIntensity 0.0
            transparency 0.0
            shininess 0.5
        }
    }
    geometry IndexedFaceSet {
        ccw TRUE
        solid FALSE
        coord DEF co Coordinate {
            point [
                3.5787 -0.5518 0.6474, 3.5787 -0.5594 0.6263, 3.5787 -0.4891 0.6474, 3.5787 -0.4816 0.6263, 3.5787 -0.5239 0.725, 3.5787 -0.5329 0.762, 3.5787 -0.604 0.5752, 3.5787 -0.5774 0.5752, 3.5787 -0.5222 0.7306, 3.5787 -0.5208 0.7381, 3.5787 -0.5071 0.762, 3.5787 -0.5202 0.7381, 3.5787 -0.5187 0.7302, 3.5787 -0.5173 0.725, 3.5787 -0.4359 0.5752, 3.5787 -0.4626 0.5752, 3.5748 -0.5071 0.762, 3.5748 -0.4359 0.5752, 3.5748 -0.5329 0.762, 3.5748 -0.604 0.5752, 3.5748 -0.5502 0.7165, 3.5748 -0.5774 0.5752, 3.5748 -0.5594 0.6263, 3.5748 -0.4816 0.6263, 3.5748 -0.5502 0.6263, 3.5748 -0.4626 0.5752, 3.5748 -0.5518 0.6474, 3.5748 -0.4891 0.6474, 3.5748 -0.5173 0.725, 3.5748 -0.5202 0.7381, 3.5748 -0.5187 0.7302, 3.5748 -0.5208 0.7381, 3.5748 -0.5239 0.725, 3.5748 -0.5222 0.7306
            ]
        }
        coordIndex [
            0,1,2,-1,2,1,3,-1,4,5,0,-1,0,5,6,-1,0,6,1,-1,1,6,7,-1,4,8,5,-1,5,8,9,-1,5,9,10,-1,10,9,11,-1,10,11,12,-1,12,13,10,-1,10,13,2,-1,10,2,14,-1,14,2,3,-1,14,3,15,-1,10,14,16,-1,16,14,17,-1,5,10,18,-1,18,10,16,-1,19,6,20,-1,20,6,5,-1,20,5,18,-1,7,6,21,-1,21,6,19,-1,1,7,22,-1,22,7,21,-1,23,3,24,-1,24,3,1,-1,24,1,22,-1,15,3,25,-1,25,3,23,-1,14,15,17,-1,17,15,25,-1,0,2,26,-1,26,2,27,-1,2,13,27,-1,27,13,28,-1,11,29,30,-1,11,30,12,-1,12,30,28,-1,12,28,13,-1,11,9,29,-1,29,9,31,-1,4,32,33,-1,4,33,8,-1,8,33,31,-1,8,31,9,-1,4,0,32,-1,32,0,26,-1,
        ]
    }
}
Shape{
    appearance Appearance {
        material  Material 	{
            diffuseColor 0.0 0.5019607843137255 0.0
            specularColor 0.0 0.25098039215686274 0.0
            ambientIntensity 0.2947
            transparency 0.0
            shininess 0.5
        }
    }
    geometry IndexedFaceSet {
        ccw TRUE
        solid FALSE
        coord DEF co Coordinate {
            point [
                3.5748 -0.5202 0.7381, 3.5748 -0.5208 0.7381, 3.5748 -0.5187 0.7302, 3.5748 -0.5222 0.7306, 3.5748 -0.5173 0.725, 3.5748 -0.5239 0.725, 3.5748 -0.4891 0.6474, 3.5748 -0.5518 0.6474
            ]
        }
        coordIndex [
            0,1,2,-1,2,1,3,-1,2,3,4,-1,4,3,5,-1,4,5,6,-1,6,5,7,-1,
        ]
    }
}
Shape{
    appearance Appearance {
        material  Material 	{
            diffuseColor 0.0 0.0 0.0
            specularColor 0.0 0.0 0.0
            ambientIntensity 0.0
            transparency 0.0
            shininess 0.5
        }
    }
    geometry IndexedFaceSet {
        ccw TRUE
        solid FALSE
        coord DEF co Coordinate {
            point [
                3.5787 -1.0853 0.3001, 3.5787 -1.0853 0.2788, 3.5748 -1.0853 0.3001, 3.5748 -1.0853 0.2788, 3.5787 -1.1616 0.3001, 3.5748 -1.1616 0.3001, 3.5787 -1.1616 0.3629, 3.5748 -1.1616 0.3629, 3.5787 -1.0948 0.3629, 3.5748 -1.0948 0.3629, 3.5787 -1.0948 0.3843, 3.5748 -1.0948 0.3843, 3.5787 -1.1616 0.3843, 3.5748 -1.1616 0.3843, 3.5787 -1.1616 0.4441, 3.5748 -1.1616 0.4441, 3.5787 -1.0895 0.4441, 3.5748 -1.0895 0.4441, 3.5787 -1.0895 0.4656, 3.5748 -1.0895 0.4656, 3.5787 -1.1857 0.4656, 3.5748 -1.1857 0.4656, 3.5787 -1.1857 0.2788, 3.5748 -1.1857 0.2788, 3.5787 -0.979 0.3636, 3.5787 -0.979 0.3457, 3.5787 -0.9572 0.3814, 3.5787 -1.0103 0.3415, 3.5787 -1.0186 0.3581, 3.5787 -1.0258 0.3377, 3.5787 -1.0378 0.3531, 3.5787 -1.0308 0.3351, 3.5787 -0.9797 0.2994, 3.5787 -0.979 0.2994, 3.5787 -0.9806 0.3209, 3.5787 -0.979 0.2788, 3.5787 -0.9556 0.2788, 3.5787 -0.9556 0.3646, 3.5787 -0.9791 0.3314, 3.5787 -0.979 0.3329, 3.5787 -1.0498 0.4029, 3.5787 -1.0498 0.3801, 3.5787 -1.045 0.4057, 3.5787 -1.0337 0.3902, 3.5787 -1.0276 0.4124, 3.5787 -1.0191 0.395, 3.5787 -1.0039 0.4153, 3.5787 -1.0061 0.3963, 3.5787 -0.989 0.4138, 3.5787 -0.9981 0.3954, 3.5787 -0.9794 0.4108, 3.5787 -0.9927 0.3935, 3.5787 -0.9717 0.4062, 3.5787 -0.9886 0.3909, 3.5787 -0.9655 0.4001, 3.5787 -0.985 0.3871, 3.5787 -0.9608 0.3924, 3.5787 -0.9823 0.3823, 3.5787 -0.9799 0.3739, 3.5787 -0.984 0.3126, 3.5787 -0.9891 0.3057, 3.5787 -0.9851 0.2916, 3.5787 -0.992 0.3028, 3.5787 -0.9927 0.2843, 3.5787 -0.9986 0.2984, 3.5787 -0.9982 0.2808, 3.5787 -1.0057 0.2958, 3.5787 -1.0076 0.2772, 3.5787 -1.0145 0.2948, 3.5787 -1.0205 0.2756, 3.5787 -1.0224 0.2957, 3.5787 -1.0345 0.2772, 3.5787 -1.0277 0.2977, 3.5787 -1.0435 0.2806, 3.5787 -1.0323 0.3008, 3.5787 -1.0514 0.2861, 3.5787 -1.0343 0.3028, 3.5787 -1.0329 0.3333, 3.5787 -1.0472 0.3479, 3.5787 -1.0357 0.3298, 3.5787 -1.0541 0.3416, 3.5787 -1.0378 0.3255, 3.5787 -1.0589 0.334, 3.5787 -1.0389 0.3201, 3.5787 -1.0618 0.3254, 3.5787 -1.0391 0.3164, 3.5787 -1.0629 0.3145, 3.5787 -1.0385 0.311, 3.5787 -1.0617 0.3038, 3.5787 -1.037 0.3068, 3.5787 -1.0588 0.2959, 3.5787 -1.054 0.2887, 3.5748 -1.0039 0.4153, 3.5748 -1.0276 0.4124, 3.5748 -1.045 0.4057, 3.5748 -1.0498 0.4029, 3.5748 -1.0498 0.3801, 3.5748 -1.0337 0.3902, 3.5748 -1.0191 0.395, 3.5748 -1.0061 0.3963, 3.5748 -0.9981 0.3954, 3.5748 -0.9927 0.3935, 3.5748 -0.9886 0.3909, 3.5748 -0.985 0.3871, 3.5748 -0.9823 0.3823, 3.5748 -0.9799 0.3739, 3.5748 -0.979 0.3636, 3.5748 -1.0186 0.3581, 3.5748 -1.0378 0.3531, 3.5748 -1.0472 0.3479, 3.5748 -1.0541 0.3416, 3.5748 -1.0589 0.334, 3.5748 -1.0618 0.3254, 3.5748 -1.0629 0.3145, 3.5748 -1.0617 0.3038, 3.5748 -1.0588 0.2959, 3.5748 -1.054 0.2887, 3.5748 -1.0514 0.2861, 3.5748 -1.0205 0.2756, 3.5748 -1.0341 0.2772, 3.5748 -1.0345 0.2772, 3.5748 -1.0435 0.2806, 3.5748 -1.0076 0.2772, 3.5748 -1.0075 0.2772, 3.5748 -0.9982 0.2808, 3.5748 -0.9927 0.2843, 3.5748 -0.9851 0.2916, 3.5748 -0.9797 0.2994, 3.5748 -0.979 0.2994, 3.5748 -0.979 0.2788, 3.5748 -0.9556 0.2788, 3.5748 -0.9556 0.3646, 3.5748 -0.9572 0.3814, 3.5748 -0.9608 0.3924, 3.5748 -0.9655 0.4001, 3.5748 -0.9717 0.4062, 3.5748 -0.9794 0.4108, 3.5748 -0.989 0.4138, 3.5748 -1.0329 0.3333, 3.5748 -1.0308 0.3351, 3.5748 -1.0258 0.3377, 3.5748 -1.0103 0.3415, 3.5748 -1.0391 0.3164, 3.5748 -1.0389 0.3201, 3.5748 -1.0378 0.3255, 3.5748 -1.0357 0.3298, 3.5748 -1.0323 0.3008, 3.5748 -1.0343 0.3028, 3.5748 -1.037 0.3068, 3.5748 -1.0385 0.311, 3.5748 -1.0145 0.2948, 3.5748 -1.0224 0.2957, 3.5748 -1.0277 0.2977, 3.5748 -0.9891 0.3057, 3.5748 -0.992 0.3028, 3.5748 -0.9986 0.2984, 3.5748 -1.0057 0.2958, 3.5748 -0.979 0.3329, 3.5748 -0.9791 0.3314, 3.5748 -0.9806 0.3209, 3.5748 -0.984 0.3126, 3.5748 -0.979 0.3457
            ]
        }
        coordIndex [
            0,1,2,-1,2,1,3,-1,4,0,5,-1,5,0,2,-1,6,4,7,-1,7,4,5,-1,8,6,9,-1,9,6,7,-1,10,8,11,-1,11,8,9,-1,12,10,13,-1,13,10,11,-1,14,12,15,-1,15,12,13,-1,16,14,17,-1,17,14,15,-1,18,16,19,-1,19,16,17,-1,20,18,21,-1,21,18,19,-1,22,20,23,-1,23,20,21,-1,1,22,3,-1,3,22,23,-1,16,18,14,-1,14,18,20,-1,14,20,12,-1,1,0,22,-1,22,0,4,-1,22,4,6,-1,8,10,6,-1,6,10,12,-1,6,12,22,-1,22,12,20,-1,24,25,26,-1,25,24,27,-1,27,24,28,-1,27,28,29,-1,29,28,30,-1,29,30,31,-1,32,33,34,-1,35,36,33,-1,33,36,37,-1,33,37,34,-1,34,37,38,-1,26,25,37,-1,37,25,39,-1,37,39,38,-1,40,41,42,-1,42,41,43,-1,42,43,44,-1,44,43,45,-1,44,45,46,-1,46,45,47,-1,46,47,48,-1,48,47,49,-1,48,49,50,-1,50,49,51,-1,50,51,52,-1,52,51,53,-1,52,53,54,-1,54,53,55,-1,54,55,56,-1,56,55,57,-1,56,57,26,-1,26,57,58,-1,26,58,24,-1,34,59,32,-1,32,59,60,-1,32,60,61,-1,61,60,62,-1,61,62,63,-1,63,62,64,-1,63,64,65,-1,65,64,66,-1,65,66,67,-1,67,66,68,-1,67,68,69,-1,69,68,70,-1,69,70,71,-1,71,70,72,-1,71,72,73,-1,73,72,74,-1,73,74,75,-1,75,74,76,-1,31,30,77,-1,77,30,78,-1,77,78,79,-1,79,78,80,-1,79,80,81,-1,81,80,82,-1,81,82,83,-1,83,82,84,-1,83,84,85,-1,85,84,86,-1,85,86,87,-1,87,86,88,-1,87,88,89,-1,89,88,90,-1,89,90,76,-1,76,90,91,-1,76,91,75,-1,46,92,93,-1,46,93,44,-1,44,93,94,-1,44,94,42,-1,42,94,95,-1,42,95,40,-1,41,40,96,-1,96,40,95,-1,41,96,97,-1,41,97,43,-1,43,97,98,-1,43,98,45,-1,45,98,99,-1,45,99,47,-1,47,99,100,-1,47,100,49,-1,49,100,101,-1,49,101,51,-1,51,101,102,-1,51,102,53,-1,53,102,103,-1,53,103,55,-1,55,103,104,-1,55,104,57,-1,57,104,105,-1,57,105,58,-1,58,105,106,-1,58,106,24,-1,28,24,107,-1,107,24,106,-1,28,107,108,-1,28,108,30,-1,30,108,109,-1,30,109,78,-1,78,109,110,-1,78,110,80,-1,80,110,111,-1,80,111,82,-1,82,111,112,-1,82,112,84,-1,84,112,113,-1,84,113,86,-1,86,113,114,-1,86,114,88,-1,88,114,115,-1,88,115,90,-1,90,115,116,-1,90,116,91,-1,91,116,117,-1,91,117,75,-1,118,69,119,-1,119,69,71,-1,119,71,120,-1,120,71,73,-1,120,73,121,-1,121,73,75,-1,121,75,117,-1,69,118,122,-1,69,122,67,-1,67,122,123,-1,67,123,65,-1,123,124,65,-1,65,124,125,-1,65,125,63,-1,63,125,126,-1,63,126,61,-1,61,126,127,-1,61,127,32,-1,33,32,128,-1,128,32,127,-1,35,33,129,-1,129,33,128,-1,36,35,130,-1,130,35,129,-1,37,36,131,-1,131,36,130,-1,37,131,132,-1,37,132,26,-1,26,132,133,-1,26,133,56,-1,56,133,134,-1,56,134,54,-1,54,134,135,-1,54,135,52,-1,52,135,136,-1,52,136,50,-1,50,136,137,-1,50,137,48,-1,48,137,92,-1,48,92,46,-1,77,138,139,-1,77,139,31,-1,31,139,140,-1,31,140,29,-1,29,140,141,-1,29,141,27,-1,85,142,143,-1,85,143,83,-1,83,143,144,-1,83,144,81,-1,81,144,145,-1,81,145,79,-1,79,145,138,-1,79,138,77,-1,74,146,147,-1,74,147,76,-1,76,147,148,-1,76,148,89,-1,89,148,149,-1,89,149,87,-1,87,149,142,-1,87,142,85,-1,68,150,151,-1,68,151,70,-1,70,151,152,-1,70,152,72,-1,72,152,146,-1,72,146,74,-1,60,153,154,-1,60,154,62,-1,62,154,155,-1,62,155,64,-1,64,155,156,-1,64,156,66,-1,66,156,150,-1,66,150,68,-1,39,157,158,-1,39,158,38,-1,38,158,159,-1,38,159,34,-1,34,159,160,-1,34,160,59,-1,59,160,153,-1,59,153,60,-1,39,25,157,-1,157,25,161,-1,25,27,161,-1,161,27,141,-1,
        ]
    }
}
Shape{
    appearance Appearance {
        material  Material 	{
            diffuseColor 0.0 0.5019607843137255 0.0
            specularColor 0.0 0.25098039215686274 0.0
            ambientIntensity 0.2947
            transparency 0.0
            shininess 0.5
        }
    }
    geometry IndexedFaceSet {
        ccw TRUE
        solid FALSE
        coord DEF co Coordinate {
            point [
                3.5748 -0.9791 0.3314, 3.5748 -0.979 0.3329, 3.5748 -1.0329 0.3333, 3.5748 -0.979 0.3457, 3.5748 -1.0103 0.3415, 3.5748 -1.0258 0.3377, 3.5748 -1.0308 0.3351, 3.5748 -0.9806 0.3209, 3.5748 -1.0357 0.3298, 3.5748 -0.984 0.3126, 3.5748 -1.0343 0.3028, 3.5748 -1.0323 0.3008, 3.5748 -0.992 0.3028, 3.5748 -1.037 0.3068, 3.5748 -0.9986 0.2984, 3.5748 -1.0057 0.2958, 3.5748 -1.0145 0.2948, 3.5748 -1.0378 0.3255, 3.5748 -1.0389 0.3201, 3.5748 -0.9891 0.3057, 3.5748 -1.0391 0.3164, 3.5748 -1.0385 0.311, 3.5748 -1.0277 0.2977, 3.5748 -1.0224 0.2957
            ]
        }
        coordIndex [
            0,1,2,-1,1,3,4,-1,4,5,1,-1,1,5,6,-1,1,6,2,-1,0,2,7,-1,7,2,8,-1,7,8,9,-1,10,11,12,-1,10,12,13,-1,14,12,15,-1,15,12,16,-1,8,17,9,-1,9,17,18,-1,9,18,19,-1,19,18,20,-1,19,20,12,-1,12,20,21,-1,12,21,13,-1,11,22,12,-1,12,22,23,-1,12,23,16,-1,
        ]
    }
}
Shape{
    appearance Appearance {
        material  Material 	{
            diffuseColor 0.0 0.0 0.0
            specularColor 0.0 0.0 0.0
            ambientIntensity 0.0
            transparency 0.0
            shininess 0.5
        }
    }
    geometry IndexedFaceSet {
        ccw TRUE
        solid FALSE
        coord DEF co Coordinate {
            point [
                3.5748 -0.9239 0.3076, 3.5787 -0.9239 0.3076, 3.5787 -0.9142 0.3017, 3.5787 -0.8854 0.2947, 3.5748 -0.8854 0.2947, 3.5748 -0.8995 0.2963, 3.5787 -0.8995 0.2963, 3.5748 -0.9131 0.3013, 3.5748 -0.9142 0.3017, 3.5787 -0.9239 0.2835, 3.5748 -0.9239 0.2835, 3.5787 -0.9101 0.2783, 3.5748 -0.9131 0.2794, 3.5748 -0.8877 0.2756, 3.5787 -0.8877 0.2756, 3.5748 -0.9009 0.2772, 3.5748 -0.9101 0.2783, 3.5787 -0.8667 0.2781, 3.5748 -0.8744 0.2772, 3.5748 -0.8667 0.2781, 3.5748 -0.8544 0.2828, 3.5787 -0.8544 0.2828, 3.5748 -0.8489 0.2862, 3.5787 -0.8489 0.2862, 3.5748 -0.8422 0.2921, 3.5787 -0.8422 0.2921, 3.5748 -0.8378 0.2983, 3.5787 -0.8378 0.2983, 3.5748 -0.8349 0.3057, 3.5787 -0.8349 0.3057, 3.5748 -0.8338 0.3151, 3.5787 -0.8338 0.3151, 3.5748 -0.8348 0.3238, 3.5787 -0.8348 0.3238, 3.5748 -0.8373 0.3307, 3.5787 -0.8373 0.3307, 3.5748 -0.8416 0.3371, 3.5787 -0.8416 0.3371, 3.5748 -0.8472 0.3421, 3.5787 -0.8472 0.3421, 3.5748 -0.8628 0.3508, 3.5787 -0.8628 0.3508, 3.5748 -0.8718 0.3544, 3.5787 -0.8718 0.3544, 3.5748 -0.8863 0.3607, 3.5787 -0.8863 0.3607, 3.5748 -0.8946 0.3659, 3.5787 -0.8946 0.3659, 3.5748 -0.8968 0.3684, 3.5787 -0.8968 0.3684, 3.5748 -0.8985 0.3716, 3.5787 -0.8985 0.3716, 3.5748 -0.8995 0.3752, 3.5787 -0.8995 0.3752, 3.5748 -0.8997 0.3783, 3.5787 -0.8997 0.3783, 3.5748 -0.8992 0.382, 3.5787 -0.8992 0.382, 3.5748 -0.8981 0.3852, 3.5787 -0.8981 0.3852, 3.5748 -0.8961 0.3882, 3.5787 -0.8961 0.3882, 3.5748 -0.8926 0.3913, 3.5787 -0.8926 0.3913, 3.5748 -0.8873 0.3941, 3.5787 -0.8873 0.3941, 3.5748 -0.881 0.3957, 3.5787 -0.881 0.3957, 3.5748 -0.8741 0.3963, 3.5787 -0.8741 0.3963, 3.5748 -0.8595 0.3947, 3.5787 -0.8595 0.3947, 3.5748 -0.8462 0.39, 3.5787 -0.8462 0.39, 3.5748 -0.8402 0.3866, 3.5787 -0.8402 0.3866, 3.5787 -0.8402 0.4093, 3.5748 -0.8402 0.4093, 3.5748 -0.8554 0.4138, 3.5787 -0.8554 0.4138, 3.5748 -0.8718 0.4153, 3.5787 -0.8718 0.4153, 3.5748 -0.8878 0.4137, 3.5787 -0.8878 0.4137, 3.5748 -0.9009 0.4093, 3.5787 -0.9009 0.4093, 3.5748 -0.9088 0.4047, 3.5787 -0.9088 0.4047, 3.5787 -0.9157 0.3984, 3.5748 -0.9131 0.4008, 3.5748 -0.9157 0.3984, 3.5748 -0.9201 0.3921, 3.5787 -0.9201 0.3921, 3.5748 -0.9229 0.3846, 3.5787 -0.9229 0.3846, 3.5748 -0.9238 0.3762, 3.5787 -0.9238 0.3762, 3.5748 -0.9228 0.3671, 3.5787 -0.9228 0.3671, 3.5748 -0.9202 0.36, 3.5787 -0.9202 0.36, 3.5748 -0.9171 0.3551, 3.5787 -0.9171 0.3551, 3.5748 -0.8883 0.3374, 3.5787 -0.8883 0.3374, 3.5787 -0.9023 0.3438, 3.5748 -0.9133 0.3511, 3.5787 -0.9133 0.3511, 3.5748 -0.9131 0.351, 3.5748 -0.9023 0.3438, 3.5748 -0.873 0.331, 3.5787 -0.873 0.331, 3.5748 -0.8638 0.3255, 3.5787 -0.8638 0.3255, 3.5748 -0.8609 0.3224, 3.5787 -0.8609 0.3224, 3.5748 -0.8591 0.3193, 3.5787 -0.8591 0.3193, 3.5748 -0.8581 0.3157, 3.5787 -0.8581 0.3157, 3.5748 -0.8578 0.3128, 3.5787 -0.8578 0.3128, 3.5748 -0.8583 0.3083, 3.5787 -0.8583 0.3083, 3.5748 -0.8595 0.305, 3.5787 -0.8595 0.305, 3.5748 -0.8615 0.302, 3.5787 -0.8615 0.302, 3.5748 -0.8642 0.2996, 3.5787 -0.8642 0.2996, 3.5748 -0.8664 0.2983, 3.5787 -0.8664 0.2983, 3.5748 -0.8724 0.2961, 3.5787 -0.8724 0.2961, 3.5748 -0.8844 0.2947, 3.5787 -0.8844 0.2947, 3.5787 -0.7178 0.4122, 3.5787 -0.6935 0.4122, 3.5748 -0.7178 0.4122, 3.5748 -0.6935 0.4122, 3.5787 -0.7542 0.3117, 3.5748 -0.7542 0.3117, 3.5748 -0.756 0.3055, 3.5787 -0.756 0.3055, 3.5748 -0.7571 0.3009, 3.5787 -0.7571 0.3009, 3.5787 -0.7577 0.3009, 3.5748 -0.7577 0.3009, 3.5787 -0.7606 0.3119, 3.5748 -0.7606 0.3119, 3.5748 -0.7955 0.4122, 3.5787 -0.7955 0.4122, 3.5748 -0.7842 0.3797, 3.5787 -0.8216 0.4122, 3.5748 -0.8216 0.4122, 3.5748 -0.7693 0.2791, 3.5787 -0.7693 0.2791, 3.5748 -0.7842 0.3169, 3.5748 -0.7796 0.2548, 3.5787 -0.7796 0.2548, 3.5748 -0.7701 0.2772, 3.5748 -0.7842 0.2464, 3.5787 -0.7842 0.2463, 3.5748 -0.7842 0.2463, 3.5748 -0.7886 0.2414, 3.5787 -0.7886 0.2414, 3.5748 -0.7925 0.2387, 3.5787 -0.7925 0.2387, 3.5748 -0.7975 0.2367, 3.5787 -0.7975 0.2367, 3.5748 -0.8035 0.236, 3.5787 -0.8035 0.236, 3.5748 -0.812 0.2371, 3.5787 -0.812 0.2371, 3.5748 -0.8168 0.2387, 3.5787 -0.8168 0.2387, 3.5787 -0.8168 0.2178, 3.5748 -0.8168 0.2178, 3.5748 -0.8069 0.2161, 3.5787 -0.8069 0.2161, 3.5748 -0.8017 0.2159, 3.5787 -0.8017 0.2159, 3.5748 -0.7923 0.217, 3.5787 -0.7923 0.217, 3.5748 -0.7842 0.2201, 3.5787 -0.783 0.2205, 3.5748 -0.783 0.2205, 3.5748 -0.7749 0.2262, 3.5787 -0.7749 0.2262, 3.5748 -0.7733 0.2277, 3.5787 -0.7733 0.2277, 3.5748 -0.7647 0.238, 3.5787 -0.7647 0.238, 3.5748 -0.7541 0.2586, 3.5787 -0.7541 0.2586, 3.5748 -0.7468 0.2772, 3.5787 -0.5678 0.3001, 3.5787 -0.5678 0.2788, 3.5748 -0.5678 0.3001, 3.5748 -0.5678 0.2788, 3.5748 -0.6442 0.3001, 3.5787 -0.6442 0.3001, 3.5748 -0.6092 0.3001, 3.5787 -0.6442 0.3629, 3.5748 -0.6442 0.3629, 3.5748 -0.5774 0.3629, 3.5787 -0.5774 0.3629, 3.5748 -0.6092 0.3629, 3.5787 -0.5774 0.3843, 3.5748 -0.5774 0.3843, 3.5748 -0.6442 0.3843, 3.5787 -0.6442 0.3843, 3.5748 -0.6092 0.3843, 3.5787 -0.6442 0.4441, 3.5748 -0.6442 0.4441, 3.5748 -0.5721 0.4441, 3.5787 -0.5721 0.4441, 3.5748 -0.6092 0.4441, 3.5787 -0.5721 0.4656, 3.5748 -0.5721 0.4656, 3.5748 -0.6683 0.4656, 3.5787 -0.6683 0.4656, 3.5748 -0.6092 0.4656, 3.5787 -0.6683 0.2788, 3.5748 -0.6683 0.2788, 3.5748 -0.6092 0.2788, 3.5787 -0.4086 0.3049, 3.5787 -0.4279 0.3175, 3.5787 -0.4281 0.291, 3.5787 -0.44 0.3092, 3.5787 -0.4494 0.2826, 3.5787 -0.4554 0.3032, 3.5787 -0.4812 0.2788, 3.5787 -0.4813 0.3001, 3.5787 -0.5326 0.2788, 3.5787 -0.5084 0.3001, 3.5787 -0.5326 0.4656, 3.5787 -0.5084 0.4441, 3.5787 -0.4793 0.4656, 3.5787 -0.4802 0.4441, 3.5787 -0.4777 0.4441, 3.5787 -0.4507 0.4625, 3.5787 -0.454 0.4409, 3.5787 -0.4282 0.4542, 3.5787 -0.4382 0.4347, 3.5787 -0.4086 0.4409, 3.5787 -0.4263 0.4265, 3.5787 -0.402 0.4344, 3.5787 -0.4211 0.4214, 3.5787 -0.3905 0.4181, 3.5787 -0.4138 0.411, 3.5787 -0.3836 0.4003, 3.5787 -0.4086 0.3973, 3.5787 -0.3804 0.3746, 3.5787 -0.4058 0.3739, 3.5787 -0.381 0.3627, 3.5787 -0.4066 0.3606, 3.5787 -0.3855 0.3408, 3.5787 -0.4104 0.3438, 3.5787 -0.3947 0.3215, 3.5787 -0.4171 0.3301, 3.5787 -0.4258 0.3196, 3.5748 -0.4812 0.2788, 3.5748 -0.5326 0.2788, 3.5748 -0.4494 0.2826, 3.5748 -0.4281 0.291, 3.5748 -0.4086 0.3049, 3.5748 -0.3947 0.3215, 3.5748 -0.3855 0.3408, 3.5748 -0.381 0.3627, 3.5748 -0.3804 0.3746, 3.5748 -0.3836 0.4003, 3.5748 -0.3905 0.4181, 3.5748 -0.402 0.4344, 3.5748 -0.4086 0.4409, 3.5748 -0.4282 0.4542, 3.5748 -0.4507 0.4625, 3.5748 -0.4793 0.4656, 3.5748 -0.5326 0.4656, 3.5748 -0.4802 0.4441, 3.5748 -0.5084 0.4441, 3.5748 -0.5084 0.3001, 3.5748 -0.4813 0.3001, 3.5748 -0.4258 0.3196, 3.5748 -0.4279 0.3175, 3.5748 -0.44 0.3092, 3.5748 -0.4554 0.3032, 3.5748 -0.4058 0.3739, 3.5748 -0.4066 0.3606, 3.5748 -0.4104 0.3438, 3.5748 -0.4171 0.3301, 3.5748 -0.4263 0.4265, 3.5748 -0.4211 0.4214, 3.5748 -0.4138 0.411, 3.5748 -0.4086 0.3973, 3.5748 -0.4777 0.4441, 3.5748 -0.454 0.4409, 3.5748 -0.4382 0.4347
            ]
        }
        coordIndex [
            0,1,2,-1,3,4,5,-1,3,5,6,-1,6,5,7,-1,6,7,2,-1,2,7,8,-1,2,8,0,-1,9,1,10,-1,10,1,0,-1,9,10,11,-1,11,10,12,-1,13,14,15,-1,15,14,11,-1,15,11,16,-1,16,11,12,-1,14,13,17,-1,17,13,18,-1,18,19,17,-1,17,19,20,-1,17,20,21,-1,21,20,22,-1,21,22,23,-1,23,22,24,-1,23,24,25,-1,25,24,26,-1,25,26,27,-1,27,26,28,-1,27,28,29,-1,29,28,30,-1,29,30,31,-1,31,30,32,-1,31,32,33,-1,33,32,34,-1,33,34,35,-1,35,34,36,-1,35,36,37,-1,37,36,38,-1,37,38,39,-1,39,38,40,-1,39,40,41,-1,41,40,42,-1,41,42,43,-1,43,42,44,-1,43,44,45,-1,45,44,46,-1,45,46,47,-1,47,46,48,-1,47,48,49,-1,49,48,50,-1,49,50,51,-1,51,50,52,-1,51,52,53,-1,53,52,54,-1,53,54,55,-1,55,54,56,-1,55,56,57,-1,57,56,58,-1,57,58,59,-1,59,58,60,-1,59,60,61,-1,61,60,62,-1,61,62,63,-1,63,62,64,-1,63,64,65,-1,65,64,66,-1,65,66,67,-1,67,66,68,-1,67,68,69,-1,69,68,70,-1,69,70,71,-1,71,70,72,-1,71,72,73,-1,73,72,74,-1,73,74,75,-1,76,75,77,-1,77,75,74,-1,76,77,78,-1,76,78,79,-1,79,78,80,-1,79,80,81,-1,81,80,82,-1,81,82,83,-1,83,82,84,-1,83,84,85,-1,85,84,86,-1,85,86,87,-1,87,86,88,-1,88,86,89,-1,89,90,88,-1,88,90,91,-1,88,91,92,-1,92,91,93,-1,92,93,94,-1,94,93,95,-1,94,95,96,-1,96,95,97,-1,96,97,98,-1,98,97,99,-1,98,99,100,-1,100,99,101,-1,100,101,102,-1,103,104,105,-1,102,101,106,-1,102,106,107,-1,107,106,108,-1,107,108,105,-1,105,108,109,-1,105,109,103,-1,104,103,110,-1,104,110,111,-1,111,110,112,-1,111,112,113,-1,113,112,114,-1,113,114,115,-1,115,114,116,-1,115,116,117,-1,117,116,118,-1,117,118,119,-1,119,118,120,-1,119,120,121,-1,121,120,122,-1,121,122,123,-1,123,122,124,-1,123,124,125,-1,125,124,126,-1,125,126,127,-1,127,126,128,-1,127,128,129,-1,129,128,130,-1,129,130,131,-1,131,130,132,-1,131,132,133,-1,133,132,134,-1,133,134,135,-1,135,134,4,-1,135,4,3,-1,61,63,85,-1,85,63,83,-1,111,43,104,-1,104,43,45,-1,21,23,127,-1,127,23,25,-1,127,25,125,-1,125,25,27,-1,125,27,123,-1,123,27,29,-1,123,29,121,-1,121,29,31,-1,121,31,119,-1,119,31,33,-1,119,33,117,-1,117,33,35,-1,117,35,115,-1,115,35,37,-1,115,37,113,-1,113,37,39,-1,113,39,111,-1,111,39,41,-1,111,41,43,-1,14,3,11,-1,11,3,6,-1,11,6,9,-1,9,6,2,-1,9,2,1,-1,63,65,83,-1,83,65,67,-1,83,67,81,-1,81,67,69,-1,81,69,79,-1,79,69,71,-1,79,71,76,-1,76,71,73,-1,76,73,75,-1,127,129,21,-1,21,129,131,-1,21,131,17,-1,17,131,133,-1,17,133,14,-1,14,133,135,-1,14,135,3,-1,85,87,61,-1,61,87,88,-1,61,88,59,-1,59,88,92,-1,59,92,57,-1,57,92,94,-1,57,94,55,-1,55,94,96,-1,55,96,53,-1,53,96,98,-1,53,98,51,-1,51,98,100,-1,51,100,49,-1,49,100,102,-1,49,102,47,-1,47,102,107,-1,47,107,45,-1,45,107,105,-1,45,105,104,-1,136,137,138,-1,138,137,139,-1,140,136,141,-1,141,136,138,-1,140,141,142,-1,140,142,143,-1,143,142,144,-1,143,144,145,-1,146,145,147,-1,147,145,144,-1,148,146,149,-1,149,146,147,-1,150,151,152,-1,152,151,148,-1,152,148,149,-1,153,151,154,-1,154,151,150,-1,155,156,157,-1,157,156,153,-1,157,153,154,-1,158,159,160,-1,160,159,156,-1,160,156,155,-1,158,161,159,-1,159,161,162,-1,161,163,162,-1,162,163,164,-1,162,164,165,-1,165,164,166,-1,165,166,167,-1,167,166,168,-1,167,168,169,-1,169,168,170,-1,169,170,171,-1,171,170,172,-1,171,172,173,-1,173,172,174,-1,173,174,175,-1,176,175,177,-1,177,175,174,-1,176,177,178,-1,176,178,179,-1,179,178,180,-1,179,180,181,-1,181,180,182,-1,181,182,183,-1,183,182,184,-1,183,184,185,-1,184,186,185,-1,185,186,187,-1,185,187,188,-1,188,187,189,-1,188,189,190,-1,190,189,191,-1,190,191,192,-1,192,191,193,-1,192,193,194,-1,139,137,195,-1,195,137,194,-1,195,194,193,-1,143,145,194,-1,137,136,194,-1,194,136,140,-1,194,140,143,-1,151,153,148,-1,148,153,156,-1,148,156,146,-1,175,176,173,-1,173,176,179,-1,173,179,171,-1,171,179,181,-1,171,181,169,-1,169,181,183,-1,169,183,167,-1,167,183,185,-1,167,185,165,-1,145,146,194,-1,194,146,156,-1,194,156,192,-1,156,159,192,-1,192,159,162,-1,192,162,190,-1,190,162,165,-1,190,165,188,-1,188,165,185,-1,196,197,198,-1,198,197,199,-1,200,201,202,-1,202,201,196,-1,202,196,198,-1,203,201,204,-1,204,201,200,-1,205,206,207,-1,207,206,203,-1,207,203,204,-1,208,206,209,-1,209,206,205,-1,210,211,212,-1,212,211,208,-1,212,208,209,-1,213,211,214,-1,214,211,210,-1,215,216,217,-1,217,216,213,-1,217,213,214,-1,218,216,219,-1,219,216,215,-1,220,221,222,-1,222,221,218,-1,222,218,219,-1,223,221,224,-1,224,221,220,-1,199,197,225,-1,225,197,223,-1,225,223,224,-1,223,197,196,-1,196,201,223,-1,223,201,203,-1,223,203,221,-1,216,218,213,-1,213,218,221,-1,213,221,211,-1,211,221,203,-1,211,203,208,-1,208,203,206,-1,226,227,228,-1,228,227,229,-1,228,229,230,-1,230,229,231,-1,230,231,232,-1,232,231,233,-1,232,233,234,-1,234,233,235,-1,234,235,236,-1,236,235,237,-1,236,237,238,-1,237,239,238,-1,238,239,240,-1,238,240,241,-1,241,240,242,-1,241,242,243,-1,243,242,244,-1,243,244,245,-1,245,244,246,-1,245,246,247,-1,247,246,248,-1,247,248,249,-1,249,248,250,-1,249,250,251,-1,251,250,252,-1,251,252,253,-1,253,252,254,-1,253,254,255,-1,255,254,256,-1,255,256,257,-1,257,256,258,-1,257,258,259,-1,259,258,260,-1,259,260,226,-1,226,260,261,-1,226,261,227,-1,232,234,262,-1,262,234,263,-1,232,262,264,-1,232,264,230,-1,230,264,265,-1,230,265,228,-1,228,265,266,-1,228,266,226,-1,226,266,267,-1,226,267,259,-1,259,267,268,-1,259,268,257,-1,257,268,269,-1,257,269,255,-1,255,269,270,-1,255,270,253,-1,253,270,271,-1,253,271,251,-1,251,271,272,-1,251,272,249,-1,249,272,273,-1,249,273,247,-1,247,273,274,-1,247,274,245,-1,245,274,275,-1,245,275,243,-1,243,275,276,-1,243,276,241,-1,241,276,277,-1,241,277,238,-1,236,238,278,-1,278,238,277,-1,234,236,263,-1,263,236,278,-1,239,237,279,-1,279,237,280,-1,237,235,280,-1,280,235,281,-1,235,233,281,-1,281,233,282,-1,261,283,284,-1,261,284,227,-1,227,284,285,-1,227,285,229,-1,229,285,286,-1,229,286,231,-1,231,286,282,-1,231,282,233,-1,254,287,288,-1,254,288,256,-1,256,288,289,-1,256,289,258,-1,258,289,290,-1,258,290,260,-1,260,290,283,-1,260,283,261,-1,246,291,292,-1,246,292,248,-1,248,292,293,-1,248,293,250,-1,250,293,294,-1,250,294,252,-1,252,294,287,-1,252,287,254,-1,239,279,295,-1,239,295,240,-1,240,295,296,-1,240,296,242,-1,242,296,297,-1,242,297,244,-1,244,297,291,-1,244,291,246,-1,
        ]
    }
}
Shape{
    appearance Appearance {
        material  Material 	{
            diffuseColor 0.0 0.5019607843137255 0.0
            specularColor 0.0 0.25098039215686274 0.0
            ambientIntensity 0.2947
            transparency 0.0
            shininess 0.5
        }
    }
    geometry IndexedFaceSet {
        ccw TRUE
        solid FALSE
        coord DEF co Coordinate {
            point [
                3.5748 -0.5084 0.4441, 3.5748 -0.5084 0.3001, 3.5748 -0.4802 0.4441, 3.5748 -0.4813 0.3001, 3.5748 -0.4777 0.4441, 3.5748 -0.4554 0.3032, 3.5748 -0.44 0.3092, 3.5748 -0.4279 0.3175, 3.5748 -0.4258 0.3196, 3.5748 -0.4171 0.3301, 3.5748 -0.4058 0.3739, 3.5748 -0.4263 0.4265, 3.5748 -0.4066 0.3606, 3.5748 -0.4382 0.4347, 3.5748 -0.4104 0.3438, 3.5748 -0.454 0.4409, 3.5748 -0.4086 0.3973, 3.5748 -0.4138 0.411, 3.5748 -0.4211 0.4214
            ]
        }
        coordIndex [
            0,1,2,-1,2,1,3,-1,2,3,4,-1,4,3,5,-1,4,5,6,-1,6,7,4,-1,4,7,8,-1,4,8,9,-1,10,11,12,-1,12,11,13,-1,9,14,4,-1,4,14,12,-1,4,12,15,-1,15,12,13,-1,16,17,10,-1,10,17,18,-1,10,18,11,-1,
        ]
    }
}
Shape{
    appearance Appearance {
        material  Material 	{
            diffuseColor 0.0 0.0 0.0
            specularColor 0.0 0.0 0.0
            ambientIntensity 0.0
            transparency 0.0
            shininess 0.5
        }
    }
    geometry IndexedFaceSet {
        ccw TRUE
        solid FALSE
        coord DEF co Coordinate {
            point [
                3.5787 -0.3178 0.351, 3.5787 -0.3255 0.3299, 3.5787 -0.2551 0.351, 3.5787 -0.2477 0.3299, 3.5787 -0.2899 0.4286, 3.5787 -0.2989 0.4656, 3.5787 -0.3701 0.2788, 3.5787 -0.3434 0.2788, 3.5787 -0.2883 0.4342, 3.5787 -0.2868 0.4417, 3.5787 -0.2731 0.4656, 3.5787 -0.2863 0.4417, 3.5787 -0.2848 0.4338, 3.5787 -0.2834 0.4286, 3.5787 -0.202 0.2788, 3.5787 -0.2286 0.2788, 3.5748 -0.2731 0.4656, 3.5748 -0.202 0.2788, 3.5748 -0.2989 0.4656, 3.5748 -0.3701 0.2788, 3.5748 -0.3434 0.2788, 3.5748 -0.3255 0.3299, 3.5748 -0.2477 0.3299, 3.5748 -0.2286 0.2788, 3.5748 -0.3178 0.351, 3.5748 -0.2551 0.351, 3.5748 -0.2834 0.4286, 3.5748 -0.2863 0.4417, 3.5748 -0.2848 0.4338, 3.5748 -0.2868 0.4417, 3.5748 -0.2899 0.4286, 3.5748 -0.2883 0.4342
            ]
        }
        coordIndex [
            0,1,2,-1,2,1,3,-1,4,5,0,-1,0,5,6,-1,0,6,1,-1,1,6,7,-1,4,8,5,-1,5,8,9,-1,5,9,10,-1,10,9,11,-1,10,11,12,-1,12,13,10,-1,10,13,2,-1,10,2,14,-1,14,2,3,-1,14,3,15,-1,10,14,16,-1,16,14,17,-1,5,10,18,-1,18,10,16,-1,6,5,19,-1,19,5,18,-1,7,6,20,-1,20,6,19,-1,1,7,21,-1,21,7,20,-1,3,1,22,-1,22,1,21,-1,15,3,23,-1,23,3,22,-1,14,15,17,-1,17,15,23,-1,0,2,24,-1,24,2,25,-1,2,13,25,-1,25,13,26,-1,11,27,28,-1,11,28,12,-1,12,28,26,-1,12,26,13,-1,11,9,27,-1,27,9,29,-1,4,30,31,-1,4,31,8,-1,8,31,29,-1,8,29,9,-1,4,0,30,-1,30,0,24,-1,
        ]
    }
}
Shape{
    appearance Appearance {
        material  Material 	{
            diffuseColor 0.0 0.5019607843137255 0.0
            specularColor 0.0 0.25098039215686274 0.0
            ambientIntensity 0.2947
            transparency 0.0
            shininess 0.5
        }
    }
    geometry IndexedFaceSet {
        ccw TRUE
        solid FALSE
        coord DEF co Coordinate {
            point [
                3.5748 -0.2863 0.4417, 3.5748 -0.2868 0.4417, 3.5748 -0.2848 0.4338, 3.5748 -0.2883 0.4342, 3.5748 -0.2834 0.4286, 3.5748 -0.2899 0.4286, 3.5748 -0.2551 0.351, 3.5748 -0.3178 0.351
            ]
        }
        coordIndex [
            0,1,2,-1,2,1,3,-1,2,3,4,-1,4,3,5,-1,4,5,6,-1,6,5,7,-1,
        ]
    }
}
Shape{
    appearance Appearance {
        material  Material 	{
            diffuseColor 0.0 0.0 0.0
            specularColor 0.0 0.0 0.0
            ambientIntensity 0.0
            transparency 0.0
            shininess 0.5
        }
    }
    geometry IndexedFaceSet {
        ccw TRUE
        solid FALSE
        coord DEF co Coordinate {
            point [
                3.5787 -2.0109 0.2523, 3.5787 -1.9911 0.2279, 3.5787 -2.0228 0.3698, 3.5787 -2.0459 0.6007, 3.5787 -2.0163 0.6164, 3.5787 -2.023 0.6981, 3.5787 -1.7893 0.2471, 3.5787 -1.7736 0.2767, 3.5787 -1.7659 0.3095, 3.5787 -1.9405 0.7019, 3.5787 -1.8993 0.6049, 3.5787 -1.879 0.6469, 3.5787 -2.0518 0.3876, 3.5787 -2.0419 0.2861, 3.5787 -2.0242 0.2808, 3.5787 -1.971 0.7045, 3.5787 -1.5792 0.4349, 3.5787 -1.6204 0.5053, 3.5787 -1.7651 0.3366, 3.5787 -1.7983 0.4123, 3.5787 -1.7651 0.3233, 3.5787 -1.8362 0.2058, 3.5787 -1.8098 0.2242, 3.5787 -1.9335 0.2831, 3.5787 -1.9228 0.2758, 3.5787 -1.9651 0.2083, 3.5787 -1.9105 0.2714, 3.5787 -1.8515 0.3421, 3.5787 -1.8481 0.33, 3.5787 -1.8477 0.3171, 3.5787 -1.8506 0.3043, 3.5787 -1.8566 0.2927, 3.5787 -1.5353 0.5664, 3.5787 -1.5247 0.5664, 3.5787 -1.4703 0.6381, 3.5787 -1.4995 0.5633, 3.5787 -1.4637 0.6359, 3.5787 -1.4763 0.5543, 3.5787 -1.4242 0.6163, 3.5787 -1.3881 0.5858, 3.5787 -1.9133 0.7336, 3.5787 -1.8492 0.6825, 3.5787 -1.882 0.7603, 3.5787 -1.8136 0.7085, 3.5787 -1.8427 0.7839, 3.5787 -1.9835 0.6241, 3.5787 -1.9697 0.6248, 3.5787 -1.9558 0.7037, 3.5787 -1.9386 0.621, 3.5787 -1.9089 0.6101, 3.5787 -1.9508 0.3158, 3.5787 -1.9478 0.3036, 3.5787 -1.942 0.2927, 3.5787 -1.9345 0.1954, 3.5787 -1.9031 0.1906, 3.5787 -1.8993 0.2702, 3.5787 -1.898 0.1905, 3.5787 -1.8869 0.2716, 3.5787 -1.8658 0.1944, 3.5787 -1.8753 0.276, 3.5787 -1.8651 0.2831, 3.5787 -1.3879 0.3379, 3.5787 -1.4498 0.3906, 3.5787 -1.4241 0.3073, 3.5787 -1.4695 0.3746, 3.5787 -1.4646 0.2875, 3.5787 -1.4929 0.3637, 3.5787 -1.5088 0.2781, 3.5787 -1.5167 0.3592, 3.5787 -1.5871 0.2781, 3.5787 -1.5765 0.3592, 3.5787 -1.5946 0.2793, 3.5787 -1.4557 0.54, 3.5787 -1.4403 0.5228, 3.5787 -1.361 0.548, 3.5787 -1.428 0.4999, 3.5787 -1.3448 0.5074, 3.5787 -1.4217 0.4744, 3.5787 -1.3387 0.4641, 3.5787 -1.4211 0.4628, 3.5787 -1.3449 0.4167, 3.5787 -1.4243 0.4369, 3.5787 -1.3615 0.3746, 3.5787 -1.4334 0.4132, 3.5787 -1.4481 0.3925, 3.5787 -1.542 0.743, 3.5787 -1.5939 0.6819, 3.5787 -1.4952 0.6879, 3.5787 -1.5639 0.6461, 3.5787 -1.5435 0.6033, 3.5787 -2.0986 0.5241, 3.5787 -2.1858 0.5021, 3.5787 -2.1025 0.492, 3.5787 -2.1862 0.4893, 3.5787 -2.101 0.4716, 3.5787 -2.1799 0.4376, 3.5787 -2.0914 0.4391, 3.5787 -2.1609 0.3881, 3.5787 -2.0756 0.4121, 3.5787 -2.1304 0.3445, 3.5787 -2.0898 0.3097, 3.5787 -1.9507 0.3288, 3.5787 -1.9473 0.3415, 3.5787 -2.0081 0.3984, 3.5787 -1.9409 0.3528, 3.5787 -1.9862 0.4235, 3.5787 -1.9337 0.3606, 3.5787 -1.959 0.4423, 3.5787 -1.9232 0.3679, 3.5787 -1.9297 0.4535, 3.5787 -1.9116 0.3723, 3.5787 -1.898 0.4575, 3.5787 -1.8993 0.3738, 3.5787 -1.8818 0.4565, 3.5787 -1.89 0.3729, 3.5787 -1.8497 0.4485, 3.5787 -1.8775 0.3689, 3.5787 -1.8216 0.4334, 3.5787 -1.8666 0.3621, 3.5787 -1.8577 0.3528, 3.5787 -1.781 0.8058, 3.5787 -1.7702 0.7261, 3.5787 -1.7226 0.8121, 3.5787 -1.7213 0.7324, 3.5787 -1.6581 0.8041, 3.5787 -1.6763 0.7269, 3.5787 -1.5923 0.7782, 3.5787 -1.6346 0.7109, 3.5787 -1.5973 0.685, 3.5787 -2.0723 0.6791, 3.5787 -2.1146 0.6495, 3.5787 -2.0688 0.5802, 3.5787 -2.1238 0.6408, 3.5787 -2.0872 0.5538, 3.5787 -2.1557 0.5999, 3.5787 -2.1769 0.552, 3.5787 -1.5832 0.3604, 3.5787 -1.6151 0.2921, 3.5787 -1.612 0.2889, 3.5787 -1.5792 0.3595, 3.5787 -1.6034 0.2828, 3.5787 -1.6257 0.3193, 3.5787 -1.6244 0.3094, 3.5787 -1.6209 0.3004, 3.5787 -1.5948 0.3592, 3.5787 -1.6039 0.3556, 3.5787 -1.6253 0.3245, 3.5787 -1.6121 0.3498, 3.5787 -1.6176 0.3437, 3.5787 -1.6227 0.3347, 3.5787 -1.5845 0.3605, 3.5748 -1.3387 0.4641, 3.5748 -1.3448 0.5074, 3.5748 -1.3494 0.5188, 3.5748 -1.361 0.548, 3.5748 -1.3881 0.5858, 3.5748 -1.4242 0.6163, 3.5748 -1.4637 0.6359, 3.5748 -1.4703 0.6381, 3.5748 -1.4952 0.6879, 3.5748 -1.542 0.743, 3.5748 -1.5714 0.7636, 3.5748 -1.5923 0.7782, 3.5748 -1.6581 0.8041, 3.5748 -1.7226 0.8121, 3.5748 -1.781 0.8058, 3.5748 -1.8427 0.7839, 3.5748 -1.8766 0.7636, 3.5748 -1.882 0.7603, 3.5748 -1.9133 0.7336, 3.5748 -1.9405 0.7019, 3.5748 -1.9558 0.7037, 3.5748 -1.971 0.7045, 3.5748 -2.023 0.6981, 3.5748 -2.0723 0.6791, 3.5748 -2.1146 0.6495, 3.5748 -2.1238 0.6408, 3.5748 -2.1862 0.4893, 3.5748 -2.1557 0.5999, 3.5748 -2.1769 0.552, 3.5748 -2.1829 0.5188, 3.5748 -2.1858 0.5021, 3.5748 -2.1799 0.4376, 3.5748 -2.1609 0.3881, 3.5748 -2.1304 0.3445, 3.5748 -2.0898 0.3097, 3.5748 -2.0419 0.2861, 3.5748 -2.0242 0.2808, 3.5748 -2.0225 0.2772, 3.5748 -2.0109 0.2523, 3.5748 -1.9911 0.2279, 3.5748 -1.9651 0.2083, 3.5748 -1.9529 0.2032, 3.5748 -1.9345 0.1954, 3.5748 -1.9031 0.1906, 3.5748 -1.898 0.1905, 3.5748 -1.7651 0.3233, 3.5748 -1.8658 0.1944, 3.5748 -1.843 0.2032, 3.5748 -1.8362 0.2058, 3.5748 -1.8098 0.2242, 3.5748 -1.7893 0.2471, 3.5748 -1.7736 0.2767, 3.5748 -1.7735 0.2772, 3.5748 -1.7659 0.3095, 3.5748 -1.7651 0.3366, 3.5748 -1.5792 0.4349, 3.5748 -1.6204 0.5053, 3.5748 -1.7983 0.4123, 3.5748 -1.8216 0.4334, 3.5748 -1.8497 0.4485, 3.5748 -1.8818 0.4565, 3.5748 -1.898 0.4575, 3.5748 -1.9297 0.4535, 3.5748 -1.959 0.4423, 3.5748 -1.9862 0.4235, 3.5748 -2.0081 0.3984, 3.5748 -2.0228 0.3698, 3.5748 -2.0518 0.3876, 3.5748 -2.0756 0.4121, 3.5748 -2.0914 0.4391, 3.5748 -2.101 0.4716, 3.5748 -2.1025 0.492, 3.5748 -2.0992 0.5188, 3.5748 -2.0986 0.5241, 3.5748 -2.0872 0.5538, 3.5748 -2.0688 0.5802, 3.5748 -2.0459 0.6007, 3.5748 -2.0163 0.6164, 3.5748 -1.9835 0.6241, 3.5748 -1.9697 0.6248, 3.5748 -1.9386 0.621, 3.5748 -1.9089 0.6101, 3.5748 -1.8993 0.6049, 3.5748 -1.879 0.6469, 3.5748 -1.8492 0.6825, 3.5748 -1.8136 0.7085, 3.5748 -1.7702 0.7261, 3.5748 -1.7213 0.7324, 3.5748 -1.6763 0.7269, 3.5748 -1.6346 0.7109, 3.5748 -1.5973 0.685, 3.5748 -1.5939 0.6819, 3.5748 -1.5639 0.6461, 3.5748 -1.5435 0.6033, 3.5748 -1.5353 0.5664, 3.5748 -1.5247 0.5664, 3.5748 -1.4995 0.5633, 3.5748 -1.4763 0.5543, 3.5748 -1.4557 0.54, 3.5748 -1.4403 0.5228, 3.5748 -1.4382 0.5188, 3.5748 -1.428 0.4999, 3.5748 -1.4217 0.4744, 3.5748 -1.4211 0.4628, 3.5748 -1.4243 0.4369, 3.5748 -1.4334 0.4132, 3.5748 -1.4481 0.3925, 3.5748 -1.4498 0.3906, 3.5748 -1.4695 0.3746, 3.5748 -1.4929 0.3637, 3.5748 -1.5167 0.3592, 3.5748 -1.5765 0.3592, 3.5748 -1.5792 0.3595, 3.5748 -1.5832 0.3604, 3.5748 -1.5845 0.3605, 3.5748 -1.5948 0.3592, 3.5748 -1.6039 0.3556, 3.5748 -1.6121 0.3498, 3.5748 -1.6176 0.3437, 3.5748 -1.6227 0.3347, 3.5748 -1.6253 0.3245, 3.5748 -1.6257 0.3193, 3.5748 -1.6244 0.3094, 3.5748 -1.6209 0.3004, 3.5748 -1.6151 0.2921, 3.5748 -1.612 0.2889, 3.5748 -1.6034 0.2828, 3.5748 -1.5946 0.2793, 3.5748 -1.5871 0.2781, 3.5748 -1.5088 0.2781, 3.5748 -1.4646 0.2875, 3.5748 -1.4241 0.3073, 3.5748 -1.3879 0.3379, 3.5748 -1.3615 0.3746, 3.5748 -1.3449 0.4167, 3.5748 -1.8993 0.3738, 3.5748 -1.89 0.3729, 3.5748 -1.8775 0.3689, 3.5748 -1.8666 0.3621, 3.5748 -1.8577 0.3528, 3.5748 -1.8515 0.3421, 3.5748 -1.8481 0.33, 3.5748 -1.8477 0.3171, 3.5748 -1.8506 0.3043, 3.5748 -1.8566 0.2927, 3.5748 -1.8651 0.2831, 3.5748 -1.8753 0.276, 3.5748 -1.8869 0.2716, 3.5748 -1.8993 0.2702, 3.5748 -1.9105 0.2714, 3.5748 -1.9228 0.2758, 3.5748 -1.9335 0.2831, 3.5748 -1.942 0.2927, 3.5748 -1.9478 0.3036, 3.5748 -1.9508 0.3158, 3.5748 -1.9507 0.3288, 3.5748 -1.9473 0.3415, 3.5748 -1.9409 0.3528, 3.5748 -1.9337 0.3606, 3.5748 -1.9232 0.3679, 3.5748 -1.9116 0.3723
            ]
        }
        coordIndex [
            0,1,2,-1,3,4,5,-1,6,7,8,-1,9,10,11,-1,12,13,2,-1,2,13,14,-1,2,14,0,-1,5,4,15,-1,16,17,18,-1,18,17,19,-1,18,19,20,-1,20,19,21,-1,20,21,8,-1,8,21,22,-1,8,22,6,-1,23,1,24,-1,24,1,25,-1,24,25,26,-1,27,28,19,-1,19,28,29,-1,19,29,21,-1,21,29,30,-1,21,30,31,-1,32,33,34,-1,34,33,35,-1,34,35,36,-1,36,35,37,-1,36,37,38,-1,38,37,39,-1,9,11,40,-1,40,11,41,-1,40,41,42,-1,42,41,43,-1,42,43,44,-1,4,45,15,-1,15,45,46,-1,15,46,47,-1,47,46,48,-1,47,48,9,-1,9,48,49,-1,9,49,10,-1,50,2,51,-1,51,2,1,-1,51,1,52,-1,52,1,23,-1,25,53,26,-1,26,53,54,-1,26,54,55,-1,55,54,56,-1,55,56,57,-1,57,56,58,-1,57,58,59,-1,59,58,21,-1,59,21,60,-1,60,21,31,-1,61,62,63,-1,63,62,64,-1,63,64,65,-1,65,64,66,-1,65,66,67,-1,67,66,68,-1,67,68,69,-1,69,68,70,-1,69,70,71,-1,37,72,39,-1,39,72,73,-1,39,73,74,-1,74,73,75,-1,74,75,76,-1,76,75,77,-1,76,77,78,-1,78,77,79,-1,78,79,80,-1,80,79,81,-1,80,81,82,-1,82,81,83,-1,82,83,61,-1,61,83,84,-1,61,84,62,-1,85,86,87,-1,87,86,88,-1,87,88,34,-1,34,88,89,-1,34,89,32,-1,90,91,92,-1,92,91,93,-1,92,93,94,-1,94,93,95,-1,94,95,96,-1,96,95,97,-1,96,97,98,-1,98,97,99,-1,98,99,12,-1,12,99,100,-1,12,100,13,-1,50,101,2,-1,2,101,102,-1,2,102,103,-1,103,102,104,-1,103,104,105,-1,105,104,106,-1,105,106,107,-1,107,106,108,-1,107,108,109,-1,109,108,110,-1,109,110,111,-1,111,110,112,-1,111,112,113,-1,113,112,114,-1,113,114,115,-1,115,114,116,-1,115,116,117,-1,117,116,118,-1,117,118,19,-1,19,118,119,-1,19,119,27,-1,44,43,120,-1,120,43,121,-1,120,121,122,-1,122,121,123,-1,122,123,124,-1,124,123,125,-1,124,125,126,-1,126,125,127,-1,126,127,85,-1,85,127,128,-1,85,128,86,-1,5,129,3,-1,3,129,130,-1,3,130,131,-1,131,130,132,-1,131,132,133,-1,133,132,134,-1,133,134,90,-1,90,134,135,-1,90,135,91,-1,136,137,138,-1,70,139,71,-1,71,139,136,-1,71,136,140,-1,140,136,138,-1,141,142,136,-1,136,142,143,-1,136,143,137,-1,144,145,146,-1,145,147,146,-1,146,147,148,-1,146,148,149,-1,141,136,146,-1,146,136,150,-1,146,150,144,-1,78,151,152,-1,78,152,76,-1,76,152,153,-1,76,153,74,-1,153,154,74,-1,74,154,155,-1,74,155,39,-1,39,155,156,-1,39,156,38,-1,38,156,157,-1,38,157,36,-1,36,157,158,-1,36,158,34,-1,34,158,159,-1,34,159,87,-1,87,159,160,-1,87,160,85,-1,126,85,161,-1,161,85,160,-1,161,162,126,-1,126,162,163,-1,126,163,124,-1,124,163,164,-1,124,164,122,-1,122,164,165,-1,122,165,120,-1,120,165,166,-1,120,166,44,-1,44,166,42,-1,42,166,167,-1,42,167,168,-1,42,168,169,-1,42,169,40,-1,40,169,170,-1,40,170,9,-1,9,170,171,-1,9,171,47,-1,47,171,172,-1,47,172,15,-1,15,172,173,-1,15,173,5,-1,5,173,174,-1,5,174,129,-1,129,174,175,-1,129,175,130,-1,130,175,176,-1,130,176,132,-1,177,93,91,-1,132,176,178,-1,132,178,134,-1,134,178,179,-1,134,179,135,-1,135,179,180,-1,135,180,91,-1,91,180,181,-1,91,181,177,-1,93,177,182,-1,93,182,95,-1,95,182,183,-1,95,183,97,-1,97,183,184,-1,97,184,99,-1,99,184,185,-1,99,185,100,-1,100,185,186,-1,100,186,13,-1,13,186,187,-1,13,187,14,-1,14,187,188,-1,14,188,0,-1,188,189,0,-1,0,189,190,-1,0,190,1,-1,1,190,191,-1,1,191,25,-1,25,191,192,-1,25,192,53,-1,192,193,53,-1,53,193,194,-1,53,194,54,-1,54,194,195,-1,54,195,56,-1,196,20,8,-1,56,195,197,-1,198,21,197,-1,197,21,58,-1,197,58,56,-1,198,199,21,-1,21,199,200,-1,21,200,22,-1,22,200,201,-1,22,201,6,-1,6,201,202,-1,6,202,7,-1,7,202,203,-1,7,203,8,-1,8,203,204,-1,8,204,196,-1,18,20,205,-1,205,20,196,-1,16,18,206,-1,206,18,205,-1,17,16,207,-1,207,16,206,-1,19,17,208,-1,208,17,207,-1,19,208,209,-1,19,209,117,-1,117,209,210,-1,117,210,115,-1,115,210,211,-1,115,211,113,-1,113,211,212,-1,113,212,111,-1,111,212,213,-1,111,213,109,-1,109,213,214,-1,109,214,107,-1,107,214,215,-1,107,215,105,-1,105,215,216,-1,105,216,103,-1,103,216,217,-1,103,217,2,-1,2,217,218,-1,2,218,12,-1,12,218,219,-1,12,219,98,-1,98,219,220,-1,98,220,96,-1,96,220,221,-1,96,221,94,-1,94,221,222,-1,94,222,92,-1,92,222,90,-1,90,222,223,-1,223,224,90,-1,90,224,225,-1,90,225,133,-1,133,225,226,-1,133,226,131,-1,131,226,227,-1,131,227,3,-1,3,227,228,-1,3,228,4,-1,4,228,229,-1,4,229,45,-1,45,229,230,-1,45,230,46,-1,46,230,231,-1,46,231,48,-1,48,231,232,-1,48,232,49,-1,49,232,233,-1,49,233,10,-1,10,233,234,-1,10,234,11,-1,11,234,235,-1,11,235,41,-1,41,235,236,-1,41,236,43,-1,43,236,237,-1,43,237,121,-1,121,237,238,-1,121,238,123,-1,123,238,239,-1,123,239,125,-1,125,239,240,-1,125,240,127,-1,127,240,241,-1,127,241,128,-1,128,241,242,-1,128,242,86,-1,86,242,243,-1,86,243,88,-1,88,243,244,-1,88,244,89,-1,89,244,245,-1,89,245,32,-1,33,32,246,-1,246,32,245,-1,33,246,247,-1,33,247,35,-1,35,247,248,-1,35,248,37,-1,37,248,249,-1,37,249,72,-1,72,249,250,-1,72,250,73,-1,73,250,251,-1,73,251,75,-1,251,252,75,-1,75,252,253,-1,75,253,77,-1,77,253,254,-1,77,254,79,-1,79,254,255,-1,79,255,81,-1,81,255,256,-1,81,256,83,-1,83,256,257,-1,83,257,84,-1,84,257,258,-1,84,258,62,-1,62,258,259,-1,62,259,64,-1,64,259,260,-1,64,260,66,-1,66,260,261,-1,66,261,68,-1,70,68,262,-1,262,68,261,-1,70,262,263,-1,70,263,139,-1,139,263,264,-1,139,264,136,-1,136,264,265,-1,136,265,150,-1,150,265,266,-1,150,266,144,-1,144,266,267,-1,144,267,145,-1,145,267,268,-1,145,268,147,-1,147,268,269,-1,147,269,148,-1,148,269,270,-1,148,270,149,-1,149,270,271,-1,149,271,146,-1,146,271,272,-1,146,272,141,-1,141,272,273,-1,141,273,142,-1,142,273,274,-1,142,274,143,-1,143,274,275,-1,143,275,137,-1,137,275,276,-1,137,276,138,-1,138,276,277,-1,138,277,140,-1,140,277,278,-1,140,278,71,-1,71,278,279,-1,71,279,69,-1,67,69,280,-1,280,69,279,-1,67,280,281,-1,67,281,65,-1,65,281,282,-1,65,282,63,-1,63,282,283,-1,63,283,61,-1,61,283,284,-1,61,284,82,-1,82,284,285,-1,82,285,80,-1,80,285,151,-1,80,151,78,-1,112,286,287,-1,112,287,114,-1,114,287,288,-1,114,288,116,-1,116,288,289,-1,116,289,118,-1,118,289,290,-1,118,290,119,-1,119,290,291,-1,119,291,27,-1,27,291,292,-1,27,292,28,-1,28,292,293,-1,28,293,29,-1,29,293,294,-1,29,294,30,-1,30,294,295,-1,30,295,31,-1,31,295,296,-1,31,296,60,-1,60,296,297,-1,60,297,59,-1,59,297,298,-1,59,298,57,-1,57,298,299,-1,57,299,55,-1,55,299,300,-1,55,300,26,-1,26,300,301,-1,26,301,24,-1,24,301,302,-1,24,302,23,-1,23,302,303,-1,23,303,52,-1,52,303,304,-1,52,304,51,-1,51,304,305,-1,51,305,50,-1,50,305,306,-1,50,306,101,-1,101,306,307,-1,101,307,102,-1,102,307,308,-1,102,308,104,-1,104,308,309,-1,104,309,106,-1,106,309,310,-1,106,310,108,-1,108,310,311,-1,108,311,110,-1,110,311,286,-1,110,286,112,-1,
        ]
    }
}
Shape{
    appearance Appearance {
        material  Material 	{
            diffuseColor 0.0 0.5019607843137255 0.0
            specularColor 0.0 0.25098039215686274 0.0
            ambientIntensity 0.2947
            transparency 0.0
            shininess 0.5
        }
    }
    geometry IndexedFaceSet {
        ccw TRUE
        solid FALSE
        coord DEF co Coordinate {
            point [
                3.5748 -1.8869 0.2716, 3.5748 -1.89 0.3729, 3.5748 -1.8993 0.2702, 3.5748 -1.8993 0.3738, 3.5748 -1.9116 0.3723, 3.5748 -1.9232 0.3679, 3.5748 -1.9337 0.3606, 3.5748 -1.9409 0.3528, 3.5748 -1.8651 0.2831, 3.5748 -1.8577 0.3528, 3.5748 -1.8666 0.3621, 3.5748 -1.9478 0.3036, 3.5748 -1.942 0.2927, 3.5748 -1.9335 0.2831, 3.5748 -1.8753 0.276, 3.5748 -1.8775 0.3689, 3.5748 -1.9228 0.2758, 3.5748 -1.9105 0.2714, 3.5748 -1.9473 0.3415, 3.5748 -1.9507 0.3288, 3.5748 -1.9508 0.3158, 3.5748 -1.8506 0.3043, 3.5748 -1.8477 0.3171, 3.5748 -1.8566 0.2927, 3.5748 -1.8481 0.33, 3.5748 -1.8515 0.3421
            ]
        }
        coordIndex [
            0,1,2,-1,2,1,3,-1,2,3,4,-1,4,5,2,-1,2,5,6,-1,2,6,7,-1,8,9,10,-1,11,12,7,-1,7,12,13,-1,0,14,1,-1,1,14,8,-1,1,8,15,-1,15,8,10,-1,13,16,7,-1,7,16,17,-1,7,17,2,-1,18,19,7,-1,7,19,20,-1,7,20,11,-1,21,22,23,-1,23,22,24,-1,23,24,8,-1,8,24,25,-1,8,25,9,-1,
        ]
    }
}
Shape{
    appearance Appearance {
        material  Material 	{
            diffuseColor 0.7529411764705882 0.7529411764705882 0.7529411764705882
            specularColor 0.3764705882352941 0.3764705882352941 0.3764705882352941
            ambientIntensity 0.7529
            transparency 0.0
            shininess 0.5
        }
    }
    geometry IndexedFaceSet {
        ccw TRUE
        solid FALSE
        coord DEF co Coordinate {
            point [
                -1.2858 -0.7974 3.5956, -1.2543 -0.8761 3.536, -2.541 -0.8761 3.536, -1.2321 -0.9616 3.4712, -2.5632 -0.9616 3.4712, -2.5095 -0.7974 3.5956, -2.4683 -0.7233 3.6518, -1.327 -0.7233 3.6518, -2.4183 -0.6549 3.7036, -1.377 -0.6549 3.7036, -1.5724 -0.4942 3.8254, -1.5007 -0.5395 3.7911, -2.2229 -0.4942 3.8254, -1.4352 -0.5933 3.7503, -2.36 -0.5933 3.7503, -2.2946 -0.5395 3.7911, -1.7298 -0.4321 3.8724, -1.6491 -0.4582 3.8526, -2.0655 -0.4321 3.8724, -2.1462 -0.4582 3.8526, -1.813 -0.4163 3.8844, -1.9822 -0.4163 3.8844, -1.8976 -0.411 3.8884, -1.2312 -1.2111 2.9691, -1.2312 -1.2111 2.5197, -2.564 -1.2111 2.9691, -2.564 -1.2111 2.5197, -1.2212 -1.0646 3.3697, -2.5736 -1.0421 3.3984, -1.2217 -1.0421 3.3984, -1.2305 -1.2069 3.0413, -2.5648 -1.2069 3.0418, -1.2284 -1.1944 3.1131, -2.5669 -1.1944 3.1131, -1.2254 -1.1737 3.1828, -2.5698 -1.1737 3.1828, -1.2225 -1.1453 3.2495, -2.5728 -1.1453 3.2495, -1.2204 -1.1091 3.3127, -2.5749 -1.1094 3.3123, -2.5748 -1.0663 3.371
            ]
        }
        coordIndex [
            0,1,2,-1,2,1,3,-1,2,3,4,-1,2,5,0,-1,0,5,6,-1,0,6,7,-1,7,6,8,-1,7,8,9,-1,10,11,12,-1,9,8,13,-1,13,8,14,-1,13,14,11,-1,11,14,15,-1,11,15,12,-1,16,17,18,-1,10,12,17,-1,17,12,19,-1,17,19,18,-1,16,18,20,-1,20,18,21,-1,20,21,22,-1,23,24,25,-1,25,24,26,-1,27,28,29,-1,29,28,4,-1,29,4,3,-1,23,25,30,-1,30,25,31,-1,30,31,32,-1,32,31,33,-1,32,33,34,-1,34,33,35,-1,34,35,36,-1,36,35,37,-1,36,37,38,-1,38,37,39,-1,38,39,27,-1,27,39,40,-1,27,40,28,-1,
        ]
    }
}
Shape{
    appearance Appearance {
        material  Material 	{
            diffuseColor 0.0 0.5019607843137255 0.0
            specularColor 0.0 0.25098039215686274 0.0
            ambientIntensity 0.2947
            transparency 0.0
            shininess 0.5
        }
    }
    geometry IndexedFaceSet {
        ccw TRUE
        solid FALSE
        coord DEF co Coordinate {
            point [
                -2.4683 -0.7233 2.5197, -2.541 -0.8761 2.5197, -1.2217 -1.0421 2.5197, -2.5736 -1.0421 2.5197, -2.564 -1.2111 2.5197, -1.2312 -1.2111 2.5197, -2.36 -0.5933 2.5197, -1.2543 -0.8761 2.5197, -1.327 -0.7233 2.5197, -2.0655 -0.4321 2.5197, -1.5724 -0.4942 2.5197, -1.8976 -0.411 2.5197, -1.7298 -0.4321 2.5197, -1.4352 -0.5933 2.5197, -2.2229 -0.4942 2.5197, -2.541 -0.8761 3.536, -2.5632 -0.9616 3.4712, -2.5095 -0.7974 3.5956, -2.4683 -0.7233 3.6518, -2.4183 -0.6549 3.7036, -2.36 -0.5933 3.7503, -2.2946 -0.5395 3.7911, -2.2229 -0.4942 3.8254, -2.1462 -0.4582 3.8526, -2.0655 -0.4321 3.8724, -1.9822 -0.4163 3.8844, -1.8976 -0.411 3.8884, -1.813 -0.4163 3.8844, -1.7298 -0.4321 3.8724, -1.6491 -0.4582 3.8526, -1.5724 -0.4942 3.8254, -1.5007 -0.5395 3.7911, -1.4352 -0.5933 3.7503, -1.327 -0.7233 3.6518, -1.377 -0.6549 3.7036, -1.2217 -1.0421 3.3984, -1.2321 -0.9616 3.4712, -1.2543 -0.8761 3.536, -1.2858 -0.7974 3.5956, -1.2312 -1.2111 2.9691, -1.2254 -1.1737 3.1828, -1.2225 -1.1453 3.2495, -1.2305 -1.2069 3.0413, -1.2284 -1.1944 3.1131, -1.2204 -1.1091 3.3127, -1.2212 -1.0646 3.3697, -2.5736 -1.0421 3.3984, -2.5748 -1.0663 3.371, -2.5749 -1.1094 3.3123, -2.5728 -1.1453 3.2495, -2.5698 -1.1737 3.1828, -2.5669 -1.1944 3.1131, -2.5648 -1.2069 3.0418, -2.564 -1.2111 2.9691
            ]
        }
        coordIndex [
            0,1,2,-1,1,3,2,-1,2,3,4,-1,2,4,5,-1,0,2,6,-1,6,2,7,-1,6,7,8,-1,9,10,11,-1,11,10,12,-1,8,13,6,-1,6,13,10,-1,6,10,14,-1,14,10,9,-1,1,15,16,-1,1,16,3,-1,15,1,17,-1,17,1,0,-1,17,0,18,-1,18,0,19,-1,19,0,6,-1,19,6,20,-1,20,6,21,-1,21,6,14,-1,21,14,22,-1,22,14,23,-1,23,14,9,-1,23,9,24,-1,24,9,25,-1,25,9,11,-1,25,11,26,-1,26,11,27,-1,27,11,12,-1,27,12,28,-1,28,12,29,-1,29,12,10,-1,29,10,30,-1,30,10,31,-1,31,10,13,-1,31,13,32,-1,8,33,13,-1,13,33,34,-1,13,34,32,-1,7,2,35,-1,35,36,7,-1,7,36,37,-1,7,37,8,-1,8,37,38,-1,8,38,33,-1,2,5,39,-1,40,41,2,-1,39,42,2,-1,2,42,43,-1,2,43,40,-1,41,44,2,-1,2,44,45,-1,2,45,35,-1,16,46,3,-1,3,46,47,-1,3,47,48,-1,48,49,3,-1,3,49,50,-1,3,50,51,-1,51,52,3,-1,3,52,53,-1,3,53,4,-1,
        ]
    }
}
Shape{
    appearance Appearance {
        material  Material 	{
            diffuseColor 0.7529411764705882 0.7529411764705882 0.7529411764705882
            specularColor 0.3764705882352941 0.3764705882352941 0.3764705882352941
            ambientIntensity 0.7529
            transparency 0.0
            shininess 0.5
        }
    }
    geometry IndexedFaceSet {
        ccw TRUE
        solid FALSE
        coord DEF co Coordinate {
            point [
                0.7142 -0.8761 3.536, 0.7364 -0.9616 3.4712, -0.5947 -0.9616 3.4712, -0.5725 -0.8761 3.536, -0.541 -0.7974 3.5956, 0.6827 -0.7974 3.5956, 0.6415 -0.7233 3.6518, -0.4998 -0.7233 3.6518, -0.4498 -0.6549 3.7036, 0.5915 -0.6549 3.7036, -0.3915 -0.5933 3.7503, 0.5333 -0.5933 3.7503, -0.3261 -0.5395 3.7911, 0.4678 -0.5395 3.7911, 0.2387 -0.4321 3.8724, 0.3194 -0.4582 3.8526, -0.097 -0.4321 3.8724, 0.3961 -0.4942 3.8254, -0.2544 -0.4942 3.8254, -0.1777 -0.4582 3.8526, 0.1555 -0.4163 3.8844, -0.0137 -0.4163 3.8844, 0.0709 -0.411 3.8884, 0.7373 -1.2111 2.9691, 0.7373 -1.2111 2.5197, -0.5955 -1.2111 2.9691, -0.5955 -1.2111 2.5197, 0.7473 -1.0646 3.3697, -0.6051 -1.0421 3.3984, 0.7468 -1.0421 3.3984, 0.738 -1.2069 3.0413, -0.5963 -1.2069 3.0418, 0.7401 -1.1944 3.1131, -0.5984 -1.1944 3.1131, 0.7431 -1.1737 3.1828, -0.6013 -1.1737 3.1828, 0.7461 -1.1453 3.2495, -0.6043 -1.1453 3.2495, 0.7481 -1.1091 3.3127, -0.6064 -1.1094 3.3123, -0.6063 -1.0663 3.371
            ]
        }
        coordIndex [
            0,1,2,-1,2,3,0,-1,0,3,4,-1,0,4,5,-1,5,4,6,-1,4,7,6,-1,6,7,8,-1,6,8,9,-1,9,8,10,-1,9,10,11,-1,11,10,12,-1,11,12,13,-1,14,15,16,-1,13,12,17,-1,17,12,18,-1,17,18,15,-1,15,18,19,-1,15,19,16,-1,14,16,20,-1,20,16,21,-1,20,21,22,-1,23,24,25,-1,25,24,26,-1,27,28,29,-1,29,28,2,-1,29,2,1,-1,23,25,30,-1,30,25,31,-1,30,31,32,-1,32,31,33,-1,32,33,34,-1,34,33,35,-1,34,35,36,-1,36,35,37,-1,36,37,38,-1,38,37,39,-1,38,39,27,-1,27,39,40,-1,27,40,28,-1,
        ]
    }
}
Shape{
    appearance Appearance {
        material  Material 	{
            diffuseColor 0.0 0.5019607843137255 0.0
            specularColor 0.0 0.25098039215686274 0.0
            ambientIntensity 0.2947
            transparency 0.0
            shininess 0.5
        }
    }
    geometry IndexedFaceSet {
        ccw TRUE
        solid FALSE
        coord DEF co Coordinate {
            point [
                -0.5955 -1.2111 2.5197, 0.7373 -1.2111 2.5197, 0.7468 -1.0421 2.5197, -0.4998 -0.7233 2.5197, -0.5725 -0.8761 2.5197, -0.6051 -1.0421 2.5197, -0.3915 -0.5933 2.5197, 0.7142 -0.8761 2.5197, 0.6415 -0.7233 2.5197, 0.0709 -0.411 2.5197, -0.097 -0.4321 2.5197, 0.2387 -0.4321 2.5197, 0.3961 -0.4942 2.5197, 0.5333 -0.5933 2.5197, -0.2544 -0.4942 2.5197, -0.5725 -0.8761 3.536, -0.5947 -0.9616 3.4712, -0.541 -0.7974 3.5956, -0.4998 -0.7233 3.6518, -0.4498 -0.6549 3.7036, -0.3915 -0.5933 3.7503, -0.3261 -0.5395 3.7911, -0.2544 -0.4942 3.8254, -0.1777 -0.4582 3.8526, -0.097 -0.4321 3.8724, -0.0137 -0.4163 3.8844, 0.0709 -0.411 3.8884, 0.1555 -0.4163 3.8844, 0.2387 -0.4321 3.8724, 0.3194 -0.4582 3.8526, 0.3961 -0.4942 3.8254, 0.4678 -0.5395 3.7911, 0.5333 -0.5933 3.7503, 0.6415 -0.7233 3.6518, 0.5915 -0.6549 3.7036, 0.7468 -1.0421 3.3984, 0.7364 -0.9616 3.4712, 0.7142 -0.8761 3.536, 0.6827 -0.7974 3.5956, 0.7373 -1.2111 2.9691, 0.7431 -1.1737 3.1828, 0.7461 -1.1453 3.2495, 0.738 -1.2069 3.0413, 0.7401 -1.1944 3.1131, 0.7481 -1.1091 3.3127, 0.7473 -1.0646 3.3697, -0.6051 -1.0421 3.3984, -0.6063 -1.0663 3.371, -0.6064 -1.1094 3.3123, -0.6043 -1.1453 3.2495, -0.6013 -1.1737 3.1828, -0.5984 -1.1944 3.1131, -0.5963 -1.2069 3.0418, -0.5955 -1.2111 2.9691
            ]
        }
        coordIndex [
            0,1,2,-1,3,4,2,-1,2,4,5,-1,2,5,0,-1,3,2,6,-1,6,2,7,-1,6,7,8,-1,9,10,11,-1,11,10,12,-1,8,13,6,-1,6,13,12,-1,6,12,14,-1,14,12,10,-1,4,15,16,-1,4,16,5,-1,15,4,17,-1,17,4,3,-1,17,3,18,-1,18,3,19,-1,19,3,6,-1,19,6,20,-1,20,6,21,-1,21,6,14,-1,21,14,22,-1,22,14,23,-1,23,14,10,-1,23,10,24,-1,24,10,25,-1,25,10,9,-1,25,9,26,-1,26,9,27,-1,27,9,11,-1,27,11,28,-1,28,11,29,-1,29,11,12,-1,29,12,30,-1,30,12,31,-1,31,12,13,-1,31,13,32,-1,8,33,13,-1,13,33,34,-1,13,34,32,-1,7,2,35,-1,35,36,7,-1,7,36,37,-1,7,37,8,-1,8,37,38,-1,8,38,33,-1,2,1,39,-1,40,41,2,-1,39,42,2,-1,2,42,43,-1,2,43,40,-1,41,44,2,-1,2,44,45,-1,2,45,35,-1,16,46,5,-1,5,46,47,-1,5,47,48,-1,48,49,5,-1,5,49,50,-1,5,50,51,-1,51,52,5,-1,5,52,53,-1,5,53,0,-1,
        ]
    }
}
Shape{
    appearance Appearance {
        material  Material 	{
            diffuseColor 0.7529411764705882 0.7529411764705882 0.7529411764705882
            specularColor 0.3764705882352941 0.3764705882352941 0.3764705882352941
            ambientIntensity 0.7529
            transparency 0.0
            shininess 0.5
        }
    }
    geometry IndexedFaceSet {
        ccw TRUE
        solid FALSE
        coord DEF co Coordinate {
            point [
                2.7058 -1.2111 2.9691, 2.7058 -1.2111 2.5197, 1.373 -1.2111 2.9691, 1.373 -1.2111 2.5197, 2.6895 -0.8977 3.5196, 2.7049 -0.9616 3.4712, 1.3929 -0.8988 3.5188, 1.3738 -0.9616 3.4712, 1.4159 -0.8232 3.5761, 2.6276 -0.7523 3.6298, 2.6628 -0.8232 3.5761, 1.4511 -0.7523 3.6298, 1.4943 -0.6861 3.68, 2.5844 -0.6861 3.68, 2.5338 -0.6253 3.7261, 1.545 -0.6253 3.7261, 1.6023 -0.5708 3.7673, 2.4764 -0.5708 3.7673, 2.4131 -0.5234 3.8033, 1.6657 -0.5234 3.8033, 1.7341 -0.4837 3.8334, 2.3446 -0.4837 3.8334, 2.272 -0.4522 3.8572, 1.8067 -0.4522 3.8572, 1.8825 -0.4294 3.8745, 2.1963 -0.4294 3.8745, 1.9604 -0.4156 3.8849, 2.1183 -0.4156 3.8849, 2.0394 -0.411 3.8884, 1.3642 -1.1453 3.2495, 2.7146 -1.1453 3.2495, 2.7116 -1.1737 3.1828, 2.7065 -1.2069 3.0418, 1.3722 -1.2069 3.0418, 2.7086 -1.1944 3.1131, 1.3701 -1.1944 3.1131, 1.3672 -1.1737 3.1829, 2.7166 -1.1094 3.3122, 1.3621 -1.1094 3.3123, 2.7161 -1.0654 3.3703, 1.3622 -1.0663 3.371, 1.3631 -1.0535 3.3845, 1.3664 -1.0097 3.4308, 2.7123 -1.0096 3.4309, 2.716 -1.0534 3.386
            ]
        }
        coordIndex [
            0,1,2,-1,2,1,3,-1,4,5,6,-1,6,5,7,-1,8,9,6,-1,6,9,10,-1,6,10,4,-1,8,11,9,-1,9,11,12,-1,9,12,13,-1,13,12,14,-1,12,15,14,-1,14,15,16,-1,14,16,17,-1,17,16,18,-1,16,19,18,-1,18,19,20,-1,18,20,21,-1,21,20,22,-1,20,23,22,-1,22,23,24,-1,22,24,25,-1,25,24,26,-1,25,26,27,-1,27,26,28,-1,29,30,31,-1,0,2,32,-1,32,2,33,-1,32,33,34,-1,34,33,35,-1,34,35,31,-1,31,35,36,-1,31,36,29,-1,30,29,37,-1,37,29,38,-1,37,38,39,-1,39,38,40,-1,39,40,41,-1,7,5,42,-1,42,5,43,-1,42,43,41,-1,41,43,44,-1,41,44,39,-1,
        ]
    }
}
Shape{
    appearance Appearance {
        material  Material 	{
            diffuseColor 0.0 0.5019607843137255 0.0
            specularColor 0.0 0.25098039215686274 0.0
            ambientIntensity 0.2947
            transparency 0.0
            shininess 0.5
        }
    }
    geometry IndexedFaceSet {
        ccw TRUE
        solid FALSE
        coord DEF co Coordinate {
            point [
                1.373 -1.2111 2.5197, 2.7058 -1.2111 2.5197, 1.3627 -1.0534 2.5197, 2.716 -1.0534 2.5197, 1.3892 -0.8977 2.5197, 2.6895 -0.8977 2.5197, 2.6276 -0.7523 2.5197, 1.9604 -0.4156 2.5197, 2.5338 -0.6253 2.5197, 1.8067 -0.4522 2.5197, 1.6657 -0.5234 2.5197, 1.545 -0.6253 2.5197, 1.4511 -0.7523 2.5197, 2.4131 -0.5234 2.5197, 2.272 -0.4522 2.5197, 2.1183 -0.4156 2.5197, 2.7049 -0.9616 3.4712, 2.6895 -0.8977 3.5196, 1.3929 -0.8988 3.5188, 1.4159 -0.8232 3.5761, 1.4511 -0.7523 3.6298, 1.4943 -0.6861 3.68, 1.545 -0.6253 3.7261, 1.6023 -0.5708 3.7673, 1.6657 -0.5234 3.8033, 1.7341 -0.4837 3.8334, 1.8067 -0.4522 3.8572, 1.8825 -0.4294 3.8745, 1.9604 -0.4156 3.8849, 2.0394 -0.411 3.8884, 2.1183 -0.4156 3.8849, 2.1963 -0.4294 3.8745, 2.272 -0.4522 3.8572, 2.3446 -0.4837 3.8334, 2.4131 -0.5234 3.8033, 2.4764 -0.5708 3.7673, 2.5338 -0.6253 3.7261, 2.6628 -0.8232 3.5761, 2.6276 -0.7523 3.6298, 2.5844 -0.6861 3.68, 2.716 -1.0534 3.386, 2.7123 -1.0096 3.4309, 2.7058 -1.2111 2.9691, 2.7116 -1.1737 3.1828, 2.7146 -1.1453 3.2495, 2.7065 -1.2069 3.0418, 2.7086 -1.1944 3.1131, 2.7166 -1.1094 3.3122, 2.7161 -1.0654 3.3703, 1.3622 -1.0663 3.371, 1.3621 -1.1094 3.3123, 1.3738 -0.9616 3.4712, 1.3664 -1.0097 3.4308, 1.3631 -1.0535 3.3845, 1.3642 -1.1453 3.2495, 1.3672 -1.1737 3.1829, 1.3701 -1.1944 3.1131, 1.3722 -1.2069 3.0418, 1.373 -1.2111 2.9691
            ]
        }
        coordIndex [
            0,1,2,-1,2,1,3,-1,2,3,4,-1,5,6,7,-1,7,6,8,-1,5,7,3,-1,3,7,9,-1,3,9,10,-1,10,11,3,-1,3,11,12,-1,3,12,4,-1,8,13,7,-1,7,13,14,-1,7,14,15,-1,16,17,5,-1,18,4,19,-1,19,4,12,-1,19,12,20,-1,20,12,21,-1,21,12,11,-1,21,11,22,-1,22,11,23,-1,23,11,10,-1,23,10,24,-1,24,10,25,-1,25,10,9,-1,25,9,26,-1,26,9,27,-1,27,9,7,-1,27,7,28,-1,28,7,29,-1,29,7,15,-1,29,15,30,-1,30,15,31,-1,31,15,14,-1,31,14,32,-1,32,14,33,-1,33,14,13,-1,33,13,34,-1,34,13,35,-1,35,13,8,-1,35,8,36,-1,5,17,6,-1,17,37,6,-1,6,37,38,-1,6,38,8,-1,8,38,39,-1,8,39,36,-1,3,40,5,-1,5,40,41,-1,5,41,16,-1,3,1,42,-1,43,44,3,-1,42,45,3,-1,3,45,46,-1,3,46,43,-1,44,47,3,-1,3,47,48,-1,3,48,40,-1,49,50,2,-1,18,51,4,-1,4,51,52,-1,4,52,2,-1,2,52,53,-1,2,53,49,-1,50,54,2,-1,2,54,55,-1,2,55,56,-1,56,57,2,-1,2,57,58,-1,2,58,0,-1,
        ]
    }
}