#VRML V2.0 utf8
# 3D model generated by easyeda2kicad.py (https://github.com/uPesy/easyeda2kicad.py)

Shape{
    appearance Appearance {
        material  Material 	{
            diffuseColor 0.8235294117647058 0.8235294117647058 0.8235294117647058
            specularColor 0.4117647058823529 0.4117647058823529 0.4117647058823529
            ambientIntensity 0.8235
            transparency 0.0
            shininess 0.5
        }
    }
    geometry IndexedFaceSet {
        ccw TRUE
        solid FALSE
        coord DEF co Coordinate {
            point [
                0.5988 0.1092 5.4724, 0.4451 -0.0986 5.4724, 0.5988 -0.0986 5.4724, 0.5988 1.1823 4.394, -0.5823 1.1823 4.394, 0.5988 0.8839 4.394, -0.5823 0.8839 4.394, -0.5823 -0.3301 4.394, 0.5988 -0.3301 4.394, -0.5823 -0.2275 4.394, 0.5988 -0.2275 4.394, 0.5988 0.8839 4.6063, 0.5988 1.4062 4.6063, 0.5988 -0.2275 4.6063, 0.5988 -0.3301 4.6063, -0.5823 1.4062 4.6063, -0.5823 0.8839 4.6063, -0.5823 -0.3301 4.6063, -0.5823 -0.2275 4.6063, 0.6972 -1.0378 4.6063, 0.6972 -0.1464 4.6063, -0.1981 -0.6739 4.6063, -0.1492 -0.6364 4.6063, 0.6972 1.505 4.6063, -0.6807 -1.0378 4.6063, -0.2673 -1.0378 4.6063, -0.2673 -0.8409 4.6063, -0.2357 -0.7228 4.6063, 0.1657 -0.6364 4.6063, 0.2147 -0.6739 4.6063, -0.6807 -0.1464 4.6063, -0.2593 -0.7798 4.6063, 0.1088 -0.6128 4.6063, 0.2522 -0.7228 4.6063, 0.2758 -0.7798 4.6063, 0.2839 -0.8409 4.6063, 0.2839 -1.0378 4.6063, -0.6807 1.505 4.6063, -0.0922 -0.6128 4.6063, -0.0311 -0.6047 4.6063, 0.0476 -0.6047 4.6063, -0.6807 1.9051 3.7757, 0.6972 1.9051 3.7757, 0.6972 1.9051 2.2965, -0.6807 1.9051 2.2965, 0.6972 1.9051 2.6331, -0.6807 1.9051 2.6331, -0.6807 1.8332 2.2246, 0.6972 1.8332 2.2246, -0.6807 1.8332 1.6716, 0.6972 1.8332 1.6716, -0.6807 1.9051 1.5996, 0.6972 1.9051 1.5996, -0.6807 1.9051 0.0394, 0.6972 1.9051 0.0394, -0.6807 1.505 0.0394, 0.6972 1.505 0.0394, -0.6807 1.505 0.1705, 0.6972 1.505 0.1705, -0.6807 -0.1464 0.1705, 0.6972 -0.1464 0.1705, -0.6807 -2.528 0.1705, 0.6972 -2.528 0.1705, -0.6807 -2.528 0.0394, 0.6972 -2.528 0.0394, -0.6807 -2.8587 0.0394, 0.6972 -2.8587 0.0394, 0.6972 -2.8587 2.7854, -0.6807 -2.8587 2.7854, 0.6972 -2.8587 2.6331, -0.6807 -2.8587 2.6331, -0.0159 -1.7227 3.9214, 0.0572 -1.7204 3.9237, 0.2848 -1.6099 4.0342, 0.2094 -1.6682 3.9759, 0.1317 -1.7036 3.9405, -0.0897 -1.711 3.933, -0.1662 -1.6826 3.9614, -0.2452 -1.6309 4.0131, -0.3581 -1.1856 4.4585, -0.3117 -1.1004 4.5437, 0.2788 -1.0381 4.606, 0.2738 -1.0391 4.605, 0.3097 -1.0764 4.5676, -0.3823 -1.2802 4.3639, -0.2573 -1.0391 4.605, -0.2623 -1.0381 4.606, 0.3629 -1.1586 4.4854, 0.3941 -1.2516 4.3925, -0.3116 -1.5593 4.0848, -0.3584 -1.4732 4.1709, -0.3824 -1.3781 4.2659, 0.4015 -1.3494 4.2947, 0.3845 -1.4456 4.1984, 0.3446 -1.5343 4.1098, -0.6807 -2.374 3.0439, -0.6807 -2.3973 2.9876, -0.6807 -2.3369 2.762, -0.6807 -2.2885 2.7248, -0.6807 -2.0065 3.0923, -0.6807 -2.0549 3.1294, -0.6807 -2.1112 3.1528, -0.6807 -2.4053 2.9271, -0.6807 -2.3973 2.8667, -0.6807 -2.374 2.8103, -0.6807 -2.0549 2.7248, -0.6807 -2.0065 2.762, -0.6807 -0.1464 2.6331, -0.6807 -1.9694 2.8103, -0.6807 -1.946 2.8667, -0.6807 -2.3369 3.0923, -0.6807 -2.2885 3.1294, -0.6807 -1.9381 2.9271, -0.6807 -1.946 2.9876, -0.6807 -1.9694 3.0439, -0.6807 -2.1717 3.1607, -0.6807 -2.2321 3.1528, -0.6807 -2.2321 2.7015, -0.6807 -2.1717 2.6935, -0.6807 -2.1112 2.7015, -0.6807 -1.9554 1.6541, -0.6807 -1.9456 1.5791, -0.6807 -2.2583 0.5291, -0.6807 -2.2244 0.5734, -0.6807 -2.5945 0.5734, -0.6807 -2.6158 0.6249, -0.6807 -2.6231 0.6802, -0.6807 -2.6158 0.7355, -0.6807 -2.5605 0.5291, -0.6807 -2.5162 0.4952, -0.6807 -2.4647 0.4738, -0.6807 -2.3026 0.8652, -0.6807 -2.3541 0.8866, -0.6807 -2.4094 0.8939, -0.6807 -2.4647 0.8866, -0.6807 -2.5162 0.8652, -0.6807 -2.5605 0.8313, -0.6807 -2.5945 0.787, -0.6807 -1.4145 1.7991, -0.6807 -1.4606 1.8591, -0.6807 -2.4094 0.4665, -0.6807 -2.3541 0.4738, -0.6807 -2.3026 0.4952, -0.6807 -2.203 0.7355, -0.6807 -1.8105 1.4031, -0.6807 -1.7406 1.3741, -0.6807 -1.4606 1.4491, -0.6807 -1.4145 1.5092, -0.6807 -1.3855 1.5791, -0.6807 -1.6655 1.3642, -0.6807 -1.5905 1.3741, -0.6807 -1.5206 1.4031, -0.6807 -1.9166 1.5092, -0.6807 -1.8705 1.4491, -0.6807 -2.2583 0.8313, -0.6807 -2.2244 0.787, -0.6807 -2.203 0.6249, -0.6807 -2.1957 0.6802, -0.6807 -1.3756 1.6541, -0.6807 -1.3855 1.7292, -0.6807 -1.5206 1.9052, -0.6807 -1.5905 1.9341, -0.6807 -1.6655 1.944, -0.6807 -1.7406 1.9341, -0.6807 -1.8105 1.9052, -0.6807 -1.8705 1.8591, -0.6807 -1.9166 1.7991, -0.6807 -1.9456 1.7292, -0.6807 1.5129 2.5012, -0.6807 1.4624 2.5399, -0.6807 1.5842 2.329, -0.6807 1.5759 2.392, -0.6807 1.5516 2.4508, -0.6807 1.2188 2.5399, -0.6807 1.1684 2.5012, -0.6807 1.1297 2.4508, -0.6807 1.1053 2.392, -0.6807 1.4624 2.118, -0.6807 1.5129 2.1567, -0.6807 1.5516 2.2072, -0.6807 1.5759 2.2659, -0.6807 1.4037 2.5643, -0.6807 1.3406 2.5726, -0.6807 1.2776 2.5643, -0.6807 1.1684 2.1567, -0.6807 1.2188 2.118, -0.6807 1.097 2.329, -0.6807 1.1053 2.2659, -0.6807 1.1297 2.2072, -0.6807 1.2776 2.0937, -0.6807 1.3406 2.0854, -0.6807 1.4037 2.0937, -0.6807 1.1583 3.251, -0.6807 1.1174 3.3044, -0.6807 1.0916 3.3666, -0.6807 1.4073 3.6823, -0.6807 1.3406 3.6911, -0.6807 1.2739 3.6823, -0.6807 1.2117 3.6565, -0.6807 1.1583 3.6156, -0.6807 1.1174 3.5622, -0.6807 1.0916 3.5, -0.6807 1.0828 3.4333, -0.6807 1.4073 3.1843, -0.6807 1.4695 3.21, -0.6807 1.5229 3.251, -0.6807 1.2117 3.21, -0.6807 1.2739 3.1843, -0.6807 1.3406 3.1755, -0.6807 1.5896 3.5, -0.6807 1.5639 3.5622, -0.6807 1.5229 3.6156, -0.6807 1.4695 3.6565, -0.6807 1.5639 3.3044, -0.6807 1.5896 3.3666, -0.6807 1.5984 3.4333, 0.6972 -2.5945 0.5734, 0.6972 -2.6158 0.6249, 0.6972 -0.1464 2.6331, 0.6972 1.1583 3.251, 0.6972 1.1174 3.3044, 0.6972 1.5639 3.3044, 0.6972 1.5229 3.251, 0.6972 1.5639 3.5622, 0.6972 1.5896 3.5, 0.6972 1.5984 3.4333, 0.6972 1.5896 3.3666, 0.6972 1.4695 3.21, 0.6972 1.4073 3.1843, 0.6972 1.3406 3.1755, 0.6972 1.0916 3.3666, 0.6972 1.0828 3.4333, 0.6972 1.0916 3.5, 0.6972 1.1174 3.5622, 0.6972 1.1583 3.6156, 0.6972 1.2117 3.6565, 0.6972 1.2739 3.6823, 0.6972 1.3406 3.6911, 0.6972 1.4073 3.6823, 0.6972 1.4695 3.6565, 0.6972 1.5229 3.6156, 0.6972 1.2739 3.1843, 0.6972 1.2117 3.21, 0.6972 1.4037 2.5643, 0.6972 1.4624 2.5399, 0.6972 1.5129 2.5012, 0.6972 1.5129 2.1567, 0.6972 1.4624 2.118, 0.6972 1.3406 2.5726, 0.6972 1.5516 2.4508, 0.6972 1.5759 2.392, 0.6972 1.5842 2.329, 0.6972 1.5759 2.2659, 0.6972 1.5516 2.2072, 0.6972 1.3406 2.0854, 0.6972 1.2776 2.0937, 0.6972 1.4037 2.0937, 0.6972 1.2188 2.118, 0.6972 1.1684 2.1567, 0.6972 1.1297 2.2072, 0.6972 1.1053 2.2659, 0.6972 1.097 2.329, 0.6972 1.1053 2.392, 0.6972 1.1297 2.4508, 0.6972 1.1684 2.5012, 0.6972 1.2188 2.5399, 0.6972 1.2776 2.5643, 0.6972 -2.5605 0.5291, 0.6972 -1.8705 1.8591, 0.6972 -1.8105 1.9052, 0.6972 -2.6231 0.6802, 0.6972 -2.203 0.7355, 0.6972 -2.5605 0.8313, 0.6972 -1.9456 1.5791, 0.6972 -1.9554 1.6541, 0.6972 -2.1957 0.6802, 0.6972 -2.203 0.6249, 0.6972 -2.2244 0.5734, 0.6972 -2.2583 0.5291, 0.6972 -2.3026 0.4952, 0.6972 -2.3541 0.4738, 0.6972 -2.4094 0.4665, 0.6972 -1.6655 1.3642, 0.6972 -1.7406 1.3741, 0.6972 -2.6158 0.7355, 0.6972 -2.5945 0.787, 0.6972 -1.9166 1.7991, 0.6972 -1.5206 1.9052, 0.6972 -1.4606 1.8591, 0.6972 -1.4145 1.7991, 0.6972 -2.4647 0.4738, 0.6972 -2.5162 0.4952, 0.6972 -1.5905 1.3741, 0.6972 -1.9456 1.7292, 0.6972 -1.7406 1.9341, 0.6972 -1.6655 1.944, 0.6972 -1.5905 1.9341, 0.6972 -1.3855 1.7292, 0.6972 -1.3756 1.6541, 0.6972 -1.3855 1.5791, 0.6972 -1.4145 1.5092, 0.6972 -1.4606 1.4491, 0.6972 -1.5206 1.4031, 0.6972 -2.4647 0.8866, 0.6972 -2.4094 0.8939, 0.6972 -1.8705 1.4491, 0.6972 -2.5162 0.8652, 0.6972 -1.9166 1.5092, 0.6972 -2.3541 0.8866, 0.6972 -2.3026 0.8652, 0.6972 -1.8105 1.4031, 0.6972 -2.2583 0.8313, 0.6972 -2.2244 0.787, 0.6972 -1.9381 2.9271, 0.6972 -1.946 2.8667, 0.6972 -2.2885 2.7248, 0.6972 -2.3369 2.762, 0.6972 -2.374 2.8103, 0.6972 -1.9694 2.8103, 0.6972 -2.0065 2.762, 0.6972 -2.0549 2.7248, 0.6972 -2.0549 3.1294, 0.6972 -2.0065 3.0923, 0.6972 -1.9694 3.0439, 0.6972 -1.946 2.9876, 0.6972 -2.3973 2.8667, 0.6972 -2.4053 2.9271, 0.6972 -2.3973 2.9876, 0.6972 -2.2321 3.1528, 0.6972 -2.1717 3.1607, 0.6972 -2.1112 3.1528, 0.6972 -2.1112 2.7015, 0.6972 -2.1717 2.6935, 0.6972 -2.2321 2.7015, 0.6972 -2.374 3.0439, 0.6972 -2.3369 3.0923, 0.6972 -2.2885 3.1294, -0.5823 0.8839 5.0536, -0.5823 1.0289 5.0536, 0.5988 0.8839 5.0536, 0.5988 1.0289 5.0536, 0.5988 -0.2275 4.7669, -0.5823 -0.2275 4.7669, -0.5823 -0.0986 4.7669, 0.5988 -0.0986 4.7669, 0.4451 -0.0986 5.2756, -0.0439 -0.0986 5.4724, -0.5823 -0.0986 5.4724, -0.0439 -0.0986 5.2756, -0.5823 0.8839 5.4724, 0.5988 0.7702 5.4724, 0.5988 0.8839 5.4724, -0.5823 1.0289 5.2598, 0.5988 1.0289 5.2598, 0.5988 0.1092 5.2756, 0.5988 0.7702 5.2756, -0.7988 1.2739 3.6823, -0.7988 1.2117 3.6565, -0.7988 1.1583 3.6156, -0.7988 1.1174 3.5622, -0.7988 1.0916 3.5, -0.7988 1.0828 3.4333, -0.7988 1.0916 3.3666, -0.7988 1.1174 3.3044, -0.7988 1.1583 3.251, -0.7988 1.2117 3.21, -0.7988 1.2739 3.1843, -0.7988 1.3406 3.1755, -0.7988 1.4073 3.1843, -0.7988 1.4695 3.21, -0.7988 1.5229 3.251, -0.7988 1.5639 3.3044, -0.7988 1.5896 3.3666, -0.7988 1.5984 3.4333, -0.7988 1.5896 3.5, -0.7988 1.5639 3.5622, -0.7988 1.5229 3.6156, -0.7988 1.4695 3.6565, -0.7988 1.4073 3.6823, -0.7988 1.3406 3.6911, -0.7988 1.3406 3.4333, -0.7988 1.2776 2.5643, -0.7988 1.2188 2.5399, -0.7988 1.1684 2.5012, -0.7988 1.1297 2.4508, -0.7988 1.1053 2.392, -0.7988 1.097 2.329, -0.7988 1.1053 2.2659, -0.7988 1.1297 2.2072, -0.7988 1.1684 2.1567, -0.7988 1.2188 2.118, -0.7988 1.2776 2.0937, -0.7988 1.3406 2.0854, -0.7988 1.4037 2.0937, -0.7988 1.4624 2.118, -0.7988 1.5129 2.1567, -0.7988 1.5516 2.2072, -0.7988 1.5759 2.2659, -0.7988 1.5842 2.329, -0.7988 1.5759 2.392, -0.7988 1.5516 2.4508, -0.7988 1.5129 2.5012, -0.7988 1.4624 2.5399, -0.7988 1.4037 2.5643, -0.7988 1.3406 2.5726, -0.7988 1.3406 2.329, -0.7988 -2.2321 3.1528, -0.7988 -2.2885 3.1294, -0.7988 -2.3369 3.0923, -0.7988 -2.374 3.0439, -0.7988 -2.3973 2.9876, -0.7988 -2.4053 2.9271, -0.7988 -2.3973 2.8667, -0.7988 -2.374 2.8103, -0.7988 -2.3369 2.762, -0.7988 -2.2885 2.7248, -0.7988 -2.2321 2.7015, -0.7988 -2.1717 2.6935, -0.7988 -2.1112 2.7015, -0.7988 -2.0549 2.7248, -0.7988 -2.0065 2.762, -0.7988 -1.9694 2.8103, -0.7988 -1.946 2.8667, -0.7988 -1.9381 2.9271, -0.7988 -1.946 2.9876, -0.7988 -1.9694 3.0439, -0.7988 -2.0065 3.0923, -0.7988 -2.0549 3.1294, -0.7988 -2.1112 3.1528, -0.7988 -2.1717 3.1607, -0.7988 -2.1717 2.9271, -0.7988 -2.4647 0.8866, -0.7988 -2.5162 0.8652, -0.7988 -2.5605 0.8313, -0.7988 -2.5945 0.787, -0.7988 -2.6158 0.7355, -0.7988 -2.6231 0.6802, -0.7988 -2.6158 0.6249, -0.7988 -2.5945 0.5734, -0.7988 -2.5605 0.5291, -0.7988 -2.5162 0.4952, -0.7988 -2.4647 0.4738, -0.7988 -2.4094 0.4665, -0.7988 -2.3541 0.4738, -0.7988 -2.3026 0.4952, -0.7988 -2.2583 0.5291, -0.7988 -2.2244 0.5734, -0.7988 -2.203 0.6249, -0.7988 -2.1957 0.6802, -0.7988 -2.203 0.7355, -0.7988 -2.2244 0.787, -0.7988 -2.2583 0.8313, -0.7988 -2.3026 0.8652, -0.7988 -2.3541 0.8866, -0.7988 -2.4094 0.8939, -0.7988 -2.4094 0.6802, -0.7988 -1.7406 1.9341, -0.7988 -1.8105 1.9052, -0.7988 -1.8705 1.8591, -0.7988 -1.9166 1.7991, -0.7988 -1.9456 1.7292, -0.7988 -1.9554 1.6541, -0.7988 -1.9456 1.5791, -0.7988 -1.9166 1.5092, -0.7988 -1.8705 1.4491, -0.7988 -1.8105 1.4031, -0.7988 -1.7406 1.3741, -0.7988 -1.6655 1.3642, -0.7988 -1.5905 1.3741, -0.7988 -1.5206 1.4031, -0.7988 -1.4606 1.4491, -0.7988 -1.4145 1.5092, -0.7988 -1.3855 1.5791, -0.7988 -1.3756 1.6541, -0.7988 -1.3855 1.7292, -0.7988 -1.4145 1.7991, -0.7988 -1.4606 1.8591, -0.7988 -1.5206 1.9052, -0.7988 -1.5905 1.9341, -0.7988 -1.6655 1.944, -0.7988 -1.6655 1.6541, 0.5791 -2.1717 3.1607, 0.5791 -2.2321 3.1528, 0.5791 -2.2885 3.1294, 0.5791 -2.3369 3.0923, 0.5791 -2.374 3.0439, 0.5791 -2.3973 2.9876, 0.5791 -2.4053 2.9271, 0.5791 -2.3973 2.8667, 0.5791 -2.374 2.8103, 0.5791 -2.3369 2.762, 0.5791 -2.2885 2.7248, 0.5791 -2.2321 2.7015, 0.5791 -2.1717 2.6935, 0.5791 -2.1112 2.7015, 0.5791 -2.0549 2.7248, 0.5791 -2.0065 2.762, 0.5791 -1.9694 2.8103, 0.5791 -1.946 2.8667, 0.5791 -1.9381 2.9271, 0.5791 -1.946 2.9876, 0.5791 -1.9694 3.0439, 0.5791 -2.0065 3.0923, 0.5791 -2.0549 3.1294, 0.5791 -2.1112 3.1528, 0.5791 -2.1717 2.9271, 0.5791 -1.6655 1.944, 0.5791 -1.7406 1.9341, 0.5791 -1.8105 1.9052, 0.5791 -1.8705 1.8591, 0.5791 -1.9166 1.7991, 0.5791 -1.9456 1.7292, 0.5791 -1.9554 1.6541, 0.5791 -1.9456 1.5791, 0.5791 -1.9166 1.5092, 0.5791 -1.8705 1.4491, 0.5791 -1.8105 1.4031, 0.5791 -1.7406 1.3741, 0.5791 -1.6655 1.3642, 0.5791 -1.5905 1.3741, 0.5791 -1.5206 1.4031, 0.5791 -1.4606 1.4491, 0.5791 -1.4145 1.5092, 0.5791 -1.3855 1.5791, 0.5791 -1.3756 1.6541, 0.5791 -1.3855 1.7292, 0.5791 -1.4145 1.7991, 0.5791 -1.4606 1.8591, 0.5791 -1.5206 1.9052, 0.5791 -1.5905 1.9341, 0.5791 -1.6655 1.6541, 0.5791 1.3406 3.6911, 0.5791 1.2739 3.6823, 0.5791 1.2117 3.6565, 0.5791 1.1583 3.6156, 0.5791 1.1174 3.5622, 0.5791 1.0916 3.5, 0.5791 1.0828 3.4333, 0.5791 1.0916 3.3666, 0.5791 1.1174 3.3044, 0.5791 1.1583 3.251, 0.5791 1.2117 3.21, 0.5791 1.2739 3.1843, 0.5791 1.3406 3.1755, 0.5791 1.4073 3.1843, 0.5791 1.4695 3.21, 0.5791 1.5229 3.251, 0.5791 1.5639 3.3044, 0.5791 1.5896 3.3666, 0.5791 1.5984 3.4333, 0.5791 1.5896 3.5, 0.5791 1.5639 3.5622, 0.5791 1.5229 3.6156, 0.5791 1.4695 3.6565, 0.5791 1.4073 3.6823, 0.5791 1.3406 3.4333, 0.5791 1.3406 2.5726, 0.5791 1.2776 2.5643, 0.5791 1.2188 2.5399, 0.5791 1.1684 2.5012, 0.5791 1.1297 2.4508, 0.5791 1.1053 2.392, 0.5791 1.097 2.329, 0.5791 1.1053 2.2659, 0.5791 1.1297 2.2072, 0.5791 1.1684 2.1567, 0.5791 1.2188 2.118, 0.5791 1.2776 2.0937, 0.5791 1.3406 2.0854, 0.5791 1.4037 2.0937, 0.5791 1.4624 2.118, 0.5791 1.5129 2.1567, 0.5791 1.5516 2.2072, 0.5791 1.5759 2.2659, 0.5791 1.5842 2.329, 0.5791 1.5759 2.392, 0.5791 1.5516 2.4508, 0.5791 1.5129 2.5012, 0.5791 1.4624 2.5399, 0.5791 1.4037 2.5643, 0.5791 1.3406 2.329, 0.5791 -2.4094 0.8939, 0.5791 -2.4647 0.8866, 0.5791 -2.5162 0.8652, 0.5791 -2.5605 0.8313, 0.5791 -2.5945 0.787, 0.5791 -2.6158 0.7355, 0.5791 -2.6231 0.6802, 0.5791 -2.6158 0.6249, 0.5791 -2.5945 0.5734, 0.5791 -2.5605 0.5291, 0.5791 -2.5162 0.4952, 0.5791 -2.4647 0.4738, 0.5791 -2.4094 0.4665, 0.5791 -2.3541 0.4738, 0.5791 -2.3026 0.4952, 0.5791 -2.2583 0.5291, 0.5791 -2.2244 0.5734, 0.5791 -2.203 0.6249, 0.5791 -2.1957 0.6802, 0.5791 -2.203 0.7355, 0.5791 -2.2244 0.787, 0.5791 -2.2583 0.8313, 0.5791 -2.3026 0.8652, 0.5791 -2.3541 0.8866, 0.5791 -2.4094 0.6802, -0.228 -1.0378 4.5669, -0.228 -1.0378 2.6378, -0.228 -0.8409 4.5669, -0.228 -0.8409 2.6378, -0.0311 -0.6441 4.5669, -0.0311 -0.6441 2.6378, 0.0476 -0.6441 4.5669, 0.0476 -0.6441 2.6378, 0.2445 -0.8409 4.5669, 0.2445 -0.8409 2.6378, 0.2445 -1.0378 4.5669, 0.2445 -1.0378 2.6378, 0.3431 -1.186 2.6378, 0.3032 -1.1056 2.6378, 0.3615 -1.2738 2.6378, -0.2867 -1.1056 2.6378, -0.3266 -1.186 2.6378, -0.1703 -0.7017 2.6378, -0.2016 -0.7425 2.6378, -0.2212 -0.79 2.6378, 0.3306 -1.4491 2.6378, 0.3572 -1.3634 2.6378, -0.3407 -1.3634 2.6378, -0.3449 -1.2738 2.6378, 0.2378 -0.79 2.6378, -0.3141 -1.4491 2.6378, -0.2668 -1.5253 2.6378, -0.2018 -1.5872 2.6378, -0.1234 -1.6308 2.6378, -0.0366 -1.6534 2.6378, 0.0531 -1.6534 2.6378, -0.1295 -0.6705 2.6378, 0.14 -1.6308 2.6378, 0.2184 -1.5872 2.6378, 0.2833 -1.5253 2.6378, 0.2181 -0.7425 2.6378, 0.1868 -0.7017 2.6378, 0.1461 -0.6705 2.6378, -0.0821 -0.6508 2.6378, 0.0986 -0.6508 2.6378, -0.2797 -1.0955 4.5159, -0.2283 -1.0381 4.5721, -0.2294 -1.0391 4.5771, -0.2296 -1.0393 4.5783, 0.301 -1.1071 4.503, 0.2795 -1.0739 4.5398, 0.2462 -1.0393 4.5783, 0.2458 -1.039 4.5771, 0.2448 -1.0381 4.5721, 0.3587 -1.274 4.3175, 0.3555 -1.2316 4.3646, 0.3405 -1.1868 4.4144, 0.3274 -1.1479 4.4576, 0.3281 -1.4479 4.1242, 0.3469 -1.4062 4.1706, 0.3545 -1.3629 4.2187, 0.3622 -1.3196 4.2669, 0.2168 -1.5852 3.9717, 0.2572 -1.5541 4.0063, 0.2812 -1.5237 4.0401, 0.311 -1.486 4.0819, 0.0531 -1.6533 3.8961, 0.1194 -1.6383 3.9127, 0.1393 -1.6293 3.9227, 0.1892 -1.6065 3.9481, -0.0134 -1.6555 3.8936, 0.0523 -1.6535 3.8959, -0.0799 -1.6451 3.9052, -0.0364 -1.6519 3.8976, -0.1488 -1.6195 3.9336, -0.1228 -1.6291 3.9229, -0.2199 -1.573 3.9853, -0.2007 -1.5855 3.9714, -0.2796 -1.5085 4.0569, -0.2653 -1.524 4.0398, -0.3217 -1.431 4.143, -0.3124 -1.4482 4.124, -0.3434 -1.3455 4.2381, -0.3389 -1.363 4.2187, -0.3432 -1.2573 4.3361, -0.3433 -1.2738 4.3177, -0.2856 -1.1062 4.5039, -0.3215 -1.1721 4.4307, -0.3251 -1.1864 4.4149, -0.2212 -0.79 4.5669, -0.2016 -0.7425 4.5669, -0.1703 -0.7017 4.5669, -0.1295 -0.6705 4.5669, -0.0821 -0.6508 4.5669, 0.0986 -0.6508 4.5669, 0.1461 -0.6705 4.5669, 0.1868 -0.7017 4.5669, 0.2181 -0.7425 4.5669, 0.2378 -0.79 4.5669, -0.2293 -0.8409 4.5771, -0.2225 -0.7896 4.5771, -0.2332 -0.8409 4.5866, -0.2263 -0.7886 4.5866, -0.2395 -0.8409 4.5948, -0.2324 -0.787 4.5948, -0.2476 -0.8409 4.601, -0.2403 -0.7849 4.601, -0.2571 -0.8409 4.605, -0.2494 -0.7824 4.605, -0.2027 -0.7418 4.5771, -0.2062 -0.7399 4.5866, -0.2116 -0.7367 4.5948, -0.2186 -0.7327 4.601, -0.2269 -0.7279 4.605, -0.1712 -0.7008 4.5771, -0.174 -0.698 4.5866, -0.1785 -0.6936 4.5948, -0.1842 -0.6878 4.601, -0.1909 -0.6811 4.605, -0.1302 -0.6693 4.5771, -0.1322 -0.6659 4.5866, -0.1353 -0.6605 4.5948, -0.1394 -0.6534 4.601, -0.1441 -0.6452 4.605, -0.0824 -0.6495 4.5771, -0.0834 -0.6457 4.5866, -0.085 -0.6396 4.5948, -0.0871 -0.6318 4.601, -0.0896 -0.6226 4.605, -0.0311 -0.6427 4.5771, -0.0311 -0.6388 4.5866, -0.0311 -0.6325 4.5948, -0.0311 -0.6244 4.601, -0.0311 -0.6149 4.605, -0.2329 -1.041 4.586, -0.2314 -1.0402 4.5824, -0.2385 -1.0417 4.5935, -0.2356 -1.0415 4.5901, -0.2347 -1.0415 4.5889, -0.2333 -1.0411 4.5866, -0.2428 -1.0417 4.5977, -0.24 -1.0418 4.5952, -0.2395 -1.0418 4.5947, -0.2528 -1.0402 4.6035, -0.25 -1.0407 4.6023, -0.2477 -1.041 4.6009, -0.2452 -1.0414 4.5993, -0.2571 -1.0391 4.605, -0.253 -1.0401 4.6036, 0.0476 -0.6427 4.5771, 0.0476 -0.6388 4.5866, 0.0476 -0.6325 4.5948, 0.0476 -0.6244 4.601, 0.0476 -0.6149 4.605, 0.2476 -1.0403 4.5822, 0.2842 -1.0776 4.5474, 0.2498 -1.041 4.5863, 0.2477 -1.0403 4.5825, 0.287 -1.0788 4.551, 0.2516 -1.0415 4.5894, 0.2499 -1.041 4.5865, 0.2903 -1.0796 4.5545, 0.255 -1.0417 4.5935, 0.2536 -1.0418 4.5922, 0.2938 -1.0799 4.5577, 0.2582 -1.0417 4.5966, 0.2562 -1.0417 4.5946, 0.2976 -1.0797 4.5607, 0.2628 -1.0413 4.6002, 0.2596 -1.0417 4.5979, 0.2737 -1.0391 4.605, 0.3056 -1.078 4.5657, 0.2706 -1.0399 4.604, 0.2696 -1.0401 4.6035, 0.2655 -1.0408 4.6015, -0.3073 -1.1017 4.5419, -0.3029 -1.1026 4.5396, -0.2986 -1.1031 4.537, -0.2946 -1.103 4.534, -0.2874 -1.1013 4.5273, -0.2818 -1.0978 4.5197, 0.3569 -1.2358 4.3691, 0.3293 -1.1511 4.4617, 0.2816 -1.076 4.5436, 0.346 -1.4116 4.1762, 0.3625 -1.3245 4.2718, 0.2542 -1.5585 4.0138, 0.3089 -1.4912 4.0884, 0.1861 -1.6098 3.9566, 0.117 -1.6405 3.9222, 0.0512 -1.6549 3.9059, -0.0129 -1.6569 3.9037, -0.0779 -1.6469 3.915, -0.1458 -1.6224 3.9425, -0.2168 -1.5771 3.9931, -0.2772 -1.5135 4.0637, -0.3434 -1.3506 4.2432, -0.3205 -1.4364 4.1488, -0.3233 -1.1756 4.4348, -0.3443 -1.2617 4.3407, -0.2844 -1.0998 4.5236, -0.3258 -1.1787 4.4389, -0.3465 -1.2659 4.3451, -0.3448 -1.3557 4.2482, -0.3208 -1.4421 4.1544, -0.2765 -1.5194 4.07, -0.2152 -1.5826 4.0005, -0.1441 -1.6273 3.9509, -0.0766 -1.6512 3.9241, -0.0126 -1.6609 3.9132, 0.0505 -1.659 3.9153, 0.1155 -1.645 3.9311, 0.1844 -1.6149 3.9647, 0.2529 -1.5642 4.0208, 0.3085 -1.4971 4.0945, 0.3467 -1.4171 4.1816, 0.3641 -1.3294 4.2766, 0.3592 -1.2396 4.3734, 0.3319 -1.1538 4.4657, -0.329 -1.1813 4.4429, -0.3496 -1.2697 4.3493, -0.3474 -1.3606 4.2528, -0.3227 -1.4479 4.1595, -0.2775 -1.5259 4.0758, -0.2154 -1.5893 4.007, -0.1437 -1.6339 3.9582, -0.0762 -1.6576 3.9319, -0.0125 -1.6671 3.9213, 0.0503 -1.6653 3.9234, 0.1151 -1.6514 3.9388, 0.1841 -1.6216 3.9717, 0.2533 -1.5709 4.0271, 0.3098 -1.5034 4.1, 0.3488 -1.4227 4.1865, 0.3669 -1.334 4.2811, 0.3624 -1.2431 4.3775, 0.3351 -1.1561 4.4695, -0.2909 -1.1024 4.5308, -0.3329 -1.1835 4.4465, -0.3535 -1.2731 4.3532, -0.3512 -1.3652 4.2569, -0.3261 -1.4537 4.164, -0.2801 -1.5326 4.0806, -0.2173 -1.5968 4.0123, -0.1448 -1.6418 3.964, -0.0768 -1.6657 3.938, -0.0126 -1.6753 3.9276, 0.0505 -1.6734 3.9296, 0.1158 -1.6595 3.9448, 0.1854 -1.6294 3.9773, 0.2554 -1.5781 4.0322, 0.3127 -1.5098 4.1047, 0.3524 -1.4282 4.1908, 0.3708 -1.3382 4.2851, 0.3663 -1.2461 4.3813, 0.3389 -1.1579 4.4731, -0.3373 -1.1851 4.4498, -0.3583 -1.2759 4.3566, -0.3561 -1.3693 4.2604, -0.3308 -1.4591 4.1675, -0.2844 -1.5393 4.0843, -0.2207 -1.6047 4.016, -0.1472 -1.6505 3.9678, -0.0781 -1.675 3.9419, -0.0129 -1.6848 3.9315, 0.0512 -1.6828 3.9336, 0.1175 -1.6686 3.9487, 0.1882 -1.6379 3.9812, 0.2591 -1.5856 4.0359, 0.3171 -1.5162 4.1084, 0.3571 -1.4332 4.1944, 0.3757 -1.3419 4.2886, 0.371 -1.2485 4.3847, 0.3431 -1.1592 4.4764, -0.3421 -1.1861 4.4527, -0.3637 -1.278 4.3594, -0.3619 -1.3727 4.2631, -0.3366 -1.4639 4.1701, -0.2899 -1.5456 4.0866, -0.2255 -1.6124 4.0181, -0.1508 -1.6595 3.9695, -0.0803 -1.6848 3.9434, -0.0135 -1.6949 3.9329, 0.0523 -1.6929 3.9349, 0.1202 -1.6782 3.9502, 0.1923 -1.6465 3.983, 0.2642 -1.5929 4.0381, 0.3228 -1.522 4.1108, 0.363 -1.4376 4.197, 0.3814 -1.345 4.2913, 0.3763 -1.2503 4.3876, 0.3477 -1.1599 4.4794, -0.3472 -1.1865 4.4552, -0.3696 -1.2795 4.3616, -0.3683 -1.3754 4.265, -0.3433 -1.468 4.1715, -0.2965 -1.5512 4.0875, -0.2314 -1.6196 4.0182, -0.1554 -1.6682 3.969, -0.083 -1.6945 3.9423, -0.0142 -1.7051 3.9315, 0.0537 -1.703 3.9337, 0.1236 -1.6876 3.9493, 0.1973 -1.6547 3.9827, 0.2705 -1.5996 4.0385, 0.3295 -1.5271 4.1118, 0.3697 -1.4412 4.1986, 0.3877 -1.3473 4.2933, 0.382 -1.2514 4.3899, 0.3526 -1.16 4.4819, 0.3015 -1.0791 4.5634, 0.2642 -1.0411 4.6009, -0.3526 -1.1864 4.4571, -0.3759 -1.2802 4.3631, -0.3753 -1.3772 4.2659, -0.3507 -1.4711 4.1718, -0.3038 -1.5559 4.0869, -0.2381 -1.6259 4.0166, -0.1606 -1.6761 3.9662, -0.0862 -1.7034 3.9388, -0.015 -1.7146 3.9276, 0.0554 -1.7124 3.9298, 0.1275 -1.6963 3.946, 0.2032 -1.6621 3.9803, 0.2774 -1.6054 4.0372, 0.3369 -1.5313 4.1115, 0.3769 -1.4439 4.1991, 0.3945 -1.3487 4.2944, 0.388 -1.2519 4.3915, 0.3577 -1.1596 4.4839, 0.0989 -0.6495 4.5771, 0.0999 -0.6457 4.5866, 0.1016 -0.6396 4.5948, 0.1037 -0.6318 4.601, 0.1061 -0.6226 4.605, 0.1467 -0.6693 4.5771, 0.1487 -0.6659 4.5866, 0.1518 -0.6605 4.5948, 0.1559 -0.6534 4.601, 0.1606 -0.6452 4.605, 0.1878 -0.7008 4.5771, 0.1906 -0.698 4.5866, 0.195 -0.6936 4.5948, 0.2007 -0.6878 4.601, 0.2075 -0.6811 4.605, 0.2193 -0.7418 4.5771, 0.2227 -0.7399 4.5866, 0.2281 -0.7367 4.5948, 0.2352 -0.7327 4.601, 0.2434 -0.7279 4.605, 0.2391 -0.7896 4.5771, 0.2429 -0.7886 4.5866, 0.2489 -0.787 4.5948, 0.2568 -0.7849 4.601, 0.266 -0.7824 4.605, 0.2458 -0.8409 4.5771, 0.2498 -0.8409 4.5866, 0.256 -0.8409 4.5948, 0.2642 -0.8409 4.601, 0.2737 -0.8409 4.605
            ]
        }
        coordIndex [
            0,1,2,-1,3,4,5,-1,5,4,6,-1,7,8,9,-1,9,8,10,-1,11,12,5,-1,5,12,3,-1,10,8,13,-1,13,8,14,-1,4,15,6,-1,6,15,16,-1,17,7,18,-1,18,7,9,-1,14,19,20,-1,21,22,17,-1,23,11,20,-1,20,11,13,-1,20,13,14,-1,24,25,26,-1,21,17,27,-1,28,29,14,-1,30,24,17,-1,24,26,17,-1,17,26,31,-1,17,31,27,-1,28,14,32,-1,29,33,14,-1,14,33,34,-1,14,34,19,-1,19,34,35,-1,19,35,36,-1,17,18,30,-1,30,18,16,-1,30,16,37,-1,37,16,15,-1,37,15,23,-1,23,15,12,-1,23,12,11,-1,22,38,17,-1,17,38,39,-1,17,39,14,-1,14,39,40,-1,14,40,32,-1,41,37,42,-1,42,37,23,-1,43,44,45,-1,45,44,46,-1,45,46,42,-1,42,46,41,-1,47,44,48,-1,48,44,43,-1,49,47,50,-1,50,47,48,-1,51,49,52,-1,52,49,50,-1,53,51,54,-1,54,51,52,-1,55,53,56,-1,56,53,54,-1,57,55,58,-1,58,55,56,-1,57,58,59,-1,59,58,60,-1,59,60,61,-1,61,60,62,-1,63,61,64,-1,64,61,62,-1,65,63,66,-1,66,63,64,-1,67,68,69,-1,69,68,70,-1,69,70,66,-1,66,70,65,-1,71,68,72,-1,72,68,67,-1,73,74,67,-1,67,74,75,-1,67,75,72,-1,71,76,68,-1,68,76,77,-1,68,77,78,-1,79,80,24,-1,81,82,83,-1,79,24,84,-1,85,86,80,-1,80,86,25,-1,80,25,24,-1,19,87,88,-1,87,19,83,-1,83,19,36,-1,83,36,81,-1,78,89,68,-1,68,89,90,-1,68,90,24,-1,24,90,91,-1,24,91,84,-1,88,92,19,-1,19,92,93,-1,19,93,67,-1,67,93,94,-1,67,94,73,-1,61,63,65,-1,68,95,96,-1,97,98,70,-1,30,99,24,-1,24,99,100,-1,24,100,101,-1,96,102,68,-1,68,102,103,-1,68,103,70,-1,70,103,104,-1,70,104,97,-1,105,106,107,-1,107,106,108,-1,107,108,109,-1,95,68,110,-1,110,68,24,-1,110,24,111,-1,109,112,107,-1,107,112,113,-1,107,113,30,-1,30,113,114,-1,30,114,99,-1,101,115,24,-1,24,115,116,-1,24,116,111,-1,98,117,70,-1,70,117,118,-1,70,118,107,-1,107,118,119,-1,107,119,105,-1,70,120,121,-1,59,122,123,-1,124,61,125,-1,125,61,65,-1,125,65,126,-1,126,65,70,-1,126,70,127,-1,124,128,61,-1,61,128,129,-1,61,129,130,-1,131,132,121,-1,121,132,133,-1,121,133,134,-1,134,135,121,-1,121,135,136,-1,121,136,70,-1,70,136,137,-1,70,137,127,-1,107,138,139,-1,130,140,61,-1,61,140,141,-1,61,141,59,-1,59,141,142,-1,59,142,122,-1,143,144,145,-1,146,147,107,-1,107,147,148,-1,145,149,143,-1,143,149,150,-1,143,150,151,-1,121,152,131,-1,131,152,153,-1,131,153,154,-1,154,153,144,-1,154,144,155,-1,155,144,143,-1,123,156,59,-1,59,156,157,-1,59,157,107,-1,107,157,143,-1,107,143,146,-1,146,143,151,-1,148,158,107,-1,107,158,159,-1,107,159,138,-1,139,160,107,-1,107,160,161,-1,107,161,70,-1,70,161,162,-1,162,163,70,-1,70,163,164,-1,70,164,165,-1,165,166,70,-1,70,166,167,-1,70,167,120,-1,53,55,57,-1,168,169,46,-1,59,49,57,-1,57,49,51,-1,57,51,53,-1,47,170,44,-1,44,170,171,-1,44,171,46,-1,46,171,172,-1,46,172,168,-1,173,174,107,-1,107,174,175,-1,107,175,176,-1,177,178,49,-1,49,178,179,-1,49,179,47,-1,47,179,180,-1,47,180,170,-1,169,181,46,-1,46,181,182,-1,46,182,107,-1,107,182,183,-1,107,183,173,-1,184,185,59,-1,176,186,107,-1,107,186,187,-1,107,187,59,-1,59,187,188,-1,59,188,184,-1,185,189,59,-1,59,189,190,-1,59,190,49,-1,49,190,191,-1,49,191,177,-1,192,107,193,-1,193,107,194,-1,195,196,37,-1,37,196,197,-1,37,197,30,-1,30,197,198,-1,30,198,199,-1,199,200,30,-1,30,200,201,-1,30,201,107,-1,107,201,202,-1,107,202,194,-1,203,204,46,-1,46,204,205,-1,192,206,107,-1,107,206,207,-1,107,207,46,-1,46,207,208,-1,46,208,203,-1,209,210,41,-1,41,210,211,-1,41,211,37,-1,37,211,212,-1,37,212,195,-1,205,213,46,-1,46,213,214,-1,46,214,41,-1,41,214,215,-1,41,215,209,-1,216,217,62,-1,218,219,220,-1,45,221,222,-1,223,224,42,-1,42,224,225,-1,42,225,45,-1,45,225,226,-1,45,226,221,-1,222,227,45,-1,45,227,228,-1,45,228,229,-1,220,230,218,-1,218,230,231,-1,218,231,20,-1,20,231,232,-1,20,232,233,-1,233,234,20,-1,20,234,235,-1,20,235,23,-1,23,235,236,-1,23,236,237,-1,237,238,23,-1,23,238,239,-1,23,239,42,-1,42,239,240,-1,42,240,223,-1,229,241,218,-1,218,241,242,-1,218,242,219,-1,243,244,45,-1,45,244,245,-1,50,246,247,-1,229,218,45,-1,45,218,248,-1,45,248,243,-1,245,249,45,-1,45,249,250,-1,45,250,43,-1,43,250,251,-1,43,251,48,-1,48,251,252,-1,48,252,50,-1,50,252,253,-1,50,253,246,-1,254,255,60,-1,254,60,256,-1,247,256,50,-1,50,256,60,-1,50,60,52,-1,52,60,58,-1,52,58,54,-1,54,58,56,-1,255,257,60,-1,60,257,258,-1,60,258,259,-1,260,261,218,-1,261,262,218,-1,218,262,263,-1,218,263,264,-1,264,265,218,-1,218,265,266,-1,218,266,248,-1,216,62,267,-1,268,269,69,-1,69,66,270,-1,271,60,218,-1,218,60,259,-1,218,259,260,-1,272,273,274,-1,271,275,60,-1,60,275,276,-1,60,276,277,-1,64,62,66,-1,66,62,217,-1,66,217,270,-1,277,278,60,-1,60,278,279,-1,60,279,62,-1,62,279,280,-1,62,280,281,-1,282,283,271,-1,270,284,69,-1,69,284,285,-1,69,285,272,-1,268,69,286,-1,287,288,218,-1,218,288,289,-1,281,290,62,-1,62,290,291,-1,62,291,267,-1,282,271,292,-1,272,274,69,-1,69,274,293,-1,69,293,286,-1,269,294,69,-1,69,294,295,-1,69,295,218,-1,218,295,296,-1,218,296,287,-1,289,297,218,-1,218,297,298,-1,218,298,299,-1,299,300,218,-1,218,300,301,-1,218,301,271,-1,271,301,302,-1,271,302,292,-1,303,304,305,-1,272,306,273,-1,273,306,303,-1,273,303,307,-1,307,303,305,-1,304,308,305,-1,305,308,309,-1,305,309,310,-1,310,309,311,-1,310,311,283,-1,283,311,312,-1,283,312,271,-1,218,313,314,-1,315,316,69,-1,69,316,317,-1,69,317,67,-1,314,318,218,-1,218,318,319,-1,218,319,320,-1,20,19,321,-1,321,322,20,-1,20,322,323,-1,20,323,218,-1,218,323,324,-1,218,324,313,-1,317,325,67,-1,67,325,326,-1,67,326,327,-1,328,329,19,-1,19,329,330,-1,19,330,321,-1,320,331,218,-1,218,331,332,-1,218,332,69,-1,69,332,333,-1,69,333,315,-1,327,334,67,-1,67,334,335,-1,67,335,19,-1,19,335,336,-1,19,336,328,-1,14,8,17,-1,17,8,7,-1,3,12,4,-1,4,12,15,-1,337,338,339,-1,339,338,340,-1,5,6,11,-1,11,6,16,-1,11,16,339,-1,339,16,337,-1,341,342,13,-1,13,342,18,-1,13,18,10,-1,10,18,9,-1,343,342,344,-1,344,342,341,-1,2,1,345,-1,346,347,348,-1,348,347,343,-1,348,343,345,-1,345,343,344,-1,345,344,2,-1,347,346,349,-1,349,346,350,-1,349,350,351,-1,352,349,353,-1,353,349,351,-1,338,352,340,-1,340,352,353,-1,337,16,343,-1,343,16,18,-1,343,18,342,-1,352,338,349,-1,349,338,337,-1,349,337,347,-1,347,337,343,-1,354,0,2,-1,351,350,353,-1,353,350,355,-1,341,13,344,-1,344,13,11,-1,344,11,339,-1,2,344,354,-1,354,344,339,-1,354,339,355,-1,355,339,340,-1,355,340,353,-1,196,356,197,-1,197,356,357,-1,197,357,198,-1,198,357,358,-1,198,358,199,-1,199,358,359,-1,199,359,200,-1,200,359,360,-1,200,360,201,-1,201,360,361,-1,201,361,202,-1,202,361,362,-1,202,362,194,-1,194,362,363,-1,194,363,193,-1,193,363,364,-1,193,364,192,-1,192,364,365,-1,192,365,206,-1,206,365,366,-1,206,366,207,-1,207,366,367,-1,207,367,208,-1,208,367,368,-1,208,368,203,-1,203,368,369,-1,203,369,204,-1,204,369,370,-1,204,370,205,-1,205,370,371,-1,205,371,213,-1,213,371,372,-1,213,372,214,-1,214,372,373,-1,214,373,215,-1,215,373,374,-1,215,374,209,-1,209,374,375,-1,209,375,210,-1,210,375,376,-1,210,376,211,-1,211,376,377,-1,211,377,212,-1,212,377,378,-1,212,378,195,-1,195,378,379,-1,195,379,196,-1,196,379,356,-1,369,368,380,-1,380,368,367,-1,380,367,366,-1,372,371,380,-1,380,371,370,-1,380,370,369,-1,375,374,380,-1,380,374,373,-1,380,373,372,-1,378,377,380,-1,380,377,376,-1,380,376,375,-1,357,356,380,-1,380,356,379,-1,380,379,378,-1,360,359,380,-1,380,359,358,-1,380,358,357,-1,363,362,380,-1,380,362,361,-1,380,361,360,-1,366,365,380,-1,380,365,364,-1,380,364,363,-1,182,381,183,-1,183,381,382,-1,183,382,173,-1,173,382,383,-1,173,383,174,-1,174,383,384,-1,174,384,175,-1,175,384,385,-1,175,385,176,-1,176,385,386,-1,176,386,186,-1,186,386,387,-1,186,387,187,-1,187,387,388,-1,187,388,188,-1,188,388,389,-1,188,389,184,-1,184,389,390,-1,184,390,185,-1,185,390,391,-1,185,391,189,-1,189,391,392,-1,189,392,190,-1,190,392,393,-1,190,393,191,-1,191,393,394,-1,191,394,177,-1,177,394,395,-1,177,395,178,-1,178,395,396,-1,178,396,179,-1,179,396,397,-1,179,397,180,-1,180,397,398,-1,180,398,170,-1,170,398,399,-1,170,399,171,-1,171,399,400,-1,171,400,172,-1,172,400,401,-1,172,401,168,-1,168,401,402,-1,168,402,169,-1,169,402,403,-1,169,403,181,-1,181,403,404,-1,181,404,182,-1,182,404,381,-1,394,393,405,-1,405,393,392,-1,405,392,391,-1,397,396,405,-1,405,396,395,-1,405,395,394,-1,400,399,405,-1,405,399,398,-1,405,398,397,-1,403,402,405,-1,405,402,401,-1,405,401,400,-1,382,381,405,-1,405,381,404,-1,405,404,403,-1,385,384,405,-1,405,384,383,-1,405,383,382,-1,388,387,405,-1,405,387,386,-1,405,386,385,-1,391,390,405,-1,405,390,389,-1,405,389,388,-1,115,406,116,-1,116,406,407,-1,116,407,111,-1,111,407,408,-1,111,408,110,-1,110,408,409,-1,110,409,95,-1,95,409,410,-1,95,410,96,-1,96,410,411,-1,96,411,102,-1,102,411,412,-1,102,412,103,-1,103,412,413,-1,103,413,104,-1,104,413,414,-1,104,414,97,-1,97,414,415,-1,97,415,98,-1,98,415,416,-1,98,416,117,-1,117,416,417,-1,117,417,118,-1,118,417,418,-1,118,418,119,-1,119,418,419,-1,119,419,105,-1,105,419,420,-1,105,420,106,-1,106,420,421,-1,106,421,108,-1,108,421,422,-1,108,422,109,-1,109,422,423,-1,109,423,112,-1,112,423,424,-1,112,424,113,-1,113,424,425,-1,113,425,114,-1,114,425,426,-1,114,426,99,-1,99,426,427,-1,99,427,100,-1,100,427,428,-1,100,428,101,-1,101,428,429,-1,101,429,115,-1,115,429,406,-1,419,418,430,-1,430,418,417,-1,430,417,416,-1,422,421,430,-1,430,421,420,-1,430,420,419,-1,425,424,430,-1,430,424,423,-1,430,423,422,-1,428,427,430,-1,430,427,426,-1,430,426,425,-1,407,406,430,-1,430,406,429,-1,430,429,428,-1,410,409,430,-1,430,409,408,-1,430,408,407,-1,413,412,430,-1,430,412,411,-1,430,411,410,-1,416,415,430,-1,430,415,414,-1,430,414,413,-1,133,431,134,-1,134,431,432,-1,134,432,135,-1,135,432,433,-1,135,433,136,-1,136,433,434,-1,136,434,137,-1,137,434,435,-1,137,435,127,-1,127,435,436,-1,127,436,126,-1,126,436,437,-1,126,437,125,-1,125,437,438,-1,125,438,124,-1,124,438,439,-1,124,439,128,-1,128,439,440,-1,128,440,129,-1,129,440,441,-1,129,441,130,-1,130,441,442,-1,130,442,140,-1,140,442,443,-1,140,443,141,-1,141,443,444,-1,141,444,142,-1,142,444,445,-1,142,445,122,-1,122,445,446,-1,122,446,123,-1,123,446,447,-1,123,447,156,-1,156,447,448,-1,156,448,157,-1,157,448,449,-1,157,449,143,-1,143,449,450,-1,143,450,155,-1,155,450,451,-1,155,451,154,-1,154,451,452,-1,154,452,131,-1,131,452,453,-1,131,453,132,-1,132,453,454,-1,132,454,133,-1,133,454,431,-1,444,443,455,-1,455,443,442,-1,455,442,441,-1,447,446,455,-1,455,446,445,-1,455,445,444,-1,450,449,455,-1,455,449,448,-1,455,448,447,-1,453,452,455,-1,455,452,451,-1,455,451,450,-1,432,431,455,-1,455,431,454,-1,455,454,453,-1,435,434,455,-1,455,434,433,-1,455,433,432,-1,438,437,455,-1,455,437,436,-1,455,436,435,-1,441,440,455,-1,455,440,439,-1,455,439,438,-1,162,456,163,-1,163,456,457,-1,163,457,164,-1,164,457,458,-1,164,458,165,-1,165,458,459,-1,165,459,166,-1,166,459,460,-1,166,460,167,-1,167,460,461,-1,167,461,120,-1,120,461,462,-1,120,462,121,-1,121,462,463,-1,121,463,152,-1,152,463,464,-1,152,464,153,-1,153,464,465,-1,153,465,144,-1,144,465,466,-1,144,466,145,-1,145,466,467,-1,145,467,149,-1,149,467,468,-1,149,468,150,-1,150,468,469,-1,150,469,151,-1,151,469,470,-1,151,470,146,-1,146,470,471,-1,146,471,147,-1,147,471,472,-1,147,472,148,-1,148,472,473,-1,148,473,158,-1,158,473,474,-1,158,474,159,-1,159,474,475,-1,159,475,138,-1,138,475,476,-1,138,476,139,-1,139,476,477,-1,139,477,160,-1,160,477,478,-1,160,478,161,-1,161,478,479,-1,161,479,162,-1,162,479,456,-1,469,468,480,-1,480,468,467,-1,480,467,466,-1,472,471,480,-1,480,471,470,-1,480,470,469,-1,475,474,480,-1,480,474,473,-1,480,473,472,-1,478,477,480,-1,480,477,476,-1,480,476,475,-1,457,456,480,-1,480,456,479,-1,480,479,478,-1,460,459,480,-1,480,459,458,-1,480,458,457,-1,463,462,480,-1,480,462,461,-1,480,461,460,-1,466,465,480,-1,480,465,464,-1,480,464,463,-1,481,329,482,-1,482,329,328,-1,482,328,483,-1,483,328,336,-1,483,336,484,-1,484,336,335,-1,484,335,485,-1,485,335,334,-1,485,334,486,-1,486,334,327,-1,486,327,487,-1,487,327,326,-1,487,326,488,-1,488,326,325,-1,488,325,489,-1,489,325,317,-1,489,317,490,-1,490,317,316,-1,490,316,491,-1,491,316,315,-1,491,315,492,-1,492,315,333,-1,492,333,493,-1,493,333,332,-1,493,332,494,-1,494,332,331,-1,494,331,495,-1,495,331,320,-1,495,320,496,-1,496,320,319,-1,496,319,497,-1,497,319,318,-1,497,318,498,-1,498,318,314,-1,498,314,499,-1,499,314,313,-1,499,313,500,-1,500,313,324,-1,500,324,501,-1,501,324,323,-1,501,323,502,-1,502,323,322,-1,502,322,503,-1,503,322,321,-1,503,321,504,-1,504,321,330,-1,504,330,481,-1,481,330,329,-1,503,504,505,-1,505,504,481,-1,505,481,482,-1,500,501,505,-1,505,501,502,-1,505,502,503,-1,497,498,505,-1,505,498,499,-1,505,499,500,-1,494,495,505,-1,505,495,496,-1,505,496,497,-1,491,492,505,-1,505,492,493,-1,505,493,494,-1,488,489,505,-1,505,489,490,-1,505,490,491,-1,485,486,505,-1,505,486,487,-1,505,487,488,-1,482,483,505,-1,505,483,484,-1,505,484,485,-1,506,295,507,-1,507,295,294,-1,507,294,508,-1,508,294,269,-1,508,269,509,-1,509,269,268,-1,509,268,510,-1,510,268,286,-1,510,286,511,-1,511,286,293,-1,511,293,512,-1,512,293,274,-1,512,274,513,-1,513,274,273,-1,513,273,514,-1,514,273,307,-1,514,307,515,-1,515,307,305,-1,515,305,516,-1,516,305,310,-1,516,310,517,-1,517,310,283,-1,517,283,518,-1,518,283,282,-1,518,282,519,-1,519,282,292,-1,519,292,520,-1,520,292,302,-1,520,302,521,-1,521,302,301,-1,521,301,522,-1,522,301,300,-1,522,300,523,-1,523,300,299,-1,523,299,524,-1,524,299,298,-1,524,298,525,-1,525,298,297,-1,525,297,526,-1,526,297,289,-1,526,289,527,-1,527,289,288,-1,527,288,528,-1,528,288,287,-1,528,287,529,-1,529,287,296,-1,529,296,506,-1,506,296,295,-1,528,529,530,-1,530,529,506,-1,530,506,507,-1,525,526,530,-1,530,526,527,-1,530,527,528,-1,522,523,530,-1,530,523,524,-1,530,524,525,-1,519,520,530,-1,530,520,521,-1,530,521,522,-1,516,517,530,-1,530,517,518,-1,530,518,519,-1,513,514,530,-1,530,514,515,-1,530,515,516,-1,510,511,530,-1,530,511,512,-1,530,512,513,-1,507,508,530,-1,530,508,509,-1,530,509,510,-1,531,237,532,-1,532,237,236,-1,532,236,533,-1,533,236,235,-1,533,235,534,-1,534,235,234,-1,534,234,535,-1,535,234,233,-1,535,233,536,-1,536,233,232,-1,536,232,537,-1,537,232,231,-1,537,231,538,-1,538,231,230,-1,538,230,539,-1,539,230,220,-1,539,220,540,-1,540,220,219,-1,540,219,541,-1,541,219,242,-1,541,242,542,-1,542,242,241,-1,542,241,543,-1,543,241,229,-1,543,229,544,-1,544,229,228,-1,544,228,545,-1,545,228,227,-1,545,227,546,-1,546,227,222,-1,546,222,547,-1,547,222,221,-1,547,221,548,-1,548,221,226,-1,548,226,549,-1,549,226,225,-1,549,225,550,-1,550,225,224,-1,550,224,551,-1,551,224,223,-1,551,223,552,-1,552,223,240,-1,552,240,553,-1,553,240,239,-1,553,239,554,-1,554,239,238,-1,554,238,531,-1,531,238,237,-1,553,554,555,-1,555,554,531,-1,555,531,532,-1,550,551,555,-1,555,551,552,-1,555,552,553,-1,547,548,555,-1,555,548,549,-1,555,549,550,-1,544,545,555,-1,555,545,546,-1,555,546,547,-1,541,542,555,-1,555,542,543,-1,555,543,544,-1,538,539,555,-1,555,539,540,-1,555,540,541,-1,535,536,555,-1,555,536,537,-1,555,537,538,-1,532,533,555,-1,555,533,534,-1,555,534,535,-1,556,248,557,-1,557,248,266,-1,557,266,558,-1,558,266,265,-1,558,265,559,-1,559,265,264,-1,559,264,560,-1,560,264,263,-1,560,263,561,-1,561,263,262,-1,561,262,562,-1,562,262,261,-1,562,261,563,-1,563,261,260,-1,563,260,564,-1,564,260,259,-1,564,259,565,-1,565,259,258,-1,565,258,566,-1,566,258,257,-1,566,257,567,-1,567,257,255,-1,567,255,568,-1,568,255,254,-1,568,254,569,-1,569,254,256,-1,569,256,570,-1,570,256,247,-1,570,247,571,-1,571,247,246,-1,571,246,572,-1,572,246,253,-1,572,253,573,-1,573,253,252,-1,573,252,574,-1,574,252,251,-1,574,251,575,-1,575,251,250,-1,575,250,576,-1,576,250,249,-1,576,249,577,-1,577,249,245,-1,577,245,578,-1,578,245,244,-1,578,244,579,-1,579,244,243,-1,579,243,556,-1,556,243,248,-1,578,579,580,-1,580,579,556,-1,580,556,557,-1,575,576,580,-1,580,576,577,-1,580,577,578,-1,572,573,580,-1,580,573,574,-1,580,574,575,-1,569,570,580,-1,580,570,571,-1,580,571,572,-1,566,567,580,-1,580,567,568,-1,580,568,569,-1,563,564,580,-1,580,564,565,-1,580,565,566,-1,560,561,580,-1,580,561,562,-1,580,562,563,-1,557,558,580,-1,580,558,559,-1,580,559,560,-1,581,304,582,-1,582,304,303,-1,582,303,583,-1,583,303,306,-1,583,306,584,-1,584,306,272,-1,584,272,585,-1,585,272,285,-1,585,285,586,-1,586,285,284,-1,586,284,587,-1,587,284,270,-1,587,270,588,-1,588,270,217,-1,588,217,589,-1,589,217,216,-1,589,216,590,-1,590,216,267,-1,590,267,591,-1,591,267,291,-1,591,291,592,-1,592,291,290,-1,592,290,593,-1,593,290,281,-1,593,281,594,-1,594,281,280,-1,594,280,595,-1,595,280,279,-1,595,279,596,-1,596,279,278,-1,596,278,597,-1,597,278,277,-1,597,277,598,-1,598,277,276,-1,598,276,599,-1,599,276,275,-1,599,275,600,-1,600,275,271,-1,600,271,601,-1,601,271,312,-1,601,312,602,-1,602,312,311,-1,602,311,603,-1,603,311,309,-1,603,309,604,-1,604,309,308,-1,604,308,581,-1,581,308,304,-1,603,604,605,-1,605,604,581,-1,605,581,582,-1,600,601,605,-1,605,601,602,-1,605,602,603,-1,597,598,605,-1,605,598,599,-1,605,599,600,-1,594,595,605,-1,605,595,596,-1,605,596,597,-1,591,592,605,-1,605,592,593,-1,605,593,594,-1,588,589,605,-1,605,589,590,-1,605,590,591,-1,585,586,605,-1,605,586,587,-1,605,587,588,-1,582,583,605,-1,605,583,584,-1,605,584,585,-1,354,345,0,-1,0,345,1,-1,350,346,355,-1,355,346,348,-1,355,348,354,-1,354,348,345,-1,606,607,608,-1,608,607,609,-1,610,611,612,-1,612,611,613,-1,614,615,616,-1,616,615,617,-1,609,607,611,-1,618,619,607,-1,618,607,620,-1,620,607,621,-1,620,621,622,-1,623,624,625,-1,626,627,628,-1,628,627,620,-1,628,620,629,-1,629,620,622,-1,619,617,607,-1,607,617,615,-1,607,615,630,-1,628,631,626,-1,626,631,632,-1,626,632,633,-1,633,634,626,-1,626,634,635,-1,626,635,636,-1,623,625,637,-1,636,638,626,-1,626,638,639,-1,626,639,640,-1,630,641,607,-1,607,641,642,-1,607,642,643,-1,609,611,625,-1,625,611,644,-1,625,644,637,-1,643,645,607,-1,607,645,613,-1,607,613,611,-1,607,606,646,-1,607,646,621,-1,606,647,646,-1,646,647,648,-1,646,648,649,-1,619,650,617,-1,617,650,651,-1,651,652,653,-1,653,654,651,-1,651,654,616,-1,651,616,617,-1,618,620,655,-1,655,656,618,-1,618,656,657,-1,618,657,619,-1,619,657,658,-1,619,658,650,-1,627,626,659,-1,659,660,627,-1,627,660,661,-1,627,661,620,-1,620,661,662,-1,620,662,655,-1,640,639,663,-1,663,664,640,-1,640,664,665,-1,640,665,626,-1,626,665,666,-1,626,666,659,-1,638,636,667,-1,667,668,638,-1,638,668,669,-1,638,669,639,-1,639,669,670,-1,639,670,663,-1,635,671,636,-1,636,671,672,-1,636,672,667,-1,634,673,635,-1,635,673,674,-1,635,674,671,-1,633,675,634,-1,634,675,676,-1,634,676,673,-1,632,677,633,-1,633,677,678,-1,633,678,675,-1,631,679,632,-1,632,679,680,-1,632,680,677,-1,628,681,631,-1,631,681,682,-1,631,682,679,-1,629,683,628,-1,628,683,684,-1,628,684,681,-1,622,685,629,-1,629,685,686,-1,629,686,683,-1,646,687,621,-1,621,687,688,-1,621,688,622,-1,622,688,689,-1,622,689,685,-1,608,609,690,-1,690,609,625,-1,690,625,691,-1,691,625,624,-1,691,624,692,-1,692,624,623,-1,692,623,693,-1,693,623,637,-1,693,637,694,-1,694,637,644,-1,694,644,610,-1,610,644,611,-1,612,613,695,-1,695,613,645,-1,695,645,696,-1,696,645,643,-1,696,643,697,-1,697,643,642,-1,697,642,698,-1,698,642,641,-1,698,641,699,-1,699,641,630,-1,699,630,614,-1,614,630,615,-1,608,690,700,-1,700,690,701,-1,700,701,702,-1,702,701,703,-1,702,703,704,-1,704,703,705,-1,704,705,706,-1,706,705,707,-1,706,707,708,-1,708,707,709,-1,708,709,26,-1,26,709,31,-1,690,691,701,-1,701,691,710,-1,701,710,703,-1,703,710,711,-1,703,711,705,-1,705,711,712,-1,705,712,707,-1,707,712,713,-1,707,713,709,-1,709,713,714,-1,709,714,31,-1,31,714,27,-1,691,692,710,-1,710,692,715,-1,710,715,711,-1,711,715,716,-1,711,716,712,-1,712,716,717,-1,712,717,713,-1,713,717,718,-1,713,718,714,-1,714,718,719,-1,714,719,27,-1,27,719,21,-1,692,693,715,-1,715,693,720,-1,715,720,716,-1,716,720,721,-1,716,721,717,-1,717,721,722,-1,717,722,718,-1,718,722,723,-1,718,723,719,-1,719,723,724,-1,719,724,21,-1,21,724,22,-1,693,694,720,-1,720,694,725,-1,720,725,721,-1,721,725,726,-1,721,726,722,-1,722,726,727,-1,722,727,723,-1,723,727,728,-1,723,728,724,-1,724,728,729,-1,724,729,22,-1,22,729,38,-1,694,610,725,-1,725,610,730,-1,725,730,726,-1,726,730,731,-1,726,731,727,-1,727,731,732,-1,727,732,728,-1,728,732,733,-1,728,733,729,-1,729,733,734,-1,729,734,38,-1,38,734,39,-1,606,608,647,-1,647,608,700,-1,735,736,702,-1,702,736,649,-1,702,649,700,-1,700,649,648,-1,700,648,647,-1,737,738,704,-1,704,738,739,-1,704,739,702,-1,702,739,740,-1,702,740,735,-1,741,742,704,-1,704,742,743,-1,704,743,737,-1,744,745,706,-1,706,745,746,-1,706,746,704,-1,704,746,747,-1,704,747,741,-1,26,25,708,-1,708,25,86,-1,86,85,708,-1,708,85,748,-1,708,748,706,-1,706,748,749,-1,706,749,744,-1,610,612,750,-1,610,750,730,-1,730,750,751,-1,730,751,731,-1,731,751,752,-1,731,752,732,-1,732,752,753,-1,732,753,733,-1,733,753,754,-1,733,754,734,-1,734,754,40,-1,734,40,39,-1,755,652,651,-1,756,757,758,-1,759,760,761,-1,762,763,764,-1,765,766,767,-1,768,769,770,-1,82,771,772,-1,771,773,772,-1,772,773,774,-1,772,774,775,-1,744,749,776,-1,776,749,748,-1,746,745,777,-1,777,745,744,-1,778,747,746,-1,737,743,779,-1,743,742,779,-1,779,742,741,-1,779,741,747,-1,735,740,780,-1,740,739,780,-1,780,739,738,-1,780,738,737,-1,781,736,735,-1,657,782,783,-1,755,651,784,-1,784,651,650,-1,784,650,783,-1,783,650,658,-1,783,658,657,-1,661,785,786,-1,657,656,782,-1,782,656,655,-1,782,655,786,-1,786,655,662,-1,786,662,661,-1,665,787,788,-1,661,660,785,-1,785,660,659,-1,785,659,788,-1,788,659,666,-1,788,666,665,-1,665,664,787,-1,787,664,663,-1,787,663,789,-1,789,663,670,-1,789,670,790,-1,790,670,669,-1,669,668,790,-1,790,668,667,-1,790,667,791,-1,667,672,791,-1,791,672,671,-1,791,671,792,-1,792,671,674,-1,792,674,793,-1,793,674,673,-1,793,673,794,-1,673,676,794,-1,794,676,675,-1,794,675,795,-1,795,675,678,-1,678,677,795,-1,795,677,680,-1,795,680,796,-1,684,797,798,-1,680,679,796,-1,796,679,682,-1,796,682,798,-1,798,682,681,-1,798,681,684,-1,689,799,800,-1,684,683,797,-1,797,683,686,-1,797,686,800,-1,800,686,685,-1,800,685,689,-1,689,688,799,-1,799,688,687,-1,799,687,781,-1,781,687,646,-1,781,646,736,-1,736,646,649,-1,735,801,781,-1,781,801,802,-1,781,802,799,-1,799,802,803,-1,799,803,800,-1,800,803,804,-1,800,804,797,-1,797,804,805,-1,797,805,798,-1,798,805,806,-1,798,806,796,-1,796,806,807,-1,796,807,795,-1,795,807,808,-1,795,808,794,-1,794,808,809,-1,794,809,793,-1,793,809,810,-1,793,810,792,-1,792,810,811,-1,792,811,791,-1,791,811,812,-1,791,812,790,-1,790,812,813,-1,790,813,789,-1,789,813,814,-1,789,814,787,-1,787,814,815,-1,787,815,788,-1,788,815,816,-1,788,816,785,-1,785,816,817,-1,785,817,786,-1,786,817,818,-1,786,818,782,-1,782,818,819,-1,782,819,783,-1,783,819,756,-1,783,756,784,-1,784,756,758,-1,784,758,755,-1,735,780,801,-1,801,780,820,-1,801,820,802,-1,802,820,821,-1,802,821,803,-1,803,821,822,-1,803,822,804,-1,804,822,823,-1,804,823,805,-1,805,823,824,-1,805,824,806,-1,806,824,825,-1,806,825,807,-1,807,825,826,-1,807,826,808,-1,808,826,827,-1,808,827,809,-1,809,827,828,-1,809,828,810,-1,810,828,829,-1,810,829,811,-1,811,829,830,-1,811,830,812,-1,812,830,831,-1,812,831,813,-1,813,831,832,-1,813,832,814,-1,814,832,833,-1,814,833,815,-1,815,833,834,-1,815,834,816,-1,816,834,835,-1,816,835,817,-1,817,835,836,-1,817,836,818,-1,818,836,837,-1,818,837,819,-1,819,837,759,-1,819,759,756,-1,756,759,761,-1,756,761,757,-1,737,838,780,-1,780,838,839,-1,780,839,820,-1,820,839,840,-1,820,840,821,-1,821,840,841,-1,821,841,822,-1,822,841,842,-1,822,842,823,-1,823,842,843,-1,823,843,824,-1,824,843,844,-1,824,844,825,-1,825,844,845,-1,825,845,826,-1,826,845,846,-1,826,846,827,-1,827,846,847,-1,827,847,828,-1,828,847,848,-1,828,848,829,-1,829,848,849,-1,829,849,830,-1,830,849,850,-1,830,850,831,-1,831,850,851,-1,831,851,832,-1,832,851,852,-1,832,852,833,-1,833,852,853,-1,833,853,834,-1,834,853,854,-1,834,854,835,-1,835,854,855,-1,835,855,836,-1,836,855,856,-1,836,856,837,-1,837,856,762,-1,837,762,759,-1,759,762,764,-1,759,764,760,-1,737,779,838,-1,838,779,857,-1,838,857,839,-1,839,857,858,-1,839,858,840,-1,840,858,859,-1,840,859,841,-1,841,859,860,-1,841,860,842,-1,842,860,861,-1,842,861,843,-1,843,861,862,-1,843,862,844,-1,844,862,863,-1,844,863,845,-1,845,863,864,-1,845,864,846,-1,846,864,865,-1,846,865,847,-1,847,865,866,-1,847,866,848,-1,848,866,867,-1,848,867,849,-1,849,867,868,-1,849,868,850,-1,850,868,869,-1,850,869,851,-1,851,869,870,-1,851,870,852,-1,852,870,871,-1,852,871,853,-1,853,871,872,-1,853,872,854,-1,854,872,873,-1,854,873,855,-1,855,873,874,-1,855,874,856,-1,856,874,765,-1,856,765,762,-1,762,765,767,-1,762,767,763,-1,747,778,779,-1,779,778,875,-1,779,875,857,-1,857,875,876,-1,857,876,858,-1,858,876,877,-1,858,877,859,-1,859,877,878,-1,859,878,860,-1,860,878,879,-1,860,879,861,-1,861,879,880,-1,861,880,862,-1,862,880,881,-1,862,881,863,-1,863,881,882,-1,863,882,864,-1,864,882,883,-1,864,883,865,-1,865,883,884,-1,865,884,866,-1,866,884,885,-1,866,885,867,-1,867,885,886,-1,867,886,868,-1,868,886,887,-1,868,887,869,-1,869,887,888,-1,869,888,870,-1,870,888,889,-1,870,889,871,-1,871,889,890,-1,871,890,872,-1,872,890,891,-1,872,891,873,-1,873,891,892,-1,873,892,874,-1,874,892,768,-1,874,768,765,-1,765,768,770,-1,765,770,766,-1,746,777,778,-1,778,777,893,-1,778,893,875,-1,875,893,894,-1,875,894,876,-1,876,894,895,-1,876,895,877,-1,877,895,896,-1,877,896,878,-1,878,896,897,-1,878,897,879,-1,879,897,898,-1,879,898,880,-1,880,898,899,-1,880,899,881,-1,881,899,900,-1,881,900,882,-1,882,900,901,-1,882,901,883,-1,883,901,902,-1,883,902,884,-1,884,902,903,-1,884,903,885,-1,885,903,904,-1,885,904,886,-1,886,904,905,-1,886,905,887,-1,887,905,906,-1,887,906,888,-1,888,906,907,-1,888,907,889,-1,889,907,908,-1,889,908,890,-1,890,908,909,-1,890,909,891,-1,891,909,910,-1,891,910,892,-1,892,910,911,-1,892,911,768,-1,768,911,912,-1,768,912,769,-1,744,776,777,-1,777,776,913,-1,777,913,893,-1,893,913,914,-1,893,914,894,-1,894,914,915,-1,894,915,895,-1,895,915,916,-1,895,916,896,-1,896,916,917,-1,896,917,897,-1,897,917,918,-1,897,918,898,-1,898,918,919,-1,898,919,899,-1,899,919,920,-1,899,920,900,-1,900,920,921,-1,900,921,901,-1,901,921,922,-1,901,922,902,-1,902,922,923,-1,902,923,903,-1,903,923,924,-1,903,924,904,-1,904,924,925,-1,904,925,905,-1,905,925,926,-1,905,926,906,-1,906,926,927,-1,906,927,907,-1,907,927,928,-1,907,928,908,-1,908,928,929,-1,908,929,909,-1,909,929,930,-1,909,930,910,-1,910,930,772,-1,910,772,911,-1,911,772,775,-1,911,775,912,-1,82,772,83,-1,83,772,930,-1,83,930,87,-1,87,930,929,-1,87,929,88,-1,88,929,928,-1,88,928,92,-1,92,928,927,-1,92,927,93,-1,93,927,926,-1,93,926,94,-1,94,926,925,-1,94,925,73,-1,73,925,924,-1,73,924,74,-1,74,924,923,-1,74,923,75,-1,75,923,922,-1,75,922,72,-1,72,922,921,-1,72,921,71,-1,71,921,920,-1,71,920,76,-1,76,920,919,-1,76,919,77,-1,77,919,918,-1,77,918,78,-1,78,918,917,-1,78,917,89,-1,89,917,916,-1,89,916,90,-1,90,916,915,-1,90,915,91,-1,91,915,914,-1,91,914,84,-1,84,914,913,-1,84,913,79,-1,79,913,776,-1,79,776,80,-1,80,776,748,-1,80,748,85,-1,612,695,750,-1,750,695,931,-1,750,931,751,-1,751,931,932,-1,751,932,752,-1,752,932,933,-1,752,933,753,-1,753,933,934,-1,753,934,754,-1,754,934,935,-1,754,935,40,-1,40,935,32,-1,695,696,931,-1,931,696,936,-1,931,936,932,-1,932,936,937,-1,932,937,933,-1,933,937,938,-1,933,938,934,-1,934,938,939,-1,934,939,935,-1,935,939,940,-1,935,940,32,-1,32,940,28,-1,696,697,936,-1,936,697,941,-1,936,941,937,-1,937,941,942,-1,937,942,938,-1,938,942,943,-1,938,943,939,-1,939,943,944,-1,939,944,940,-1,940,944,945,-1,940,945,28,-1,28,945,29,-1,697,698,941,-1,941,698,946,-1,941,946,942,-1,942,946,947,-1,942,947,943,-1,943,947,948,-1,943,948,944,-1,944,948,949,-1,944,949,945,-1,945,949,950,-1,945,950,29,-1,29,950,33,-1,698,699,946,-1,946,699,951,-1,946,951,947,-1,947,951,952,-1,947,952,948,-1,948,952,953,-1,948,953,949,-1,949,953,954,-1,949,954,950,-1,950,954,955,-1,950,955,33,-1,33,955,34,-1,699,614,951,-1,951,614,956,-1,951,956,952,-1,952,956,957,-1,952,957,953,-1,953,957,958,-1,953,958,954,-1,954,958,959,-1,954,959,955,-1,955,959,960,-1,955,960,34,-1,34,960,35,-1,36,35,81,-1,81,35,960,-1,81,960,82,-1,775,774,959,-1,959,774,773,-1,959,773,960,-1,960,773,771,-1,960,771,82,-1,763,767,958,-1,958,767,766,-1,766,770,958,-1,958,770,769,-1,958,769,959,-1,959,769,912,-1,959,912,775,-1,957,760,958,-1,958,760,764,-1,958,764,763,-1,755,758,957,-1,758,757,957,-1,957,757,761,-1,957,761,760,-1,956,614,616,-1,616,654,956,-1,956,654,653,-1,956,653,957,-1,957,653,652,-1,957,652,755,-1,
        ]
    }
}
Shape{
    appearance Appearance {
        material  Material 	{
            diffuseColor 0.6666666666666666 0.6980392156862745 0.7686274509803922
            specularColor 0.3333333333333333 0.34901960784313724 0.3843137254901961
            ambientIntensity 0.6967
            transparency 0.0
            shininess 0.5
        }
    }
    geometry IndexedFaceSet {
        ccw TRUE
        solid FALSE
        coord DEF co Coordinate {
            point [
                1.2386 -1.087 0.1705, 1.2386 -1.087 -0.6904, 1.5339 -1.087 0.1705, 1.5339 -1.087 -0.6904, 1.2386 -0.9295 0.1705, 1.5339 -0.9295 0.1705, 1.2386 -0.9295 -0.6904, 1.5339 -0.9295 -0.6904, 1.2386 -0.8841 -0.7691, 1.5339 -0.8841 -0.7691, 1.5339 -0.8707 -0.7992, 1.2386 -0.8707 -0.7992, 1.5339 -0.8638 -0.8314, 1.2386 -0.8638 -0.8314, 1.5339 -0.8638 -0.8643, 1.2386 -0.8638 -0.8643, 1.5339 -0.8707 -0.8965, 1.2386 -0.8707 -0.8965, 1.5339 -0.8841 -0.9266, 1.2386 -0.8841 -0.9266, 1.2386 -0.9295 -1.0053, 1.5339 -0.9295 -1.0053, 1.4653 -0.9295 -1.378, 1.3071 -0.9295 -1.378, 1.5339 -0.9295 -1.122, 1.2386 -0.9295 -1.122, 1.4653 -1.087 -1.378, 1.3071 -1.087 -1.378, 1.5339 -1.087 -1.0053, 1.2386 -1.087 -1.0053, 1.5339 -1.087 -1.122, 1.2386 -1.087 -1.122, 1.5339 -1.0846 -0.978, 1.2386 -1.0846 -0.978, 1.5339 -1.0775 -0.9515, 1.2386 -1.0775 -0.9515, 1.5339 -1.0659 -0.9266, 1.2386 -1.0659 -0.9266, 1.2386 -1.0204 -0.8479, 1.5339 -1.0204 -0.8479, 1.2386 -1.0659 -0.7691, 1.5339 -1.0659 -0.7691, 1.5339 -1.0775 -0.7442, 1.2386 -1.0775 -0.7442, 1.5339 -1.0846 -0.7177, 1.2386 -1.0846 -0.7177, -0.1394 0.9209 0.1705, -0.1394 0.9209 -0.6904, 0.1559 0.9209 0.1705, 0.1559 0.9209 -0.6904, -0.1394 1.0783 0.1705, 0.1559 1.0783 0.1705, -0.1394 1.0783 -0.6904, 0.1559 1.0783 -0.6904, -0.1394 1.1238 -0.7691, 0.1559 1.1238 -0.7691, 0.1559 1.1372 -0.7992, -0.1394 1.1372 -0.7992, 0.1559 1.144 -0.8314, -0.1394 1.144 -0.8314, 0.1559 1.144 -0.8643, -0.1394 1.144 -0.8643, 0.1559 1.1372 -0.8965, -0.1394 1.1372 -0.8965, 0.1559 1.1238 -0.9266, -0.1394 1.1238 -0.9266, -0.1394 1.0783 -1.0053, 0.1559 1.0783 -1.0053, 0.0873 1.0783 -1.378, -0.0708 1.0783 -1.378, 0.1559 1.0783 -1.122, -0.1394 1.0783 -1.122, 0.0873 0.9209 -1.378, -0.0708 0.9209 -1.378, 0.1559 0.9209 -1.0053, -0.1394 0.9209 -1.0053, 0.1559 0.9209 -1.122, -0.1394 0.9209 -1.122, 0.1559 0.9233 -0.978, -0.1394 0.9233 -0.978, 0.1559 0.9304 -0.9515, -0.1394 0.9304 -0.9515, 0.1559 0.942 -0.9266, -0.1394 0.942 -0.9266, -0.1394 0.9874 -0.8479, 0.1559 0.9874 -0.8479, -0.1394 0.942 -0.7691, 0.1559 0.942 -0.7691, 0.1559 0.9304 -0.7442, -0.1394 0.9304 -0.7442, 0.1559 0.9233 -0.7177, -0.1394 0.9233 -0.7177, -1.5173 -1.087 0.1705, -1.5173 -1.087 -0.6904, -1.2221 -1.087 0.1705, -1.2221 -1.087 -0.6904, -1.5173 -0.9295 0.1705, -1.2221 -0.9295 0.1705, -1.5173 -0.9295 -0.6904, -1.2221 -0.9295 -0.6904, -1.5173 -0.8841 -0.7691, -1.2221 -0.8841 -0.7691, -1.2221 -0.8707 -0.7992, -1.5173 -0.8707 -0.7992, -1.2221 -0.8638 -0.8314, -1.5173 -0.8638 -0.8314, -1.2221 -0.8638 -0.8643, -1.5173 -0.8638 -0.8643, -1.2221 -0.8707 -0.8965, -1.5173 -0.8707 -0.8965, -1.2221 -0.8841 -0.9266, -1.5173 -0.8841 -0.9266, -1.5173 -0.9295 -1.0053, -1.2221 -0.9295 -1.0053, -1.2906 -0.9295 -1.378, -1.4488 -0.9295 -1.378, -1.2221 -0.9295 -1.122, -1.5173 -0.9295 -1.122, -1.2906 -1.087 -1.378, -1.4488 -1.087 -1.378, -1.2221 -1.087 -1.0053, -1.5173 -1.087 -1.0053, -1.2221 -1.087 -1.122, -1.5173 -1.087 -1.122, -1.2221 -1.0846 -0.978, -1.5173 -1.0846 -0.978, -1.2221 -1.0775 -0.9515, -1.5173 -1.0775 -0.9515, -1.2221 -1.0659 -0.9266, -1.5173 -1.0659 -0.9266, -1.5173 -1.0204 -0.8479, -1.2221 -1.0204 -0.8479, -1.5173 -1.0659 -0.7691, -1.2221 -1.0659 -0.7691, -1.2221 -1.0775 -0.7442, -1.5173 -1.0775 -0.7442, -1.2221 -1.0846 -0.7177, -1.5173 -1.0846 -0.7177
            ]
        }
        coordIndex [
            0,1,2,-1,2,1,3,-1,4,0,5,-1,5,0,2,-1,6,4,7,-1,7,4,5,-1,8,6,9,-1,9,6,7,-1,8,9,10,-1,8,10,11,-1,11,10,12,-1,11,12,13,-1,13,12,14,-1,13,14,15,-1,15,14,16,-1,15,16,17,-1,17,16,18,-1,17,18,19,-1,20,19,21,-1,21,19,18,-1,22,23,24,-1,24,23,25,-1,24,25,21,-1,21,25,20,-1,26,27,22,-1,22,27,23,-1,28,29,30,-1,30,29,31,-1,30,31,26,-1,26,31,27,-1,29,28,32,-1,29,32,33,-1,33,32,34,-1,33,34,35,-1,35,34,36,-1,35,36,37,-1,38,37,39,-1,39,37,36,-1,40,38,41,-1,41,38,39,-1,40,41,42,-1,40,42,43,-1,43,42,44,-1,43,44,45,-1,45,44,3,-1,45,3,1,-1,33,20,29,-1,29,20,25,-1,29,25,31,-1,0,4,1,-1,1,4,6,-1,40,43,6,-1,6,43,45,-1,6,45,1,-1,33,35,20,-1,20,35,37,-1,20,37,19,-1,19,37,38,-1,19,38,17,-1,11,13,38,-1,38,13,15,-1,38,15,17,-1,40,6,38,-1,38,6,8,-1,38,8,11,-1,44,7,3,-1,3,7,5,-1,3,5,2,-1,30,24,28,-1,28,24,21,-1,36,34,21,-1,21,34,32,-1,21,32,28,-1,16,14,39,-1,39,14,12,-1,36,21,39,-1,39,21,18,-1,39,18,16,-1,44,42,7,-1,7,42,41,-1,7,41,9,-1,9,41,39,-1,9,39,10,-1,10,39,12,-1,22,24,26,-1,26,24,30,-1,25,23,31,-1,31,23,27,-1,46,47,48,-1,48,47,49,-1,50,46,51,-1,51,46,48,-1,52,50,53,-1,53,50,51,-1,54,52,55,-1,55,52,53,-1,54,55,56,-1,54,56,57,-1,57,56,58,-1,57,58,59,-1,59,58,60,-1,59,60,61,-1,61,60,62,-1,61,62,63,-1,63,62,64,-1,63,64,65,-1,66,65,67,-1,67,65,64,-1,68,69,70,-1,70,69,71,-1,70,71,67,-1,67,71,66,-1,72,73,68,-1,68,73,69,-1,74,75,76,-1,76,75,77,-1,76,77,72,-1,72,77,73,-1,75,74,78,-1,75,78,79,-1,79,78,80,-1,79,80,81,-1,81,80,82,-1,81,82,83,-1,84,83,85,-1,85,83,82,-1,86,84,87,-1,87,84,85,-1,86,87,88,-1,86,88,89,-1,89,88,90,-1,89,90,91,-1,91,90,49,-1,91,49,47,-1,79,66,75,-1,75,66,71,-1,75,71,77,-1,46,50,47,-1,47,50,52,-1,86,89,52,-1,52,89,91,-1,52,91,47,-1,79,81,66,-1,66,81,83,-1,66,83,65,-1,65,83,84,-1,65,84,63,-1,86,52,84,-1,84,52,54,-1,84,54,57,-1,57,59,84,-1,84,59,61,-1,84,61,63,-1,90,53,49,-1,49,53,51,-1,49,51,48,-1,76,70,74,-1,74,70,67,-1,82,80,67,-1,67,80,78,-1,67,78,74,-1,90,88,53,-1,53,88,87,-1,53,87,55,-1,55,87,85,-1,55,85,56,-1,62,60,85,-1,85,60,58,-1,85,58,56,-1,82,67,85,-1,85,67,64,-1,85,64,62,-1,68,70,72,-1,72,70,76,-1,71,69,77,-1,77,69,73,-1,92,93,94,-1,94,93,95,-1,96,92,97,-1,97,92,94,-1,98,96,99,-1,99,96,97,-1,100,98,101,-1,101,98,99,-1,100,101,102,-1,100,102,103,-1,103,102,104,-1,103,104,105,-1,105,104,106,-1,105,106,107,-1,107,106,108,-1,107,108,109,-1,109,108,110,-1,109,110,111,-1,112,111,113,-1,113,111,110,-1,114,115,116,-1,116,115,117,-1,116,117,113,-1,113,117,112,-1,118,119,114,-1,114,119,115,-1,120,121,122,-1,122,121,123,-1,122,123,118,-1,118,123,119,-1,121,120,124,-1,121,124,125,-1,125,124,126,-1,125,126,127,-1,127,126,128,-1,127,128,129,-1,130,129,131,-1,131,129,128,-1,132,130,133,-1,133,130,131,-1,132,133,134,-1,132,134,135,-1,135,134,136,-1,135,136,137,-1,137,136,95,-1,137,95,93,-1,125,112,121,-1,121,112,117,-1,121,117,123,-1,92,96,93,-1,93,96,98,-1,132,135,98,-1,98,135,137,-1,98,137,93,-1,125,127,112,-1,112,127,129,-1,112,129,111,-1,111,129,130,-1,111,130,109,-1,103,105,130,-1,130,105,107,-1,130,107,109,-1,132,98,130,-1,130,98,100,-1,130,100,103,-1,136,99,95,-1,95,99,97,-1,95,97,94,-1,122,116,120,-1,120,116,113,-1,128,126,113,-1,113,126,124,-1,113,124,120,-1,108,106,131,-1,131,106,104,-1,128,113,131,-1,131,113,110,-1,131,110,108,-1,136,134,99,-1,99,134,133,-1,99,133,101,-1,101,133,131,-1,101,131,102,-1,102,131,104,-1,114,116,118,-1,118,116,122,-1,117,115,123,-1,123,115,119,-1,
        ]
    }
}
Shape{
    appearance Appearance {
        material  Material 	{
            diffuseColor 0.8235294117647058 0.8235294117647058 0.8235294117647058
            specularColor 0.4117647058823529 0.4117647058823529 0.4117647058823529
            ambientIntensity 0.8235
            transparency 0.0
            shininess 0.5
        }
    }
    geometry IndexedFaceSet {
        ccw TRUE
        solid FALSE
        coord DEF co Coordinate {
            point [
                1.9768 0.1092 5.4724, 1.8231 -0.0986 5.4724, 1.9768 -0.0986 5.4724, 1.9768 1.1823 4.394, 0.7957 1.1823 4.394, 1.9768 0.8839 4.394, 0.7957 0.8839 4.394, 0.7957 -0.3301 4.394, 1.9768 -0.3301 4.394, 0.7957 -0.2275 4.394, 1.9768 -0.2275 4.394, 1.9768 0.8839 4.6063, 1.9768 1.4062 4.6063, 1.9768 -0.2275 4.6063, 1.9768 -0.3301 4.6063, 0.7957 1.4062 4.6063, 0.7957 0.8839 4.6063, 0.7957 -0.3301 4.6063, 0.7957 -0.2275 4.6063, 2.0752 -1.0378 4.6063, 2.0752 -0.1464 4.6063, 2.0752 1.505 4.6063, 1.1106 -0.8409 4.6063, 1.1187 -0.7798 4.6063, 1.4867 -0.6128 4.6063, 1.5437 -0.6364 4.6063, 1.5926 -0.6739 4.6063, 0.6972 -0.1464 4.6063, 0.6972 1.505 4.6063, 1.6302 -0.7228 4.6063, 1.6538 -0.7798 4.6063, 1.6618 -0.8409 4.6063, 1.6618 -1.0378 4.6063, 1.1106 -1.0378 4.6063, 0.6972 -1.0378 4.6063, 1.1423 -0.7228 4.6063, 1.1798 -0.6739 4.6063, 1.2287 -0.6364 4.6063, 1.2857 -0.6128 4.6063, 1.3468 -0.6047 4.6063, 1.4256 -0.6047 4.6063, 0.6972 1.9051 3.7757, 2.0752 1.9051 3.7757, 0.6972 1.9051 2.6331, 2.0752 1.9051 2.6331, 0.6972 1.9051 2.2965, 2.0752 1.9051 2.2965, 0.6972 1.8332 2.2246, 2.0752 1.8332 2.2246, 0.6972 1.8332 1.6716, 2.0752 1.8332 1.6716, 0.6972 1.9051 1.5996, 2.0752 1.9051 1.5996, 0.6972 1.9051 0.0394, 2.0752 1.9051 0.0394, 0.6972 1.505 0.0394, 2.0752 1.505 0.0394, 0.6972 1.505 0.1705, 2.0752 1.505 0.1705, 2.0752 -2.528 0.1705, 0.6972 -2.528 0.1705, 2.0752 -0.1464 0.1705, 0.6972 -0.1464 0.1705, 0.6972 -2.528 0.0394, 2.0752 -2.528 0.0394, 0.6972 -2.8587 0.0394, 2.0752 -2.8587 0.0394, 2.0752 -2.8587 2.7854, 0.6972 -2.8587 2.7854, 2.0752 -2.8587 2.6331, 0.6972 -2.8587 2.6331, 1.3621 -1.7227 3.9214, 1.4351 -1.7204 3.9237, 1.6628 -1.6099 4.0342, 1.5873 -1.6682 3.9759, 1.5097 -1.7036 3.9405, 1.2883 -1.711 3.933, 1.2117 -1.6826 3.9614, 1.1327 -1.6309 4.0131, 1.0199 -1.1856 4.4585, 1.0662 -1.1004 4.5437, 1.6568 -1.0381 4.606, 1.6518 -1.0391 4.605, 1.6876 -1.0764 4.5676, 0.9956 -1.2802 4.3639, 1.1206 -1.0391 4.605, 1.1157 -1.0381 4.606, 1.7408 -1.1586 4.4854, 1.7721 -1.2516 4.3925, 1.0664 -1.5593 4.0848, 1.0196 -1.4732 4.1709, 0.9955 -1.3781 4.2659, 1.7794 -1.3494 4.2947, 1.7625 -1.4456 4.1984, 1.7226 -1.5343 4.1098, 0.6972 -2.0065 3.0923, 0.6972 -2.0549 3.1294, 0.6972 -1.946 2.8667, 0.6972 -1.9381 2.9271, 0.6972 -0.1464 2.6331, 0.6972 -1.946 2.9876, 0.6972 -1.9694 3.0439, 0.6972 -2.1112 3.1528, 0.6972 -2.1717 3.1607, 0.6972 -2.2321 3.1528, 0.6972 -2.3973 2.9876, 0.6972 -2.4053 2.9271, 0.6972 -2.3973 2.8667, 0.6972 -2.0549 2.7248, 0.6972 -2.0065 2.762, 0.6972 -1.9694 2.8103, 0.6972 -2.2885 3.1294, 0.6972 -2.3369 3.0923, 0.6972 -2.374 3.0439, 0.6972 -2.374 2.8103, 0.6972 -2.3369 2.762, 0.6972 -2.2885 2.7248, 0.6972 -2.2321 2.7015, 0.6972 -2.1717 2.6935, 0.6972 -2.1112 2.7015, 0.6972 -2.6158 0.7355, 0.6972 -2.6231 0.6802, 0.6972 -2.5605 0.5291, 0.6972 -2.5162 0.4952, 0.6972 -2.3541 0.4738, 0.6972 -2.6158 0.6249, 0.6972 -2.5945 0.5734, 0.6972 -2.3026 0.4952, 0.6972 -2.2583 0.5291, 0.6972 -2.2244 0.5734, 0.6972 -2.4647 0.4738, 0.6972 -2.4094 0.4665, 0.6972 -2.203 0.7355, 0.6972 -2.1957 0.6802, 0.6972 -2.203 0.6249, 0.6972 -1.7406 1.9341, 0.6972 -1.8105 1.9052, 0.6972 -1.8705 1.8591, 0.6972 -1.9166 1.7991, 0.6972 -1.4145 1.7991, 0.6972 -1.4606 1.8591, 0.6972 -1.5206 1.9052, 0.6972 -1.5905 1.9341, 0.6972 -1.6655 1.944, 0.6972 -1.9456 1.7292, 0.6972 -1.9554 1.6541, 0.6972 -2.3541 0.8866, 0.6972 -1.9456 1.5791, 0.6972 -2.3026 0.8652, 0.6972 -1.7406 1.3741, 0.6972 -1.6655 1.3642, 0.6972 -2.2583 0.8313, 0.6972 -1.5905 1.3741, 0.6972 -2.2244 0.787, 0.6972 -1.5206 1.4031, 0.6972 -1.4606 1.4491, 0.6972 -1.4145 1.5092, 0.6972 -1.3855 1.5791, 0.6972 -1.9166 1.5092, 0.6972 -1.8705 1.4491, 0.6972 -1.8105 1.4031, 0.6972 -2.4094 0.8939, 0.6972 -2.4647 0.8866, 0.6972 -2.5162 0.8652, 0.6972 -1.3756 1.6541, 0.6972 -1.3855 1.7292, 0.6972 -2.5605 0.8313, 0.6972 -2.5945 0.787, 0.6972 1.5129 2.5012, 0.6972 1.4624 2.5399, 0.6972 1.5842 2.329, 0.6972 1.5759 2.392, 0.6972 1.5516 2.4508, 0.6972 1.2188 2.5399, 0.6972 1.1684 2.5012, 0.6972 1.1297 2.4508, 0.6972 1.1053 2.392, 0.6972 1.4624 2.118, 0.6972 1.5129 2.1567, 0.6972 1.5516 2.2072, 0.6972 1.5759 2.2659, 0.6972 1.4037 2.5643, 0.6972 1.3406 2.5726, 0.6972 1.2776 2.5643, 0.6972 1.1684 2.1567, 0.6972 1.2188 2.118, 0.6972 1.097 2.329, 0.6972 1.1053 2.2659, 0.6972 1.1297 2.2072, 0.6972 1.2776 2.0937, 0.6972 1.3406 2.0854, 0.6972 1.4037 2.0937, 0.6972 1.1583 3.251, 0.6972 1.1174 3.3044, 0.6972 1.0916 3.3666, 0.6972 1.4073 3.6823, 0.6972 1.3406 3.6911, 0.6972 1.2739 3.6823, 0.6972 1.2117 3.6565, 0.6972 1.1583 3.6156, 0.6972 1.1174 3.5622, 0.6972 1.0916 3.5, 0.6972 1.0828 3.4333, 0.6972 1.4073 3.1843, 0.6972 1.4695 3.21, 0.6972 1.5229 3.251, 0.6972 1.2117 3.21, 0.6972 1.2739 3.1843, 0.6972 1.3406 3.1755, 0.6972 1.5896 3.5, 0.6972 1.5639 3.5622, 0.6972 1.5229 3.6156, 0.6972 1.4695 3.6565, 0.6972 1.5639 3.3044, 0.6972 1.5896 3.3666, 0.6972 1.5984 3.4333, 2.0752 -2.5945 0.5734, 2.0752 -2.6158 0.6249, 2.0752 -0.1464 2.6331, 2.0752 1.1583 3.251, 2.0752 1.1174 3.3044, 2.0752 1.5639 3.3044, 2.0752 1.5229 3.251, 2.0752 1.5639 3.5622, 2.0752 1.5896 3.5, 2.0752 1.5984 3.4333, 2.0752 1.5896 3.3666, 2.0752 1.4695 3.21, 2.0752 1.4073 3.1843, 2.0752 1.3406 3.1755, 2.0752 1.0916 3.3666, 2.0752 1.0828 3.4333, 2.0752 1.0916 3.5, 2.0752 1.1174 3.5622, 2.0752 1.1583 3.6156, 2.0752 1.2117 3.6565, 2.0752 1.2739 3.6823, 2.0752 1.3406 3.6911, 2.0752 1.4073 3.6823, 2.0752 1.4695 3.6565, 2.0752 1.5229 3.6156, 2.0752 1.2739 3.1843, 2.0752 1.2117 3.21, 2.0752 1.4037 2.5643, 2.0752 1.4624 2.5399, 2.0752 1.5129 2.5012, 2.0752 1.5129 2.1567, 2.0752 1.4624 2.118, 2.0752 1.3406 2.5726, 2.0752 1.5516 2.4508, 2.0752 1.5759 2.392, 2.0752 1.5842 2.329, 2.0752 1.5759 2.2659, 2.0752 1.5516 2.2072, 2.0752 1.3406 2.0854, 2.0752 1.2776 2.0937, 2.0752 1.4037 2.0937, 2.0752 1.2188 2.118, 2.0752 1.1684 2.1567, 2.0752 1.1297 2.2072, 2.0752 1.1053 2.2659, 2.0752 1.097 2.329, 2.0752 1.1053 2.392, 2.0752 1.1297 2.4508, 2.0752 1.1684 2.5012, 2.0752 1.2188 2.5399, 2.0752 1.2776 2.5643, 2.0752 -2.5605 0.5291, 2.0752 -1.8705 1.8591, 2.0752 -1.8105 1.9052, 2.0752 -2.6231 0.6802, 2.0752 -2.203 0.7355, 2.0752 -2.5605 0.8313, 2.0752 -1.9456 1.5791, 2.0752 -1.9554 1.6541, 2.0752 -2.1957 0.6802, 2.0752 -2.203 0.6249, 2.0752 -2.2244 0.5734, 2.0752 -2.2583 0.5291, 2.0752 -2.3026 0.4952, 2.0752 -2.3541 0.4738, 2.0752 -2.4094 0.4665, 2.0752 -1.6655 1.3642, 2.0752 -1.7406 1.3741, 2.0752 -2.6158 0.7355, 2.0752 -2.5945 0.787, 2.0752 -1.9166 1.7991, 2.0752 -1.5206 1.9052, 2.0752 -1.4606 1.8591, 2.0752 -1.4145 1.7991, 2.0752 -2.4647 0.4738, 2.0752 -2.5162 0.4952, 2.0752 -1.5905 1.3741, 2.0752 -1.9456 1.7292, 2.0752 -1.7406 1.9341, 2.0752 -1.6655 1.944, 2.0752 -1.5905 1.9341, 2.0752 -1.3855 1.7292, 2.0752 -1.3756 1.6541, 2.0752 -1.3855 1.5791, 2.0752 -1.4145 1.5092, 2.0752 -1.4606 1.4491, 2.0752 -1.5206 1.4031, 2.0752 -2.4647 0.8866, 2.0752 -2.4094 0.8939, 2.0752 -1.8705 1.4491, 2.0752 -2.5162 0.8652, 2.0752 -1.9166 1.5092, 2.0752 -2.3541 0.8866, 2.0752 -2.3026 0.8652, 2.0752 -1.8105 1.4031, 2.0752 -2.2583 0.8313, 2.0752 -2.2244 0.787, 2.0752 -1.9381 2.9271, 2.0752 -1.946 2.8667, 2.0752 -2.2885 2.7248, 2.0752 -2.3369 2.762, 2.0752 -2.374 2.8103, 2.0752 -1.9694 2.8103, 2.0752 -2.0065 2.762, 2.0752 -2.0549 2.7248, 2.0752 -2.0549 3.1294, 2.0752 -2.0065 3.0923, 2.0752 -1.9694 3.0439, 2.0752 -1.946 2.9876, 2.0752 -2.3973 2.8667, 2.0752 -2.4053 2.9271, 2.0752 -2.3973 2.9876, 2.0752 -2.2321 3.1528, 2.0752 -2.1717 3.1607, 2.0752 -2.1112 3.1528, 2.0752 -2.1112 2.7015, 2.0752 -2.1717 2.6935, 2.0752 -2.2321 2.7015, 2.0752 -2.374 3.0439, 2.0752 -2.3369 3.0923, 2.0752 -2.2885 3.1294, 0.7957 0.8839 5.0536, 0.7957 1.0289 5.0536, 1.9768 0.8839 5.0536, 1.9768 1.0289 5.0536, 1.9768 -0.2275 4.7669, 0.7957 -0.2275 4.7669, 0.7957 -0.0986 4.7669, 1.9768 -0.0986 4.7669, 1.8231 -0.0986 5.2756, 1.3341 -0.0986 5.4724, 0.7957 -0.0986 5.4724, 1.3341 -0.0986 5.2756, 0.7957 0.8839 5.4724, 1.9768 0.7702 5.4724, 1.9768 0.8839 5.4724, 0.7957 1.0289 5.2598, 1.9768 1.0289 5.2598, 1.9768 0.1092 5.2756, 1.9768 0.7702 5.2756, 0.5791 1.2739 3.6823, 0.5791 1.2117 3.6565, 0.5791 1.1583 3.6156, 0.5791 1.1174 3.5622, 0.5791 1.0916 3.5, 0.5791 1.0828 3.4333, 0.5791 1.0916 3.3666, 0.5791 1.1174 3.3044, 0.5791 1.1583 3.251, 0.5791 1.2117 3.21, 0.5791 1.2739 3.1843, 0.5791 1.3406 3.1755, 0.5791 1.4073 3.1843, 0.5791 1.4695 3.21, 0.5791 1.5229 3.251, 0.5791 1.5639 3.3044, 0.5791 1.5896 3.3666, 0.5791 1.5984 3.4333, 0.5791 1.5896 3.5, 0.5791 1.5639 3.5622, 0.5791 1.5229 3.6156, 0.5791 1.4695 3.6565, 0.5791 1.4073 3.6823, 0.5791 1.3406 3.6911, 0.5791 1.3406 3.4333, 0.5791 1.2776 2.5643, 0.5791 1.2188 2.5399, 0.5791 1.1684 2.5012, 0.5791 1.1297 2.4508, 0.5791 1.1053 2.392, 0.5791 1.097 2.329, 0.5791 1.1053 2.2659, 0.5791 1.1297 2.2072, 0.5791 1.1684 2.1567, 0.5791 1.2188 2.118, 0.5791 1.2776 2.0937, 0.5791 1.3406 2.0854, 0.5791 1.4037 2.0937, 0.5791 1.4624 2.118, 0.5791 1.5129 2.1567, 0.5791 1.5516 2.2072, 0.5791 1.5759 2.2659, 0.5791 1.5842 2.329, 0.5791 1.5759 2.392, 0.5791 1.5516 2.4508, 0.5791 1.5129 2.5012, 0.5791 1.4624 2.5399, 0.5791 1.4037 2.5643, 0.5791 1.3406 2.5726, 0.5791 1.3406 2.329, 0.5791 -2.2321 3.1528, 0.5791 -2.2885 3.1294, 0.5791 -2.3369 3.0923, 0.5791 -2.374 3.0439, 0.5791 -2.3973 2.9876, 0.5791 -2.4053 2.9271, 0.5791 -2.3973 2.8667, 0.5791 -2.374 2.8103, 0.5791 -2.3369 2.762, 0.5791 -2.2885 2.7248, 0.5791 -2.2321 2.7015, 0.5791 -2.1717 2.6935, 0.5791 -2.1112 2.7015, 0.5791 -2.0549 2.7248, 0.5791 -2.0065 2.762, 0.5791 -1.9694 2.8103, 0.5791 -1.946 2.8667, 0.5791 -1.9381 2.9271, 0.5791 -1.946 2.9876, 0.5791 -1.9694 3.0439, 0.5791 -2.0065 3.0923, 0.5791 -2.0549 3.1294, 0.5791 -2.1112 3.1528, 0.5791 -2.1717 3.1607, 0.5791 -2.1717 2.9271, 0.5791 -2.4647 0.8866, 0.5791 -2.5162 0.8652, 0.5791 -2.5605 0.8313, 0.5791 -2.5945 0.787, 0.5791 -2.6158 0.7355, 0.5791 -2.6231 0.6802, 0.5791 -2.6158 0.6249, 0.5791 -2.5945 0.5734, 0.5791 -2.5605 0.5291, 0.5791 -2.5162 0.4952, 0.5791 -2.4647 0.4738, 0.5791 -2.4094 0.4665, 0.5791 -2.3541 0.4738, 0.5791 -2.3026 0.4952, 0.5791 -2.2583 0.5291, 0.5791 -2.2244 0.5734, 0.5791 -2.203 0.6249, 0.5791 -2.1957 0.6802, 0.5791 -2.203 0.7355, 0.5791 -2.2244 0.787, 0.5791 -2.2583 0.8313, 0.5791 -2.3026 0.8652, 0.5791 -2.3541 0.8866, 0.5791 -2.4094 0.8939, 0.5791 -2.4094 0.6802, 0.5791 -1.7406 1.9341, 0.5791 -1.8105 1.9052, 0.5791 -1.8705 1.8591, 0.5791 -1.9166 1.7991, 0.5791 -1.9456 1.7292, 0.5791 -1.9554 1.6541, 0.5791 -1.9456 1.5791, 0.5791 -1.9166 1.5092, 0.5791 -1.8705 1.4491, 0.5791 -1.8105 1.4031, 0.5791 -1.7406 1.3741, 0.5791 -1.6655 1.3642, 0.5791 -1.5905 1.3741, 0.5791 -1.5206 1.4031, 0.5791 -1.4606 1.4491, 0.5791 -1.4145 1.5092, 0.5791 -1.3855 1.5791, 0.5791 -1.3756 1.6541, 0.5791 -1.3855 1.7292, 0.5791 -1.4145 1.7991, 0.5791 -1.4606 1.8591, 0.5791 -1.5206 1.9052, 0.5791 -1.5905 1.9341, 0.5791 -1.6655 1.944, 0.5791 -1.6655 1.6541, 1.9571 -2.1717 3.1607, 1.9571 -2.2321 3.1528, 1.9571 -2.2885 3.1294, 1.9571 -2.3369 3.0923, 1.9571 -2.374 3.0439, 1.9571 -2.3973 2.9876, 1.9571 -2.4053 2.9271, 1.9571 -2.3973 2.8667, 1.9571 -2.374 2.8103, 1.9571 -2.3369 2.762, 1.9571 -2.2885 2.7248, 1.9571 -2.2321 2.7015, 1.9571 -2.1717 2.6935, 1.9571 -2.1112 2.7015, 1.9571 -2.0549 2.7248, 1.9571 -2.0065 2.762, 1.9571 -1.9694 2.8103, 1.9571 -1.946 2.8667, 1.9571 -1.9381 2.9271, 1.9571 -1.946 2.9876, 1.9571 -1.9694 3.0439, 1.9571 -2.0065 3.0923, 1.9571 -2.0549 3.1294, 1.9571 -2.1112 3.1528, 1.9571 -2.1717 2.9271, 1.9571 -1.6655 1.944, 1.9571 -1.7406 1.9341, 1.9571 -1.8105 1.9052, 1.9571 -1.8705 1.8591, 1.9571 -1.9166 1.7991, 1.9571 -1.9456 1.7292, 1.9571 -1.9554 1.6541, 1.9571 -1.9456 1.5791, 1.9571 -1.9166 1.5092, 1.9571 -1.8705 1.4491, 1.9571 -1.8105 1.4031, 1.9571 -1.7406 1.3741, 1.9571 -1.6655 1.3642, 1.9571 -1.5905 1.3741, 1.9571 -1.5206 1.4031, 1.9571 -1.4606 1.4491, 1.9571 -1.4145 1.5092, 1.9571 -1.3855 1.5791, 1.9571 -1.3756 1.6541, 1.9571 -1.3855 1.7292, 1.9571 -1.4145 1.7991, 1.9571 -1.4606 1.8591, 1.9571 -1.5206 1.9052, 1.9571 -1.5905 1.9341, 1.9571 -1.6655 1.6541, 1.9571 1.3406 3.6911, 1.9571 1.2739 3.6823, 1.9571 1.2117 3.6565, 1.9571 1.1583 3.6156, 1.9571 1.1174 3.5622, 1.9571 1.0916 3.5, 1.9571 1.0828 3.4333, 1.9571 1.0916 3.3666, 1.9571 1.1174 3.3044, 1.9571 1.1583 3.251, 1.9571 1.2117 3.21, 1.9571 1.2739 3.1843, 1.9571 1.3406 3.1755, 1.9571 1.4073 3.1843, 1.9571 1.4695 3.21, 1.9571 1.5229 3.251, 1.9571 1.5639 3.3044, 1.9571 1.5896 3.3666, 1.9571 1.5984 3.4333, 1.9571 1.5896 3.5, 1.9571 1.5639 3.5622, 1.9571 1.5229 3.6156, 1.9571 1.4695 3.6565, 1.9571 1.4073 3.6823, 1.9571 1.3406 3.4333, 1.9571 1.3406 2.5726, 1.9571 1.2776 2.5643, 1.9571 1.2188 2.5399, 1.9571 1.1684 2.5012, 1.9571 1.1297 2.4508, 1.9571 1.1053 2.392, 1.9571 1.097 2.329, 1.9571 1.1053 2.2659, 1.9571 1.1297 2.2072, 1.9571 1.1684 2.1567, 1.9571 1.2188 2.118, 1.9571 1.2776 2.0937, 1.9571 1.3406 2.0854, 1.9571 1.4037 2.0937, 1.9571 1.4624 2.118, 1.9571 1.5129 2.1567, 1.9571 1.5516 2.2072, 1.9571 1.5759 2.2659, 1.9571 1.5842 2.329, 1.9571 1.5759 2.392, 1.9571 1.5516 2.4508, 1.9571 1.5129 2.5012, 1.9571 1.4624 2.5399, 1.9571 1.4037 2.5643, 1.9571 1.3406 2.329, 1.9571 -2.4094 0.8939, 1.9571 -2.4647 0.8866, 1.9571 -2.5162 0.8652, 1.9571 -2.5605 0.8313, 1.9571 -2.5945 0.787, 1.9571 -2.6158 0.7355, 1.9571 -2.6231 0.6802, 1.9571 -2.6158 0.6249, 1.9571 -2.5945 0.5734, 1.9571 -2.5605 0.5291, 1.9571 -2.5162 0.4952, 1.9571 -2.4647 0.4738, 1.9571 -2.4094 0.4665, 1.9571 -2.3541 0.4738, 1.9571 -2.3026 0.4952, 1.9571 -2.2583 0.5291, 1.9571 -2.2244 0.5734, 1.9571 -2.203 0.6249, 1.9571 -2.1957 0.6802, 1.9571 -2.203 0.7355, 1.9571 -2.2244 0.787, 1.9571 -2.2583 0.8313, 1.9571 -2.3026 0.8652, 1.9571 -2.3541 0.8866, 1.9571 -2.4094 0.6802, 1.15 -1.0378 4.5669, 1.15 -1.0378 2.6378, 1.15 -0.8409 4.5669, 1.15 -0.8409 2.6378, 1.3468 -0.6441 4.5669, 1.3468 -0.6441 2.6378, 1.4256 -0.6441 4.5669, 1.4256 -0.6441 2.6378, 1.6224 -0.8409 4.5669, 1.6224 -0.8409 2.6378, 1.6224 -1.0378 4.5669, 1.6224 -1.0378 2.6378, 1.7352 -1.3634 2.6378, 1.7394 -1.2738 2.6378, 1.4311 -1.6534 2.6378, 1.3414 -1.6534 2.6378, 1.5963 -1.5872 2.6378, 1.6612 -1.5253 2.6378, 1.7085 -1.4491 2.6378, 1.0514 -1.186 2.6378, 1.033 -1.2738 2.6378, 1.721 -1.186 2.6378, 1.6812 -1.1056 2.6378, 1.0912 -1.1056 2.6378, 1.0373 -1.3634 2.6378, 1.0639 -1.4491 2.6378, 1.1112 -1.5253 2.6378, 1.1761 -1.5872 2.6378, 1.2545 -1.6308 2.6378, 1.5179 -1.6308 2.6378, 1.2484 -0.6705 2.6378, 1.2077 -0.7017 2.6378, 1.1764 -0.7425 2.6378, 1.5961 -0.7425 2.6378, 1.5648 -0.7017 2.6378, 1.6157 -0.79 2.6378, 1.524 -0.6705 2.6378, 1.4765 -0.6508 2.6378, 1.2959 -0.6508 2.6378, 1.1567 -0.79 2.6378, 1.0982 -1.0955 4.5159, 1.1497 -1.0381 4.5721, 1.1486 -1.0391 4.5771, 1.1483 -1.0393 4.5783, 1.6789 -1.1071 4.503, 1.6575 -1.0739 4.5398, 1.6241 -1.0393 4.5783, 1.6238 -1.039 4.5771, 1.6228 -1.0381 4.5721, 1.7367 -1.274 4.3175, 1.7335 -1.2316 4.3646, 1.7184 -1.1868 4.4144, 1.7053 -1.1479 4.4576, 1.7061 -1.4479 4.1242, 1.7248 -1.4062 4.1706, 1.7325 -1.3629 4.2187, 1.7401 -1.3196 4.2669, 1.5948 -1.5852 3.9717, 1.6351 -1.5541 4.0063, 1.6592 -1.5237 4.0401, 1.6889 -1.486 4.0819, 1.4311 -1.6533 3.8961, 1.4973 -1.6383 3.9127, 1.5172 -1.6293 3.9227, 1.5672 -1.6065 3.9481, 1.3645 -1.6555 3.8936, 1.4302 -1.6535 3.8959, 1.2981 -1.6451 3.9052, 1.3416 -1.6519 3.8976, 1.2292 -1.6195 3.9336, 1.2551 -1.6291 3.9229, 1.1581 -1.573 3.9853, 1.1772 -1.5855 3.9714, 1.0984 -1.5085 4.0569, 1.1127 -1.524 4.0398, 1.0563 -1.431 4.143, 1.0656 -1.4482 4.124, 1.0346 -1.3455 4.2381, 1.039 -1.363 4.2187, 1.0347 -1.2573 4.3361, 1.0347 -1.2738 4.3177, 1.0924 -1.1062 4.5039, 1.0565 -1.1721 4.4307, 1.0529 -1.1864 4.4149, 1.1567 -0.79 4.5669, 1.1764 -0.7425 4.5669, 1.2077 -0.7017 4.5669, 1.2484 -0.6705 4.5669, 1.2959 -0.6508 4.5669, 1.4765 -0.6508 4.5669, 1.524 -0.6705 4.5669, 1.5648 -0.7017 4.5669, 1.5961 -0.7425 4.5669, 1.6157 -0.79 4.5669, 1.1487 -0.8409 4.5771, 1.1554 -0.7896 4.5771, 1.1447 -0.8409 4.5866, 1.1516 -0.7886 4.5866, 1.1385 -0.8409 4.5948, 1.1456 -0.787 4.5948, 1.1303 -0.8409 4.601, 1.1377 -0.7849 4.601, 1.1208 -0.8409 4.605, 1.1285 -0.7824 4.605, 1.1752 -0.7418 4.5771, 1.1718 -0.7399 4.5866, 1.1664 -0.7367 4.5948, 1.1593 -0.7327 4.601, 1.1511 -0.7279 4.605, 1.2067 -0.7008 4.5771, 1.2039 -0.698 4.5866, 1.1995 -0.6936 4.5948, 1.1937 -0.6878 4.601, 1.187 -0.6811 4.605, 1.2478 -0.6693 4.5771, 1.2458 -0.6659 4.5866, 1.2427 -0.6605 4.5948, 1.2386 -0.6534 4.601, 1.2338 -0.6452 4.605, 1.2956 -0.6495 4.5771, 1.2945 -0.6457 4.5866, 1.2929 -0.6396 4.5948, 1.2908 -0.6318 4.601, 1.2883 -0.6226 4.605, 1.3468 -0.6427 4.5771, 1.3468 -0.6388 4.5866, 1.3468 -0.6325 4.5948, 1.3468 -0.6244 4.601, 1.3468 -0.6149 4.605, 1.1451 -1.041 4.586, 1.1466 -1.0402 4.5824, 1.1394 -1.0417 4.5935, 1.1423 -1.0415 4.5901, 1.1433 -1.0415 4.5889, 1.1447 -1.0411 4.5866, 1.1352 -1.0417 4.5977, 1.138 -1.0418 4.5952, 1.1384 -1.0418 4.5947, 1.1251 -1.0402 4.6035, 1.128 -1.0407 4.6023, 1.1302 -1.041 4.6009, 1.1327 -1.0414 4.5993, 1.1208 -1.0391 4.605, 1.1249 -1.0401 4.6036, 1.4256 -0.6427 4.5771, 1.4256 -0.6388 4.5866, 1.4256 -0.6325 4.5948, 1.4256 -0.6244 4.601, 1.4256 -0.6149 4.605, 1.6255 -1.0403 4.5822, 1.6621 -1.0776 4.5474, 1.6278 -1.041 4.5863, 1.6257 -1.0403 4.5825, 1.665 -1.0788 4.551, 1.6295 -1.0415 4.5894, 1.6279 -1.041 4.5865, 1.6682 -1.0796 4.5545, 1.633 -1.0417 4.5935, 1.6316 -1.0418 4.5922, 1.6718 -1.0799 4.5577, 1.6362 -1.0417 4.5966, 1.6341 -1.0417 4.5946, 1.6755 -1.0797 4.5607, 1.6408 -1.0413 4.6002, 1.6375 -1.0417 4.5979, 1.6516 -1.0391 4.605, 1.6835 -1.078 4.5657, 1.6486 -1.0399 4.604, 1.6475 -1.0401 4.6035, 1.6435 -1.0408 4.6015, 1.0707 -1.1017 4.5419, 1.0751 -1.1026 4.5396, 1.0793 -1.1031 4.537, 1.0833 -1.103 4.534, 1.0905 -1.1013 4.5273, 1.0961 -1.0978 4.5197, 1.7349 -1.2358 4.3691, 1.7073 -1.1511 4.4617, 1.6596 -1.076 4.5436, 1.724 -1.4116 4.1762, 1.7405 -1.3245 4.2718, 1.6322 -1.5585 4.0138, 1.6869 -1.4912 4.0884, 1.564 -1.6098 3.9566, 1.4949 -1.6405 3.9222, 1.4291 -1.6549 3.9059, 1.365 -1.6569 3.9037, 1.3001 -1.6469 3.915, 1.2322 -1.6224 3.9425, 1.1612 -1.5771 3.9931, 1.1008 -1.5135 4.0637, 1.0345 -1.3506 4.2432, 1.0575 -1.4364 4.1488, 1.0547 -1.1756 4.4348, 1.0336 -1.2617 4.3407, 1.0935 -1.0998 4.5236, 1.0521 -1.1787 4.4389, 1.0315 -1.2659 4.3451, 1.0332 -1.3557 4.2482, 1.0571 -1.4421 4.1544, 1.1015 -1.5194 4.07, 1.1627 -1.5826 4.0005, 1.2339 -1.6273 3.9509, 1.3013 -1.6512 3.9241, 1.3654 -1.6609 3.9132, 1.4285 -1.659 3.9153, 1.4934 -1.645 3.9311, 1.5623 -1.6149 3.9647, 1.6308 -1.5642 4.0208, 1.6865 -1.4971 4.0945, 1.7247 -1.4171 4.1816, 1.7421 -1.3294 4.2766, 1.7371 -1.2396 4.3734, 1.7099 -1.1538 4.4657, 1.0489 -1.1813 4.4429, 1.0284 -1.2697 4.3493, 1.0305 -1.3606 4.2528, 1.0552 -1.4479 4.1595, 1.1005 -1.5259 4.0758, 1.1626 -1.5893 4.007, 1.2342 -1.6339 3.9582, 1.3017 -1.6576 3.9319, 1.3655 -1.6671 3.9213, 1.4283 -1.6653 3.9234, 1.493 -1.6514 3.9388, 1.5621 -1.6216 3.9717, 1.6313 -1.5709 4.0271, 1.6878 -1.5034 4.1, 1.7268 -1.4227 4.1865, 1.7449 -1.334 4.2811, 1.7403 -1.2431 4.3775, 1.7131 -1.1561 4.4695, 1.0871 -1.1024 4.5308, 1.0451 -1.1835 4.4465, 1.0244 -1.2731 4.3532, 1.0267 -1.3652 4.2569, 1.0519 -1.4537 4.164, 1.0978 -1.5326 4.0806, 1.1607 -1.5968 4.0123, 1.2332 -1.6418 3.964, 1.3012 -1.6657 3.938, 1.3654 -1.6753 3.9276, 1.4285 -1.6734 3.9296, 1.4937 -1.6595 3.9448, 1.5634 -1.6294 3.9773, 1.6334 -1.5781 4.0322, 1.6907 -1.5098 4.1047, 1.7303 -1.4282 4.1908, 1.7488 -1.3382 4.2851, 1.7443 -1.2461 4.3813, 1.7168 -1.1579 4.4731, 1.0407 -1.1851 4.4498, 1.0196 -1.2759 4.3566, 1.0219 -1.3693 4.2604, 1.0472 -1.4591 4.1675, 1.0936 -1.5393 4.0843, 1.1573 -1.6047 4.016, 1.2307 -1.6505 3.9678, 1.2998 -1.675 3.9419, 1.365 -1.6848 3.9315, 1.4292 -1.6828 3.9336, 1.4955 -1.6686 3.9487, 1.5662 -1.6379 3.9812, 1.6371 -1.5856 4.0359, 1.695 -1.5162 4.1084, 1.7351 -1.4332 4.1944, 1.7537 -1.3419 4.2886, 1.749 -1.2485 4.3847, 1.721 -1.1592 4.4764, 1.0359 -1.1861 4.4527, 1.0142 -1.278 4.3594, 1.0161 -1.3727 4.2631, 1.0414 -1.4639 4.1701, 1.0881 -1.5456 4.0866, 1.1525 -1.6124 4.0181, 1.2271 -1.6595 3.9695, 1.2977 -1.6848 3.9434, 1.3645 -1.6949 3.9329, 1.4303 -1.6929 3.9349, 1.4981 -1.6782 3.9502, 1.5702 -1.6465 3.983, 1.6422 -1.5929 4.0381, 1.7007 -1.522 4.1108, 1.7409 -1.4376 4.197, 1.7594 -1.345 4.2913, 1.7542 -1.2503 4.3876, 1.7256 -1.1599 4.4794, 1.0307 -1.1865 4.4552, 1.0083 -1.2795 4.3616, 1.0096 -1.3754 4.265, 1.0346 -1.468 4.1715, 1.0815 -1.5512 4.0875, 1.1465 -1.6196 4.0182, 1.2226 -1.6682 3.969, 1.2949 -1.6945 3.9423, 1.3638 -1.7051 3.9315, 1.4317 -1.703 3.9337, 1.5015 -1.6876 3.9493, 1.5753 -1.6547 3.9827, 1.6484 -1.5996 4.0385, 1.7074 -1.5271 4.1118, 1.7476 -1.4412 4.1986, 1.7657 -1.3473 4.2933, 1.7599 -1.2514 4.3899, 1.7305 -1.16 4.4819, 1.6794 -1.0791 4.5634, 1.6422 -1.0411 4.6009, 1.0254 -1.1864 4.4571, 1.0021 -1.2802 4.3631, 1.0027 -1.3772 4.2659, 1.0273 -1.4711 4.1718, 1.0741 -1.5559 4.0869, 1.1398 -1.6259 4.0166, 1.2173 -1.6761 3.9662, 1.2917 -1.7034 3.9388, 1.363 -1.7146 3.9276, 1.4333 -1.7124 3.9298, 1.5055 -1.6963 3.946, 1.5811 -1.6621 3.9803, 1.6554 -1.6054 4.0372, 1.7148 -1.5313 4.1115, 1.7549 -1.4439 4.1991, 1.7724 -1.3487 4.2944, 1.7659 -1.2519 4.3915, 1.7356 -1.1596 4.4839, 1.4769 -0.6495 4.5771, 1.4779 -0.6457 4.5866, 1.4795 -0.6396 4.5948, 1.4816 -0.6318 4.601, 1.4841 -0.6226 4.605, 1.5247 -0.6693 4.5771, 1.5266 -0.6659 4.5866, 1.5298 -0.6605 4.5948, 1.5339 -0.6534 4.601, 1.5386 -0.6452 4.605, 1.5657 -0.7008 4.5771, 1.5685 -0.698 4.5866, 1.5729 -0.6936 4.5948, 1.5787 -0.6878 4.601, 1.5854 -0.6811 4.605, 1.5972 -0.7418 4.5771, 1.6006 -0.7399 4.5866, 1.6061 -0.7367 4.5948, 1.6131 -0.7327 4.601, 1.6213 -0.7279 4.605, 1.617 -0.7896 4.5771, 1.6208 -0.7886 4.5866, 1.6269 -0.787 4.5948, 1.6347 -0.7849 4.601, 1.6439 -0.7824 4.605, 1.6238 -0.8409 4.5771, 1.6277 -0.8409 4.5866, 1.634 -0.8409 4.5948, 1.6421 -0.8409 4.601, 1.6516 -0.8409 4.605, -2.6492 -0.2482 1.0015, -2.6492 -0.2482 0.8833, -2.6492 -0.3014 0.8833, -2.6492 -0.6006 0.7898, -2.6492 -0.6428 0.7898, -2.6492 -0.6428 0.8278, -2.6492 -0.4589 0.6559, -2.6492 -0.4534 0.6553, -2.6492 -0.4867 0.6553, -2.6492 1.9051 3.7757, -2.6492 1.9051 2.8218, -2.6492 1.1944 2.8218, -2.6492 1.8332 1.6716, -2.6492 1.9051 1.5996, -2.6492 1.9051 1.0027, -2.6492 -0.7475 0.8681, -2.6492 -0.7339 0.9046, -2.6492 -0.6849 0.9046, -2.6492 0.0591 1.0129, -2.6492 0.0444 1.0027, -2.6492 -0.1763 1.0027, -2.6492 0.0235 0.988, -2.6492 -0.0102 0.9483, -2.6492 -0.1141 0.8278, -2.6492 -0.1763 0.8278, -2.6492 -0.1058 0.8487, -2.6492 -0.0864 0.8757, -2.6492 -0.0607 0.8974, -2.6492 -0.0278 0.913, -2.6492 -0.0325 0.9115, -2.6492 0.1525 1.0373, -2.6492 0.106 1.0315, -2.6492 -0.1763 2.8218, -2.6492 0.1938 1.0329, -2.6492 0.238 1.0174, -2.6492 0.2625 1.0027, -2.6492 1.1944 1.0027, -2.6492 0.2664 1.0003, -2.6492 0.4617 0.886, -2.6492 0.4391 0.9149, -2.6492 0.3667 0.956, -2.6492 0.3299 0.9605, -2.6492 0.2887 0.9812, -2.6492 0.319 0.9599, -2.6492 0.3081 0.9586, -2.6492 0.4322 0.9214, -2.6492 0.4019 0.9425, -2.6492 0.4151 0.6787, -2.6492 0.4438 0.7034, -2.6492 1.1944 0.6553, -2.6492 0.3809 0.6618, -2.6492 0.4657 0.7348, -2.6492 0.4792 0.7702, -2.6492 1.1944 0.8278, -2.6492 0.4837 0.8068, -2.6492 0.4834 0.8163, -2.6492 0.4813 0.8278, -2.6492 0.4769 0.8519, -2.6492 0.3679 0.6578, -2.6492 0.3667 0.6553, -2.6492 0.3584 0.6375, -2.6492 0.3443 0.6201, -2.6492 -0.1763 0.1705, -2.6492 -0.1763 0.6024, -2.6492 0.2385 0.6024, -2.6492 0.2548 0.5961, -2.6492 0.2778 0.5933, -2.6492 1.1944 0.1705, -2.6492 0.2814 0.5934, -2.6492 0.3038 0.5969, -2.6492 1.1944 0.6024, -2.6492 0.317 0.6024, -2.6492 0.3257 0.6061, -2.6492 -0.1763 0.6553, -2.6492 0.1888 0.6553, -2.6492 0.1889 0.6549, -2.6492 0.2001 0.6338, -2.6492 0.2147 0.6174, -2.6492 0.2336 0.6042, -2.6492 0.0677 0.7112, -2.6492 0.0612 0.7138, -2.6492 0.05 0.7679, -2.6492 -0.0866 0.6986, -2.6492 -0.0608 0.6768, -2.6492 0.2066 0.7518, -2.6492 0.0795 0.8182, -2.6492 0.2232 0.7668, -2.6492 0.2433 0.7776, -2.6492 0.0735 0.7071, -2.6492 -0.1054 0.7248, -2.6492 -0.0624 0.7961, -2.6492 -0.058 0.8143, -2.6492 -0.0507 0.8278, -2.6492 0.4215 0.8278, -2.6492 -0.1174 0.8197, -2.6492 -0.1217 0.7888, -2.6492 -0.1173 0.7549, -2.6492 0.0538 0.7147, -2.6492 0.0529 0.7147, -2.6492 0.0501 0.714, -2.6492 0.416 0.7709, -2.6492 0.4046 0.7516, -2.6492 0.3564 0.7418, -2.6492 0.3876 0.7341, -2.6492 0.3669 0.7214, -2.6492 0.3214 0.7732, -2.6492 0.3408 0.7597, -2.6492 0.4239 0.8087, -2.6492 0.4228 0.7941, -2.6492 0.3004 0.7812, -2.6492 0.2778 0.784, -2.6492 0.2662 0.7833, -2.6492 0.0833 0.6853, -2.6492 0.083 0.6891, -2.6492 0.1829 0.6977, -2.6492 0.0811 0.6963, -2.6492 0.0775 0.7028, -2.6492 -0.0436 0.7376, -2.6492 -0.054 0.7524, -2.6492 -0.0606 0.7693, -2.6492 -0.0629 0.7878, -2.6492 0.0611 0.6568, -2.6492 0.0674 0.6593, -2.6492 0.0735 0.6636, -2.6492 0.0757 0.6659, -2.6492 0.0799 0.6718, -2.6492 0.0824 0.6783, -2.6492 0.1834 0.6784, -2.6492 0.1829 0.6882, -2.6492 -0.0318 0.6626, -2.6492 -0.0002 0.6559, -2.6492 0.0557 0.6559, -2.6492 0.0481 0.7138, -2.6492 0.0055 0.7138, -2.6492 -0.0115 0.7171, -2.6492 -0.0283 0.7248, -2.6492 -0.0423 0.7362, -2.6492 0.0392 0.9188, -2.6492 0.0605 0.9443, -2.6492 0.2787 0.8893, -2.6492 0.063 0.9466, -2.6492 0.0897 0.9651, -2.6492 0.2642 0.9193, -2.6492 0.2855 0.8931, -2.6492 0.3068 0.9008, -2.6492 -0.0491 0.8307, -2.6492 -0.0382 0.8429, -2.6492 0.0111 0.8618, -2.6492 -0.0235 0.8532, -2.6492 -0.0069 0.8596, -2.6492 0.0187 0.8618, -2.6492 0.0245 0.8882, -2.6492 0.3622 0.8975, -2.6492 0.3834 0.8863, -2.6492 0.3388 0.9031, -2.6492 0.3998 0.8717, -2.6492 0.4129 0.8528, -2.6492 0.2429 0.9448, -2.6492 0.1194 0.9765, -2.6492 0.2175 0.9634, -2.6492 0.1516 0.9804, -2.6492 0.1865 0.9759, -2.6492 0.329 0.9036, -2.6492 0.4211 0.8316, -2.6492 -0.7666 0.8681, -2.6492 -0.6849 0.8278, -2.6492 -2.8587 0.8278, -2.6492 -2.8587 1.0027, -2.6492 -0.7157 1.0015, -2.6492 -0.6849 1.0027, -2.6492 -0.6973 1.0015, -2.6492 -0.6849 0.9691, -2.6492 -0.6655 0.8681, -2.6492 -0.6465 0.8681, -2.6492 -0.6783 0.9046, -2.6492 -0.5052 0.8833, -2.6492 -0.5052 0.8681, -2.6492 -0.5178 0.8278, -2.6492 -0.5022 0.9862, -2.6492 -0.5178 1.0027, -2.6492 -0.5022 1.0015, -2.6492 -0.4867 1.0027, -2.6492 -0.4867 1.0015, -2.6492 -0.4507 0.9282, -2.6492 -0.4507 0.8833, -2.6492 -0.4867 0.9282, -2.6492 -0.4867 0.8833, -2.6492 -0.4984 0.9282, -2.6492 -0.4984 0.9435, -2.6492 -0.4507 0.9862, -2.6492 -0.4507 0.9435, -2.6492 -0.4867 0.9862, -2.6492 -0.4867 0.9435, -2.6492 -0.4867 0.8278, -2.6492 -0.4867 0.8681, -2.6492 -0.4257 0.8278, -2.6492 -0.4334 1.0015, -2.6492 -0.4257 1.0027, -2.6492 -0.4334 0.8681, -2.6492 -0.4067 0.9983, -2.6492 -0.3926 1.0024, -2.6492 -0.3894 1.0027, -2.6492 -0.4067 0.9803, -2.6492 -0.4052 0.9811, -2.6492 -0.4067 0.8901, -2.6492 -0.3917 0.9863, -2.6492 -0.3753 0.9882, -2.6492 -0.3686 0.9879, -2.6492 -0.3572 0.9853, -2.6492 -0.3468 0.9802, -2.6492 -0.3389 0.9734, -2.6492 -0.338 0.9725, -2.6492 -0.3316 0.9632, -2.6492 -0.4067 0.8736, -2.6492 -0.4045 0.8725, -2.6492 -0.3473 0.8692, -2.6492 -0.3347 0.8751, -2.6492 -0.3128 0.8278, -2.6492 -0.3239 0.8841, -2.6492 -0.3229 0.8852, -2.6492 -0.3271 0.9517, -2.6492 -0.3249 0.9333, -2.6492 -0.3252 0.9268, -2.6492 -0.3275 0.9138, -2.6492 -0.3785 0.8814, -2.6492 -0.3936 0.8842, -2.6492 -0.3494 0.8865, -2.6492 -0.3589 0.8828, -2.6492 -0.3723 0.8812, -2.6492 -0.3901 0.8678, -2.6492 -0.3698 0.8658, -2.6492 -0.3617 0.8662, -2.6492 -0.3321 0.9032, -2.6492 -0.338 0.8952, -2.6492 -0.3407 0.8926, -2.6492 -0.3128 1.0027, -2.6492 -0.3164 0.9715, -2.6492 -0.3261 0.9841, -2.6492 -0.3294 0.9873, -2.6492 -0.3419 0.996, -2.6492 -0.3558 1.0014, -2.6492 -0.3149 0.8966, -2.6492 -0.3128 0.902, -2.6492 -0.3048 0.8278, -2.6492 -0.3048 1.0027, -2.6492 -0.3101 0.9567, -2.6492 -0.3128 0.963, -2.6492 -0.3095 0.9105, -2.6492 -0.3068 0.9323, -2.6492 -0.307 0.9393, -2.6492 -2.528 0.0394, -2.6492 -2.8587 0.0394, -2.6492 -2.528 0.1705, -2.6492 -2.8587 0.6024, -2.6492 -0.6849 0.1705, -2.6492 -0.6849 0.6024, -2.6492 -0.6428 0.1705, -2.6492 -0.6428 0.6024, -2.6492 -0.5916 0.1705, -2.6492 -0.5916 0.6024, -2.6492 -0.5178 0.1705, -2.6492 -0.5178 0.6024, -2.6492 -0.4867 0.1705, -2.6492 -0.4867 0.6024, -2.6492 -0.4257 0.1705, -2.6492 -0.4257 0.6024, -2.6492 -0.3128 0.1705, -2.6492 -0.3128 0.6024, -2.6492 -0.3048 0.1705, -2.6492 -0.3048 0.6024, -2.6492 1.9051 0.0394, -2.6492 1.505 0.0394, -2.6492 1.9051 0.6024, -2.6492 1.505 0.1705, -2.6492 1.9051 2.2965, -2.6492 1.8332 2.2246, -2.6492 -0.6387 0.928, -2.6492 -0.6354 0.9124, -2.6492 -0.6289 0.8986, -2.6492 -0.6189 0.8868, -2.6492 -0.5916 1.0027, -2.6492 -0.5916 0.9983, -2.6492 -0.6428 1.0027, -2.6492 -0.605 0.9934, -2.6492 -0.6319 0.9676, -2.6492 -0.6368 0.9549, -2.6492 -0.6391 0.9365, -2.6492 -0.6189 0.9839, -2.6492 -0.6236 0.9793, -2.6492 -0.605 0.8768, -2.6492 -0.5916 0.8715, -2.6492 -0.5916 0.8278, -2.6492 -0.5898 0.8709, -2.6492 -0.5671 0.8681, -2.6492 -0.5304 0.8681, -2.6492 -0.5304 1.0015, -2.6492 -0.5685 1.0015, -2.6492 -0.5889 0.9993, -2.6492 -0.3649 0.6578, -2.6492 -0.3583 0.6553, -2.6492 -0.3786 0.6564, -2.6492 -0.365 0.7397, -2.6492 -0.3593 0.7403, -2.6492 -0.3504 0.713, -2.6492 -0.369 0.6604, -2.6492 -0.3128 0.6553, -2.6492 -0.3216 0.6686, -2.6492 -0.3196 0.6743, -2.6492 -0.325 0.7012, -2.6492 -0.3299 0.7058, -2.6492 -0.3281 0.7288, -2.6492 -0.3366 0.7095, -2.6492 -0.3396 0.736, -2.6492 -0.35 0.7394, -2.6492 -0.3326 0.6577, -2.6492 -0.339 0.6553, -2.6492 -0.3393 0.6553, -2.6492 -0.3269 0.6616, -2.6492 -0.3251 0.6635, -2.6492 -0.3188 0.6819, -2.6492 -0.3195 0.6897, -2.6492 -0.3786 0.6711, -2.6492 -0.3782 0.6711, -2.6492 -0.3744 0.6657, -2.6492 -0.3315 0.747, -2.6492 -0.3281 0.745, -2.6492 -0.3215 0.6958, -2.6492 -0.4228 0.7109, -2.6492 -0.4207 0.7144, -2.6492 -0.3953 0.7177, -2.6492 -0.4188 0.7195, -2.6492 -0.3937 0.7317, -2.6492 -0.4181 0.726, -2.6492 -0.3786 0.717, -2.6492 -0.378 0.7244, -2.6492 -0.3763 0.7303, -2.6492 -0.3743 0.7338, -2.6492 -0.379 0.7504, -2.6492 -0.3843 0.7471, -2.6492 -0.4238 0.7418, -2.6492 -0.4256 0.708, -2.6492 -0.418 0.677, -2.6492 -0.4257 0.7079, -2.6492 -0.425 0.6727, -2.6492 -0.4257 0.6724, -2.6492 -0.3439 0.7518, -2.6492 -0.3609 0.7539, -2.6492 -0.3722 0.7527, -2.6492 -0.4187 0.7319, -2.6492 -0.4207 0.7373, -2.6492 -0.391 0.7389, -2.6492 -0.3875 0.744, -2.6492 -0.3718 0.7364, -2.6492 -0.3689 0.7384, -2.6492 -0.3582 0.6552, -2.6492 -0.349 0.6541, -2.6492 -0.418 0.6597, -2.6492 -0.3953 0.6564, -2.6492 -0.4257 0.657, -2.6492 -0.4257 0.6553, -2.6492 -0.4298 0.6556, -2.6492 -0.433 0.6553, -2.6492 -0.4438 0.6541, -2.6492 -0.4778 0.7496, -2.6492 -0.4778 0.7334, -2.6492 -0.4288 0.7463, -2.6492 -0.433 0.7489, -2.6492 -0.4257 0.7435, -2.6492 -0.4816 0.6756, -2.6492 -0.4795 0.6703, -2.6492 -0.4764 0.6659, -2.6492 -0.4419 0.7523, -2.6492 -0.4552 0.7539, -2.6492 -0.4669 0.7528, -2.6492 -0.4768 0.6981, -2.6492 -0.4799 0.6935, -2.6492 -0.4817 0.6885, -2.6492 -0.4824 0.6823, -2.6492 -0.4716 0.6617, -2.6492 -0.4677 0.6593, -2.6492 -0.4536 0.7403, -2.6492 -0.4486 0.7399, -2.6492 -0.4353 0.7275, -2.6492 -0.4441 0.7387, -2.6492 -0.4404 0.7368, -2.6492 -0.4355 0.7253, -2.6492 -0.4361 0.7227, -2.6492 -0.4373 0.7204, -2.6492 -0.439 0.7186, -2.6492 -0.4449 0.7149, -2.6492 -0.4639 0.7392, -2.6492 -0.4552 0.7104, -2.6492 -0.4734 0.7359, -2.6492 -0.4617 0.7078, -2.6492 -0.4728 0.7016, -2.6492 -0.4379 0.7345, -2.6492 -0.4364 0.7324, -2.6492 -0.4356 0.7301, -2.6492 -0.4355 0.6689, -2.6492 -0.4434 0.6983, -2.6492 -0.4334 0.7028, -2.6492 -0.4455 0.6678, -2.6492 -0.4462 0.6678, -2.6492 -0.4544 0.6937, -2.6492 -0.4548 0.6687, -2.6492 -0.4652 0.6807, -2.6492 -0.465 0.6828, -2.6492 -0.4591 0.6703, -2.6492 -0.4606 0.6712, -2.6492 -0.4625 0.6729, -2.6492 -0.464 0.6751, -2.6492 -0.4649 0.6775, -2.6492 -0.4643 0.6854, -2.6492 -0.463 0.6876, -2.6492 -0.4609 0.6897, -2.6492 -0.5652 0.7517, -2.6492 -0.5825 0.7517, -2.6492 -0.5916 0.6553, -2.6492 -0.5347 0.6801, -2.6492 -0.5367 0.6722, -2.6492 -0.5371 0.6722, -2.6492 -0.5178 0.7285, -2.6492 -0.5392 0.6799, -2.6492 -0.5379 0.6755, -2.6492 -0.5178 0.6553, -2.6492 -0.5178 0.6836, -2.6492 -0.4911 0.7517, -2.6492 -0.5098 0.7517, -2.6492 -0.5284 0.6566, -2.6492 -0.5279 0.6553, -2.6492 -0.5211 0.6393, -2.6492 -0.4945 0.6129, -2.6492 -0.4945 0.6277, -2.6492 -0.5147 0.6297, -2.6492 -0.5178 0.6332, -2.6492 -0.5178 0.6333, -2.6492 -0.4979 0.6266, -2.6492 -0.504 0.6258, -2.6492 -0.5178 0.6145, -2.6492 -0.512 0.6123, -2.6492 -0.5053 0.6115, -2.6492 -0.5016 0.6116, -2.6492 -0.5083 0.6263, -2.6492 -0.5119 0.6278, -2.6492 -0.5393 0.642, -2.6492 -0.5317 0.6273, -2.6492 -0.5445 0.6553, -2.6492 -0.5256 0.6199, -2.6492 -0.5245 0.6189, -2.6492 -0.5186 0.6148, -2.6492 -0.6693 0.7898, -2.6492 -0.6693 0.7745, -2.6492 -0.6723 0.6716, -2.6492 -0.6849 0.6553, -2.6492 -0.6723 0.6564, -2.6492 -0.6428 0.6553, -2.6492 -0.6178 0.7165, -2.6492 -0.6178 0.6716, -2.6492 -0.6428 0.7165, -2.6492 -0.6428 0.6716, -2.6492 -0.6655 0.7165, -2.6492 -0.6655 0.7318, -2.6492 -0.6428 0.7318, -2.6492 -0.6428 0.7745, -2.6492 -0.6178 0.7318, -2.6492 -0.6178 0.7745, -2.6492 -0.6428 0.6564, -2.6492 -0.6006 0.6564, -2.6492 -0.8326 0.6564, -2.6492 -0.8136 0.6564, -2.6492 -0.9146 0.6564, -2.6492 -0.901 0.6929, -2.6492 -0.8455 0.6929, -2.6492 -0.9337 0.6564, -2.6492 -2.8587 0.6553, -2.6492 -0.8828 0.7898, -2.6492 -0.8644 0.7898, -2.6492 -0.8026 0.7007, -2.6492 -0.8058 0.7163, -2.6492 -0.8062 0.7248, -2.6492 -0.804 0.7432, -2.6492 -0.796 0.6869, -2.6492 -0.7861 0.6751, -2.6492 -0.7721 0.6651, -2.6492 -0.6975 0.7898, -2.6492 -0.6975 0.6564, -2.6492 -0.7342 0.6564, -2.6492 -0.7569 0.6591, -2.6492 -0.7861 0.7722, -2.6492 -0.7908 0.7676, -2.6492 -0.799 0.7559, -2.6492 -0.7356 0.7898, -2.6492 -0.756 0.7876, -2.6492 -0.7721 0.7817, -2.6492 -0.3659 1.0027, -2.6492 -0.3751 1.0038, -2.6492 -0.3128 2.8218, -2.6492 -0.4257 2.8218, -2.6492 -0.4867 2.8218, -2.6492 -0.5178 2.8218, -2.6492 -0.5916 2.8218, -2.6492 -0.6428 2.8218, -2.6492 -0.6849 2.8218, -2.6492 -2.8223 2.8218, -2.6492 -2.8587 2.7854, -2.6492 -0.3048 0.6553, -2.6492 -0.3028 0.6716, -2.6492 -0.3028 0.6564, -2.6492 -0.231 0.6564, -2.6492 -0.2997 0.7745, -2.6492 -0.231 0.7898, -2.6492 -0.2997 0.7898, -2.6492 -0.2482 0.7165, -2.6492 -0.2482 0.6716, -2.6492 -0.2959 0.7165, -2.6492 -0.2959 0.7318, -2.6492 -0.2482 0.7318, -2.6492 -0.2482 0.7745, -2.6492 -0.231 0.8681, -2.6492 -0.231 1.0015, -2.6492 -0.3014 0.8681, -2.6492 -0.3048 2.8218, -2.6492 -1.0378 4.6063, -2.6492 -0.6849 4.6063, -2.6492 -0.6428 4.6063, -2.6492 -0.5916 4.6063, -2.6492 -0.5178 4.6063, -2.6492 -0.4867 4.6063, -2.6492 -0.4257 4.6063, -2.6492 -0.3128 4.6063, -2.6492 -0.3048 4.6063, -2.6492 -0.1763 4.6063, -2.6492 1.1944 4.6063, -2.6492 1.505 4.6063, -2.6492 1.9051 0.8278, -2.6492 1.9051 0.6553, -0.7791 0.1092 5.4724, -0.9329 -0.0986 5.4724, -0.7791 -0.0986 5.4724, -0.7791 1.1823 4.394, -1.9602 1.1823 4.394, -0.7791 0.8839 4.394, -1.9602 0.8839 4.394, -1.9602 -0.3301 4.394, -0.7791 -0.3301 4.394, -1.9602 -0.2275 4.394, -0.7791 -0.2275 4.394, -0.7791 0.8839 4.6063, -0.7791 1.4062 4.6063, -0.7791 -0.2275 4.6063, -0.7791 -0.3301 4.6063, -1.9602 1.4062 4.6063, -1.9602 0.8839 4.6063, -1.9602 -0.3301 4.6063, -1.9602 -0.2275 4.6063, -0.6807 1.505 4.6063, -0.6807 -1.0378 4.6063, -0.6807 -0.1464 4.6063, -1.2122 -0.6364 4.6063, -1.1633 -0.6739 4.6063, -1.6372 -0.7798 4.6063, -1.6453 -0.8409 4.6063, -1.6453 -1.0378 4.6063, -1.2692 -0.6128 4.6063, -1.6136 -0.7228 4.6063, -1.5761 -0.6739 4.6063, -1.5272 -0.6364 4.6063, -1.1257 -0.7228 4.6063, -1.1021 -0.7798 4.6063, -1.0941 -0.8409 4.6063, -1.0941 -1.0378 4.6063, -1.4702 -0.6128 4.6063, -1.4091 -0.6047 4.6063, -1.3303 -0.6047 4.6063, -0.6807 1.9051 3.7757, -0.6807 1.9051 2.2965, -0.6807 1.9051 2.6331, -0.6807 1.8332 2.2246, -0.6807 1.8332 1.6716, -0.6807 1.9051 1.5996, -0.6807 1.9051 0.0394, -0.6807 1.505 0.0394, -0.6807 1.505 0.1705, -0.6807 -2.528 0.1705, -0.6807 -0.1464 0.1705, -0.6807 -2.528 0.0394, -0.6807 -2.8587 0.0394, -0.6807 -2.8587 2.7854, -0.6807 -2.8587 2.6331, -1.3172 -1.7199 3.9242, -1.3902 -1.7229 3.9212, -1.0893 -1.6061 4.0379, -1.1647 -1.6658 3.9782, -1.2424 -1.7023 3.9418, -1.4639 -1.712 3.9321, -1.5403 -1.6845 3.9596, -1.6193 -1.6342 4.0099, -1.7366 -1.1869 4.4572, -1.6901 -1.101 4.5431, -1.0992 -1.0381 4.606, -1.1041 -1.0391 4.605, -1.0747 -1.069 4.5751, -1.7605 -1.2823 4.3618, -1.6353 -1.0391 4.605, -1.6402 -1.0381 4.606, -1.0191 -1.1505 4.4936, -0.9856 -1.2434 4.4007, -1.6869 -1.5628 4.0812, -1.735 -1.4766 4.1675, -1.76 -1.381 4.2631, -0.9762 -1.3418 4.3023, -0.9915 -1.4391 4.205, -1.0302 -1.5291 4.115, -0.6807 -2.5945 0.5734, -0.6807 -2.6158 0.6249, -0.6807 -0.1464 2.6331, -0.6807 1.1583 3.251, -0.6807 1.1174 3.3044, -0.6807 1.5639 3.3044, -0.6807 1.5229 3.251, -0.6807 1.5639 3.5622, -0.6807 1.5896 3.5, -0.6807 1.5984 3.4333, -0.6807 1.5896 3.3666, -0.6807 1.4695 3.21, -0.6807 1.4073 3.1843, -0.6807 1.3406 3.1755, -0.6807 1.0916 3.3666, -0.6807 1.0828 3.4333, -0.6807 1.0916 3.5, -0.6807 1.1174 3.5622, -0.6807 1.1583 3.6156, -0.6807 1.2117 3.6565, -0.6807 1.2739 3.6823, -0.6807 1.3406 3.6911, -0.6807 1.4073 3.6823, -0.6807 1.4695 3.6565, -0.6807 1.5229 3.6156, -0.6807 1.2739 3.1843, -0.6807 1.2117 3.21, -0.6807 1.4037 2.5643, -0.6807 1.4624 2.5399, -0.6807 1.5129 2.5012, -0.6807 1.5129 2.1567, -0.6807 1.4624 2.118, -0.6807 1.3406 2.5726, -0.6807 1.5516 2.4508, -0.6807 1.5759 2.392, -0.6807 1.5842 2.329, -0.6807 1.5759 2.2659, -0.6807 1.5516 2.2072, -0.6807 1.3406 2.0854, -0.6807 1.2776 2.0937, -0.6807 1.4037 2.0937, -0.6807 1.2188 2.118, -0.6807 1.1684 2.1567, -0.6807 1.1297 2.2072, -0.6807 1.1053 2.2659, -0.6807 1.097 2.329, -0.6807 1.1053 2.392, -0.6807 1.1297 2.4508, -0.6807 1.1684 2.5012, -0.6807 1.2188 2.5399, -0.6807 1.2776 2.5643, -0.6807 -2.203 0.7355, -0.6807 -2.5605 0.5291, -0.6807 -2.1957 0.6802, -0.6807 -2.203 0.6249, -0.6807 -2.2244 0.5734, -0.6807 -1.3756 1.6541, -0.6807 -1.3855 1.5791, -0.6807 -1.5905 1.3741, -0.6807 -1.6655 1.3642, -0.6807 -1.4145 1.5092, -0.6807 -1.4606 1.4491, -0.6807 -1.5206 1.4031, -0.6807 -1.7406 1.3741, -0.6807 -1.8105 1.4031, -0.6807 -2.2244 0.787, -0.6807 -2.5945 0.787, -0.6807 -2.5605 0.8313, -0.6807 -1.9456 1.7292, -0.6807 -1.9166 1.7991, -0.6807 -1.8705 1.8591, -0.6807 -1.8105 1.9052, -0.6807 -2.4094 0.4665, -0.6807 -2.4647 0.4738, -0.6807 -2.5162 0.4952, -0.6807 -2.4647 0.8866, -0.6807 -2.4094 0.8939, -0.6807 -1.9456 1.5791, -0.6807 -2.3541 0.8866, -0.6807 -1.9166 1.5092, -0.6807 -2.3026 0.8652, -0.6807 -1.8705 1.4491, -0.6807 -2.6231 0.6802, -0.6807 -2.6158 0.7355, -0.6807 -1.9554 1.6541, -0.6807 -2.5162 0.8652, -0.6807 -1.7406 1.9341, -0.6807 -1.6655 1.944, -0.6807 -2.2583 0.5291, -0.6807 -2.3026 0.4952, -0.6807 -2.3541 0.4738, -0.6807 -1.5905 1.9341, -0.6807 -1.5206 1.9052, -0.6807 -1.4606 1.8591, -0.6807 -2.2583 0.8313, -0.6807 -1.4145 1.7991, -0.6807 -1.3855 1.7292, -0.6807 -1.9381 2.9271, -0.6807 -1.946 2.8667, -0.6807 -2.4053 2.9271, -0.6807 -2.3973 2.9876, -0.6807 -2.0549 3.1294, -0.6807 -2.374 3.0439, -0.6807 -2.3369 3.0923, -0.6807 -2.2885 3.1294, -0.6807 -2.2321 3.1528, -0.6807 -2.2885 2.7248, -0.6807 -2.3369 2.762, -0.6807 -2.374 2.8103, -0.6807 -2.3973 2.8667, -0.6807 -2.1717 3.1607, -0.6807 -2.1112 3.1528, -0.6807 -1.9694 2.8103, -0.6807 -2.0065 2.762, -0.6807 -2.0549 2.7248, -0.6807 -2.1112 2.7015, -0.6807 -2.1717 2.6935, -0.6807 -2.2321 2.7015, -0.6807 -2.0065 3.0923, -0.6807 -1.9694 3.0439, -0.6807 -1.946 2.9876, -1.9602 0.8839 5.0536, -1.9602 1.0289 5.0536, -0.7791 0.8839 5.0536, -0.7791 1.0289 5.0536, -0.7791 -0.2275 4.7669, -1.9602 -0.2275 4.7669, -1.9602 -0.0986 4.7669, -0.7791 -0.0986 4.7669, -0.9329 -0.0986 5.2756, -1.4218 -0.0986 5.4724, -1.9602 -0.0986 5.4724, -1.4218 -0.0986 5.2756, -1.9602 0.8839 5.4724, -0.7791 0.7702 5.4724, -0.7791 0.8839 5.4724, -1.9602 1.0289 5.2598, -0.7791 1.0289 5.2598, -0.7791 0.1092 5.2756, -0.7791 0.7702 5.2756, -0.7988 -2.1717 3.1607, -0.7988 -2.2321 3.1528, -0.7988 -2.2885 3.1294, -0.7988 -2.3369 3.0923, -0.7988 -2.374 3.0439, -0.7988 -2.3973 2.9876, -0.7988 -2.4053 2.9271, -0.7988 -2.3973 2.8667, -0.7988 -2.374 2.8103, -0.7988 -2.3369 2.762, -0.7988 -2.2885 2.7248, -0.7988 -2.2321 2.7015, -0.7988 -2.1717 2.6935, -0.7988 -2.1112 2.7015, -0.7988 -2.0549 2.7248, -0.7988 -2.0065 2.762, -0.7988 -1.9694 2.8103, -0.7988 -1.946 2.8667, -0.7988 -1.9381 2.9271, -0.7988 -1.946 2.9876, -0.7988 -1.9694 3.0439, -0.7988 -2.0065 3.0923, -0.7988 -2.0549 3.1294, -0.7988 -2.1112 3.1528, -0.7988 -2.1717 2.9271, -0.7988 -1.6655 1.944, -0.7988 -1.7406 1.9341, -0.7988 -1.8105 1.9052, -0.7988 -1.8705 1.8591, -0.7988 -1.9166 1.7991, -0.7988 -1.9456 1.7292, -0.7988 -1.9554 1.6541, -0.7988 -1.9456 1.5791, -0.7988 -1.9166 1.5092, -0.7988 -1.8705 1.4491, -0.7988 -1.8105 1.4031, -0.7988 -1.7406 1.3741, -0.7988 -1.6655 1.3642, -0.7988 -1.5905 1.3741, -0.7988 -1.5206 1.4031, -0.7988 -1.4606 1.4491, -0.7988 -1.4145 1.5092, -0.7988 -1.3855 1.5791, -0.7988 -1.3756 1.6541, -0.7988 -1.3855 1.7292, -0.7988 -1.4145 1.7991, -0.7988 -1.4606 1.8591, -0.7988 -1.5206 1.9052, -0.7988 -1.5905 1.9341
            ]
        }
        coordIndex [
            0,1,2,-1,3,4,5,-1,5,4,6,-1,7,8,9,-1,9,8,10,-1,11,12,5,-1,5,12,3,-1,10,8,13,-1,13,8,14,-1,4,15,6,-1,6,15,16,-1,17,7,18,-1,18,7,9,-1,14,19,20,-1,21,11,20,-1,20,11,13,-1,20,13,14,-1,22,23,17,-1,24,25,14,-1,14,25,26,-1,27,16,28,-1,28,16,15,-1,28,15,21,-1,21,15,12,-1,21,12,11,-1,26,29,14,-1,14,29,30,-1,14,30,19,-1,19,30,31,-1,19,31,32,-1,33,22,34,-1,34,22,17,-1,34,17,27,-1,27,17,18,-1,27,18,16,-1,23,35,17,-1,17,35,36,-1,17,36,37,-1,37,38,17,-1,17,38,39,-1,17,39,14,-1,14,39,40,-1,14,40,24,-1,41,28,42,-1,42,28,21,-1,41,42,43,-1,43,42,44,-1,43,44,45,-1,45,44,46,-1,47,45,48,-1,48,45,46,-1,49,47,50,-1,50,47,48,-1,51,49,52,-1,52,49,50,-1,53,51,54,-1,54,51,52,-1,55,53,56,-1,56,53,54,-1,57,55,58,-1,58,55,56,-1,59,60,61,-1,61,60,62,-1,61,62,58,-1,58,62,57,-1,63,60,64,-1,64,60,59,-1,65,63,66,-1,66,63,64,-1,67,68,69,-1,69,68,70,-1,69,70,66,-1,66,70,65,-1,71,68,72,-1,72,68,67,-1,73,74,67,-1,67,74,75,-1,67,75,72,-1,71,76,68,-1,68,76,77,-1,68,77,78,-1,79,80,34,-1,81,82,83,-1,79,34,84,-1,85,86,80,-1,80,86,33,-1,80,33,34,-1,19,87,88,-1,87,19,83,-1,83,19,32,-1,83,32,81,-1,78,89,68,-1,68,89,90,-1,68,90,34,-1,34,90,91,-1,34,91,84,-1,88,92,19,-1,19,92,93,-1,19,93,67,-1,67,93,94,-1,67,94,73,-1,60,63,65,-1,27,95,34,-1,34,95,96,-1,97,98,99,-1,99,98,100,-1,99,100,27,-1,27,100,101,-1,27,101,95,-1,96,102,34,-1,34,102,103,-1,34,103,104,-1,105,106,68,-1,68,106,107,-1,68,107,70,-1,108,109,99,-1,99,109,110,-1,99,110,97,-1,104,111,34,-1,34,111,112,-1,34,112,68,-1,68,112,113,-1,68,113,105,-1,107,114,70,-1,70,114,115,-1,70,115,116,-1,116,117,70,-1,70,117,118,-1,70,118,99,-1,99,118,119,-1,99,119,108,-1,70,120,121,-1,122,123,60,-1,62,60,124,-1,70,121,65,-1,65,121,125,-1,65,125,60,-1,60,125,126,-1,60,126,122,-1,124,127,62,-1,62,127,128,-1,62,128,129,-1,123,130,60,-1,60,130,131,-1,60,131,124,-1,132,99,133,-1,133,99,62,-1,133,62,134,-1,134,62,129,-1,135,136,70,-1,70,136,137,-1,70,137,138,-1,139,140,99,-1,140,141,99,-1,99,141,142,-1,99,142,70,-1,70,142,143,-1,70,143,135,-1,138,144,70,-1,70,144,145,-1,70,145,146,-1,146,145,147,-1,146,147,148,-1,149,150,151,-1,151,150,152,-1,151,152,153,-1,153,152,154,-1,153,154,132,-1,132,154,155,-1,132,155,99,-1,99,155,156,-1,99,156,157,-1,147,158,148,-1,148,158,159,-1,148,159,151,-1,151,159,160,-1,151,160,149,-1,146,161,70,-1,70,161,162,-1,70,162,163,-1,157,164,99,-1,99,164,165,-1,99,165,139,-1,163,166,70,-1,70,166,167,-1,70,167,120,-1,53,55,57,-1,168,169,43,-1,62,49,57,-1,57,49,51,-1,57,51,53,-1,47,170,45,-1,45,170,171,-1,45,171,43,-1,43,171,172,-1,43,172,168,-1,173,174,99,-1,99,174,175,-1,99,175,176,-1,177,178,49,-1,49,178,179,-1,49,179,47,-1,47,179,180,-1,47,180,170,-1,169,181,43,-1,43,181,182,-1,43,182,99,-1,99,182,183,-1,99,183,173,-1,184,185,62,-1,176,186,99,-1,99,186,187,-1,99,187,62,-1,62,187,188,-1,62,188,184,-1,185,189,62,-1,62,189,190,-1,62,190,49,-1,49,190,191,-1,49,191,177,-1,192,99,193,-1,193,99,194,-1,195,196,28,-1,28,196,197,-1,28,197,27,-1,27,197,198,-1,27,198,199,-1,199,200,27,-1,27,200,201,-1,27,201,99,-1,99,201,202,-1,99,202,194,-1,203,204,43,-1,43,204,205,-1,192,206,99,-1,99,206,207,-1,99,207,43,-1,43,207,208,-1,43,208,203,-1,209,210,41,-1,41,210,211,-1,41,211,28,-1,28,211,212,-1,28,212,195,-1,205,213,43,-1,43,213,214,-1,43,214,41,-1,41,214,215,-1,41,215,209,-1,216,217,59,-1,218,219,220,-1,44,221,222,-1,223,224,42,-1,42,224,225,-1,42,225,44,-1,44,225,226,-1,44,226,221,-1,222,227,44,-1,44,227,228,-1,44,228,229,-1,220,230,218,-1,218,230,231,-1,218,231,20,-1,20,231,232,-1,20,232,233,-1,233,234,20,-1,20,234,235,-1,20,235,21,-1,21,235,236,-1,21,236,237,-1,237,238,21,-1,21,238,239,-1,21,239,42,-1,42,239,240,-1,42,240,223,-1,229,241,218,-1,218,241,242,-1,218,242,219,-1,243,244,44,-1,44,244,245,-1,50,246,247,-1,229,218,44,-1,44,218,248,-1,44,248,243,-1,245,249,44,-1,44,249,250,-1,44,250,46,-1,46,250,251,-1,46,251,48,-1,48,251,252,-1,48,252,50,-1,50,252,253,-1,50,253,246,-1,254,255,61,-1,254,61,256,-1,247,256,50,-1,50,256,61,-1,50,61,52,-1,52,61,58,-1,52,58,54,-1,54,58,56,-1,255,257,61,-1,61,257,258,-1,61,258,259,-1,260,261,218,-1,261,262,218,-1,218,262,263,-1,218,263,264,-1,264,265,218,-1,218,265,266,-1,218,266,248,-1,216,59,267,-1,268,269,69,-1,69,66,270,-1,271,61,218,-1,218,61,259,-1,218,259,260,-1,272,273,274,-1,271,275,61,-1,61,275,276,-1,61,276,277,-1,64,59,66,-1,66,59,217,-1,66,217,270,-1,277,278,61,-1,61,278,279,-1,61,279,59,-1,59,279,280,-1,59,280,281,-1,282,283,271,-1,270,284,69,-1,69,284,285,-1,69,285,272,-1,268,69,286,-1,287,288,218,-1,218,288,289,-1,281,290,59,-1,59,290,291,-1,59,291,267,-1,282,271,292,-1,272,274,69,-1,69,274,293,-1,69,293,286,-1,269,294,69,-1,69,294,295,-1,69,295,218,-1,218,295,296,-1,218,296,287,-1,289,297,218,-1,218,297,298,-1,218,298,299,-1,299,300,218,-1,218,300,301,-1,218,301,271,-1,271,301,302,-1,271,302,292,-1,303,304,305,-1,272,306,273,-1,273,306,303,-1,273,303,307,-1,307,303,305,-1,304,308,305,-1,305,308,309,-1,305,309,310,-1,310,309,311,-1,310,311,283,-1,283,311,312,-1,283,312,271,-1,218,313,314,-1,315,316,69,-1,69,316,317,-1,69,317,67,-1,314,318,218,-1,218,318,319,-1,218,319,320,-1,20,19,321,-1,321,322,20,-1,20,322,323,-1,20,323,218,-1,218,323,324,-1,218,324,313,-1,317,325,67,-1,67,325,326,-1,67,326,327,-1,328,329,19,-1,19,329,330,-1,19,330,321,-1,320,331,218,-1,218,331,332,-1,218,332,69,-1,69,332,333,-1,69,333,315,-1,327,334,67,-1,67,334,335,-1,67,335,19,-1,19,335,336,-1,19,336,328,-1,14,8,17,-1,17,8,7,-1,3,12,4,-1,4,12,15,-1,337,338,339,-1,339,338,340,-1,5,6,11,-1,11,6,16,-1,11,16,339,-1,339,16,337,-1,341,342,13,-1,13,342,18,-1,13,18,10,-1,10,18,9,-1,343,342,344,-1,344,342,341,-1,2,1,345,-1,346,347,348,-1,348,347,343,-1,348,343,345,-1,345,343,344,-1,345,344,2,-1,347,346,349,-1,349,346,350,-1,349,350,351,-1,352,349,353,-1,353,349,351,-1,338,352,340,-1,340,352,353,-1,337,16,343,-1,343,16,18,-1,343,18,342,-1,352,338,349,-1,349,338,337,-1,349,337,347,-1,347,337,343,-1,354,0,2,-1,351,350,353,-1,353,350,355,-1,341,13,344,-1,344,13,11,-1,344,11,339,-1,2,344,354,-1,354,344,339,-1,354,339,355,-1,355,339,340,-1,355,340,353,-1,196,356,197,-1,197,356,357,-1,197,357,198,-1,198,357,358,-1,198,358,199,-1,199,358,359,-1,199,359,200,-1,200,359,360,-1,200,360,201,-1,201,360,361,-1,201,361,202,-1,202,361,362,-1,202,362,194,-1,194,362,363,-1,194,363,193,-1,193,363,364,-1,193,364,192,-1,192,364,365,-1,192,365,206,-1,206,365,366,-1,206,366,207,-1,207,366,367,-1,207,367,208,-1,208,367,368,-1,208,368,203,-1,203,368,369,-1,203,369,204,-1,204,369,370,-1,204,370,205,-1,205,370,371,-1,205,371,213,-1,213,371,372,-1,213,372,214,-1,214,372,373,-1,214,373,215,-1,215,373,374,-1,215,374,209,-1,209,374,375,-1,209,375,210,-1,210,375,376,-1,210,376,211,-1,211,376,377,-1,211,377,212,-1,212,377,378,-1,212,378,195,-1,195,378,379,-1,195,379,196,-1,196,379,356,-1,369,368,380,-1,380,368,367,-1,380,367,366,-1,372,371,380,-1,380,371,370,-1,380,370,369,-1,375,374,380,-1,380,374,373,-1,380,373,372,-1,378,377,380,-1,380,377,376,-1,380,376,375,-1,357,356,380,-1,380,356,379,-1,380,379,378,-1,360,359,380,-1,380,359,358,-1,380,358,357,-1,363,362,380,-1,380,362,361,-1,380,361,360,-1,366,365,380,-1,380,365,364,-1,380,364,363,-1,182,381,183,-1,183,381,382,-1,183,382,173,-1,173,382,383,-1,173,383,174,-1,174,383,384,-1,174,384,175,-1,175,384,385,-1,175,385,176,-1,176,385,386,-1,176,386,186,-1,186,386,387,-1,186,387,187,-1,187,387,388,-1,187,388,188,-1,188,388,389,-1,188,389,184,-1,184,389,390,-1,184,390,185,-1,185,390,391,-1,185,391,189,-1,189,391,392,-1,189,392,190,-1,190,392,393,-1,190,393,191,-1,191,393,394,-1,191,394,177,-1,177,394,395,-1,177,395,178,-1,178,395,396,-1,178,396,179,-1,179,396,397,-1,179,397,180,-1,180,397,398,-1,180,398,170,-1,170,398,399,-1,170,399,171,-1,171,399,400,-1,171,400,172,-1,172,400,401,-1,172,401,168,-1,168,401,402,-1,168,402,169,-1,169,402,403,-1,169,403,181,-1,181,403,404,-1,181,404,182,-1,182,404,381,-1,394,393,405,-1,405,393,392,-1,405,392,391,-1,397,396,405,-1,405,396,395,-1,405,395,394,-1,400,399,405,-1,405,399,398,-1,405,398,397,-1,403,402,405,-1,405,402,401,-1,405,401,400,-1,382,381,405,-1,405,381,404,-1,405,404,403,-1,385,384,405,-1,405,384,383,-1,405,383,382,-1,388,387,405,-1,405,387,386,-1,405,386,385,-1,391,390,405,-1,405,390,389,-1,405,389,388,-1,103,406,104,-1,104,406,407,-1,104,407,111,-1,111,407,408,-1,111,408,112,-1,112,408,409,-1,112,409,113,-1,113,409,410,-1,113,410,105,-1,105,410,411,-1,105,411,106,-1,106,411,412,-1,106,412,107,-1,107,412,413,-1,107,413,114,-1,114,413,414,-1,114,414,115,-1,115,414,415,-1,115,415,116,-1,116,415,416,-1,116,416,117,-1,117,416,417,-1,117,417,118,-1,118,417,418,-1,118,418,119,-1,119,418,419,-1,119,419,108,-1,108,419,420,-1,108,420,109,-1,109,420,421,-1,109,421,110,-1,110,421,422,-1,110,422,97,-1,97,422,423,-1,97,423,98,-1,98,423,424,-1,98,424,100,-1,100,424,425,-1,100,425,101,-1,101,425,426,-1,101,426,95,-1,95,426,427,-1,95,427,96,-1,96,427,428,-1,96,428,102,-1,102,428,429,-1,102,429,103,-1,103,429,406,-1,419,418,430,-1,430,418,417,-1,430,417,416,-1,422,421,430,-1,430,421,420,-1,430,420,419,-1,425,424,430,-1,430,424,423,-1,430,423,422,-1,428,427,430,-1,430,427,426,-1,430,426,425,-1,407,406,430,-1,430,406,429,-1,430,429,428,-1,410,409,430,-1,430,409,408,-1,430,408,407,-1,413,412,430,-1,430,412,411,-1,430,411,410,-1,416,415,430,-1,430,415,414,-1,430,414,413,-1,161,431,162,-1,162,431,432,-1,162,432,163,-1,163,432,433,-1,163,433,166,-1,166,433,434,-1,166,434,167,-1,167,434,435,-1,167,435,120,-1,120,435,436,-1,120,436,121,-1,121,436,437,-1,121,437,125,-1,125,437,438,-1,125,438,126,-1,126,438,439,-1,126,439,122,-1,122,439,440,-1,122,440,123,-1,123,440,441,-1,123,441,130,-1,130,441,442,-1,130,442,131,-1,131,442,443,-1,131,443,124,-1,124,443,444,-1,124,444,127,-1,127,444,445,-1,127,445,128,-1,128,445,446,-1,128,446,129,-1,129,446,447,-1,129,447,134,-1,134,447,448,-1,134,448,133,-1,133,448,449,-1,133,449,132,-1,132,449,450,-1,132,450,153,-1,153,450,451,-1,153,451,151,-1,151,451,452,-1,151,452,148,-1,148,452,453,-1,148,453,146,-1,146,453,454,-1,146,454,161,-1,161,454,431,-1,444,443,455,-1,455,443,442,-1,455,442,441,-1,447,446,455,-1,455,446,445,-1,455,445,444,-1,450,449,455,-1,455,449,448,-1,455,448,447,-1,453,452,455,-1,455,452,451,-1,455,451,450,-1,432,431,455,-1,455,431,454,-1,455,454,453,-1,435,434,455,-1,455,434,433,-1,455,433,432,-1,438,437,455,-1,455,437,436,-1,455,436,435,-1,441,440,455,-1,455,440,439,-1,455,439,438,-1,143,456,135,-1,135,456,457,-1,135,457,136,-1,136,457,458,-1,136,458,137,-1,137,458,459,-1,137,459,138,-1,138,459,460,-1,138,460,144,-1,144,460,461,-1,144,461,145,-1,145,461,462,-1,145,462,147,-1,147,462,463,-1,147,463,158,-1,158,463,464,-1,158,464,159,-1,159,464,465,-1,159,465,160,-1,160,465,466,-1,160,466,149,-1,149,466,467,-1,149,467,150,-1,150,467,468,-1,150,468,152,-1,152,468,469,-1,152,469,154,-1,154,469,470,-1,154,470,155,-1,155,470,471,-1,155,471,156,-1,156,471,472,-1,156,472,157,-1,157,472,473,-1,157,473,164,-1,164,473,474,-1,164,474,165,-1,165,474,475,-1,165,475,139,-1,139,475,476,-1,139,476,140,-1,140,476,477,-1,140,477,141,-1,141,477,478,-1,141,478,142,-1,142,478,479,-1,142,479,143,-1,143,479,456,-1,469,468,480,-1,480,468,467,-1,480,467,466,-1,472,471,480,-1,480,471,470,-1,480,470,469,-1,475,474,480,-1,480,474,473,-1,480,473,472,-1,478,477,480,-1,480,477,476,-1,480,476,475,-1,457,456,480,-1,480,456,479,-1,480,479,478,-1,460,459,480,-1,480,459,458,-1,480,458,457,-1,463,462,480,-1,480,462,461,-1,480,461,460,-1,466,465,480,-1,480,465,464,-1,480,464,463,-1,481,329,482,-1,482,329,328,-1,482,328,483,-1,483,328,336,-1,483,336,484,-1,484,336,335,-1,484,335,485,-1,485,335,334,-1,485,334,486,-1,486,334,327,-1,486,327,487,-1,487,327,326,-1,487,326,488,-1,488,326,325,-1,488,325,489,-1,489,325,317,-1,489,317,490,-1,490,317,316,-1,490,316,491,-1,491,316,315,-1,491,315,492,-1,492,315,333,-1,492,333,493,-1,493,333,332,-1,493,332,494,-1,494,332,331,-1,494,331,495,-1,495,331,320,-1,495,320,496,-1,496,320,319,-1,496,319,497,-1,497,319,318,-1,497,318,498,-1,498,318,314,-1,498,314,499,-1,499,314,313,-1,499,313,500,-1,500,313,324,-1,500,324,501,-1,501,324,323,-1,501,323,502,-1,502,323,322,-1,502,322,503,-1,503,322,321,-1,503,321,504,-1,504,321,330,-1,504,330,481,-1,481,330,329,-1,503,504,505,-1,505,504,481,-1,505,481,482,-1,500,501,505,-1,505,501,502,-1,505,502,503,-1,497,498,505,-1,505,498,499,-1,505,499,500,-1,494,495,505,-1,505,495,496,-1,505,496,497,-1,491,492,505,-1,505,492,493,-1,505,493,494,-1,488,489,505,-1,505,489,490,-1,505,490,491,-1,485,486,505,-1,505,486,487,-1,505,487,488,-1,482,483,505,-1,505,483,484,-1,505,484,485,-1,506,295,507,-1,507,295,294,-1,507,294,508,-1,508,294,269,-1,508,269,509,-1,509,269,268,-1,509,268,510,-1,510,268,286,-1,510,286,511,-1,511,286,293,-1,511,293,512,-1,512,293,274,-1,512,274,513,-1,513,274,273,-1,513,273,514,-1,514,273,307,-1,514,307,515,-1,515,307,305,-1,515,305,516,-1,516,305,310,-1,516,310,517,-1,517,310,283,-1,517,283,518,-1,518,283,282,-1,518,282,519,-1,519,282,292,-1,519,292,520,-1,520,292,302,-1,520,302,521,-1,521,302,301,-1,521,301,522,-1,522,301,300,-1,522,300,523,-1,523,300,299,-1,523,299,524,-1,524,299,298,-1,524,298,525,-1,525,298,297,-1,525,297,526,-1,526,297,289,-1,526,289,527,-1,527,289,288,-1,527,288,528,-1,528,288,287,-1,528,287,529,-1,529,287,296,-1,529,296,506,-1,506,296,295,-1,528,529,530,-1,530,529,506,-1,530,506,507,-1,525,526,530,-1,530,526,527,-1,530,527,528,-1,522,523,530,-1,530,523,524,-1,530,524,525,-1,519,520,530,-1,530,520,521,-1,530,521,522,-1,516,517,530,-1,530,517,518,-1,530,518,519,-1,513,514,530,-1,530,514,515,-1,530,515,516,-1,510,511,530,-1,530,511,512,-1,530,512,513,-1,507,508,530,-1,530,508,509,-1,530,509,510,-1,531,237,532,-1,532,237,236,-1,532,236,533,-1,533,236,235,-1,533,235,534,-1,534,235,234,-1,534,234,535,-1,535,234,233,-1,535,233,536,-1,536,233,232,-1,536,232,537,-1,537,232,231,-1,537,231,538,-1,538,231,230,-1,538,230,539,-1,539,230,220,-1,539,220,540,-1,540,220,219,-1,540,219,541,-1,541,219,242,-1,541,242,542,-1,542,242,241,-1,542,241,543,-1,543,241,229,-1,543,229,544,-1,544,229,228,-1,544,228,545,-1,545,228,227,-1,545,227,546,-1,546,227,222,-1,546,222,547,-1,547,222,221,-1,547,221,548,-1,548,221,226,-1,548,226,549,-1,549,226,225,-1,549,225,550,-1,550,225,224,-1,550,224,551,-1,551,224,223,-1,551,223,552,-1,552,223,240,-1,552,240,553,-1,553,240,239,-1,553,239,554,-1,554,239,238,-1,554,238,531,-1,531,238,237,-1,553,554,555,-1,555,554,531,-1,555,531,532,-1,550,551,555,-1,555,551,552,-1,555,552,553,-1,547,548,555,-1,555,548,549,-1,555,549,550,-1,544,545,555,-1,555,545,546,-1,555,546,547,-1,541,542,555,-1,555,542,543,-1,555,543,544,-1,538,539,555,-1,555,539,540,-1,555,540,541,-1,535,536,555,-1,555,536,537,-1,555,537,538,-1,532,533,555,-1,555,533,534,-1,555,534,535,-1,556,248,557,-1,557,248,266,-1,557,266,558,-1,558,266,265,-1,558,265,559,-1,559,265,264,-1,559,264,560,-1,560,264,263,-1,560,263,561,-1,561,263,262,-1,561,262,562,-1,562,262,261,-1,562,261,563,-1,563,261,260,-1,563,260,564,-1,564,260,259,-1,564,259,565,-1,565,259,258,-1,565,258,566,-1,566,258,257,-1,566,257,567,-1,567,257,255,-1,567,255,568,-1,568,255,254,-1,568,254,569,-1,569,254,256,-1,569,256,570,-1,570,256,247,-1,570,247,571,-1,571,247,246,-1,571,246,572,-1,572,246,253,-1,572,253,573,-1,573,253,252,-1,573,252,574,-1,574,252,251,-1,574,251,575,-1,575,251,250,-1,575,250,576,-1,576,250,249,-1,576,249,577,-1,577,249,245,-1,577,245,578,-1,578,245,244,-1,578,244,579,-1,579,244,243,-1,579,243,556,-1,556,243,248,-1,578,579,580,-1,580,579,556,-1,580,556,557,-1,575,576,580,-1,580,576,577,-1,580,577,578,-1,572,573,580,-1,580,573,574,-1,580,574,575,-1,569,570,580,-1,580,570,571,-1,580,571,572,-1,566,567,580,-1,580,567,568,-1,580,568,569,-1,563,564,580,-1,580,564,565,-1,580,565,566,-1,560,561,580,-1,580,561,562,-1,580,562,563,-1,557,558,580,-1,580,558,559,-1,580,559,560,-1,581,304,582,-1,582,304,303,-1,582,303,583,-1,583,303,306,-1,583,306,584,-1,584,306,272,-1,584,272,585,-1,585,272,285,-1,585,285,586,-1,586,285,284,-1,586,284,587,-1,587,284,270,-1,587,270,588,-1,588,270,217,-1,588,217,589,-1,589,217,216,-1,589,216,590,-1,590,216,267,-1,590,267,591,-1,591,267,291,-1,591,291,592,-1,592,291,290,-1,592,290,593,-1,593,290,281,-1,593,281,594,-1,594,281,280,-1,594,280,595,-1,595,280,279,-1,595,279,596,-1,596,279,278,-1,596,278,597,-1,597,278,277,-1,597,277,598,-1,598,277,276,-1,598,276,599,-1,599,276,275,-1,599,275,600,-1,600,275,271,-1,600,271,601,-1,601,271,312,-1,601,312,602,-1,602,312,311,-1,602,311,603,-1,603,311,309,-1,603,309,604,-1,604,309,308,-1,604,308,581,-1,581,308,304,-1,603,604,605,-1,605,604,581,-1,605,581,582,-1,600,601,605,-1,605,601,602,-1,605,602,603,-1,597,598,605,-1,605,598,599,-1,605,599,600,-1,594,595,605,-1,605,595,596,-1,605,596,597,-1,591,592,605,-1,605,592,593,-1,605,593,594,-1,588,589,605,-1,605,589,590,-1,605,590,591,-1,585,586,605,-1,605,586,587,-1,605,587,588,-1,582,583,605,-1,605,583,584,-1,605,584,585,-1,354,345,0,-1,0,345,1,-1,350,346,355,-1,355,346,348,-1,355,348,354,-1,354,348,345,-1,606,607,608,-1,608,607,609,-1,610,611,612,-1,612,611,613,-1,614,615,616,-1,616,615,617,-1,618,619,620,-1,620,619,621,-1,613,611,609,-1,622,623,624,-1,625,626,619,-1,627,628,607,-1,607,628,617,-1,607,617,609,-1,609,617,615,-1,609,615,613,-1,627,607,619,-1,619,607,629,-1,619,629,625,-1,626,630,619,-1,619,630,631,-1,619,631,632,-1,632,633,619,-1,619,633,634,-1,619,634,621,-1,618,620,624,-1,624,620,635,-1,624,635,622,-1,636,637,638,-1,639,640,641,-1,641,640,642,-1,641,642,615,-1,615,642,643,-1,615,643,613,-1,611,644,609,-1,609,644,636,-1,609,636,645,-1,645,636,638,-1,607,606,646,-1,607,646,629,-1,606,647,646,-1,646,647,648,-1,646,648,649,-1,628,650,617,-1,617,650,651,-1,651,652,653,-1,653,654,651,-1,651,654,616,-1,651,616,617,-1,627,619,655,-1,655,656,627,-1,627,656,657,-1,627,657,628,-1,628,657,658,-1,628,658,650,-1,618,624,659,-1,659,660,618,-1,618,660,661,-1,618,661,619,-1,619,661,662,-1,619,662,655,-1,623,622,663,-1,663,664,623,-1,623,664,665,-1,623,665,624,-1,624,665,666,-1,624,666,659,-1,635,620,667,-1,667,668,635,-1,635,668,669,-1,635,669,622,-1,622,669,670,-1,622,670,663,-1,621,671,620,-1,620,671,672,-1,620,672,667,-1,634,673,621,-1,621,673,674,-1,621,674,671,-1,633,675,634,-1,634,675,676,-1,634,676,673,-1,632,677,633,-1,633,677,678,-1,633,678,675,-1,631,679,632,-1,632,679,680,-1,632,680,677,-1,630,681,631,-1,631,681,682,-1,631,682,679,-1,626,683,630,-1,630,683,684,-1,630,684,681,-1,625,685,626,-1,626,685,686,-1,626,686,683,-1,646,687,629,-1,629,687,688,-1,629,688,625,-1,625,688,689,-1,625,689,685,-1,608,609,690,-1,690,609,645,-1,690,645,691,-1,691,645,638,-1,691,638,692,-1,692,638,637,-1,692,637,693,-1,693,637,636,-1,693,636,694,-1,694,636,644,-1,694,644,610,-1,610,644,611,-1,612,613,695,-1,695,613,643,-1,695,643,696,-1,696,643,642,-1,696,642,697,-1,697,642,640,-1,697,640,698,-1,698,640,639,-1,698,639,699,-1,699,639,641,-1,699,641,614,-1,614,641,615,-1,608,690,700,-1,700,690,701,-1,700,701,702,-1,702,701,703,-1,702,703,704,-1,704,703,705,-1,704,705,706,-1,706,705,707,-1,706,707,708,-1,708,707,709,-1,708,709,22,-1,22,709,23,-1,690,691,701,-1,701,691,710,-1,701,710,703,-1,703,710,711,-1,703,711,705,-1,705,711,712,-1,705,712,707,-1,707,712,713,-1,707,713,709,-1,709,713,714,-1,709,714,23,-1,23,714,35,-1,691,692,710,-1,710,692,715,-1,710,715,711,-1,711,715,716,-1,711,716,712,-1,712,716,717,-1,712,717,713,-1,713,717,718,-1,713,718,714,-1,714,718,719,-1,714,719,35,-1,35,719,36,-1,692,693,715,-1,715,693,720,-1,715,720,716,-1,716,720,721,-1,716,721,717,-1,717,721,722,-1,717,722,718,-1,718,722,723,-1,718,723,719,-1,719,723,724,-1,719,724,36,-1,36,724,37,-1,693,694,720,-1,720,694,725,-1,720,725,721,-1,721,725,726,-1,721,726,722,-1,722,726,727,-1,722,727,723,-1,723,727,728,-1,723,728,724,-1,724,728,729,-1,724,729,37,-1,37,729,38,-1,694,610,725,-1,725,610,730,-1,725,730,726,-1,726,730,731,-1,726,731,727,-1,727,731,732,-1,727,732,728,-1,728,732,733,-1,728,733,729,-1,729,733,734,-1,729,734,38,-1,38,734,39,-1,606,608,647,-1,647,608,700,-1,735,736,702,-1,702,736,649,-1,702,649,700,-1,700,649,648,-1,700,648,647,-1,737,738,704,-1,704,738,739,-1,704,739,702,-1,702,739,740,-1,702,740,735,-1,741,742,704,-1,704,742,743,-1,704,743,737,-1,744,745,706,-1,706,745,746,-1,706,746,704,-1,704,746,747,-1,704,747,741,-1,22,33,708,-1,708,33,86,-1,86,85,708,-1,708,85,748,-1,708,748,706,-1,706,748,749,-1,706,749,744,-1,610,612,750,-1,610,750,730,-1,730,750,751,-1,730,751,731,-1,731,751,752,-1,731,752,732,-1,732,752,753,-1,732,753,733,-1,733,753,754,-1,733,754,734,-1,734,754,40,-1,734,40,39,-1,755,652,651,-1,756,757,758,-1,759,760,761,-1,762,763,764,-1,765,766,767,-1,768,769,770,-1,82,771,772,-1,771,773,772,-1,772,773,774,-1,772,774,775,-1,744,749,776,-1,776,749,748,-1,746,745,777,-1,777,745,744,-1,778,747,746,-1,737,743,779,-1,743,742,779,-1,779,742,741,-1,779,741,747,-1,735,740,780,-1,740,739,780,-1,780,739,738,-1,780,738,737,-1,781,736,735,-1,657,782,783,-1,755,651,784,-1,784,651,650,-1,784,650,783,-1,783,650,658,-1,783,658,657,-1,661,785,786,-1,657,656,782,-1,782,656,655,-1,782,655,786,-1,786,655,662,-1,786,662,661,-1,665,787,788,-1,661,660,785,-1,785,660,659,-1,785,659,788,-1,788,659,666,-1,788,666,665,-1,665,664,787,-1,787,664,663,-1,787,663,789,-1,789,663,670,-1,789,670,790,-1,790,670,669,-1,669,668,790,-1,790,668,667,-1,790,667,791,-1,667,672,791,-1,791,672,671,-1,791,671,792,-1,792,671,674,-1,792,674,793,-1,793,674,673,-1,793,673,794,-1,673,676,794,-1,794,676,675,-1,794,675,795,-1,795,675,678,-1,678,677,795,-1,795,677,680,-1,795,680,796,-1,684,797,798,-1,680,679,796,-1,796,679,682,-1,796,682,798,-1,798,682,681,-1,798,681,684,-1,689,799,800,-1,684,683,797,-1,797,683,686,-1,797,686,800,-1,800,686,685,-1,800,685,689,-1,689,688,799,-1,799,688,687,-1,799,687,781,-1,781,687,646,-1,781,646,736,-1,736,646,649,-1,735,801,781,-1,781,801,802,-1,781,802,799,-1,799,802,803,-1,799,803,800,-1,800,803,804,-1,800,804,797,-1,797,804,805,-1,797,805,798,-1,798,805,806,-1,798,806,796,-1,796,806,807,-1,796,807,795,-1,795,807,808,-1,795,808,794,-1,794,808,809,-1,794,809,793,-1,793,809,810,-1,793,810,792,-1,792,810,811,-1,792,811,791,-1,791,811,812,-1,791,812,790,-1,790,812,813,-1,790,813,789,-1,789,813,814,-1,789,814,787,-1,787,814,815,-1,787,815,788,-1,788,815,816,-1,788,816,785,-1,785,816,817,-1,785,817,786,-1,786,817,818,-1,786,818,782,-1,782,818,819,-1,782,819,783,-1,783,819,756,-1,783,756,784,-1,784,756,758,-1,784,758,755,-1,735,780,801,-1,801,780,820,-1,801,820,802,-1,802,820,821,-1,802,821,803,-1,803,821,822,-1,803,822,804,-1,804,822,823,-1,804,823,805,-1,805,823,824,-1,805,824,806,-1,806,824,825,-1,806,825,807,-1,807,825,826,-1,807,826,808,-1,808,826,827,-1,808,827,809,-1,809,827,828,-1,809,828,810,-1,810,828,829,-1,810,829,811,-1,811,829,830,-1,811,830,812,-1,812,830,831,-1,812,831,813,-1,813,831,832,-1,813,832,814,-1,814,832,833,-1,814,833,815,-1,815,833,834,-1,815,834,816,-1,816,834,835,-1,816,835,817,-1,817,835,836,-1,817,836,818,-1,818,836,837,-1,818,837,819,-1,819,837,759,-1,819,759,756,-1,756,759,761,-1,756,761,757,-1,737,838,780,-1,780,838,839,-1,780,839,820,-1,820,839,840,-1,820,840,821,-1,821,840,841,-1,821,841,822,-1,822,841,842,-1,822,842,823,-1,823,842,843,-1,823,843,824,-1,824,843,844,-1,824,844,825,-1,825,844,845,-1,825,845,826,-1,826,845,846,-1,826,846,827,-1,827,846,847,-1,827,847,828,-1,828,847,848,-1,828,848,829,-1,829,848,849,-1,829,849,830,-1,830,849,850,-1,830,850,831,-1,831,850,851,-1,831,851,832,-1,832,851,852,-1,832,852,833,-1,833,852,853,-1,833,853,834,-1,834,853,854,-1,834,854,835,-1,835,854,855,-1,835,855,836,-1,836,855,856,-1,836,856,837,-1,837,856,762,-1,837,762,759,-1,759,762,764,-1,759,764,760,-1,737,779,838,-1,838,779,857,-1,838,857,839,-1,839,857,858,-1,839,858,840,-1,840,858,859,-1,840,859,841,-1,841,859,860,-1,841,860,842,-1,842,860,861,-1,842,861,843,-1,843,861,862,-1,843,862,844,-1,844,862,863,-1,844,863,845,-1,845,863,864,-1,845,864,846,-1,846,864,865,-1,846,865,847,-1,847,865,866,-1,847,866,848,-1,848,866,867,-1,848,867,849,-1,849,867,868,-1,849,868,850,-1,850,868,869,-1,850,869,851,-1,851,869,870,-1,851,870,852,-1,852,870,871,-1,852,871,853,-1,853,871,872,-1,853,872,854,-1,854,872,873,-1,854,873,855,-1,855,873,874,-1,855,874,856,-1,856,874,765,-1,856,765,762,-1,762,765,767,-1,762,767,763,-1,747,778,779,-1,779,778,875,-1,779,875,857,-1,857,875,876,-1,857,876,858,-1,858,876,877,-1,858,877,859,-1,859,877,878,-1,859,878,860,-1,860,878,879,-1,860,879,861,-1,861,879,880,-1,861,880,862,-1,862,880,881,-1,862,881,863,-1,863,881,882,-1,863,882,864,-1,864,882,883,-1,864,883,865,-1,865,883,884,-1,865,884,866,-1,866,884,885,-1,866,885,867,-1,867,885,886,-1,867,886,868,-1,868,886,887,-1,868,887,869,-1,869,887,888,-1,869,888,870,-1,870,888,889,-1,870,889,871,-1,871,889,890,-1,871,890,872,-1,872,890,891,-1,872,891,873,-1,873,891,892,-1,873,892,874,-1,874,892,768,-1,874,768,765,-1,765,768,770,-1,765,770,766,-1,746,777,778,-1,778,777,893,-1,778,893,875,-1,875,893,894,-1,875,894,876,-1,876,894,895,-1,876,895,877,-1,877,895,896,-1,877,896,878,-1,878,896,897,-1,878,897,879,-1,879,897,898,-1,879,898,880,-1,880,898,899,-1,880,899,881,-1,881,899,900,-1,881,900,882,-1,882,900,901,-1,882,901,883,-1,883,901,902,-1,883,902,884,-1,884,902,903,-1,884,903,885,-1,885,903,904,-1,885,904,886,-1,886,904,905,-1,886,905,887,-1,887,905,906,-1,887,906,888,-1,888,906,907,-1,888,907,889,-1,889,907,908,-1,889,908,890,-1,890,908,909,-1,890,909,891,-1,891,909,910,-1,891,910,892,-1,892,910,911,-1,892,911,768,-1,768,911,912,-1,768,912,769,-1,744,776,777,-1,777,776,913,-1,777,913,893,-1,893,913,914,-1,893,914,894,-1,894,914,915,-1,894,915,895,-1,895,915,916,-1,895,916,896,-1,896,916,917,-1,896,917,897,-1,897,917,918,-1,897,918,898,-1,898,918,919,-1,898,919,899,-1,899,919,920,-1,899,920,900,-1,900,920,921,-1,900,921,901,-1,901,921,922,-1,901,922,902,-1,902,922,923,-1,902,923,903,-1,903,923,924,-1,903,924,904,-1,904,924,925,-1,904,925,905,-1,905,925,926,-1,905,926,906,-1,906,926,927,-1,906,927,907,-1,907,927,928,-1,907,928,908,-1,908,928,929,-1,908,929,909,-1,909,929,930,-1,909,930,910,-1,910,930,772,-1,910,772,911,-1,911,772,775,-1,911,775,912,-1,82,772,83,-1,83,772,930,-1,83,930,87,-1,87,930,929,-1,87,929,88,-1,88,929,928,-1,88,928,92,-1,92,928,927,-1,92,927,93,-1,93,927,926,-1,93,926,94,-1,94,926,925,-1,94,925,73,-1,73,925,924,-1,73,924,74,-1,74,924,923,-1,74,923,75,-1,75,923,922,-1,75,922,72,-1,72,922,921,-1,72,921,71,-1,71,921,920,-1,71,920,76,-1,76,920,919,-1,76,919,77,-1,77,919,918,-1,77,918,78,-1,78,918,917,-1,78,917,89,-1,89,917,916,-1,89,916,90,-1,90,916,915,-1,90,915,91,-1,91,915,914,-1,91,914,84,-1,84,914,913,-1,84,913,79,-1,79,913,776,-1,79,776,80,-1,80,776,748,-1,80,748,85,-1,612,695,750,-1,750,695,931,-1,750,931,751,-1,751,931,932,-1,751,932,752,-1,752,932,933,-1,752,933,753,-1,753,933,934,-1,753,934,754,-1,754,934,935,-1,754,935,40,-1,40,935,24,-1,695,696,931,-1,931,696,936,-1,931,936,932,-1,932,936,937,-1,932,937,933,-1,933,937,938,-1,933,938,934,-1,934,938,939,-1,934,939,935,-1,935,939,940,-1,935,940,24,-1,24,940,25,-1,696,697,936,-1,936,697,941,-1,936,941,937,-1,937,941,942,-1,937,942,938,-1,938,942,943,-1,938,943,939,-1,939,943,944,-1,939,944,940,-1,940,944,945,-1,940,945,25,-1,25,945,26,-1,697,698,941,-1,941,698,946,-1,941,946,942,-1,942,946,947,-1,942,947,943,-1,943,947,948,-1,943,948,944,-1,944,948,949,-1,944,949,945,-1,945,949,950,-1,945,950,26,-1,26,950,29,-1,698,699,946,-1,946,699,951,-1,946,951,947,-1,947,951,952,-1,947,952,948,-1,948,952,953,-1,948,953,949,-1,949,953,954,-1,949,954,950,-1,950,954,955,-1,950,955,29,-1,29,955,30,-1,699,614,951,-1,951,614,956,-1,951,956,952,-1,952,956,957,-1,952,957,953,-1,953,957,958,-1,953,958,954,-1,954,958,959,-1,954,959,955,-1,955,959,960,-1,955,960,30,-1,30,960,31,-1,32,31,81,-1,81,31,960,-1,81,960,82,-1,775,774,959,-1,959,774,773,-1,959,773,960,-1,960,773,771,-1,960,771,82,-1,763,767,958,-1,958,767,766,-1,766,770,958,-1,958,770,769,-1,958,769,959,-1,959,769,912,-1,959,912,775,-1,957,760,958,-1,958,760,764,-1,958,764,763,-1,755,758,957,-1,758,757,957,-1,957,757,761,-1,957,761,760,-1,956,614,616,-1,616,654,956,-1,956,654,653,-1,956,653,957,-1,957,653,652,-1,957,652,755,-1,961,962,963,-1,964,965,966,-1,967,968,969,-1,970,971,972,-1,973,974,975,-1,976,977,978,-1,979,980,981,-1,981,980,982,-1,981,982,983,-1,984,985,986,-1,986,985,981,-1,986,981,987,-1,987,981,988,-1,983,989,981,-1,981,989,990,-1,981,990,988,-1,991,992,993,-1,991,993,994,-1,994,993,972,-1,994,972,995,-1,995,972,996,-1,996,972,997,-1,996,997,998,-1,997,999,1000,-1,997,1001,998,-1,998,1001,1002,-1,998,1002,1003,-1,1003,1002,1004,-1,1003,1004,1005,-1,1000,1006,997,-1,997,1006,1007,-1,997,1007,1001,-1,1008,1009,1010,-1,1008,1010,1011,-1,1009,1012,1010,-1,1010,1012,1013,-1,1010,1013,1014,-1,1014,1013,1015,-1,1015,1016,1014,-1,1014,1016,1017,-1,1014,1017,997,-1,997,1017,1018,-1,997,1018,999,-1,1019,1011,1020,-1,1020,1011,1010,-1,1020,1010,1021,-1,1021,1010,1022,-1,1023,1024,1025,-1,1025,1026,1023,-1,1023,1026,1027,-1,1023,1027,1028,-1,1027,1029,1028,-1,1028,1029,1030,-1,1028,1030,1031,-1,1031,1030,1032,-1,1031,1032,1010,-1,1010,1032,1033,-1,1010,1033,1022,-1,1034,1035,1024,-1,1024,1035,1036,-1,1024,1036,1037,-1,1037,1038,1024,-1,1024,1038,1039,-1,1024,1039,1025,-1,1040,1041,1042,-1,1043,1044,1034,-1,1045,1046,1047,-1,1047,1046,1048,-1,1040,1042,1049,-1,1043,1034,1050,-1,1051,1052,1046,-1,1046,1052,1053,-1,1046,1053,1054,-1,984,1055,985,-1,985,1055,1056,-1,985,1056,1034,-1,1034,1056,1057,-1,1034,1057,1050,-1,1041,1058,1042,-1,1042,1058,1059,-1,1042,1059,1060,-1,1061,1062,1063,-1,1063,1062,1064,-1,1063,1064,1065,-1,1066,1054,1067,-1,1067,1054,1068,-1,1067,1068,1063,-1,1063,1068,1069,-1,1063,1069,1061,-1,1066,1070,1054,-1,1054,1070,1071,-1,1054,1071,1046,-1,1046,1071,1072,-1,1046,1072,1048,-1,1073,1074,1075,-1,1075,1074,1076,-1,1075,1076,1042,-1,1042,1076,1077,-1,1042,1077,1049,-1,1078,1079,1042,-1,1042,1079,1080,-1,1042,1080,1046,-1,1046,1080,1081,-1,1046,1081,1051,-1,1082,1083,1035,-1,1035,1083,1084,-1,1035,1084,1085,-1,1085,1086,1035,-1,1035,1086,1087,-1,1035,1087,1088,-1,1088,1087,1073,-1,1088,1073,1089,-1,1089,1073,1075,-1,1044,1090,1034,-1,1034,1090,1091,-1,1034,1091,1035,-1,1035,1091,1092,-1,1035,1092,1082,-1,1060,1093,1042,-1,1042,1093,1094,-1,1042,1094,1095,-1,1095,1096,1042,-1,1042,1096,1097,-1,1042,1097,1078,-1,1098,1099,1100,-1,1099,1101,1100,-1,1100,1101,1102,-1,1100,1102,1103,-1,1053,1100,1054,-1,1054,1100,1104,-1,1054,1104,1105,-1,1106,1107,1108,-1,1108,1107,1109,-1,1108,1109,1110,-1,1106,1108,1053,-1,1053,1108,1111,-1,1053,1111,1100,-1,1100,1111,1112,-1,1100,1112,1098,-1,1113,1114,1115,-1,1115,1114,1116,-1,1115,1116,1117,-1,1103,1102,1118,-1,1118,1102,1119,-1,1118,1119,1120,-1,1120,1119,1121,-1,1120,1121,1122,-1,1105,1123,1054,-1,1054,1123,1115,-1,1054,1115,1124,-1,1124,1115,1117,-1,1125,976,1126,-1,1127,1128,1129,-1,1129,1128,1130,-1,1129,1130,1131,-1,1131,1130,1132,-1,1133,1134,966,-1,976,978,1126,-1,1126,978,1135,-1,1126,1135,1133,-1,1136,1137,1138,-1,1139,1140,1141,-1,1141,1140,1142,-1,1141,1142,1143,-1,1144,1145,1146,-1,1146,1145,1147,-1,1146,1147,1148,-1,1148,1147,1136,-1,1148,1136,1149,-1,1150,1151,1152,-1,1152,1151,1153,-1,1152,1153,1139,-1,1138,1137,1154,-1,1154,1137,1155,-1,1154,1155,1156,-1,1143,1142,1157,-1,1157,1142,1158,-1,1157,1158,1159,-1,1160,1158,1161,-1,1161,1158,1162,-1,1155,1159,1156,-1,1156,1159,1158,-1,1156,1158,1163,-1,1163,1158,1160,-1,1163,1164,1165,-1,1165,1164,1166,-1,1165,1166,1167,-1,1167,1168,1165,-1,1165,1168,1169,-1,1165,1169,1170,-1,1170,1171,1165,-1,1165,1171,1172,-1,1165,1172,1173,-1,1163,1165,1156,-1,1156,1165,1174,-1,1156,1174,1175,-1,1176,1177,1178,-1,1178,1177,1179,-1,1178,1179,1180,-1,1173,1181,1165,-1,1165,1181,1182,-1,1165,1182,1183,-1,1184,1185,1183,-1,1183,1185,1186,-1,1183,1186,1165,-1,1187,1188,1189,-1,1175,1190,1156,-1,1156,1190,1191,-1,1156,1191,1178,-1,1178,1191,1192,-1,1178,1192,1176,-1,1184,1193,1185,-1,1185,1193,1194,-1,1185,1194,1189,-1,1189,1194,1195,-1,1189,1195,1187,-1,1196,1197,1198,-1,1198,1199,1196,-1,1196,1199,1200,-1,1196,1200,1201,-1,1180,1202,1178,-1,1178,1202,1203,-1,1178,1203,1204,-1,1205,1206,1196,-1,1196,1206,1207,-1,1196,1207,1197,-1,1203,1208,1204,-1,1204,1208,1209,-1,1204,1209,1205,-1,1205,1209,1210,-1,1205,1210,1206,-1,1211,1212,1213,-1,1213,1212,1214,-1,1213,1214,1215,-1,1215,1214,1216,-1,1215,1216,1217,-1,1217,1216,1218,-1,1217,1218,1219,-1,1219,1218,1220,-1,1219,1220,1221,-1,1221,1220,1222,-1,1221,1222,1223,-1,1223,1222,1224,-1,1223,1224,1225,-1,1225,1224,1226,-1,1225,1226,1227,-1,1227,1228,1229,-1,1229,1228,1230,-1,1229,1230,1023,-1,1231,1232,1233,-1,1233,1232,1234,-1,971,1235,972,-1,972,1235,1236,-1,972,1236,997,-1,997,1236,973,-1,1237,1238,966,-1,966,1238,1239,-1,966,1239,1240,-1,1241,1242,1243,-1,1243,1242,1244,-1,1245,1246,1243,-1,1243,1246,1247,-1,1244,1248,1243,-1,1243,1248,1249,-1,1243,1249,1245,-1,1132,1130,1134,-1,1134,1130,1243,-1,1134,1243,966,-1,966,1243,1247,-1,966,1247,1237,-1,1250,1251,1252,-1,1252,1251,1253,-1,1254,1255,1138,-1,1138,1255,1140,-1,1138,1140,1136,-1,1136,1140,1139,-1,1136,1139,1149,-1,1149,1139,1153,-1,1255,1256,1140,-1,1140,1256,1257,-1,1140,1257,1241,-1,1241,1257,1258,-1,1241,1258,1242,-1,1259,1260,1261,-1,1262,1263,1264,-1,1259,1261,1265,-1,1266,1267,1268,-1,1269,1270,1271,-1,1271,1270,1272,-1,1271,1272,1273,-1,1273,1272,1264,-1,1273,1264,1274,-1,1274,1264,1263,-1,1275,1266,1276,-1,1276,1266,1277,-1,1275,1278,1266,-1,1266,1278,1279,-1,1266,1279,1267,-1,1280,1281,1178,-1,1282,1283,1261,-1,1261,1283,1284,-1,1261,1284,1265,-1,1285,1178,1286,-1,1286,1178,1281,-1,1286,1281,1271,-1,1271,1281,1287,-1,1271,1287,1269,-1,1288,1289,1290,-1,1290,1289,1291,-1,1290,1291,1292,-1,1292,1291,1293,-1,1294,1295,1264,-1,1264,1295,1296,-1,1264,1296,1297,-1,1298,1299,1300,-1,1301,1302,1303,-1,1303,1302,1304,-1,1303,1304,1305,-1,1285,1306,1178,-1,1178,1306,1307,-1,1178,1307,1308,-1,1293,1309,1292,-1,1292,1309,1310,-1,1292,1310,1311,-1,1311,1310,1300,-1,1311,1300,1312,-1,1312,1300,1299,-1,1297,1313,1264,-1,1264,1313,1314,-1,1264,1314,1262,-1,1260,1315,1226,-1,1227,1226,1228,-1,1228,1226,1315,-1,1228,1315,1316,-1,1301,1288,1302,-1,1302,1288,1290,-1,1302,1290,1317,-1,1317,1290,1318,-1,1317,1318,1319,-1,1319,1318,1320,-1,1319,1320,1321,-1,1321,1320,1322,-1,1323,1322,1226,-1,1226,1322,1320,-1,1226,1320,1260,-1,1260,1320,1318,-1,1260,1318,1261,-1,1324,1325,969,-1,1326,1327,1156,-1,1308,1298,1178,-1,1178,1298,1300,-1,1178,1300,1156,-1,1156,1300,1328,-1,1156,1328,1326,-1,1329,1330,969,-1,969,1330,1331,-1,1327,1332,1156,-1,1156,1332,1333,-1,1156,1333,1154,-1,1154,1333,1334,-1,1154,1334,1324,-1,1335,1336,1325,-1,1325,1336,1337,-1,1325,1337,969,-1,969,1337,1338,-1,969,1338,1329,-1,1331,1339,969,-1,969,1339,1340,-1,969,1340,967,-1,1341,1342,1343,-1,1343,1342,1344,-1,1343,1344,1345,-1,1343,1346,1341,-1,1341,1346,1347,-1,1341,1347,1348,-1,1348,1349,1341,-1,1341,1349,1350,-1,1341,1350,1351,-1,1351,1350,1352,-1,1351,1352,1353,-1,1353,1352,1354,-1,1353,1354,1325,-1,1325,1354,1355,-1,1325,1355,1335,-1,1356,1357,1345,-1,1345,1357,1358,-1,1345,1358,1343,-1,1359,1360,1305,-1,1305,1360,1361,-1,1305,1361,1303,-1,1359,1362,1360,-1,1360,1362,1363,-1,1360,1363,1364,-1,1364,1363,1365,-1,1364,1366,1367,-1,1365,1368,1364,-1,1364,1368,1369,-1,1364,1369,1370,-1,1370,1371,1364,-1,1364,1371,1372,-1,1364,1372,1366,-1,1367,1373,1364,-1,1364,1373,1374,-1,1364,1374,1375,-1,1376,1377,1252,-1,1252,1377,1378,-1,1379,1380,1381,-1,1253,1254,1252,-1,1252,1254,1138,-1,1252,1138,1376,-1,1376,1138,1382,-1,1376,1382,1383,-1,1383,1382,1379,-1,1383,1379,1384,-1,1384,1379,1381,-1,1385,1386,969,-1,969,1386,1387,-1,1324,969,1154,-1,1154,969,1387,-1,1154,1387,1138,-1,1138,1387,1388,-1,1138,1388,1382,-1,1389,1386,1390,-1,1390,1386,1385,-1,1390,1385,1391,-1,1224,1392,1393,-1,1394,1395,1385,-1,1385,1395,1396,-1,1385,1396,1391,-1,1323,1226,968,-1,968,1226,1224,-1,968,1224,969,-1,969,1224,1393,-1,969,1393,1385,-1,1385,1393,1397,-1,1385,1397,1398,-1,1399,1400,1222,-1,1222,1400,1401,-1,1222,1401,1224,-1,1224,1401,1402,-1,1224,1402,1392,-1,1398,1403,1385,-1,1385,1403,1404,-1,1385,1404,1394,-1,1405,1406,1220,-1,1405,1220,1407,-1,1406,1408,1220,-1,1220,1408,1409,-1,1220,1409,1222,-1,1222,1409,1410,-1,1222,1410,1399,-1,1133,966,1126,-1,1126,966,965,-1,1126,965,1411,-1,1411,1412,1126,-1,1126,1412,1413,-1,1126,1413,1414,-1,1414,1413,1415,-1,1414,1415,1416,-1,1417,1418,1419,-1,1419,1418,1420,-1,1419,1420,1421,-1,1421,1420,1413,-1,1421,1413,1422,-1,1422,1413,1412,-1,1422,1412,1423,-1,1423,1412,1424,-1,1423,1424,1425,-1,1425,1424,1426,-1,1415,1427,1416,-1,1416,1427,1428,-1,1416,1428,1378,-1,1378,1428,964,-1,1378,964,1252,-1,1252,964,966,-1,1252,966,1250,-1,1250,966,1240,-1,1429,1430,1414,-1,1431,1432,1433,-1,1433,1429,1431,-1,1431,1429,1414,-1,1431,1414,1434,-1,1434,1414,1435,-1,1434,1435,1436,-1,1436,1435,1127,-1,1129,1125,1127,-1,1127,1125,1126,-1,1127,1126,1436,-1,1436,1126,1437,-1,1438,1430,1439,-1,1439,1430,1437,-1,1439,1437,1440,-1,1440,1437,1441,-1,1438,1442,1430,-1,1430,1442,1443,-1,1430,1443,1444,-1,1445,1126,1446,-1,1446,1126,1414,-1,1446,1414,1447,-1,1447,1414,1430,-1,1447,1430,1448,-1,1448,1430,1444,-1,1449,1450,1437,-1,1437,1450,1451,-1,1437,1451,1441,-1,1445,1452,1126,-1,1126,1452,1453,-1,1126,1453,1437,-1,1437,1453,1454,-1,1437,1454,1449,-1,1214,1435,1216,-1,1216,1435,1414,-1,1216,1414,1218,-1,1218,1414,1416,-1,1218,1416,1220,-1,1220,1416,1378,-1,1220,1378,1407,-1,1407,1378,1377,-1,1455,1456,1457,-1,1457,1456,1162,-1,1457,1162,1458,-1,1458,1162,1158,-1,1458,1158,1459,-1,1459,1158,1142,-1,1459,1142,1460,-1,1460,1142,1140,-1,1460,1140,1461,-1,1461,1140,1241,-1,1461,1241,1462,-1,1462,1241,1243,-1,1462,1243,1463,-1,1463,1243,1130,-1,1463,1130,1464,-1,1464,1130,1128,-1,1464,1128,1465,-1,1316,1277,1228,-1,1228,1277,1266,-1,1228,1266,1230,-1,1230,1266,1466,-1,1467,1468,1466,-1,1466,1468,1469,-1,1268,1280,1266,-1,1266,1280,1178,-1,1266,1178,1466,-1,1466,1178,1204,-1,1466,1204,1467,-1,1467,1204,1470,-1,1023,1230,1024,-1,1024,1230,1466,-1,1024,1466,1034,-1,1034,1466,1469,-1,1034,1469,985,-1,985,1469,1471,-1,985,1471,1204,-1,1204,1471,1472,-1,1204,1472,1470,-1,1473,1474,1475,-1,1475,1474,1467,-1,1475,1467,1476,-1,1476,1467,1470,-1,1476,1470,1477,-1,1477,1470,1478,-1,1479,1480,981,-1,981,1480,961,-1,981,961,1205,-1,1205,961,963,-1,1205,963,1204,-1,1204,963,1481,-1,1204,1481,985,-1,985,1481,1479,-1,985,1479,981,-1,1201,1455,1196,-1,1196,1455,1457,-1,1196,1457,1205,-1,1205,1457,1482,-1,1205,1482,981,-1,981,1482,993,-1,981,993,979,-1,979,993,992,-1,1464,1483,1463,-1,1463,1483,1484,-1,1463,1484,1462,-1,1462,1484,1485,-1,1462,1485,1461,-1,1461,1485,1486,-1,1461,1486,1460,-1,1460,1486,1487,-1,1460,1487,1459,-1,1459,1487,1488,-1,1459,1488,1458,-1,1458,1488,1489,-1,1458,1489,1457,-1,1457,1489,1490,-1,1457,1490,1482,-1,1482,1490,1491,-1,1482,1491,993,-1,993,1491,1492,-1,993,1492,972,-1,972,1492,1493,-1,972,1493,970,-1,970,1493,1494,-1,973,975,997,-1,997,975,1495,-1,997,1495,1014,-1,1014,1495,1496,-1,1014,1496,1010,-1,1010,1496,1233,-1,1010,1233,1031,-1,1031,1233,1234,-1,1031,1234,1028,-1,1497,1498,1499,-1,1500,1501,1502,-1,1502,1501,1503,-1,1504,1505,1506,-1,1506,1505,1507,-1,1508,1509,1502,-1,1502,1509,1500,-1,1507,1505,1510,-1,1510,1505,1511,-1,1501,1512,1503,-1,1503,1512,1513,-1,1514,1504,1515,-1,1515,1504,1506,-1,1516,1494,1512,-1,1511,1517,1518,-1,1512,1509,1516,-1,1516,1509,1508,-1,1516,1508,1518,-1,1518,1508,1510,-1,1518,1510,1511,-1,1519,1520,1511,-1,1521,1483,1522,-1,1522,1483,1523,-1,1519,1511,1524,-1,1521,1514,1483,-1,1483,1514,1515,-1,1483,1515,1494,-1,1494,1515,1513,-1,1494,1513,1512,-1,1521,1525,1514,-1,1514,1525,1526,-1,1514,1526,1527,-1,1520,1528,1511,-1,1511,1528,1529,-1,1511,1529,1517,-1,1517,1529,1530,-1,1517,1530,1531,-1,1527,1532,1514,-1,1514,1532,1533,-1,1514,1533,1511,-1,1511,1533,1534,-1,1511,1534,1524,-1,970,1494,1535,-1,1535,1494,1516,-1,1536,1235,1537,-1,1537,1235,970,-1,1537,970,1535,-1,1236,1235,1538,-1,1538,1235,1536,-1,973,1236,1539,-1,1539,1236,1538,-1,974,973,1540,-1,1540,973,1539,-1,1231,974,1541,-1,1541,974,1540,-1,1232,1231,1542,-1,1542,1231,1541,-1,1234,1232,1543,-1,1543,1232,1542,-1,1544,1213,1545,-1,1545,1213,1234,-1,1545,1234,1543,-1,1211,1213,1546,-1,1546,1213,1544,-1,1212,1211,1547,-1,1547,1211,1546,-1,1548,1465,1549,-1,1549,1465,1212,-1,1549,1212,1547,-1,1550,1551,1548,-1,1548,1551,1465,-1,1552,1553,1548,-1,1548,1553,1554,-1,1548,1554,1550,-1,1551,1555,1465,-1,1465,1555,1556,-1,1465,1556,1557,-1,1558,1559,1483,-1,1560,1561,1562,-1,1558,1483,1563,-1,1564,1565,1559,-1,1559,1565,1523,-1,1559,1523,1483,-1,1517,1566,1567,-1,1566,1517,1562,-1,1562,1517,1531,-1,1562,1531,1560,-1,1557,1568,1465,-1,1465,1568,1569,-1,1465,1569,1483,-1,1483,1569,1570,-1,1483,1570,1563,-1,1567,1571,1517,-1,1517,1571,1572,-1,1517,1572,1548,-1,1548,1572,1573,-1,1548,1573,1552,-1,1574,1575,1544,-1,1576,1577,1578,-1,1537,1579,1580,-1,1581,1582,1535,-1,1535,1582,1583,-1,1535,1583,1537,-1,1537,1583,1584,-1,1537,1584,1579,-1,1580,1585,1537,-1,1537,1585,1586,-1,1537,1586,1587,-1,1578,1588,1576,-1,1576,1588,1589,-1,1576,1589,1518,-1,1518,1589,1590,-1,1518,1590,1591,-1,1591,1592,1518,-1,1518,1592,1593,-1,1518,1593,1516,-1,1516,1593,1594,-1,1516,1594,1595,-1,1595,1596,1516,-1,1516,1596,1597,-1,1516,1597,1535,-1,1535,1597,1598,-1,1535,1598,1581,-1,1587,1599,1576,-1,1576,1599,1600,-1,1576,1600,1577,-1,1601,1602,1537,-1,1537,1602,1603,-1,1539,1604,1605,-1,1587,1576,1537,-1,1537,1576,1606,-1,1537,1606,1601,-1,1603,1607,1537,-1,1537,1607,1608,-1,1537,1608,1536,-1,1536,1608,1609,-1,1536,1609,1538,-1,1538,1609,1610,-1,1538,1610,1539,-1,1539,1610,1611,-1,1539,1611,1604,-1,1612,1613,1545,-1,1612,1545,1614,-1,1605,1614,1539,-1,1539,1614,1545,-1,1539,1545,1540,-1,1540,1545,1543,-1,1540,1543,1541,-1,1541,1543,1542,-1,1613,1615,1545,-1,1545,1615,1616,-1,1545,1616,1617,-1,1618,1619,1576,-1,1619,1620,1576,-1,1576,1620,1621,-1,1576,1621,1622,-1,1622,1623,1576,-1,1576,1623,1624,-1,1576,1624,1606,-1,1625,1545,1576,-1,1576,1545,1617,-1,1576,1617,1618,-1,1574,1544,1626,-1,1625,1627,1545,-1,1545,1627,1628,-1,1545,1628,1629,-1,1576,1630,1631,-1,1632,1633,1625,-1,1631,1634,1576,-1,1576,1634,1635,-1,1576,1635,1625,-1,1625,1635,1636,-1,1625,1636,1632,-1,1633,1637,1625,-1,1625,1637,1638,-1,1625,1638,1639,-1,1549,1640,1641,-1,1642,1643,1549,-1,1549,1643,1644,-1,1549,1644,1645,-1,1646,1647,1544,-1,1544,1647,1648,-1,1544,1648,1626,-1,1649,1650,1651,-1,1651,1650,1652,-1,1651,1652,1653,-1,1653,1652,1654,-1,1653,1654,1655,-1,1547,1656,1549,-1,1549,1656,1657,-1,1549,1657,1640,-1,1642,1549,1658,-1,1658,1549,1641,-1,1658,1641,1651,-1,1651,1641,1659,-1,1651,1659,1649,-1,1645,1660,1549,-1,1549,1660,1661,-1,1549,1661,1576,-1,1629,1662,1545,-1,1545,1662,1663,-1,1545,1663,1544,-1,1544,1663,1664,-1,1544,1664,1646,-1,1546,1544,1547,-1,1547,1544,1575,-1,1547,1575,1656,-1,1661,1665,1576,-1,1576,1665,1666,-1,1576,1666,1667,-1,1655,1654,1638,-1,1638,1654,1668,-1,1638,1668,1639,-1,1667,1669,1576,-1,1576,1669,1670,-1,1576,1670,1630,-1,1576,1671,1672,-1,1673,1674,1548,-1,1518,1517,1675,-1,1674,1676,1548,-1,1548,1676,1677,-1,1548,1677,1517,-1,1517,1677,1678,-1,1517,1678,1679,-1,1680,1681,1549,-1,1549,1681,1682,-1,1549,1682,1548,-1,1548,1682,1683,-1,1548,1683,1673,-1,1679,1684,1517,-1,1517,1684,1685,-1,1517,1685,1675,-1,1672,1686,1576,-1,1576,1686,1687,-1,1576,1687,1688,-1,1688,1689,1576,-1,1576,1689,1690,-1,1576,1690,1549,-1,1549,1690,1691,-1,1549,1691,1680,-1,1675,1692,1518,-1,1518,1692,1693,-1,1518,1693,1576,-1,1576,1693,1694,-1,1576,1694,1671,-1,1511,1505,1514,-1,1514,1505,1504,-1,1500,1509,1501,-1,1501,1509,1512,-1,1695,1696,1697,-1,1697,1696,1698,-1,1502,1503,1508,-1,1508,1503,1513,-1,1508,1513,1697,-1,1697,1513,1695,-1,1699,1700,1510,-1,1510,1700,1515,-1,1510,1515,1507,-1,1507,1515,1506,-1,1701,1700,1702,-1,1702,1700,1699,-1,1499,1498,1703,-1,1704,1705,1706,-1,1706,1705,1701,-1,1706,1701,1703,-1,1703,1701,1702,-1,1703,1702,1499,-1,1705,1704,1707,-1,1707,1704,1708,-1,1707,1708,1709,-1,1710,1707,1711,-1,1711,1707,1709,-1,1696,1710,1698,-1,1698,1710,1711,-1,1695,1513,1701,-1,1701,1513,1515,-1,1701,1515,1700,-1,1710,1696,1707,-1,1707,1696,1695,-1,1707,1695,1705,-1,1705,1695,1701,-1,1712,1497,1499,-1,1709,1708,1711,-1,1711,1708,1713,-1,1699,1510,1702,-1,1702,1510,1508,-1,1702,1508,1697,-1,1499,1702,1712,-1,1712,1702,1697,-1,1712,1697,1713,-1,1713,1697,1698,-1,1713,1698,1711,-1,1714,1684,1715,-1,1715,1684,1679,-1,1715,1679,1716,-1,1716,1679,1678,-1,1716,1678,1717,-1,1717,1678,1677,-1,1717,1677,1718,-1,1718,1677,1676,-1,1718,1676,1719,-1,1719,1676,1674,-1,1719,1674,1720,-1,1720,1674,1673,-1,1720,1673,1721,-1,1721,1673,1683,-1,1721,1683,1722,-1,1722,1683,1682,-1,1722,1682,1723,-1,1723,1682,1681,-1,1723,1681,1724,-1,1724,1681,1680,-1,1724,1680,1725,-1,1725,1680,1691,-1,1725,1691,1726,-1,1726,1691,1690,-1,1726,1690,1727,-1,1727,1690,1689,-1,1727,1689,1728,-1,1728,1689,1688,-1,1728,1688,1729,-1,1729,1688,1687,-1,1729,1687,1730,-1,1730,1687,1686,-1,1730,1686,1731,-1,1731,1686,1672,-1,1731,1672,1732,-1,1732,1672,1671,-1,1732,1671,1733,-1,1733,1671,1694,-1,1733,1694,1734,-1,1734,1694,1693,-1,1734,1693,1735,-1,1735,1693,1692,-1,1735,1692,1736,-1,1736,1692,1675,-1,1736,1675,1737,-1,1737,1675,1685,-1,1737,1685,1714,-1,1714,1685,1684,-1,1736,1737,1738,-1,1738,1737,1714,-1,1738,1714,1715,-1,1733,1734,1738,-1,1738,1734,1735,-1,1738,1735,1736,-1,1730,1731,1738,-1,1738,1731,1732,-1,1738,1732,1733,-1,1727,1728,1738,-1,1738,1728,1729,-1,1738,1729,1730,-1,1724,1725,1738,-1,1738,1725,1726,-1,1738,1726,1727,-1,1721,1722,1738,-1,1738,1722,1723,-1,1738,1723,1724,-1,1718,1719,1738,-1,1738,1719,1720,-1,1738,1720,1721,-1,1715,1716,1738,-1,1738,1716,1717,-1,1738,1717,1718,-1,1739,1661,1740,-1,1740,1661,1660,-1,1740,1660,1741,-1,1741,1660,1645,-1,1741,1645,1742,-1,1742,1645,1644,-1,1742,1644,1743,-1,1743,1644,1643,-1,1743,1643,1744,-1,1744,1643,1642,-1,1744,1642,1745,-1,1745,1642,1658,-1,1745,1658,1746,-1,1746,1658,1651,-1,1746,1651,1747,-1,1747,1651,1653,-1,1747,1653,1748,-1,1748,1653,1655,-1,1748,1655,1749,-1,1749,1655,1638,-1,1749,1638,1750,-1,1750,1638,1637,-1,1750,1637,1751,-1,1751,1637,1633,-1,1751,1633,1752,-1,1752,1633,1632,-1,1752,1632,1753,-1,1753,1632,1636,-1,1753,1636,1754,-1,1754,1636,1635,-1,1754,1635,1755,-1,1755,1635,1634,-1,1755,1634,1756,-1,1756,1634,1631,-1,1756,1631,1757,-1,1757,1631,1630,-1,1757,1630,1758,-1,1758,1630,1670,-1,1758,1670,1759,-1,1759,1670,1669,-1,1759,1669,1760,-1,1760,1669,1667,-1,1760,1667,1761,-1,1761,1667,1666,-1,1761,1666,1762,-1,1762,1666,1665,-1,1762,1665,1739,-1,1739,1665,1661,-1,
        ]
    }
}
Shape{
    appearance Appearance {
        material  Material 	{
            diffuseColor 1.0 1.0 1.0
            specularColor 0.8784313725490196 0.8784313725490196 0.8784313725490196
            ambientIntensity 1.0
            transparency 0.0
            shininess 0.5
        }
    }
    geometry IndexedFaceSet {
        ccw TRUE
        solid FALSE
        coord DEF co Coordinate {
            point [
                -0.7988 -1.5206 1.9052, -0.7988 -1.5905 1.9341, -0.7988 -1.6655 1.6541, -0.7988 -1.6655 1.944, -0.7988 -1.7406 1.9341, -0.7988 -1.3855 1.7292, -0.7988 -1.4145 1.7991, -0.7988 -1.4606 1.8591, -0.7988 -1.4145 1.5092, -0.7988 -1.3855 1.5791, -0.7988 -1.3756 1.6541, -0.7988 -1.5905 1.3741, -0.7988 -1.5206 1.4031, -0.7988 -1.4606 1.4491, -0.7988 -1.8105 1.4031, -0.7988 -1.7406 1.3741, -0.7988 -1.6655 1.3642, -0.7988 -1.9456 1.5791, -0.7988 -1.9166 1.5092, -0.7988 -1.8705 1.4491, -0.7988 -1.9166 1.7991, -0.7988 -1.9456 1.7292, -0.7988 -1.9554 1.6541, -0.7988 -1.8105 1.9052, -0.7988 -1.8705 1.8591, -0.7988 1.3406 3.6911, -0.6807 1.3406 3.6911, -0.7988 1.2739 3.6823, -0.6807 1.2739 3.6823, -0.7988 1.2117 3.6565, -0.6807 1.2117 3.6565, -0.7988 1.1583 3.6156, -0.6807 1.1583 3.6156, -0.7988 1.1174 3.5622, -0.6807 1.1174 3.5622, -0.7988 1.0916 3.5, -0.6807 1.0916 3.5, -0.7988 1.0828 3.4333, -0.6807 1.0828 3.4333, -0.7988 1.0916 3.3666, -0.6807 1.0916 3.3666, -0.7988 1.1174 3.3044, -0.6807 1.1174 3.3044, -0.7988 1.1583 3.251, -0.6807 1.1583 3.251, -0.7988 1.2117 3.21, -0.6807 1.2117 3.21, -0.7988 1.2739 3.1843, -0.6807 1.2739 3.1843, -0.7988 1.3406 3.1755, -0.6807 1.3406 3.1755, -0.7988 1.4073 3.1843, -0.6807 1.4073 3.1843, -0.7988 1.4695 3.21, -0.6807 1.4695 3.21, -0.7988 1.5229 3.251, -0.6807 1.5229 3.251, -0.7988 1.5639 3.3044, -0.6807 1.5639 3.3044, -0.7988 1.5896 3.3666, -0.6807 1.5896 3.3666, -0.7988 1.5984 3.4333, -0.6807 1.5984 3.4333, -0.7988 1.5896 3.5, -0.6807 1.5896 3.5, -0.7988 1.5639 3.5622, -0.6807 1.5639 3.5622, -0.7988 1.5229 3.6156, -0.6807 1.5229 3.6156, -0.7988 1.4695 3.6565, -0.6807 1.4695 3.6565, -0.7988 1.4073 3.6823, -0.6807 1.4073 3.6823
            ]
        }
        coordIndex [
            0,1,2,-1,2,1,3,-1,2,3,4,-1,5,6,2,-1,2,6,7,-1,2,7,0,-1,8,9,2,-1,2,9,10,-1,2,10,5,-1,11,12,2,-1,2,12,13,-1,2,13,8,-1,14,15,2,-1,2,15,16,-1,2,16,11,-1,17,18,2,-1,2,18,19,-1,2,19,14,-1,20,21,2,-1,2,21,22,-1,2,22,17,-1,4,23,2,-1,2,23,24,-1,2,24,20,-1,25,26,27,-1,27,26,28,-1,27,28,29,-1,29,28,30,-1,29,30,31,-1,31,30,32,-1,31,32,33,-1,33,32,34,-1,33,34,35,-1,35,34,36,-1,35,36,37,-1,37,36,38,-1,37,38,39,-1,39,38,40,-1,39,40,41,-1,41,40,42,-1,41,42,43,-1,43,42,44,-1,43,44,45,-1,45,44,46,-1,45,46,47,-1,47,46,48,-1,47,48,49,-1,49,48,50,-1,49,50,51,-1,51,50,52,-1,51,52,53,-1,53,52,54,-1,53,54,55,-1,55,54,56,-1,55,56,57,-1,57,56,58,-1,57,58,59,-1,59,58,60,-1,59,60,61,-1,61,60,62,-1,61,62,63,-1,63,62,64,-1,63,64,65,-1,65,64,66,-1,65,66,67,-1,67,66,68,-1,67,68,69,-1,69,68,70,-1,69,70,71,-1,71,70,72,-1,71,72,25,-1,25,72,26,-1,
        ]
    }
}
Shape{
    appearance Appearance {
        material  Material 	{
            diffuseColor 0.8235294117647058 0.8235294117647058 0.8235294117647058
            specularColor 0.4117647058823529 0.4117647058823529 0.4117647058823529
            ambientIntensity 0.8235
            transparency 0.0
            shininess 0.5
        }
    }
    geometry IndexedFaceSet {
        ccw TRUE
        solid FALSE
        coord DEF co Coordinate {
            point [
                -0.7988 1.4695 3.6565, -0.7988 1.4073 3.6823, -0.7988 1.3406 3.4333, -0.7988 1.3406 3.6911, -0.7988 1.2739 3.6823, -0.7988 1.5896 3.5, -0.7988 1.5639 3.5622, -0.7988 1.5229 3.6156, -0.7988 1.5639 3.3044, -0.7988 1.5896 3.3666, -0.7988 1.5984 3.4333, -0.7988 1.4073 3.1843, -0.7988 1.4695 3.21, -0.7988 1.5229 3.251, -0.7988 1.2117 3.21, -0.7988 1.2739 3.1843, -0.7988 1.3406 3.1755, -0.7988 1.0916 3.3666, -0.7988 1.1174 3.3044, -0.7988 1.1583 3.251, -0.7988 1.1174 3.5622, -0.7988 1.0916 3.5, -0.7988 1.0828 3.4333, -0.7988 1.2117 3.6565, -0.7988 1.1583 3.6156, -0.7988 1.3406 2.5726, -0.6807 1.3406 2.5726, -0.7988 1.2776 2.5643, -0.6807 1.2776 2.5643, -0.7988 1.2188 2.5399, -0.6807 1.2188 2.5399, -0.7988 1.1684 2.5012, -0.6807 1.1684 2.5012, -0.7988 1.1297 2.4508, -0.6807 1.1297 2.4508, -0.7988 1.1053 2.392, -0.6807 1.1053 2.392, -0.7988 1.097 2.329, -0.6807 1.097 2.329, -0.7988 1.1053 2.2659, -0.6807 1.1053 2.2659, -0.7988 1.1297 2.2072, -0.6807 1.1297 2.2072, -0.7988 1.1684 2.1567, -0.6807 1.1684 2.1567, -0.7988 1.2188 2.118, -0.6807 1.2188 2.118, -0.7988 1.2776 2.0937, -0.6807 1.2776 2.0937, -0.7988 1.3406 2.0854, -0.6807 1.3406 2.0854, -0.7988 1.4037 2.0937, -0.6807 1.4037 2.0937, -0.7988 1.4624 2.118, -0.6807 1.4624 2.118, -0.7988 1.5129 2.1567, -0.6807 1.5129 2.1567, -0.7988 1.5516 2.2072, -0.6807 1.5516 2.2072, -0.7988 1.5759 2.2659, -0.6807 1.5759 2.2659, -0.7988 1.5842 2.329, -0.6807 1.5842 2.329, -0.7988 1.5759 2.392, -0.6807 1.5759 2.392, -0.7988 1.5516 2.4508, -0.6807 1.5516 2.4508, -0.7988 1.5129 2.5012, -0.6807 1.5129 2.5012, -0.7988 1.4624 2.5399, -0.6807 1.4624 2.5399, -0.7988 1.4037 2.5643, -0.6807 1.4037 2.5643, -0.7988 1.3406 2.329, -0.7988 -2.4094 0.8939, -0.6807 -2.4094 0.8939, -0.7988 -2.4647 0.8866, -0.6807 -2.4647 0.8866, -0.7988 -2.5162 0.8652, -0.6807 -2.5162 0.8652, -0.7988 -2.5605 0.8313, -0.6807 -2.5605 0.8313, -0.7988 -2.5945 0.787, -0.6807 -2.5945 0.787, -0.7988 -2.6158 0.7355, -0.6807 -2.6158 0.7355, -0.7988 -2.6231 0.6802, -0.6807 -2.6231 0.6802, -0.7988 -2.6158 0.6249, -0.6807 -2.6158 0.6249, -0.7988 -2.5945 0.5734, -0.6807 -2.5945 0.5734, -0.7988 -2.5605 0.5291, -0.6807 -2.5605 0.5291, -0.7988 -2.5162 0.4952, -0.6807 -2.5162 0.4952, -0.7988 -2.4647 0.4738, -0.6807 -2.4647 0.4738, -0.7988 -2.4094 0.4665, -0.6807 -2.4094 0.4665, -0.7988 -2.3541 0.4738, -0.6807 -2.3541 0.4738, -0.7988 -2.3026 0.4952, -0.6807 -2.3026 0.4952, -0.7988 -2.2583 0.5291, -0.6807 -2.2583 0.5291, -0.7988 -2.2244 0.5734, -0.6807 -2.2244 0.5734, -0.7988 -2.203 0.6249, -0.6807 -2.203 0.6249, -0.7988 -2.1957 0.6802, -0.6807 -2.1957 0.6802, -0.7988 -2.203 0.7355, -0.6807 -2.203 0.7355, -0.7988 -2.2244 0.787, -0.6807 -2.2244 0.787, -0.7988 -2.2583 0.8313, -0.6807 -2.2583 0.8313, -0.7988 -2.3026 0.8652, -0.6807 -2.3026 0.8652, -0.7988 -2.3541 0.8866, -0.6807 -2.3541 0.8866, -0.7988 -2.4094 0.6802, -0.7791 0.1092 5.2756, -0.9329 -0.0986 5.2756, -0.7791 0.1092 5.4724, -0.9329 -0.0986 5.4724, -0.7791 0.7702 5.4724, -1.4218 -0.0986 5.4724, -0.7791 0.7702 5.2756, -1.4218 -0.0986 5.2756, -1.6059 -1.0378 4.5669, -1.6059 -1.0378 2.6378, -1.6059 -0.8409 4.5669, -1.6059 -0.8409 2.6378, -1.4091 -0.6441 4.5669, -1.4091 -0.6441 2.6378, -1.3303 -0.6441 4.5669, -1.3303 -0.6441 2.6378, -1.1335 -0.8409 4.5669, -1.1335 -0.8409 2.6378, -1.1335 -1.0378 4.5669, -1.1335 -1.0378 2.6378, -1.5992 -0.79 2.6378, -1.5014 -1.6308 2.6378, -1.5798 -1.5872 2.6378, -1.6447 -1.5253 2.6378, -1.7045 -1.186 2.6378, -1.7229 -1.2738 2.6378, -1.7186 -1.3634 2.6378, -1.4145 -1.6534 2.6378, -1.3248 -1.6534 2.6378, -1.238 -1.6308 2.6378, -1.1596 -1.5872 2.6378, -1.0947 -1.5253 2.6378, -1.0474 -1.4491 2.6378, -1.0207 -1.3634 2.6378, -1.0165 -1.2738 2.6378, -1.0349 -1.186 2.6378, -1.46 -0.6508 2.6378, -1.5075 -0.6705 2.6378, -1.5483 -0.7017 2.6378, -1.6647 -1.1056 2.6378, -1.692 -1.4491 2.6378, -1.0747 -1.1056 2.6378, -1.1402 -0.79 2.6378, -1.1598 -0.7425 2.6378, -1.5795 -0.7425 2.6378, -1.1911 -0.7017 2.6378, -1.2319 -0.6705 2.6378, -1.2794 -0.6508 2.6378, -1.2552 -1.6372 3.9139, -1.2386 -1.6294 3.9226, -1.6581 -1.096 4.5153, -1.6063 -1.0381 4.5721, -1.6073 -1.0391 4.5771, -1.6076 -1.0393 4.5783, -1.1318 -1.0393 4.5783, -1.1321 -1.039 4.5771, -1.1042 -1.0673 4.5472, -1.1331 -1.0381 4.5721, -1.0375 -1.1869 4.4143, -1.077 -1.1071 4.5029, -1.0542 -1.1406 4.4657, -1.0234 -1.363 4.2187, -1.0155 -1.3127 4.2745, -1.0192 -1.274 4.3175, -1.024 -1.2242 4.3728, -1.0967 -1.5237 4.04, -1.0641 -1.4813 4.0872, -1.0498 -1.448 4.1242, -1.0293 -1.4003 4.1772, -1.1852 -1.6044 3.9504, -1.1611 -1.5853 3.9716, -1.1174 -1.5507 4.0101, -1.3882 -1.6557 3.8934, -1.3248 -1.6531 3.8962, -1.3224 -1.653 3.8963, -1.4545 -1.6459 3.9043, -1.4143 -1.6519 3.8977, -1.5233 -1.6212 3.9317, -1.5008 -1.6293 3.9228, -1.5943 -1.5759 3.9821, -1.5789 -1.5858 3.9711, -1.6552 -1.5117 4.0534, -1.6434 -1.5241 4.0396, -1.6984 -1.4341 4.1396, -1.6905 -1.4483 4.1239, -1.721 -1.3481 4.2352, -1.7171 -1.363 4.2186, -1.7214 -1.2592 4.3339, -1.7214 -1.2738 4.3177, -1.6636 -1.1062 4.504, -1.6999 -1.1734 4.4293, -1.7031 -1.1863 4.4149, -1.5992 -0.79 4.5669, -1.5795 -0.7425 4.5669, -1.5483 -0.7017 4.5669, -1.5075 -0.6705 4.5669, -1.46 -0.6508 4.5669, -1.2794 -0.6508 4.5669, -1.2319 -0.6705 4.5669, -1.1911 -0.7017 4.5669, -1.1598 -0.7425 4.5669, -1.1402 -0.79 4.5669, -1.6073 -0.8409 4.5771, -1.6005 -0.7896 4.5771, -1.6112 -0.8409 4.5866, -1.6043 -0.7886 4.5866, -1.6174 -0.8409 4.5948, -1.6103 -0.787 4.5948, -1.6256 -0.8409 4.601, -1.6182 -0.7849 4.601, -1.6351 -0.8409 4.605, -1.6274 -0.7824 4.605, -1.6453 -0.8409 4.6063, -1.6372 -0.7798 4.6063, -1.5807 -0.7418 4.5771, -1.5841 -0.7399 4.5866, -1.5895 -0.7367 4.5948, -1.5966 -0.7327 4.601, -1.6048 -0.7279 4.605, -1.6136 -0.7228 4.6063, -1.5492 -0.7008 4.5771, -1.552 -0.698 4.5866, -1.5564 -0.6936 4.5948, -1.5622 -0.6878 4.601, -1.5689 -0.6811 4.605, -1.5761 -0.6739 4.6063, -1.5082 -0.6693 4.5771, -1.5101 -0.6659 4.5866, -1.5132 -0.6605 4.5948, -1.5173 -0.6534 4.601, -1.5221 -0.6452 4.605, -1.5272 -0.6364 4.6063, -1.4604 -0.6495 4.5771, -1.4614 -0.6457 4.5866, -1.463 -0.6396 4.5948, -1.4651 -0.6318 4.601, -1.4676 -0.6226 4.605, -1.4702 -0.6128 4.6063, -1.4091 -0.6427 4.5771, -1.4091 -0.6388 4.5866, -1.4091 -0.6325 4.5948, -1.4091 -0.6244 4.601, -1.4091 -0.6149 4.605, -1.4091 -0.6047 4.6063, -1.6108 -1.041 4.586, -1.6093 -1.0402 4.5824, -1.6165 -1.0417 4.5935, -1.6136 -1.0415 4.5901, -1.6126 -1.0415 4.5889, -1.6112 -1.0411 4.5866, -1.6207 -1.0417 4.5977, -1.6179 -1.0418 4.5952, -1.6175 -1.0418 4.5947, -1.6308 -1.0402 4.6035, -1.6279 -1.0407 4.6023, -1.6257 -1.041 4.6009, -1.6232 -1.0414 4.5993, -1.6453 -1.0378 4.6063, -1.6402 -1.0381 4.606, -1.6353 -1.0391 4.605, -1.6351 -1.0391 4.605, -1.631 -1.0401 4.6036, -1.3303 -0.6427 4.5771, -1.3303 -0.6388 4.5866, -1.3303 -0.6325 4.5948, -1.3303 -0.6244 4.601, -1.3303 -0.6149 4.605, -1.3303 -0.6047 4.6063, -1.1304 -1.0403 4.5822, -1.0996 -1.0707 4.5547, -1.1281 -1.041 4.5863, -1.1302 -1.0403 4.5825, -1.0967 -1.0718 4.5583, -1.1264 -1.0415 4.5894, -1.128 -1.041 4.5865, -1.0936 -1.0725 4.5618, -1.1229 -1.0417 4.5935, -1.1243 -1.0418 4.5922, -1.0901 -1.0727 4.5651, -1.1198 -1.0417 4.5966, -1.1218 -1.0417 4.5946, -1.0865 -1.0724 4.568, -1.1151 -1.0413 4.6002, -1.1184 -1.0417 4.5979, -1.1041 -1.0391 4.605, -1.1043 -1.0391 4.605, -1.0787 -1.0706 4.5731, -1.1073 -1.0399 4.604, -1.1084 -1.0401 4.6035, -1.1124 -1.0408 4.6015, -1.6856 -1.1023 4.5413, -1.6812 -1.1032 4.5391, -1.677 -1.1036 4.5364, -1.673 -1.1035 4.5335, -1.6658 -1.1019 4.5267, -1.6602 -1.0984 4.5192, -1.0226 -1.2283 4.3772, -1.0522 -1.1436 4.4698, -1.1021 -1.0692 4.551, -1.0301 -1.4056 4.1827, -1.0151 -1.3176 4.2794, -1.1203 -1.5551 4.0175, -1.0661 -1.4865 4.0935, -1.1884 -1.6077 3.9589, -1.2577 -1.6394 3.9234, -1.3236 -1.6545 3.9064, -1.3877 -1.6571 3.9035, -1.4525 -1.6477 3.9141, -1.5203 -1.624 3.9407, -1.5912 -1.5799 3.9899, -1.6528 -1.5167 4.0602, -1.6972 -1.4394 4.1455, -1.721 -1.3532 4.2404, -1.7017 -1.1768 4.4335, -1.7225 -1.2637 4.3385, -1.6627 -1.1004 4.523, -1.7042 -1.1799 4.4376, -1.7246 -1.2679 4.343, -1.7223 -1.3583 4.2453, -1.6975 -1.4452 4.1511, -1.652 -1.5225 4.0666, -1.5896 -1.5855 3.9973, -1.5186 -1.6289 3.9491, -1.4513 -1.652 3.9232, -1.3874 -1.661 3.913, -1.3243 -1.6586 3.9158, -1.2592 -1.6439 3.9323, -1.1901 -1.6129 3.9669, -1.1216 -1.5609 4.0245, -1.0665 -1.4924 4.0996, -1.0293 -1.4112 4.188, -1.0134 -1.3224 4.2841, -1.0202 -1.2321 4.3815, -1.0496 -1.1463 4.4738, -1.7075 -1.1826 4.4415, -1.7277 -1.2717 4.3472, -1.7249 -1.3633 4.2499, -1.6993 -1.451 4.1562, -1.653 -1.529 4.0724, -1.5898 -1.5922 4.0039, -1.5182 -1.6355 3.9564, -1.451 -1.6584 3.9311, -1.3873 -1.6673 3.9211, -1.3245 -1.6649 3.9239, -1.2596 -1.6504 3.94, -1.1903 -1.6196 3.9739, -1.1211 -1.5675 4.0307, -1.0651 -1.4987 4.1051, -1.0271 -1.4167 4.193, -1.0105 -1.327 4.2886, -1.017 -1.2355 4.3856, -1.0464 -1.1485 4.4776, -1.6692 -1.103 4.5302, -1.7113 -1.1848 4.4452, -1.7317 -1.2751 4.3511, -1.7288 -1.3679 4.2541, -1.7027 -1.4568 4.1607, -1.6556 -1.5358 4.0772, -1.5916 -1.5997 4.0092, -1.5193 -1.6434 3.9622, -1.4515 -1.6665 3.9372, -1.3874 -1.6755 3.9274, -1.3243 -1.673 3.9301, -1.2588 -1.6584 3.9459, -1.1889 -1.6273 3.9795, -1.119 -1.5748 4.0358, -1.0622 -1.5051 4.1098, -1.0236 -1.422 4.1973, -1.0066 -1.3311 4.2926, -1.0131 -1.2383 4.3894, -1.0427 -1.1502 4.4812, -1.7157 -1.1864 4.4485, -1.7365 -1.2779 4.3545, -1.7336 -1.372 4.2575, -1.7074 -1.4623 4.1642, -1.6598 -1.5425 4.0809, -1.5949 -1.6076 4.013, -1.5216 -1.6522 3.9661, -1.4528 -1.6758 3.9411, -1.3877 -1.6849 3.9313, -1.3235 -1.6824 3.934, -1.2571 -1.6675 3.9498, -1.1861 -1.6358 3.9833, -1.1152 -1.5822 4.0395, -1.0578 -1.5113 4.1134, -1.0188 -1.427 4.2008, -1.0018 -1.3347 4.296, -1.0084 -1.2407 4.3928, -1.0386 -1.1513 4.4845, -1.7205 -1.1874 4.4514, -1.7419 -1.2801 4.3573, -1.7394 -1.3755 4.2602, -1.7132 -1.4672 4.1668, -1.6653 -1.5489 4.0832, -1.5997 -1.6154 4.015, -1.5252 -1.6612 3.9678, -1.4548 -1.6856 3.9425, -1.3882 -1.6951 3.9327, -1.3223 -1.6925 3.9354, -1.2543 -1.6771 3.9514, -1.182 -1.6444 3.9852, -1.1101 -1.5894 4.0417, -1.0521 -1.5171 4.1158, -1.0129 -1.4313 4.2034, -0.9961 -1.3376 4.2988, -1.0032 -1.2424 4.3956, -1.034 -1.152 4.4874, -1.7257 -1.1879 4.4539, -1.7478 -1.2816 4.3595, -1.7459 -1.3782 4.2621, -1.7199 -1.4713 4.1682, -1.6719 -1.5546 4.0841, -1.6056 -1.6227 4.0151, -1.5297 -1.67 3.9672, -1.4575 -1.6953 3.9415, -1.3888 -1.7053 3.9313, -1.3208 -1.7026 3.9341, -1.2508 -1.6864 3.9505, -1.1769 -1.6525 3.9849, -1.1038 -1.5961 4.0421, -1.0454 -1.5221 4.1169, -1.0062 -1.4348 4.205, -0.9898 -1.3398 4.3008, -0.9976 -1.2434 4.3979, -1.0292 -1.152 4.4899, -1.0826 -1.0717 4.5707, -1.1137 -1.0411 4.6009, -1.7311 -1.1877 4.4558, -1.7541 -1.2823 4.361, -1.7528 -1.3801 4.2631, -1.7273 -1.4745 4.1684, -1.6792 -1.5593 4.0834, -1.6122 -1.6291 4.0134, -1.5348 -1.6779 3.9644, -1.4606 -1.7043 3.9379, -1.3895 -1.7148 3.9274, -1.3191 -1.7119 3.9303, -1.2468 -1.695 3.9472, -1.171 -1.6599 3.9825, -1.0968 -1.6017 4.0409, -1.038 -1.5262 4.1166, -0.999 -1.4374 4.2056, -0.9831 -1.3412 4.302, -0.9917 -1.2438 4.3996, -1.0242 -1.1515 4.492, -1.0747 -1.069 4.5751, -1.0191 -1.1505 4.4936, -0.9856 -1.2434 4.4007, -0.9762 -1.3418 4.3023, -0.9915 -1.4391 4.205, -1.0302 -1.5291 4.115, -1.0893 -1.6061 4.0379, -1.1647 -1.6658 3.9782, -1.2424 -1.7023 3.9418, -1.3172 -1.7199 3.9242, -1.3902 -1.7229 3.9212, -1.4639 -1.712 3.9321, -1.5403 -1.6845 3.9596, -1.6193 -1.6342 4.0099, -1.6869 -1.5628 4.0812, -1.735 -1.4766 4.1675, -1.76 -1.381 4.2631, -1.7605 -1.2823 4.3618, -1.7366 -1.1869 4.4572, -1.6901 -1.101 4.5431, -1.279 -0.6495 4.5771, -1.278 -0.6457 4.5866, -1.2764 -0.6396 4.5948, -1.2743 -0.6318 4.601, -1.2718 -0.6226 4.605, -1.2692 -0.6128 4.6063, -1.2312 -0.6693 4.5771, -1.2293 -0.6659 4.5866, -1.2261 -0.6605 4.5948, -1.2221 -0.6534 4.601, -1.2173 -0.6452 4.605, -1.2122 -0.6364 4.6063, -1.1902 -0.7008 4.5771, -1.1874 -0.698 4.5866, -1.183 -0.6936 4.5948, -1.1772 -0.6878 4.601, -1.1705 -0.6811 4.605, -1.1633 -0.6739 4.6063, -1.1587 -0.7418 4.5771, -1.1553 -0.7399 4.5866, -1.1499 -0.7367 4.5948, -1.1428 -0.7327 4.601, -1.1346 -0.7279 4.605, -1.1257 -0.7228 4.6063, -1.1389 -0.7896 4.5771, -1.1351 -0.7886 4.5866, -1.129 -0.787 4.5948, -1.1212 -0.7849 4.601, -1.112 -0.7824 4.605, -1.1021 -0.7798 4.6063, -1.1321 -0.8409 4.5771, -1.1282 -0.8409 4.5866, -1.1219 -0.8409 4.5948, -1.1138 -0.8409 4.601, -1.1043 -0.8409 4.605, -1.0941 -0.8409 4.6063, -1.0941 -1.0378 4.6063, -1.0992 -1.0381 4.606
            ]
        }
        coordIndex [
            0,1,2,-1,2,1,3,-1,2,3,4,-1,5,6,2,-1,2,6,7,-1,2,7,0,-1,8,9,2,-1,2,9,10,-1,2,10,5,-1,11,12,2,-1,2,12,13,-1,2,13,8,-1,14,15,2,-1,2,15,16,-1,2,16,11,-1,17,18,2,-1,2,18,19,-1,2,19,14,-1,20,21,2,-1,2,21,22,-1,2,22,17,-1,4,23,2,-1,2,23,24,-1,2,24,20,-1,25,26,27,-1,27,26,28,-1,27,28,29,-1,29,28,30,-1,29,30,31,-1,31,30,32,-1,31,32,33,-1,33,32,34,-1,33,34,35,-1,35,34,36,-1,35,36,37,-1,37,36,38,-1,37,38,39,-1,39,38,40,-1,39,40,41,-1,41,40,42,-1,41,42,43,-1,43,42,44,-1,43,44,45,-1,45,44,46,-1,45,46,47,-1,47,46,48,-1,47,48,49,-1,49,48,50,-1,49,50,51,-1,51,50,52,-1,51,52,53,-1,53,52,54,-1,53,54,55,-1,55,54,56,-1,55,56,57,-1,57,56,58,-1,57,58,59,-1,59,58,60,-1,59,60,61,-1,61,60,62,-1,61,62,63,-1,63,62,64,-1,63,64,65,-1,65,64,66,-1,65,66,67,-1,67,66,68,-1,67,68,69,-1,69,68,70,-1,69,70,71,-1,71,70,72,-1,71,72,25,-1,25,72,26,-1,69,71,73,-1,73,71,25,-1,73,25,27,-1,63,65,73,-1,73,65,67,-1,73,67,69,-1,57,59,73,-1,73,59,61,-1,73,61,63,-1,51,53,73,-1,73,53,55,-1,73,55,57,-1,45,47,73,-1,73,47,49,-1,73,49,51,-1,39,41,73,-1,73,41,43,-1,73,43,45,-1,33,35,73,-1,73,35,37,-1,73,37,39,-1,27,29,73,-1,73,29,31,-1,73,31,33,-1,74,75,76,-1,76,75,77,-1,76,77,78,-1,78,77,79,-1,78,79,80,-1,80,79,81,-1,80,81,82,-1,82,81,83,-1,82,83,84,-1,84,83,85,-1,84,85,86,-1,86,85,87,-1,86,87,88,-1,88,87,89,-1,88,89,90,-1,90,89,91,-1,90,91,92,-1,92,91,93,-1,92,93,94,-1,94,93,95,-1,94,95,96,-1,96,95,97,-1,96,97,98,-1,98,97,99,-1,98,99,100,-1,100,99,101,-1,100,101,102,-1,102,101,103,-1,102,103,104,-1,104,103,105,-1,104,105,106,-1,106,105,107,-1,106,107,108,-1,108,107,109,-1,108,109,110,-1,110,109,111,-1,110,111,112,-1,112,111,113,-1,112,113,114,-1,114,113,115,-1,114,115,116,-1,116,115,117,-1,116,117,118,-1,118,117,119,-1,118,119,120,-1,120,119,121,-1,120,121,74,-1,74,121,75,-1,118,120,122,-1,122,120,74,-1,122,74,76,-1,112,114,122,-1,122,114,116,-1,122,116,118,-1,106,108,122,-1,122,108,110,-1,122,110,112,-1,100,102,122,-1,122,102,104,-1,122,104,106,-1,94,96,122,-1,122,96,98,-1,122,98,100,-1,88,90,122,-1,122,90,92,-1,122,92,94,-1,82,84,122,-1,122,84,86,-1,122,86,88,-1,76,78,122,-1,122,78,80,-1,122,80,82,-1,123,124,125,-1,125,124,126,-1,127,128,129,-1,129,128,130,-1,129,130,123,-1,123,130,124,-1,131,132,133,-1,133,132,134,-1,135,136,137,-1,137,136,138,-1,139,140,141,-1,141,140,142,-1,143,134,136,-1,136,134,138,-1,144,132,145,-1,145,132,146,-1,147,148,149,-1,144,150,132,-1,132,150,151,-1,132,151,152,-1,152,153,132,-1,132,153,154,-1,132,154,155,-1,155,156,132,-1,132,156,157,-1,132,157,158,-1,159,160,161,-1,132,162,146,-1,146,162,147,-1,146,147,163,-1,163,147,149,-1,158,164,132,-1,132,164,142,-1,132,142,134,-1,134,142,140,-1,134,140,138,-1,138,140,165,-1,138,165,166,-1,159,161,136,-1,136,161,167,-1,136,167,143,-1,166,168,138,-1,138,168,169,-1,138,169,170,-1,171,172,152,-1,132,131,173,-1,132,173,162,-1,131,174,173,-1,173,174,175,-1,173,175,176,-1,177,178,179,-1,179,178,180,-1,164,158,181,-1,180,141,179,-1,179,141,142,-1,179,142,182,-1,182,142,164,-1,182,164,183,-1,183,164,181,-1,157,156,184,-1,184,185,157,-1,157,185,186,-1,157,186,158,-1,158,186,187,-1,158,187,181,-1,155,154,188,-1,188,189,155,-1,155,189,190,-1,155,190,156,-1,156,190,191,-1,156,191,184,-1,152,172,153,-1,172,192,153,-1,153,192,193,-1,153,193,154,-1,154,193,194,-1,154,194,188,-1,150,195,151,-1,151,195,196,-1,151,196,152,-1,152,196,197,-1,152,197,171,-1,144,198,150,-1,150,198,199,-1,150,199,195,-1,145,200,144,-1,144,200,201,-1,144,201,198,-1,146,202,145,-1,145,202,203,-1,145,203,200,-1,163,204,146,-1,146,204,205,-1,146,205,202,-1,149,206,163,-1,163,206,207,-1,163,207,204,-1,148,208,149,-1,149,208,209,-1,149,209,206,-1,147,210,148,-1,148,210,211,-1,148,211,208,-1,173,212,162,-1,162,212,213,-1,162,213,147,-1,147,213,214,-1,147,214,210,-1,133,134,215,-1,215,134,143,-1,215,143,216,-1,216,143,167,-1,216,167,217,-1,217,167,161,-1,217,161,218,-1,218,161,160,-1,218,160,219,-1,219,160,159,-1,219,159,135,-1,135,159,136,-1,137,138,220,-1,220,138,170,-1,220,170,221,-1,221,170,169,-1,221,169,222,-1,222,169,168,-1,222,168,223,-1,223,168,166,-1,223,166,224,-1,224,166,165,-1,224,165,139,-1,139,165,140,-1,133,215,225,-1,225,215,226,-1,225,226,227,-1,227,226,228,-1,227,228,229,-1,229,228,230,-1,229,230,231,-1,231,230,232,-1,231,232,233,-1,233,232,234,-1,233,234,235,-1,235,234,236,-1,215,216,226,-1,226,216,237,-1,226,237,228,-1,228,237,238,-1,228,238,230,-1,230,238,239,-1,230,239,232,-1,232,239,240,-1,232,240,234,-1,234,240,241,-1,234,241,236,-1,236,241,242,-1,216,217,237,-1,237,217,243,-1,237,243,238,-1,238,243,244,-1,238,244,239,-1,239,244,245,-1,239,245,240,-1,240,245,246,-1,240,246,241,-1,241,246,247,-1,241,247,242,-1,242,247,248,-1,217,218,243,-1,243,218,249,-1,243,249,244,-1,244,249,250,-1,244,250,245,-1,245,250,251,-1,245,251,246,-1,246,251,252,-1,246,252,247,-1,247,252,253,-1,247,253,248,-1,248,253,254,-1,218,219,249,-1,249,219,255,-1,249,255,250,-1,250,255,256,-1,250,256,251,-1,251,256,257,-1,251,257,252,-1,252,257,258,-1,252,258,253,-1,253,258,259,-1,253,259,254,-1,254,259,260,-1,219,135,255,-1,255,135,261,-1,255,261,256,-1,256,261,262,-1,256,262,257,-1,257,262,263,-1,257,263,258,-1,258,263,264,-1,258,264,259,-1,259,264,265,-1,259,265,260,-1,260,265,266,-1,131,133,174,-1,174,133,225,-1,267,268,227,-1,227,268,176,-1,227,176,225,-1,225,176,175,-1,225,175,174,-1,269,270,229,-1,229,270,271,-1,229,271,227,-1,227,271,272,-1,227,272,267,-1,273,274,229,-1,229,274,275,-1,229,275,269,-1,276,277,231,-1,231,277,278,-1,231,278,229,-1,229,278,279,-1,229,279,273,-1,235,280,233,-1,233,280,281,-1,281,282,233,-1,233,282,283,-1,233,283,231,-1,231,283,284,-1,231,284,276,-1,135,137,285,-1,135,285,261,-1,261,285,286,-1,261,286,262,-1,262,286,287,-1,262,287,263,-1,263,287,288,-1,263,288,264,-1,264,288,289,-1,264,289,265,-1,265,289,290,-1,265,290,266,-1,291,177,179,-1,292,293,294,-1,295,296,297,-1,298,299,300,-1,301,302,303,-1,304,305,306,-1,307,308,309,-1,308,310,309,-1,309,310,311,-1,309,311,312,-1,276,284,313,-1,313,284,283,-1,278,277,314,-1,314,277,276,-1,315,279,278,-1,269,275,316,-1,275,274,316,-1,316,274,273,-1,316,273,279,-1,267,272,317,-1,272,271,317,-1,317,271,270,-1,317,270,269,-1,318,268,267,-1,181,319,320,-1,291,179,321,-1,321,179,182,-1,321,182,320,-1,320,182,183,-1,320,183,181,-1,184,322,323,-1,181,187,319,-1,319,187,186,-1,319,186,323,-1,323,186,185,-1,323,185,184,-1,188,324,325,-1,184,191,322,-1,322,191,190,-1,322,190,325,-1,325,190,189,-1,325,189,188,-1,188,194,324,-1,324,194,193,-1,324,193,326,-1,326,193,192,-1,326,192,327,-1,327,192,172,-1,172,171,327,-1,327,171,197,-1,327,197,328,-1,328,197,196,-1,328,196,329,-1,196,195,329,-1,329,195,199,-1,329,199,330,-1,330,199,198,-1,330,198,331,-1,198,201,331,-1,331,201,200,-1,331,200,332,-1,200,203,332,-1,332,203,202,-1,332,202,333,-1,202,205,333,-1,333,205,204,-1,333,204,334,-1,334,204,207,-1,207,206,334,-1,334,206,209,-1,334,209,335,-1,214,336,337,-1,209,208,335,-1,335,208,211,-1,335,211,337,-1,337,211,210,-1,337,210,214,-1,214,213,336,-1,336,213,212,-1,336,212,318,-1,318,212,173,-1,318,173,268,-1,268,173,176,-1,267,338,318,-1,318,338,339,-1,318,339,336,-1,336,339,340,-1,336,340,337,-1,337,340,341,-1,337,341,335,-1,335,341,342,-1,335,342,334,-1,334,342,343,-1,334,343,333,-1,333,343,344,-1,333,344,332,-1,332,344,345,-1,332,345,331,-1,331,345,346,-1,331,346,330,-1,330,346,347,-1,330,347,329,-1,329,347,348,-1,329,348,328,-1,328,348,349,-1,328,349,327,-1,327,349,350,-1,327,350,326,-1,326,350,351,-1,326,351,324,-1,324,351,352,-1,324,352,325,-1,325,352,353,-1,325,353,322,-1,322,353,354,-1,322,354,323,-1,323,354,355,-1,323,355,319,-1,319,355,356,-1,319,356,320,-1,320,356,292,-1,320,292,321,-1,321,292,294,-1,321,294,291,-1,267,317,338,-1,338,317,357,-1,338,357,339,-1,339,357,358,-1,339,358,340,-1,340,358,359,-1,340,359,341,-1,341,359,360,-1,341,360,342,-1,342,360,361,-1,342,361,343,-1,343,361,362,-1,343,362,344,-1,344,362,363,-1,344,363,345,-1,345,363,364,-1,345,364,346,-1,346,364,365,-1,346,365,347,-1,347,365,366,-1,347,366,348,-1,348,366,367,-1,348,367,349,-1,349,367,368,-1,349,368,350,-1,350,368,369,-1,350,369,351,-1,351,369,370,-1,351,370,352,-1,352,370,371,-1,352,371,353,-1,353,371,372,-1,353,372,354,-1,354,372,373,-1,354,373,355,-1,355,373,374,-1,355,374,356,-1,356,374,295,-1,356,295,292,-1,292,295,297,-1,292,297,293,-1,269,375,317,-1,317,375,376,-1,317,376,357,-1,357,376,377,-1,357,377,358,-1,358,377,378,-1,358,378,359,-1,359,378,379,-1,359,379,360,-1,360,379,380,-1,360,380,361,-1,361,380,381,-1,361,381,362,-1,362,381,382,-1,362,382,363,-1,363,382,383,-1,363,383,364,-1,364,383,384,-1,364,384,365,-1,365,384,385,-1,365,385,366,-1,366,385,386,-1,366,386,367,-1,367,386,387,-1,367,387,368,-1,368,387,388,-1,368,388,369,-1,369,388,389,-1,369,389,370,-1,370,389,390,-1,370,390,371,-1,371,390,391,-1,371,391,372,-1,372,391,392,-1,372,392,373,-1,373,392,393,-1,373,393,374,-1,374,393,298,-1,374,298,295,-1,295,298,300,-1,295,300,296,-1,269,316,375,-1,375,316,394,-1,375,394,376,-1,376,394,395,-1,376,395,377,-1,377,395,396,-1,377,396,378,-1,378,396,397,-1,378,397,379,-1,379,397,398,-1,379,398,380,-1,380,398,399,-1,380,399,381,-1,381,399,400,-1,381,400,382,-1,382,400,401,-1,382,401,383,-1,383,401,402,-1,383,402,384,-1,384,402,403,-1,384,403,385,-1,385,403,404,-1,385,404,386,-1,386,404,405,-1,386,405,387,-1,387,405,406,-1,387,406,388,-1,388,406,407,-1,388,407,389,-1,389,407,408,-1,389,408,390,-1,390,408,409,-1,390,409,391,-1,391,409,410,-1,391,410,392,-1,392,410,411,-1,392,411,393,-1,393,411,301,-1,393,301,298,-1,298,301,303,-1,298,303,299,-1,279,315,316,-1,316,315,412,-1,316,412,394,-1,394,412,413,-1,394,413,395,-1,395,413,414,-1,395,414,396,-1,396,414,415,-1,396,415,397,-1,397,415,416,-1,397,416,398,-1,398,416,417,-1,398,417,399,-1,399,417,418,-1,399,418,400,-1,400,418,419,-1,400,419,401,-1,401,419,420,-1,401,420,402,-1,402,420,421,-1,402,421,403,-1,403,421,422,-1,403,422,404,-1,404,422,423,-1,404,423,405,-1,405,423,424,-1,405,424,406,-1,406,424,425,-1,406,425,407,-1,407,425,426,-1,407,426,408,-1,408,426,427,-1,408,427,409,-1,409,427,428,-1,409,428,410,-1,410,428,429,-1,410,429,411,-1,411,429,304,-1,411,304,301,-1,301,304,306,-1,301,306,302,-1,278,314,315,-1,315,314,430,-1,315,430,412,-1,412,430,431,-1,412,431,413,-1,413,431,432,-1,413,432,414,-1,414,432,433,-1,414,433,415,-1,415,433,434,-1,415,434,416,-1,416,434,435,-1,416,435,417,-1,417,435,436,-1,417,436,418,-1,418,436,437,-1,418,437,419,-1,419,437,438,-1,419,438,420,-1,420,438,439,-1,420,439,421,-1,421,439,440,-1,421,440,422,-1,422,440,441,-1,422,441,423,-1,423,441,442,-1,423,442,424,-1,424,442,443,-1,424,443,425,-1,425,443,444,-1,425,444,426,-1,426,444,445,-1,426,445,427,-1,427,445,446,-1,427,446,428,-1,428,446,447,-1,428,447,429,-1,429,447,448,-1,429,448,304,-1,304,448,449,-1,304,449,305,-1,276,313,314,-1,314,313,450,-1,314,450,430,-1,430,450,451,-1,430,451,431,-1,431,451,452,-1,431,452,432,-1,432,452,453,-1,432,453,433,-1,433,453,454,-1,433,454,434,-1,434,454,455,-1,434,455,435,-1,435,455,456,-1,435,456,436,-1,436,456,457,-1,436,457,437,-1,437,457,458,-1,437,458,438,-1,438,458,459,-1,438,459,439,-1,439,459,460,-1,439,460,440,-1,440,460,461,-1,440,461,441,-1,441,461,462,-1,441,462,442,-1,442,462,463,-1,442,463,443,-1,443,463,464,-1,443,464,444,-1,444,464,465,-1,444,465,445,-1,445,465,466,-1,445,466,446,-1,446,466,467,-1,446,467,447,-1,447,467,309,-1,447,309,448,-1,448,309,312,-1,448,312,449,-1,307,309,468,-1,468,309,467,-1,468,467,469,-1,469,467,466,-1,469,466,470,-1,470,466,465,-1,470,465,471,-1,471,465,464,-1,471,464,472,-1,472,464,463,-1,472,463,473,-1,473,463,462,-1,473,462,474,-1,474,462,461,-1,474,461,475,-1,475,461,460,-1,475,460,476,-1,476,460,459,-1,476,459,477,-1,477,459,458,-1,477,458,478,-1,478,458,457,-1,478,457,479,-1,479,457,456,-1,479,456,480,-1,480,456,455,-1,480,455,481,-1,481,455,454,-1,481,454,482,-1,482,454,453,-1,482,453,483,-1,483,453,452,-1,483,452,484,-1,484,452,451,-1,484,451,485,-1,485,451,450,-1,485,450,486,-1,486,450,313,-1,486,313,487,-1,487,313,283,-1,487,283,282,-1,137,220,285,-1,285,220,488,-1,285,488,286,-1,286,488,489,-1,286,489,287,-1,287,489,490,-1,287,490,288,-1,288,490,491,-1,288,491,289,-1,289,491,492,-1,289,492,290,-1,290,492,493,-1,220,221,488,-1,488,221,494,-1,488,494,489,-1,489,494,495,-1,489,495,490,-1,490,495,496,-1,490,496,491,-1,491,496,497,-1,491,497,492,-1,492,497,498,-1,492,498,493,-1,493,498,499,-1,221,222,494,-1,494,222,500,-1,494,500,495,-1,495,500,501,-1,495,501,496,-1,496,501,502,-1,496,502,497,-1,497,502,503,-1,497,503,498,-1,498,503,504,-1,498,504,499,-1,499,504,505,-1,222,223,500,-1,500,223,506,-1,500,506,501,-1,501,506,507,-1,501,507,502,-1,502,507,508,-1,502,508,503,-1,503,508,509,-1,503,509,504,-1,504,509,510,-1,504,510,505,-1,505,510,511,-1,223,224,506,-1,506,224,512,-1,506,512,507,-1,507,512,513,-1,507,513,508,-1,508,513,514,-1,508,514,509,-1,509,514,515,-1,509,515,510,-1,510,515,516,-1,510,516,511,-1,511,516,517,-1,224,139,512,-1,512,139,518,-1,512,518,513,-1,513,518,519,-1,513,519,514,-1,514,519,520,-1,514,520,515,-1,515,520,521,-1,515,521,516,-1,516,521,522,-1,516,522,517,-1,517,522,523,-1,524,523,525,-1,525,523,522,-1,525,522,307,-1,312,311,521,-1,521,311,310,-1,521,310,522,-1,522,310,308,-1,522,308,307,-1,299,303,520,-1,520,303,302,-1,302,306,520,-1,520,306,305,-1,520,305,521,-1,521,305,449,-1,521,449,312,-1,519,296,520,-1,520,296,300,-1,520,300,299,-1,291,294,519,-1,294,293,519,-1,519,293,297,-1,519,297,296,-1,518,139,141,-1,141,180,518,-1,518,180,178,-1,518,178,519,-1,519,178,177,-1,519,177,291,-1,
        ]
    }
}
Shape{
    appearance Appearance {
        material  Material 	{
            diffuseColor 0.0 0.0 0.0
            specularColor 0.0 0.0 0.0
            ambientIntensity 0.0
            transparency 0.0
            shininess 0.5
        }
    }
    geometry IndexedFaceSet {
        ccw TRUE
        solid FALSE
        coord DEF co Coordinate {
            point [
                -2.6532 -0.3014 0.8833, -2.6532 -0.3014 0.8681, -2.6492 -0.3014 0.8833, -2.6492 -0.3014 0.8681, -2.6532 -0.2482 0.8833, -2.6492 -0.2482 0.8833, -2.6532 -0.2482 1.0015, -2.6492 -0.2482 1.0015, -2.6532 -0.231 1.0015, -2.6492 -0.231 1.0015, -2.6532 -0.231 0.8681, -2.6492 -0.231 0.8681, -2.6532 -0.3698 0.8658, -2.6492 -0.3698 0.8658, -2.6492 -0.3901 0.8678, -2.6532 -0.3901 0.8678, -2.6492 -0.4045 0.8725, -2.6532 -0.4045 0.8725, -2.6492 -0.4067 0.8736, -2.6532 -0.4067 0.8736, -2.6532 -0.4067 0.8901, -2.6492 -0.4067 0.8901, -2.6492 -0.3936 0.8842, -2.6532 -0.3936 0.8842, -2.6492 -0.3785 0.8814, -2.6532 -0.3785 0.8814, -2.6492 -0.3723 0.8812, -2.6532 -0.3723 0.8812, -2.6492 -0.3589 0.8828, -2.6532 -0.3589 0.8828, -2.6492 -0.3494 0.8865, -2.6532 -0.3494 0.8865, -2.6492 -0.3407 0.8926, -2.6532 -0.3407 0.8926, -2.6492 -0.338 0.8952, -2.6532 -0.338 0.8952, -2.6492 -0.3321 0.9032, -2.6532 -0.3321 0.9032, -2.6492 -0.3275 0.9138, -2.6532 -0.3275 0.9138, -2.6492 -0.3252 0.9268, -2.6532 -0.3252 0.9268, -2.6492 -0.3249 0.9333, -2.6532 -0.3249 0.9333, -2.6492 -0.3271 0.9517, -2.6532 -0.3271 0.9517, -2.6492 -0.3316 0.9632, -2.6532 -0.3316 0.9632, -2.6492 -0.338 0.9725, -2.6532 -0.338 0.9725, -2.6492 -0.3389 0.9734, -2.6532 -0.3389 0.9734, -2.6492 -0.3468 0.9802, -2.6532 -0.3468 0.9802, -2.6492 -0.3572 0.9853, -2.6532 -0.3572 0.9853, -2.6492 -0.3686 0.9879, -2.6532 -0.3686 0.9879, -2.6492 -0.3753 0.9882, -2.6532 -0.3753 0.9882, -2.6492 -0.3917 0.9863, -2.6532 -0.3917 0.9863, -2.6492 -0.4052 0.9811, -2.6532 -0.4052 0.9811, -2.6492 -0.4067 0.9803, -2.6532 -0.4067 0.9803, -2.6532 -0.4067 0.9983, -2.6492 -0.4067 0.9983, -2.6492 -0.3751 1.0038, -2.6532 -0.3751 1.0038, -2.6492 -0.3894 1.0027, -2.6532 -0.3926 1.0024, -2.6492 -0.3926 1.0024, -2.6492 -0.3659 1.0027, -2.6532 -0.3558 1.0014, -2.6492 -0.3558 1.0014, -2.6492 -0.3419 0.996, -2.6532 -0.3419 0.996, -2.6492 -0.3294 0.9873, -2.6532 -0.3294 0.9873, -2.6492 -0.3261 0.9841, -2.6532 -0.3261 0.9841, -2.6492 -0.3164 0.9715, -2.6492 -0.3128 0.963, -2.6532 -0.3101 0.9567, -2.6532 -0.3164 0.9715, -2.6492 -0.3101 0.9567, -2.6492 -0.307 0.9393, -2.6532 -0.307 0.9393, -2.6492 -0.3068 0.9323, -2.6532 -0.3068 0.9323, -2.6492 -0.3095 0.9105, -2.6492 -0.3128 0.902, -2.6532 -0.3149 0.8966, -2.6532 -0.3095 0.9105, -2.6492 -0.3149 0.8966, -2.6492 -0.3229 0.8852, -2.6532 -0.3229 0.8852, -2.6492 -0.3239 0.8841, -2.6532 -0.3239 0.8841, -2.6492 -0.3347 0.8751, -2.6532 -0.3347 0.8751, -2.6492 -0.3473 0.8692, -2.6532 -0.3473 0.8692, -2.6492 -0.3617 0.8662, -2.6532 -0.3617 0.8662, -2.6532 -0.5052 0.8833, -2.6532 -0.5052 0.8681, -2.6492 -0.5052 0.8833, -2.6492 -0.5052 0.8681, -2.6492 -0.4507 0.8833, -2.6532 -0.4507 0.8833, -2.6492 -0.4867 0.8833, -2.6532 -0.4507 0.9282, -2.6492 -0.4507 0.9282, -2.6532 -0.4984 0.9282, -2.6492 -0.4867 0.9282, -2.6492 -0.4984 0.9282, -2.6532 -0.4984 0.9435, -2.6492 -0.4984 0.9435, -2.6492 -0.4507 0.9435, -2.6532 -0.4507 0.9435, -2.6492 -0.4867 0.9435, -2.6532 -0.4507 0.9862, -2.6492 -0.4507 0.9862, -2.6492 -0.5022 0.9862, -2.6532 -0.5022 0.9862, -2.6492 -0.4867 0.9862, -2.6532 -0.5022 1.0015, -2.6492 -0.5022 1.0015, -2.6492 -0.4334 1.0015, -2.6532 -0.4334 1.0015, -2.6492 -0.4867 1.0015, -2.6532 -0.4334 0.8681, -2.6492 -0.4334 0.8681, -2.6492 -0.4867 0.8681, -2.6532 -0.6189 0.8868, -2.6532 -0.6052 0.8958, -2.6532 -0.605 0.8768, -2.6532 -0.5966 0.8898, -2.6532 -0.5898 0.8709, -2.6532 -0.5856 0.8855, -2.6532 -0.5671 0.8681, -2.6532 -0.567 0.8833, -2.6532 -0.5304 0.8681, -2.6532 -0.5477 0.8833, -2.6532 -0.5304 1.0015, -2.6532 -0.5477 0.9862, -2.6532 -0.5685 1.0015, -2.6532 -0.5678 0.9862, -2.6532 -0.5698 0.9862, -2.6532 -0.5889 0.9993, -2.6532 -0.5866 0.9839, -2.6532 -0.605 0.9934, -2.6532 -0.5979 0.9794, -2.6532 -0.6189 0.9839, -2.6532 -0.6063 0.9736, -2.6532 -0.6236 0.9793, -2.6532 -0.61 0.97, -2.6532 -0.6319 0.9676, -2.6532 -0.6152 0.9625, -2.6532 -0.6368 0.9549, -2.6532 -0.619 0.9528, -2.6532 -0.6391 0.9365, -2.6532 -0.621 0.936, -2.6532 -0.6387 0.928, -2.6532 -0.6204 0.9264, -2.6532 -0.6354 0.9124, -2.6532 -0.6176 0.9145, -2.6532 -0.6289 0.8986, -2.6532 -0.6129 0.9047, -2.6532 -0.6067 0.8972, -2.6492 -0.5671 0.8681, -2.6492 -0.5304 0.8681, -2.6492 -0.6189 0.8868, -2.6492 -0.5898 0.8709, -2.6492 -0.5916 0.8715, -2.6492 -0.605 0.8768, -2.6492 -0.6289 0.8986, -2.6492 -0.6354 0.9124, -2.6492 -0.6387 0.928, -2.6492 -0.6391 0.9365, -2.6492 -0.6368 0.9549, -2.6492 -0.6319 0.9676, -2.6492 -0.6236 0.9793, -2.6492 -0.6189 0.9839, -2.6492 -0.605 0.9934, -2.6492 -0.5916 0.9983, -2.6492 -0.5889 0.9993, -2.6492 -0.5685 1.0015, -2.6492 -0.5304 1.0015, -2.6492 -0.5678 0.9862, -2.6492 -0.5477 0.9862, -2.6492 -0.5477 0.8833, -2.6492 -0.567 0.8833, -2.6492 -0.6067 0.8972, -2.6492 -0.6052 0.8958, -2.6492 -0.5966 0.8898, -2.6492 -0.5856 0.8855, -2.6492 -0.621 0.936, -2.6492 -0.6204 0.9264, -2.6492 -0.6176 0.9145, -2.6492 -0.6129 0.9047, -2.6492 -0.6063 0.9736, -2.6492 -0.61 0.97, -2.6492 -0.6152 0.9625, -2.6492 -0.619 0.9528, -2.6492 -0.5698 0.9862, -2.6492 -0.5866 0.9839, -2.6492 -0.5979 0.9794
            ]
        }
        coordIndex [
            0,1,2,-1,2,1,3,-1,4,0,5,-1,5,0,2,-1,6,4,7,-1,7,4,5,-1,8,6,9,-1,9,6,7,-1,10,8,11,-1,11,8,9,-1,1,10,3,-1,3,10,11,-1,6,8,4,-1,4,8,10,-1,4,10,0,-1,0,10,1,-1,12,13,14,-1,12,14,15,-1,15,14,16,-1,15,16,17,-1,17,16,18,-1,17,18,19,-1,20,19,21,-1,21,19,18,-1,20,21,22,-1,20,22,23,-1,23,22,24,-1,23,24,25,-1,25,24,26,-1,25,26,27,-1,27,26,28,-1,27,28,29,-1,29,28,30,-1,29,30,31,-1,31,30,32,-1,31,32,33,-1,33,32,34,-1,33,34,35,-1,35,34,36,-1,35,36,37,-1,37,36,38,-1,37,38,39,-1,39,38,40,-1,39,40,41,-1,41,40,42,-1,41,42,43,-1,43,42,44,-1,43,44,45,-1,45,44,46,-1,45,46,47,-1,47,46,48,-1,47,48,49,-1,49,48,50,-1,49,50,51,-1,51,50,52,-1,51,52,53,-1,53,52,54,-1,53,54,55,-1,55,54,56,-1,55,56,57,-1,57,56,58,-1,57,58,59,-1,59,58,60,-1,59,60,61,-1,61,60,62,-1,61,62,63,-1,63,62,64,-1,63,64,65,-1,66,65,67,-1,67,65,64,-1,68,69,70,-1,70,69,71,-1,70,71,72,-1,72,71,66,-1,72,66,67,-1,69,68,73,-1,69,73,74,-1,73,75,74,-1,74,75,76,-1,74,76,77,-1,77,76,78,-1,77,78,79,-1,79,78,80,-1,79,80,81,-1,81,80,82,-1,83,84,82,-1,82,84,85,-1,82,85,81,-1,83,86,84,-1,84,86,87,-1,84,87,88,-1,88,87,89,-1,88,89,90,-1,90,89,91,-1,92,93,91,-1,91,93,94,-1,91,94,90,-1,92,95,93,-1,93,95,96,-1,93,96,97,-1,97,96,98,-1,97,98,99,-1,99,98,100,-1,99,100,101,-1,101,100,102,-1,101,102,103,-1,103,102,104,-1,103,104,105,-1,105,104,13,-1,105,13,12,-1,53,55,74,-1,45,47,85,-1,85,47,81,-1,74,55,69,-1,55,57,69,-1,69,57,59,-1,69,59,71,-1,71,59,61,-1,71,61,66,-1,66,61,63,-1,66,63,65,-1,19,20,17,-1,17,20,23,-1,17,23,15,-1,15,23,25,-1,15,25,12,-1,12,25,27,-1,12,27,105,-1,105,27,29,-1,105,29,103,-1,103,29,31,-1,103,31,101,-1,101,31,33,-1,101,33,99,-1,99,33,35,-1,99,35,97,-1,97,35,37,-1,97,37,93,-1,90,43,88,-1,88,43,45,-1,88,45,84,-1,84,45,85,-1,47,49,81,-1,81,49,51,-1,81,51,79,-1,79,51,53,-1,79,53,77,-1,77,53,74,-1,93,37,94,-1,94,37,39,-1,94,39,90,-1,90,39,41,-1,90,41,43,-1,106,107,108,-1,108,107,109,-1,110,111,112,-1,112,111,106,-1,112,106,108,-1,113,111,114,-1,114,111,110,-1,113,114,115,-1,115,114,116,-1,115,116,117,-1,118,115,119,-1,119,115,117,-1,120,121,122,-1,122,121,118,-1,122,118,119,-1,123,121,124,-1,124,121,120,-1,125,126,127,-1,127,126,123,-1,127,123,124,-1,128,126,129,-1,129,126,125,-1,130,131,132,-1,132,131,128,-1,132,128,129,-1,133,131,134,-1,134,131,130,-1,109,107,135,-1,135,107,133,-1,135,133,134,-1,115,118,113,-1,113,118,121,-1,107,106,133,-1,133,106,111,-1,126,128,123,-1,123,128,131,-1,123,131,121,-1,121,131,133,-1,121,133,113,-1,113,133,111,-1,136,137,138,-1,138,137,139,-1,138,139,140,-1,140,139,141,-1,140,141,142,-1,142,141,143,-1,142,143,144,-1,144,143,145,-1,144,145,146,-1,146,145,147,-1,146,147,148,-1,147,149,148,-1,148,149,150,-1,148,150,151,-1,151,150,152,-1,151,152,153,-1,153,152,154,-1,153,154,155,-1,155,154,156,-1,155,156,157,-1,157,156,158,-1,157,158,159,-1,159,158,160,-1,159,160,161,-1,161,160,162,-1,161,162,163,-1,163,162,164,-1,163,164,165,-1,165,164,166,-1,165,166,167,-1,167,166,168,-1,167,168,169,-1,169,168,170,-1,169,170,136,-1,136,170,171,-1,136,171,137,-1,142,144,172,-1,172,144,173,-1,174,136,138,-1,142,172,175,-1,142,175,140,-1,140,175,176,-1,140,176,138,-1,138,176,177,-1,138,177,174,-1,136,174,178,-1,136,178,169,-1,169,178,179,-1,169,179,167,-1,167,179,180,-1,167,180,165,-1,165,180,181,-1,165,181,163,-1,163,181,182,-1,163,182,161,-1,161,182,183,-1,161,183,159,-1,159,183,184,-1,159,184,157,-1,157,184,185,-1,157,185,155,-1,155,185,186,-1,187,151,186,-1,186,151,153,-1,186,153,155,-1,187,188,151,-1,151,188,189,-1,151,189,148,-1,146,148,190,-1,190,148,189,-1,144,146,173,-1,173,146,190,-1,149,147,191,-1,191,147,192,-1,147,145,192,-1,192,145,193,-1,145,143,193,-1,193,143,194,-1,171,195,196,-1,171,196,137,-1,137,196,197,-1,137,197,139,-1,139,197,198,-1,139,198,141,-1,141,198,194,-1,141,194,143,-1,164,199,200,-1,164,200,166,-1,166,200,201,-1,166,201,168,-1,168,201,202,-1,168,202,170,-1,170,202,195,-1,170,195,171,-1,156,203,204,-1,156,204,158,-1,158,204,205,-1,158,205,160,-1,160,205,206,-1,160,206,162,-1,162,206,199,-1,162,199,164,-1,149,191,207,-1,149,207,150,-1,150,207,208,-1,150,208,152,-1,152,208,209,-1,152,209,154,-1,154,209,203,-1,154,203,156,-1,
        ]
    }
}
Shape{
    appearance Appearance {
        material  Material 	{
            diffuseColor 0.8235294117647058 0.8235294117647058 0.8235294117647058
            specularColor 0.4117647058823529 0.4117647058823529 0.4117647058823529
            ambientIntensity 0.8235
            transparency 0.0
            shininess 0.5
        }
    }
    geometry IndexedFaceSet {
        ccw TRUE
        solid FALSE
        coord DEF co Coordinate {
            point [
                -2.6492 -0.5477 0.9862, -2.6492 -0.5477 0.8833, -2.6492 -0.5678 0.9862, -2.6492 -0.567 0.8833, -2.6492 -0.5698 0.9862, -2.6492 -0.5856 0.8855, -2.6492 -0.5966 0.8898, -2.6492 -0.6052 0.8958, -2.6492 -0.6067 0.8972, -2.6492 -0.6129 0.9047, -2.6492 -0.621 0.936, -2.6492 -0.6063 0.9736, -2.6492 -0.6204 0.9264, -2.6492 -0.5979 0.9794, -2.6492 -0.6176 0.9145, -2.6492 -0.5866 0.9839, -2.6492 -0.619 0.9528, -2.6492 -0.6152 0.9625, -2.6492 -0.61 0.97
            ]
        }
        coordIndex [
            0,1,2,-1,2,1,3,-1,2,3,4,-1,4,3,5,-1,4,5,6,-1,6,7,4,-1,4,7,8,-1,4,8,9,-1,10,11,12,-1,12,11,13,-1,9,14,4,-1,4,14,12,-1,4,12,15,-1,15,12,13,-1,16,17,10,-1,10,17,18,-1,10,18,11,-1,
        ]
    }
}
Shape{
    appearance Appearance {
        material  Material 	{
            diffuseColor 0.0 0.0 0.0
            specularColor 0.0 0.0 0.0
            ambientIntensity 0.0
            transparency 0.0
            shininess 0.5
        }
    }
    geometry IndexedFaceSet {
        ccw TRUE
        solid FALSE
        coord DEF co Coordinate {
            point [
                -2.6532 -0.6838 0.9197, -2.6532 -0.7038 0.9751, -2.6532 -0.6973 1.0015, -2.6532 -0.6465 0.8681, -2.6532 -0.6655 0.8681, -2.6532 -0.6783 0.9046, -2.6532 -0.7049 0.9791, -2.6532 -0.7059 0.9845, -2.6532 -0.7157 1.0015, -2.6532 -0.7063 0.9845, -2.6532 -0.7074 0.9788, -2.6532 -0.7084 0.9751, -2.6532 -0.7286 0.9197, -2.6532 -0.7666 0.8681, -2.6532 -0.7475 0.8681, -2.6532 -0.7339 0.9046, -2.6492 -0.7157 1.0015, -2.6492 -0.7666 0.8681, -2.6492 -0.6973 1.0015, -2.6492 -0.6465 0.8681, -2.6492 -0.6849 0.9691, -2.6492 -0.6655 0.8681, -2.6492 -0.6783 0.9046, -2.6492 -0.7339 0.9046, -2.6492 -0.6849 0.9046, -2.6492 -0.7475 0.8681, -2.6492 -0.6838 0.9197, -2.6492 -0.7286 0.9197, -2.6492 -0.7084 0.9751, -2.6492 -0.7063 0.9845, -2.6492 -0.7074 0.9788, -2.6492 -0.7059 0.9845, -2.6492 -0.7038 0.9751, -2.6492 -0.7049 0.9791
            ]
        }
        coordIndex [
            0,1,2,-1,3,4,5,-1,1,6,2,-1,2,6,7,-1,2,7,8,-1,8,7,9,-1,8,9,10,-1,10,11,8,-1,8,11,12,-1,8,12,13,-1,14,13,15,-1,15,13,12,-1,15,12,5,-1,5,12,0,-1,5,0,3,-1,3,0,2,-1,8,13,16,-1,16,13,17,-1,2,8,18,-1,18,8,16,-1,19,3,20,-1,20,3,2,-1,20,2,18,-1,4,3,21,-1,21,3,19,-1,5,4,22,-1,22,4,21,-1,23,15,24,-1,24,15,5,-1,24,5,22,-1,14,15,25,-1,25,15,23,-1,13,14,17,-1,17,14,25,-1,0,12,26,-1,26,12,27,-1,12,11,27,-1,27,11,28,-1,9,29,30,-1,9,30,10,-1,10,30,28,-1,10,28,11,-1,9,7,29,-1,29,7,31,-1,1,32,33,-1,1,33,6,-1,6,33,31,-1,6,31,7,-1,1,0,32,-1,32,0,26,-1,
        ]
    }
}
Shape{
    appearance Appearance {
        material  Material 	{
            diffuseColor 0.8235294117647058 0.8235294117647058 0.8235294117647058
            specularColor 0.4117647058823529 0.4117647058823529 0.4117647058823529
            ambientIntensity 0.8235
            transparency 0.0
            shininess 0.5
        }
    }
    geometry IndexedFaceSet {
        ccw TRUE
        solid FALSE
        coord DEF co Coordinate {
            point [
                -2.6492 -0.7063 0.9845, -2.6492 -0.7059 0.9845, -2.6492 -0.7074 0.9788, -2.6492 -0.7049 0.9791, -2.6492 -0.7084 0.9751, -2.6492 -0.7038 0.9751, -2.6492 -0.7286 0.9197, -2.6492 -0.6838 0.9197
            ]
        }
        coordIndex [
            0,1,2,-1,2,1,3,-1,2,3,4,-1,4,3,5,-1,4,5,6,-1,6,5,7,-1,
        ]
    }
}
Shape{
    appearance Appearance {
        material  Material 	{
            diffuseColor 0.0 0.0 0.0
            specularColor 0.0 0.0 0.0
            ambientIntensity 0.0
            transparency 0.0
            shininess 0.5
        }
    }
    geometry IndexedFaceSet {
        ccw TRUE
        solid FALSE
        coord DEF co Coordinate {
            point [
                -2.6532 -0.3028 0.6716, -2.6532 -0.3028 0.6564, -2.6492 -0.3028 0.6716, -2.6492 -0.3028 0.6564, -2.6532 -0.2482 0.6716, -2.6492 -0.2482 0.6716, -2.6532 -0.2482 0.7165, -2.6492 -0.2482 0.7165, -2.6532 -0.2959 0.7165, -2.6492 -0.2959 0.7165, -2.6532 -0.2959 0.7318, -2.6492 -0.2959 0.7318, -2.6532 -0.2482 0.7318, -2.6492 -0.2482 0.7318, -2.6532 -0.2482 0.7745, -2.6492 -0.2482 0.7745, -2.6532 -0.2997 0.7745, -2.6492 -0.2997 0.7745, -2.6532 -0.2997 0.7898, -2.6492 -0.2997 0.7898, -2.6532 -0.231 0.7898, -2.6492 -0.231 0.7898, -2.6532 -0.231 0.6564, -2.6492 -0.231 0.6564, -2.6532 -0.3786 0.6564, -2.6532 -0.3953 0.6564, -2.6532 -0.3786 0.6711, -2.6532 -0.3953 0.7177, -2.6532 -0.3453 0.6985, -2.6532 -0.3563 0.7012, -2.6532 -0.3786 0.7042, -2.6532 -0.3786 0.6951, -2.6532 -0.3782 0.6711, -2.6532 -0.3694 0.6736, -2.6532 -0.3744 0.6657, -2.6532 -0.3646 0.6704, -2.6532 -0.3786 0.694, -2.6532 -0.3775 0.6865, -2.6532 -0.3751 0.6805, -2.6532 -0.3715 0.6756, -2.6532 -0.3722 0.7527, -2.6532 -0.3689 0.7384, -2.6532 -0.379 0.7504, -2.6532 -0.3718 0.7364, -2.6532 -0.3417 0.6966, -2.6532 -0.3786 0.717, -2.6532 -0.378 0.7244, -2.6532 -0.3937 0.7317, -2.6532 -0.3763 0.7303, -2.6532 -0.391 0.7389, -2.6532 -0.3743 0.7338, -2.6532 -0.3875 0.744, -2.6532 -0.3843 0.7471, -2.6532 -0.3281 0.745, -2.6532 -0.3281 0.7288, -2.6532 -0.3315 0.747, -2.6532 -0.3396 0.736, -2.6532 -0.3439 0.7518, -2.6532 -0.35 0.7394, -2.6532 -0.3609 0.7539, -2.6532 -0.3593 0.7403, -2.6532 -0.365 0.7397, -2.6532 -0.3391 0.6736, -2.6532 -0.3269 0.6616, -2.6532 -0.3406 0.6721, -2.6532 -0.3326 0.6577, -2.6532 -0.3439 0.6699, -2.6532 -0.339 0.6553, -2.6532 -0.3477 0.6685, -2.6532 -0.349 0.6541, -2.6532 -0.3533 0.6678, -2.6532 -0.3582 0.6552, -2.6532 -0.3596 0.6685, -2.6532 -0.3649 0.6578, -2.6532 -0.369 0.6604, -2.6532 -0.3504 0.713, -2.6532 -0.3366 0.7095, -2.6532 -0.3401 0.6953, -2.6532 -0.3299 0.7058, -2.6532 -0.3381 0.6929, -2.6532 -0.325 0.7012, -2.6532 -0.3367 0.6897, -2.6532 -0.3215 0.6958, -2.6532 -0.3358 0.6859, -2.6532 -0.3195 0.6897, -2.6532 -0.3357 0.6833, -2.6532 -0.3188 0.6819, -2.6532 -0.3361 0.6794, -2.6532 -0.3196 0.6743, -2.6532 -0.3372 0.6764, -2.6532 -0.3216 0.6686, -2.6532 -0.3251 0.6635, -2.6492 -0.3609 0.7539, -2.6492 -0.3439 0.7518, -2.6492 -0.3315 0.747, -2.6492 -0.3281 0.745, -2.6492 -0.3281 0.7288, -2.6492 -0.3396 0.736, -2.6492 -0.35 0.7394, -2.6492 -0.3593 0.7403, -2.6492 -0.365 0.7397, -2.6492 -0.3689 0.7384, -2.6492 -0.3718 0.7364, -2.6492 -0.3743 0.7338, -2.6492 -0.3763 0.7303, -2.6492 -0.378 0.7244, -2.6492 -0.3786 0.717, -2.6492 -0.3504 0.713, -2.6492 -0.3366 0.7095, -2.6492 -0.3299 0.7058, -2.6492 -0.325 0.7012, -2.6492 -0.3215 0.6958, -2.6492 -0.3195 0.6897, -2.6492 -0.3188 0.6819, -2.6492 -0.3196 0.6743, -2.6492 -0.3216 0.6686, -2.6492 -0.3251 0.6635, -2.6492 -0.3269 0.6616, -2.6492 -0.349 0.6541, -2.6492 -0.3393 0.6553, -2.6492 -0.339 0.6553, -2.6492 -0.3326 0.6577, -2.6492 -0.3582 0.6552, -2.6492 -0.3583 0.6553, -2.6492 -0.3649 0.6578, -2.6492 -0.369 0.6604, -2.6492 -0.3744 0.6657, -2.6492 -0.3782 0.6711, -2.6492 -0.3786 0.6711, -2.6492 -0.3786 0.6564, -2.6492 -0.3953 0.6564, -2.6492 -0.3953 0.7177, -2.6492 -0.3937 0.7317, -2.6492 -0.391 0.7389, -2.6492 -0.3875 0.744, -2.6492 -0.3843 0.7471, -2.6492 -0.379 0.7504, -2.6492 -0.3722 0.7527, -2.6492 -0.3401 0.6953, -2.6492 -0.3417 0.6966, -2.6492 -0.3453 0.6985, -2.6492 -0.3563 0.7012, -2.6492 -0.3357 0.6833, -2.6492 -0.3358 0.6859, -2.6492 -0.3367 0.6897, -2.6492 -0.3381 0.6929, -2.6492 -0.3406 0.6721, -2.6492 -0.3391 0.6736, -2.6492 -0.3372 0.6764, -2.6492 -0.3361 0.6794, -2.6492 -0.3533 0.6678, -2.6492 -0.3477 0.6685, -2.6492 -0.3439 0.6699, -2.6492 -0.3715 0.6756, -2.6492 -0.3694 0.6736, -2.6492 -0.3646 0.6704, -2.6492 -0.3596 0.6685, -2.6492 -0.3786 0.6951, -2.6492 -0.3786 0.694, -2.6492 -0.3775 0.6865, -2.6492 -0.3751 0.6805, -2.6492 -0.3786 0.7042
            ]
        }
        coordIndex [
            0,1,2,-1,2,1,3,-1,4,0,5,-1,5,0,2,-1,6,4,7,-1,7,4,5,-1,8,6,9,-1,9,6,7,-1,10,8,11,-1,11,8,9,-1,12,10,13,-1,13,10,11,-1,14,12,15,-1,15,12,13,-1,16,14,17,-1,17,14,15,-1,18,16,19,-1,19,16,17,-1,20,18,21,-1,21,18,19,-1,22,20,23,-1,23,20,21,-1,1,22,3,-1,3,22,23,-1,16,18,14,-1,14,18,20,-1,14,20,12,-1,1,0,22,-1,22,0,4,-1,22,4,6,-1,8,10,6,-1,6,10,12,-1,6,12,22,-1,22,12,20,-1,24,25,26,-1,26,25,27,-1,28,29,27,-1,27,29,30,-1,27,30,31,-1,32,33,34,-1,34,33,35,-1,31,36,27,-1,27,36,37,-1,27,37,26,-1,26,37,38,-1,26,38,32,-1,32,38,39,-1,32,39,33,-1,40,41,42,-1,42,41,43,-1,44,28,45,-1,45,28,27,-1,45,27,46,-1,46,27,47,-1,46,47,48,-1,48,47,49,-1,48,49,50,-1,50,49,51,-1,50,51,43,-1,43,51,52,-1,43,52,42,-1,53,54,55,-1,55,54,56,-1,55,56,57,-1,57,56,58,-1,57,58,59,-1,59,58,60,-1,59,60,40,-1,40,60,61,-1,40,61,41,-1,62,63,64,-1,64,63,65,-1,64,65,66,-1,66,65,67,-1,66,67,68,-1,68,67,69,-1,68,69,70,-1,70,69,71,-1,70,71,72,-1,72,71,73,-1,72,73,35,-1,35,73,74,-1,35,74,34,-1,45,75,44,-1,44,75,76,-1,44,76,77,-1,77,76,78,-1,77,78,79,-1,79,78,80,-1,79,80,81,-1,81,80,82,-1,81,82,83,-1,83,82,84,-1,83,84,85,-1,85,84,86,-1,85,86,87,-1,87,86,88,-1,87,88,89,-1,89,88,90,-1,89,90,62,-1,62,90,91,-1,62,91,63,-1,59,92,93,-1,59,93,57,-1,57,93,94,-1,57,94,55,-1,55,94,95,-1,55,95,53,-1,54,53,96,-1,96,53,95,-1,54,96,97,-1,54,97,56,-1,56,97,98,-1,56,98,58,-1,58,98,99,-1,58,99,60,-1,60,99,100,-1,60,100,61,-1,61,100,101,-1,61,101,41,-1,41,101,102,-1,41,102,43,-1,43,102,103,-1,43,103,50,-1,50,103,104,-1,50,104,48,-1,48,104,105,-1,48,105,46,-1,46,105,106,-1,46,106,45,-1,75,45,107,-1,107,45,106,-1,75,107,108,-1,75,108,76,-1,76,108,109,-1,76,109,78,-1,78,109,110,-1,78,110,80,-1,80,110,111,-1,80,111,82,-1,82,111,112,-1,82,112,84,-1,84,112,113,-1,84,113,86,-1,86,113,114,-1,86,114,88,-1,88,114,115,-1,88,115,90,-1,90,115,116,-1,90,116,91,-1,91,116,117,-1,91,117,63,-1,118,69,119,-1,119,69,67,-1,119,67,120,-1,120,67,65,-1,120,65,121,-1,121,65,63,-1,121,63,117,-1,69,118,122,-1,69,122,71,-1,71,122,123,-1,71,123,73,-1,123,124,73,-1,73,124,125,-1,73,125,74,-1,74,125,126,-1,74,126,34,-1,34,126,127,-1,34,127,32,-1,26,32,128,-1,128,32,127,-1,24,26,129,-1,129,26,128,-1,25,24,130,-1,130,24,129,-1,27,25,131,-1,131,25,130,-1,27,131,132,-1,27,132,47,-1,47,132,133,-1,47,133,49,-1,49,133,134,-1,49,134,51,-1,51,134,135,-1,51,135,52,-1,52,135,136,-1,52,136,42,-1,42,136,137,-1,42,137,40,-1,40,137,92,-1,40,92,59,-1,77,138,139,-1,77,139,44,-1,44,139,140,-1,44,140,28,-1,28,140,141,-1,28,141,29,-1,85,142,143,-1,85,143,83,-1,83,143,144,-1,83,144,81,-1,81,144,145,-1,81,145,79,-1,79,145,138,-1,79,138,77,-1,64,146,147,-1,64,147,62,-1,62,147,148,-1,62,148,89,-1,89,148,149,-1,89,149,87,-1,87,149,142,-1,87,142,85,-1,70,150,151,-1,70,151,68,-1,68,151,152,-1,68,152,66,-1,66,152,146,-1,66,146,64,-1,39,153,154,-1,39,154,33,-1,33,154,155,-1,33,155,35,-1,35,155,156,-1,35,156,72,-1,72,156,150,-1,72,150,70,-1,31,157,158,-1,31,158,36,-1,36,158,159,-1,36,159,37,-1,37,159,160,-1,37,160,38,-1,38,160,153,-1,38,153,39,-1,31,30,157,-1,157,30,161,-1,30,29,161,-1,161,29,141,-1,
        ]
    }
}
Shape{
    appearance Appearance {
        material  Material 	{
            diffuseColor 0.8235294117647058 0.8235294117647058 0.8235294117647058
            specularColor 0.4117647058823529 0.4117647058823529 0.4117647058823529
            ambientIntensity 0.8235
            transparency 0.0
            shininess 0.5
        }
    }
    geometry IndexedFaceSet {
        ccw TRUE
        solid FALSE
        coord DEF co Coordinate {
            point [
                -2.6492 -0.3786 0.694, -2.6492 -0.3786 0.6951, -2.6492 -0.3401 0.6953, -2.6492 -0.3786 0.7042, -2.6492 -0.3563 0.7012, -2.6492 -0.3453 0.6985, -2.6492 -0.3417 0.6966, -2.6492 -0.3775 0.6865, -2.6492 -0.3381 0.6929, -2.6492 -0.3751 0.6805, -2.6492 -0.3391 0.6736, -2.6492 -0.3406 0.6721, -2.6492 -0.3694 0.6736, -2.6492 -0.3372 0.6764, -2.6492 -0.3646 0.6704, -2.6492 -0.3596 0.6685, -2.6492 -0.3533 0.6678, -2.6492 -0.3367 0.6897, -2.6492 -0.3358 0.6859, -2.6492 -0.3715 0.6756, -2.6492 -0.3357 0.6833, -2.6492 -0.3361 0.6794, -2.6492 -0.3439 0.6699, -2.6492 -0.3477 0.6685
            ]
        }
        coordIndex [
            0,1,2,-1,1,3,4,-1,4,5,1,-1,1,5,6,-1,1,6,2,-1,0,2,7,-1,7,2,8,-1,7,8,9,-1,10,11,12,-1,10,12,13,-1,14,12,15,-1,15,12,16,-1,8,17,9,-1,9,17,18,-1,9,18,19,-1,19,18,20,-1,19,20,12,-1,12,20,21,-1,12,21,13,-1,11,22,12,-1,12,22,23,-1,12,23,16,-1,
        ]
    }
}
Shape{
    appearance Appearance {
        material  Material 	{
            diffuseColor 0.0 0.0 0.0
            specularColor 0.0 0.0 0.0
            ambientIntensity 0.0
            transparency 0.0
            shininess 0.5
        }
    }
    geometry IndexedFaceSet {
        ccw TRUE
        solid FALSE
        coord DEF co Coordinate {
            point [
                -2.6492 -0.418 0.677, -2.6532 -0.418 0.677, -2.6532 -0.425 0.6727, -2.6532 -0.4455 0.6678, -2.6492 -0.4455 0.6678, -2.6492 -0.4355 0.6689, -2.6532 -0.4355 0.6689, -2.6492 -0.4257 0.6724, -2.6492 -0.425 0.6727, -2.6532 -0.418 0.6597, -2.6492 -0.418 0.6597, -2.6532 -0.4298 0.6556, -2.6492 -0.4257 0.657, -2.6492 -0.4438 0.6541, -2.6532 -0.4438 0.6541, -2.6492 -0.433 0.6553, -2.6492 -0.4298 0.6556, -2.6532 -0.4589 0.6559, -2.6492 -0.4534 0.6553, -2.6492 -0.4589 0.6559, -2.6492 -0.4677 0.6593, -2.6532 -0.4677 0.6593, -2.6492 -0.4716 0.6617, -2.6532 -0.4716 0.6617, -2.6492 -0.4764 0.6659, -2.6532 -0.4764 0.6659, -2.6492 -0.4795 0.6703, -2.6532 -0.4795 0.6703, -2.6492 -0.4816 0.6756, -2.6532 -0.4816 0.6756, -2.6492 -0.4824 0.6823, -2.6532 -0.4824 0.6823, -2.6492 -0.4817 0.6885, -2.6532 -0.4817 0.6885, -2.6492 -0.4799 0.6935, -2.6532 -0.4799 0.6935, -2.6492 -0.4768 0.6981, -2.6532 -0.4768 0.6981, -2.6492 -0.4728 0.7016, -2.6532 -0.4728 0.7016, -2.6492 -0.4617 0.7078, -2.6532 -0.4617 0.7078, -2.6492 -0.4552 0.7104, -2.6532 -0.4552 0.7104, -2.6492 -0.4449 0.7149, -2.6532 -0.4449 0.7149, -2.6492 -0.439 0.7186, -2.6532 -0.439 0.7186, -2.6492 -0.4373 0.7204, -2.6532 -0.4373 0.7204, -2.6492 -0.4361 0.7227, -2.6532 -0.4361 0.7227, -2.6492 -0.4355 0.7253, -2.6532 -0.4355 0.7253, -2.6492 -0.4353 0.7275, -2.6532 -0.4353 0.7275, -2.6492 -0.4356 0.7301, -2.6532 -0.4356 0.7301, -2.6492 -0.4364 0.7324, -2.6532 -0.4364 0.7324, -2.6492 -0.4379 0.7345, -2.6532 -0.4379 0.7345, -2.6492 -0.4404 0.7368, -2.6532 -0.4404 0.7368, -2.6492 -0.4441 0.7387, -2.6532 -0.4441 0.7387, -2.6492 -0.4486 0.7399, -2.6532 -0.4486 0.7399, -2.6492 -0.4536 0.7403, -2.6532 -0.4536 0.7403, -2.6492 -0.4639 0.7392, -2.6532 -0.4639 0.7392, -2.6492 -0.4734 0.7359, -2.6532 -0.4734 0.7359, -2.6492 -0.4778 0.7334, -2.6532 -0.4778 0.7334, -2.6532 -0.4778 0.7496, -2.6492 -0.4778 0.7496, -2.6492 -0.4669 0.7528, -2.6532 -0.4669 0.7528, -2.6492 -0.4552 0.7539, -2.6532 -0.4552 0.7539, -2.6492 -0.4419 0.7523, -2.6532 -0.4419 0.7523, -2.6492 -0.433 0.7489, -2.6532 -0.433 0.7489, -2.6492 -0.4288 0.7463, -2.6532 -0.4288 0.7463, -2.6532 -0.4238 0.7418, -2.6492 -0.4257 0.7435, -2.6492 -0.4238 0.7418, -2.6492 -0.4207 0.7373, -2.6532 -0.4207 0.7373, -2.6492 -0.4187 0.7319, -2.6532 -0.4187 0.7319, -2.6492 -0.4181 0.726, -2.6532 -0.4181 0.726, -2.6492 -0.4188 0.7195, -2.6532 -0.4188 0.7195, -2.6492 -0.4207 0.7144, -2.6532 -0.4207 0.7144, -2.6492 -0.4228 0.7109, -2.6532 -0.4228 0.7109, -2.6492 -0.4434 0.6983, -2.6532 -0.4434 0.6983, -2.6532 -0.4334 0.7028, -2.6492 -0.4256 0.708, -2.6532 -0.4256 0.708, -2.6492 -0.4257 0.7079, -2.6492 -0.4334 0.7028, -2.6492 -0.4544 0.6937, -2.6532 -0.4544 0.6937, -2.6492 -0.4609 0.6897, -2.6532 -0.4609 0.6897, -2.6492 -0.463 0.6876, -2.6532 -0.463 0.6876, -2.6492 -0.4643 0.6854, -2.6532 -0.4643 0.6854, -2.6492 -0.465 0.6828, -2.6532 -0.465 0.6828, -2.6492 -0.4652 0.6807, -2.6532 -0.4652 0.6807, -2.6492 -0.4649 0.6775, -2.6532 -0.4649 0.6775, -2.6492 -0.464 0.6751, -2.6532 -0.464 0.6751, -2.6492 -0.4625 0.6729, -2.6532 -0.4625 0.6729, -2.6492 -0.4606 0.6712, -2.6532 -0.4606 0.6712, -2.6492 -0.4591 0.6703, -2.6532 -0.4591 0.6703, -2.6492 -0.4548 0.6687, -2.6532 -0.4548 0.6687, -2.6492 -0.4462 0.6678, -2.6532 -0.4462 0.6678, -2.6532 -0.5652 0.7517, -2.6532 -0.5825 0.7517, -2.6492 -0.5652 0.7517, -2.6492 -0.5825 0.7517, -2.6532 -0.5392 0.6799, -2.6492 -0.5392 0.6799, -2.6492 -0.5379 0.6755, -2.6532 -0.5379 0.6755, -2.6492 -0.5371 0.6722, -2.6532 -0.5371 0.6722, -2.6532 -0.5367 0.6722, -2.6492 -0.5367 0.6722, -2.6532 -0.5347 0.6801, -2.6492 -0.5347 0.6801, -2.6492 -0.5098 0.7517, -2.6532 -0.5098 0.7517, -2.6492 -0.5178 0.7285, -2.6532 -0.4911 0.7517, -2.6492 -0.4911 0.7517, -2.6492 -0.5284 0.6566, -2.6532 -0.5284 0.6566, -2.6492 -0.5178 0.6836, -2.6492 -0.5211 0.6393, -2.6532 -0.5211 0.6393, -2.6492 -0.5279 0.6553, -2.6492 -0.5178 0.6333, -2.6532 -0.5178 0.6332, -2.6492 -0.5178 0.6332, -2.6492 -0.5147 0.6297, -2.6532 -0.5147 0.6297, -2.6492 -0.5119 0.6278, -2.6532 -0.5119 0.6278, -2.6492 -0.5083 0.6263, -2.6532 -0.5083 0.6263, -2.6492 -0.504 0.6258, -2.6532 -0.504 0.6258, -2.6492 -0.4979 0.6266, -2.6532 -0.4979 0.6266, -2.6492 -0.4945 0.6277, -2.6532 -0.4945 0.6277, -2.6532 -0.4945 0.6129, -2.6492 -0.4945 0.6129, -2.6492 -0.5016 0.6116, -2.6532 -0.5016 0.6116, -2.6492 -0.5053 0.6115, -2.6532 -0.5053 0.6115, -2.6492 -0.512 0.6123, -2.6532 -0.512 0.6123, -2.6492 -0.5178 0.6145, -2.6532 -0.5186 0.6148, -2.6492 -0.5186 0.6148, -2.6492 -0.5245 0.6189, -2.6532 -0.5245 0.6189, -2.6492 -0.5256 0.6199, -2.6532 -0.5256 0.6199, -2.6492 -0.5317 0.6273, -2.6532 -0.5317 0.6273, -2.6492 -0.5393 0.642, -2.6532 -0.5393 0.642, -2.6492 -0.5445 0.6553, -2.6532 -0.6723 0.6716, -2.6532 -0.6723 0.6564, -2.6492 -0.6723 0.6716, -2.6492 -0.6723 0.6564, -2.6492 -0.6178 0.6716, -2.6532 -0.6178 0.6716, -2.6492 -0.6428 0.6716, -2.6532 -0.6178 0.7165, -2.6492 -0.6178 0.7165, -2.6492 -0.6655 0.7165, -2.6532 -0.6655 0.7165, -2.6492 -0.6428 0.7165, -2.6532 -0.6655 0.7318, -2.6492 -0.6655 0.7318, -2.6492 -0.6178 0.7318, -2.6532 -0.6178 0.7318, -2.6492 -0.6428 0.7318, -2.6532 -0.6178 0.7745, -2.6492 -0.6178 0.7745, -2.6492 -0.6693 0.7745, -2.6532 -0.6693 0.7745, -2.6492 -0.6428 0.7745, -2.6532 -0.6693 0.7898, -2.6492 -0.6693 0.7898, -2.6492 -0.6006 0.7898, -2.6532 -0.6006 0.7898, -2.6492 -0.6428 0.7898, -2.6532 -0.6006 0.6564, -2.6492 -0.6006 0.6564, -2.6492 -0.6428 0.6564, -2.6532 -0.7861 0.6751, -2.6532 -0.7723 0.6841, -2.6532 -0.7721 0.6651, -2.6532 -0.7637 0.6781, -2.6532 -0.7569 0.6591, -2.6532 -0.7527 0.6738, -2.6532 -0.7342 0.6564, -2.6532 -0.7341 0.6716, -2.6532 -0.6975 0.6564, -2.6532 -0.7148 0.6716, -2.6532 -0.6975 0.7898, -2.6532 -0.7148 0.7745, -2.6532 -0.7356 0.7898, -2.6532 -0.7349 0.7745, -2.6532 -0.7369 0.7745, -2.6532 -0.756 0.7876, -2.6532 -0.7538 0.7722, -2.6532 -0.7721 0.7817, -2.6532 -0.765 0.7677, -2.6532 -0.7861 0.7722, -2.6532 -0.7734 0.7619, -2.6532 -0.7908 0.7676, -2.6532 -0.7771 0.7583, -2.6532 -0.799 0.7559, -2.6532 -0.7823 0.7508, -2.6532 -0.804 0.7432, -2.6532 -0.7861 0.7411, -2.6532 -0.8062 0.7248, -2.6532 -0.7881 0.7243, -2.6532 -0.8058 0.7163, -2.6532 -0.7875 0.7147, -2.6532 -0.8026 0.7007, -2.6532 -0.7847 0.7028, -2.6532 -0.796 0.6869, -2.6532 -0.78 0.693, -2.6532 -0.7738 0.6855, -2.6492 -0.7342 0.6564, -2.6492 -0.6975 0.6564, -2.6492 -0.7569 0.6591, -2.6492 -0.7721 0.6651, -2.6492 -0.7861 0.6751, -2.6492 -0.796 0.6869, -2.6492 -0.8026 0.7007, -2.6492 -0.8058 0.7163, -2.6492 -0.8062 0.7248, -2.6492 -0.804 0.7432, -2.6492 -0.799 0.7559, -2.6492 -0.7908 0.7676, -2.6492 -0.7861 0.7722, -2.6492 -0.7721 0.7817, -2.6492 -0.756 0.7876, -2.6492 -0.7356 0.7898, -2.6492 -0.6975 0.7898, -2.6492 -0.7349 0.7745, -2.6492 -0.7148 0.7745, -2.6492 -0.7148 0.6716, -2.6492 -0.7341 0.6716, -2.6492 -0.7738 0.6855, -2.6492 -0.7723 0.6841, -2.6492 -0.7637 0.6781, -2.6492 -0.7527 0.6738, -2.6492 -0.7881 0.7243, -2.6492 -0.7875 0.7147, -2.6492 -0.7847 0.7028, -2.6492 -0.78 0.693, -2.6492 -0.7734 0.7619, -2.6492 -0.7771 0.7583, -2.6492 -0.7823 0.7508, -2.6492 -0.7861 0.7411, -2.6492 -0.7369 0.7745, -2.6492 -0.7538 0.7722, -2.6492 -0.765 0.7677
            ]
        }
        coordIndex [
            0,1,2,-1,3,4,5,-1,3,5,6,-1,6,5,7,-1,6,7,2,-1,2,7,8,-1,2,8,0,-1,9,1,10,-1,10,1,0,-1,9,10,11,-1,11,10,12,-1,13,14,15,-1,15,14,11,-1,15,11,16,-1,16,11,12,-1,14,13,17,-1,17,13,18,-1,18,19,17,-1,17,19,20,-1,17,20,21,-1,21,20,22,-1,21,22,23,-1,23,22,24,-1,23,24,25,-1,25,24,26,-1,25,26,27,-1,27,26,28,-1,27,28,29,-1,29,28,30,-1,29,30,31,-1,31,30,32,-1,31,32,33,-1,33,32,34,-1,33,34,35,-1,35,34,36,-1,35,36,37,-1,37,36,38,-1,37,38,39,-1,39,38,40,-1,39,40,41,-1,41,40,42,-1,41,42,43,-1,43,42,44,-1,43,44,45,-1,45,44,46,-1,45,46,47,-1,47,46,48,-1,47,48,49,-1,49,48,50,-1,49,50,51,-1,51,50,52,-1,51,52,53,-1,53,52,54,-1,53,54,55,-1,55,54,56,-1,55,56,57,-1,57,56,58,-1,57,58,59,-1,59,58,60,-1,59,60,61,-1,61,60,62,-1,61,62,63,-1,63,62,64,-1,63,64,65,-1,65,64,66,-1,65,66,67,-1,67,66,68,-1,67,68,69,-1,69,68,70,-1,69,70,71,-1,71,70,72,-1,71,72,73,-1,73,72,74,-1,73,74,75,-1,76,75,77,-1,77,75,74,-1,76,77,78,-1,76,78,79,-1,79,78,80,-1,79,80,81,-1,81,80,82,-1,81,82,83,-1,83,82,84,-1,83,84,85,-1,85,84,86,-1,85,86,87,-1,87,86,88,-1,88,86,89,-1,89,90,88,-1,88,90,91,-1,88,91,92,-1,92,91,93,-1,92,93,94,-1,94,93,95,-1,94,95,96,-1,96,95,97,-1,96,97,98,-1,98,97,99,-1,98,99,100,-1,100,99,101,-1,100,101,102,-1,103,104,105,-1,102,101,106,-1,102,106,107,-1,107,106,108,-1,107,108,105,-1,105,108,109,-1,105,109,103,-1,104,103,110,-1,104,110,111,-1,111,110,112,-1,111,112,113,-1,113,112,114,-1,113,114,115,-1,115,114,116,-1,115,116,117,-1,117,116,118,-1,117,118,119,-1,119,118,120,-1,119,120,121,-1,121,120,122,-1,121,122,123,-1,123,122,124,-1,123,124,125,-1,125,124,126,-1,125,126,127,-1,127,126,128,-1,127,128,129,-1,129,128,130,-1,129,130,131,-1,131,130,132,-1,131,132,133,-1,133,132,134,-1,133,134,135,-1,135,134,4,-1,135,4,3,-1,61,63,85,-1,85,63,83,-1,111,43,104,-1,104,43,45,-1,21,23,127,-1,127,23,25,-1,127,25,125,-1,125,25,27,-1,125,27,123,-1,123,27,29,-1,123,29,121,-1,121,29,31,-1,121,31,119,-1,119,31,33,-1,119,33,117,-1,117,33,35,-1,117,35,115,-1,115,35,37,-1,115,37,113,-1,113,37,39,-1,113,39,111,-1,111,39,41,-1,111,41,43,-1,14,3,11,-1,11,3,6,-1,11,6,9,-1,9,6,2,-1,9,2,1,-1,63,65,83,-1,83,65,67,-1,83,67,81,-1,81,67,69,-1,81,69,79,-1,79,69,71,-1,79,71,76,-1,76,71,73,-1,76,73,75,-1,127,129,21,-1,21,129,131,-1,21,131,17,-1,17,131,133,-1,17,133,14,-1,14,133,135,-1,14,135,3,-1,85,87,61,-1,61,87,88,-1,61,88,59,-1,59,88,92,-1,59,92,57,-1,57,92,94,-1,57,94,55,-1,55,94,96,-1,55,96,53,-1,53,96,98,-1,53,98,51,-1,51,98,100,-1,51,100,49,-1,49,100,102,-1,49,102,47,-1,47,102,107,-1,47,107,45,-1,45,107,105,-1,45,105,104,-1,136,137,138,-1,138,137,139,-1,140,136,141,-1,141,136,138,-1,140,141,142,-1,140,142,143,-1,143,142,144,-1,143,144,145,-1,146,145,147,-1,147,145,144,-1,148,146,149,-1,149,146,147,-1,150,151,152,-1,152,151,148,-1,152,148,149,-1,153,151,154,-1,154,151,150,-1,155,156,157,-1,157,156,153,-1,157,153,154,-1,158,159,160,-1,160,159,156,-1,160,156,155,-1,158,161,159,-1,159,161,162,-1,161,163,162,-1,162,163,164,-1,162,164,165,-1,165,164,166,-1,165,166,167,-1,167,166,168,-1,167,168,169,-1,169,168,170,-1,169,170,171,-1,171,170,172,-1,171,172,173,-1,173,172,174,-1,173,174,175,-1,176,175,177,-1,177,175,174,-1,176,177,178,-1,176,178,179,-1,179,178,180,-1,179,180,181,-1,181,180,182,-1,181,182,183,-1,183,182,184,-1,183,184,185,-1,184,186,185,-1,185,186,187,-1,185,187,188,-1,188,187,189,-1,188,189,190,-1,190,189,191,-1,190,191,192,-1,192,191,193,-1,192,193,194,-1,139,137,195,-1,195,137,194,-1,195,194,193,-1,143,145,194,-1,137,136,194,-1,194,136,140,-1,194,140,143,-1,151,153,148,-1,148,153,156,-1,148,156,146,-1,175,176,173,-1,173,176,179,-1,173,179,171,-1,171,179,181,-1,171,181,169,-1,169,181,183,-1,169,183,167,-1,167,183,185,-1,167,185,165,-1,145,146,194,-1,194,146,156,-1,194,156,192,-1,156,159,192,-1,192,159,162,-1,192,162,190,-1,190,162,165,-1,190,165,188,-1,188,165,185,-1,196,197,198,-1,198,197,199,-1,200,201,202,-1,202,201,196,-1,202,196,198,-1,203,201,204,-1,204,201,200,-1,205,206,207,-1,207,206,203,-1,207,203,204,-1,208,206,209,-1,209,206,205,-1,210,211,212,-1,212,211,208,-1,212,208,209,-1,213,211,214,-1,214,211,210,-1,215,216,217,-1,217,216,213,-1,217,213,214,-1,218,216,219,-1,219,216,215,-1,220,221,222,-1,222,221,218,-1,222,218,219,-1,223,221,224,-1,224,221,220,-1,199,197,225,-1,225,197,223,-1,225,223,224,-1,197,196,223,-1,223,196,201,-1,206,208,203,-1,203,208,211,-1,216,218,213,-1,213,218,221,-1,213,221,211,-1,211,221,223,-1,211,223,203,-1,203,223,201,-1,226,227,228,-1,228,227,229,-1,228,229,230,-1,230,229,231,-1,230,231,232,-1,232,231,233,-1,232,233,234,-1,234,233,235,-1,234,235,236,-1,236,235,237,-1,236,237,238,-1,237,239,238,-1,238,239,240,-1,238,240,241,-1,241,240,242,-1,241,242,243,-1,243,242,244,-1,243,244,245,-1,245,244,246,-1,245,246,247,-1,247,246,248,-1,247,248,249,-1,249,248,250,-1,249,250,251,-1,251,250,252,-1,251,252,253,-1,253,252,254,-1,253,254,255,-1,255,254,256,-1,255,256,257,-1,257,256,258,-1,257,258,259,-1,259,258,260,-1,259,260,226,-1,226,260,261,-1,226,261,227,-1,232,234,262,-1,262,234,263,-1,232,262,264,-1,232,264,230,-1,230,264,265,-1,230,265,228,-1,228,265,266,-1,228,266,226,-1,226,266,267,-1,226,267,259,-1,259,267,268,-1,259,268,257,-1,257,268,269,-1,257,269,255,-1,255,269,270,-1,255,270,253,-1,253,270,271,-1,253,271,251,-1,251,271,272,-1,251,272,249,-1,249,272,273,-1,249,273,247,-1,247,273,274,-1,247,274,245,-1,245,274,275,-1,245,275,243,-1,243,275,276,-1,243,276,241,-1,241,276,277,-1,241,277,238,-1,236,238,278,-1,278,238,277,-1,234,236,263,-1,263,236,278,-1,239,237,279,-1,279,237,280,-1,237,235,280,-1,280,235,281,-1,235,233,281,-1,281,233,282,-1,261,283,284,-1,261,284,227,-1,227,284,285,-1,227,285,229,-1,229,285,286,-1,229,286,231,-1,231,286,282,-1,231,282,233,-1,254,287,288,-1,254,288,256,-1,256,288,289,-1,256,289,258,-1,258,289,290,-1,258,290,260,-1,260,290,283,-1,260,283,261,-1,246,291,292,-1,246,292,248,-1,248,292,293,-1,248,293,250,-1,250,293,294,-1,250,294,252,-1,252,294,287,-1,252,287,254,-1,239,279,295,-1,239,295,240,-1,240,295,296,-1,240,296,242,-1,242,296,297,-1,242,297,244,-1,244,297,291,-1,244,291,246,-1,
        ]
    }
}
Shape{
    appearance Appearance {
        material  Material 	{
            diffuseColor 0.8235294117647058 0.8235294117647058 0.8235294117647058
            specularColor 0.4117647058823529 0.4117647058823529 0.4117647058823529
            ambientIntensity 0.8235
            transparency 0.0
            shininess 0.5
        }
    }
    geometry IndexedFaceSet {
        ccw TRUE
        solid FALSE
        coord DEF co Coordinate {
            point [
                -2.6492 -0.7148 0.7745, -2.6492 -0.7148 0.6716, -2.6492 -0.7349 0.7745, -2.6492 -0.7341 0.6716, -2.6492 -0.7369 0.7745, -2.6492 -0.7527 0.6738, -2.6492 -0.7637 0.6781, -2.6492 -0.7723 0.6841, -2.6492 -0.7738 0.6855, -2.6492 -0.78 0.693, -2.6492 -0.7881 0.7243, -2.6492 -0.7734 0.7619, -2.6492 -0.7875 0.7147, -2.6492 -0.765 0.7677, -2.6492 -0.7847 0.7028, -2.6492 -0.7538 0.7722, -2.6492 -0.7861 0.7411, -2.6492 -0.7823 0.7508, -2.6492 -0.7771 0.7583
            ]
        }
        coordIndex [
            0,1,2,-1,2,1,3,-1,2,3,4,-1,4,3,5,-1,4,5,6,-1,6,7,4,-1,4,7,8,-1,4,8,9,-1,10,11,12,-1,12,11,13,-1,9,14,4,-1,4,14,12,-1,4,12,15,-1,15,12,13,-1,16,17,10,-1,10,17,18,-1,10,18,11,-1,
        ]
    }
}
Shape{
    appearance Appearance {
        material  Material 	{
            diffuseColor 0.0 0.0 0.0
            specularColor 0.0 0.0 0.0
            ambientIntensity 0.0
            transparency 0.0
            shininess 0.5
        }
    }
    geometry IndexedFaceSet {
        ccw TRUE
        solid FALSE
        coord DEF co Coordinate {
            point [
                -2.6532 -0.8509 0.708, -2.6532 -0.8709 0.7634, -2.6532 -0.8644 0.7898, -2.6532 -0.8136 0.6564, -2.6532 -0.8326 0.6564, -2.6532 -0.8455 0.6929, -2.6532 -0.872 0.7674, -2.6532 -0.8731 0.7728, -2.6532 -0.8828 0.7898, -2.6532 -0.8735 0.7728, -2.6532 -0.8745 0.7671, -2.6532 -0.8755 0.7634, -2.6532 -0.8957 0.708, -2.6532 -0.9337 0.6564, -2.6532 -0.9146 0.6564, -2.6532 -0.901 0.6929, -2.6492 -0.8828 0.7898, -2.6492 -0.9337 0.6564, -2.6492 -0.8644 0.7898, -2.6492 -0.8136 0.6564, -2.6492 -0.8326 0.6564, -2.6492 -0.8455 0.6929, -2.6492 -0.901 0.6929, -2.6492 -0.9146 0.6564, -2.6492 -0.8509 0.708, -2.6492 -0.8957 0.708, -2.6492 -0.8755 0.7634, -2.6492 -0.8735 0.7728, -2.6492 -0.8745 0.7671, -2.6492 -0.8731 0.7728, -2.6492 -0.8709 0.7634, -2.6492 -0.872 0.7674
            ]
        }
        coordIndex [
            0,1,2,-1,3,4,5,-1,1,6,2,-1,2,6,7,-1,2,7,8,-1,8,7,9,-1,8,9,10,-1,10,11,8,-1,8,11,12,-1,8,12,13,-1,14,13,15,-1,15,13,12,-1,15,12,5,-1,5,12,0,-1,5,0,3,-1,3,0,2,-1,8,13,16,-1,16,13,17,-1,2,8,18,-1,18,8,16,-1,3,2,19,-1,19,2,18,-1,4,3,20,-1,20,3,19,-1,5,4,21,-1,21,4,20,-1,15,5,22,-1,22,5,21,-1,14,15,23,-1,23,15,22,-1,13,14,17,-1,17,14,23,-1,0,12,24,-1,24,12,25,-1,12,11,25,-1,25,11,26,-1,9,27,28,-1,9,28,10,-1,10,28,26,-1,10,26,11,-1,9,7,27,-1,27,7,29,-1,1,30,31,-1,1,31,6,-1,6,31,29,-1,6,29,7,-1,1,0,30,-1,30,0,24,-1,
        ]
    }
}
Shape{
    appearance Appearance {
        material  Material 	{
            diffuseColor 0.8235294117647058 0.8235294117647058 0.8235294117647058
            specularColor 0.4117647058823529 0.4117647058823529 0.4117647058823529
            ambientIntensity 0.8235
            transparency 0.0
            shininess 0.5
        }
    }
    geometry IndexedFaceSet {
        ccw TRUE
        solid FALSE
        coord DEF co Coordinate {
            point [
                -2.6492 -0.8735 0.7728, -2.6492 -0.8731 0.7728, -2.6492 -0.8745 0.7671, -2.6492 -0.872 0.7674, -2.6492 -0.8755 0.7634, -2.6492 -0.8709 0.7634, -2.6492 -0.8957 0.708, -2.6492 -0.8509 0.708
            ]
        }
        coordIndex [
            0,1,2,-1,2,1,3,-1,2,3,4,-1,4,3,5,-1,4,5,6,-1,6,5,7,-1,
        ]
    }
}
Shape{
    appearance Appearance {
        material  Material 	{
            diffuseColor 0.0 0.0 0.0
            specularColor 0.0 0.0 0.0
            ambientIntensity 0.0
            transparency 0.0
            shininess 0.5
        }
    }
    geometry IndexedFaceSet {
        ccw TRUE
        solid FALSE
        coord DEF co Coordinate {
            point [
                -2.6532 0.3584 0.6375, -2.6532 0.3443 0.6201, -2.6532 0.3669 0.7214, -2.6532 0.3834 0.8863, -2.6532 0.3622 0.8975, -2.6532 0.3667 0.956, -2.6532 0.3081 0.9586, -2.6532 0.2787 0.8893, -2.6532 0.2642 0.9193, -2.6532 0.1829 0.6882, -2.6532 0.1829 0.6977, -2.6532 0.2631 0.7207, -2.6532 0.272 0.7236, -2.6532 0.3876 0.7341, -2.6532 0.3809 0.6618, -2.6532 0.3679 0.6578, -2.6532 0.3299 0.9605, -2.6532 0.2489 0.7092, -2.6532 0.2446 0.7015, -2.6532 0.1834 0.6784, -2.6532 0.05 0.7679, -2.6532 0.0795 0.8182, -2.6532 0.2066 0.7518, -2.6532 0.2787 0.7242, -2.6532 0.2874 0.7232, -2.6532 0.3004 0.7812, -2.6532 0.2957 0.7201, -2.6532 0.3214 0.7732, -2.6532 0.3032 0.7149, -2.6532 0.3408 0.7597, -2.6532 0.3086 0.7091, -2.6532 0.3564 0.7418, -2.6532 0.3131 0.7009, -2.6532 0.3154 0.6918, -2.6532 0.2433 0.7776, -2.6532 0.2662 0.7833, -2.6532 0.2778 0.784, -2.6532 0.2553 0.7158, -2.6532 0.303 0.6593, -2.6532 0.2953 0.6542, -2.6532 0.3257 0.6061, -2.6532 0.2865 0.6511, -2.6532 0.0187 0.8618, -2.6532 0.0111 0.8618, -2.6532 -0.0278 0.913, -2.6532 -0.0069 0.8596, -2.6532 -0.0325 0.9115, -2.6532 -0.0235 0.8532, -2.6532 -0.0607 0.8974, -2.6532 -0.0864 0.8757, -2.6532 0.2887 0.9812, -2.6532 0.2429 0.9448, -2.6532 0.2664 1.0003, -2.6532 0.2175 0.9634, -2.6532 0.238 1.0174, -2.6532 0.3388 0.9031, -2.6532 0.329 0.9036, -2.6532 0.319 0.9599, -2.6532 0.3068 0.9008, -2.6532 0.2855 0.8931, -2.6532 0.2232 0.7668, -2.6532 -0.0866 0.6986, -2.6532 -0.0423 0.7362, -2.6532 -0.0608 0.6768, -2.6532 -0.0283 0.7248, -2.6532 -0.0318 0.6626, -2.6532 -0.0115 0.7171, -2.6532 -0.0002 0.6559, -2.6532 0.0055 0.7138, -2.6532 0.0557 0.6559, -2.6532 0.0481 0.7138, -2.6532 0.0611 0.6568, -2.6532 0.3091 0.6661, -2.6532 0.3132 0.6739, -2.6532 0.3154 0.6826, -2.6532 -0.0382 0.8429, -2.6532 -0.0491 0.8307, -2.6532 -0.1058 0.8487, -2.6532 -0.058 0.8143, -2.6532 -0.1174 0.8197, -2.6532 -0.0624 0.7961, -2.6532 -0.1217 0.7888, -2.6532 -0.0629 0.7878, -2.6532 -0.1173 0.7549, -2.6532 -0.0606 0.7693, -2.6532 -0.1054 0.7248, -2.6532 -0.054 0.7524, -2.6532 -0.0436 0.7376, -2.6532 0.0235 0.988, -2.6532 0.0605 0.9443, -2.6532 -0.0102 0.9483, -2.6532 0.0392 0.9188, -2.6532 0.0245 0.8882, -2.6532 0.4211 0.8316, -2.6532 0.4834 0.8163, -2.6532 0.4239 0.8087, -2.6532 0.4837 0.8068, -2.6532 0.4228 0.7941, -2.6532 0.4792 0.7702, -2.6532 0.416 0.7709, -2.6532 0.4657 0.7348, -2.6532 0.4046 0.7516, -2.6532 0.4438 0.7034, -2.6532 0.4151 0.6787, -2.6532 0.1938 1.0329, -2.6532 0.1865 0.9759, -2.6532 0.1525 1.0373, -2.6532 0.1516 0.9804, -2.6532 0.106 1.0315, -2.6532 0.1194 0.9765, -2.6532 0.0591 1.0129, -2.6532 0.0897 0.9651, -2.6532 0.063 0.9466, -2.6532 0.4019 0.9425, -2.6532 0.4322 0.9214, -2.6532 0.3998 0.8717, -2.6532 0.4391 0.9149, -2.6532 0.4129 0.8528, -2.6532 0.4617 0.886, -2.6532 0.4769 0.8519, -2.6532 0.0529 0.7147, -2.6532 0.0757 0.6659, -2.6532 0.0735 0.6636, -2.6532 0.2421 0.6929, -2.6532 0.2419 0.6837, -2.6532 0.1889 0.6549, -2.6532 0.244 0.6745, -2.6532 0.2001 0.6338, -2.6532 0.2482 0.6663, -2.6532 0.2147 0.6174, -2.6532 0.2543 0.6594, -2.6532 0.2336 0.6042, -2.6532 0.2616 0.6544, -2.6532 0.2548 0.5961, -2.6532 0.2699 0.6513, -2.6532 0.2778 0.5933, -2.6532 0.2787 0.6502, -2.6532 0.2814 0.5934, -2.6532 0.3038 0.5969, -2.6532 0.0501 0.714, -2.6532 0.0674 0.6593, -2.6532 0.0833 0.6853, -2.6532 0.0824 0.6783, -2.6532 0.0799 0.6718, -2.6532 0.0612 0.7138, -2.6532 0.0677 0.7112, -2.6532 0.083 0.6891, -2.6532 0.0735 0.7071, -2.6532 0.0775 0.7028, -2.6532 0.0811 0.6963, -2.6532 0.0538 0.7147, -2.6492 -0.1217 0.7888, -2.6492 -0.1174 0.8197, -2.6492 -0.1141 0.8278, -2.6492 -0.1058 0.8487, -2.6492 -0.0864 0.8757, -2.6492 -0.0607 0.8974, -2.6492 -0.0325 0.9115, -2.6492 -0.0278 0.913, -2.6492 -0.0102 0.9483, -2.6492 0.0235 0.988, -2.6492 0.0444 1.0027, -2.6492 0.0591 1.0129, -2.6492 0.106 1.0315, -2.6492 0.1525 1.0373, -2.6492 0.1938 1.0329, -2.6492 0.238 1.0174, -2.6492 0.2625 1.0027, -2.6492 0.2664 1.0003, -2.6492 0.2887 0.9812, -2.6492 0.3081 0.9586, -2.6492 0.319 0.9599, -2.6492 0.3299 0.9605, -2.6492 0.3667 0.956, -2.6492 0.4019 0.9425, -2.6492 0.4322 0.9214, -2.6492 0.4391 0.9149, -2.6492 0.4769 0.8519, -2.6492 0.4617 0.886, -2.6492 0.4813 0.8278, -2.6492 0.4834 0.8163, -2.6492 0.4837 0.8068, -2.6492 0.4792 0.7702, -2.6492 0.4657 0.7348, -2.6492 0.4438 0.7034, -2.6492 0.4151 0.6787, -2.6492 0.3809 0.6618, -2.6492 0.3679 0.6578, -2.6492 0.3667 0.6553, -2.6492 0.3584 0.6375, -2.6492 0.3443 0.6201, -2.6492 0.3257 0.6061, -2.6492 0.317 0.6024, -2.6492 0.3038 0.5969, -2.6492 0.2814 0.5934, -2.6492 0.2778 0.5933, -2.6492 0.1829 0.6882, -2.6492 0.2548 0.5961, -2.6492 0.2385 0.6024, -2.6492 0.2336 0.6042, -2.6492 0.2147 0.6174, -2.6492 0.2001 0.6338, -2.6492 0.1889 0.6549, -2.6492 0.1888 0.6553, -2.6492 0.1834 0.6784, -2.6492 0.1829 0.6977, -2.6492 0.05 0.7679, -2.6492 0.0795 0.8182, -2.6492 0.2066 0.7518, -2.6492 0.2232 0.7668, -2.6492 0.2433 0.7776, -2.6492 0.2662 0.7833, -2.6492 0.2778 0.784, -2.6492 0.3004 0.7812, -2.6492 0.3214 0.7732, -2.6492 0.3408 0.7597, -2.6492 0.3564 0.7418, -2.6492 0.3669 0.7214, -2.6492 0.3876 0.7341, -2.6492 0.4046 0.7516, -2.6492 0.416 0.7709, -2.6492 0.4228 0.7941, -2.6492 0.4239 0.8087, -2.6492 0.4215 0.8278, -2.6492 0.4211 0.8316, -2.6492 0.4129 0.8528, -2.6492 0.3998 0.8717, -2.6492 0.3834 0.8863, -2.6492 0.3622 0.8975, -2.6492 0.3388 0.9031, -2.6492 0.329 0.9036, -2.6492 0.3068 0.9008, -2.6492 0.2855 0.8931, -2.6492 0.2787 0.8893, -2.6492 0.2642 0.9193, -2.6492 0.2429 0.9448, -2.6492 0.2175 0.9634, -2.6492 0.1865 0.9759, -2.6492 0.1516 0.9804, -2.6492 0.1194 0.9765, -2.6492 0.0897 0.9651, -2.6492 0.063 0.9466, -2.6492 0.0605 0.9443, -2.6492 0.0392 0.9188, -2.6492 0.0245 0.8882, -2.6492 0.0187 0.8618, -2.6492 0.0111 0.8618, -2.6492 -0.0069 0.8596, -2.6492 -0.0235 0.8532, -2.6492 -0.0382 0.8429, -2.6492 -0.0491 0.8307, -2.6492 -0.0507 0.8278, -2.6492 -0.058 0.8143, -2.6492 -0.0624 0.7961, -2.6492 -0.0629 0.7878, -2.6492 -0.0606 0.7693, -2.6492 -0.054 0.7524, -2.6492 -0.0436 0.7376, -2.6492 -0.0423 0.7362, -2.6492 -0.0283 0.7248, -2.6492 -0.0115 0.7171, -2.6492 0.0055 0.7138, -2.6492 0.0481 0.7138, -2.6492 0.0501 0.714, -2.6492 0.0529 0.7147, -2.6492 0.0538 0.7147, -2.6492 0.0612 0.7138, -2.6492 0.0677 0.7112, -2.6492 0.0735 0.7071, -2.6492 0.0775 0.7028, -2.6492 0.0811 0.6963, -2.6492 0.083 0.6891, -2.6492 0.0833 0.6853, -2.6492 0.0824 0.6783, -2.6492 0.0799 0.6718, -2.6492 0.0757 0.6659, -2.6492 0.0735 0.6636, -2.6492 0.0674 0.6593, -2.6492 0.0611 0.6568, -2.6492 0.0557 0.6559, -2.6492 -0.0002 0.6559, -2.6492 -0.0318 0.6626, -2.6492 -0.0608 0.6768, -2.6492 -0.0866 0.6986, -2.6492 -0.1054 0.7248, -2.6492 -0.1173 0.7549, -2.6492 0.2787 0.7242, -2.6492 0.272 0.7236, -2.6492 0.2631 0.7207, -2.6492 0.2553 0.7158, -2.6492 0.2489 0.7092, -2.6492 0.2446 0.7015, -2.6492 0.2421 0.6929, -2.6492 0.2419 0.6837, -2.6492 0.244 0.6745, -2.6492 0.2482 0.6663, -2.6492 0.2543 0.6594, -2.6492 0.2616 0.6544, -2.6492 0.2699 0.6513, -2.6492 0.2787 0.6502, -2.6492 0.2865 0.6511, -2.6492 0.2953 0.6542, -2.6492 0.303 0.6593, -2.6492 0.3091 0.6661, -2.6492 0.3132 0.6739, -2.6492 0.3154 0.6826, -2.6492 0.3154 0.6918, -2.6492 0.3131 0.7009, -2.6492 0.3086 0.7091, -2.6492 0.3032 0.7149, -2.6492 0.2957 0.7201, -2.6492 0.2874 0.7232
            ]
        }
        coordIndex [
            0,1,2,-1,3,4,5,-1,6,7,8,-1,9,10,11,-1,11,10,12,-1,13,14,2,-1,2,14,15,-1,2,15,0,-1,5,4,16,-1,17,18,19,-1,20,21,10,-1,10,21,22,-1,10,22,12,-1,12,22,23,-1,24,25,26,-1,26,25,27,-1,26,27,28,-1,28,27,29,-1,28,29,30,-1,30,29,31,-1,30,31,32,-1,32,31,2,-1,32,2,33,-1,34,35,24,-1,24,35,36,-1,24,36,25,-1,9,11,19,-1,19,11,37,-1,19,37,17,-1,38,1,39,-1,39,1,40,-1,39,40,41,-1,42,43,44,-1,44,43,45,-1,44,45,46,-1,46,45,47,-1,46,47,48,-1,48,47,49,-1,6,8,50,-1,50,8,51,-1,50,51,52,-1,52,51,53,-1,52,53,54,-1,4,55,16,-1,16,55,56,-1,16,56,57,-1,57,56,58,-1,57,58,6,-1,6,58,59,-1,6,59,7,-1,23,22,24,-1,24,22,60,-1,24,60,34,-1,61,62,63,-1,63,62,64,-1,63,64,65,-1,65,64,66,-1,65,66,67,-1,67,66,68,-1,67,68,69,-1,69,68,70,-1,69,70,71,-1,38,72,1,-1,1,72,73,-1,1,73,2,-1,2,73,74,-1,2,74,33,-1,47,75,49,-1,49,75,76,-1,49,76,77,-1,77,76,78,-1,77,78,79,-1,79,78,80,-1,79,80,81,-1,81,80,82,-1,81,82,83,-1,83,82,84,-1,83,84,85,-1,85,84,86,-1,85,86,61,-1,61,86,87,-1,61,87,62,-1,88,89,90,-1,90,89,91,-1,90,91,44,-1,44,91,92,-1,44,92,42,-1,93,94,95,-1,95,94,96,-1,95,96,97,-1,97,96,98,-1,97,98,99,-1,99,98,100,-1,99,100,101,-1,101,100,102,-1,101,102,13,-1,13,102,103,-1,13,103,14,-1,54,53,104,-1,104,53,105,-1,104,105,106,-1,106,105,107,-1,106,107,108,-1,108,107,109,-1,108,109,110,-1,110,109,111,-1,110,111,88,-1,88,111,112,-1,88,112,89,-1,5,113,3,-1,3,113,114,-1,3,114,115,-1,115,114,116,-1,115,116,117,-1,117,116,118,-1,117,118,93,-1,93,118,119,-1,93,119,94,-1,120,121,122,-1,18,123,19,-1,19,123,124,-1,19,124,125,-1,125,124,126,-1,125,126,127,-1,127,126,128,-1,127,128,129,-1,129,128,130,-1,129,130,131,-1,131,130,132,-1,131,132,133,-1,133,132,134,-1,133,134,135,-1,135,134,136,-1,135,136,137,-1,137,136,41,-1,137,41,138,-1,138,41,40,-1,70,139,71,-1,71,139,120,-1,71,120,140,-1,140,120,122,-1,141,142,120,-1,120,142,143,-1,120,143,121,-1,144,145,146,-1,145,147,146,-1,146,147,148,-1,146,148,149,-1,141,120,146,-1,146,120,150,-1,146,150,144,-1,81,151,152,-1,81,152,79,-1,79,152,153,-1,79,153,77,-1,153,154,77,-1,77,154,155,-1,77,155,49,-1,49,155,156,-1,49,156,48,-1,48,156,157,-1,48,157,46,-1,46,157,158,-1,46,158,44,-1,44,158,159,-1,44,159,90,-1,90,159,160,-1,90,160,88,-1,110,88,161,-1,161,88,160,-1,161,162,110,-1,110,162,163,-1,110,163,108,-1,108,163,164,-1,108,164,106,-1,106,164,165,-1,106,165,104,-1,104,165,166,-1,104,166,54,-1,54,166,52,-1,52,166,167,-1,52,167,168,-1,52,168,169,-1,52,169,50,-1,50,169,170,-1,50,170,6,-1,6,170,171,-1,6,171,57,-1,57,171,172,-1,57,172,16,-1,16,172,173,-1,16,173,5,-1,5,173,174,-1,5,174,113,-1,113,174,175,-1,113,175,114,-1,114,175,176,-1,114,176,116,-1,177,118,178,-1,178,118,116,-1,178,116,176,-1,179,94,177,-1,177,94,119,-1,177,119,118,-1,179,180,94,-1,94,180,181,-1,94,181,96,-1,96,181,182,-1,96,182,98,-1,98,182,183,-1,98,183,100,-1,100,183,184,-1,100,184,102,-1,102,184,185,-1,102,185,103,-1,103,185,186,-1,103,186,14,-1,14,186,187,-1,14,187,15,-1,15,187,188,-1,15,188,0,-1,188,189,0,-1,0,189,190,-1,0,190,1,-1,1,190,191,-1,1,191,40,-1,40,191,192,-1,40,192,138,-1,192,193,138,-1,138,193,194,-1,138,194,137,-1,137,194,195,-1,137,195,135,-1,196,9,19,-1,135,195,197,-1,198,131,197,-1,197,131,133,-1,197,133,135,-1,198,199,131,-1,131,199,200,-1,131,200,129,-1,129,200,201,-1,129,201,127,-1,127,201,202,-1,127,202,125,-1,125,202,203,-1,125,203,19,-1,19,203,204,-1,19,204,196,-1,10,9,205,-1,205,9,196,-1,20,10,206,-1,206,10,205,-1,21,20,207,-1,207,20,206,-1,22,21,208,-1,208,21,207,-1,22,208,209,-1,22,209,60,-1,60,209,210,-1,60,210,34,-1,34,210,211,-1,34,211,35,-1,35,211,212,-1,35,212,36,-1,36,212,213,-1,36,213,25,-1,25,213,214,-1,25,214,27,-1,27,214,215,-1,27,215,29,-1,29,215,216,-1,29,216,31,-1,31,216,217,-1,31,217,2,-1,2,217,218,-1,2,218,13,-1,13,218,219,-1,13,219,101,-1,101,219,220,-1,101,220,99,-1,99,220,221,-1,99,221,97,-1,97,221,222,-1,97,222,95,-1,95,222,93,-1,93,222,223,-1,223,224,93,-1,93,224,225,-1,93,225,117,-1,117,225,226,-1,117,226,115,-1,115,226,227,-1,115,227,3,-1,3,227,228,-1,3,228,4,-1,4,228,229,-1,4,229,55,-1,55,229,230,-1,55,230,56,-1,56,230,231,-1,56,231,58,-1,58,231,232,-1,58,232,59,-1,59,232,233,-1,59,233,7,-1,7,233,234,-1,7,234,8,-1,8,234,235,-1,8,235,51,-1,51,235,236,-1,51,236,53,-1,53,236,237,-1,53,237,105,-1,105,237,238,-1,105,238,107,-1,107,238,239,-1,107,239,109,-1,109,239,240,-1,109,240,111,-1,111,240,241,-1,111,241,112,-1,112,241,242,-1,112,242,89,-1,89,242,243,-1,89,243,91,-1,91,243,244,-1,91,244,92,-1,92,244,245,-1,92,245,42,-1,43,42,246,-1,246,42,245,-1,43,246,247,-1,43,247,45,-1,45,247,248,-1,45,248,47,-1,47,248,249,-1,47,249,75,-1,75,249,250,-1,75,250,76,-1,76,250,251,-1,76,251,78,-1,251,252,78,-1,78,252,253,-1,78,253,80,-1,80,253,254,-1,80,254,82,-1,82,254,255,-1,82,255,84,-1,84,255,256,-1,84,256,86,-1,86,256,257,-1,86,257,87,-1,87,257,258,-1,87,258,62,-1,62,258,259,-1,62,259,64,-1,64,259,260,-1,64,260,66,-1,66,260,261,-1,66,261,68,-1,70,68,262,-1,262,68,261,-1,70,262,263,-1,70,263,139,-1,139,263,264,-1,139,264,120,-1,120,264,265,-1,120,265,150,-1,150,265,266,-1,150,266,144,-1,144,266,267,-1,144,267,145,-1,145,267,268,-1,145,268,147,-1,147,268,269,-1,147,269,148,-1,148,269,270,-1,148,270,149,-1,149,270,271,-1,149,271,146,-1,146,271,272,-1,146,272,141,-1,141,272,273,-1,141,273,142,-1,142,273,274,-1,142,274,143,-1,143,274,275,-1,143,275,121,-1,121,275,276,-1,121,276,122,-1,122,276,277,-1,122,277,140,-1,140,277,278,-1,140,278,71,-1,71,278,279,-1,71,279,69,-1,67,69,280,-1,280,69,279,-1,67,280,281,-1,67,281,65,-1,65,281,282,-1,65,282,63,-1,63,282,283,-1,63,283,61,-1,61,283,284,-1,61,284,85,-1,85,284,285,-1,85,285,83,-1,83,285,151,-1,83,151,81,-1,23,286,287,-1,23,287,12,-1,12,287,288,-1,12,288,11,-1,11,288,289,-1,11,289,37,-1,37,289,290,-1,37,290,17,-1,17,290,291,-1,17,291,18,-1,18,291,292,-1,18,292,123,-1,123,292,293,-1,123,293,124,-1,124,293,294,-1,124,294,126,-1,126,294,295,-1,126,295,128,-1,128,295,296,-1,128,296,130,-1,130,296,297,-1,130,297,132,-1,132,297,298,-1,132,298,134,-1,134,298,299,-1,134,299,136,-1,136,299,300,-1,136,300,41,-1,41,300,301,-1,41,301,39,-1,39,301,302,-1,39,302,38,-1,38,302,303,-1,38,303,72,-1,72,303,304,-1,72,304,73,-1,73,304,305,-1,73,305,74,-1,74,305,306,-1,74,306,33,-1,33,306,307,-1,33,307,32,-1,32,307,308,-1,32,308,30,-1,30,308,309,-1,30,309,28,-1,28,309,310,-1,28,310,26,-1,26,310,311,-1,26,311,24,-1,24,311,286,-1,24,286,23,-1,
        ]
    }
}
Shape{
    appearance Appearance {
        material  Material 	{
            diffuseColor 0.8235294117647058 0.8235294117647058 0.8235294117647058
            specularColor 0.4117647058823529 0.4117647058823529 0.4117647058823529
            ambientIntensity 0.8235
            transparency 0.0
            shininess 0.5
        }
    }
    geometry IndexedFaceSet {
        ccw TRUE
        solid FALSE
        coord DEF co Coordinate {
            point [
                -2.6492 0.2699 0.6513, -2.6492 0.272 0.7236, -2.6492 0.2787 0.6502, -2.6492 0.2787 0.7242, -2.6492 0.2874 0.7232, -2.6492 0.2957 0.7201, -2.6492 0.3032 0.7149, -2.6492 0.3086 0.7091, -2.6492 0.3132 0.6739, -2.6492 0.3091 0.6661, -2.6492 0.303 0.6593, -2.6492 0.2543 0.6594, -2.6492 0.2489 0.7092, -2.6492 0.2553 0.7158, -2.6492 0.2953 0.6542, -2.6492 0.2865 0.6511, -2.6492 0.2616 0.6544, -2.6492 0.2631 0.7207, -2.6492 0.3131 0.7009, -2.6492 0.3154 0.6918, -2.6492 0.3154 0.6826, -2.6492 0.244 0.6745, -2.6492 0.2419 0.6837, -2.6492 0.2482 0.6663, -2.6492 0.2421 0.6929, -2.6492 0.2446 0.7015
            ]
        }
        coordIndex [
            0,1,2,-1,2,1,3,-1,2,3,4,-1,4,5,2,-1,2,5,6,-1,2,6,7,-1,8,9,7,-1,7,9,10,-1,11,12,13,-1,10,14,7,-1,7,14,15,-1,7,15,2,-1,0,16,1,-1,1,16,11,-1,1,11,17,-1,17,11,13,-1,18,19,7,-1,7,19,20,-1,7,20,8,-1,21,22,23,-1,23,22,24,-1,23,24,11,-1,11,24,25,-1,11,25,12,-1,
        ]
    }
}