#VRML V2.0 utf8
# 3D model generated by easyeda2kicad.py (https://github.com/uPesy/easyeda2kicad.py)

Shape{
    appearance Appearance {
        material  Material 	{
            diffuseColor 0.8235294117647058 0.8235294117647058 0.8235294117647058
            specularColor 0.4117647058823529 0.4117647058823529 0.4117647058823529
            ambientIntensity 0.8235
            transparency 0.0
            shininess 0.5
        }
    }
    geometry IndexedFaceSet {
        ccw TRUE
        solid FALSE
        coord DEF co Coordinate {
            point [
                -1.4787 0.108 5.4724, -1.6325 -0.0998 5.4724, -1.4787 -0.0998 5.4724, -1.4787 1.1812 4.394, -2.6598 1.1812 4.394, -1.4787 0.8828 4.394, -2.6598 0.8828 4.394, -2.6598 -0.3313 4.394, -1.4787 -0.3313 4.394, -2.6598 -0.2287 4.394, -1.4787 -0.2287 4.394, -1.4787 0.8828 4.6063, -1.4787 1.4051 4.6063, -1.4787 -0.2287 4.6063, -1.4787 -0.3313 4.6063, -2.6598 1.4051 4.6063, -2.6598 0.8828 4.6063, -2.6598 -0.3313 4.6063, -2.6598 -0.2287 4.6063, -1.7937 -0.8421 4.6063, -1.7937 -1.039 4.6063, -1.3803 -1.039 4.6063, -1.3803 -0.1476 4.6063, -1.3803 1.5038 4.6063, -1.8254 -0.724 4.6063, -1.8018 -0.781 4.6063, -2.7583 -0.1476 4.6063, -2.7583 1.5038 4.6063, -2.3449 -0.8421 4.6063, -2.3368 -0.781 4.6063, -2.3449 -1.039 4.6063, -2.7583 -1.039 4.6063, -2.3132 -0.724 4.6063, -2.2757 -0.6751 4.6063, -2.2268 -0.6375 4.6063, -1.9688 -0.6139 4.6063, -1.9118 -0.6375 4.6063, -1.8629 -0.6751 4.6063, -2.1698 -0.6139 4.6063, -2.1087 -0.6059 4.6063, -2.0299 -0.6059 4.6063, -2.7583 1.9039 3.7757, -1.3803 1.9039 3.7757, -2.7583 1.9039 2.6331, -1.3803 1.9039 2.6331, -2.7583 1.9039 2.2965, -1.3803 1.9039 2.2965, -2.7583 1.832 2.2246, -1.3803 1.832 2.2246, -2.7583 1.832 1.6716, -1.3803 1.832 1.6716, -2.7583 1.9039 1.5996, -1.3803 1.9039 1.5996, -2.7583 1.9039 0.0394, -1.3803 1.9039 0.0394, -2.7583 1.5038 0.0394, -1.3803 1.5038 0.0394, -2.7583 1.5038 0.1705, -1.3803 1.5038 0.1705, -2.7583 -0.1476 0.1705, -1.3803 -0.1476 0.1705, -2.7583 -2.5292 0.1705, -1.3803 -2.5292 0.1705, -2.7583 -2.5292 0.0394, -1.3803 -2.5292 0.0394, -2.7583 -2.8598 0.0394, -1.3803 -2.8598 0.0394, -1.3803 -2.8598 2.7854, -2.7583 -2.8598 2.7854, -1.3803 -2.8598 2.6331, -2.7583 -2.8598 2.6331, -2.0934 -1.7239 3.9214, -2.0204 -1.7216 3.9237, -1.7927 -1.6111 4.0342, -1.8682 -1.6694 3.9759, -1.9458 -1.7047 3.9405, -2.1672 -1.7122 3.933, -2.2438 -1.6838 3.9614, -2.3228 -1.6321 4.0131, -2.4357 -1.1868 4.4585, -2.3893 -1.1016 4.5437, -1.7988 -1.0393 4.606, -1.8037 -1.0403 4.605, -1.7679 -1.0776 4.5676, -2.4599 -1.2813 4.3639, -2.3349 -1.0403 4.605, -2.3398 -1.0393 4.606, -1.7147 -1.1598 4.4854, -1.6834 -1.2528 4.3925, -2.3891 -1.5605 4.0848, -2.4359 -1.4744 4.1709, -2.46 -1.3793 4.2659, -1.6761 -1.3505 4.2947, -1.693 -1.4468 4.1984, -1.7329 -1.5355 4.1098, -2.7583 -2.3752 3.0439, -2.7583 -2.3985 2.9876, -2.7583 -2.4065 2.9271, -2.7583 -2.3985 2.8667, -2.7583 -2.3752 2.8103, -2.7583 -2.338 2.762, -2.7583 -2.2897 2.7248, -2.7583 -2.0561 2.7248, -2.7583 -2.0077 2.762, -2.7583 -0.1476 2.6331, -2.7583 -1.9706 2.8103, -2.7583 -1.9472 2.8667, -2.7583 -2.2333 2.7015, -2.7583 -2.1729 2.6935, -2.7583 -2.1124 2.7015, -2.7583 -2.0077 3.0923, -2.7583 -2.0561 3.1294, -2.7583 -2.1124 3.1528, -2.7583 -2.338 3.0923, -2.7583 -2.2897 3.1294, -2.7583 -1.9393 2.9271, -2.7583 -1.9472 2.9876, -2.7583 -1.9706 3.0439, -2.7583 -2.1729 3.1607, -2.7583 -2.2333 3.1528, -2.7583 -1.5218 1.4031, -2.7583 -1.4617 1.4491, -2.7583 -2.4659 0.8866, -2.7583 -2.5174 0.8652, -2.7583 -2.5617 0.8313, -2.7583 -2.5956 0.787, -2.7583 -2.2595 0.5291, -2.7583 -2.2255 0.5734, -2.7583 -2.617 0.7355, -2.7583 -2.6243 0.6802, -2.7583 -2.617 0.6249, -2.7583 -2.5956 0.5734, -2.7583 -2.2595 0.8313, -2.7583 -1.9566 1.6541, -2.7583 -2.2255 0.787, -2.7583 -1.9467 1.5791, -2.7583 -2.2042 0.7355, -2.7583 -2.1969 0.6802, -2.7583 -2.3038 0.8652, -2.7583 -2.3553 0.8866, -2.7583 -2.4106 0.8939, -2.7583 -2.5617 0.5291, -2.7583 -2.5174 0.4952, -2.7583 -2.4659 0.4738, -2.7583 -2.2042 0.6249, -2.7583 -1.9178 1.5092, -2.7583 -1.8717 1.4491, -2.7583 -1.3867 1.7292, -2.7583 -1.4157 1.7991, -2.7583 -1.4617 1.8591, -2.7583 -2.4106 0.4665, -2.7583 -2.3553 0.4738, -2.7583 -2.3038 0.4952, -2.7583 -1.8117 1.4031, -2.7583 -1.7417 1.3741, -2.7583 -1.6667 1.3642, -2.7583 -1.5917 1.3741, -2.7583 -1.4157 1.5092, -2.7583 -1.3867 1.5791, -2.7583 -1.3768 1.6541, -2.7583 -1.5218 1.9052, -2.7583 -1.5917 1.9341, -2.7583 -1.6667 1.944, -2.7583 -1.7417 1.9341, -2.7583 -1.8117 1.9052, -2.7583 -1.8717 1.8591, -2.7583 -1.9178 1.7991, -2.7583 -1.9467 1.7292, -2.7583 1.5117 2.5012, -2.7583 1.4612 2.5399, -2.7583 1.4612 2.118, -2.7583 1.5117 2.1567, -2.7583 1.5504 2.2072, -2.7583 1.5747 2.2659, -2.7583 1.583 2.329, -2.7583 1.5747 2.392, -2.7583 1.5504 2.4508, -2.7583 1.2177 2.5399, -2.7583 1.1672 2.5012, -2.7583 1.1285 2.4508, -2.7583 1.1042 2.392, -2.7583 1.4025 2.5643, -2.7583 1.3394 2.5726, -2.7583 1.2764 2.5643, -2.7583 1.1672 2.1567, -2.7583 1.2177 2.118, -2.7583 1.0959 2.329, -2.7583 1.1042 2.2659, -2.7583 1.1285 2.2072, -2.7583 1.2764 2.0937, -2.7583 1.3394 2.0854, -2.7583 1.4025 2.0937, -2.7583 1.1572 3.251, -2.7583 1.1162 3.3044, -2.7583 1.0904 3.3666, -2.7583 1.4062 3.6823, -2.7583 1.3394 3.6911, -2.7583 1.2727 3.6823, -2.7583 1.2106 3.6565, -2.7583 1.1572 3.6156, -2.7583 1.1162 3.5622, -2.7583 1.0904 3.5, -2.7583 1.0817 3.4333, -2.7583 1.4062 3.1843, -2.7583 1.4683 3.21, -2.7583 1.5217 3.251, -2.7583 1.2106 3.21, -2.7583 1.2727 3.1843, -2.7583 1.3394 3.1755, -2.7583 1.5884 3.5, -2.7583 1.5627 3.5622, -2.7583 1.5217 3.6156, -2.7583 1.4683 3.6565, -2.7583 1.5627 3.3044, -2.7583 1.5884 3.3666, -2.7583 1.5972 3.4333, -1.3803 1.1572 3.251, -1.3803 1.1162 3.3044, -1.3803 -0.1476 2.6331, -1.3803 1.5627 3.3044, -1.3803 1.5217 3.251, -1.3803 1.3394 3.6911, -1.3803 1.4062 3.6823, -1.3803 1.4683 3.6565, -1.3803 1.5217 3.6156, -1.3803 1.5627 3.5622, -1.3803 1.5884 3.5, -1.3803 1.5972 3.4333, -1.3803 1.5884 3.3666, -1.3803 1.4683 3.21, -1.3803 1.4062 3.1843, -1.3803 1.3394 3.1755, -1.3803 1.0904 3.3666, -1.3803 1.0817 3.4333, -1.3803 1.0904 3.5, -1.3803 1.1162 3.5622, -1.3803 1.1572 3.6156, -1.3803 1.2106 3.6565, -1.3803 1.2727 3.6823, -1.3803 1.2727 3.1843, -1.3803 1.2106 3.21, -1.3803 1.4025 2.5643, -1.3803 1.4612 2.5399, -1.3803 1.5117 2.5012, -1.3803 1.5117 2.1567, -1.3803 1.4612 2.118, -1.3803 1.3394 2.5726, -1.3803 1.5504 2.4508, -1.3803 1.5747 2.392, -1.3803 1.583 2.329, -1.3803 1.5747 2.2659, -1.3803 1.5504 2.2072, -1.3803 1.3394 2.0854, -1.3803 1.2764 2.0937, -1.3803 1.4025 2.0937, -1.3803 1.2177 2.118, -1.3803 1.1672 2.1567, -1.3803 1.1285 2.2072, -1.3803 1.1042 2.2659, -1.3803 1.0959 2.329, -1.3803 1.1042 2.392, -1.3803 1.1285 2.4508, -1.3803 1.1672 2.5012, -1.3803 1.2177 2.5399, -1.3803 1.2764 2.5643, -1.3803 -2.5617 0.5291, -1.3803 -2.5956 0.5734, -1.3803 -2.617 0.6249, -1.3803 -2.6243 0.6802, -1.3803 -2.617 0.7355, -1.3803 -2.5956 0.787, -1.3803 -2.2042 0.7355, -1.3803 -2.1969 0.6802, -1.3803 -2.2042 0.6249, -1.3803 -2.2255 0.5734, -1.3803 -2.2595 0.5291, -1.3803 -2.3038 0.4952, -1.3803 -2.3553 0.4738, -1.3803 -2.4106 0.4665, -1.3803 -2.4659 0.4738, -1.3803 -2.5174 0.4952, -1.3803 -2.4659 0.8866, -1.3803 -2.4106 0.8939, -1.3803 -2.3553 0.8866, -1.3803 -2.3038 0.8652, -1.3803 -2.2595 0.8313, -1.3803 -1.3768 1.6541, -1.3803 -1.3867 1.5791, -1.3803 -2.5617 0.8313, -1.3803 -2.5174 0.8652, -1.3803 -1.5917 1.3741, -1.3803 -1.6667 1.3642, -1.3803 -1.7417 1.3741, -1.3803 -1.8117 1.4031, -1.3803 -1.4157 1.5092, -1.3803 -1.4617 1.4491, -1.3803 -1.5218 1.4031, -1.3803 -1.8717 1.8591, -1.3803 -1.9178 1.7991, -1.3803 -1.9467 1.7292, -1.3803 -1.6667 1.944, -1.3803 -1.5917 1.9341, -1.3803 -1.5218 1.9052, -1.3803 -1.4617 1.8591, -1.3803 -1.8717 1.4491, -1.3803 -1.9178 1.5092, -1.3803 -1.9467 1.5791, -1.3803 -1.9566 1.6541, -1.3803 -1.8117 1.9052, -1.3803 -1.7417 1.9341, -1.3803 -1.4157 1.7991, -1.3803 -1.3867 1.7292, -1.3803 -2.2255 0.787, -1.3803 -1.9393 2.9271, -1.3803 -1.9472 2.8667, -1.3803 -2.4065 2.9271, -1.3803 -2.3985 2.9876, -1.3803 -2.0561 3.1294, -1.3803 -2.0077 3.0923, -1.3803 -1.9706 3.0439, -1.3803 -1.9472 2.9876, -1.3803 -1.9706 2.8103, -1.3803 -2.0077 2.762, -1.3803 -2.0561 2.7248, -1.3803 -2.2897 2.7248, -1.3803 -2.338 2.762, -1.3803 -2.3752 2.8103, -1.3803 -2.3985 2.8667, -1.3803 -2.2333 3.1528, -1.3803 -2.1729 3.1607, -1.3803 -2.1124 3.1528, -1.3803 -2.1124 2.7015, -1.3803 -2.1729 2.6935, -1.3803 -2.2333 2.7015, -1.3803 -2.3752 3.0439, -1.3803 -2.338 3.0923, -1.3803 -2.2897 3.1294, -2.6598 0.8828 5.0536, -2.6598 1.0277 5.0536, -1.4787 0.8828 5.0536, -1.4787 1.0277 5.0536, -1.4787 -0.2287 4.7669, -2.6598 -0.2287 4.7669, -2.6598 -0.0998 4.7669, -1.4787 -0.0998 4.7669, -1.6325 -0.0998 5.2756, -2.1215 -0.0998 5.4724, -2.6598 -0.0998 5.4724, -2.1215 -0.0998 5.2756, -2.6598 0.8828 5.4724, -1.4787 0.7691 5.4724, -1.4787 0.8828 5.4724, -2.6598 1.0277 5.2598, -1.4787 1.0277 5.2598, -1.4787 0.108 5.2756, -1.4787 0.7691 5.2756, -2.8764 1.2727 3.6823, -2.8764 1.2106 3.6565, -2.8764 1.1572 3.6156, -2.8764 1.1162 3.5622, -2.8764 1.0904 3.5, -2.8764 1.0817 3.4333, -2.8764 1.0904 3.3666, -2.8764 1.1162 3.3044, -2.8764 1.1572 3.251, -2.8764 1.2106 3.21, -2.8764 1.2727 3.1843, -2.8764 1.3394 3.1755, -2.8764 1.4062 3.1843, -2.8764 1.4683 3.21, -2.8764 1.5217 3.251, -2.8764 1.5627 3.3044, -2.8764 1.5884 3.3666, -2.8764 1.5972 3.4333, -2.8764 1.5884 3.5, -2.8764 1.5627 3.5622, -2.8764 1.5217 3.6156, -2.8764 1.4683 3.6565, -2.8764 1.4062 3.6823, -2.8764 1.3394 3.6911, -2.8764 1.3394 3.4333, -2.8764 1.2764 2.5643, -2.8764 1.2177 2.5399, -2.8764 1.1672 2.5012, -2.8764 1.1285 2.4508, -2.8764 1.1042 2.392, -2.8764 1.0959 2.329, -2.8764 1.1042 2.2659, -2.8764 1.1285 2.2072, -2.8764 1.1672 2.1567, -2.8764 1.2177 2.118, -2.8764 1.2764 2.0937, -2.8764 1.3394 2.0854, -2.8764 1.4025 2.0937, -2.8764 1.4612 2.118, -2.8764 1.5117 2.1567, -2.8764 1.5504 2.2072, -2.8764 1.5747 2.2659, -2.8764 1.583 2.329, -2.8764 1.5747 2.392, -2.8764 1.5504 2.4508, -2.8764 1.5117 2.5012, -2.8764 1.4612 2.5399, -2.8764 1.4025 2.5643, -2.8764 1.3394 2.5726, -2.8764 1.3394 2.329, -2.8764 -2.2333 3.1528, -2.8764 -2.2897 3.1294, -2.8764 -2.338 3.0923, -2.8764 -2.3752 3.0439, -2.8764 -2.3985 2.9876, -2.8764 -2.4065 2.9271, -2.8764 -2.3985 2.8667, -2.8764 -2.3752 2.8103, -2.8764 -2.338 2.762, -2.8764 -2.2897 2.7248, -2.8764 -2.2333 2.7015, -2.8764 -2.1729 2.6935, -2.8764 -2.1124 2.7015, -2.8764 -2.0561 2.7248, -2.8764 -2.0077 2.762, -2.8764 -1.9706 2.8103, -2.8764 -1.9472 2.8667, -2.8764 -1.9393 2.9271, -2.8764 -1.9472 2.9876, -2.8764 -1.9706 3.0439, -2.8764 -2.0077 3.0923, -2.8764 -2.0561 3.1294, -2.8764 -2.1124 3.1528, -2.8764 -2.1729 3.1607, -2.8764 -2.1729 2.9271, -2.8764 -2.4659 0.8866, -2.8764 -2.5174 0.8652, -2.8764 -2.5617 0.8313, -2.8764 -2.5956 0.787, -2.8764 -2.617 0.7355, -2.8764 -2.6243 0.6802, -2.8764 -2.617 0.6249, -2.8764 -2.5956 0.5734, -2.8764 -2.5617 0.5291, -2.8764 -2.5174 0.4952, -2.8764 -2.4659 0.4738, -2.8764 -2.4106 0.4665, -2.8764 -2.3553 0.4738, -2.8764 -2.3038 0.4952, -2.8764 -2.2595 0.5291, -2.8764 -2.2255 0.5734, -2.8764 -2.2042 0.6249, -2.8764 -2.1969 0.6802, -2.8764 -2.2042 0.7355, -2.8764 -2.2255 0.787, -2.8764 -2.2595 0.8313, -2.8764 -2.3038 0.8652, -2.8764 -2.3553 0.8866, -2.8764 -2.4106 0.8939, -2.8764 -2.4106 0.6802, -2.8764 -1.7417 1.9341, -2.8764 -1.8117 1.9052, -2.8764 -1.8717 1.8591, -2.8764 -1.9178 1.7991, -2.8764 -1.9467 1.7292, -2.8764 -1.9566 1.6541, -2.8764 -1.9467 1.5791, -2.8764 -1.9178 1.5092, -2.8764 -1.8717 1.4491, -2.8764 -1.8117 1.4031, -2.8764 -1.7417 1.3741, -2.8764 -1.6667 1.3642, -2.8764 -1.5917 1.3741, -2.8764 -1.5218 1.4031, -2.8764 -1.4617 1.4491, -2.8764 -1.4157 1.5092, -2.8764 -1.3867 1.5791, -2.8764 -1.3768 1.6541, -2.8764 -1.3867 1.7292, -2.8764 -1.4157 1.7991, -2.8764 -1.4617 1.8591, -2.8764 -1.5218 1.9052, -2.8764 -1.5917 1.9341, -2.8764 -1.6667 1.944, -2.8764 -1.6667 1.6541, -1.4984 -2.1729 3.1607, -1.4984 -2.2333 3.1528, -1.4984 -2.2897 3.1294, -1.4984 -2.338 3.0923, -1.4984 -2.3752 3.0439, -1.4984 -2.3985 2.9876, -1.4984 -2.4065 2.9271, -1.4984 -2.3985 2.8667, -1.4984 -2.3752 2.8103, -1.4984 -2.338 2.762, -1.4984 -2.2897 2.7248, -1.4984 -2.2333 2.7015, -1.4984 -2.1729 2.6935, -1.4984 -2.1124 2.7015, -1.4984 -2.0561 2.7248, -1.4984 -2.0077 2.762, -1.4984 -1.9706 2.8103, -1.4984 -1.9472 2.8667, -1.4984 -1.9393 2.9271, -1.4984 -1.9472 2.9876, -1.4984 -1.9706 3.0439, -1.4984 -2.0077 3.0923, -1.4984 -2.0561 3.1294, -1.4984 -2.1124 3.1528, -1.4984 -2.1729 2.9271, -1.4984 -1.6667 1.944, -1.4984 -1.7417 1.9341, -1.4984 -1.8117 1.9052, -1.4984 -1.8717 1.8591, -1.4984 -1.9178 1.7991, -1.4984 -1.9467 1.7292, -1.4984 -1.9566 1.6541, -1.4984 -1.9467 1.5791, -1.4984 -1.9178 1.5092, -1.4984 -1.8717 1.4491, -1.4984 -1.8117 1.4031, -1.4984 -1.7417 1.3741, -1.4984 -1.6667 1.3642, -1.4984 -1.5917 1.3741, -1.4984 -1.5218 1.4031, -1.4984 -1.4617 1.4491, -1.4984 -1.4157 1.5092, -1.4984 -1.3867 1.5791, -1.4984 -1.3768 1.6541, -1.4984 -1.3867 1.7292, -1.4984 -1.4157 1.7991, -1.4984 -1.4617 1.8591, -1.4984 -1.5218 1.9052, -1.4984 -1.5917 1.9341, -1.4984 -1.6667 1.6541, -1.4984 1.3394 3.6911, -1.4984 1.2727 3.6823, -1.4984 1.2106 3.6565, -1.4984 1.1572 3.6156, -1.4984 1.1162 3.5622, -1.4984 1.0904 3.5, -1.4984 1.0817 3.4333, -1.4984 1.0904 3.3666, -1.4984 1.1162 3.3044, -1.4984 1.1572 3.251, -1.4984 1.2106 3.21, -1.4984 1.2727 3.1843, -1.4984 1.3394 3.1755, -1.4984 1.4062 3.1843, -1.4984 1.4683 3.21, -1.4984 1.5217 3.251, -1.4984 1.5627 3.3044, -1.4984 1.5884 3.3666, -1.4984 1.5972 3.4333, -1.4984 1.5884 3.5, -1.4984 1.5627 3.5622, -1.4984 1.5217 3.6156, -1.4984 1.4683 3.6565, -1.4984 1.4062 3.6823, -1.4984 1.3394 3.4333, -1.4984 1.3394 2.5726, -1.4984 1.2764 2.5643, -1.4984 1.2177 2.5399, -1.4984 1.1672 2.5012, -1.4984 1.1285 2.4508, -1.4984 1.1042 2.392, -1.4984 1.0959 2.329, -1.4984 1.1042 2.2659, -1.4984 1.1285 2.2072, -1.4984 1.1672 2.1567, -1.4984 1.2177 2.118, -1.4984 1.2764 2.0937, -1.4984 1.3394 2.0854, -1.4984 1.4025 2.0937, -1.4984 1.4612 2.118, -1.4984 1.5117 2.1567, -1.4984 1.5504 2.2072, -1.4984 1.5747 2.2659, -1.4984 1.583 2.329, -1.4984 1.5747 2.392, -1.4984 1.5504 2.4508, -1.4984 1.5117 2.5012, -1.4984 1.4612 2.5399, -1.4984 1.4025 2.5643, -1.4984 1.3394 2.329, -1.4984 -2.4106 0.8939, -1.4984 -2.4659 0.8866, -1.4984 -2.5174 0.8652, -1.4984 -2.5617 0.8313, -1.4984 -2.5956 0.787, -1.4984 -2.617 0.7355, -1.4984 -2.6243 0.6802, -1.4984 -2.617 0.6249, -1.4984 -2.5956 0.5734, -1.4984 -2.5617 0.5291, -1.4984 -2.5174 0.4952, -1.4984 -2.4659 0.4738, -1.4984 -2.4106 0.4665, -1.4984 -2.3553 0.4738, -1.4984 -2.3038 0.4952, -1.4984 -2.2595 0.5291, -1.4984 -2.2255 0.5734, -1.4984 -2.2042 0.6249, -1.4984 -2.1969 0.6802, -1.4984 -2.2042 0.7355, -1.4984 -2.2255 0.787, -1.4984 -2.2595 0.8313, -1.4984 -2.3038 0.8652, -1.4984 -2.3553 0.8866, -1.4984 -2.4106 0.6802, -2.3055 -1.039 4.5669, -2.3055 -1.039 2.6378, -2.3055 -0.8421 4.5669, -2.3055 -0.8421 2.6378, -2.1087 -0.6453 4.5669, -2.1087 -0.6453 2.6378, -2.0299 -0.6453 4.5669, -2.0299 -0.6453 2.6378, -1.8331 -0.8421 4.5669, -1.8331 -0.8421 2.6378, -1.8331 -1.039 4.5669, -1.8331 -1.039 2.6378, -1.7345 -1.1871 2.6378, -1.7743 -1.1068 2.6378, -1.7943 -1.5265 2.6378, -1.747 -1.4502 2.6378, -2.3643 -1.1068 2.6378, -1.7203 -1.3646 2.6378, -1.7161 -1.2749 2.6378, -1.8592 -1.5884 2.6378, -2.4041 -1.1871 2.6378, -2.4225 -1.2749 2.6378, -2.201 -1.632 2.6378, -2.2794 -1.5884 2.6378, -2.3443 -1.5265 2.6378, -1.8907 -0.7029 2.6378, -1.9315 -0.6716 2.6378, -1.8594 -0.7437 2.6378, -1.8398 -0.7912 2.6378, -1.979 -0.652 2.6378, -2.4182 -1.3646 2.6378, -2.3916 -1.4502 2.6378, -2.1142 -1.6545 2.6378, -2.0244 -1.6545 2.6378, -1.9376 -1.632 2.6378, -2.1596 -0.652 2.6378, -2.2071 -0.6716 2.6378, -2.2479 -0.7029 2.6378, -2.2791 -0.7437 2.6378, -2.2988 -0.7912 2.6378, -2.3573 -1.0967 4.5159, -2.3059 -1.0393 4.5721, -2.3069 -1.0402 4.5771, -2.3072 -1.0405 4.5783, -1.7766 -1.1082 4.503, -1.798 -1.0751 4.5398, -1.8314 -1.0405 4.5783, -1.8317 -1.0402 4.5771, -1.8327 -1.0393 4.5721, -1.7188 -1.2752 4.3175, -1.722 -1.2328 4.3646, -1.7371 -1.188 4.4144, -1.7502 -1.1491 4.4576, -1.7494 -1.4491 4.1242, -1.7307 -1.4074 4.1706, -1.723 -1.3641 4.2187, -1.7154 -1.3207 4.2669, -1.8607 -1.5864 3.9717, -1.8204 -1.5552 4.0063, -1.7963 -1.5248 4.0401, -1.7666 -1.4872 4.0819, -2.0245 -1.6545 3.8961, -1.9582 -1.6395 3.9127, -1.9383 -1.6305 3.9227, -1.8883 -1.6077 3.9481, -2.091 -1.6567 3.8936, -2.0253 -1.6547 3.8959, -2.1574 -1.6463 3.9052, -2.1139 -1.6531 3.8976, -2.2263 -1.6207 3.9336, -2.2004 -1.6303 3.9229, -2.2974 -1.5742 3.9853, -2.2783 -1.5867 3.9714, -2.3571 -1.5097 4.0569, -2.3428 -1.5251 4.0398, -2.3993 -1.4322 4.143, -2.3899 -1.4493 4.124, -2.4209 -1.3466 4.2381, -2.4165 -1.3641 4.2187, -2.4208 -1.2585 4.3361, -2.4208 -1.275 4.3177, -2.3631 -1.1074 4.5039, -2.399 -1.1733 4.4307, -2.4027 -1.1875 4.4149, -2.2988 -0.7912 4.5669, -2.2791 -0.7437 4.5669, -2.2479 -0.7029 4.5669, -2.2071 -0.6716 4.5669, -2.1596 -0.652 4.5669, -1.979 -0.652 4.5669, -1.9315 -0.6716 4.5669, -1.8907 -0.7029 4.5669, -1.8594 -0.7437 4.5669, -1.8398 -0.7912 4.5669, -2.3069 -0.8421 4.5771, -2.3001 -0.7908 4.5771, -2.3108 -0.8421 4.5866, -2.3039 -0.7898 4.5866, -2.317 -0.8421 4.5948, -2.3099 -0.7882 4.5948, -2.3252 -0.8421 4.601, -2.3178 -0.7861 4.601, -2.3347 -0.8421 4.605, -2.327 -0.7836 4.605, -2.2803 -0.743 4.5771, -2.2837 -0.741 4.5866, -2.2891 -0.7379 4.5948, -2.2962 -0.7338 4.601, -2.3044 -0.7291 4.605, -2.2488 -0.702 4.5771, -2.2516 -0.6992 4.5866, -2.256 -0.6948 4.5948, -2.2618 -0.689 4.601, -2.2685 -0.6823 4.605, -2.2078 -0.6705 4.5771, -2.2097 -0.6671 4.5866, -2.2129 -0.6616 4.5948, -2.2169 -0.6546 4.601, -2.2217 -0.6464 4.605, -2.16 -0.6507 4.5771, -2.161 -0.6469 4.5866, -2.1626 -0.6408 4.5948, -2.1647 -0.633 4.601, -2.1672 -0.6238 4.605, -2.1087 -0.6439 4.5771, -2.1087 -0.64 4.5866, -2.1087 -0.6337 4.5948, -2.1087 -0.6256 4.601, -2.1087 -0.6161 4.605, -2.3104 -1.0422 4.586, -2.3089 -1.0414 4.5824, -2.3161 -1.0429 4.5935, -2.3132 -1.0427 4.5901, -2.3122 -1.0426 4.5889, -2.3108 -1.0423 4.5866, -2.3203 -1.0429 4.5977, -2.3175 -1.043 4.5952, -2.3171 -1.043 4.5947, -2.3304 -1.0413 4.6035, -2.3275 -1.0419 4.6023, -2.3253 -1.0422 4.6009, -2.3228 -1.0426 4.5993, -2.3347 -1.0403 4.605, -2.3306 -1.0413 4.6036, -2.0299 -0.6439 4.5771, -2.0299 -0.64 4.5866, -2.0299 -0.6337 4.5948, -2.0299 -0.6256 4.601, -2.0299 -0.6161 4.605, -1.83 -1.0414 4.5822, -1.7934 -1.0788 4.5474, -1.8277 -1.0422 4.5863, -1.8299 -1.0415 4.5825, -1.7905 -1.08 4.551, -1.826 -1.0427 4.5894, -1.8276 -1.0422 4.5865, -1.7873 -1.0807 4.5545, -1.8226 -1.0429 4.5935, -1.8239 -1.0429 4.5922, -1.7838 -1.081 4.5577, -1.8194 -1.0429 4.5966, -1.8214 -1.0429 4.5946, -1.78 -1.0809 4.5607, -1.8147 -1.0425 4.6002, -1.818 -1.0429 4.5979, -1.8039 -1.0403 4.605, -1.772 -1.0791 4.5657, -1.8069 -1.0411 4.604, -1.808 -1.0412 4.6035, -1.812 -1.042 4.6015, -2.3848 -1.1029 4.5419, -2.3804 -1.1038 4.5396, -2.3762 -1.1042 4.537, -2.3722 -1.1042 4.534, -2.365 -1.1025 4.5273, -2.3594 -1.099 4.5197, -1.7207 -1.2369 4.3691, -1.7482 -1.1522 4.4617, -1.7959 -1.0772 4.5436, -1.7315 -1.4127 4.1762, -1.715 -1.3257 4.2718, -1.8233 -1.5597 4.0138, -1.7686 -1.4924 4.0884, -1.8915 -1.611 3.9566, -1.9606 -1.6417 3.9222, -2.0264 -1.6561 3.9059, -2.0905 -1.6581 3.9037, -2.1554 -1.6481 3.915, -2.2233 -1.6236 3.9425, -2.2943 -1.5783 3.9931, -2.3547 -1.5147 4.0637, -2.421 -1.3518 4.2432, -2.398 -1.4376 4.1488, -2.4008 -1.1768 4.4348, -2.4219 -1.2629 4.3407, -2.362 -1.101 4.5236, -2.4034 -1.1799 4.4389, -2.424 -1.2671 4.3451, -2.4223 -1.3569 4.2482, -2.3984 -1.4433 4.1544, -2.354 -1.5206 4.07, -2.2928 -1.5838 4.0005, -2.2216 -1.6284 3.9509, -2.1542 -1.6524 3.9241, -2.0901 -1.6621 3.9132, -2.027 -1.6602 3.9153, -1.9621 -1.6461 3.9311, -1.8932 -1.6161 3.9647, -1.8247 -1.5654 4.0208, -1.769 -1.4982 4.0945, -1.7309 -1.4183 4.1816, -1.7134 -1.3306 4.2766, -1.7184 -1.2408 4.3734, -1.7456 -1.155 4.4657, -2.4066 -1.1825 4.4429, -2.4271 -1.2709 4.3493, -2.425 -1.3618 4.2528, -2.4003 -1.4491 4.1595, -2.355 -1.527 4.0758, -2.293 -1.5905 4.007, -2.2213 -1.6351 3.9582, -2.1538 -1.6588 3.9319, -2.09 -1.6683 3.9213, -2.0273 -1.6664 3.9234, -1.9625 -1.6526 3.9388, -1.8934 -1.6227 3.9717, -1.8242 -1.572 4.0271, -1.7678 -1.5046 4.1, -1.7287 -1.4239 4.1865, -1.7106 -1.3352 4.2811, -1.7152 -1.2443 4.3775, -1.7424 -1.1573 4.4695, -2.3684 -1.1036 4.5308, -2.4104 -1.1847 4.4465, -2.4311 -1.2742 4.3532, -2.4288 -1.3664 4.2569, -2.4036 -1.4549 4.164, -2.3577 -1.5338 4.0806, -2.2948 -1.598 4.0123, -2.2223 -1.643 3.964, -2.1543 -1.6669 3.938, -2.0901 -1.6765 3.9276, -2.027 -1.6746 3.9296, -1.9618 -1.6607 3.9448, -1.8921 -1.6306 3.9773, -1.8221 -1.5793 4.0322, -1.7649 -1.511 4.1047, -1.7252 -1.4293 4.1908, -1.7067 -1.3394 4.2851, -1.7112 -1.2473 4.3813, -1.7387 -1.1591 4.4731, -2.4148 -1.1863 4.4498, -2.4359 -1.277 4.3566, -2.4337 -1.3705 4.2604, -2.4083 -1.4603 4.1675, -2.3619 -1.5405 4.0843, -2.2982 -1.6058 4.016, -2.2248 -1.6517 3.9678, -2.1557 -1.6762 3.9419, -2.0905 -1.686 3.9315, -2.0263 -1.684 3.9336, -1.9601 -1.6698 3.9487, -1.8894 -1.639 3.9812, -1.8184 -1.5868 4.0359, -1.7605 -1.5173 4.1084, -1.7204 -1.4343 4.1944, -1.7018 -1.3431 4.2886, -1.7066 -1.2497 4.3847, -1.7345 -1.1604 4.4764, -2.4196 -1.1873 4.4527, -2.4413 -1.2792 4.3594, -2.4394 -1.3739 4.2631, -2.4142 -1.4651 4.1701, -2.3675 -1.5468 4.0866, -2.3031 -1.6136 4.0181, -2.2284 -1.6607 3.9695, -2.1578 -1.686 3.9434, -2.091 -1.6961 3.9329, -2.0252 -1.6941 3.9349, -1.9574 -1.6794 3.9502, -1.8853 -1.6477 3.983, -1.8133 -1.5941 4.0381, -1.7548 -1.5232 4.1108, -1.7146 -1.4388 4.197, -1.6962 -1.3461 4.2913, -1.7013 -1.2515 4.3876, -1.7299 -1.1611 4.4794, -2.4248 -1.1877 4.4552, -2.4472 -1.2806 4.3616, -2.4459 -1.3766 4.265, -2.4209 -1.4692 4.1715, -2.3741 -1.5524 4.0875, -2.309 -1.6208 4.0182, -2.2329 -1.6694 3.969, -2.1606 -1.6957 3.9423, -2.0917 -1.7063 3.9315, -2.0238 -1.7042 3.9337, -1.954 -1.6888 3.9493, -1.8802 -1.6559 3.9827, -1.8071 -1.6008 4.0385, -1.7481 -1.5283 4.1118, -1.7079 -1.4424 4.1986, -1.6898 -1.3484 4.2933, -1.6956 -1.2526 4.3899, -1.725 -1.1612 4.4819, -1.7761 -1.0802 4.5634, -1.8133 -1.0422 4.6009, -2.4302 -1.1875 4.4571, -2.4534 -1.2814 4.3631, -2.4528 -1.3784 4.2659, -2.4282 -1.4723 4.1718, -2.3814 -1.557 4.0869, -2.3157 -1.6271 4.0166, -2.2382 -1.6773 3.9662, -2.1638 -1.7046 3.9388, -2.0925 -1.7157 3.9276, -2.0222 -1.7135 3.9298, -1.95 -1.6974 3.946, -1.8744 -1.6633 3.9803, -1.8001 -1.6066 4.0372, -1.7407 -1.5325 4.1115, -1.7006 -1.4451 4.1991, -1.6831 -1.3499 4.2944, -1.6896 -1.2531 4.3915, -1.7199 -1.1608 4.4839, -1.9786 -0.6507 4.5771, -1.9776 -0.6469 4.5866, -1.976 -0.6408 4.5948, -1.9739 -0.633 4.601, -1.9714 -0.6238 4.605, -1.9308 -0.6705 4.5771, -1.9289 -0.6671 4.5866, -1.9257 -0.6616 4.5948, -1.9217 -0.6546 4.601, -1.9169 -0.6464 4.605, -1.8898 -0.702 4.5771, -1.887 -0.6992 4.5866, -1.8826 -0.6948 4.5948, -1.8768 -0.689 4.601, -1.8701 -0.6823 4.605, -1.8583 -0.743 4.5771, -1.8549 -0.741 4.5866, -1.8495 -0.7379 4.5948, -1.8424 -0.7338 4.601, -1.8342 -0.7291 4.605, -1.8385 -0.7908 4.5771, -1.8347 -0.7898 4.5866, -1.8286 -0.7882 4.5948, -1.8208 -0.7861 4.601, -1.8116 -0.7836 4.605, -1.8317 -0.8421 4.5771, -1.8278 -0.8421 4.5866, -1.8215 -0.8421 4.5948, -1.8134 -0.8421 4.601, -1.8039 -0.8421 4.605
            ]
        }
        coordIndex [
            0,1,2,-1,3,4,5,-1,5,4,6,-1,7,8,9,-1,9,8,10,-1,11,12,5,-1,5,12,3,-1,10,8,13,-1,13,8,14,-1,4,15,6,-1,6,15,16,-1,17,7,18,-1,18,7,9,-1,19,20,21,-1,22,23,11,-1,24,25,14,-1,26,16,27,-1,27,16,15,-1,27,15,23,-1,23,15,12,-1,23,12,11,-1,28,29,17,-1,11,13,22,-1,22,13,14,-1,22,14,21,-1,21,14,25,-1,21,25,19,-1,30,28,31,-1,31,28,17,-1,31,17,26,-1,26,17,18,-1,26,18,16,-1,29,32,17,-1,17,32,33,-1,17,33,34,-1,35,36,14,-1,14,36,37,-1,14,37,24,-1,34,38,17,-1,17,38,39,-1,17,39,14,-1,14,39,40,-1,14,40,35,-1,41,27,42,-1,42,27,23,-1,41,42,43,-1,43,42,44,-1,43,44,45,-1,45,44,46,-1,47,45,48,-1,48,45,46,-1,49,47,50,-1,50,47,48,-1,51,49,52,-1,52,49,50,-1,53,51,54,-1,54,51,52,-1,55,53,56,-1,56,53,54,-1,57,55,58,-1,58,55,56,-1,57,58,59,-1,59,58,60,-1,59,60,61,-1,61,60,62,-1,63,61,64,-1,64,61,62,-1,65,63,66,-1,66,63,64,-1,67,68,69,-1,69,68,70,-1,69,70,66,-1,66,70,65,-1,71,68,72,-1,72,68,67,-1,73,74,67,-1,67,74,75,-1,67,75,72,-1,71,76,68,-1,68,76,77,-1,68,77,78,-1,79,80,31,-1,81,82,83,-1,79,31,84,-1,85,86,80,-1,80,86,30,-1,80,30,31,-1,21,87,88,-1,87,21,83,-1,83,21,20,-1,83,20,81,-1,78,89,68,-1,68,89,90,-1,68,90,31,-1,31,90,91,-1,31,91,84,-1,88,92,21,-1,21,92,93,-1,21,93,67,-1,67,93,94,-1,67,94,73,-1,61,63,65,-1,95,96,68,-1,68,96,97,-1,68,97,70,-1,70,97,98,-1,98,99,70,-1,70,99,100,-1,70,100,101,-1,102,103,104,-1,104,103,105,-1,104,105,106,-1,101,107,70,-1,70,107,108,-1,70,108,104,-1,104,108,109,-1,104,109,102,-1,26,110,31,-1,31,110,111,-1,31,111,112,-1,95,68,113,-1,113,68,31,-1,113,31,114,-1,106,115,104,-1,104,115,116,-1,104,116,26,-1,26,116,117,-1,26,117,110,-1,112,118,31,-1,31,118,119,-1,31,119,114,-1,120,121,59,-1,122,123,70,-1,70,123,124,-1,70,124,125,-1,126,127,59,-1,125,128,70,-1,70,128,129,-1,70,129,65,-1,65,129,130,-1,65,130,61,-1,61,130,131,-1,132,133,134,-1,134,133,135,-1,134,135,136,-1,136,135,137,-1,132,138,133,-1,133,138,139,-1,133,139,70,-1,70,139,140,-1,70,140,122,-1,131,141,61,-1,61,141,142,-1,61,142,143,-1,137,135,144,-1,144,135,145,-1,144,145,146,-1,147,148,104,-1,104,148,149,-1,143,150,61,-1,61,150,151,-1,61,151,59,-1,59,151,152,-1,59,152,126,-1,146,153,144,-1,144,153,154,-1,144,154,127,-1,127,154,155,-1,127,155,59,-1,59,155,156,-1,59,156,120,-1,121,157,59,-1,59,157,158,-1,59,158,104,-1,104,158,159,-1,104,159,147,-1,149,160,104,-1,104,160,161,-1,104,161,70,-1,70,161,162,-1,162,163,70,-1,70,163,164,-1,70,164,165,-1,165,166,70,-1,70,166,167,-1,70,167,133,-1,53,55,57,-1,59,49,57,-1,57,49,51,-1,57,51,53,-1,168,169,43,-1,170,171,49,-1,49,171,172,-1,49,172,47,-1,172,173,47,-1,47,173,174,-1,47,174,45,-1,45,174,175,-1,45,175,43,-1,43,175,176,-1,43,176,168,-1,177,178,104,-1,104,178,179,-1,104,179,180,-1,169,181,43,-1,43,181,182,-1,43,182,104,-1,104,182,183,-1,104,183,177,-1,184,185,59,-1,180,186,104,-1,104,186,187,-1,104,187,59,-1,59,187,188,-1,59,188,184,-1,185,189,59,-1,59,189,190,-1,59,190,49,-1,49,190,191,-1,49,191,170,-1,192,104,193,-1,193,104,194,-1,195,196,27,-1,27,196,197,-1,27,197,26,-1,26,197,198,-1,26,198,199,-1,199,200,26,-1,26,200,201,-1,26,201,104,-1,104,201,202,-1,104,202,194,-1,203,204,43,-1,43,204,205,-1,192,206,104,-1,104,206,207,-1,104,207,43,-1,43,207,208,-1,43,208,203,-1,209,210,41,-1,41,210,211,-1,41,211,27,-1,27,211,212,-1,27,212,195,-1,205,213,43,-1,43,213,214,-1,43,214,41,-1,41,214,215,-1,41,215,209,-1,216,217,218,-1,44,219,220,-1,221,222,23,-1,23,222,223,-1,23,223,42,-1,42,223,224,-1,42,224,225,-1,225,226,42,-1,42,226,227,-1,42,227,44,-1,44,227,228,-1,44,228,219,-1,220,229,44,-1,44,229,230,-1,44,230,231,-1,217,232,218,-1,218,232,233,-1,218,233,22,-1,22,233,234,-1,22,234,235,-1,235,236,22,-1,22,236,237,-1,22,237,23,-1,23,237,238,-1,23,238,221,-1,231,239,218,-1,218,239,240,-1,218,240,216,-1,241,242,44,-1,44,242,243,-1,50,244,245,-1,231,218,44,-1,44,218,246,-1,44,246,241,-1,243,247,44,-1,44,247,248,-1,44,248,46,-1,46,248,249,-1,46,249,48,-1,48,249,250,-1,48,250,50,-1,50,250,251,-1,50,251,244,-1,252,253,60,-1,252,60,254,-1,245,254,50,-1,50,254,60,-1,50,60,52,-1,52,60,58,-1,52,58,54,-1,54,58,56,-1,253,255,60,-1,60,255,256,-1,60,256,257,-1,258,259,218,-1,259,260,218,-1,218,260,261,-1,218,261,262,-1,262,263,218,-1,218,263,264,-1,218,264,246,-1,66,64,62,-1,265,266,62,-1,62,266,267,-1,62,267,66,-1,66,267,268,-1,66,268,69,-1,69,268,269,-1,69,269,270,-1,271,60,218,-1,218,60,257,-1,218,257,258,-1,271,272,60,-1,60,272,273,-1,60,273,274,-1,274,275,60,-1,60,275,276,-1,60,276,62,-1,62,276,277,-1,62,277,278,-1,278,279,62,-1,62,279,280,-1,62,280,265,-1,281,282,69,-1,282,283,69,-1,69,283,284,-1,69,284,285,-1,218,286,287,-1,270,288,69,-1,69,288,289,-1,69,289,281,-1,290,291,271,-1,271,291,292,-1,271,292,293,-1,287,294,218,-1,218,294,295,-1,218,295,271,-1,271,295,296,-1,271,296,290,-1,297,69,298,-1,298,69,299,-1,218,69,300,-1,300,301,218,-1,218,301,302,-1,218,302,303,-1,304,305,285,-1,285,305,306,-1,285,306,69,-1,69,306,307,-1,69,307,299,-1,297,308,69,-1,69,308,309,-1,69,309,300,-1,303,310,218,-1,218,310,311,-1,218,311,286,-1,304,285,293,-1,293,285,312,-1,293,312,271,-1,218,313,314,-1,315,316,67,-1,22,21,317,-1,317,318,22,-1,22,318,319,-1,22,319,218,-1,218,319,320,-1,218,320,313,-1,314,321,218,-1,218,321,322,-1,218,322,323,-1,324,325,69,-1,69,325,326,-1,69,326,67,-1,67,326,327,-1,67,327,315,-1,328,329,21,-1,21,329,330,-1,21,330,317,-1,323,331,218,-1,218,331,332,-1,218,332,69,-1,69,332,333,-1,69,333,324,-1,316,334,67,-1,67,334,335,-1,67,335,21,-1,21,335,336,-1,21,336,328,-1,14,8,17,-1,17,8,7,-1,3,12,4,-1,4,12,15,-1,337,338,339,-1,339,338,340,-1,5,6,11,-1,11,6,16,-1,11,16,339,-1,339,16,337,-1,341,342,13,-1,13,342,18,-1,13,18,10,-1,10,18,9,-1,343,342,344,-1,344,342,341,-1,2,1,345,-1,346,347,348,-1,348,347,343,-1,348,343,345,-1,345,343,344,-1,345,344,2,-1,347,346,349,-1,349,346,350,-1,349,350,351,-1,352,349,353,-1,353,349,351,-1,338,352,340,-1,340,352,353,-1,337,16,343,-1,343,16,18,-1,343,18,342,-1,352,338,349,-1,349,338,337,-1,349,337,347,-1,347,337,343,-1,354,0,2,-1,351,350,353,-1,353,350,355,-1,341,13,344,-1,344,13,11,-1,344,11,339,-1,2,344,354,-1,354,344,339,-1,354,339,355,-1,355,339,340,-1,355,340,353,-1,196,356,197,-1,197,356,357,-1,197,357,198,-1,198,357,358,-1,198,358,199,-1,199,358,359,-1,199,359,200,-1,200,359,360,-1,200,360,201,-1,201,360,361,-1,201,361,202,-1,202,361,362,-1,202,362,194,-1,194,362,363,-1,194,363,193,-1,193,363,364,-1,193,364,192,-1,192,364,365,-1,192,365,206,-1,206,365,366,-1,206,366,207,-1,207,366,367,-1,207,367,208,-1,208,367,368,-1,208,368,203,-1,203,368,369,-1,203,369,204,-1,204,369,370,-1,204,370,205,-1,205,370,371,-1,205,371,213,-1,213,371,372,-1,213,372,214,-1,214,372,373,-1,214,373,215,-1,215,373,374,-1,215,374,209,-1,209,374,375,-1,209,375,210,-1,210,375,376,-1,210,376,211,-1,211,376,377,-1,211,377,212,-1,212,377,378,-1,212,378,195,-1,195,378,379,-1,195,379,196,-1,196,379,356,-1,369,368,380,-1,380,368,367,-1,380,367,366,-1,372,371,380,-1,380,371,370,-1,380,370,369,-1,375,374,380,-1,380,374,373,-1,380,373,372,-1,378,377,380,-1,380,377,376,-1,380,376,375,-1,357,356,380,-1,380,356,379,-1,380,379,378,-1,360,359,380,-1,380,359,358,-1,380,358,357,-1,363,362,380,-1,380,362,361,-1,380,361,360,-1,366,365,380,-1,380,365,364,-1,380,364,363,-1,182,381,183,-1,183,381,382,-1,183,382,177,-1,177,382,383,-1,177,383,178,-1,178,383,384,-1,178,384,179,-1,179,384,385,-1,179,385,180,-1,180,385,386,-1,180,386,186,-1,186,386,387,-1,186,387,187,-1,187,387,388,-1,187,388,188,-1,188,388,389,-1,188,389,184,-1,184,389,390,-1,184,390,185,-1,185,390,391,-1,185,391,189,-1,189,391,392,-1,189,392,190,-1,190,392,393,-1,190,393,191,-1,191,393,394,-1,191,394,170,-1,170,394,395,-1,170,395,171,-1,171,395,396,-1,171,396,172,-1,172,396,397,-1,172,397,173,-1,173,397,398,-1,173,398,174,-1,174,398,399,-1,174,399,175,-1,175,399,400,-1,175,400,176,-1,176,400,401,-1,176,401,168,-1,168,401,402,-1,168,402,169,-1,169,402,403,-1,169,403,181,-1,181,403,404,-1,181,404,182,-1,182,404,381,-1,394,393,405,-1,405,393,392,-1,405,392,391,-1,397,396,405,-1,405,396,395,-1,405,395,394,-1,400,399,405,-1,405,399,398,-1,405,398,397,-1,403,402,405,-1,405,402,401,-1,405,401,400,-1,382,381,405,-1,405,381,404,-1,405,404,403,-1,385,384,405,-1,405,384,383,-1,405,383,382,-1,388,387,405,-1,405,387,386,-1,405,386,385,-1,391,390,405,-1,405,390,389,-1,405,389,388,-1,118,406,119,-1,119,406,407,-1,119,407,114,-1,114,407,408,-1,114,408,113,-1,113,408,409,-1,113,409,95,-1,95,409,410,-1,95,410,96,-1,96,410,411,-1,96,411,97,-1,97,411,412,-1,97,412,98,-1,98,412,413,-1,98,413,99,-1,99,413,414,-1,99,414,100,-1,100,414,415,-1,100,415,101,-1,101,415,416,-1,101,416,107,-1,107,416,417,-1,107,417,108,-1,108,417,418,-1,108,418,109,-1,109,418,419,-1,109,419,102,-1,102,419,420,-1,102,420,103,-1,103,420,421,-1,103,421,105,-1,105,421,422,-1,105,422,106,-1,106,422,423,-1,106,423,115,-1,115,423,424,-1,115,424,116,-1,116,424,425,-1,116,425,117,-1,117,425,426,-1,117,426,110,-1,110,426,427,-1,110,427,111,-1,111,427,428,-1,111,428,112,-1,112,428,429,-1,112,429,118,-1,118,429,406,-1,419,418,430,-1,430,418,417,-1,430,417,416,-1,422,421,430,-1,430,421,420,-1,430,420,419,-1,425,424,430,-1,430,424,423,-1,430,423,422,-1,428,427,430,-1,430,427,426,-1,430,426,425,-1,407,406,430,-1,430,406,429,-1,430,429,428,-1,410,409,430,-1,430,409,408,-1,430,408,407,-1,413,412,430,-1,430,412,411,-1,430,411,410,-1,416,415,430,-1,430,415,414,-1,430,414,413,-1,140,431,122,-1,122,431,432,-1,122,432,123,-1,123,432,433,-1,123,433,124,-1,124,433,434,-1,124,434,125,-1,125,434,435,-1,125,435,128,-1,128,435,436,-1,128,436,129,-1,129,436,437,-1,129,437,130,-1,130,437,438,-1,130,438,131,-1,131,438,439,-1,131,439,141,-1,141,439,440,-1,141,440,142,-1,142,440,441,-1,142,441,143,-1,143,441,442,-1,143,442,150,-1,150,442,443,-1,150,443,151,-1,151,443,444,-1,151,444,152,-1,152,444,445,-1,152,445,126,-1,126,445,446,-1,126,446,127,-1,127,446,447,-1,127,447,144,-1,144,447,448,-1,144,448,137,-1,137,448,449,-1,137,449,136,-1,136,449,450,-1,136,450,134,-1,134,450,451,-1,134,451,132,-1,132,451,452,-1,132,452,138,-1,138,452,453,-1,138,453,139,-1,139,453,454,-1,139,454,140,-1,140,454,431,-1,444,443,455,-1,455,443,442,-1,455,442,441,-1,447,446,455,-1,455,446,445,-1,455,445,444,-1,450,449,455,-1,455,449,448,-1,455,448,447,-1,453,452,455,-1,455,452,451,-1,455,451,450,-1,432,431,455,-1,455,431,454,-1,455,454,453,-1,435,434,455,-1,455,434,433,-1,455,433,432,-1,438,437,455,-1,455,437,436,-1,455,436,435,-1,441,440,455,-1,455,440,439,-1,455,439,438,-1,162,456,163,-1,163,456,457,-1,163,457,164,-1,164,457,458,-1,164,458,165,-1,165,458,459,-1,165,459,166,-1,166,459,460,-1,166,460,167,-1,167,460,461,-1,167,461,133,-1,133,461,462,-1,133,462,135,-1,135,462,463,-1,135,463,145,-1,145,463,464,-1,145,464,146,-1,146,464,465,-1,146,465,153,-1,153,465,466,-1,153,466,154,-1,154,466,467,-1,154,467,155,-1,155,467,468,-1,155,468,156,-1,156,468,469,-1,156,469,120,-1,120,469,470,-1,120,470,121,-1,121,470,471,-1,121,471,157,-1,157,471,472,-1,157,472,158,-1,158,472,473,-1,158,473,159,-1,159,473,474,-1,159,474,147,-1,147,474,475,-1,147,475,148,-1,148,475,476,-1,148,476,149,-1,149,476,477,-1,149,477,160,-1,160,477,478,-1,160,478,161,-1,161,478,479,-1,161,479,162,-1,162,479,456,-1,469,468,480,-1,480,468,467,-1,480,467,466,-1,472,471,480,-1,480,471,470,-1,480,470,469,-1,475,474,480,-1,480,474,473,-1,480,473,472,-1,478,477,480,-1,480,477,476,-1,480,476,475,-1,457,456,480,-1,480,456,479,-1,480,479,478,-1,460,459,480,-1,480,459,458,-1,480,458,457,-1,463,462,480,-1,480,462,461,-1,480,461,460,-1,466,465,480,-1,480,465,464,-1,480,464,463,-1,481,329,482,-1,482,329,328,-1,482,328,483,-1,483,328,336,-1,483,336,484,-1,484,336,335,-1,484,335,485,-1,485,335,334,-1,485,334,486,-1,486,334,316,-1,486,316,487,-1,487,316,315,-1,487,315,488,-1,488,315,327,-1,488,327,489,-1,489,327,326,-1,489,326,490,-1,490,326,325,-1,490,325,491,-1,491,325,324,-1,491,324,492,-1,492,324,333,-1,492,333,493,-1,493,333,332,-1,493,332,494,-1,494,332,331,-1,494,331,495,-1,495,331,323,-1,495,323,496,-1,496,323,322,-1,496,322,497,-1,497,322,321,-1,497,321,498,-1,498,321,314,-1,498,314,499,-1,499,314,313,-1,499,313,500,-1,500,313,320,-1,500,320,501,-1,501,320,319,-1,501,319,502,-1,502,319,318,-1,502,318,503,-1,503,318,317,-1,503,317,504,-1,504,317,330,-1,504,330,481,-1,481,330,329,-1,503,504,505,-1,505,504,481,-1,505,481,482,-1,500,501,505,-1,505,501,502,-1,505,502,503,-1,497,498,505,-1,505,498,499,-1,505,499,500,-1,494,495,505,-1,505,495,496,-1,505,496,497,-1,491,492,505,-1,505,492,493,-1,505,493,494,-1,488,489,505,-1,505,489,490,-1,505,490,491,-1,485,486,505,-1,505,486,487,-1,505,487,488,-1,482,483,505,-1,505,483,484,-1,505,484,485,-1,506,300,507,-1,507,300,309,-1,507,309,508,-1,508,309,308,-1,508,308,509,-1,509,308,297,-1,509,297,510,-1,510,297,298,-1,510,298,511,-1,511,298,299,-1,511,299,512,-1,512,299,307,-1,512,307,513,-1,513,307,306,-1,513,306,514,-1,514,306,305,-1,514,305,515,-1,515,305,304,-1,515,304,516,-1,516,304,293,-1,516,293,517,-1,517,293,292,-1,517,292,518,-1,518,292,291,-1,518,291,519,-1,519,291,290,-1,519,290,520,-1,520,290,296,-1,520,296,521,-1,521,296,295,-1,521,295,522,-1,522,295,294,-1,522,294,523,-1,523,294,287,-1,523,287,524,-1,524,287,286,-1,524,286,525,-1,525,286,311,-1,525,311,526,-1,526,311,310,-1,526,310,527,-1,527,310,303,-1,527,303,528,-1,528,303,302,-1,528,302,529,-1,529,302,301,-1,529,301,506,-1,506,301,300,-1,528,529,530,-1,530,529,506,-1,530,506,507,-1,525,526,530,-1,530,526,527,-1,530,527,528,-1,522,523,530,-1,530,523,524,-1,530,524,525,-1,519,520,530,-1,530,520,521,-1,530,521,522,-1,516,517,530,-1,530,517,518,-1,530,518,519,-1,513,514,530,-1,530,514,515,-1,530,515,516,-1,510,511,530,-1,530,511,512,-1,530,512,513,-1,507,508,530,-1,530,508,509,-1,530,509,510,-1,531,221,532,-1,532,221,238,-1,532,238,533,-1,533,238,237,-1,533,237,534,-1,534,237,236,-1,534,236,535,-1,535,236,235,-1,535,235,536,-1,536,235,234,-1,536,234,537,-1,537,234,233,-1,537,233,538,-1,538,233,232,-1,538,232,539,-1,539,232,217,-1,539,217,540,-1,540,217,216,-1,540,216,541,-1,541,216,240,-1,541,240,542,-1,542,240,239,-1,542,239,543,-1,543,239,231,-1,543,231,544,-1,544,231,230,-1,544,230,545,-1,545,230,229,-1,545,229,546,-1,546,229,220,-1,546,220,547,-1,547,220,219,-1,547,219,548,-1,548,219,228,-1,548,228,549,-1,549,228,227,-1,549,227,550,-1,550,227,226,-1,550,226,551,-1,551,226,225,-1,551,225,552,-1,552,225,224,-1,552,224,553,-1,553,224,223,-1,553,223,554,-1,554,223,222,-1,554,222,531,-1,531,222,221,-1,553,554,555,-1,555,554,531,-1,555,531,532,-1,550,551,555,-1,555,551,552,-1,555,552,553,-1,547,548,555,-1,555,548,549,-1,555,549,550,-1,544,545,555,-1,555,545,546,-1,555,546,547,-1,541,542,555,-1,555,542,543,-1,555,543,544,-1,538,539,555,-1,555,539,540,-1,555,540,541,-1,535,536,555,-1,555,536,537,-1,555,537,538,-1,532,533,555,-1,555,533,534,-1,555,534,535,-1,556,246,557,-1,557,246,264,-1,557,264,558,-1,558,264,263,-1,558,263,559,-1,559,263,262,-1,559,262,560,-1,560,262,261,-1,560,261,561,-1,561,261,260,-1,561,260,562,-1,562,260,259,-1,562,259,563,-1,563,259,258,-1,563,258,564,-1,564,258,257,-1,564,257,565,-1,565,257,256,-1,565,256,566,-1,566,256,255,-1,566,255,567,-1,567,255,253,-1,567,253,568,-1,568,253,252,-1,568,252,569,-1,569,252,254,-1,569,254,570,-1,570,254,245,-1,570,245,571,-1,571,245,244,-1,571,244,572,-1,572,244,251,-1,572,251,573,-1,573,251,250,-1,573,250,574,-1,574,250,249,-1,574,249,575,-1,575,249,248,-1,575,248,576,-1,576,248,247,-1,576,247,577,-1,577,247,243,-1,577,243,578,-1,578,243,242,-1,578,242,579,-1,579,242,241,-1,579,241,556,-1,556,241,246,-1,578,579,580,-1,580,579,556,-1,580,556,557,-1,575,576,580,-1,580,576,577,-1,580,577,578,-1,572,573,580,-1,580,573,574,-1,580,574,575,-1,569,570,580,-1,580,570,571,-1,580,571,572,-1,566,567,580,-1,580,567,568,-1,580,568,569,-1,563,564,580,-1,580,564,565,-1,580,565,566,-1,560,561,580,-1,580,561,562,-1,580,562,563,-1,557,558,580,-1,580,558,559,-1,580,559,560,-1,581,282,582,-1,582,282,281,-1,582,281,583,-1,583,281,289,-1,583,289,584,-1,584,289,288,-1,584,288,585,-1,585,288,270,-1,585,270,586,-1,586,270,269,-1,586,269,587,-1,587,269,268,-1,587,268,588,-1,588,268,267,-1,588,267,589,-1,589,267,266,-1,589,266,590,-1,590,266,265,-1,590,265,591,-1,591,265,280,-1,591,280,592,-1,592,280,279,-1,592,279,593,-1,593,279,278,-1,593,278,594,-1,594,278,277,-1,594,277,595,-1,595,277,276,-1,595,276,596,-1,596,276,275,-1,596,275,597,-1,597,275,274,-1,597,274,598,-1,598,274,273,-1,598,273,599,-1,599,273,272,-1,599,272,600,-1,600,272,271,-1,600,271,601,-1,601,271,312,-1,601,312,602,-1,602,312,285,-1,602,285,603,-1,603,285,284,-1,603,284,604,-1,604,284,283,-1,604,283,581,-1,581,283,282,-1,603,604,605,-1,605,604,581,-1,605,581,582,-1,600,601,605,-1,605,601,602,-1,605,602,603,-1,597,598,605,-1,605,598,599,-1,605,599,600,-1,594,595,605,-1,605,595,596,-1,605,596,597,-1,591,592,605,-1,605,592,593,-1,605,593,594,-1,588,589,605,-1,605,589,590,-1,605,590,591,-1,585,586,605,-1,605,586,587,-1,605,587,588,-1,582,583,605,-1,605,583,584,-1,605,584,585,-1,354,345,0,-1,0,345,1,-1,350,346,355,-1,355,346,348,-1,355,348,354,-1,354,348,345,-1,606,607,608,-1,608,607,609,-1,610,611,612,-1,612,611,613,-1,614,615,616,-1,616,615,617,-1,618,619,607,-1,607,619,617,-1,607,617,609,-1,617,613,611,-1,620,621,622,-1,622,621,623,-1,622,623,607,-1,607,623,624,-1,607,624,618,-1,620,622,625,-1,625,622,626,-1,625,626,627,-1,628,625,629,-1,629,625,630,-1,631,632,633,-1,633,632,634,-1,617,615,613,-1,613,615,634,-1,613,634,635,-1,635,634,632,-1,627,636,625,-1,625,636,637,-1,625,637,630,-1,628,638,625,-1,625,638,639,-1,625,639,640,-1,611,641,617,-1,617,641,642,-1,617,642,643,-1,643,644,617,-1,617,644,645,-1,617,645,609,-1,607,606,646,-1,607,646,622,-1,606,647,646,-1,646,647,648,-1,646,648,649,-1,619,650,617,-1,617,650,651,-1,651,652,653,-1,653,654,651,-1,651,654,616,-1,651,616,617,-1,618,624,655,-1,655,656,618,-1,618,656,657,-1,618,657,619,-1,619,657,658,-1,619,658,650,-1,623,621,659,-1,659,660,623,-1,623,660,661,-1,623,661,624,-1,624,661,662,-1,624,662,655,-1,620,625,663,-1,663,664,620,-1,620,664,665,-1,620,665,621,-1,621,665,666,-1,621,666,659,-1,640,639,667,-1,667,668,640,-1,640,668,669,-1,640,669,625,-1,625,669,670,-1,625,670,663,-1,638,671,639,-1,639,671,672,-1,639,672,667,-1,628,673,638,-1,638,673,674,-1,638,674,671,-1,629,675,628,-1,628,675,676,-1,628,676,673,-1,630,677,629,-1,629,677,678,-1,629,678,675,-1,637,679,630,-1,630,679,680,-1,630,680,677,-1,636,681,637,-1,637,681,682,-1,637,682,679,-1,627,683,636,-1,636,683,684,-1,636,684,681,-1,626,685,627,-1,627,685,686,-1,627,686,683,-1,646,687,622,-1,622,687,688,-1,622,688,626,-1,626,688,689,-1,626,689,685,-1,608,609,690,-1,690,609,645,-1,690,645,691,-1,691,645,644,-1,691,644,692,-1,692,644,643,-1,692,643,693,-1,693,643,642,-1,693,642,694,-1,694,642,641,-1,694,641,610,-1,610,641,611,-1,612,613,695,-1,695,613,635,-1,695,635,696,-1,696,635,632,-1,696,632,697,-1,697,632,631,-1,697,631,698,-1,698,631,633,-1,698,633,699,-1,699,633,634,-1,699,634,614,-1,614,634,615,-1,608,690,700,-1,700,690,701,-1,700,701,702,-1,702,701,703,-1,702,703,704,-1,704,703,705,-1,704,705,706,-1,706,705,707,-1,706,707,708,-1,708,707,709,-1,708,709,28,-1,28,709,29,-1,690,691,701,-1,701,691,710,-1,701,710,703,-1,703,710,711,-1,703,711,705,-1,705,711,712,-1,705,712,707,-1,707,712,713,-1,707,713,709,-1,709,713,714,-1,709,714,29,-1,29,714,32,-1,691,692,710,-1,710,692,715,-1,710,715,711,-1,711,715,716,-1,711,716,712,-1,712,716,717,-1,712,717,713,-1,713,717,718,-1,713,718,714,-1,714,718,719,-1,714,719,32,-1,32,719,33,-1,692,693,715,-1,715,693,720,-1,715,720,716,-1,716,720,721,-1,716,721,717,-1,717,721,722,-1,717,722,718,-1,718,722,723,-1,718,723,719,-1,719,723,724,-1,719,724,33,-1,33,724,34,-1,693,694,720,-1,720,694,725,-1,720,725,721,-1,721,725,726,-1,721,726,722,-1,722,726,727,-1,722,727,723,-1,723,727,728,-1,723,728,724,-1,724,728,729,-1,724,729,34,-1,34,729,38,-1,694,610,725,-1,725,610,730,-1,725,730,726,-1,726,730,731,-1,726,731,727,-1,727,731,732,-1,727,732,728,-1,728,732,733,-1,728,733,729,-1,729,733,734,-1,729,734,38,-1,38,734,39,-1,606,608,647,-1,647,608,700,-1,735,736,702,-1,702,736,649,-1,702,649,700,-1,700,649,648,-1,700,648,647,-1,737,738,704,-1,704,738,739,-1,704,739,702,-1,702,739,740,-1,702,740,735,-1,741,742,704,-1,704,742,743,-1,704,743,737,-1,744,745,706,-1,706,745,746,-1,706,746,704,-1,704,746,747,-1,704,747,741,-1,28,30,708,-1,708,30,86,-1,86,85,708,-1,708,85,748,-1,708,748,706,-1,706,748,749,-1,706,749,744,-1,610,612,750,-1,610,750,730,-1,730,750,751,-1,730,751,731,-1,731,751,752,-1,731,752,732,-1,732,752,753,-1,732,753,733,-1,733,753,754,-1,733,754,734,-1,734,754,40,-1,734,40,39,-1,755,652,651,-1,756,757,758,-1,759,760,761,-1,762,763,764,-1,765,766,767,-1,768,769,770,-1,82,771,772,-1,771,773,772,-1,772,773,774,-1,772,774,775,-1,744,749,776,-1,776,749,748,-1,746,745,777,-1,777,745,744,-1,778,747,746,-1,737,743,779,-1,743,742,779,-1,779,742,741,-1,779,741,747,-1,735,740,780,-1,740,739,780,-1,780,739,738,-1,780,738,737,-1,781,736,735,-1,657,782,783,-1,755,651,784,-1,784,651,650,-1,784,650,783,-1,783,650,658,-1,783,658,657,-1,661,785,786,-1,657,656,782,-1,782,656,655,-1,782,655,786,-1,786,655,662,-1,786,662,661,-1,665,787,788,-1,661,660,785,-1,785,660,659,-1,785,659,788,-1,788,659,666,-1,788,666,665,-1,665,664,787,-1,787,664,663,-1,787,663,789,-1,789,663,670,-1,789,670,790,-1,790,670,669,-1,669,668,790,-1,790,668,667,-1,790,667,791,-1,667,672,791,-1,791,672,671,-1,791,671,792,-1,792,671,674,-1,792,674,793,-1,793,674,673,-1,793,673,794,-1,673,676,794,-1,794,676,675,-1,794,675,795,-1,795,675,678,-1,678,677,795,-1,795,677,680,-1,795,680,796,-1,684,797,798,-1,680,679,796,-1,796,679,682,-1,796,682,798,-1,798,682,681,-1,798,681,684,-1,689,799,800,-1,684,683,797,-1,797,683,686,-1,797,686,800,-1,800,686,685,-1,800,685,689,-1,689,688,799,-1,799,688,687,-1,799,687,781,-1,781,687,646,-1,781,646,736,-1,736,646,649,-1,735,801,781,-1,781,801,802,-1,781,802,799,-1,799,802,803,-1,799,803,800,-1,800,803,804,-1,800,804,797,-1,797,804,805,-1,797,805,798,-1,798,805,806,-1,798,806,796,-1,796,806,807,-1,796,807,795,-1,795,807,808,-1,795,808,794,-1,794,808,809,-1,794,809,793,-1,793,809,810,-1,793,810,792,-1,792,810,811,-1,792,811,791,-1,791,811,812,-1,791,812,790,-1,790,812,813,-1,790,813,789,-1,789,813,814,-1,789,814,787,-1,787,814,815,-1,787,815,788,-1,788,815,816,-1,788,816,785,-1,785,816,817,-1,785,817,786,-1,786,817,818,-1,786,818,782,-1,782,818,819,-1,782,819,783,-1,783,819,756,-1,783,756,784,-1,784,756,758,-1,784,758,755,-1,735,780,801,-1,801,780,820,-1,801,820,802,-1,802,820,821,-1,802,821,803,-1,803,821,822,-1,803,822,804,-1,804,822,823,-1,804,823,805,-1,805,823,824,-1,805,824,806,-1,806,824,825,-1,806,825,807,-1,807,825,826,-1,807,826,808,-1,808,826,827,-1,808,827,809,-1,809,827,828,-1,809,828,810,-1,810,828,829,-1,810,829,811,-1,811,829,830,-1,811,830,812,-1,812,830,831,-1,812,831,813,-1,813,831,832,-1,813,832,814,-1,814,832,833,-1,814,833,815,-1,815,833,834,-1,815,834,816,-1,816,834,835,-1,816,835,817,-1,817,835,836,-1,817,836,818,-1,818,836,837,-1,818,837,819,-1,819,837,759,-1,819,759,756,-1,756,759,761,-1,756,761,757,-1,737,838,780,-1,780,838,839,-1,780,839,820,-1,820,839,840,-1,820,840,821,-1,821,840,841,-1,821,841,822,-1,822,841,842,-1,822,842,823,-1,823,842,843,-1,823,843,824,-1,824,843,844,-1,824,844,825,-1,825,844,845,-1,825,845,826,-1,826,845,846,-1,826,846,827,-1,827,846,847,-1,827,847,828,-1,828,847,848,-1,828,848,829,-1,829,848,849,-1,829,849,830,-1,830,849,850,-1,830,850,831,-1,831,850,851,-1,831,851,832,-1,832,851,852,-1,832,852,833,-1,833,852,853,-1,833,853,834,-1,834,853,854,-1,834,854,835,-1,835,854,855,-1,835,855,836,-1,836,855,856,-1,836,856,837,-1,837,856,762,-1,837,762,759,-1,759,762,764,-1,759,764,760,-1,737,779,838,-1,838,779,857,-1,838,857,839,-1,839,857,858,-1,839,858,840,-1,840,858,859,-1,840,859,841,-1,841,859,860,-1,841,860,842,-1,842,860,861,-1,842,861,843,-1,843,861,862,-1,843,862,844,-1,844,862,863,-1,844,863,845,-1,845,863,864,-1,845,864,846,-1,846,864,865,-1,846,865,847,-1,847,865,866,-1,847,866,848,-1,848,866,867,-1,848,867,849,-1,849,867,868,-1,849,868,850,-1,850,868,869,-1,850,869,851,-1,851,869,870,-1,851,870,852,-1,852,870,871,-1,852,871,853,-1,853,871,872,-1,853,872,854,-1,854,872,873,-1,854,873,855,-1,855,873,874,-1,855,874,856,-1,856,874,765,-1,856,765,762,-1,762,765,767,-1,762,767,763,-1,747,778,779,-1,779,778,875,-1,779,875,857,-1,857,875,876,-1,857,876,858,-1,858,876,877,-1,858,877,859,-1,859,877,878,-1,859,878,860,-1,860,878,879,-1,860,879,861,-1,861,879,880,-1,861,880,862,-1,862,880,881,-1,862,881,863,-1,863,881,882,-1,863,882,864,-1,864,882,883,-1,864,883,865,-1,865,883,884,-1,865,884,866,-1,866,884,885,-1,866,885,867,-1,867,885,886,-1,867,886,868,-1,868,886,887,-1,868,887,869,-1,869,887,888,-1,869,888,870,-1,870,888,889,-1,870,889,871,-1,871,889,890,-1,871,890,872,-1,872,890,891,-1,872,891,873,-1,873,891,892,-1,873,892,874,-1,874,892,768,-1,874,768,765,-1,765,768,770,-1,765,770,766,-1,746,777,778,-1,778,777,893,-1,778,893,875,-1,875,893,894,-1,875,894,876,-1,876,894,895,-1,876,895,877,-1,877,895,896,-1,877,896,878,-1,878,896,897,-1,878,897,879,-1,879,897,898,-1,879,898,880,-1,880,898,899,-1,880,899,881,-1,881,899,900,-1,881,900,882,-1,882,900,901,-1,882,901,883,-1,883,901,902,-1,883,902,884,-1,884,902,903,-1,884,903,885,-1,885,903,904,-1,885,904,886,-1,886,904,905,-1,886,905,887,-1,887,905,906,-1,887,906,888,-1,888,906,907,-1,888,907,889,-1,889,907,908,-1,889,908,890,-1,890,908,909,-1,890,909,891,-1,891,909,910,-1,891,910,892,-1,892,910,911,-1,892,911,768,-1,768,911,912,-1,768,912,769,-1,744,776,777,-1,777,776,913,-1,777,913,893,-1,893,913,914,-1,893,914,894,-1,894,914,915,-1,894,915,895,-1,895,915,916,-1,895,916,896,-1,896,916,917,-1,896,917,897,-1,897,917,918,-1,897,918,898,-1,898,918,919,-1,898,919,899,-1,899,919,920,-1,899,920,900,-1,900,920,921,-1,900,921,901,-1,901,921,922,-1,901,922,902,-1,902,922,923,-1,902,923,903,-1,903,923,924,-1,903,924,904,-1,904,924,925,-1,904,925,905,-1,905,925,926,-1,905,926,906,-1,906,926,927,-1,906,927,907,-1,907,927,928,-1,907,928,908,-1,908,928,929,-1,908,929,909,-1,909,929,930,-1,909,930,910,-1,910,930,772,-1,910,772,911,-1,911,772,775,-1,911,775,912,-1,82,772,83,-1,83,772,930,-1,83,930,87,-1,87,930,929,-1,87,929,88,-1,88,929,928,-1,88,928,92,-1,92,928,927,-1,92,927,93,-1,93,927,926,-1,93,926,94,-1,94,926,925,-1,94,925,73,-1,73,925,924,-1,73,924,74,-1,74,924,923,-1,74,923,75,-1,75,923,922,-1,75,922,72,-1,72,922,921,-1,72,921,71,-1,71,921,920,-1,71,920,76,-1,76,920,919,-1,76,919,77,-1,77,919,918,-1,77,918,78,-1,78,918,917,-1,78,917,89,-1,89,917,916,-1,89,916,90,-1,90,916,915,-1,90,915,91,-1,91,915,914,-1,91,914,84,-1,84,914,913,-1,84,913,79,-1,79,913,776,-1,79,776,80,-1,80,776,748,-1,80,748,85,-1,612,695,750,-1,750,695,931,-1,750,931,751,-1,751,931,932,-1,751,932,752,-1,752,932,933,-1,752,933,753,-1,753,933,934,-1,753,934,754,-1,754,934,935,-1,754,935,40,-1,40,935,35,-1,695,696,931,-1,931,696,936,-1,931,936,932,-1,932,936,937,-1,932,937,933,-1,933,937,938,-1,933,938,934,-1,934,938,939,-1,934,939,935,-1,935,939,940,-1,935,940,35,-1,35,940,36,-1,696,697,936,-1,936,697,941,-1,936,941,937,-1,937,941,942,-1,937,942,938,-1,938,942,943,-1,938,943,939,-1,939,943,944,-1,939,944,940,-1,940,944,945,-1,940,945,36,-1,36,945,37,-1,697,698,941,-1,941,698,946,-1,941,946,942,-1,942,946,947,-1,942,947,943,-1,943,947,948,-1,943,948,944,-1,944,948,949,-1,944,949,945,-1,945,949,950,-1,945,950,37,-1,37,950,24,-1,698,699,946,-1,946,699,951,-1,946,951,947,-1,947,951,952,-1,947,952,948,-1,948,952,953,-1,948,953,949,-1,949,953,954,-1,949,954,950,-1,950,954,955,-1,950,955,24,-1,24,955,25,-1,699,614,951,-1,951,614,956,-1,951,956,952,-1,952,956,957,-1,952,957,953,-1,953,957,958,-1,953,958,954,-1,954,958,959,-1,954,959,955,-1,955,959,960,-1,955,960,25,-1,25,960,19,-1,20,19,81,-1,81,19,960,-1,81,960,82,-1,775,774,959,-1,959,774,773,-1,959,773,960,-1,960,773,771,-1,960,771,82,-1,763,767,958,-1,958,767,766,-1,766,770,958,-1,958,770,769,-1,958,769,959,-1,959,769,912,-1,959,912,775,-1,957,760,958,-1,958,760,764,-1,958,764,763,-1,755,758,957,-1,758,757,957,-1,957,757,761,-1,957,761,760,-1,956,614,616,-1,616,654,956,-1,956,654,653,-1,956,653,957,-1,957,653,652,-1,957,652,755,-1,
        ]
    }
}
Shape{
    appearance Appearance {
        material  Material 	{
            diffuseColor 0.6666666666666666 0.6980392156862745 0.7686274509803922
            specularColor 0.3333333333333333 0.34901960784313724 0.3843137254901961
            ambientIntensity 0.6967
            transparency 0.0
            shininess 0.5
        }
    }
    geometry IndexedFaceSet {
        ccw TRUE
        solid FALSE
        coord DEF co Coordinate {
            point [
                3.2949 0.9197 0.1705, 3.2949 0.9197 -0.6904, 3.5902 0.9197 0.1705, 3.5902 0.9197 -0.6904, 3.2949 1.0772 0.1705, 3.5902 1.0772 0.1705, 3.2949 1.0772 -0.6904, 3.5902 1.0772 -0.6904, 3.2949 1.1226 -0.7691, 3.5902 1.1226 -0.7691, 3.5902 1.136 -0.7992, 3.2949 1.136 -0.7992, 3.5902 1.1429 -0.8314, 3.2949 1.1429 -0.8314, 3.5902 1.1429 -0.8643, 3.2949 1.1429 -0.8643, 3.5902 1.136 -0.8965, 3.2949 1.136 -0.8965, 3.5902 1.1226 -0.9266, 3.2949 1.1226 -0.9266, 3.2949 1.0772 -1.0053, 3.5902 1.0772 -1.0053, 3.2949 1.0772 -1.122, 3.5902 1.0772 -1.122, 3.3634 1.0772 -1.378, 3.5216 1.0772 -1.378, 3.5216 0.9197 -1.378, 3.3634 0.9197 -1.378, 3.2949 0.9197 -1.122, 3.5902 0.9197 -1.122, 3.2949 0.9197 -1.0053, 3.5902 0.9197 -1.0053, 3.5902 0.9221 -0.978, 3.2949 0.9221 -0.978, 3.5902 0.9292 -0.9515, 3.2949 0.9292 -0.9515, 3.5902 0.9408 -0.9266, 3.2949 0.9408 -0.9266, 3.2949 0.9862 -0.8479, 3.5902 0.9862 -0.8479, 3.2949 0.9408 -0.7691, 3.5902 0.9408 -0.7691, 3.5902 0.9292 -0.7442, 3.2949 0.9292 -0.7442, 3.5902 0.9221 -0.7177, 3.2949 0.9221 -0.7177
            ]
        }
        coordIndex [
            0,1,2,-1,2,1,3,-1,4,0,5,-1,5,0,2,-1,6,4,7,-1,7,4,5,-1,8,6,9,-1,9,6,7,-1,8,9,10,-1,8,10,11,-1,11,10,12,-1,11,12,13,-1,13,12,14,-1,13,14,15,-1,15,14,16,-1,15,16,17,-1,17,16,18,-1,17,18,19,-1,20,19,21,-1,21,19,18,-1,20,21,22,-1,22,21,23,-1,22,23,24,-1,24,23,25,-1,26,27,25,-1,25,27,24,-1,27,26,28,-1,28,26,29,-1,28,29,30,-1,30,29,31,-1,30,31,32,-1,30,32,33,-1,33,32,34,-1,33,34,35,-1,35,34,36,-1,35,36,37,-1,38,37,39,-1,39,37,36,-1,40,38,41,-1,41,38,39,-1,40,41,42,-1,40,42,43,-1,43,42,44,-1,43,44,45,-1,45,44,3,-1,45,3,1,-1,33,20,30,-1,30,20,22,-1,30,22,28,-1,0,4,1,-1,1,4,6,-1,40,43,6,-1,6,43,45,-1,6,45,1,-1,33,35,20,-1,20,35,37,-1,20,37,19,-1,19,37,38,-1,19,38,17,-1,40,6,38,-1,38,6,8,-1,38,8,11,-1,11,13,38,-1,38,13,15,-1,38,15,17,-1,44,7,3,-1,3,7,5,-1,3,5,2,-1,16,14,39,-1,29,23,31,-1,31,23,21,-1,36,34,21,-1,21,34,32,-1,21,32,31,-1,44,42,7,-1,7,42,41,-1,7,41,9,-1,9,41,39,-1,36,21,39,-1,39,21,18,-1,39,18,16,-1,14,12,39,-1,39,12,10,-1,39,10,9,-1,25,23,26,-1,26,23,29,-1,22,24,28,-1,28,24,27,-1,
        ]
    }
}
Shape{
    appearance Appearance {
        material  Material 	{
            diffuseColor 0.8235294117647058 0.8235294117647058 0.8235294117647058
            specularColor 0.4117647058823529 0.4117647058823529 0.4117647058823529
            ambientIntensity 0.8235
            transparency 0.0
            shininess 0.5
        }
    }
    geometry IndexedFaceSet {
        ccw TRUE
        solid FALSE
        coord DEF co Coordinate {
            point [
                2.6551 0.108 5.4724, 2.5014 -0.0998 5.4724, 2.6551 -0.0998 5.4724, 2.6551 1.1812 4.394, 1.474 1.1812 4.394, 2.6551 0.8828 4.394, 1.474 0.8828 4.394, 1.474 -0.3313 4.394, 2.6551 -0.3313 4.394, 1.474 -0.2287 4.394, 2.6551 -0.2287 4.394, 2.6551 0.8828 4.6063, 2.6551 1.4051 4.6063, 2.6551 -0.2287 4.6063, 2.6551 -0.3313 4.6063, 1.474 1.4051 4.6063, 1.474 0.8828 4.6063, 1.474 -0.3313 4.6063, 1.474 -0.2287 4.6063, 2.7535 -0.1476 4.6063, 2.7535 1.5038 4.6063, 2.7535 -1.039 4.6063, 1.3756 -0.1476 4.6063, 1.3756 1.5038 4.6063, 1.789 -0.8421 4.6063, 1.797 -0.781 4.6063, 1.8206 -0.724 4.6063, 1.8582 -0.6751 4.6063, 1.9071 -0.6375 4.6063, 2.1651 -0.6139 4.6063, 2.222 -0.6375 4.6063, 2.271 -0.6751 4.6063, 2.3085 -0.724 4.6063, 2.3321 -0.781 4.6063, 2.3402 -0.8421 4.6063, 2.3402 -1.039 4.6063, 1.789 -1.039 4.6063, 1.3756 -1.039 4.6063, 1.9641 -0.6139 4.6063, 2.0252 -0.6059 4.6063, 2.1039 -0.6059 4.6063, 1.3756 1.9039 3.7757, 2.7535 1.9039 3.7757, 2.7535 1.9039 2.2965, 1.3756 1.9039 2.2965, 2.7535 1.9039 2.6331, 1.3756 1.9039 2.6331, 1.3756 1.832 2.2246, 2.7535 1.832 2.2246, 1.3756 1.832 1.6716, 2.7535 1.832 1.6716, 1.3756 1.9039 1.5996, 2.7535 1.9039 1.5996, 1.3756 1.9039 0.0394, 2.7535 1.9039 0.0394, 1.3756 1.5038 0.0394, 2.7535 1.5038 0.0394, 1.3756 1.5038 0.1705, 2.7535 1.5038 0.1705, 2.7535 -2.5292 0.1705, 1.3756 -2.5292 0.1705, 2.7535 -0.1476 0.1705, 1.3756 -0.1476 0.1705, 1.3756 -2.5292 0.0394, 2.7535 -2.5292 0.0394, 1.3756 -2.8598 0.0394, 2.7535 -2.8598 0.0394, 2.7535 -2.8598 2.7854, 1.3756 -2.8598 2.7854, 2.7535 -2.8598 2.6331, 1.3756 -2.8598 2.6331, 2.0404 -1.7239 3.9214, 2.1135 -1.7216 3.9237, 2.3411 -1.6111 4.0342, 2.2657 -1.6694 3.9759, 2.188 -1.7047 3.9405, 1.9666 -1.7122 3.933, 1.8901 -1.6838 3.9614, 1.8111 -1.6321 4.0131, 1.6982 -1.1868 4.4585, 1.7446 -1.1016 4.5437, 2.3351 -1.0393 4.606, 2.3301 -1.0403 4.605, 2.366 -1.0776 4.5676, 1.674 -1.2813 4.3639, 1.799 -1.0403 4.605, 1.7977 -1.0399 4.6053, 2.4192 -1.1598 4.4854, 2.4504 -1.2528 4.3925, 1.7934 -1.0392 4.6061, 1.7447 -1.5605 4.0848, 1.6979 -1.4744 4.1709, 1.6739 -1.3793 4.2659, 2.4578 -1.3505 4.2947, 2.4408 -1.4468 4.1984, 2.4009 -1.5355 4.1098, 1.3756 -1.9472 2.8667, 1.3756 -1.9393 2.9271, 1.3756 -0.1476 2.6331, 1.3756 -1.9472 2.9876, 1.3756 -2.338 2.762, 1.3756 -2.2897 2.7248, 1.3756 -1.9706 3.0439, 1.3756 -2.0077 3.0923, 1.3756 -2.0561 3.1294, 1.3756 -2.3985 2.9876, 1.3756 -2.4065 2.9271, 1.3756 -2.3985 2.8667, 1.3756 -2.3752 2.8103, 1.3756 -2.1124 3.1528, 1.3756 -2.1729 3.1607, 1.3756 -2.2333 3.1528, 1.3756 -2.0561 2.7248, 1.3756 -2.0077 2.762, 1.3756 -1.9706 2.8103, 1.3756 -2.2897 3.1294, 1.3756 -2.338 3.0923, 1.3756 -2.3752 3.0439, 1.3756 -2.2333 2.7015, 1.3756 -2.1729 2.6935, 1.3756 -2.1124 2.7015, 1.3756 -2.2595 0.5291, 1.3756 -2.2255 0.5734, 1.3756 -2.5956 0.5734, 1.3756 -2.617 0.6249, 1.3756 -2.6243 0.6802, 1.3756 -2.617 0.7355, 1.3756 -2.5617 0.5291, 1.3756 -2.5174 0.4952, 1.3756 -2.4659 0.4738, 1.3756 -2.4106 0.4665, 1.3756 -2.3553 0.4738, 1.3756 -2.3038 0.4952, 1.3756 -1.4157 1.7991, 1.3756 -1.4617 1.8591, 1.3756 -2.2042 0.7355, 1.3756 -2.1969 0.6802, 1.3756 -2.2042 0.6249, 1.3756 -2.4659 0.8866, 1.3756 -2.5174 0.8652, 1.3756 -2.2595 0.8313, 1.3756 -2.3038 0.8652, 1.3756 -1.8717 1.4491, 1.3756 -1.7417 1.9341, 1.3756 -1.8117 1.9052, 1.3756 -1.8717 1.8591, 1.3756 -1.9178 1.7991, 1.3756 -1.9467 1.7292, 1.3756 -1.9566 1.6541, 1.3756 -2.5617 0.8313, 1.3756 -2.5956 0.787, 1.3756 -1.5917 1.3741, 1.3756 -1.6667 1.3642, 1.3756 -2.2255 0.787, 1.3756 -1.7417 1.3741, 1.3756 -1.8117 1.4031, 1.3756 -1.5218 1.9052, 1.3756 -1.5917 1.9341, 1.3756 -1.6667 1.944, 1.3756 -2.3553 0.8866, 1.3756 -2.4106 0.8939, 1.3756 -1.9178 1.5092, 1.3756 -1.9467 1.5791, 1.3756 -1.5218 1.4031, 1.3756 -1.4617 1.4491, 1.3756 -1.4157 1.5092, 1.3756 -1.3867 1.5791, 1.3756 -1.3768 1.6541, 1.3756 -1.3867 1.7292, 1.3756 1.5117 2.5012, 1.3756 1.4612 2.5399, 1.3756 1.583 2.329, 1.3756 1.5747 2.392, 1.3756 1.5504 2.4508, 1.3756 1.4612 2.118, 1.3756 1.5117 2.1567, 1.3756 1.5504 2.2072, 1.3756 1.5747 2.2659, 1.3756 1.2177 2.5399, 1.3756 1.1672 2.5012, 1.3756 1.1285 2.4508, 1.3756 1.1042 2.392, 1.3756 1.4025 2.5643, 1.3756 1.3394 2.5726, 1.3756 1.2764 2.5643, 1.3756 1.1672 2.1567, 1.3756 1.2177 2.118, 1.3756 1.0959 2.329, 1.3756 1.1042 2.2659, 1.3756 1.1285 2.2072, 1.3756 1.2764 2.0937, 1.3756 1.3394 2.0854, 1.3756 1.4025 2.0937, 1.3756 1.0904 3.3666, 1.3756 1.1162 3.3044, 1.3756 1.1572 3.251, 1.3756 1.1572 3.6156, 1.3756 1.1162 3.5622, 1.3756 1.0904 3.5, 1.3756 1.0817 3.4333, 1.3756 1.4062 3.1843, 1.3756 1.4683 3.21, 1.3756 1.5217 3.251, 1.3756 1.5884 3.5, 1.3756 1.5627 3.5622, 1.3756 1.5217 3.6156, 1.3756 1.4683 3.6565, 1.3756 1.4062 3.6823, 1.3756 1.3394 3.6911, 1.3756 1.2727 3.6823, 1.3756 1.2106 3.6565, 1.3756 1.2106 3.21, 1.3756 1.2727 3.1843, 1.3756 1.3394 3.1755, 1.3756 1.5627 3.3044, 1.3756 1.5884 3.3666, 1.3756 1.5972 3.4333, 2.7535 -0.1476 2.6331, 2.7535 1.1572 3.251, 2.7535 1.1162 3.3044, 2.7535 1.5627 3.3044, 2.7535 1.5217 3.251, 2.7535 1.5627 3.5622, 2.7535 1.5884 3.5, 2.7535 1.5972 3.4333, 2.7535 1.5884 3.3666, 2.7535 1.4683 3.21, 2.7535 1.4062 3.1843, 2.7535 1.3394 3.1755, 2.7535 1.0904 3.3666, 2.7535 1.0817 3.4333, 2.7535 1.0904 3.5, 2.7535 1.1162 3.5622, 2.7535 1.1572 3.6156, 2.7535 1.2106 3.6565, 2.7535 1.2727 3.6823, 2.7535 1.3394 3.6911, 2.7535 1.4062 3.6823, 2.7535 1.4683 3.6565, 2.7535 1.5217 3.6156, 2.7535 1.2727 3.1843, 2.7535 1.2106 3.21, 2.7535 1.4025 2.5643, 2.7535 1.4612 2.5399, 2.7535 1.5117 2.5012, 2.7535 1.5117 2.1567, 2.7535 1.4612 2.118, 2.7535 1.3394 2.5726, 2.7535 1.5504 2.4508, 2.7535 1.5747 2.392, 2.7535 1.583 2.329, 2.7535 1.5747 2.2659, 2.7535 1.5504 2.2072, 2.7535 1.4025 2.0937, 2.7535 1.3394 2.0854, 2.7535 1.2764 2.0937, 2.7535 1.2177 2.118, 2.7535 1.0959 2.329, 2.7535 1.1042 2.392, 2.7535 1.1285 2.4508, 2.7535 1.1672 2.5012, 2.7535 1.1672 2.1567, 2.7535 1.1285 2.2072, 2.7535 1.1042 2.2659, 2.7535 1.2177 2.5399, 2.7535 1.2764 2.5643, 2.7535 -1.8117 1.9052, 2.7535 -1.8717 1.8591, 2.7535 -1.9178 1.7991, 2.7535 -2.2255 0.5734, 2.7535 -2.2042 0.6249, 2.7535 -2.1969 0.6802, 2.7535 -2.5617 0.5291, 2.7535 -2.5956 0.5734, 2.7535 -2.617 0.6249, 2.7535 -2.6243 0.6802, 2.7535 -1.5218 1.9052, 2.7535 -1.4617 1.8591, 2.7535 -1.4157 1.7991, 2.7535 -2.2595 0.5291, 2.7535 -2.3038 0.4952, 2.7535 -2.3553 0.4738, 2.7535 -2.4106 0.4665, 2.7535 -2.4659 0.4738, 2.7535 -2.5174 0.4952, 2.7535 -1.8717 1.4491, 2.7535 -1.9178 1.5092, 2.7535 -2.4106 0.8939, 2.7535 -1.3867 1.7292, 2.7535 -1.3768 1.6541, 2.7535 -1.3867 1.5791, 2.7535 -1.4157 1.5092, 2.7535 -1.4617 1.4491, 2.7535 -1.7417 1.9341, 2.7535 -1.6667 1.944, 2.7535 -1.5917 1.9341, 2.7535 -2.5617 0.8313, 2.7535 -2.5174 0.8652, 2.7535 -2.4659 0.8866, 2.7535 -2.617 0.7355, 2.7535 -2.5956 0.787, 2.7535 -1.9467 1.5791, 2.7535 -1.9566 1.6541, 2.7535 -1.9467 1.7292, 2.7535 -2.2595 0.8313, 2.7535 -2.2255 0.787, 2.7535 -1.6667 1.3642, 2.7535 -1.5218 1.4031, 2.7535 -1.5917 1.3741, 2.7535 -2.2042 0.7355, 2.7535 -2.3553 0.8866, 2.7535 -2.3038 0.8652, 2.7535 -1.8117 1.4031, 2.7535 -1.7417 1.3741, 2.7535 -1.9393 2.9271, 2.7535 -1.9472 2.8667, 2.7535 -2.4065 2.9271, 2.7535 -2.3985 2.9876, 2.7535 -2.0561 3.1294, 2.7535 -2.2897 2.7248, 2.7535 -2.338 2.762, 2.7535 -2.3752 2.8103, 2.7535 -2.3985 2.8667, 2.7535 -1.9706 2.8103, 2.7535 -2.0077 2.762, 2.7535 -2.0561 2.7248, 2.7535 -2.3752 3.0439, 2.7535 -2.338 3.0923, 2.7535 -2.2897 3.1294, 2.7535 -2.2333 3.1528, 2.7535 -2.1729 3.1607, 2.7535 -2.1124 3.1528, 2.7535 -2.0077 3.0923, 2.7535 -1.9706 3.0439, 2.7535 -1.9472 2.9876, 2.7535 -2.1124 2.7015, 2.7535 -2.1729 2.6935, 2.7535 -2.2333 2.7015, 1.474 0.8828 5.0536, 1.474 1.0277 5.0536, 2.6551 0.8828 5.0536, 2.6551 1.0277 5.0536, 2.6551 -0.2287 4.7669, 1.474 -0.2287 4.7669, 1.474 -0.0998 4.7669, 2.6551 -0.0998 4.7669, 2.5014 -0.0998 5.2756, 2.0124 -0.0998 5.4724, 1.474 -0.0998 5.4724, 2.0124 -0.0998 5.2756, 1.474 0.8828 5.4724, 2.6551 0.7691 5.4724, 2.6551 0.8828 5.4724, 1.474 1.0277 5.2598, 2.6551 1.0277 5.2598, 2.6551 0.108 5.2756, 2.6551 0.7691 5.2756, 1.2575 1.2727 3.6823, 1.2575 1.2106 3.6565, 1.2575 1.1572 3.6156, 1.2575 1.1162 3.5622, 1.2575 1.0904 3.5, 1.2575 1.0817 3.4333, 1.2575 1.0904 3.3666, 1.2575 1.1162 3.3044, 1.2575 1.1572 3.251, 1.2575 1.2106 3.21, 1.2575 1.2727 3.1843, 1.2575 1.3394 3.1755, 1.2575 1.4062 3.1843, 1.2575 1.4683 3.21, 1.2575 1.5217 3.251, 1.2575 1.5627 3.3044, 1.2575 1.5884 3.3666, 1.2575 1.5972 3.4333, 1.2575 1.5884 3.5, 1.2575 1.5627 3.5622, 1.2575 1.5217 3.6156, 1.2575 1.4683 3.6565, 1.2575 1.4062 3.6823, 1.2575 1.3394 3.6911, 1.2575 1.3394 3.4333, 1.2575 1.2764 2.5643, 1.2575 1.2177 2.5399, 1.2575 1.1672 2.5012, 1.2575 1.1285 2.4508, 1.2575 1.1042 2.392, 1.2575 1.0959 2.329, 1.2575 1.1042 2.2659, 1.2575 1.1285 2.2072, 1.2575 1.1672 2.1567, 1.2575 1.2177 2.118, 1.2575 1.2764 2.0937, 1.2575 1.3394 2.0854, 1.2575 1.4025 2.0937, 1.2575 1.4612 2.118, 1.2575 1.5117 2.1567, 1.2575 1.5504 2.2072, 1.2575 1.5747 2.2659, 1.2575 1.583 2.329, 1.2575 1.5747 2.392, 1.2575 1.5504 2.4508, 1.2575 1.5117 2.5012, 1.2575 1.4612 2.5399, 1.2575 1.4025 2.5643, 1.2575 1.3394 2.5726, 1.2575 1.3394 2.329, 1.2575 -2.2333 3.1528, 1.2575 -2.2897 3.1294, 1.2575 -2.338 3.0923, 1.2575 -2.3752 3.0439, 1.2575 -2.3985 2.9876, 1.2575 -2.4065 2.9271, 1.2575 -2.3985 2.8667, 1.2575 -2.3752 2.8103, 1.2575 -2.338 2.762, 1.2575 -2.2897 2.7248, 1.2575 -2.2333 2.7015, 1.2575 -2.1729 2.6935, 1.2575 -2.1124 2.7015, 1.2575 -2.0561 2.7248, 1.2575 -2.0077 2.762, 1.2575 -1.9706 2.8103, 1.2575 -1.9472 2.8667, 1.2575 -1.9393 2.9271, 1.2575 -1.9472 2.9876, 1.2575 -1.9706 3.0439, 1.2575 -2.0077 3.0923, 1.2575 -2.0561 3.1294, 1.2575 -2.1124 3.1528, 1.2575 -2.1729 3.1607, 1.2575 -2.1729 2.9271, 1.2575 -2.4659 0.8866, 1.2575 -2.5174 0.8652, 1.2575 -2.5617 0.8313, 1.2575 -2.5956 0.787, 1.2575 -2.617 0.7355, 1.2575 -2.6243 0.6802, 1.2575 -2.617 0.6249, 1.2575 -2.5956 0.5734, 1.2575 -2.5617 0.5291, 1.2575 -2.5174 0.4952, 1.2575 -2.4659 0.4738, 1.2575 -2.4106 0.4665, 1.2575 -2.3553 0.4738, 1.2575 -2.3038 0.4952, 1.2575 -2.2595 0.5291, 1.2575 -2.2255 0.5734, 1.2575 -2.2042 0.6249, 1.2575 -2.1969 0.6802, 1.2575 -2.2042 0.7355, 1.2575 -2.2255 0.787, 1.2575 -2.2595 0.8313, 1.2575 -2.3038 0.8652, 1.2575 -2.3553 0.8866, 1.2575 -2.4106 0.8939, 1.2575 -2.4106 0.6802, 1.2575 -1.7417 1.9341, 1.2575 -1.8117 1.9052, 1.2575 -1.8717 1.8591, 1.2575 -1.9178 1.7991, 1.2575 -1.9467 1.7292, 1.2575 -1.9566 1.6541, 1.2575 -1.9467 1.5791, 1.2575 -1.9178 1.5092, 1.2575 -1.8717 1.4491, 1.2575 -1.8117 1.4031, 1.2575 -1.7417 1.3741, 1.2575 -1.6667 1.3642, 1.2575 -1.5917 1.3741, 1.2575 -1.5218 1.4031, 1.2575 -1.4617 1.4491, 1.2575 -1.4157 1.5092, 1.2575 -1.3867 1.5791, 1.2575 -1.3768 1.6541, 1.2575 -1.3867 1.7292, 1.2575 -1.4157 1.7991, 1.2575 -1.4617 1.8591, 1.2575 -1.5218 1.9052, 1.2575 -1.5917 1.9341, 1.2575 -1.6667 1.944, 1.2575 -1.6667 1.6541, 2.6354 -2.1729 3.1607, 2.6354 -2.2333 3.1528, 2.6354 -2.2897 3.1294, 2.6354 -2.338 3.0923, 2.6354 -2.3752 3.0439, 2.6354 -2.3985 2.9876, 2.6354 -2.4065 2.9271, 2.6354 -2.3985 2.8667, 2.6354 -2.3752 2.8103, 2.6354 -2.338 2.762, 2.6354 -2.2897 2.7248, 2.6354 -2.2333 2.7015, 2.6354 -2.1729 2.6935, 2.6354 -2.1124 2.7015, 2.6354 -2.0561 2.7248, 2.6354 -2.0077 2.762, 2.6354 -1.9706 2.8103, 2.6354 -1.9472 2.8667, 2.6354 -1.9393 2.9271, 2.6354 -1.9472 2.9876, 2.6354 -1.9706 3.0439, 2.6354 -2.0077 3.0923, 2.6354 -2.0561 3.1294, 2.6354 -2.1124 3.1528, 2.6354 -2.1729 2.9271, 2.6354 -1.6667 1.944, 2.6354 -1.7417 1.9341, 2.6354 -1.8117 1.9052, 2.6354 -1.8717 1.8591, 2.6354 -1.9178 1.7991, 2.6354 -1.9467 1.7292, 2.6354 -1.9566 1.6541, 2.6354 -1.9467 1.5791, 2.6354 -1.9178 1.5092, 2.6354 -1.8717 1.4491, 2.6354 -1.8117 1.4031, 2.6354 -1.7417 1.3741, 2.6354 -1.6667 1.3642, 2.6354 -1.5917 1.3741, 2.6354 -1.5218 1.4031, 2.6354 -1.4617 1.4491, 2.6354 -1.4157 1.5092, 2.6354 -1.3867 1.5791, 2.6354 -1.3768 1.6541, 2.6354 -1.3867 1.7292, 2.6354 -1.4157 1.7991, 2.6354 -1.4617 1.8591, 2.6354 -1.5218 1.9052, 2.6354 -1.5917 1.9341, 2.6354 -1.6667 1.6541, 2.6354 1.3394 3.6911, 2.6354 1.2727 3.6823, 2.6354 1.2106 3.6565, 2.6354 1.1572 3.6156, 2.6354 1.1162 3.5622, 2.6354 1.0904 3.5, 2.6354 1.0817 3.4333, 2.6354 1.0904 3.3666, 2.6354 1.1162 3.3044, 2.6354 1.1572 3.251, 2.6354 1.2106 3.21, 2.6354 1.2727 3.1843, 2.6354 1.3394 3.1755, 2.6354 1.4062 3.1843, 2.6354 1.4683 3.21, 2.6354 1.5217 3.251, 2.6354 1.5627 3.3044, 2.6354 1.5884 3.3666, 2.6354 1.5972 3.4333, 2.6354 1.5884 3.5, 2.6354 1.5627 3.5622, 2.6354 1.5217 3.6156, 2.6354 1.4683 3.6565, 2.6354 1.4062 3.6823, 2.6354 1.3394 3.4333, 2.6354 1.3394 2.5726, 2.6354 1.2764 2.5643, 2.6354 1.2177 2.5399, 2.6354 1.1672 2.5012, 2.6354 1.1285 2.4508, 2.6354 1.1042 2.392, 2.6354 1.0959 2.329, 2.6354 1.1042 2.2659, 2.6354 1.1285 2.2072, 2.6354 1.1672 2.1567, 2.6354 1.2177 2.118, 2.6354 1.2764 2.0937, 2.6354 1.3394 2.0854, 2.6354 1.4025 2.0937, 2.6354 1.4612 2.118, 2.6354 1.5117 2.1567, 2.6354 1.5504 2.2072, 2.6354 1.5747 2.2659, 2.6354 1.583 2.329, 2.6354 1.5747 2.392, 2.6354 1.5504 2.4508, 2.6354 1.5117 2.5012, 2.6354 1.4612 2.5399, 2.6354 1.4025 2.5643, 2.6354 1.3394 2.329, 2.6354 -2.4106 0.8939, 2.6354 -2.4659 0.8866, 2.6354 -2.5174 0.8652, 2.6354 -2.5617 0.8313, 2.6354 -2.5956 0.787, 2.6354 -2.617 0.7355, 2.6354 -2.6243 0.6802, 2.6354 -2.617 0.6249, 2.6354 -2.5956 0.5734, 2.6354 -2.5617 0.5291, 2.6354 -2.5174 0.4952, 2.6354 -2.4659 0.4738, 2.6354 -2.4106 0.4665, 2.6354 -2.3553 0.4738, 2.6354 -2.3038 0.4952, 2.6354 -2.2595 0.5291, 2.6354 -2.2255 0.5734, 2.6354 -2.2042 0.6249, 2.6354 -2.1969 0.6802, 2.6354 -2.2042 0.7355, 2.6354 -2.2255 0.787, 2.6354 -2.2595 0.8313, 2.6354 -2.3038 0.8652, 2.6354 -2.3553 0.8866, 2.6354 -2.4106 0.6802, 1.8283 -1.039 4.5669, 1.8283 -1.039 2.6378, 1.8283 -0.8421 4.5669, 1.8283 -0.8421 2.6378, 2.0252 -0.6453 4.5669, 2.0252 -0.6453 2.6378, 2.1039 -0.6453 4.5669, 2.1039 -0.6453 2.6378, 2.3008 -0.8421 4.5669, 2.3008 -0.8421 2.6378, 2.3008 -1.039 4.5669, 2.3008 -1.039 2.6378, 1.8545 -1.5884 2.6378, 1.9329 -1.632 2.6378, 2.4135 -1.3646 2.6378, 2.4178 -1.2749 2.6378, 1.7113 -1.2749 2.6378, 1.7156 -1.3646 2.6378, 1.7696 -1.1068 2.6378, 1.7297 -1.1871 2.6378, 1.7422 -1.4502 2.6378, 1.7895 -1.5265 2.6378, 2.3994 -1.1871 2.6378, 2.3595 -1.1068 2.6378, 1.8351 -0.7912 2.6378, 2.1963 -1.632 2.6378, 2.2747 -1.5884 2.6378, 2.1094 -1.6545 2.6378, 2.3396 -1.5265 2.6378, 2.0197 -1.6545 2.6378, 2.3869 -1.4502 2.6378, 2.2431 -0.7029 2.6378, 2.2024 -0.6716 2.6378, 2.2744 -0.7437 2.6378, 2.2941 -0.7912 2.6378, 2.1549 -0.652 2.6378, 1.9742 -0.652 2.6378, 1.9268 -0.6716 2.6378, 1.886 -0.7029 2.6378, 1.8547 -0.7437 2.6378, 1.7766 -1.0967 4.5159, 1.8281 -1.0392 4.5714, 1.8272 -1.04 4.5757, 1.8267 -1.0405 4.5783, 2.3573 -1.1082 4.503, 2.3358 -1.0751 4.5398, 2.3025 -1.0405 4.5783, 2.3021 -1.0402 4.5771, 2.3011 -1.0393 4.5721, 2.415 -1.2752 4.3175, 2.4118 -1.2328 4.3646, 2.3968 -1.188 4.4144, 2.3837 -1.1491 4.4576, 2.3844 -1.4491 4.1242, 2.4032 -1.4074 4.1706, 2.4108 -1.3641 4.2187, 2.4185 -1.3207 4.2669, 2.2731 -1.5864 3.9717, 2.3135 -1.5552 4.0063, 2.3375 -1.5248 4.0401, 2.3673 -1.4872 4.0819, 2.1094 -1.6545 3.8961, 2.1757 -1.6395 3.9127, 2.1956 -1.6305 3.9227, 2.2455 -1.6077 3.9481, 2.0429 -1.6567 3.8936, 2.1086 -1.6547 3.8959, 1.9764 -1.6463 3.9052, 2.0199 -1.6531 3.8976, 1.9075 -1.6207 3.9336, 1.9335 -1.6303 3.9229, 1.8364 -1.5742 3.9853, 1.8556 -1.5867 3.9714, 1.7767 -1.5097 4.0569, 1.791 -1.5251 4.0398, 1.7346 -1.4322 4.143, 1.7439 -1.4493 4.124, 1.7129 -1.3466 4.2381, 1.7174 -1.3641 4.2187, 1.7131 -1.2585 4.3361, 1.713 -1.275 4.3177, 1.7707 -1.1074 4.5039, 1.7348 -1.1733 4.4307, 1.7312 -1.1875 4.4149, 1.8351 -0.7912 4.5669, 1.8547 -0.7437 4.5669, 1.886 -0.7029 4.5669, 1.9268 -0.6716 4.5669, 1.9742 -0.652 4.5669, 2.1549 -0.652 4.5669, 2.2024 -0.6716 4.5669, 2.2431 -0.7029 4.5669, 2.2744 -0.7437 4.5669, 2.2941 -0.7912 4.5669, 1.7977 -0.8421 4.6053, 1.8055 -0.7832 4.6053, 1.974 -0.651 4.5757, 2.0252 -0.6443 4.5757, 2.0252 -0.6438 4.5771, 1.9732 -0.6482 4.584, 2.0252 -0.6414 4.584, 2.0252 -0.6398 4.5865, 1.972 -0.6437 4.5915, 2.0252 -0.6367 4.5915, 2.0252 -0.6336 4.5946, 1.9704 -0.6376 4.5977, 1.8274 -0.8421 4.5757, 1.8341 -0.7909 4.5757, 1.8244 -0.8421 4.584, 1.8313 -0.7902 4.584, 1.8198 -0.8421 4.5915, 1.8268 -0.7889 4.5915, 1.8135 -0.8421 4.5977, 1.8207 -0.7873 4.5977, 1.8061 -0.8421 4.6024, 1.8135 -0.7854 4.6024, 1.8539 -0.7432 4.5757, 1.8513 -0.7417 4.584, 1.8473 -0.7394 4.5915, 1.8419 -0.7363 4.5977, 1.8354 -0.7325 4.6024, 1.8853 -0.7022 4.5757, 1.8832 -0.7002 4.584, 1.8799 -0.6968 4.5915, 1.8755 -0.6924 4.5977, 1.8702 -0.6872 4.6024, 1.9263 -0.6708 4.5757, 1.9248 -0.6683 4.584, 1.9225 -0.6642 4.5915, 1.9194 -0.6588 4.5977, 1.9156 -0.6523 4.6024, 1.9685 -0.6304 4.6024, 2.0252 -0.6304 4.5977, 2.0252 -0.6255 4.6008, 2.0252 -0.623 4.6024, 2.0252 -0.616 4.6048, 1.8282 -0.7284 4.6053, 1.8644 -0.6813 4.6053, 1.9115 -0.6451 4.6053, 1.9663 -0.6224 4.6053, 2.0252 -0.6147 4.6053, 1.8135 -1.0429 4.5977, 1.8135 -1.0429 4.5977, 1.8249 -1.0414 4.5824, 1.8206 -1.0427 4.5901, 1.8216 -1.0426 4.5889, 1.8234 -1.0422 4.586, 1.8243 -1.0417 4.5839, 1.8163 -1.043 4.5952, 1.8178 -1.0429 4.5935, 1.8196 -1.0428 4.5913, 1.8035 -1.0413 4.6035, 1.8061 -1.0419 4.6024, 1.8063 -1.0419 4.6023, 1.8111 -1.0426 4.5993, 1.8033 -1.0413 4.6036, 2.1039 -0.6443 4.5757, 2.1039 -0.6438 4.5771, 2.1039 -0.6414 4.584, 2.1039 -0.6398 4.5865, 2.1039 -0.6367 4.5915, 2.1039 -0.6336 4.5946, 2.1039 -0.6304 4.5977, 2.1039 -0.6255 4.6008, 2.1039 -0.623 4.6024, 2.1039 -0.616 4.6048, 2.1039 -0.6147 4.6053, 2.3039 -1.0414 4.5822, 2.3405 -1.0788 4.5474, 2.3061 -1.0422 4.5863, 2.304 -1.0415 4.5825, 2.3433 -1.08 4.551, 2.3079 -1.0427 4.5894, 2.3062 -1.0422 4.5865, 2.3466 -1.0807 4.5545, 2.3113 -1.0429 4.5935, 2.3099 -1.0429 4.5922, 2.3501 -1.081 4.5577, 2.3145 -1.0429 4.5966, 2.3125 -1.0429 4.5946, 2.3539 -1.0809 4.5607, 2.3191 -1.0425 4.6002, 2.3159 -1.0429 4.5979, 2.33 -1.0403 4.605, 2.3269 -1.0411 4.604, 2.3619 -1.0791 4.5657, 2.3259 -1.0412 4.6035, 2.3218 -1.042 4.6015, 1.749 -1.1029 4.5419, 1.7577 -1.1042 4.537, 1.7617 -1.1042 4.534, 1.7654 -1.1036 4.5308, 1.7689 -1.1025 4.5273, 1.7719 -1.101 4.5236, 1.7745 -1.099 4.5197, 2.4132 -1.2369 4.3691, 2.3856 -1.1522 4.4617, 2.3379 -1.0772 4.5436, 2.4023 -1.4127 4.1762, 2.4188 -1.3257 4.2718, 2.3105 -1.5597 4.0138, 2.3652 -1.4924 4.0884, 2.2424 -1.611 3.9566, 2.1733 -1.6417 3.9222, 2.1075 -1.6561 3.9059, 2.0434 -1.6581 3.9037, 1.9784 -1.6481 3.915, 1.9105 -1.6236 3.9425, 1.8395 -1.5783 3.9931, 1.7791 -1.5147 4.0637, 1.7129 -1.3518 4.2432, 1.7358 -1.4376 4.1488, 1.733 -1.1768 4.4348, 1.712 -1.2629 4.3407, 1.7305 -1.1799 4.4389, 1.7098 -1.2671 4.3451, 1.7115 -1.3569 4.2482, 1.7355 -1.4433 4.1544, 1.7798 -1.5206 4.07, 1.8411 -1.5838 4.0005, 1.9122 -1.6284 3.9509, 1.9797 -1.6524 3.9241, 2.0437 -1.6621 3.9132, 2.1068 -1.6602 3.9153, 2.1718 -1.6461 3.9311, 2.2407 -1.6161 3.9647, 2.3092 -1.5654 4.0208, 2.3648 -1.4982 4.0945, 2.403 -1.4183 4.1816, 2.4204 -1.3306 4.2766, 2.4155 -1.2408 4.3734, 2.3882 -1.155 4.4657, 1.7273 -1.1825 4.4429, 1.7067 -1.2709 4.3493, 1.7089 -1.3618 4.2528, 1.7336 -1.4491 4.1595, 1.7788 -1.527 4.0758, 1.8409 -1.5905 4.007, 1.9126 -1.6351 3.9582, 1.9801 -1.6588 3.9319, 2.0438 -1.6683 3.9213, 2.1066 -1.6664 3.9234, 2.1714 -1.6526 3.9388, 2.2404 -1.6227 3.9717, 2.3096 -1.572 4.0271, 2.3661 -1.5046 4.1, 2.4051 -1.4239 4.1865, 2.4232 -1.3352 4.2811, 2.4187 -1.2443 4.3775, 2.3914 -1.1573 4.4695, 1.7234 -1.1847 4.4465, 1.7027 -1.2742 4.3532, 1.7051 -1.3664 4.2569, 1.7302 -1.4549 4.164, 1.7762 -1.5338 4.0806, 1.839 -1.598 4.0123, 1.9115 -1.643 3.964, 1.9795 -1.6669 3.938, 2.0437 -1.6765 3.9276, 2.1068 -1.6746 3.9296, 2.1721 -1.6607 3.9448, 2.2417 -1.6306 3.9773, 2.3117 -1.5793 4.0322, 2.369 -1.511 4.1047, 2.4087 -1.4293 4.1908, 2.4271 -1.3394 4.2851, 2.4226 -1.2473 4.3813, 2.3952 -1.1591 4.4731, 1.719 -1.1863 4.4498, 1.698 -1.277 4.3566, 1.7002 -1.3705 4.2604, 1.7255 -1.4603 4.1675, 1.7719 -1.5405 4.0843, 1.8356 -1.6058 4.016, 1.9091 -1.6517 3.9678, 1.9782 -1.6762 3.9419, 2.0434 -1.686 3.9315, 2.1075 -1.684 3.9336, 2.1738 -1.6698 3.9487, 2.2445 -1.639 3.9812, 2.3154 -1.5868 4.0359, 2.3734 -1.5173 4.1084, 2.4134 -1.4343 4.1944, 2.432 -1.3431 4.2886, 2.4273 -1.2497 4.3847, 2.3994 -1.1604 4.4764, 1.7142 -1.1873 4.4527, 1.6926 -1.2792 4.3594, 1.6944 -1.3739 4.2631, 1.7197 -1.4651 4.1701, 1.7664 -1.5468 4.0866, 1.8308 -1.6136 4.0181, 1.9055 -1.6607 3.9695, 1.976 -1.686 3.9434, 2.0428 -1.6961 3.9329, 2.1086 -1.6941 3.9349, 2.1765 -1.6794 3.9502, 2.2486 -1.6477 3.983, 2.3205 -1.5941 4.0381, 2.3791 -1.5232 4.1108, 2.4193 -1.4388 4.197, 2.4377 -1.3461 4.2913, 2.4326 -1.2515 4.3876, 2.404 -1.1611 4.4794, 1.7534 -1.1038 4.5396, 1.7091 -1.1877 4.4552, 1.6867 -1.2806 4.3616, 1.688 -1.3766 4.265, 1.713 -1.4692 4.1715, 1.7598 -1.5524 4.0875, 1.8249 -1.6208 4.0182, 1.9009 -1.6694 3.969, 1.9733 -1.6957 3.9423, 2.0421 -1.7063 3.9315, 2.11 -1.7042 3.9337, 2.1799 -1.6888 3.9493, 2.2536 -1.6559 3.9827, 2.3268 -1.6008 4.0385, 2.3858 -1.5283 4.1118, 2.426 -1.4424 4.1986, 2.444 -1.3484 4.2933, 2.4383 -1.2526 4.3899, 2.4089 -1.1612 4.4819, 2.3578 -1.0802 4.5634, 2.3205 -1.0422 4.6009, 1.7037 -1.1875 4.4571, 1.6804 -1.2814 4.3631, 1.681 -1.3784 4.2659, 1.7056 -1.4723 4.1718, 1.7525 -1.557 4.0869, 1.8182 -1.6271 4.0166, 1.8957 -1.6773 3.9662, 1.9701 -1.7046 3.9388, 2.0413 -1.7157 3.9276, 2.1117 -1.7135 3.9298, 2.1838 -1.6974 3.946, 2.2595 -1.6633 3.9803, 2.3337 -1.6066 4.0372, 2.3932 -1.5325 4.1115, 2.4332 -1.4451 4.1991, 2.4508 -1.3499 4.2944, 2.4443 -1.2531 4.3915, 2.414 -1.1608 4.4839, 2.295 -0.7909 4.5757, 2.1551 -0.651 4.5757, 2.1559 -0.6482 4.584, 2.3018 -0.8421 4.5757, 2.3023 -0.8421 4.5771, 2.2978 -0.7902 4.584, 2.1571 -0.6437 4.5915, 2.3047 -0.8421 4.584, 2.3062 -0.8421 4.5865, 2.3024 -0.7889 4.5915, 2.1587 -0.6376 4.5977, 2.3094 -0.8421 4.5915, 2.3125 -0.8421 4.5946, 2.3084 -0.7873 4.5977, 2.1607 -0.6304 4.6024, 2.2029 -0.6708 4.5757, 2.2043 -0.6683 4.584, 2.2067 -0.6642 4.5915, 2.2098 -0.6588 4.5977, 2.2135 -0.6523 4.6024, 2.2438 -0.7022 4.5757, 2.2459 -0.7002 4.584, 2.2492 -0.6968 4.5915, 2.2536 -0.6924 4.5977, 2.2589 -0.6872 4.6024, 2.2753 -0.7432 4.5757, 2.2778 -0.7417 4.584, 2.2818 -0.7394 4.5915, 2.2872 -0.7363 4.5977, 2.2937 -0.7325 4.6024, 2.3156 -0.7854 4.6024, 2.1628 -0.6224 4.6053, 2.3156 -0.8421 4.5977, 2.3206 -0.8421 4.6008, 2.3231 -0.8421 4.6024, 2.33 -0.8421 4.6048, 2.2177 -0.6451 4.6053, 2.2648 -0.6813 4.6053, 2.3009 -0.7284 4.6053, 2.3236 -0.7832 4.6053, 2.3314 -0.8421 4.6053
            ]
        }
        coordIndex [
            0,1,2,-1,3,4,5,-1,5,4,6,-1,7,8,9,-1,9,8,10,-1,11,12,5,-1,5,12,3,-1,10,8,13,-1,13,8,14,-1,4,15,6,-1,6,15,16,-1,17,7,18,-1,18,7,9,-1,19,20,11,-1,11,13,19,-1,19,13,14,-1,19,14,21,-1,22,16,23,-1,23,16,15,-1,23,15,20,-1,20,15,12,-1,20,12,11,-1,24,25,17,-1,25,26,17,-1,17,26,27,-1,17,27,28,-1,29,30,14,-1,14,30,31,-1,31,32,14,-1,14,32,33,-1,14,33,21,-1,21,33,34,-1,21,34,35,-1,36,24,37,-1,37,24,17,-1,37,17,22,-1,22,17,18,-1,22,18,16,-1,28,38,17,-1,17,38,39,-1,17,39,14,-1,14,39,40,-1,14,40,29,-1,41,23,42,-1,42,23,20,-1,43,44,45,-1,45,44,46,-1,45,46,42,-1,42,46,41,-1,47,44,48,-1,48,44,43,-1,49,47,50,-1,50,47,48,-1,51,49,52,-1,52,49,50,-1,53,51,54,-1,54,51,52,-1,55,53,56,-1,56,53,54,-1,57,55,58,-1,58,55,56,-1,59,60,61,-1,61,60,62,-1,61,62,58,-1,58,62,57,-1,63,60,64,-1,64,60,59,-1,65,63,66,-1,66,63,64,-1,67,68,69,-1,69,68,70,-1,69,70,66,-1,66,70,65,-1,71,68,72,-1,72,68,67,-1,73,74,67,-1,67,74,75,-1,67,75,72,-1,71,76,68,-1,68,76,77,-1,68,77,78,-1,79,80,37,-1,81,82,83,-1,79,37,84,-1,80,85,86,-1,21,87,88,-1,86,89,80,-1,80,89,36,-1,80,36,37,-1,87,21,83,-1,83,21,35,-1,83,35,81,-1,78,90,68,-1,68,90,91,-1,68,91,37,-1,37,91,92,-1,37,92,84,-1,88,93,21,-1,21,93,94,-1,21,94,67,-1,67,94,95,-1,67,95,73,-1,60,63,65,-1,96,97,98,-1,98,97,99,-1,98,99,22,-1,100,101,70,-1,99,102,22,-1,22,102,103,-1,22,103,37,-1,37,103,104,-1,105,106,68,-1,68,106,107,-1,68,107,70,-1,70,107,108,-1,70,108,100,-1,104,109,37,-1,37,109,110,-1,37,110,111,-1,112,113,98,-1,98,113,114,-1,98,114,96,-1,111,115,37,-1,37,115,116,-1,37,116,68,-1,68,116,117,-1,68,117,105,-1,101,118,70,-1,70,118,119,-1,70,119,98,-1,98,119,120,-1,98,120,112,-1,62,121,122,-1,123,60,124,-1,124,60,65,-1,124,65,125,-1,125,65,70,-1,125,70,126,-1,123,127,60,-1,60,127,128,-1,60,128,129,-1,129,130,60,-1,60,130,131,-1,60,131,62,-1,62,131,132,-1,62,132,121,-1,133,134,98,-1,135,98,136,-1,136,98,62,-1,136,62,137,-1,137,62,122,-1,70,138,139,-1,140,141,142,-1,143,144,70,-1,70,144,145,-1,70,145,146,-1,146,147,70,-1,70,147,148,-1,70,148,138,-1,139,149,70,-1,70,149,150,-1,70,150,126,-1,151,135,152,-1,152,135,153,-1,152,153,154,-1,154,153,140,-1,154,140,155,-1,155,140,142,-1,134,156,98,-1,98,156,157,-1,98,157,70,-1,70,157,158,-1,70,158,143,-1,141,159,142,-1,142,159,160,-1,142,160,161,-1,161,160,138,-1,161,138,162,-1,162,138,148,-1,151,163,135,-1,135,163,164,-1,135,164,98,-1,98,164,165,-1,98,165,166,-1,166,167,98,-1,98,167,168,-1,98,168,133,-1,53,55,57,-1,169,170,46,-1,62,49,57,-1,57,49,51,-1,57,51,53,-1,47,171,44,-1,44,171,172,-1,44,172,46,-1,46,172,173,-1,46,173,169,-1,174,175,49,-1,49,175,176,-1,49,176,47,-1,47,176,177,-1,47,177,171,-1,178,179,98,-1,98,179,180,-1,98,180,181,-1,170,182,46,-1,46,182,183,-1,46,183,98,-1,98,183,184,-1,98,184,178,-1,185,186,62,-1,181,187,98,-1,98,187,188,-1,98,188,62,-1,62,188,189,-1,62,189,185,-1,186,190,62,-1,62,190,191,-1,62,191,49,-1,49,191,192,-1,49,192,174,-1,193,194,98,-1,98,194,195,-1,196,197,22,-1,22,197,198,-1,22,198,98,-1,98,198,199,-1,98,199,193,-1,200,201,46,-1,46,201,202,-1,203,204,41,-1,41,204,205,-1,41,205,23,-1,23,205,206,-1,23,206,207,-1,207,208,23,-1,23,208,209,-1,23,209,22,-1,22,209,210,-1,22,210,196,-1,195,211,98,-1,98,211,212,-1,98,212,46,-1,46,212,213,-1,46,213,200,-1,202,214,46,-1,46,214,215,-1,46,215,41,-1,41,215,216,-1,41,216,203,-1,217,218,219,-1,45,220,221,-1,222,223,42,-1,42,223,224,-1,42,224,45,-1,45,224,225,-1,45,225,220,-1,221,226,45,-1,45,226,227,-1,45,227,228,-1,219,229,217,-1,217,229,230,-1,217,230,19,-1,19,230,231,-1,19,231,232,-1,232,233,19,-1,19,233,234,-1,19,234,20,-1,20,234,235,-1,20,235,236,-1,236,237,20,-1,20,237,238,-1,20,238,42,-1,42,238,239,-1,42,239,222,-1,228,240,217,-1,217,240,241,-1,217,241,218,-1,242,243,45,-1,45,243,244,-1,50,245,246,-1,228,217,45,-1,45,217,247,-1,45,247,242,-1,244,248,45,-1,45,248,249,-1,45,249,43,-1,43,249,250,-1,43,250,48,-1,48,250,251,-1,48,251,50,-1,50,251,252,-1,50,252,245,-1,253,254,61,-1,61,254,255,-1,61,255,256,-1,246,253,50,-1,50,253,61,-1,50,61,52,-1,52,61,58,-1,52,58,54,-1,54,58,56,-1,257,258,217,-1,217,258,259,-1,217,259,260,-1,256,261,61,-1,61,261,262,-1,61,262,217,-1,217,262,263,-1,217,263,257,-1,260,264,217,-1,217,264,265,-1,217,265,247,-1,66,64,59,-1,266,69,267,-1,267,69,268,-1,269,61,270,-1,270,61,271,-1,272,273,59,-1,59,273,274,-1,59,274,66,-1,66,274,275,-1,66,275,69,-1,276,277,217,-1,217,277,278,-1,269,279,61,-1,61,279,280,-1,61,280,59,-1,59,280,281,-1,59,281,282,-1,282,283,59,-1,59,283,284,-1,59,284,272,-1,285,286,287,-1,278,288,217,-1,217,288,289,-1,217,289,61,-1,289,290,61,-1,61,290,291,-1,61,291,292,-1,266,293,69,-1,69,293,294,-1,69,294,217,-1,217,294,295,-1,217,295,276,-1,296,297,286,-1,286,297,298,-1,286,298,287,-1,275,299,69,-1,69,299,300,-1,69,300,296,-1,286,301,296,-1,296,301,302,-1,296,302,69,-1,69,302,303,-1,69,303,268,-1,304,305,306,-1,292,307,61,-1,61,307,308,-1,61,308,271,-1,271,308,306,-1,271,306,309,-1,309,306,305,-1,287,310,285,-1,285,310,311,-1,285,311,312,-1,312,311,304,-1,312,304,313,-1,313,304,306,-1,217,314,315,-1,316,317,67,-1,19,21,318,-1,319,320,69,-1,69,320,321,-1,69,321,67,-1,67,321,322,-1,67,322,316,-1,315,323,217,-1,217,323,324,-1,217,324,325,-1,317,326,67,-1,67,326,327,-1,67,327,21,-1,21,327,328,-1,21,328,329,-1,329,330,21,-1,21,330,331,-1,21,331,318,-1,318,332,19,-1,19,332,333,-1,19,333,217,-1,217,333,334,-1,217,334,314,-1,325,335,217,-1,217,335,336,-1,217,336,69,-1,69,336,337,-1,69,337,319,-1,14,8,17,-1,17,8,7,-1,3,12,4,-1,4,12,15,-1,338,339,340,-1,340,339,341,-1,5,6,11,-1,11,6,16,-1,11,16,340,-1,340,16,338,-1,342,343,13,-1,13,343,18,-1,13,18,10,-1,10,18,9,-1,344,343,345,-1,345,343,342,-1,2,1,346,-1,347,348,349,-1,349,348,344,-1,349,344,346,-1,346,344,345,-1,346,345,2,-1,348,347,350,-1,350,347,351,-1,350,351,352,-1,353,350,354,-1,354,350,352,-1,339,353,341,-1,341,353,354,-1,338,16,344,-1,344,16,18,-1,344,18,343,-1,353,339,350,-1,350,339,338,-1,350,338,348,-1,348,338,344,-1,355,0,2,-1,352,351,354,-1,354,351,356,-1,342,13,345,-1,345,13,11,-1,345,11,340,-1,2,345,355,-1,355,345,340,-1,355,340,356,-1,356,340,341,-1,356,341,354,-1,208,357,209,-1,209,357,358,-1,209,358,210,-1,210,358,359,-1,210,359,196,-1,196,359,360,-1,196,360,197,-1,197,360,361,-1,197,361,198,-1,198,361,362,-1,198,362,199,-1,199,362,363,-1,199,363,193,-1,193,363,364,-1,193,364,194,-1,194,364,365,-1,194,365,195,-1,195,365,366,-1,195,366,211,-1,211,366,367,-1,211,367,212,-1,212,367,368,-1,212,368,213,-1,213,368,369,-1,213,369,200,-1,200,369,370,-1,200,370,201,-1,201,370,371,-1,201,371,202,-1,202,371,372,-1,202,372,214,-1,214,372,373,-1,214,373,215,-1,215,373,374,-1,215,374,216,-1,216,374,375,-1,216,375,203,-1,203,375,376,-1,203,376,204,-1,204,376,377,-1,204,377,205,-1,205,377,378,-1,205,378,206,-1,206,378,379,-1,206,379,207,-1,207,379,380,-1,207,380,208,-1,208,380,357,-1,370,369,381,-1,381,369,368,-1,381,368,367,-1,373,372,381,-1,381,372,371,-1,381,371,370,-1,376,375,381,-1,381,375,374,-1,381,374,373,-1,379,378,381,-1,381,378,377,-1,381,377,376,-1,358,357,381,-1,381,357,380,-1,381,380,379,-1,361,360,381,-1,381,360,359,-1,381,359,358,-1,364,363,381,-1,381,363,362,-1,381,362,361,-1,367,366,381,-1,381,366,365,-1,381,365,364,-1,183,382,184,-1,184,382,383,-1,184,383,178,-1,178,383,384,-1,178,384,179,-1,179,384,385,-1,179,385,180,-1,180,385,386,-1,180,386,181,-1,181,386,387,-1,181,387,187,-1,187,387,388,-1,187,388,188,-1,188,388,389,-1,188,389,189,-1,189,389,390,-1,189,390,185,-1,185,390,391,-1,185,391,186,-1,186,391,392,-1,186,392,190,-1,190,392,393,-1,190,393,191,-1,191,393,394,-1,191,394,192,-1,192,394,395,-1,192,395,174,-1,174,395,396,-1,174,396,175,-1,175,396,397,-1,175,397,176,-1,176,397,398,-1,176,398,177,-1,177,398,399,-1,177,399,171,-1,171,399,400,-1,171,400,172,-1,172,400,401,-1,172,401,173,-1,173,401,402,-1,173,402,169,-1,169,402,403,-1,169,403,170,-1,170,403,404,-1,170,404,182,-1,182,404,405,-1,182,405,183,-1,183,405,382,-1,395,394,406,-1,406,394,393,-1,406,393,392,-1,398,397,406,-1,406,397,396,-1,406,396,395,-1,401,400,406,-1,406,400,399,-1,406,399,398,-1,404,403,406,-1,406,403,402,-1,406,402,401,-1,383,382,406,-1,406,382,405,-1,406,405,404,-1,386,385,406,-1,406,385,384,-1,406,384,383,-1,389,388,406,-1,406,388,387,-1,406,387,386,-1,392,391,406,-1,406,391,390,-1,406,390,389,-1,110,407,111,-1,111,407,408,-1,111,408,115,-1,115,408,409,-1,115,409,116,-1,116,409,410,-1,116,410,117,-1,117,410,411,-1,117,411,105,-1,105,411,412,-1,105,412,106,-1,106,412,413,-1,106,413,107,-1,107,413,414,-1,107,414,108,-1,108,414,415,-1,108,415,100,-1,100,415,416,-1,100,416,101,-1,101,416,417,-1,101,417,118,-1,118,417,418,-1,118,418,119,-1,119,418,419,-1,119,419,120,-1,120,419,420,-1,120,420,112,-1,112,420,421,-1,112,421,113,-1,113,421,422,-1,113,422,114,-1,114,422,423,-1,114,423,96,-1,96,423,424,-1,96,424,97,-1,97,424,425,-1,97,425,99,-1,99,425,426,-1,99,426,102,-1,102,426,427,-1,102,427,103,-1,103,427,428,-1,103,428,104,-1,104,428,429,-1,104,429,109,-1,109,429,430,-1,109,430,110,-1,110,430,407,-1,420,419,431,-1,431,419,418,-1,431,418,417,-1,423,422,431,-1,431,422,421,-1,431,421,420,-1,426,425,431,-1,431,425,424,-1,431,424,423,-1,429,428,431,-1,431,428,427,-1,431,427,426,-1,408,407,431,-1,431,407,430,-1,431,430,429,-1,411,410,431,-1,431,410,409,-1,431,409,408,-1,414,413,431,-1,431,413,412,-1,431,412,411,-1,417,416,431,-1,431,416,415,-1,431,415,414,-1,160,432,138,-1,138,432,433,-1,138,433,139,-1,139,433,434,-1,139,434,149,-1,149,434,435,-1,149,435,150,-1,150,435,436,-1,150,436,126,-1,126,436,437,-1,126,437,125,-1,125,437,438,-1,125,438,124,-1,124,438,439,-1,124,439,123,-1,123,439,440,-1,123,440,127,-1,127,440,441,-1,127,441,128,-1,128,441,442,-1,128,442,129,-1,129,442,443,-1,129,443,130,-1,130,443,444,-1,130,444,131,-1,131,444,445,-1,131,445,132,-1,132,445,446,-1,132,446,121,-1,121,446,447,-1,121,447,122,-1,122,447,448,-1,122,448,137,-1,137,448,449,-1,137,449,136,-1,136,449,450,-1,136,450,135,-1,135,450,451,-1,135,451,153,-1,153,451,452,-1,153,452,140,-1,140,452,453,-1,140,453,141,-1,141,453,454,-1,141,454,159,-1,159,454,455,-1,159,455,160,-1,160,455,432,-1,445,444,456,-1,456,444,443,-1,456,443,442,-1,448,447,456,-1,456,447,446,-1,456,446,445,-1,451,450,456,-1,456,450,449,-1,456,449,448,-1,454,453,456,-1,456,453,452,-1,456,452,451,-1,433,432,456,-1,456,432,455,-1,456,455,454,-1,436,435,456,-1,456,435,434,-1,456,434,433,-1,439,438,456,-1,456,438,437,-1,456,437,436,-1,442,441,456,-1,456,441,440,-1,456,440,439,-1,158,457,143,-1,143,457,458,-1,143,458,144,-1,144,458,459,-1,144,459,145,-1,145,459,460,-1,145,460,146,-1,146,460,461,-1,146,461,147,-1,147,461,462,-1,147,462,148,-1,148,462,463,-1,148,463,162,-1,162,463,464,-1,162,464,161,-1,161,464,465,-1,161,465,142,-1,142,465,466,-1,142,466,155,-1,155,466,467,-1,155,467,154,-1,154,467,468,-1,154,468,152,-1,152,468,469,-1,152,469,151,-1,151,469,470,-1,151,470,163,-1,163,470,471,-1,163,471,164,-1,164,471,472,-1,164,472,165,-1,165,472,473,-1,165,473,166,-1,166,473,474,-1,166,474,167,-1,167,474,475,-1,167,475,168,-1,168,475,476,-1,168,476,133,-1,133,476,477,-1,133,477,134,-1,134,477,478,-1,134,478,156,-1,156,478,479,-1,156,479,157,-1,157,479,480,-1,157,480,158,-1,158,480,457,-1,470,469,481,-1,481,469,468,-1,481,468,467,-1,473,472,481,-1,481,472,471,-1,481,471,470,-1,476,475,481,-1,481,475,474,-1,481,474,473,-1,479,478,481,-1,481,478,477,-1,481,477,476,-1,458,457,481,-1,481,457,480,-1,481,480,479,-1,461,460,481,-1,481,460,459,-1,481,459,458,-1,464,463,481,-1,481,463,462,-1,481,462,461,-1,467,466,481,-1,481,466,465,-1,481,465,464,-1,482,330,483,-1,483,330,329,-1,483,329,484,-1,484,329,328,-1,484,328,485,-1,485,328,327,-1,485,327,486,-1,486,327,326,-1,486,326,487,-1,487,326,317,-1,487,317,488,-1,488,317,316,-1,488,316,489,-1,489,316,322,-1,489,322,490,-1,490,322,321,-1,490,321,491,-1,491,321,320,-1,491,320,492,-1,492,320,319,-1,492,319,493,-1,493,319,337,-1,493,337,494,-1,494,337,336,-1,494,336,495,-1,495,336,335,-1,495,335,496,-1,496,335,325,-1,496,325,497,-1,497,325,324,-1,497,324,498,-1,498,324,323,-1,498,323,499,-1,499,323,315,-1,499,315,500,-1,500,315,314,-1,500,314,501,-1,501,314,334,-1,501,334,502,-1,502,334,333,-1,502,333,503,-1,503,333,332,-1,503,332,504,-1,504,332,318,-1,504,318,505,-1,505,318,331,-1,505,331,482,-1,482,331,330,-1,504,505,506,-1,506,505,482,-1,506,482,483,-1,501,502,506,-1,506,502,503,-1,506,503,504,-1,498,499,506,-1,506,499,500,-1,506,500,501,-1,495,496,506,-1,506,496,497,-1,506,497,498,-1,492,493,506,-1,506,493,494,-1,506,494,495,-1,489,490,506,-1,506,490,491,-1,506,491,492,-1,486,487,506,-1,506,487,488,-1,506,488,489,-1,483,484,506,-1,506,484,485,-1,506,485,486,-1,507,294,508,-1,508,294,293,-1,508,293,509,-1,509,293,266,-1,509,266,510,-1,510,266,267,-1,510,267,511,-1,511,267,268,-1,511,268,512,-1,512,268,303,-1,512,303,513,-1,513,303,302,-1,513,302,514,-1,514,302,301,-1,514,301,515,-1,515,301,286,-1,515,286,516,-1,516,286,285,-1,516,285,517,-1,517,285,312,-1,517,312,518,-1,518,312,313,-1,518,313,519,-1,519,313,306,-1,519,306,520,-1,520,306,308,-1,520,308,521,-1,521,308,307,-1,521,307,522,-1,522,307,292,-1,522,292,523,-1,523,292,291,-1,523,291,524,-1,524,291,290,-1,524,290,525,-1,525,290,289,-1,525,289,526,-1,526,289,288,-1,526,288,527,-1,527,288,278,-1,527,278,528,-1,528,278,277,-1,528,277,529,-1,529,277,276,-1,529,276,530,-1,530,276,295,-1,530,295,507,-1,507,295,294,-1,529,530,531,-1,531,530,507,-1,531,507,508,-1,526,527,531,-1,531,527,528,-1,531,528,529,-1,523,524,531,-1,531,524,525,-1,531,525,526,-1,520,521,531,-1,531,521,522,-1,531,522,523,-1,517,518,531,-1,531,518,519,-1,531,519,520,-1,514,515,531,-1,531,515,516,-1,531,516,517,-1,511,512,531,-1,531,512,513,-1,531,513,514,-1,508,509,531,-1,531,509,510,-1,531,510,511,-1,532,236,533,-1,533,236,235,-1,533,235,534,-1,534,235,234,-1,534,234,535,-1,535,234,233,-1,535,233,536,-1,536,233,232,-1,536,232,537,-1,537,232,231,-1,537,231,538,-1,538,231,230,-1,538,230,539,-1,539,230,229,-1,539,229,540,-1,540,229,219,-1,540,219,541,-1,541,219,218,-1,541,218,542,-1,542,218,241,-1,542,241,543,-1,543,241,240,-1,543,240,544,-1,544,240,228,-1,544,228,545,-1,545,228,227,-1,545,227,546,-1,546,227,226,-1,546,226,547,-1,547,226,221,-1,547,221,548,-1,548,221,220,-1,548,220,549,-1,549,220,225,-1,549,225,550,-1,550,225,224,-1,550,224,551,-1,551,224,223,-1,551,223,552,-1,552,223,222,-1,552,222,553,-1,553,222,239,-1,553,239,554,-1,554,239,238,-1,554,238,555,-1,555,238,237,-1,555,237,532,-1,532,237,236,-1,554,555,556,-1,556,555,532,-1,556,532,533,-1,551,552,556,-1,556,552,553,-1,556,553,554,-1,548,549,556,-1,556,549,550,-1,556,550,551,-1,545,546,556,-1,556,546,547,-1,556,547,548,-1,542,543,556,-1,556,543,544,-1,556,544,545,-1,539,540,556,-1,556,540,541,-1,556,541,542,-1,536,537,556,-1,556,537,538,-1,556,538,539,-1,533,534,556,-1,556,534,535,-1,556,535,536,-1,557,247,558,-1,558,247,265,-1,558,265,559,-1,559,265,264,-1,559,264,560,-1,560,264,260,-1,560,260,561,-1,561,260,259,-1,561,259,562,-1,562,259,258,-1,562,258,563,-1,563,258,257,-1,563,257,564,-1,564,257,263,-1,564,263,565,-1,565,263,262,-1,565,262,566,-1,566,262,261,-1,566,261,567,-1,567,261,256,-1,567,256,568,-1,568,256,255,-1,568,255,569,-1,569,255,254,-1,569,254,570,-1,570,254,253,-1,570,253,571,-1,571,253,246,-1,571,246,572,-1,572,246,245,-1,572,245,573,-1,573,245,252,-1,573,252,574,-1,574,252,251,-1,574,251,575,-1,575,251,250,-1,575,250,576,-1,576,250,249,-1,576,249,577,-1,577,249,248,-1,577,248,578,-1,578,248,244,-1,578,244,579,-1,579,244,243,-1,579,243,580,-1,580,243,242,-1,580,242,557,-1,557,242,247,-1,579,580,581,-1,581,580,557,-1,581,557,558,-1,576,577,581,-1,581,577,578,-1,581,578,579,-1,573,574,581,-1,581,574,575,-1,581,575,576,-1,570,571,581,-1,581,571,572,-1,581,572,573,-1,567,568,581,-1,581,568,569,-1,581,569,570,-1,564,565,581,-1,581,565,566,-1,581,566,567,-1,561,562,581,-1,581,562,563,-1,581,563,564,-1,558,559,581,-1,581,559,560,-1,581,560,561,-1,582,287,583,-1,583,287,298,-1,583,298,584,-1,584,298,297,-1,584,297,585,-1,585,297,296,-1,585,296,586,-1,586,296,300,-1,586,300,587,-1,587,300,299,-1,587,299,588,-1,588,299,275,-1,588,275,589,-1,589,275,274,-1,589,274,590,-1,590,274,273,-1,590,273,591,-1,591,273,272,-1,591,272,592,-1,592,272,284,-1,592,284,593,-1,593,284,283,-1,593,283,594,-1,594,283,282,-1,594,282,595,-1,595,282,281,-1,595,281,596,-1,596,281,280,-1,596,280,597,-1,597,280,279,-1,597,279,598,-1,598,279,269,-1,598,269,599,-1,599,269,270,-1,599,270,600,-1,600,270,271,-1,600,271,601,-1,601,271,309,-1,601,309,602,-1,602,309,305,-1,602,305,603,-1,603,305,304,-1,603,304,604,-1,604,304,311,-1,604,311,605,-1,605,311,310,-1,605,310,582,-1,582,310,287,-1,604,605,606,-1,606,605,582,-1,606,582,583,-1,601,602,606,-1,606,602,603,-1,606,603,604,-1,598,599,606,-1,606,599,600,-1,606,600,601,-1,595,596,606,-1,606,596,597,-1,606,597,598,-1,592,593,606,-1,606,593,594,-1,606,594,595,-1,589,590,606,-1,606,590,591,-1,606,591,592,-1,586,587,606,-1,606,587,588,-1,606,588,589,-1,583,584,606,-1,606,584,585,-1,606,585,586,-1,355,346,0,-1,0,346,1,-1,351,347,356,-1,356,347,349,-1,356,349,355,-1,355,349,346,-1,607,608,609,-1,609,608,610,-1,611,612,613,-1,613,612,614,-1,615,616,617,-1,617,616,618,-1,619,620,618,-1,621,622,620,-1,618,623,624,-1,608,625,618,-1,618,625,626,-1,618,626,623,-1,624,627,618,-1,618,627,628,-1,618,628,619,-1,622,629,620,-1,620,629,630,-1,620,630,618,-1,618,614,608,-1,608,614,612,-1,608,612,610,-1,610,612,631,-1,632,633,634,-1,634,633,635,-1,634,635,636,-1,636,635,620,-1,620,635,637,-1,620,637,621,-1,638,639,640,-1,640,639,641,-1,618,616,614,-1,614,616,641,-1,614,641,642,-1,642,641,639,-1,643,644,645,-1,643,645,612,-1,612,645,646,-1,612,646,631,-1,608,607,647,-1,608,647,625,-1,607,648,647,-1,647,648,649,-1,647,649,650,-1,630,651,618,-1,618,651,652,-1,652,653,654,-1,654,655,652,-1,652,655,617,-1,652,617,618,-1,629,622,656,-1,656,657,629,-1,629,657,658,-1,629,658,630,-1,630,658,659,-1,630,659,651,-1,621,637,660,-1,660,661,621,-1,621,661,662,-1,621,662,622,-1,622,662,663,-1,622,663,656,-1,635,633,664,-1,664,665,635,-1,635,665,666,-1,635,666,637,-1,637,666,667,-1,637,667,660,-1,632,634,668,-1,668,669,632,-1,632,669,670,-1,632,670,633,-1,633,670,671,-1,633,671,664,-1,636,672,634,-1,634,672,673,-1,634,673,668,-1,620,674,636,-1,636,674,675,-1,636,675,672,-1,619,676,620,-1,620,676,677,-1,620,677,674,-1,628,678,619,-1,619,678,679,-1,619,679,676,-1,627,680,628,-1,628,680,681,-1,628,681,678,-1,624,682,627,-1,627,682,683,-1,627,683,680,-1,623,684,624,-1,624,684,685,-1,624,685,682,-1,626,686,623,-1,623,686,687,-1,623,687,684,-1,647,688,625,-1,625,688,689,-1,625,689,626,-1,626,689,690,-1,626,690,686,-1,609,610,691,-1,691,610,631,-1,691,631,692,-1,692,631,646,-1,692,646,693,-1,693,646,645,-1,693,645,694,-1,694,645,644,-1,694,644,695,-1,695,644,643,-1,695,643,611,-1,611,643,612,-1,613,614,696,-1,696,614,642,-1,696,642,697,-1,697,642,639,-1,697,639,698,-1,698,639,638,-1,698,638,699,-1,699,638,640,-1,699,640,700,-1,700,640,641,-1,700,641,615,-1,615,641,616,-1,24,701,702,-1,703,695,611,-1,611,704,703,-1,703,704,705,-1,703,705,706,-1,705,707,706,-1,706,707,708,-1,706,708,709,-1,708,710,709,-1,709,710,711,-1,709,711,712,-1,609,691,713,-1,713,691,714,-1,713,714,715,-1,715,714,716,-1,715,716,717,-1,717,716,718,-1,717,718,719,-1,719,718,720,-1,719,720,721,-1,721,720,722,-1,721,722,701,-1,691,692,714,-1,714,692,723,-1,714,723,716,-1,716,723,724,-1,716,724,718,-1,718,724,725,-1,718,725,720,-1,720,725,726,-1,720,726,722,-1,722,726,727,-1,692,693,723,-1,723,693,728,-1,723,728,724,-1,724,728,729,-1,724,729,725,-1,725,729,730,-1,725,730,726,-1,726,730,731,-1,726,731,727,-1,727,731,732,-1,693,694,728,-1,728,694,733,-1,728,733,729,-1,729,733,734,-1,729,734,730,-1,730,734,735,-1,730,735,731,-1,731,735,736,-1,731,736,732,-1,732,736,737,-1,694,695,733,-1,733,695,703,-1,733,703,734,-1,734,703,706,-1,734,706,735,-1,735,706,709,-1,735,709,736,-1,736,709,712,-1,736,712,737,-1,737,712,738,-1,711,739,712,-1,712,739,740,-1,712,740,738,-1,738,740,741,-1,738,741,742,-1,701,722,702,-1,702,722,727,-1,702,727,743,-1,743,727,732,-1,743,732,744,-1,744,732,737,-1,744,737,745,-1,745,737,738,-1,745,738,746,-1,746,738,742,-1,746,742,747,-1,24,702,25,-1,25,702,743,-1,25,743,26,-1,26,743,744,-1,26,744,27,-1,27,744,745,-1,27,745,28,-1,28,745,746,-1,28,746,38,-1,38,746,747,-1,38,747,39,-1,748,749,719,-1,607,609,648,-1,648,609,713,-1,648,713,649,-1,649,713,650,-1,650,713,715,-1,650,715,750,-1,751,752,717,-1,717,752,753,-1,717,753,715,-1,715,753,754,-1,715,754,750,-1,749,755,719,-1,719,755,756,-1,719,756,717,-1,717,756,757,-1,717,757,751,-1,758,759,721,-1,721,759,760,-1,721,760,719,-1,719,760,761,-1,719,761,748,-1,701,86,85,-1,701,85,721,-1,721,85,762,-1,721,762,758,-1,24,36,701,-1,701,36,89,-1,701,89,86,-1,611,613,704,-1,704,613,763,-1,704,763,705,-1,705,763,764,-1,705,764,707,-1,707,764,765,-1,707,765,708,-1,708,765,766,-1,708,766,710,-1,710,766,767,-1,710,767,711,-1,711,767,768,-1,711,768,739,-1,739,768,769,-1,739,769,740,-1,740,769,770,-1,740,770,741,-1,741,770,771,-1,741,771,742,-1,742,771,772,-1,742,772,747,-1,747,772,773,-1,747,773,39,-1,39,773,40,-1,774,653,652,-1,775,776,777,-1,778,779,780,-1,781,782,783,-1,784,785,786,-1,787,788,789,-1,790,791,792,-1,792,791,793,-1,792,793,794,-1,760,759,795,-1,759,758,795,-1,795,758,762,-1,795,762,85,-1,796,761,760,-1,755,749,797,-1,797,749,748,-1,797,748,761,-1,757,756,798,-1,798,756,755,-1,752,751,799,-1,799,751,757,-1,754,753,800,-1,800,753,752,-1,801,750,754,-1,658,802,803,-1,774,652,804,-1,804,652,651,-1,804,651,803,-1,803,651,659,-1,803,659,658,-1,662,805,806,-1,658,657,802,-1,802,657,656,-1,802,656,806,-1,806,656,663,-1,806,663,662,-1,666,807,808,-1,662,661,805,-1,805,661,660,-1,805,660,808,-1,808,660,667,-1,808,667,666,-1,666,665,807,-1,807,665,664,-1,807,664,809,-1,809,664,671,-1,809,671,810,-1,810,671,670,-1,670,669,810,-1,810,669,668,-1,810,668,811,-1,668,673,811,-1,811,673,672,-1,811,672,812,-1,812,672,675,-1,812,675,813,-1,813,675,674,-1,813,674,814,-1,674,677,814,-1,814,677,676,-1,814,676,815,-1,815,676,679,-1,679,678,815,-1,815,678,681,-1,815,681,816,-1,685,817,818,-1,681,680,816,-1,816,680,683,-1,816,683,818,-1,818,683,682,-1,818,682,685,-1,690,819,820,-1,685,684,817,-1,817,684,687,-1,817,687,820,-1,820,687,686,-1,820,686,690,-1,690,689,819,-1,819,689,688,-1,819,688,801,-1,801,688,647,-1,801,647,750,-1,750,647,650,-1,754,800,801,-1,801,800,821,-1,801,821,819,-1,819,821,822,-1,819,822,820,-1,820,822,823,-1,820,823,817,-1,817,823,824,-1,817,824,818,-1,818,824,825,-1,818,825,816,-1,816,825,826,-1,816,826,815,-1,815,826,827,-1,815,827,814,-1,814,827,828,-1,814,828,813,-1,813,828,829,-1,813,829,812,-1,812,829,830,-1,812,830,811,-1,811,830,831,-1,811,831,810,-1,810,831,832,-1,810,832,809,-1,809,832,833,-1,809,833,807,-1,807,833,834,-1,807,834,808,-1,808,834,835,-1,808,835,805,-1,805,835,836,-1,805,836,806,-1,806,836,837,-1,806,837,802,-1,802,837,838,-1,802,838,803,-1,803,838,775,-1,803,775,804,-1,804,775,777,-1,804,777,774,-1,752,799,800,-1,800,799,839,-1,800,839,821,-1,821,839,840,-1,821,840,822,-1,822,840,841,-1,822,841,823,-1,823,841,842,-1,823,842,824,-1,824,842,843,-1,824,843,825,-1,825,843,844,-1,825,844,826,-1,826,844,845,-1,826,845,827,-1,827,845,846,-1,827,846,828,-1,828,846,847,-1,828,847,829,-1,829,847,848,-1,829,848,830,-1,830,848,849,-1,830,849,831,-1,831,849,850,-1,831,850,832,-1,832,850,851,-1,832,851,833,-1,833,851,852,-1,833,852,834,-1,834,852,853,-1,834,853,835,-1,835,853,854,-1,835,854,836,-1,836,854,855,-1,836,855,837,-1,837,855,856,-1,837,856,838,-1,838,856,778,-1,838,778,775,-1,775,778,780,-1,775,780,776,-1,757,798,799,-1,799,798,857,-1,799,857,839,-1,839,857,858,-1,839,858,840,-1,840,858,859,-1,840,859,841,-1,841,859,860,-1,841,860,842,-1,842,860,861,-1,842,861,843,-1,843,861,862,-1,843,862,844,-1,844,862,863,-1,844,863,845,-1,845,863,864,-1,845,864,846,-1,846,864,865,-1,846,865,847,-1,847,865,866,-1,847,866,848,-1,848,866,867,-1,848,867,849,-1,849,867,868,-1,849,868,850,-1,850,868,869,-1,850,869,851,-1,851,869,870,-1,851,870,852,-1,852,870,871,-1,852,871,853,-1,853,871,872,-1,853,872,854,-1,854,872,873,-1,854,873,855,-1,855,873,874,-1,855,874,856,-1,856,874,781,-1,856,781,778,-1,778,781,783,-1,778,783,779,-1,755,797,798,-1,798,797,875,-1,798,875,857,-1,857,875,876,-1,857,876,858,-1,858,876,877,-1,858,877,859,-1,859,877,878,-1,859,878,860,-1,860,878,879,-1,860,879,861,-1,861,879,880,-1,861,880,862,-1,862,880,881,-1,862,881,863,-1,863,881,882,-1,863,882,864,-1,864,882,883,-1,864,883,865,-1,865,883,884,-1,865,884,866,-1,866,884,885,-1,866,885,867,-1,867,885,886,-1,867,886,868,-1,868,886,887,-1,868,887,869,-1,869,887,888,-1,869,888,870,-1,870,888,889,-1,870,889,871,-1,871,889,890,-1,871,890,872,-1,872,890,891,-1,872,891,873,-1,873,891,892,-1,873,892,874,-1,874,892,784,-1,874,784,781,-1,781,784,786,-1,781,786,782,-1,761,796,797,-1,797,796,893,-1,797,893,875,-1,875,893,894,-1,875,894,876,-1,876,894,895,-1,876,895,877,-1,877,895,896,-1,877,896,878,-1,878,896,897,-1,878,897,879,-1,879,897,898,-1,879,898,880,-1,880,898,899,-1,880,899,881,-1,881,899,900,-1,881,900,882,-1,882,900,901,-1,882,901,883,-1,883,901,902,-1,883,902,884,-1,884,902,903,-1,884,903,885,-1,885,903,904,-1,885,904,886,-1,886,904,905,-1,886,905,887,-1,887,905,906,-1,887,906,888,-1,888,906,907,-1,888,907,889,-1,889,907,908,-1,889,908,890,-1,890,908,909,-1,890,909,891,-1,891,909,910,-1,891,910,892,-1,892,910,787,-1,892,787,784,-1,784,787,789,-1,784,789,785,-1,760,911,796,-1,796,911,912,-1,796,912,893,-1,893,912,913,-1,893,913,894,-1,894,913,914,-1,894,914,895,-1,895,914,915,-1,895,915,896,-1,896,915,916,-1,896,916,897,-1,897,916,917,-1,897,917,898,-1,898,917,918,-1,898,918,899,-1,899,918,919,-1,899,919,900,-1,900,919,920,-1,900,920,901,-1,901,920,921,-1,901,921,902,-1,902,921,922,-1,902,922,903,-1,903,922,923,-1,903,923,904,-1,904,923,924,-1,904,924,905,-1,905,924,925,-1,905,925,906,-1,906,925,926,-1,906,926,907,-1,907,926,927,-1,907,927,908,-1,908,927,928,-1,908,928,909,-1,909,928,929,-1,909,929,910,-1,910,929,930,-1,910,930,787,-1,787,930,931,-1,787,931,788,-1,760,795,911,-1,911,795,932,-1,911,932,912,-1,912,932,933,-1,912,933,913,-1,913,933,934,-1,913,934,914,-1,914,934,935,-1,914,935,915,-1,915,935,936,-1,915,936,916,-1,916,936,937,-1,916,937,917,-1,917,937,938,-1,917,938,918,-1,918,938,939,-1,918,939,919,-1,919,939,940,-1,919,940,920,-1,920,940,941,-1,920,941,921,-1,921,941,942,-1,921,942,922,-1,922,942,943,-1,922,943,923,-1,923,943,944,-1,923,944,924,-1,924,944,945,-1,924,945,925,-1,925,945,946,-1,925,946,926,-1,926,946,947,-1,926,947,927,-1,927,947,948,-1,927,948,928,-1,928,948,949,-1,928,949,929,-1,929,949,792,-1,929,792,930,-1,930,792,794,-1,930,794,931,-1,85,80,795,-1,795,80,79,-1,795,79,932,-1,932,79,84,-1,932,84,933,-1,933,84,92,-1,933,92,934,-1,934,92,91,-1,934,91,935,-1,935,91,90,-1,935,90,936,-1,936,90,78,-1,936,78,937,-1,937,78,77,-1,937,77,938,-1,938,77,76,-1,938,76,939,-1,939,76,71,-1,939,71,940,-1,940,71,72,-1,940,72,941,-1,941,72,75,-1,941,75,942,-1,942,75,74,-1,942,74,943,-1,943,74,73,-1,943,73,944,-1,944,73,95,-1,944,95,945,-1,945,95,94,-1,945,94,946,-1,946,94,93,-1,946,93,947,-1,947,93,88,-1,947,88,948,-1,948,88,87,-1,948,87,949,-1,949,87,83,-1,949,83,792,-1,792,83,82,-1,792,82,790,-1,950,700,615,-1,613,696,763,-1,763,696,951,-1,763,951,764,-1,764,951,952,-1,615,953,950,-1,950,953,954,-1,950,954,955,-1,956,766,952,-1,952,766,765,-1,952,765,764,-1,954,957,955,-1,955,957,958,-1,955,958,959,-1,960,768,956,-1,956,768,767,-1,956,767,766,-1,958,961,959,-1,959,961,962,-1,959,962,963,-1,772,771,964,-1,964,771,770,-1,964,770,960,-1,960,770,769,-1,960,769,768,-1,696,697,951,-1,951,697,965,-1,951,965,952,-1,952,965,966,-1,952,966,956,-1,956,966,967,-1,956,967,960,-1,960,967,968,-1,960,968,964,-1,964,968,969,-1,697,698,965,-1,965,698,970,-1,965,970,966,-1,966,970,971,-1,966,971,967,-1,967,971,972,-1,967,972,968,-1,968,972,973,-1,968,973,969,-1,969,973,974,-1,698,699,970,-1,970,699,975,-1,970,975,971,-1,971,975,976,-1,971,976,972,-1,972,976,977,-1,972,977,973,-1,973,977,978,-1,973,978,974,-1,974,978,979,-1,699,700,975,-1,975,700,950,-1,975,950,976,-1,976,950,955,-1,976,955,977,-1,977,955,959,-1,977,959,978,-1,978,959,963,-1,978,963,979,-1,979,963,980,-1,40,773,981,-1,981,773,772,-1,962,982,963,-1,963,982,983,-1,963,983,980,-1,980,983,984,-1,980,984,985,-1,772,964,981,-1,981,964,969,-1,981,969,986,-1,986,969,974,-1,986,974,987,-1,987,974,979,-1,987,979,988,-1,988,979,980,-1,988,980,989,-1,989,980,985,-1,989,985,990,-1,40,981,29,-1,29,981,986,-1,29,986,30,-1,30,986,987,-1,30,987,31,-1,31,987,988,-1,31,988,32,-1,32,988,989,-1,32,989,33,-1,33,989,990,-1,33,990,34,-1,790,82,985,-1,985,82,81,-1,985,81,990,-1,990,81,35,-1,990,35,34,-1,790,985,791,-1,791,985,984,-1,791,984,793,-1,793,984,983,-1,793,983,794,-1,982,788,983,-1,983,788,931,-1,983,931,794,-1,962,785,982,-1,982,785,789,-1,982,789,788,-1,961,782,962,-1,962,782,786,-1,962,786,785,-1,958,779,961,-1,961,779,783,-1,961,783,782,-1,774,777,957,-1,957,777,776,-1,957,776,958,-1,958,776,780,-1,958,780,779,-1,615,617,953,-1,953,617,655,-1,953,655,954,-1,954,655,654,-1,954,654,957,-1,957,654,653,-1,957,653,774,-1,
        ]
    }
}
Shape{
    appearance Appearance {
        material  Material 	{
            diffuseColor 0.6666666666666666 0.6980392156862745 0.7686274509803922
            specularColor 0.3333333333333333 0.34901960784313724 0.3843137254901961
            ambientIntensity 0.6967
            transparency 0.0
            shininess 0.5
        }
    }
    geometry IndexedFaceSet {
        ccw TRUE
        solid FALSE
        coord DEF co Coordinate {
            point [
                0.539 0.9197 0.1705, 0.539 0.9197 -0.6904, 0.8342 0.9197 0.1705, 0.8342 0.9197 -0.6904, 0.539 1.0772 0.1705, 0.8342 1.0772 0.1705, 0.539 1.0772 -0.6904, 0.8342 1.0772 -0.6904, 0.539 1.1226 -0.7691, 0.8342 1.1226 -0.7691, 0.8342 1.136 -0.7992, 0.539 1.136 -0.7992, 0.8342 1.1429 -0.8314, 0.539 1.1429 -0.8314, 0.8342 1.1429 -0.8643, 0.539 1.1429 -0.8643, 0.8342 1.136 -0.8965, 0.539 1.136 -0.8965, 0.8342 1.1226 -0.9266, 0.539 1.1226 -0.9266, 0.539 1.0772 -1.0053, 0.8342 1.0772 -1.0053, 0.7657 1.0772 -1.378, 0.6075 1.0772 -1.378, 0.8342 1.0772 -1.122, 0.539 1.0772 -1.122, 0.7657 0.9197 -1.378, 0.6075 0.9197 -1.378, 0.8342 0.9197 -1.0053, 0.539 0.9197 -1.0053, 0.8342 0.9197 -1.122, 0.539 0.9197 -1.122, 0.8342 0.9221 -0.978, 0.539 0.9221 -0.978, 0.8342 0.9292 -0.9515, 0.539 0.9292 -0.9515, 0.8342 0.9408 -0.9266, 0.539 0.9408 -0.9266, 0.539 0.9862 -0.8479, 0.8342 0.9862 -0.8479, 0.539 0.9408 -0.7691, 0.8342 0.9408 -0.7691, 0.8342 0.9292 -0.7442, 0.539 0.9292 -0.7442, 0.8342 0.9221 -0.7177, 0.539 0.9221 -0.7177
            ]
        }
        coordIndex [
            0,1,2,-1,2,1,3,-1,4,0,5,-1,5,0,2,-1,6,4,7,-1,7,4,5,-1,8,6,9,-1,9,6,7,-1,8,9,10,-1,8,10,11,-1,11,10,12,-1,11,12,13,-1,13,12,14,-1,13,14,15,-1,15,14,16,-1,15,16,17,-1,17,16,18,-1,17,18,19,-1,20,19,21,-1,21,19,18,-1,22,23,24,-1,24,23,25,-1,24,25,21,-1,21,25,20,-1,26,27,22,-1,22,27,23,-1,28,29,30,-1,30,29,31,-1,30,31,26,-1,26,31,27,-1,29,28,32,-1,29,32,33,-1,33,32,34,-1,33,34,35,-1,35,34,36,-1,35,36,37,-1,38,37,39,-1,39,37,36,-1,40,38,41,-1,41,38,39,-1,40,41,42,-1,40,42,43,-1,43,42,44,-1,43,44,45,-1,45,44,3,-1,45,3,1,-1,33,20,29,-1,29,20,25,-1,29,25,31,-1,0,4,1,-1,1,4,6,-1,40,43,6,-1,6,43,45,-1,6,45,1,-1,33,35,20,-1,20,35,37,-1,20,37,19,-1,19,37,38,-1,19,38,17,-1,40,6,38,-1,38,6,8,-1,38,8,11,-1,11,13,38,-1,38,13,15,-1,38,15,17,-1,44,7,3,-1,3,7,5,-1,3,5,2,-1,16,14,39,-1,30,24,28,-1,28,24,21,-1,36,34,21,-1,21,34,32,-1,21,32,28,-1,44,42,7,-1,7,42,41,-1,7,41,9,-1,9,41,39,-1,36,21,39,-1,39,21,18,-1,39,18,16,-1,14,12,39,-1,39,12,10,-1,39,10,9,-1,22,24,26,-1,26,24,30,-1,25,23,31,-1,31,23,27,-1,
        ]
    }
}
Shape{
    appearance Appearance {
        material  Material 	{
            diffuseColor 0.8235294117647058 0.8235294117647058 0.8235294117647058
            specularColor 0.4117647058823529 0.4117647058823529 0.4117647058823529
            ambientIntensity 0.8235
            transparency 0.0
            shininess 0.5
        }
    }
    geometry IndexedFaceSet {
        ccw TRUE
        solid FALSE
        coord DEF co Coordinate {
            point [
                -0.1008 0.108 5.4724, -0.2545 -0.0998 5.4724, -0.1008 -0.0998 5.4724, -0.1008 1.1812 4.394, -1.2819 1.1812 4.394, -0.1008 0.8828 4.394, -1.2819 0.8828 4.394, -1.2819 -0.3313 4.394, -0.1008 -0.3313 4.394, -1.2819 -0.2287 4.394, -0.1008 -0.2287 4.394, -0.1008 0.8828 4.6063, -0.1008 1.4051 4.6063, -0.1008 -0.2287 4.6063, -0.1008 -0.3313 4.6063, -1.2819 1.4051 4.6063, -1.2819 0.8828 4.6063, -1.2819 -0.3313 4.6063, -1.2819 -0.2287 4.6063, -0.0024 -0.1476 4.6063, -0.0024 1.5038 4.6063, -0.0024 -1.039 4.6063, -1.3803 -1.039 4.6063, -0.9669 -1.039 4.6063, -0.9669 -0.8421 4.6063, -1.3803 -0.1476 4.6063, -0.8977 -0.6751 4.6063, -0.8488 -0.6375 4.6063, -0.5339 -0.6375 4.6063, -0.4849 -0.6751 4.6063, -1.3803 1.5038 4.6063, -0.9353 -0.724 4.6063, -0.5908 -0.6139 4.6063, -0.4474 -0.724 4.6063, -0.4238 -0.781 4.6063, -0.4158 -0.8421 4.6063, -0.4158 -1.039 4.6063, -0.9589 -0.781 4.6063, -0.7919 -0.6139 4.6063, -0.7307 -0.6059 4.6063, -0.652 -0.6059 4.6063, -1.3803 1.9039 3.7757, -0.0024 1.9039 3.7757, -0.0024 1.9039 2.2965, -1.3803 1.9039 2.2965, -0.0024 1.9039 2.6331, -1.3803 1.9039 2.6331, -1.3803 1.832 2.2246, -0.0024 1.832 2.2246, -1.3803 1.832 1.6716, -0.0024 1.832 1.6716, -1.3803 1.9039 1.5996, -0.0024 1.9039 1.5996, -1.3803 1.9039 0.0394, -0.0024 1.9039 0.0394, -1.3803 1.5038 0.0394, -0.0024 1.5038 0.0394, -1.3803 1.5038 0.1705, -0.0024 1.5038 0.1705, -0.0024 -2.5292 0.1705, -1.3803 -2.5292 0.1705, -0.0024 -0.1476 0.1705, -1.3803 -0.1476 0.1705, -1.3803 -2.5292 0.0394, -0.0024 -2.5292 0.0394, -1.3803 -2.8598 0.0394, -0.0024 -2.8598 0.0394, -0.0024 -2.8598 2.7854, -1.3803 -2.8598 2.7854, -0.0024 -2.8598 2.6331, -1.3803 -2.8598 2.6331, -0.7155 -1.7239 3.9214, -0.6424 -1.7216 3.9237, -0.4148 -1.6111 4.0342, -0.4902 -1.6694 3.9759, -0.5679 -1.7047 3.9405, -0.7893 -1.7122 3.933, -0.8658 -1.6838 3.9614, -0.9448 -1.6321 4.0131, -1.0577 -1.1868 4.4585, -1.0113 -1.1016 4.5437, -0.4208 -1.0393 4.606, -0.4258 -1.0403 4.605, -0.3899 -1.0776 4.5676, -1.0819 -1.2813 4.3639, -0.9569 -1.0403 4.605, -0.9619 -1.0393 4.606, -0.3368 -1.1598 4.4854, -0.3055 -1.2528 4.3925, -1.0112 -1.5605 4.0848, -1.058 -1.4744 4.1709, -1.0821 -1.3793 4.2659, -0.2981 -1.3505 4.2947, -0.3151 -1.4468 4.1984, -0.355 -1.5355 4.1098, -1.3803 -2.338 2.762, -1.3803 -2.2897 2.7248, -1.3803 -2.3985 2.9876, -1.3803 -2.4065 2.9271, -1.3803 -2.3985 2.8667, -1.3803 -2.3752 2.8103, -1.3803 -2.0561 2.7248, -1.3803 -2.0077 2.762, -1.3803 -0.1476 2.6331, -1.3803 -1.9706 2.8103, -1.3803 -1.9472 2.8667, -1.3803 -2.0077 3.0923, -1.3803 -2.0561 3.1294, -1.3803 -2.2333 2.7015, -1.3803 -2.1729 2.6935, -1.3803 -2.1124 2.7015, -1.3803 -1.9393 2.9271, -1.3803 -1.9472 2.9876, -1.3803 -1.9706 3.0439, -1.3803 -2.1124 3.1528, -1.3803 -2.1729 3.1607, -1.3803 -2.2333 3.1528, -1.3803 -2.2897 3.1294, -1.3803 -2.338 3.0923, -1.3803 -2.3752 3.0439, -1.3803 -2.5956 0.5734, -1.3803 -2.617 0.6249, -1.3803 -2.6243 0.6802, -1.3803 -2.2595 0.5291, -1.3803 -2.2255 0.5734, -1.3803 -2.2042 0.7355, -1.3803 -2.1969 0.6802, -1.3803 -2.2042 0.6249, -1.3803 -2.5617 0.8313, -1.3803 -2.5956 0.787, -1.3803 -2.617 0.7355, -1.3803 -2.5617 0.5291, -1.3803 -2.5174 0.4952, -1.3803 -2.4659 0.4738, -1.3803 -2.4106 0.4665, -1.3803 -2.3553 0.4738, -1.3803 -2.3038 0.4952, -1.3803 -1.4157 1.7991, -1.3803 -1.4617 1.8591, -1.3803 -1.7417 1.9341, -1.3803 -1.8117 1.9052, -1.3803 -1.8717 1.8591, -1.3803 -1.9178 1.7991, -1.3803 -1.9467 1.7292, -1.3803 -1.3867 1.5791, -1.3803 -1.3768 1.6541, -1.3803 -1.3867 1.7292, -1.3803 -1.9178 1.5092, -1.3803 -2.4106 0.8939, -1.3803 -2.4659 0.8866, -1.3803 -2.2595 0.8313, -1.3803 -1.8117 1.4031, -1.3803 -1.7417 1.3741, -1.3803 -1.5218 1.9052, -1.3803 -1.5917 1.9341, -1.3803 -1.6667 1.944, -1.3803 -1.6667 1.3642, -1.3803 -1.5917 1.3741, -1.3803 -2.2255 0.787, -1.3803 -1.5218 1.4031, -1.3803 -1.4617 1.4491, -1.3803 -1.4157 1.5092, -1.3803 -1.9566 1.6541, -1.3803 -1.9467 1.5791, -1.3803 -2.5174 0.8652, -1.3803 -1.8717 1.4491, -1.3803 -2.3038 0.8652, -1.3803 -2.3553 0.8866, -1.3803 1.5117 2.5012, -1.3803 1.4612 2.5399, -1.3803 1.583 2.329, -1.3803 1.5747 2.392, -1.3803 1.5504 2.4508, -1.3803 1.4612 2.118, -1.3803 1.5117 2.1567, -1.3803 1.5504 2.2072, -1.3803 1.5747 2.2659, -1.3803 1.2177 2.5399, -1.3803 1.1672 2.5012, -1.3803 1.1285 2.4508, -1.3803 1.1042 2.392, -1.3803 1.1672 2.1567, -1.3803 1.2177 2.118, -1.3803 1.4025 2.5643, -1.3803 1.3394 2.5726, -1.3803 1.2764 2.5643, -1.3803 1.0959 2.329, -1.3803 1.1042 2.2659, -1.3803 1.1285 2.2072, -1.3803 1.2764 2.0937, -1.3803 1.3394 2.0854, -1.3803 1.4025 2.0937, -1.3803 1.0904 3.3666, -1.3803 1.1162 3.3044, -1.3803 1.1572 3.251, -1.3803 1.1572 3.6156, -1.3803 1.1162 3.5622, -1.3803 1.0904 3.5, -1.3803 1.0817 3.4333, -1.3803 1.4062 3.1843, -1.3803 1.4683 3.21, -1.3803 1.5217 3.251, -1.3803 1.5884 3.5, -1.3803 1.5627 3.5622, -1.3803 1.5217 3.6156, -1.3803 1.4683 3.6565, -1.3803 1.4062 3.6823, -1.3803 1.3394 3.6911, -1.3803 1.2727 3.6823, -1.3803 1.2106 3.6565, -1.3803 1.2106 3.21, -1.3803 1.2727 3.1843, -1.3803 1.3394 3.1755, -1.3803 1.5627 3.3044, -1.3803 1.5884 3.3666, -1.3803 1.5972 3.4333, -0.0024 1.5627 3.3044, -0.0024 1.5217 3.251, -0.0024 1.0817 3.4333, -0.0024 1.0904 3.5, -0.0024 1.1162 3.5622, -0.0024 1.3394 3.6911, -0.0024 1.4062 3.6823, -0.0024 1.4683 3.6565, -0.0024 1.5217 3.6156, -0.0024 1.5627 3.5622, -0.0024 1.5884 3.5, -0.0024 1.5972 3.4333, -0.0024 1.5884 3.3666, -0.0024 1.1572 3.251, -0.0024 1.1162 3.3044, -0.0024 -0.1476 2.6331, -0.0024 1.0904 3.3666, -0.0024 1.4683 3.21, -0.0024 1.4062 3.1843, -0.0024 1.3394 3.1755, -0.0024 1.1572 3.6156, -0.0024 1.2106 3.6565, -0.0024 1.2727 3.6823, -0.0024 1.2727 3.1843, -0.0024 1.2106 3.21, -0.0024 1.4025 2.5643, -0.0024 1.4612 2.5399, -0.0024 1.5117 2.5012, -0.0024 1.5117 2.1567, -0.0024 1.4612 2.118, -0.0024 1.3394 2.5726, -0.0024 1.5504 2.4508, -0.0024 1.5747 2.392, -0.0024 1.583 2.329, -0.0024 1.5747 2.2659, -0.0024 1.5504 2.2072, -0.0024 1.3394 2.0854, -0.0024 1.2764 2.0937, -0.0024 1.4025 2.0937, -0.0024 1.2177 2.118, -0.0024 1.1672 2.1567, -0.0024 1.1285 2.2072, -0.0024 1.1042 2.2659, -0.0024 1.0959 2.329, -0.0024 1.1042 2.392, -0.0024 1.1285 2.4508, -0.0024 1.1672 2.5012, -0.0024 1.2177 2.5399, -0.0024 1.2764 2.5643, -0.0024 -2.2042 0.7355, -0.0024 -2.1969 0.6802, -0.0024 -2.2042 0.6249, -0.0024 -2.2255 0.5734, -0.0024 -2.4659 0.8866, -0.0024 -2.4106 0.8939, -0.0024 -1.8717 1.4491, -0.0024 -1.8717 1.8591, -0.0024 -1.8117 1.9052, -0.0024 -2.2595 0.5291, -0.0024 -2.3038 0.4952, -0.0024 -2.3553 0.4738, -0.0024 -2.4106 0.4665, -0.0024 -2.4659 0.4738, -0.0024 -2.5174 0.4952, -0.0024 -2.5617 0.5291, -0.0024 -2.5956 0.5734, -0.0024 -2.617 0.6249, -0.0024 -2.6243 0.6802, -0.0024 -1.5917 1.3741, -0.0024 -1.6667 1.3642, -0.0024 -2.3553 0.8866, -0.0024 -2.3038 0.8652, -0.0024 -1.8117 1.4031, -0.0024 -2.2595 0.8313, -0.0024 -1.7417 1.3741, -0.0024 -1.3867 1.5791, -0.0024 -1.4157 1.5092, -0.0024 -1.4617 1.4491, -0.0024 -1.5218 1.4031, -0.0024 -1.9178 1.5092, -0.0024 -2.5617 0.8313, -0.0024 -2.5174 0.8652, -0.0024 -2.617 0.7355, -0.0024 -2.5956 0.787, -0.0024 -1.9178 1.7991, -0.0024 -1.5917 1.9341, -0.0024 -1.6667 1.944, -0.0024 -1.7417 1.9341, -0.0024 -1.5218 1.9052, -0.0024 -1.4617 1.8591, -0.0024 -1.4157 1.7991, -0.0024 -2.2255 0.787, -0.0024 -1.9467 1.5791, -0.0024 -1.9566 1.6541, -0.0024 -1.9467 1.7292, -0.0024 -1.3867 1.7292, -0.0024 -1.3768 1.6541, -0.0024 -1.9472 2.9876, -0.0024 -1.9393 2.9271, -0.0024 -1.9472 2.8667, -0.0024 -1.9706 3.0439, -0.0024 -2.4065 2.9271, -0.0024 -2.3985 2.9876, -0.0024 -2.0561 3.1294, -0.0024 -2.0077 3.0923, -0.0024 -2.2897 2.7248, -0.0024 -2.338 2.762, -0.0024 -2.3752 2.8103, -0.0024 -2.3985 2.8667, -0.0024 -2.2333 3.1528, -0.0024 -2.1729 3.1607, -0.0024 -2.1124 3.1528, -0.0024 -1.9706 2.8103, -0.0024 -2.0077 2.762, -0.0024 -2.0561 2.7248, -0.0024 -2.3752 3.0439, -0.0024 -2.338 3.0923, -0.0024 -2.2897 3.1294, -0.0024 -2.1124 2.7015, -0.0024 -2.1729 2.6935, -0.0024 -2.2333 2.7015, -1.2819 0.8828 5.0536, -1.2819 1.0277 5.0536, -0.1008 0.8828 5.0536, -0.1008 1.0277 5.0536, -0.1008 -0.2287 4.7669, -1.2819 -0.2287 4.7669, -1.2819 -0.0998 4.7669, -0.1008 -0.0998 4.7669, -0.2545 -0.0998 5.2756, -0.7435 -0.0998 5.4724, -1.2819 -0.0998 5.4724, -0.7435 -0.0998 5.2756, -1.2819 0.8828 5.4724, -0.1008 0.7691 5.4724, -0.1008 0.8828 5.4724, -1.2819 1.0277 5.2598, -0.1008 1.0277 5.2598, -0.1008 0.108 5.2756, -0.1008 0.7691 5.2756, -1.4984 1.2727 3.6823, -1.4984 1.2106 3.6565, -1.4984 1.1572 3.6156, -1.4984 1.1162 3.5622, -1.4984 1.0904 3.5, -1.4984 1.0817 3.4333, -1.4984 1.0904 3.3666, -1.4984 1.1162 3.3044, -1.4984 1.1572 3.251, -1.4984 1.2106 3.21, -1.4984 1.2727 3.1843, -1.4984 1.3394 3.1755, -1.4984 1.4062 3.1843, -1.4984 1.4683 3.21, -1.4984 1.5217 3.251, -1.4984 1.5627 3.3044, -1.4984 1.5884 3.3666, -1.4984 1.5972 3.4333, -1.4984 1.5884 3.5, -1.4984 1.5627 3.5622, -1.4984 1.5217 3.6156, -1.4984 1.4683 3.6565, -1.4984 1.4062 3.6823, -1.4984 1.3394 3.6911, -1.4984 1.3394 3.4333, -1.4984 1.2764 2.5643, -1.4984 1.2177 2.5399, -1.4984 1.1672 2.5012, -1.4984 1.1285 2.4508, -1.4984 1.1042 2.392, -1.4984 1.0959 2.329, -1.4984 1.1042 2.2659, -1.4984 1.1285 2.2072, -1.4984 1.1672 2.1567, -1.4984 1.2177 2.118, -1.4984 1.2764 2.0937, -1.4984 1.3394 2.0854, -1.4984 1.4025 2.0937, -1.4984 1.4612 2.118, -1.4984 1.5117 2.1567, -1.4984 1.5504 2.2072, -1.4984 1.5747 2.2659, -1.4984 1.583 2.329, -1.4984 1.5747 2.392, -1.4984 1.5504 2.4508, -1.4984 1.5117 2.5012, -1.4984 1.4612 2.5399, -1.4984 1.4025 2.5643, -1.4984 1.3394 2.5726, -1.4984 1.3394 2.329, -1.4984 -2.2333 3.1528, -1.4984 -2.2897 3.1294, -1.4984 -2.338 3.0923, -1.4984 -2.3752 3.0439, -1.4984 -2.3985 2.9876, -1.4984 -2.4065 2.9271, -1.4984 -2.3985 2.8667, -1.4984 -2.3752 2.8103, -1.4984 -2.338 2.762, -1.4984 -2.2897 2.7248, -1.4984 -2.2333 2.7015, -1.4984 -2.1729 2.6935, -1.4984 -2.1124 2.7015, -1.4984 -2.0561 2.7248, -1.4984 -2.0077 2.762, -1.4984 -1.9706 2.8103, -1.4984 -1.9472 2.8667, -1.4984 -1.9393 2.9271, -1.4984 -1.9472 2.9876, -1.4984 -1.9706 3.0439, -1.4984 -2.0077 3.0923, -1.4984 -2.0561 3.1294, -1.4984 -2.1124 3.1528, -1.4984 -2.1729 3.1607, -1.4984 -2.1729 2.9271, -1.4984 -2.4659 0.8866, -1.4984 -2.5174 0.8652, -1.4984 -2.5617 0.8313, -1.4984 -2.5956 0.787, -1.4984 -2.617 0.7355, -1.4984 -2.6243 0.6802, -1.4984 -2.617 0.6249, -1.4984 -2.5956 0.5734, -1.4984 -2.5617 0.5291, -1.4984 -2.5174 0.4952, -1.4984 -2.4659 0.4738, -1.4984 -2.4106 0.4665, -1.4984 -2.3553 0.4738, -1.4984 -2.3038 0.4952, -1.4984 -2.2595 0.5291, -1.4984 -2.2255 0.5734, -1.4984 -2.2042 0.6249, -1.4984 -2.1969 0.6802, -1.4984 -2.2042 0.7355, -1.4984 -2.2255 0.787, -1.4984 -2.2595 0.8313, -1.4984 -2.3038 0.8652, -1.4984 -2.3553 0.8866, -1.4984 -2.4106 0.8939, -1.4984 -2.4106 0.6802, -1.4984 -1.7417 1.9341, -1.4984 -1.8117 1.9052, -1.4984 -1.8717 1.8591, -1.4984 -1.9178 1.7991, -1.4984 -1.9467 1.7292, -1.4984 -1.9566 1.6541, -1.4984 -1.9467 1.5791, -1.4984 -1.9178 1.5092, -1.4984 -1.8717 1.4491, -1.4984 -1.8117 1.4031, -1.4984 -1.7417 1.3741, -1.4984 -1.6667 1.3642, -1.4984 -1.5917 1.3741, -1.4984 -1.5218 1.4031, -1.4984 -1.4617 1.4491, -1.4984 -1.4157 1.5092, -1.4984 -1.3867 1.5791, -1.4984 -1.3768 1.6541, -1.4984 -1.3867 1.7292, -1.4984 -1.4157 1.7991, -1.4984 -1.4617 1.8591, -1.4984 -1.5218 1.9052, -1.4984 -1.5917 1.9341, -1.4984 -1.6667 1.944, -1.4984 -1.6667 1.6541, -0.1205 -2.1729 3.1607, -0.1205 -2.2333 3.1528, -0.1205 -2.2897 3.1294, -0.1205 -2.338 3.0923, -0.1205 -2.3752 3.0439, -0.1205 -2.3985 2.9876, -0.1205 -2.4065 2.9271, -0.1205 -2.3985 2.8667, -0.1205 -2.3752 2.8103, -0.1205 -2.338 2.762, -0.1205 -2.2897 2.7248, -0.1205 -2.2333 2.7015, -0.1205 -2.1729 2.6935, -0.1205 -2.1124 2.7015, -0.1205 -2.0561 2.7248, -0.1205 -2.0077 2.762, -0.1205 -1.9706 2.8103, -0.1205 -1.9472 2.8667, -0.1205 -1.9393 2.9271, -0.1205 -1.9472 2.9876, -0.1205 -1.9706 3.0439, -0.1205 -2.0077 3.0923, -0.1205 -2.0561 3.1294, -0.1205 -2.1124 3.1528, -0.1205 -2.1729 2.9271, -0.1205 -1.6667 1.944, -0.1205 -1.7417 1.9341, -0.1205 -1.8117 1.9052, -0.1205 -1.8717 1.8591, -0.1205 -1.9178 1.7991, -0.1205 -1.9467 1.7292, -0.1205 -1.9566 1.6541, -0.1205 -1.9467 1.5791, -0.1205 -1.9178 1.5092, -0.1205 -1.8717 1.4491, -0.1205 -1.8117 1.4031, -0.1205 -1.7417 1.3741, -0.1205 -1.6667 1.3642, -0.1205 -1.5917 1.3741, -0.1205 -1.5218 1.4031, -0.1205 -1.4617 1.4491, -0.1205 -1.4157 1.5092, -0.1205 -1.3867 1.5791, -0.1205 -1.3768 1.6541, -0.1205 -1.3867 1.7292, -0.1205 -1.4157 1.7991, -0.1205 -1.4617 1.8591, -0.1205 -1.5218 1.9052, -0.1205 -1.5917 1.9341, -0.1205 -1.6667 1.6541, -0.1205 1.3394 3.6911, -0.1205 1.2727 3.6823, -0.1205 1.2106 3.6565, -0.1205 1.1572 3.6156, -0.1205 1.1162 3.5622, -0.1205 1.0904 3.5, -0.1205 1.0817 3.4333, -0.1205 1.0904 3.3666, -0.1205 1.1162 3.3044, -0.1205 1.1572 3.251, -0.1205 1.2106 3.21, -0.1205 1.2727 3.1843, -0.1205 1.3394 3.1755, -0.1205 1.4062 3.1843, -0.1205 1.4683 3.21, -0.1205 1.5217 3.251, -0.1205 1.5627 3.3044, -0.1205 1.5884 3.3666, -0.1205 1.5972 3.4333, -0.1205 1.5884 3.5, -0.1205 1.5627 3.5622, -0.1205 1.5217 3.6156, -0.1205 1.4683 3.6565, -0.1205 1.4062 3.6823, -0.1205 1.3394 3.4333, -0.1205 1.3394 2.5726, -0.1205 1.2764 2.5643, -0.1205 1.2177 2.5399, -0.1205 1.1672 2.5012, -0.1205 1.1285 2.4508, -0.1205 1.1042 2.392, -0.1205 1.0959 2.329, -0.1205 1.1042 2.2659, -0.1205 1.1285 2.2072, -0.1205 1.1672 2.1567, -0.1205 1.2177 2.118, -0.1205 1.2764 2.0937, -0.1205 1.3394 2.0854, -0.1205 1.4025 2.0937, -0.1205 1.4612 2.118, -0.1205 1.5117 2.1567, -0.1205 1.5504 2.2072, -0.1205 1.5747 2.2659, -0.1205 1.583 2.329, -0.1205 1.5747 2.392, -0.1205 1.5504 2.4508, -0.1205 1.5117 2.5012, -0.1205 1.4612 2.5399, -0.1205 1.4025 2.5643, -0.1205 1.3394 2.329, -0.1205 -2.4106 0.8939, -0.1205 -2.4659 0.8866, -0.1205 -2.5174 0.8652, -0.1205 -2.5617 0.8313, -0.1205 -2.5956 0.787, -0.1205 -2.617 0.7355, -0.1205 -2.6243 0.6802, -0.1205 -2.617 0.6249, -0.1205 -2.5956 0.5734, -0.1205 -2.5617 0.5291, -0.1205 -2.5174 0.4952, -0.1205 -2.4659 0.4738, -0.1205 -2.4106 0.4665, -0.1205 -2.3553 0.4738, -0.1205 -2.3038 0.4952, -0.1205 -2.2595 0.5291, -0.1205 -2.2255 0.5734, -0.1205 -2.2042 0.6249, -0.1205 -2.1969 0.6802, -0.1205 -2.2042 0.7355, -0.1205 -2.2255 0.787, -0.1205 -2.2595 0.8313, -0.1205 -2.3038 0.8652, -0.1205 -2.3553 0.8866, -0.1205 -2.4106 0.6802, -0.9276 -1.039 4.5669, -0.9276 -1.039 2.6378, -0.9276 -0.8421 4.5669, -0.9276 -0.8421 2.6378, -0.7307 -0.6453 4.5669, -0.7307 -0.6453 2.6378, -0.652 -0.6453 4.5669, -0.652 -0.6453 2.6378, -0.4551 -0.8421 4.5669, -0.4551 -0.8421 2.6378, -0.4551 -1.039 4.5669, -0.4551 -1.039 2.6378, -0.3565 -1.1871 2.6378, -0.3964 -1.1068 2.6378, -0.9863 -1.1068 2.6378, -0.3424 -1.3646 2.6378, -0.3381 -1.2749 2.6378, -1.0262 -1.1871 2.6378, -1.0446 -1.2749 2.6378, -0.369 -1.4502 2.6378, -0.4163 -1.5265 2.6378, -0.4815 -0.7437 2.6378, -0.5128 -0.7029 2.6378, -0.5535 -0.6716 2.6378, -0.4812 -1.5884 2.6378, -1.0403 -1.3646 2.6378, -1.0137 -1.4502 2.6378, -0.9664 -1.5265 2.6378, -0.9014 -1.5884 2.6378, -0.823 -1.632 2.6378, -0.4618 -0.7912 2.6378, -0.601 -0.652 2.6378, -0.7362 -1.6545 2.6378, -0.6465 -1.6545 2.6378, -0.5596 -1.632 2.6378, -0.7817 -0.652 2.6378, -0.8291 -0.6716 2.6378, -0.8699 -0.7029 2.6378, -0.9012 -0.7437 2.6378, -0.9209 -0.7912 2.6378, -0.9793 -1.0967 4.5159, -0.9279 -1.0393 4.5721, -0.929 -1.0402 4.5771, -0.9292 -1.0405 4.5783, -0.3986 -1.1082 4.503, -0.4201 -1.0751 4.5398, -0.4534 -1.0405 4.5783, -0.4538 -1.0402 4.5771, -0.4548 -1.0393 4.5721, -0.3409 -1.2752 4.3175, -0.3441 -1.2328 4.3646, -0.3591 -1.188 4.4144, -0.3722 -1.1491 4.4576, -0.3715 -1.4491 4.1242, -0.3527 -1.4074 4.1706, -0.3451 -1.3641 4.2187, -0.3375 -1.3207 4.2669, -0.4828 -1.5864 3.9717, -0.4424 -1.5552 4.0063, -0.4184 -1.5248 4.0401, -0.3886 -1.4872 4.0819, -0.6465 -1.6545 3.8961, -0.5802 -1.6395 3.9127, -0.5603 -1.6305 3.9227, -0.5104 -1.6077 3.9481, -0.7131 -1.6567 3.8936, -0.6473 -1.6547 3.8959, -0.7795 -1.6463 3.9052, -0.736 -1.6531 3.8976, -0.8484 -1.6207 3.9336, -0.8224 -1.6303 3.9229, -0.9195 -1.5742 3.9853, -0.9003 -1.5867 3.9714, -0.9792 -1.5097 4.0569, -0.9649 -1.5251 4.0398, -1.0213 -1.4322 4.143, -1.012 -1.4493 4.124, -1.043 -1.3466 4.2381, -1.0385 -1.3641 4.2187, -1.0429 -1.2585 4.3361, -1.0429 -1.275 4.3177, -0.9852 -1.1074 4.5039, -1.0211 -1.1733 4.4307, -1.0247 -1.1875 4.4149, -0.9209 -0.7912 4.5669, -0.9012 -0.7437 4.5669, -0.8699 -0.7029 4.5669, -0.8291 -0.6716 4.5669, -0.7817 -0.652 4.5669, -0.601 -0.652 4.5669, -0.5535 -0.6716 4.5669, -0.5128 -0.7029 4.5669, -0.4815 -0.7437 4.5669, -0.4618 -0.7912 4.5669, -0.9289 -0.8421 4.5771, -0.9222 -0.7908 4.5771, -0.9328 -0.8421 4.5866, -0.9259 -0.7898 4.5866, -0.9391 -0.8421 4.5948, -0.932 -0.7882 4.5948, -0.9472 -0.8421 4.601, -0.9399 -0.7861 4.601, -0.9567 -0.8421 4.605, -0.949 -0.7836 4.605, -0.9024 -0.743 4.5771, -0.9058 -0.741 4.5866, -0.9112 -0.7379 4.5948, -0.9182 -0.7338 4.601, -0.9265 -0.7291 4.605, -0.8709 -0.702 4.5771, -0.8736 -0.6992 4.5866, -0.8781 -0.6948 4.5948, -0.8838 -0.689 4.601, -0.8905 -0.6823 4.605, -0.8298 -0.6705 4.5771, -0.8318 -0.6671 4.5866, -0.8349 -0.6616 4.5948, -0.839 -0.6546 4.601, -0.8437 -0.6464 4.605, -0.782 -0.6507 4.5771, -0.783 -0.6469 4.5866, -0.7846 -0.6408 4.5948, -0.7868 -0.633 4.601, -0.7892 -0.6238 4.605, -0.7307 -0.6439 4.5771, -0.7307 -0.64 4.5866, -0.7307 -0.6337 4.5948, -0.7307 -0.6256 4.601, -0.7307 -0.6161 4.605, -0.9325 -1.0422 4.586, -0.931 -1.0414 4.5824, -0.9381 -1.0429 4.5935, -0.9353 -1.0427 4.5901, -0.9343 -1.0426 4.5889, -0.9329 -1.0423 4.5866, -0.9424 -1.0429 4.5977, -0.9396 -1.043 4.5952, -0.9391 -1.043 4.5947, -0.9524 -1.0413 4.6035, -0.9496 -1.0419 4.6023, -0.9474 -1.0422 4.6009, -0.9448 -1.0426 4.5993, -0.9567 -1.0403 4.605, -0.9526 -1.0413 4.6036, -0.652 -0.6439 4.5771, -0.652 -0.64 4.5866, -0.652 -0.6337 4.5948, -0.652 -0.6256 4.601, -0.652 -0.6161 4.605, -0.452 -1.0414 4.5822, -0.4155 -1.0788 4.5474, -0.4498 -1.0422 4.5863, -0.4519 -1.0415 4.5825, -0.4126 -1.08 4.551, -0.448 -1.0427 4.5894, -0.4497 -1.0422 4.5865, -0.4093 -1.0807 4.5545, -0.4446 -1.0429 4.5935, -0.446 -1.0429 4.5922, -0.4058 -1.081 4.5577, -0.4414 -1.0429 4.5966, -0.4434 -1.0429 4.5946, -0.402 -1.0809 4.5607, -0.4368 -1.0425 4.6002, -0.44 -1.0429 4.5979, -0.4259 -1.0403 4.605, -0.394 -1.0791 4.5657, -0.429 -1.0411 4.604, -0.43 -1.0412 4.6035, -0.4341 -1.042 4.6015, -1.0069 -1.1029 4.5419, -1.0025 -1.1038 4.5396, -0.9982 -1.1042 4.537, -0.9942 -1.1042 4.534, -0.987 -1.1025 4.5273, -0.9814 -1.099 4.5197, -0.3427 -1.2369 4.3691, -0.3703 -1.1522 4.4617, -0.418 -1.0772 4.5436, -0.3536 -1.4127 4.1762, -0.3371 -1.3257 4.2718, -0.4454 -1.5597 4.0138, -0.3907 -1.4924 4.0884, -0.5135 -1.611 3.9566, -0.5826 -1.6417 3.9222, -0.6484 -1.6561 3.9059, -0.7125 -1.6581 3.9037, -0.7775 -1.6481 3.915, -0.8454 -1.6236 3.9425, -0.9164 -1.5783 3.9931, -0.9768 -1.5147 4.0637, -1.043 -1.3518 4.2432, -1.0201 -1.4376 4.1488, -1.0229 -1.1768 4.4348, -1.044 -1.2629 4.3407, -0.984 -1.101 4.5236, -1.0254 -1.1799 4.4389, -1.0461 -1.2671 4.3451, -1.0444 -1.3569 4.2482, -1.0204 -1.4433 4.1544, -0.9761 -1.5206 4.07, -0.9148 -1.5838 4.0005, -0.8437 -1.6284 3.9509, -0.7762 -1.6524 3.9241, -0.7122 -1.6621 3.9132, -0.6491 -1.6602 3.9153, -0.5841 -1.6461 3.9311, -0.5153 -1.6161 3.9647, -0.4467 -1.5654 4.0208, -0.3911 -1.4982 4.0945, -0.3529 -1.4183 4.1816, -0.3355 -1.3306 4.2766, -0.3404 -1.2408 4.3734, -0.3677 -1.155 4.4657, -1.0286 -1.1825 4.4429, -1.0492 -1.2709 4.3493, -1.047 -1.3618 4.2528, -1.0223 -1.4491 4.1595, -0.9771 -1.527 4.0758, -0.915 -1.5905 4.007, -0.8433 -1.6351 3.9582, -0.7758 -1.6588 3.9319, -0.7121 -1.6683 3.9213, -0.6493 -1.6664 3.9234, -0.5845 -1.6526 3.9388, -0.5155 -1.6227 3.9717, -0.4463 -1.572 4.0271, -0.3898 -1.5046 4.1, -0.3508 -1.4239 4.1865, -0.3327 -1.3352 4.2811, -0.3372 -1.2443 4.3775, -0.3645 -1.1573 4.4695, -0.9905 -1.1036 4.5308, -1.0325 -1.1847 4.4465, -1.0532 -1.2742 4.3532, -1.0508 -1.3664 4.2569, -1.0257 -1.4549 4.164, -0.9797 -1.5338 4.0806, -0.9169 -1.598 4.0123, -0.8444 -1.643 3.964, -0.7764 -1.6669 3.938, -0.7122 -1.6765 3.9276, -0.6491 -1.6746 3.9296, -0.5838 -1.6607 3.9448, -0.5142 -1.6306 3.9773, -0.4442 -1.5793 4.0322, -0.3869 -1.511 4.1047, -0.3472 -1.4293 4.1908, -0.3288 -1.3394 4.2851, -0.3333 -1.2473 4.3813, -0.3607 -1.1591 4.4731, -1.0369 -1.1863 4.4498, -1.0579 -1.277 4.3566, -1.0557 -1.3705 4.2604, -1.0304 -1.4603 4.1675, -0.984 -1.5405 4.0843, -0.9203 -1.6058 4.016, -0.8468 -1.6517 3.9678, -0.7777 -1.6762 3.9419, -0.7125 -1.686 3.9315, -0.6484 -1.684 3.9336, -0.5821 -1.6698 3.9487, -0.5114 -1.639 3.9812, -0.4405 -1.5868 4.0359, -0.3825 -1.5173 4.1084, -0.3425 -1.4343 4.1944, -0.3239 -1.3431 4.2886, -0.3286 -1.2497 4.3847, -0.3565 -1.1604 4.4764, -1.0417 -1.1873 4.4527, -1.0633 -1.2792 4.3594, -1.0615 -1.3739 4.2631, -1.0362 -1.4651 4.1701, -0.9895 -1.5468 4.0866, -0.9251 -1.6136 4.0181, -0.8504 -1.6607 3.9695, -0.7799 -1.686 3.9434, -0.7131 -1.6961 3.9329, -0.6473 -1.6941 3.9349, -0.5795 -1.6794 3.9502, -0.5074 -1.6477 3.983, -0.4354 -1.5941 4.0381, -0.3768 -1.5232 4.1108, -0.3366 -1.4388 4.197, -0.3182 -1.3461 4.2913, -0.3234 -1.2515 4.3876, -0.3519 -1.1611 4.4794, -1.0468 -1.1877 4.4552, -1.0692 -1.2806 4.3616, -1.0679 -1.3766 4.265, -1.0429 -1.4692 4.1715, -0.9961 -1.5524 4.0875, -0.931 -1.6208 4.0182, -0.855 -1.6694 3.969, -0.7826 -1.6957 3.9423, -0.7138 -1.7063 3.9315, -0.6459 -1.7042 3.9337, -0.576 -1.6888 3.9493, -0.5023 -1.6559 3.9827, -0.4292 -1.6008 4.0385, -0.3701 -1.5283 4.1118, -0.3299 -1.4424 4.1986, -0.3119 -1.3484 4.2933, -0.3176 -1.2526 4.3899, -0.347 -1.1612 4.4819, -0.3981 -1.0802 4.5634, -0.4354 -1.0422 4.6009, -1.0522 -1.1875 4.4571, -1.0755 -1.2814 4.3631, -1.0749 -1.3784 4.2659, -1.0503 -1.4723 4.1718, -1.0034 -1.557 4.0869, -0.9377 -1.6271 4.0166, -0.8602 -1.6773 3.9662, -0.7858 -1.7046 3.9388, -0.7146 -1.7157 3.9276, -0.6442 -1.7135 3.9298, -0.5721 -1.6974 3.946, -0.4964 -1.6633 3.9803, -0.4222 -1.6066 4.0372, -0.3627 -1.5325 4.1115, -0.3227 -1.4451 4.1991, -0.3051 -1.3499 4.2944, -0.3116 -1.2531 4.3915, -0.3419 -1.1608 4.4839, -0.6007 -0.6507 4.5771, -0.5997 -0.6469 4.5866, -0.598 -0.6408 4.5948, -0.5959 -0.633 4.601, -0.5935 -0.6238 4.605, -0.5529 -0.6705 4.5771, -0.5509 -0.6671 4.5866, -0.5478 -0.6616 4.5948, -0.5437 -0.6546 4.601, -0.539 -0.6464 4.605, -0.5118 -0.702 4.5771, -0.509 -0.6992 4.5866, -0.5046 -0.6948 4.5948, -0.4989 -0.689 4.601, -0.4921 -0.6823 4.605, -0.4803 -0.743 4.5771, -0.4769 -0.741 4.5866, -0.4715 -0.7379 4.5948, -0.4644 -0.7338 4.601, -0.4562 -0.7291 4.605, -0.4605 -0.7908 4.5771, -0.4567 -0.7898 4.5866, -0.4507 -0.7882 4.5948, -0.4428 -0.7861 4.601, -0.4336 -0.7836 4.605, -0.4538 -0.8421 4.5771, -0.4498 -0.8421 4.5866, -0.4436 -0.8421 4.5948, -0.4354 -0.8421 4.601, -0.4259 -0.8421 4.605
            ]
        }
        coordIndex [
            0,1,2,-1,3,4,5,-1,5,4,6,-1,7,8,9,-1,9,8,10,-1,11,12,5,-1,5,12,3,-1,10,8,13,-1,13,8,14,-1,4,15,6,-1,6,15,16,-1,17,7,18,-1,18,7,9,-1,19,20,11,-1,11,13,19,-1,19,13,14,-1,19,14,21,-1,22,23,24,-1,25,22,17,-1,26,27,17,-1,28,29,14,-1,17,18,25,-1,25,18,16,-1,25,16,30,-1,30,16,15,-1,30,15,20,-1,20,15,12,-1,20,12,11,-1,26,17,31,-1,28,14,32,-1,29,33,14,-1,14,33,34,-1,14,34,21,-1,21,34,35,-1,21,35,36,-1,22,24,17,-1,17,24,37,-1,17,37,31,-1,27,38,17,-1,17,38,39,-1,17,39,14,-1,14,39,40,-1,14,40,32,-1,41,30,42,-1,42,30,20,-1,43,44,45,-1,45,44,46,-1,45,46,42,-1,42,46,41,-1,47,44,48,-1,48,44,43,-1,49,47,50,-1,50,47,48,-1,51,49,52,-1,52,49,50,-1,53,51,54,-1,54,51,52,-1,55,53,56,-1,56,53,54,-1,57,55,58,-1,58,55,56,-1,59,60,61,-1,61,60,62,-1,61,62,58,-1,58,62,57,-1,63,60,64,-1,64,60,59,-1,65,63,66,-1,66,63,64,-1,67,68,69,-1,69,68,70,-1,69,70,66,-1,66,70,65,-1,71,68,72,-1,72,68,67,-1,73,74,67,-1,67,74,75,-1,67,75,72,-1,71,76,68,-1,68,76,77,-1,68,77,78,-1,79,80,22,-1,81,82,83,-1,79,22,84,-1,85,86,80,-1,80,86,23,-1,80,23,22,-1,21,87,88,-1,87,21,83,-1,83,21,36,-1,83,36,81,-1,78,89,68,-1,68,89,90,-1,68,90,22,-1,22,90,91,-1,22,91,84,-1,88,92,21,-1,21,92,93,-1,21,93,67,-1,67,93,94,-1,67,94,73,-1,60,63,65,-1,95,96,70,-1,97,98,68,-1,68,98,99,-1,68,99,70,-1,70,99,100,-1,70,100,95,-1,101,102,103,-1,103,102,104,-1,103,104,105,-1,25,106,22,-1,22,106,107,-1,96,108,70,-1,70,108,109,-1,70,109,103,-1,103,109,110,-1,103,110,101,-1,105,111,103,-1,103,111,112,-1,103,112,25,-1,25,112,113,-1,25,113,106,-1,107,114,22,-1,22,114,115,-1,22,115,116,-1,116,117,22,-1,22,117,118,-1,22,118,68,-1,68,118,119,-1,68,119,97,-1,120,60,121,-1,121,60,65,-1,121,65,122,-1,122,65,70,-1,62,123,124,-1,125,103,126,-1,126,103,62,-1,126,62,127,-1,127,62,124,-1,128,129,70,-1,70,129,130,-1,70,130,122,-1,120,131,60,-1,60,131,132,-1,60,132,133,-1,133,134,60,-1,60,134,135,-1,60,135,62,-1,62,135,136,-1,62,136,123,-1,137,138,103,-1,70,139,140,-1,140,141,70,-1,70,141,142,-1,70,142,143,-1,144,145,103,-1,103,145,146,-1,103,146,137,-1,147,148,149,-1,150,151,152,-1,138,153,103,-1,103,153,154,-1,103,154,70,-1,70,154,155,-1,70,155,139,-1,152,156,150,-1,150,156,157,-1,150,157,158,-1,158,157,159,-1,158,159,125,-1,125,159,160,-1,125,160,103,-1,103,160,161,-1,103,161,144,-1,143,162,70,-1,70,162,163,-1,70,163,128,-1,128,163,147,-1,128,147,164,-1,164,147,149,-1,151,150,165,-1,165,150,166,-1,165,166,147,-1,147,166,167,-1,147,167,148,-1,53,55,57,-1,62,49,57,-1,57,49,51,-1,57,51,53,-1,168,169,46,-1,47,170,44,-1,44,170,171,-1,44,171,46,-1,46,171,172,-1,46,172,168,-1,173,174,49,-1,49,174,175,-1,49,175,47,-1,47,175,176,-1,47,176,170,-1,177,178,103,-1,103,178,179,-1,103,179,180,-1,181,182,62,-1,169,183,46,-1,46,183,184,-1,46,184,103,-1,103,184,185,-1,103,185,177,-1,180,186,103,-1,103,186,187,-1,103,187,62,-1,62,187,188,-1,62,188,181,-1,182,189,62,-1,62,189,190,-1,62,190,49,-1,49,190,191,-1,49,191,173,-1,192,193,103,-1,103,193,194,-1,195,196,25,-1,25,196,197,-1,25,197,103,-1,103,197,198,-1,103,198,192,-1,199,200,46,-1,46,200,201,-1,202,203,41,-1,41,203,204,-1,41,204,30,-1,30,204,205,-1,30,205,206,-1,206,207,30,-1,30,207,208,-1,30,208,25,-1,25,208,209,-1,25,209,195,-1,194,210,103,-1,103,210,211,-1,103,211,46,-1,46,211,212,-1,46,212,199,-1,201,213,46,-1,46,213,214,-1,46,214,41,-1,41,214,215,-1,41,215,202,-1,45,216,217,-1,218,219,19,-1,19,219,220,-1,221,222,20,-1,20,222,223,-1,20,223,42,-1,42,223,224,-1,42,224,225,-1,225,226,42,-1,42,226,227,-1,42,227,45,-1,45,227,228,-1,45,228,216,-1,229,230,231,-1,231,230,232,-1,231,232,218,-1,217,233,45,-1,45,233,234,-1,45,234,235,-1,220,236,19,-1,19,236,237,-1,19,237,20,-1,20,237,238,-1,20,238,221,-1,235,239,231,-1,231,239,240,-1,231,240,229,-1,241,242,45,-1,45,242,243,-1,50,244,245,-1,235,231,45,-1,45,231,246,-1,45,246,241,-1,243,247,45,-1,45,247,248,-1,45,248,43,-1,43,248,249,-1,43,249,48,-1,48,249,250,-1,48,250,50,-1,50,250,251,-1,50,251,244,-1,252,253,61,-1,252,61,254,-1,245,254,50,-1,50,254,61,-1,50,61,52,-1,52,61,58,-1,52,58,54,-1,54,58,56,-1,253,255,61,-1,61,255,256,-1,61,256,257,-1,258,259,231,-1,259,260,231,-1,231,260,261,-1,231,261,262,-1,262,263,231,-1,231,263,264,-1,231,264,246,-1,66,64,59,-1,265,61,231,-1,231,61,257,-1,231,257,258,-1,265,266,61,-1,61,266,267,-1,61,267,268,-1,269,270,271,-1,272,273,69,-1,268,274,61,-1,61,274,275,-1,61,275,59,-1,59,275,276,-1,59,276,277,-1,277,278,59,-1,59,278,279,-1,59,279,280,-1,280,281,59,-1,59,281,282,-1,59,282,66,-1,66,282,283,-1,66,283,69,-1,284,285,265,-1,270,286,271,-1,271,286,287,-1,271,287,288,-1,288,287,289,-1,288,289,290,-1,291,292,231,-1,231,292,293,-1,231,293,265,-1,265,293,294,-1,265,294,284,-1,295,296,271,-1,271,296,297,-1,271,297,269,-1,283,298,69,-1,69,298,299,-1,69,299,296,-1,272,69,300,-1,301,231,302,-1,302,231,69,-1,302,69,303,-1,303,69,273,-1,301,304,231,-1,231,304,305,-1,231,305,306,-1,290,289,285,-1,285,289,307,-1,285,307,265,-1,295,308,296,-1,296,308,309,-1,296,309,69,-1,69,309,310,-1,69,310,300,-1,306,311,231,-1,231,311,312,-1,231,312,291,-1,313,314,231,-1,231,314,315,-1,218,19,231,-1,231,19,316,-1,231,316,313,-1,317,318,67,-1,21,319,19,-1,19,319,320,-1,19,320,316,-1,321,322,69,-1,69,322,323,-1,69,323,67,-1,67,323,324,-1,67,324,317,-1,325,326,21,-1,21,326,327,-1,21,327,319,-1,315,328,231,-1,231,328,329,-1,231,329,330,-1,318,331,67,-1,67,331,332,-1,67,332,21,-1,21,332,333,-1,21,333,325,-1,330,334,231,-1,231,334,335,-1,231,335,69,-1,69,335,336,-1,69,336,321,-1,14,8,17,-1,17,8,7,-1,3,12,4,-1,4,12,15,-1,337,338,339,-1,339,338,340,-1,5,6,11,-1,11,6,16,-1,11,16,339,-1,339,16,337,-1,341,342,13,-1,13,342,18,-1,13,18,10,-1,10,18,9,-1,343,342,344,-1,344,342,341,-1,2,1,345,-1,346,347,348,-1,348,347,343,-1,348,343,345,-1,345,343,344,-1,345,344,2,-1,347,346,349,-1,349,346,350,-1,349,350,351,-1,352,349,353,-1,353,349,351,-1,338,352,340,-1,340,352,353,-1,337,16,343,-1,343,16,18,-1,343,18,342,-1,352,338,349,-1,349,338,337,-1,349,337,347,-1,347,337,343,-1,354,0,2,-1,351,350,353,-1,353,350,355,-1,341,13,344,-1,344,13,11,-1,344,11,339,-1,2,344,354,-1,354,344,339,-1,354,339,355,-1,355,339,340,-1,355,340,353,-1,207,356,208,-1,208,356,357,-1,208,357,209,-1,209,357,358,-1,209,358,195,-1,195,358,359,-1,195,359,196,-1,196,359,360,-1,196,360,197,-1,197,360,361,-1,197,361,198,-1,198,361,362,-1,198,362,192,-1,192,362,363,-1,192,363,193,-1,193,363,364,-1,193,364,194,-1,194,364,365,-1,194,365,210,-1,210,365,366,-1,210,366,211,-1,211,366,367,-1,211,367,212,-1,212,367,368,-1,212,368,199,-1,199,368,369,-1,199,369,200,-1,200,369,370,-1,200,370,201,-1,201,370,371,-1,201,371,213,-1,213,371,372,-1,213,372,214,-1,214,372,373,-1,214,373,215,-1,215,373,374,-1,215,374,202,-1,202,374,375,-1,202,375,203,-1,203,375,376,-1,203,376,204,-1,204,376,377,-1,204,377,205,-1,205,377,378,-1,205,378,206,-1,206,378,379,-1,206,379,207,-1,207,379,356,-1,369,368,380,-1,380,368,367,-1,380,367,366,-1,372,371,380,-1,380,371,370,-1,380,370,369,-1,375,374,380,-1,380,374,373,-1,380,373,372,-1,378,377,380,-1,380,377,376,-1,380,376,375,-1,357,356,380,-1,380,356,379,-1,380,379,378,-1,360,359,380,-1,380,359,358,-1,380,358,357,-1,363,362,380,-1,380,362,361,-1,380,361,360,-1,366,365,380,-1,380,365,364,-1,380,364,363,-1,184,381,185,-1,185,381,382,-1,185,382,177,-1,177,382,383,-1,177,383,178,-1,178,383,384,-1,178,384,179,-1,179,384,385,-1,179,385,180,-1,180,385,386,-1,180,386,186,-1,186,386,387,-1,186,387,187,-1,187,387,388,-1,187,388,188,-1,188,388,389,-1,188,389,181,-1,181,389,390,-1,181,390,182,-1,182,390,391,-1,182,391,189,-1,189,391,392,-1,189,392,190,-1,190,392,393,-1,190,393,191,-1,191,393,394,-1,191,394,173,-1,173,394,395,-1,173,395,174,-1,174,395,396,-1,174,396,175,-1,175,396,397,-1,175,397,176,-1,176,397,398,-1,176,398,170,-1,170,398,399,-1,170,399,171,-1,171,399,400,-1,171,400,172,-1,172,400,401,-1,172,401,168,-1,168,401,402,-1,168,402,169,-1,169,402,403,-1,169,403,183,-1,183,403,404,-1,183,404,184,-1,184,404,381,-1,394,393,405,-1,405,393,392,-1,405,392,391,-1,397,396,405,-1,405,396,395,-1,405,395,394,-1,400,399,405,-1,405,399,398,-1,405,398,397,-1,403,402,405,-1,405,402,401,-1,405,401,400,-1,382,381,405,-1,405,381,404,-1,405,404,403,-1,385,384,405,-1,405,384,383,-1,405,383,382,-1,388,387,405,-1,405,387,386,-1,405,386,385,-1,391,390,405,-1,405,390,389,-1,405,389,388,-1,115,406,116,-1,116,406,407,-1,116,407,117,-1,117,407,408,-1,117,408,118,-1,118,408,409,-1,118,409,119,-1,119,409,410,-1,119,410,97,-1,97,410,411,-1,97,411,98,-1,98,411,412,-1,98,412,99,-1,99,412,413,-1,99,413,100,-1,100,413,414,-1,100,414,95,-1,95,414,415,-1,95,415,96,-1,96,415,416,-1,96,416,108,-1,108,416,417,-1,108,417,109,-1,109,417,418,-1,109,418,110,-1,110,418,419,-1,110,419,101,-1,101,419,420,-1,101,420,102,-1,102,420,421,-1,102,421,104,-1,104,421,422,-1,104,422,105,-1,105,422,423,-1,105,423,111,-1,111,423,424,-1,111,424,112,-1,112,424,425,-1,112,425,113,-1,113,425,426,-1,113,426,106,-1,106,426,427,-1,106,427,107,-1,107,427,428,-1,107,428,114,-1,114,428,429,-1,114,429,115,-1,115,429,406,-1,419,418,430,-1,430,418,417,-1,430,417,416,-1,422,421,430,-1,430,421,420,-1,430,420,419,-1,425,424,430,-1,430,424,423,-1,430,423,422,-1,428,427,430,-1,430,427,426,-1,430,426,425,-1,407,406,430,-1,430,406,429,-1,430,429,428,-1,410,409,430,-1,430,409,408,-1,430,408,407,-1,413,412,430,-1,430,412,411,-1,430,411,410,-1,416,415,430,-1,430,415,414,-1,430,414,413,-1,148,431,149,-1,149,431,432,-1,149,432,164,-1,164,432,433,-1,164,433,128,-1,128,433,434,-1,128,434,129,-1,129,434,435,-1,129,435,130,-1,130,435,436,-1,130,436,122,-1,122,436,437,-1,122,437,121,-1,121,437,438,-1,121,438,120,-1,120,438,439,-1,120,439,131,-1,131,439,440,-1,131,440,132,-1,132,440,441,-1,132,441,133,-1,133,441,442,-1,133,442,134,-1,134,442,443,-1,134,443,135,-1,135,443,444,-1,135,444,136,-1,136,444,445,-1,136,445,123,-1,123,445,446,-1,123,446,124,-1,124,446,447,-1,124,447,127,-1,127,447,448,-1,127,448,126,-1,126,448,449,-1,126,449,125,-1,125,449,450,-1,125,450,158,-1,158,450,451,-1,158,451,150,-1,150,451,452,-1,150,452,166,-1,166,452,453,-1,166,453,167,-1,167,453,454,-1,167,454,148,-1,148,454,431,-1,444,443,455,-1,455,443,442,-1,455,442,441,-1,447,446,455,-1,455,446,445,-1,455,445,444,-1,450,449,455,-1,455,449,448,-1,455,448,447,-1,453,452,455,-1,455,452,451,-1,455,451,450,-1,432,431,455,-1,455,431,454,-1,455,454,453,-1,435,434,455,-1,455,434,433,-1,455,433,432,-1,438,437,455,-1,455,437,436,-1,455,436,435,-1,441,440,455,-1,455,440,439,-1,455,439,438,-1,155,456,139,-1,139,456,457,-1,139,457,140,-1,140,457,458,-1,140,458,141,-1,141,458,459,-1,141,459,142,-1,142,459,460,-1,142,460,143,-1,143,460,461,-1,143,461,162,-1,162,461,462,-1,162,462,163,-1,163,462,463,-1,163,463,147,-1,147,463,464,-1,147,464,165,-1,165,464,465,-1,165,465,151,-1,151,465,466,-1,151,466,152,-1,152,466,467,-1,152,467,156,-1,156,467,468,-1,156,468,157,-1,157,468,469,-1,157,469,159,-1,159,469,470,-1,159,470,160,-1,160,470,471,-1,160,471,161,-1,161,471,472,-1,161,472,144,-1,144,472,473,-1,144,473,145,-1,145,473,474,-1,145,474,146,-1,146,474,475,-1,146,475,137,-1,137,475,476,-1,137,476,138,-1,138,476,477,-1,138,477,153,-1,153,477,478,-1,153,478,154,-1,154,478,479,-1,154,479,155,-1,155,479,456,-1,469,468,480,-1,480,468,467,-1,480,467,466,-1,472,471,480,-1,480,471,470,-1,480,470,469,-1,475,474,480,-1,480,474,473,-1,480,473,472,-1,478,477,480,-1,480,477,476,-1,480,476,475,-1,457,456,480,-1,480,456,479,-1,480,479,478,-1,460,459,480,-1,480,459,458,-1,480,458,457,-1,463,462,480,-1,480,462,461,-1,480,461,460,-1,466,465,480,-1,480,465,464,-1,480,464,463,-1,481,326,482,-1,482,326,325,-1,482,325,483,-1,483,325,333,-1,483,333,484,-1,484,333,332,-1,484,332,485,-1,485,332,331,-1,485,331,486,-1,486,331,318,-1,486,318,487,-1,487,318,317,-1,487,317,488,-1,488,317,324,-1,488,324,489,-1,489,324,323,-1,489,323,490,-1,490,323,322,-1,490,322,491,-1,491,322,321,-1,491,321,492,-1,492,321,336,-1,492,336,493,-1,493,336,335,-1,493,335,494,-1,494,335,334,-1,494,334,495,-1,495,334,330,-1,495,330,496,-1,496,330,329,-1,496,329,497,-1,497,329,328,-1,497,328,498,-1,498,328,315,-1,498,315,499,-1,499,315,314,-1,499,314,500,-1,500,314,313,-1,500,313,501,-1,501,313,316,-1,501,316,502,-1,502,316,320,-1,502,320,503,-1,503,320,319,-1,503,319,504,-1,504,319,327,-1,504,327,481,-1,481,327,326,-1,503,504,505,-1,505,504,481,-1,505,481,482,-1,500,501,505,-1,505,501,502,-1,505,502,503,-1,497,498,505,-1,505,498,499,-1,505,499,500,-1,494,495,505,-1,505,495,496,-1,505,496,497,-1,491,492,505,-1,505,492,493,-1,505,493,494,-1,488,489,505,-1,505,489,490,-1,505,490,491,-1,485,486,505,-1,505,486,487,-1,505,487,488,-1,482,483,505,-1,505,483,484,-1,505,484,485,-1,506,302,507,-1,507,302,303,-1,507,303,508,-1,508,303,273,-1,508,273,509,-1,509,273,272,-1,509,272,510,-1,510,272,300,-1,510,300,511,-1,511,300,310,-1,511,310,512,-1,512,310,309,-1,512,309,513,-1,513,309,308,-1,513,308,514,-1,514,308,295,-1,514,295,515,-1,515,295,271,-1,515,271,516,-1,516,271,288,-1,516,288,517,-1,517,288,290,-1,517,290,518,-1,518,290,285,-1,518,285,519,-1,519,285,284,-1,519,284,520,-1,520,284,294,-1,520,294,521,-1,521,294,293,-1,521,293,522,-1,522,293,292,-1,522,292,523,-1,523,292,291,-1,523,291,524,-1,524,291,312,-1,524,312,525,-1,525,312,311,-1,525,311,526,-1,526,311,306,-1,526,306,527,-1,527,306,305,-1,527,305,528,-1,528,305,304,-1,528,304,529,-1,529,304,301,-1,529,301,506,-1,506,301,302,-1,528,529,530,-1,530,529,506,-1,530,506,507,-1,525,526,530,-1,530,526,527,-1,530,527,528,-1,522,523,530,-1,530,523,524,-1,530,524,525,-1,519,520,530,-1,530,520,521,-1,530,521,522,-1,516,517,530,-1,530,517,518,-1,530,518,519,-1,513,514,530,-1,530,514,515,-1,530,515,516,-1,510,511,530,-1,530,511,512,-1,530,512,513,-1,507,508,530,-1,530,508,509,-1,530,509,510,-1,531,221,532,-1,532,221,238,-1,532,238,533,-1,533,238,237,-1,533,237,534,-1,534,237,236,-1,534,236,535,-1,535,236,220,-1,535,220,536,-1,536,220,219,-1,536,219,537,-1,537,219,218,-1,537,218,538,-1,538,218,232,-1,538,232,539,-1,539,232,230,-1,539,230,540,-1,540,230,229,-1,540,229,541,-1,541,229,240,-1,541,240,542,-1,542,240,239,-1,542,239,543,-1,543,239,235,-1,543,235,544,-1,544,235,234,-1,544,234,545,-1,545,234,233,-1,545,233,546,-1,546,233,217,-1,546,217,547,-1,547,217,216,-1,547,216,548,-1,548,216,228,-1,548,228,549,-1,549,228,227,-1,549,227,550,-1,550,227,226,-1,550,226,551,-1,551,226,225,-1,551,225,552,-1,552,225,224,-1,552,224,553,-1,553,224,223,-1,553,223,554,-1,554,223,222,-1,554,222,531,-1,531,222,221,-1,553,554,555,-1,555,554,531,-1,555,531,532,-1,550,551,555,-1,555,551,552,-1,555,552,553,-1,547,548,555,-1,555,548,549,-1,555,549,550,-1,544,545,555,-1,555,545,546,-1,555,546,547,-1,541,542,555,-1,555,542,543,-1,555,543,544,-1,538,539,555,-1,555,539,540,-1,555,540,541,-1,535,536,555,-1,555,536,537,-1,555,537,538,-1,532,533,555,-1,555,533,534,-1,555,534,535,-1,556,246,557,-1,557,246,264,-1,557,264,558,-1,558,264,263,-1,558,263,559,-1,559,263,262,-1,559,262,560,-1,560,262,261,-1,560,261,561,-1,561,261,260,-1,561,260,562,-1,562,260,259,-1,562,259,563,-1,563,259,258,-1,563,258,564,-1,564,258,257,-1,564,257,565,-1,565,257,256,-1,565,256,566,-1,566,256,255,-1,566,255,567,-1,567,255,253,-1,567,253,568,-1,568,253,252,-1,568,252,569,-1,569,252,254,-1,569,254,570,-1,570,254,245,-1,570,245,571,-1,571,245,244,-1,571,244,572,-1,572,244,251,-1,572,251,573,-1,573,251,250,-1,573,250,574,-1,574,250,249,-1,574,249,575,-1,575,249,248,-1,575,248,576,-1,576,248,247,-1,576,247,577,-1,577,247,243,-1,577,243,578,-1,578,243,242,-1,578,242,579,-1,579,242,241,-1,579,241,556,-1,556,241,246,-1,578,579,580,-1,580,579,556,-1,580,556,557,-1,575,576,580,-1,580,576,577,-1,580,577,578,-1,572,573,580,-1,580,573,574,-1,580,574,575,-1,569,570,580,-1,580,570,571,-1,580,571,572,-1,566,567,580,-1,580,567,568,-1,580,568,569,-1,563,564,580,-1,580,564,565,-1,580,565,566,-1,560,561,580,-1,580,561,562,-1,580,562,563,-1,557,558,580,-1,580,558,559,-1,580,559,560,-1,581,270,582,-1,582,270,269,-1,582,269,583,-1,583,269,297,-1,583,297,584,-1,584,297,296,-1,584,296,585,-1,585,296,299,-1,585,299,586,-1,586,299,298,-1,586,298,587,-1,587,298,283,-1,587,283,588,-1,588,283,282,-1,588,282,589,-1,589,282,281,-1,589,281,590,-1,590,281,280,-1,590,280,591,-1,591,280,279,-1,591,279,592,-1,592,279,278,-1,592,278,593,-1,593,278,277,-1,593,277,594,-1,594,277,276,-1,594,276,595,-1,595,276,275,-1,595,275,596,-1,596,275,274,-1,596,274,597,-1,597,274,268,-1,597,268,598,-1,598,268,267,-1,598,267,599,-1,599,267,266,-1,599,266,600,-1,600,266,265,-1,600,265,601,-1,601,265,307,-1,601,307,602,-1,602,307,289,-1,602,289,603,-1,603,289,287,-1,603,287,604,-1,604,287,286,-1,604,286,581,-1,581,286,270,-1,603,604,605,-1,605,604,581,-1,605,581,582,-1,600,601,605,-1,605,601,602,-1,605,602,603,-1,597,598,605,-1,605,598,599,-1,605,599,600,-1,594,595,605,-1,605,595,596,-1,605,596,597,-1,591,592,605,-1,605,592,593,-1,605,593,594,-1,588,589,605,-1,605,589,590,-1,605,590,591,-1,585,586,605,-1,605,586,587,-1,605,587,588,-1,582,583,605,-1,605,583,584,-1,605,584,585,-1,354,345,0,-1,0,345,1,-1,350,346,355,-1,355,346,348,-1,355,348,354,-1,354,348,345,-1,606,607,608,-1,608,607,609,-1,610,611,612,-1,612,611,613,-1,614,615,616,-1,616,615,617,-1,618,619,607,-1,607,619,617,-1,607,617,609,-1,620,621,607,-1,607,621,622,-1,607,622,618,-1,620,623,621,-1,621,623,624,-1,621,624,625,-1,625,624,626,-1,615,613,617,-1,617,613,611,-1,627,628,629,-1,626,624,630,-1,630,624,631,-1,630,631,632,-1,632,633,630,-1,630,633,634,-1,630,634,635,-1,615,636,613,-1,613,636,627,-1,613,627,637,-1,637,627,629,-1,635,638,630,-1,630,638,639,-1,630,639,640,-1,611,641,617,-1,617,641,642,-1,617,642,643,-1,643,644,617,-1,617,644,645,-1,617,645,609,-1,607,606,646,-1,607,646,620,-1,606,647,646,-1,646,647,648,-1,646,648,649,-1,619,650,617,-1,617,650,651,-1,651,652,653,-1,653,654,651,-1,651,654,616,-1,651,616,617,-1,618,622,655,-1,655,656,618,-1,618,656,657,-1,618,657,619,-1,619,657,658,-1,619,658,650,-1,621,625,659,-1,659,660,621,-1,621,660,661,-1,621,661,622,-1,622,661,662,-1,622,662,655,-1,626,630,663,-1,663,664,626,-1,626,664,665,-1,626,665,625,-1,625,665,666,-1,625,666,659,-1,640,639,667,-1,667,668,640,-1,640,668,669,-1,640,669,630,-1,630,669,670,-1,630,670,663,-1,638,671,639,-1,639,671,672,-1,639,672,667,-1,635,673,638,-1,638,673,674,-1,638,674,671,-1,634,675,635,-1,635,675,676,-1,635,676,673,-1,633,677,634,-1,634,677,678,-1,634,678,675,-1,632,679,633,-1,633,679,680,-1,633,680,677,-1,631,681,632,-1,632,681,682,-1,632,682,679,-1,624,683,631,-1,631,683,684,-1,631,684,681,-1,623,685,624,-1,624,685,686,-1,624,686,683,-1,646,687,620,-1,620,687,688,-1,620,688,623,-1,623,688,689,-1,623,689,685,-1,608,609,690,-1,690,609,645,-1,690,645,691,-1,691,645,644,-1,691,644,692,-1,692,644,643,-1,692,643,693,-1,693,643,642,-1,693,642,694,-1,694,642,641,-1,694,641,610,-1,610,641,611,-1,612,613,695,-1,695,613,637,-1,695,637,696,-1,696,637,629,-1,696,629,697,-1,697,629,628,-1,697,628,698,-1,698,628,627,-1,698,627,699,-1,699,627,636,-1,699,636,614,-1,614,636,615,-1,608,690,700,-1,700,690,701,-1,700,701,702,-1,702,701,703,-1,702,703,704,-1,704,703,705,-1,704,705,706,-1,706,705,707,-1,706,707,708,-1,708,707,709,-1,708,709,24,-1,24,709,37,-1,690,691,701,-1,701,691,710,-1,701,710,703,-1,703,710,711,-1,703,711,705,-1,705,711,712,-1,705,712,707,-1,707,712,713,-1,707,713,709,-1,709,713,714,-1,709,714,37,-1,37,714,31,-1,691,692,710,-1,710,692,715,-1,710,715,711,-1,711,715,716,-1,711,716,712,-1,712,716,717,-1,712,717,713,-1,713,717,718,-1,713,718,714,-1,714,718,719,-1,714,719,31,-1,31,719,26,-1,692,693,715,-1,715,693,720,-1,715,720,716,-1,716,720,721,-1,716,721,717,-1,717,721,722,-1,717,722,718,-1,718,722,723,-1,718,723,719,-1,719,723,724,-1,719,724,26,-1,26,724,27,-1,693,694,720,-1,720,694,725,-1,720,725,721,-1,721,725,726,-1,721,726,722,-1,722,726,727,-1,722,727,723,-1,723,727,728,-1,723,728,724,-1,724,728,729,-1,724,729,27,-1,27,729,38,-1,694,610,725,-1,725,610,730,-1,725,730,726,-1,726,730,731,-1,726,731,727,-1,727,731,732,-1,727,732,728,-1,728,732,733,-1,728,733,729,-1,729,733,734,-1,729,734,38,-1,38,734,39,-1,606,608,647,-1,647,608,700,-1,735,736,702,-1,702,736,649,-1,702,649,700,-1,700,649,648,-1,700,648,647,-1,737,738,704,-1,704,738,739,-1,704,739,702,-1,702,739,740,-1,702,740,735,-1,741,742,704,-1,704,742,743,-1,704,743,737,-1,744,745,706,-1,706,745,746,-1,706,746,704,-1,704,746,747,-1,704,747,741,-1,24,23,708,-1,708,23,86,-1,86,85,708,-1,708,85,748,-1,708,748,706,-1,706,748,749,-1,706,749,744,-1,610,612,750,-1,610,750,730,-1,730,750,751,-1,730,751,731,-1,731,751,752,-1,731,752,732,-1,732,752,753,-1,732,753,733,-1,733,753,754,-1,733,754,734,-1,734,754,40,-1,734,40,39,-1,755,652,651,-1,756,757,758,-1,759,760,761,-1,762,763,764,-1,765,766,767,-1,768,769,770,-1,82,771,772,-1,771,773,772,-1,772,773,774,-1,772,774,775,-1,744,749,776,-1,776,749,748,-1,746,745,777,-1,777,745,744,-1,778,747,746,-1,737,743,779,-1,743,742,779,-1,779,742,741,-1,779,741,747,-1,735,740,780,-1,740,739,780,-1,780,739,738,-1,780,738,737,-1,781,736,735,-1,657,782,783,-1,755,651,784,-1,784,651,650,-1,784,650,783,-1,783,650,658,-1,783,658,657,-1,661,785,786,-1,657,656,782,-1,782,656,655,-1,782,655,786,-1,786,655,662,-1,786,662,661,-1,665,787,788,-1,661,660,785,-1,785,660,659,-1,785,659,788,-1,788,659,666,-1,788,666,665,-1,665,664,787,-1,787,664,663,-1,787,663,789,-1,789,663,670,-1,789,670,790,-1,790,670,669,-1,669,668,790,-1,790,668,667,-1,790,667,791,-1,667,672,791,-1,791,672,671,-1,791,671,792,-1,792,671,674,-1,792,674,793,-1,793,674,673,-1,793,673,794,-1,673,676,794,-1,794,676,675,-1,794,675,795,-1,795,675,678,-1,678,677,795,-1,795,677,680,-1,795,680,796,-1,684,797,798,-1,680,679,796,-1,796,679,682,-1,796,682,798,-1,798,682,681,-1,798,681,684,-1,689,799,800,-1,684,683,797,-1,797,683,686,-1,797,686,800,-1,800,686,685,-1,800,685,689,-1,689,688,799,-1,799,688,687,-1,799,687,781,-1,781,687,646,-1,781,646,736,-1,736,646,649,-1,735,801,781,-1,781,801,802,-1,781,802,799,-1,799,802,803,-1,799,803,800,-1,800,803,804,-1,800,804,797,-1,797,804,805,-1,797,805,798,-1,798,805,806,-1,798,806,796,-1,796,806,807,-1,796,807,795,-1,795,807,808,-1,795,808,794,-1,794,808,809,-1,794,809,793,-1,793,809,810,-1,793,810,792,-1,792,810,811,-1,792,811,791,-1,791,811,812,-1,791,812,790,-1,790,812,813,-1,790,813,789,-1,789,813,814,-1,789,814,787,-1,787,814,815,-1,787,815,788,-1,788,815,816,-1,788,816,785,-1,785,816,817,-1,785,817,786,-1,786,817,818,-1,786,818,782,-1,782,818,819,-1,782,819,783,-1,783,819,756,-1,783,756,784,-1,784,756,758,-1,784,758,755,-1,735,780,801,-1,801,780,820,-1,801,820,802,-1,802,820,821,-1,802,821,803,-1,803,821,822,-1,803,822,804,-1,804,822,823,-1,804,823,805,-1,805,823,824,-1,805,824,806,-1,806,824,825,-1,806,825,807,-1,807,825,826,-1,807,826,808,-1,808,826,827,-1,808,827,809,-1,809,827,828,-1,809,828,810,-1,810,828,829,-1,810,829,811,-1,811,829,830,-1,811,830,812,-1,812,830,831,-1,812,831,813,-1,813,831,832,-1,813,832,814,-1,814,832,833,-1,814,833,815,-1,815,833,834,-1,815,834,816,-1,816,834,835,-1,816,835,817,-1,817,835,836,-1,817,836,818,-1,818,836,837,-1,818,837,819,-1,819,837,759,-1,819,759,756,-1,756,759,761,-1,756,761,757,-1,737,838,780,-1,780,838,839,-1,780,839,820,-1,820,839,840,-1,820,840,821,-1,821,840,841,-1,821,841,822,-1,822,841,842,-1,822,842,823,-1,823,842,843,-1,823,843,824,-1,824,843,844,-1,824,844,825,-1,825,844,845,-1,825,845,826,-1,826,845,846,-1,826,846,827,-1,827,846,847,-1,827,847,828,-1,828,847,848,-1,828,848,829,-1,829,848,849,-1,829,849,830,-1,830,849,850,-1,830,850,831,-1,831,850,851,-1,831,851,832,-1,832,851,852,-1,832,852,833,-1,833,852,853,-1,833,853,834,-1,834,853,854,-1,834,854,835,-1,835,854,855,-1,835,855,836,-1,836,855,856,-1,836,856,837,-1,837,856,762,-1,837,762,759,-1,759,762,764,-1,759,764,760,-1,737,779,838,-1,838,779,857,-1,838,857,839,-1,839,857,858,-1,839,858,840,-1,840,858,859,-1,840,859,841,-1,841,859,860,-1,841,860,842,-1,842,860,861,-1,842,861,843,-1,843,861,862,-1,843,862,844,-1,844,862,863,-1,844,863,845,-1,845,863,864,-1,845,864,846,-1,846,864,865,-1,846,865,847,-1,847,865,866,-1,847,866,848,-1,848,866,867,-1,848,867,849,-1,849,867,868,-1,849,868,850,-1,850,868,869,-1,850,869,851,-1,851,869,870,-1,851,870,852,-1,852,870,871,-1,852,871,853,-1,853,871,872,-1,853,872,854,-1,854,872,873,-1,854,873,855,-1,855,873,874,-1,855,874,856,-1,856,874,765,-1,856,765,762,-1,762,765,767,-1,762,767,763,-1,747,778,779,-1,779,778,875,-1,779,875,857,-1,857,875,876,-1,857,876,858,-1,858,876,877,-1,858,877,859,-1,859,877,878,-1,859,878,860,-1,860,878,879,-1,860,879,861,-1,861,879,880,-1,861,880,862,-1,862,880,881,-1,862,881,863,-1,863,881,882,-1,863,882,864,-1,864,882,883,-1,864,883,865,-1,865,883,884,-1,865,884,866,-1,866,884,885,-1,866,885,867,-1,867,885,886,-1,867,886,868,-1,868,886,887,-1,868,887,869,-1,869,887,888,-1,869,888,870,-1,870,888,889,-1,870,889,871,-1,871,889,890,-1,871,890,872,-1,872,890,891,-1,872,891,873,-1,873,891,892,-1,873,892,874,-1,874,892,768,-1,874,768,765,-1,765,768,770,-1,765,770,766,-1,746,777,778,-1,778,777,893,-1,778,893,875,-1,875,893,894,-1,875,894,876,-1,876,894,895,-1,876,895,877,-1,877,895,896,-1,877,896,878,-1,878,896,897,-1,878,897,879,-1,879,897,898,-1,879,898,880,-1,880,898,899,-1,880,899,881,-1,881,899,900,-1,881,900,882,-1,882,900,901,-1,882,901,883,-1,883,901,902,-1,883,902,884,-1,884,902,903,-1,884,903,885,-1,885,903,904,-1,885,904,886,-1,886,904,905,-1,886,905,887,-1,887,905,906,-1,887,906,888,-1,888,906,907,-1,888,907,889,-1,889,907,908,-1,889,908,890,-1,890,908,909,-1,890,909,891,-1,891,909,910,-1,891,910,892,-1,892,910,911,-1,892,911,768,-1,768,911,912,-1,768,912,769,-1,744,776,777,-1,777,776,913,-1,777,913,893,-1,893,913,914,-1,893,914,894,-1,894,914,915,-1,894,915,895,-1,895,915,916,-1,895,916,896,-1,896,916,917,-1,896,917,897,-1,897,917,918,-1,897,918,898,-1,898,918,919,-1,898,919,899,-1,899,919,920,-1,899,920,900,-1,900,920,921,-1,900,921,901,-1,901,921,922,-1,901,922,902,-1,902,922,923,-1,902,923,903,-1,903,923,924,-1,903,924,904,-1,904,924,925,-1,904,925,905,-1,905,925,926,-1,905,926,906,-1,906,926,927,-1,906,927,907,-1,907,927,928,-1,907,928,908,-1,908,928,929,-1,908,929,909,-1,909,929,930,-1,909,930,910,-1,910,930,772,-1,910,772,911,-1,911,772,775,-1,911,775,912,-1,82,772,83,-1,83,772,930,-1,83,930,87,-1,87,930,929,-1,87,929,88,-1,88,929,928,-1,88,928,92,-1,92,928,927,-1,92,927,93,-1,93,927,926,-1,93,926,94,-1,94,926,925,-1,94,925,73,-1,73,925,924,-1,73,924,74,-1,74,924,923,-1,74,923,75,-1,75,923,922,-1,75,922,72,-1,72,922,921,-1,72,921,71,-1,71,921,920,-1,71,920,76,-1,76,920,919,-1,76,919,77,-1,77,919,918,-1,77,918,78,-1,78,918,917,-1,78,917,89,-1,89,917,916,-1,89,916,90,-1,90,916,915,-1,90,915,91,-1,91,915,914,-1,91,914,84,-1,84,914,913,-1,84,913,79,-1,79,913,776,-1,79,776,80,-1,80,776,748,-1,80,748,85,-1,612,695,750,-1,750,695,931,-1,750,931,751,-1,751,931,932,-1,751,932,752,-1,752,932,933,-1,752,933,753,-1,753,933,934,-1,753,934,754,-1,754,934,935,-1,754,935,40,-1,40,935,32,-1,695,696,931,-1,931,696,936,-1,931,936,932,-1,932,936,937,-1,932,937,933,-1,933,937,938,-1,933,938,934,-1,934,938,939,-1,934,939,935,-1,935,939,940,-1,935,940,32,-1,32,940,28,-1,696,697,936,-1,936,697,941,-1,936,941,937,-1,937,941,942,-1,937,942,938,-1,938,942,943,-1,938,943,939,-1,939,943,944,-1,939,944,940,-1,940,944,945,-1,940,945,28,-1,28,945,29,-1,697,698,941,-1,941,698,946,-1,941,946,942,-1,942,946,947,-1,942,947,943,-1,943,947,948,-1,943,948,944,-1,944,948,949,-1,944,949,945,-1,945,949,950,-1,945,950,29,-1,29,950,33,-1,698,699,946,-1,946,699,951,-1,946,951,947,-1,947,951,952,-1,947,952,948,-1,948,952,953,-1,948,953,949,-1,949,953,954,-1,949,954,950,-1,950,954,955,-1,950,955,33,-1,33,955,34,-1,699,614,951,-1,951,614,956,-1,951,956,952,-1,952,956,957,-1,952,957,953,-1,953,957,958,-1,953,958,954,-1,954,958,959,-1,954,959,955,-1,955,959,960,-1,955,960,34,-1,34,960,35,-1,36,35,81,-1,81,35,960,-1,81,960,82,-1,775,774,959,-1,959,774,773,-1,959,773,960,-1,960,773,771,-1,960,771,82,-1,763,767,958,-1,958,767,766,-1,766,770,958,-1,958,770,769,-1,958,769,959,-1,959,769,912,-1,959,912,775,-1,957,760,958,-1,958,760,764,-1,958,764,763,-1,755,758,957,-1,758,757,957,-1,957,757,761,-1,957,761,760,-1,956,614,616,-1,616,654,956,-1,956,654,653,-1,956,653,957,-1,957,653,652,-1,957,652,755,-1,
        ]
    }
}
Shape{
    appearance Appearance {
        material  Material 	{
            diffuseColor 0.6666666666666666 0.6980392156862745 0.7686274509803922
            specularColor 0.3333333333333333 0.34901960784313724 0.3843137254901961
            ambientIntensity 0.6967
            transparency 0.0
            shininess 0.5
        }
    }
    geometry IndexedFaceSet {
        ccw TRUE
        solid FALSE
        coord DEF co Coordinate {
            point [
                -2.2169 0.9197 0.1705, -2.2169 0.9197 -0.6904, -1.9217 0.9197 0.1705, -1.9217 0.9197 -0.6904, -2.2169 1.0772 0.1705, -1.9217 1.0772 0.1705, -2.2169 1.0772 -0.6904, -1.9217 1.0772 -0.6904, -2.2169 1.1226 -0.7691, -1.9217 1.1226 -0.7691, -1.9217 1.136 -0.7992, -2.2169 1.136 -0.7992, -1.9217 1.1429 -0.8314, -2.2169 1.1429 -0.8314, -1.9217 1.1429 -0.8643, -2.2169 1.1429 -0.8643, -1.9217 1.136 -0.8965, -2.2169 1.136 -0.8965, -1.9217 1.1226 -0.9266, -2.2169 1.1226 -0.9266, -2.2169 1.0772 -1.0053, -1.9217 1.0772 -1.0053, -1.9902 1.0772 -1.378, -2.1484 1.0772 -1.378, -1.9217 1.0772 -1.122, -2.2169 1.0772 -1.122, -1.9902 0.9197 -1.378, -2.1484 0.9197 -1.378, -2.2169 0.9197 -1.122, -1.9217 0.9197 -1.122, -2.2169 0.9197 -1.0053, -1.9217 0.9197 -1.0053, -1.9217 0.9221 -0.978, -2.2169 0.9221 -0.978, -1.9217 0.9292 -0.9515, -2.2169 0.9292 -0.9515, -1.9217 0.9408 -0.9266, -2.2169 0.9408 -0.9266, -2.2169 0.9862 -0.8479, -1.9217 0.9862 -0.8479, -2.2169 0.9408 -0.7691, -1.9217 0.9408 -0.7691, -1.9217 0.9292 -0.7442, -2.2169 0.9292 -0.7442, -1.9217 0.9221 -0.7177, -2.2169 0.9221 -0.7177, 1.9169 -1.0882 0.1705, 1.9169 -1.0882 -0.6904, 2.2122 -1.0882 0.1705, 2.2122 -1.0882 -0.6904, 1.9169 -0.9307 0.1705, 2.2122 -0.9307 0.1705, 1.9169 -0.9307 -0.6904, 2.2122 -0.9307 -0.6904, 1.9169 -0.8852 -0.7691, 2.2122 -0.8852 -0.7691, 2.2122 -0.8719 -0.7992, 1.9169 -0.8719 -0.7992, 2.2122 -0.865 -0.8314, 1.9169 -0.865 -0.8314, 2.2122 -0.865 -0.8643, 1.9169 -0.865 -0.8643, 2.2122 -0.8719 -0.8965, 1.9169 -0.8719 -0.8965, 2.2122 -0.8852 -0.9266, 1.9169 -0.8852 -0.9266, 1.9169 -0.9307 -1.0053, 2.2122 -0.9307 -1.0053, 2.1436 -0.9307 -1.378, 1.9855 -0.9307 -1.378, 2.2122 -0.9307 -1.122, 1.9169 -0.9307 -1.122, 2.1436 -1.0882 -1.378, 1.9855 -1.0882 -1.378, 2.2122 -1.0882 -1.0053, 1.9169 -1.0882 -1.0053, 2.2122 -1.0882 -1.122, 1.9169 -1.0882 -1.122, 2.2122 -1.0858 -0.978, 1.9169 -1.0858 -0.978, 2.2122 -1.0787 -0.9515, 1.9169 -1.0787 -0.9515, 2.2122 -1.0671 -0.9266, 1.9169 -1.0671 -0.9266, 1.9169 -1.0216 -0.8479, 2.2122 -1.0216 -0.8479, 1.9169 -1.0671 -0.7691, 2.2122 -1.0671 -0.7691, 2.2122 -1.0787 -0.7442, 1.9169 -1.0787 -0.7442, 2.2122 -1.0858 -0.7177, 1.9169 -1.0858 -0.7177
            ]
        }
        coordIndex [
            0,1,2,-1,2,1,3,-1,4,0,5,-1,5,0,2,-1,6,4,7,-1,7,4,5,-1,8,6,9,-1,9,6,7,-1,8,9,10,-1,8,10,11,-1,11,10,12,-1,11,12,13,-1,13,12,14,-1,13,14,15,-1,15,14,16,-1,15,16,17,-1,17,16,18,-1,17,18,19,-1,20,19,21,-1,21,19,18,-1,22,23,24,-1,24,23,25,-1,24,25,21,-1,21,25,20,-1,26,27,22,-1,22,27,23,-1,27,26,28,-1,28,26,29,-1,28,29,30,-1,30,29,31,-1,30,31,32,-1,30,32,33,-1,33,32,34,-1,33,34,35,-1,35,34,36,-1,35,36,37,-1,38,37,39,-1,39,37,36,-1,40,38,41,-1,41,38,39,-1,40,41,42,-1,40,42,43,-1,43,42,44,-1,43,44,45,-1,45,44,3,-1,45,3,1,-1,33,20,30,-1,30,20,25,-1,30,25,28,-1,0,4,1,-1,1,4,6,-1,40,43,6,-1,6,43,45,-1,6,45,1,-1,33,35,20,-1,20,35,37,-1,20,37,19,-1,19,37,38,-1,19,38,17,-1,40,6,38,-1,38,6,8,-1,38,8,11,-1,11,13,38,-1,38,13,15,-1,38,15,17,-1,44,7,3,-1,3,7,5,-1,3,5,2,-1,16,14,39,-1,29,24,31,-1,31,24,21,-1,36,34,21,-1,21,34,32,-1,21,32,31,-1,44,42,7,-1,7,42,41,-1,7,41,9,-1,9,41,39,-1,36,21,39,-1,39,21,18,-1,39,18,16,-1,14,12,39,-1,39,12,10,-1,39,10,9,-1,22,24,26,-1,26,24,29,-1,25,23,28,-1,28,23,27,-1,46,47,48,-1,48,47,49,-1,50,46,51,-1,51,46,48,-1,52,50,53,-1,53,50,51,-1,54,52,55,-1,55,52,53,-1,54,55,56,-1,54,56,57,-1,57,56,58,-1,57,58,59,-1,59,58,60,-1,59,60,61,-1,61,60,62,-1,61,62,63,-1,63,62,64,-1,63,64,65,-1,66,65,67,-1,67,65,64,-1,68,69,70,-1,70,69,71,-1,70,71,67,-1,67,71,66,-1,72,73,68,-1,68,73,69,-1,74,75,76,-1,76,75,77,-1,76,77,72,-1,72,77,73,-1,75,74,78,-1,75,78,79,-1,79,78,80,-1,79,80,81,-1,81,80,82,-1,81,82,83,-1,84,83,85,-1,85,83,82,-1,86,84,87,-1,87,84,85,-1,86,87,88,-1,86,88,89,-1,89,88,90,-1,89,90,91,-1,91,90,49,-1,91,49,47,-1,79,66,75,-1,75,66,71,-1,75,71,77,-1,46,50,47,-1,47,50,52,-1,86,89,52,-1,52,89,91,-1,52,91,47,-1,79,81,66,-1,66,81,83,-1,66,83,65,-1,65,83,84,-1,65,84,63,-1,57,59,84,-1,84,59,61,-1,84,61,63,-1,86,52,84,-1,84,52,54,-1,84,54,57,-1,90,53,49,-1,49,53,51,-1,49,51,48,-1,76,70,74,-1,74,70,67,-1,82,80,67,-1,67,80,78,-1,67,78,74,-1,62,60,85,-1,85,60,58,-1,82,67,85,-1,85,67,64,-1,85,64,62,-1,90,88,53,-1,53,88,87,-1,53,87,55,-1,55,87,85,-1,55,85,56,-1,56,85,58,-1,68,70,72,-1,72,70,76,-1,71,69,77,-1,77,69,73,-1,
        ]
    }
}
Shape{
    appearance Appearance {
        material  Material 	{
            diffuseColor 0.8235294117647058 0.8235294117647058 0.8235294117647058
            specularColor 0.4117647058823529 0.4117647058823529 0.4117647058823529
            ambientIntensity 0.8235
            transparency 0.0
            shininess 0.5
        }
    }
    geometry IndexedFaceSet {
        ccw TRUE
        solid FALSE
        coord DEF co Coordinate {
            point [
                4.0331 0.108 5.4724, 3.8794 -0.0998 5.4724, 4.0331 -0.0998 5.4724, 4.0331 1.1812 4.394, 2.852 1.1812 4.394, 4.0331 0.8828 4.394, 2.852 0.8828 4.394, 2.852 -0.3313 4.394, 4.0331 -0.3313 4.394, 2.852 -0.2287 4.394, 4.0331 -0.2287 4.394, 4.0331 0.8828 4.6063, 4.0331 1.4051 4.6063, 4.0331 -0.2287 4.6063, 4.0331 -0.3313 4.6063, 2.852 1.4051 4.6063, 2.852 0.8828 4.6063, 2.852 -0.3313 4.6063, 2.852 -0.2287 4.6063, 3.7181 -0.8421 4.6063, 3.7181 -1.039 4.6063, 4.1315 -1.039 4.6063, 3.6865 -0.724 4.6063, 3.7101 -0.781 4.6063, 3.1669 -0.8421 4.6063, 3.175 -0.781 4.6063, 2.7535 -0.1476 4.6063, 2.7535 1.5038 4.6063, 4.1315 1.5038 4.6063, 4.1315 -0.1476 4.6063, 3.1669 -1.039 4.6063, 2.7535 -1.039 4.6063, 3.1986 -0.724 4.6063, 3.2361 -0.6751 4.6063, 3.285 -0.6375 4.6063, 3.543 -0.6139 4.6063, 3.6 -0.6375 4.6063, 3.6489 -0.6751 4.6063, 3.342 -0.6139 4.6063, 3.4031 -0.6059 4.6063, 3.4819 -0.6059 4.6063, 2.7535 1.9039 3.7757, 4.1315 1.9039 3.7757, 4.1315 1.9039 2.2965, 2.7535 1.9039 2.2965, 4.1315 1.9039 2.6331, 2.7535 1.9039 2.6331, 2.7535 1.832 2.2246, 4.1315 1.832 2.2246, 2.7535 1.832 1.6716, 4.1315 1.832 1.6716, 2.7535 1.9039 1.5996, 4.1315 1.9039 1.5996, 2.7535 1.9039 0.0394, 4.1315 1.9039 0.0394, 2.7535 1.5038 0.0394, 4.1315 1.5038 0.0394, 2.7535 1.5038 0.1705, 4.1315 1.5038 0.1705, 4.1315 -2.5292 0.1705, 2.7535 -2.5292 0.1705, 4.1315 -0.1476 0.1705, 2.7535 -0.1476 0.1705, 2.7535 -2.5292 0.0394, 4.1315 -2.5292 0.0394, 2.7535 -2.8598 0.0394, 4.1315 -2.8598 0.0394, 4.1315 -2.8598 2.7854, 2.7535 -2.8598 2.7854, 4.1315 -2.8598 2.6331, 2.7535 -2.8598 2.6331, 3.4184 -1.7239 3.9214, 3.4914 -1.7216 3.9237, 3.7191 -1.6111 4.0342, 3.6436 -1.6694 3.9759, 3.566 -1.7047 3.9405, 3.3446 -1.7122 3.933, 3.268 -1.6838 3.9614, 3.189 -1.6321 4.0131, 3.0762 -1.1868 4.4585, 3.1225 -1.1016 4.5437, 3.7131 -1.0393 4.606, 3.7081 -1.0403 4.605, 3.7439 -1.0776 4.5676, 3.0519 -1.2813 4.3639, 3.1769 -1.0403 4.605, 3.172 -1.0393 4.606, 3.7971 -1.1598 4.4854, 3.8284 -1.2528 4.3925, 3.1227 -1.5605 4.0848, 3.0759 -1.4744 4.1709, 3.0518 -1.3793 4.2659, 3.8357 -1.3505 4.2947, 3.8188 -1.4468 4.1984, 3.7789 -1.5355 4.1098, 2.7535 -2.338 2.762, 2.7535 -2.2897 2.7248, 2.7535 -2.3985 2.9876, 2.7535 -2.4065 2.9271, 2.7535 -2.3985 2.8667, 2.7535 -2.3752 2.8103, 2.7535 -2.0561 2.7248, 2.7535 -2.0077 2.762, 2.7535 -0.1476 2.6331, 2.7535 -1.9706 2.8103, 2.7535 -1.9472 2.8667, 2.7535 -2.0561 3.1294, 2.7535 -2.0077 3.0923, 2.7535 -2.2333 2.7015, 2.7535 -2.1729 2.6935, 2.7535 -2.1124 2.7015, 2.7535 -2.1124 3.1528, 2.7535 -2.1729 3.1607, 2.7535 -2.2333 3.1528, 2.7535 -2.2897 3.1294, 2.7535 -2.338 3.0923, 2.7535 -2.3752 3.0439, 2.7535 -1.9393 2.9271, 2.7535 -1.9472 2.9876, 2.7535 -1.9706 3.0439, 2.7535 -1.9467 1.7292, 2.7535 -1.9566 1.6541, 2.7535 -2.5617 0.5291, 2.7535 -2.5174 0.4952, 2.7535 -1.9467 1.5791, 2.7535 -2.5617 0.8313, 2.7535 -2.5956 0.787, 2.7535 -2.617 0.7355, 2.7535 -2.6243 0.6802, 2.7535 -2.617 0.6249, 2.7535 -2.5956 0.5734, 2.7535 -2.3553 0.4738, 2.7535 -1.3867 1.7292, 2.7535 -1.4157 1.7991, 2.7535 -1.4617 1.8591, 2.7535 -1.7417 1.9341, 2.7535 -1.8117 1.9052, 2.7535 -2.4659 0.4738, 2.7535 -2.4106 0.4665, 2.7535 -2.3038 0.4952, 2.7535 -2.2595 0.5291, 2.7535 -2.2255 0.5734, 2.7535 -1.8717 1.8591, 2.7535 -1.9178 1.7991, 2.7535 -1.4617 1.4491, 2.7535 -1.4157 1.5092, 2.7535 -1.3867 1.5791, 2.7535 -1.3768 1.6541, 2.7535 -2.3038 0.8652, 2.7535 -2.3553 0.8866, 2.7535 -1.8717 1.4491, 2.7535 -2.4106 0.8939, 2.7535 -1.9178 1.5092, 2.7535 -2.4659 0.8866, 2.7535 -2.5174 0.8652, 2.7535 -1.5218 1.9052, 2.7535 -1.5917 1.9341, 2.7535 -1.6667 1.944, 2.7535 -2.2595 0.8313, 2.7535 -1.8117 1.4031, 2.7535 -1.7417 1.3741, 2.7535 -1.6667 1.3642, 2.7535 -1.5917 1.3741, 2.7535 -2.2255 0.787, 2.7535 -1.5218 1.4031, 2.7535 -2.2042 0.6249, 2.7535 -2.1969 0.6802, 2.7535 -2.2042 0.7355, 2.7535 1.5117 2.5012, 2.7535 1.4612 2.5399, 2.7535 1.583 2.329, 2.7535 1.5747 2.392, 2.7535 1.5504 2.4508, 2.7535 1.2177 2.5399, 2.7535 1.1672 2.5012, 2.7535 1.1285 2.4508, 2.7535 1.1042 2.392, 2.7535 1.4612 2.118, 2.7535 1.5117 2.1567, 2.7535 1.5504 2.2072, 2.7535 1.5747 2.2659, 2.7535 1.4025 2.5643, 2.7535 1.3394 2.5726, 2.7535 1.2764 2.5643, 2.7535 1.1672 2.1567, 2.7535 1.2177 2.118, 2.7535 1.0959 2.329, 2.7535 1.1042 2.2659, 2.7535 1.1285 2.2072, 2.7535 1.2764 2.0937, 2.7535 1.3394 2.0854, 2.7535 1.4025 2.0937, 2.7535 1.1572 3.251, 2.7535 1.1162 3.3044, 2.7535 1.0904 3.3666, 2.7535 1.4062 3.6823, 2.7535 1.3394 3.6911, 2.7535 1.2727 3.6823, 2.7535 1.2106 3.6565, 2.7535 1.1572 3.6156, 2.7535 1.1162 3.5622, 2.7535 1.0904 3.5, 2.7535 1.0817 3.4333, 2.7535 1.4062 3.1843, 2.7535 1.4683 3.21, 2.7535 1.5217 3.251, 2.7535 1.2106 3.21, 2.7535 1.2727 3.1843, 2.7535 1.3394 3.1755, 2.7535 1.5884 3.5, 2.7535 1.5627 3.5622, 2.7535 1.5217 3.6156, 2.7535 1.4683 3.6565, 2.7535 1.5627 3.3044, 2.7535 1.5884 3.3666, 2.7535 1.5972 3.4333, 4.1315 -0.1476 2.6331, 4.1315 1.1572 3.251, 4.1315 1.1162 3.3044, 4.1315 1.5627 3.3044, 4.1315 1.5217 3.251, 4.1315 1.5627 3.5622, 4.1315 1.5884 3.5, 4.1315 1.5972 3.4333, 4.1315 1.5884 3.3666, 4.1315 1.4683 3.21, 4.1315 1.4062 3.1843, 4.1315 1.3394 3.1755, 4.1315 1.0904 3.3666, 4.1315 1.0817 3.4333, 4.1315 1.0904 3.5, 4.1315 1.1162 3.5622, 4.1315 1.1572 3.6156, 4.1315 1.2106 3.6565, 4.1315 1.2727 3.6823, 4.1315 1.3394 3.6911, 4.1315 1.4062 3.6823, 4.1315 1.4683 3.6565, 4.1315 1.5217 3.6156, 4.1315 1.2727 3.1843, 4.1315 1.2106 3.21, 4.1315 1.4025 2.5643, 4.1315 1.4612 2.5399, 4.1315 1.5117 2.5012, 4.1315 1.5117 2.1567, 4.1315 1.4612 2.118, 4.1315 1.3394 2.5726, 4.1315 1.5504 2.4508, 4.1315 1.5747 2.392, 4.1315 1.583 2.329, 4.1315 1.5747 2.2659, 4.1315 1.5504 2.2072, 4.1315 1.3394 2.0854, 4.1315 1.2764 2.0937, 4.1315 1.4025 2.0937, 4.1315 1.2177 2.118, 4.1315 1.1672 2.1567, 4.1315 1.1285 2.2072, 4.1315 1.1042 2.392, 4.1315 1.1285 2.4508, 4.1315 1.1672 2.5012, 4.1315 1.1042 2.2659, 4.1315 1.0959 2.329, 4.1315 1.2177 2.5399, 4.1315 1.2764 2.5643, 4.1315 -2.3553 0.8866, 4.1315 -2.3038 0.8652, 4.1315 -2.2255 0.5734, 4.1315 -2.2042 0.6249, 4.1315 -2.1969 0.6802, 4.1315 -2.617 0.7355, 4.1315 -2.6243 0.6802, 4.1315 -2.617 0.6249, 4.1315 -2.5956 0.5734, 4.1315 -2.5617 0.5291, 4.1315 -2.2595 0.5291, 4.1315 -2.3038 0.4952, 4.1315 -2.3553 0.4738, 4.1315 -2.4106 0.4665, 4.1315 -2.5956 0.787, 4.1315 -2.5617 0.8313, 4.1315 -2.5174 0.8652, 4.1315 -2.4659 0.8866, 4.1315 -2.4106 0.8939, 4.1315 -2.4659 0.4738, 4.1315 -2.5174 0.4952, 4.1315 -1.3867 1.5791, 4.1315 -1.4157 1.5092, 4.1315 -1.4617 1.4491, 4.1315 -1.3768 1.6541, 4.1315 -1.9467 1.7292, 4.1315 -1.9178 1.7991, 4.1315 -1.8717 1.8591, 4.1315 -1.8117 1.9052, 4.1315 -1.5218 1.4031, 4.1315 -1.5917 1.3741, 4.1315 -1.6667 1.3642, 4.1315 -1.7417 1.3741, 4.1315 -2.2042 0.7355, 4.1315 -1.8117 1.4031, 4.1315 -2.2255 0.787, 4.1315 -1.8717 1.4491, 4.1315 -2.2595 0.8313, 4.1315 -1.9178 1.5092, 4.1315 -1.9467 1.5791, 4.1315 -1.9566 1.6541, 4.1315 -1.7417 1.9341, 4.1315 -1.6667 1.944, 4.1315 -1.5917 1.9341, 4.1315 -1.5218 1.9052, 4.1315 -1.4617 1.8591, 4.1315 -1.4157 1.7991, 4.1315 -1.3867 1.7292, 4.1315 -1.9393 2.9271, 4.1315 -1.9472 2.8667, 4.1315 -2.4065 2.9271, 4.1315 -2.3985 2.9876, 4.1315 -2.2897 2.7248, 4.1315 -2.338 2.762, 4.1315 -2.3752 2.8103, 4.1315 -2.3985 2.8667, 4.1315 -2.0561 3.1294, 4.1315 -1.9706 2.8103, 4.1315 -2.0077 2.762, 4.1315 -2.0561 2.7248, 4.1315 -2.3752 3.0439, 4.1315 -2.338 3.0923, 4.1315 -2.2897 3.1294, 4.1315 -2.2333 3.1528, 4.1315 -2.1729 3.1607, 4.1315 -2.1124 3.1528, 4.1315 -2.1124 2.7015, 4.1315 -2.1729 2.6935, 4.1315 -2.2333 2.7015, 4.1315 -2.0077 3.0923, 4.1315 -1.9706 3.0439, 4.1315 -1.9472 2.9876, 2.852 0.8828 5.0536, 2.852 1.0277 5.0536, 4.0331 0.8828 5.0536, 4.0331 1.0277 5.0536, 4.0331 -0.2287 4.7669, 2.852 -0.2287 4.7669, 2.852 -0.0998 4.7669, 4.0331 -0.0998 4.7669, 3.8794 -0.0998 5.2756, 3.3904 -0.0998 5.4724, 2.852 -0.0998 5.4724, 3.3904 -0.0998 5.2756, 2.852 0.8828 5.4724, 4.0331 0.7691 5.4724, 4.0331 0.8828 5.4724, 2.852 1.0277 5.2598, 4.0331 1.0277 5.2598, 4.0331 0.108 5.2756, 4.0331 0.7691 5.2756, 2.6354 1.2727 3.6823, 2.6354 1.2106 3.6565, 2.6354 1.1572 3.6156, 2.6354 1.1162 3.5622, 2.6354 1.0904 3.5, 2.6354 1.0817 3.4333, 2.6354 1.0904 3.3666, 2.6354 1.1162 3.3044, 2.6354 1.1572 3.251, 2.6354 1.2106 3.21, 2.6354 1.2727 3.1843, 2.6354 1.3394 3.1755, 2.6354 1.4062 3.1843, 2.6354 1.4683 3.21, 2.6354 1.5217 3.251, 2.6354 1.5627 3.3044, 2.6354 1.5884 3.3666, 2.6354 1.5972 3.4333, 2.6354 1.5884 3.5, 2.6354 1.5627 3.5622, 2.6354 1.5217 3.6156, 2.6354 1.4683 3.6565, 2.6354 1.4062 3.6823, 2.6354 1.3394 3.6911, 2.6354 1.3394 3.4333, 2.6354 1.2764 2.5643, 2.6354 1.2177 2.5399, 2.6354 1.1672 2.5012, 2.6354 1.1285 2.4508, 2.6354 1.1042 2.392, 2.6354 1.0959 2.329, 2.6354 1.1042 2.2659, 2.6354 1.1285 2.2072, 2.6354 1.1672 2.1567, 2.6354 1.2177 2.118, 2.6354 1.2764 2.0937, 2.6354 1.3394 2.0854, 2.6354 1.4025 2.0937, 2.6354 1.4612 2.118, 2.6354 1.5117 2.1567, 2.6354 1.5504 2.2072, 2.6354 1.5747 2.2659, 2.6354 1.583 2.329, 2.6354 1.5747 2.392, 2.6354 1.5504 2.4508, 2.6354 1.5117 2.5012, 2.6354 1.4612 2.5399, 2.6354 1.4025 2.5643, 2.6354 1.3394 2.5726, 2.6354 1.3394 2.329, 2.6354 -2.2333 3.1528, 2.6354 -2.2897 3.1294, 2.6354 -2.338 3.0923, 2.6354 -2.3752 3.0439, 2.6354 -2.3985 2.9876, 2.6354 -2.4065 2.9271, 2.6354 -2.3985 2.8667, 2.6354 -2.3752 2.8103, 2.6354 -2.338 2.762, 2.6354 -2.2897 2.7248, 2.6354 -2.2333 2.7015, 2.6354 -2.1729 2.6935, 2.6354 -2.1124 2.7015, 2.6354 -2.0561 2.7248, 2.6354 -2.0077 2.762, 2.6354 -1.9706 2.8103, 2.6354 -1.9472 2.8667, 2.6354 -1.9393 2.9271, 2.6354 -1.9472 2.9876, 2.6354 -1.9706 3.0439, 2.6354 -2.0077 3.0923, 2.6354 -2.0561 3.1294, 2.6354 -2.1124 3.1528, 2.6354 -2.1729 3.1607, 2.6354 -2.1729 2.9271, 2.6354 -2.4659 0.8866, 2.6354 -2.5174 0.8652, 2.6354 -2.5617 0.8313, 2.6354 -2.5956 0.787, 2.6354 -2.617 0.7355, 2.6354 -2.6243 0.6802, 2.6354 -2.617 0.6249, 2.6354 -2.5956 0.5734, 2.6354 -2.5617 0.5291, 2.6354 -2.5174 0.4952, 2.6354 -2.4659 0.4738, 2.6354 -2.4106 0.4665, 2.6354 -2.3553 0.4738, 2.6354 -2.3038 0.4952, 2.6354 -2.2595 0.5291, 2.6354 -2.2255 0.5734, 2.6354 -2.2042 0.6249, 2.6354 -2.1969 0.6802, 2.6354 -2.2042 0.7355, 2.6354 -2.2255 0.787, 2.6354 -2.2595 0.8313, 2.6354 -2.3038 0.8652, 2.6354 -2.3553 0.8866, 2.6354 -2.4106 0.8939, 2.6354 -2.4106 0.6802, 2.6354 -1.7417 1.9341, 2.6354 -1.8117 1.9052, 2.6354 -1.8717 1.8591, 2.6354 -1.9178 1.7991, 2.6354 -1.9467 1.7292, 2.6354 -1.9566 1.6541, 2.6354 -1.9467 1.5791, 2.6354 -1.9178 1.5092, 2.6354 -1.8717 1.4491, 2.6354 -1.8117 1.4031, 2.6354 -1.7417 1.3741, 2.6354 -1.6667 1.3642, 2.6354 -1.5917 1.3741, 2.6354 -1.5218 1.4031, 2.6354 -1.4617 1.4491, 2.6354 -1.4157 1.5092, 2.6354 -1.3867 1.5791, 2.6354 -1.3768 1.6541, 2.6354 -1.3867 1.7292, 2.6354 -1.4157 1.7991, 2.6354 -1.4617 1.8591, 2.6354 -1.5218 1.9052, 2.6354 -1.5917 1.9341, 2.6354 -1.6667 1.944, 2.6354 -1.6667 1.6541, 4.0134 -2.1729 3.1607, 4.0134 -2.2333 3.1528, 4.0134 -2.2897 3.1294, 4.0134 -2.338 3.0923, 4.0134 -2.3752 3.0439, 4.0134 -2.3985 2.9876, 4.0134 -2.4065 2.9271, 4.0134 -2.3985 2.8667, 4.0134 -2.3752 2.8103, 4.0134 -2.338 2.762, 4.0134 -2.2897 2.7248, 4.0134 -2.2333 2.7015, 4.0134 -2.1729 2.6935, 4.0134 -2.1124 2.7015, 4.0134 -2.0561 2.7248, 4.0134 -2.0077 2.762, 4.0134 -1.9706 2.8103, 4.0134 -1.9472 2.8667, 4.0134 -1.9393 2.9271, 4.0134 -1.9472 2.9876, 4.0134 -1.9706 3.0439, 4.0134 -2.0077 3.0923, 4.0134 -2.0561 3.1294, 4.0134 -2.1124 3.1528, 4.0134 -2.1729 2.9271, 4.0134 -1.6667 1.944, 4.0134 -1.7417 1.9341, 4.0134 -1.8117 1.9052, 4.0134 -1.8717 1.8591, 4.0134 -1.9178 1.7991, 4.0134 -1.9467 1.7292, 4.0134 -1.9566 1.6541, 4.0134 -1.9467 1.5791, 4.0134 -1.9178 1.5092, 4.0134 -1.8717 1.4491, 4.0134 -1.8117 1.4031, 4.0134 -1.7417 1.3741, 4.0134 -1.6667 1.3642, 4.0134 -1.5917 1.3741, 4.0134 -1.5218 1.4031, 4.0134 -1.4617 1.4491, 4.0134 -1.4157 1.5092, 4.0134 -1.3867 1.5791, 4.0134 -1.3768 1.6541, 4.0134 -1.3867 1.7292, 4.0134 -1.4157 1.7991, 4.0134 -1.4617 1.8591, 4.0134 -1.5218 1.9052, 4.0134 -1.5917 1.9341, 4.0134 -1.6667 1.6541, 4.0134 1.3394 3.6911, 4.0134 1.2727 3.6823, 4.0134 1.2106 3.6565, 4.0134 1.1572 3.6156, 4.0134 1.1162 3.5622, 4.0134 1.0904 3.5, 4.0134 1.0817 3.4333, 4.0134 1.0904 3.3666, 4.0134 1.1162 3.3044, 4.0134 1.1572 3.251, 4.0134 1.2106 3.21, 4.0134 1.2727 3.1843, 4.0134 1.3394 3.1755, 4.0134 1.4062 3.1843, 4.0134 1.4683 3.21, 4.0134 1.5217 3.251, 4.0134 1.5627 3.3044, 4.0134 1.5884 3.3666, 4.0134 1.5972 3.4333, 4.0134 1.5884 3.5, 4.0134 1.5627 3.5622, 4.0134 1.5217 3.6156, 4.0134 1.4683 3.6565, 4.0134 1.4062 3.6823, 4.0134 1.3394 3.4333, 4.0134 1.3394 2.5726, 4.0134 1.2764 2.5643, 4.0134 1.2177 2.5399, 4.0134 1.1672 2.5012, 4.0134 1.1285 2.4508, 4.0134 1.1042 2.392, 4.0134 1.0959 2.329, 4.0134 1.1042 2.2659, 4.0134 1.1285 2.2072, 4.0134 1.1672 2.1567, 4.0134 1.2177 2.118, 4.0134 1.2764 2.0937, 4.0134 1.3394 2.0854, 4.0134 1.4025 2.0937, 4.0134 1.4612 2.118, 4.0134 1.5117 2.1567, 4.0134 1.5504 2.2072, 4.0134 1.5747 2.2659, 4.0134 1.583 2.329, 4.0134 1.5747 2.392, 4.0134 1.5504 2.4508, 4.0134 1.5117 2.5012, 4.0134 1.4612 2.5399, 4.0134 1.4025 2.5643, 4.0134 1.3394 2.329, 4.0134 -2.4106 0.8939, 4.0134 -2.4659 0.8866, 4.0134 -2.5174 0.8652, 4.0134 -2.5617 0.8313, 4.0134 -2.5956 0.787, 4.0134 -2.617 0.7355, 4.0134 -2.6243 0.6802, 4.0134 -2.617 0.6249, 4.0134 -2.5956 0.5734, 4.0134 -2.5617 0.5291, 4.0134 -2.5174 0.4952, 4.0134 -2.4659 0.4738, 4.0134 -2.4106 0.4665, 4.0134 -2.3553 0.4738, 4.0134 -2.3038 0.4952, 4.0134 -2.2595 0.5291, 4.0134 -2.2255 0.5734, 4.0134 -2.2042 0.6249, 4.0134 -2.1969 0.6802, 4.0134 -2.2042 0.7355, 4.0134 -2.2255 0.787, 4.0134 -2.2595 0.8313, 4.0134 -2.3038 0.8652, 4.0134 -2.3553 0.8866, 4.0134 -2.4106 0.6802, 3.2063 -1.039 4.5669, 3.2063 -1.039 2.6378, 3.2063 -0.8421 4.5669, 3.2063 -0.8421 2.6378, 3.4031 -0.6453 4.5669, 3.4031 -0.6453 2.6378, 3.4819 -0.6453 4.5669, 3.4819 -0.6453 2.6378, 3.6787 -0.8421 4.5669, 3.6787 -0.8421 2.6378, 3.6787 -1.039 4.5669, 3.6787 -1.039 2.6378, 3.7375 -1.1068 2.6378, 3.7773 -1.1871 2.6378, 3.1475 -1.1068 2.6378, 3.3108 -1.632 2.6378, 3.1077 -1.1871 2.6378, 3.2324 -1.5884 2.6378, 3.0893 -1.2749 2.6378, 3.0936 -1.3646 2.6378, 3.3977 -1.6545 2.6378, 3.4874 -1.6545 2.6378, 3.5742 -1.632 2.6378, 3.6526 -1.5884 2.6378, 3.7175 -1.5265 2.6378, 3.7648 -1.4502 2.6378, 3.7915 -1.3646 2.6378, 3.7957 -1.2749 2.6378, 3.6524 -0.7437 2.6378, 3.6211 -0.7029 2.6378, 3.5803 -0.6716 2.6378, 3.2327 -0.7437 2.6378, 3.213 -0.7912 2.6378, 3.1202 -1.4502 2.6378, 3.1675 -1.5265 2.6378, 3.672 -0.7912 2.6378, 3.5328 -0.652 2.6378, 3.3522 -0.652 2.6378, 3.3047 -0.6716 2.6378, 3.264 -0.7029 2.6378, 3.1545 -1.0967 4.5159, 3.206 -1.0393 4.5721, 3.2049 -1.0402 4.5771, 3.2046 -1.0405 4.5783, 3.7352 -1.1082 4.503, 3.7138 -1.0751 4.5398, 3.6804 -1.0405 4.5783, 3.6801 -1.0402 4.5771, 3.6791 -1.0393 4.5721, 3.793 -1.2752 4.3175, 3.7898 -1.2328 4.3646, 3.7747 -1.188 4.4144, 3.7616 -1.1491 4.4576, 3.7624 -1.4491 4.1242, 3.7811 -1.4074 4.1706, 3.7888 -1.3641 4.2187, 3.7964 -1.3207 4.2669, 3.6511 -1.5864 3.9717, 3.6914 -1.5552 4.0063, 3.7155 -1.5248 4.0401, 3.7452 -1.4872 4.0819, 3.4874 -1.6545 3.8961, 3.5536 -1.6395 3.9127, 3.5735 -1.6305 3.9227, 3.6235 -1.6077 3.9481, 3.4208 -1.6567 3.8936, 3.4865 -1.6547 3.8959, 3.3544 -1.6463 3.9052, 3.3979 -1.6531 3.8976, 3.2855 -1.6207 3.9336, 3.3114 -1.6303 3.9229, 3.2144 -1.5742 3.9853, 3.2335 -1.5867 3.9714, 3.1547 -1.5097 4.0569, 3.169 -1.5251 4.0398, 3.1126 -1.4322 4.143, 3.1219 -1.4493 4.124, 3.0909 -1.3466 4.2381, 3.0953 -1.3641 4.2187, 3.091 -1.2585 4.3361, 3.091 -1.275 4.3177, 3.1487 -1.1074 4.5039, 3.1128 -1.1733 4.4307, 3.1092 -1.1875 4.4149, 3.213 -0.7912 4.5669, 3.2327 -0.7437 4.5669, 3.264 -0.7029 4.5669, 3.3047 -0.6716 4.5669, 3.3522 -0.652 4.5669, 3.5328 -0.652 4.5669, 3.5803 -0.6716 4.5669, 3.6211 -0.7029 4.5669, 3.6524 -0.7437 4.5669, 3.672 -0.7912 4.5669, 3.3519 -0.651 4.5757, 3.2053 -0.8421 4.5757, 3.212 -0.7909 4.5757, 3.2048 -0.8421 4.5771, 3.2092 -0.7902 4.584, 3.4031 -0.6443 4.5757, 3.4031 -0.6438 4.5771, 3.3512 -0.6482 4.584, 3.2047 -0.7889 4.5915, 3.2008 -0.8421 4.5865, 3.2024 -0.8421 4.584, 3.4031 -0.6414 4.584, 3.4031 -0.6398 4.5865, 3.35 -0.6437 4.5915, 3.1987 -0.7873 4.5977, 3.1946 -0.8421 4.5946, 3.1977 -0.8421 4.5915, 3.4031 -0.6367 4.5915, 3.4031 -0.6336 4.5946, 3.3484 -0.6376 4.5977, 3.1771 -0.8421 4.6048, 3.184 -0.8421 4.6024, 3.1915 -0.7854 4.6024, 3.1865 -0.8421 4.6008, 3.1915 -0.8421 4.5977, 3.2318 -0.7432 4.5757, 3.2293 -0.7417 4.584, 3.2252 -0.7394 4.5915, 3.2198 -0.7363 4.5977, 3.2134 -0.7325 4.6024, 3.2633 -0.7022 4.5757, 3.2612 -0.7002 4.584, 3.2579 -0.6968 4.5915, 3.2535 -0.6924 4.5977, 3.2482 -0.6872 4.6024, 3.3042 -0.6708 4.5757, 3.3028 -0.6683 4.584, 3.3004 -0.6642 4.5915, 3.2973 -0.6588 4.5977, 3.2936 -0.6523 4.6024, 3.3464 -0.6304 4.6024, 3.1757 -0.8421 4.6053, 3.1834 -0.7832 4.6053, 3.4031 -0.6304 4.5977, 3.4031 -0.6255 4.6008, 3.4031 -0.623 4.6024, 3.4031 -0.616 4.6048, 3.2062 -0.7284 4.6053, 3.2423 -0.6813 4.6053, 3.2894 -0.6451 4.6053, 3.3443 -0.6224 4.6053, 3.4031 -0.6147 4.6053, 3.2014 -1.0422 4.586, 3.2029 -1.0414 4.5824, 3.1947 -1.043 4.5947, 3.1957 -1.0429 4.5935, 3.1986 -1.0427 4.5901, 3.1996 -1.0426 4.5889, 3.201 -1.0423 4.5866, 3.1943 -1.043 4.5952, 3.1915 -1.0429 4.5977, 3.189 -1.0426 4.5993, 3.1865 -1.0422 4.6009, 3.1843 -1.0419 4.6023, 3.1814 -1.0413 4.6035, 3.1771 -1.0403 4.605, 3.1812 -1.0413 4.6036, 3.4819 -0.6443 4.5757, 3.4819 -0.6438 4.5771, 3.4819 -0.6414 4.584, 3.4819 -0.6398 4.5865, 3.4819 -0.6367 4.5915, 3.4819 -0.6336 4.5946, 3.4819 -0.6304 4.5977, 3.4819 -0.6255 4.6008, 3.4819 -0.623 4.6024, 3.4819 -0.616 4.6048, 3.4819 -0.6147 4.6053, 3.6818 -1.0414 4.5822, 3.7184 -1.0788 4.5474, 3.6841 -1.0422 4.5863, 3.682 -1.0415 4.5825, 3.7213 -1.08 4.551, 3.6858 -1.0427 4.5894, 3.6842 -1.0422 4.5865, 3.7245 -1.0807 4.5545, 3.6893 -1.0429 4.5935, 3.6879 -1.0429 4.5922, 3.7281 -1.081 4.5577, 3.6925 -1.0429 4.5966, 3.6904 -1.0429 4.5946, 3.7318 -1.0809 4.5607, 3.6971 -1.0425 4.6002, 3.6938 -1.0429 4.5979, 3.7079 -1.0403 4.605, 3.7398 -1.0791 4.5657, 3.7049 -1.0411 4.604, 3.7038 -1.0412 4.6035, 3.6998 -1.042 4.6015, 3.127 -1.1029 4.5419, 3.1314 -1.1038 4.5396, 3.1356 -1.1042 4.537, 3.1396 -1.1042 4.534, 3.1468 -1.1025 4.5273, 3.1524 -1.099 4.5197, 3.7912 -1.2369 4.3691, 3.7636 -1.1522 4.4617, 3.7159 -1.0772 4.5436, 3.7803 -1.4127 4.1762, 3.7968 -1.3257 4.2718, 3.6885 -1.5597 4.0138, 3.7432 -1.4924 4.0884, 3.6203 -1.611 3.9566, 3.5512 -1.6417 3.9222, 3.4854 -1.6561 3.9059, 3.4213 -1.6581 3.9037, 3.3564 -1.6481 3.915, 3.2885 -1.6236 3.9425, 3.2175 -1.5783 3.9931, 3.1571 -1.5147 4.0637, 3.0908 -1.3518 4.2432, 3.1138 -1.4376 4.1488, 3.111 -1.1768 4.4348, 3.0899 -1.2629 4.3407, 3.1498 -1.101 4.5236, 3.1084 -1.1799 4.4389, 3.0878 -1.2671 4.3451, 3.0895 -1.3569 4.2482, 3.1134 -1.4433 4.1544, 3.1578 -1.5206 4.07, 3.219 -1.5838 4.0005, 3.2902 -1.6284 3.9509, 3.3576 -1.6524 3.9241, 3.4217 -1.6621 3.9132, 3.4848 -1.6602 3.9153, 3.5497 -1.6461 3.9311, 3.6186 -1.6161 3.9647, 3.6871 -1.5654 4.0208, 3.7428 -1.4982 4.0945, 3.781 -1.4183 4.1816, 3.7984 -1.3306 4.2766, 3.7934 -1.2408 4.3734, 3.7662 -1.155 4.4657, 3.1052 -1.1825 4.4429, 3.0847 -1.2709 4.3493, 3.0868 -1.3618 4.2528, 3.1115 -1.4491 4.1595, 3.1568 -1.527 4.0758, 3.2189 -1.5905 4.007, 3.2905 -1.6351 3.9582, 3.358 -1.6588 3.9319, 3.4218 -1.6683 3.9213, 3.4845 -1.6664 3.9234, 3.5493 -1.6526 3.9388, 3.6184 -1.6227 3.9717, 3.6876 -1.572 4.0271, 3.7441 -1.5046 4.1, 3.7831 -1.4239 4.1865, 3.8012 -1.3352 4.2811, 3.7966 -1.2443 4.3775, 3.7694 -1.1573 4.4695, 3.1434 -1.1036 4.5308, 3.1014 -1.1847 4.4465, 3.0807 -1.2742 4.3532, 3.083 -1.3664 4.2569, 3.1082 -1.4549 4.164, 3.1541 -1.5338 4.0806, 3.217 -1.598 4.0123, 3.2895 -1.643 3.964, 3.3575 -1.6669 3.938, 3.4217 -1.6765 3.9276, 3.4848 -1.6746 3.9296, 3.55 -1.6607 3.9448, 3.6197 -1.6306 3.9773, 3.6897 -1.5793 4.0322, 3.747 -1.511 4.1047, 3.7866 -1.4293 4.1908, 3.8051 -1.3394 4.2851, 3.8006 -1.2473 4.3813, 3.7731 -1.1591 4.4731, 3.097 -1.1863 4.4498, 3.0759 -1.277 4.3566, 3.0782 -1.3705 4.2604, 3.1035 -1.4603 4.1675, 3.1499 -1.5405 4.0843, 3.2136 -1.6058 4.016, 3.287 -1.6517 3.9678, 3.3561 -1.6762 3.9419, 3.4213 -1.686 3.9315, 3.4855 -1.684 3.9336, 3.5517 -1.6698 3.9487, 3.6225 -1.639 3.9812, 3.6934 -1.5868 4.0359, 3.7513 -1.5173 4.1084, 3.7914 -1.4343 4.1944, 3.81 -1.3431 4.2886, 3.8053 -1.2497 4.3847, 3.7773 -1.1604 4.4764, 3.0922 -1.1873 4.4527, 3.0705 -1.2792 4.3594, 3.0724 -1.3739 4.2631, 3.0976 -1.4651 4.1701, 3.1444 -1.5468 4.0866, 3.2088 -1.6136 4.0181, 3.2834 -1.6607 3.9695, 3.354 -1.686 3.9434, 3.4208 -1.6961 3.9329, 3.4866 -1.6941 3.9349, 3.5544 -1.6794 3.9502, 3.6265 -1.6477 3.983, 3.6985 -1.5941 4.0381, 3.757 -1.5232 4.1108, 3.7972 -1.4388 4.197, 3.8157 -1.3461 4.2913, 3.8105 -1.2515 4.3876, 3.7819 -1.1611 4.4794, 3.087 -1.1877 4.4552, 3.0646 -1.2806 4.3616, 3.0659 -1.3766 4.265, 3.0909 -1.4692 4.1715, 3.1378 -1.5524 4.0875, 3.2028 -1.6208 4.0182, 3.2789 -1.6694 3.969, 3.3512 -1.6957 3.9423, 3.4201 -1.7063 3.9315, 3.488 -1.7042 3.9337, 3.5578 -1.6888 3.9493, 3.6316 -1.6559 3.9827, 3.7047 -1.6008 4.0385, 3.7637 -1.5283 4.1118, 3.8039 -1.4424 4.1986, 3.822 -1.3484 4.2933, 3.8162 -1.2526 4.3899, 3.7868 -1.1612 4.4819, 3.7357 -1.0802 4.5634, 3.6985 -1.0422 4.6009, 3.0817 -1.1875 4.4571, 3.0584 -1.2814 4.3631, 3.059 -1.3784 4.2659, 3.0836 -1.4723 4.1718, 3.1304 -1.557 4.0869, 3.1961 -1.6271 4.0166, 3.2736 -1.6773 3.9662, 3.348 -1.7046 3.9388, 3.4193 -1.7157 3.9276, 3.4896 -1.7135 3.9298, 3.5618 -1.6974 3.946, 3.6374 -1.6633 3.9803, 3.7117 -1.6066 4.0372, 3.7711 -1.5325 4.1115, 3.8112 -1.4451 4.1991, 3.8287 -1.3499 4.2944, 3.8222 -1.2531 4.3915, 3.7919 -1.1608 4.4839, 3.673 -0.7909 4.5757, 3.5331 -0.651 4.5757, 3.5338 -0.6482 4.584, 3.6797 -0.8421 4.5757, 3.6802 -0.8421 4.5771, 3.6758 -0.7902 4.584, 3.5351 -0.6437 4.5915, 3.6826 -0.8421 4.584, 3.6842 -0.8421 4.5865, 3.6803 -0.7889 4.5915, 3.5367 -0.6376 4.5977, 3.6873 -0.8421 4.5915, 3.6904 -0.8421 4.5946, 3.6863 -0.7873 4.5977, 3.5386 -0.6304 4.6024, 3.5808 -0.6708 4.5757, 3.5823 -0.6683 4.584, 3.5846 -0.6642 4.5915, 3.5877 -0.6588 4.5977, 3.5915 -0.6523 4.6024, 3.6218 -0.7022 4.5757, 3.6238 -0.7002 4.584, 3.6272 -0.6968 4.5915, 3.6316 -0.6924 4.5977, 3.6368 -0.6872 4.6024, 3.6532 -0.7432 4.5757, 3.6557 -0.7417 4.584, 3.6598 -0.7394 4.5915, 3.6652 -0.7363 4.5977, 3.6717 -0.7325 4.6024, 3.6936 -0.7854 4.6024, 3.5408 -0.6224 4.6053, 3.6936 -0.8421 4.5977, 3.6985 -0.8421 4.6008, 3.701 -0.8421 4.6024, 3.708 -0.8421 4.6048, 3.5956 -0.6451 4.6053, 3.6427 -0.6813 4.6053, 3.6789 -0.7284 4.6053, 3.7016 -0.7832 4.6053, 3.7093 -0.8421 4.6053
            ]
        }
        coordIndex [
            0,1,2,-1,3,4,5,-1,5,4,6,-1,7,8,9,-1,9,8,10,-1,11,12,5,-1,5,12,3,-1,10,8,13,-1,13,8,14,-1,4,15,6,-1,6,15,16,-1,17,7,18,-1,18,7,9,-1,19,20,21,-1,22,23,14,-1,24,25,17,-1,26,16,27,-1,27,16,15,-1,27,15,28,-1,15,12,28,-1,28,12,11,-1,28,11,29,-1,11,13,29,-1,29,13,14,-1,29,14,21,-1,21,14,23,-1,21,23,19,-1,30,24,31,-1,31,24,17,-1,31,17,26,-1,26,17,18,-1,26,18,16,-1,25,32,17,-1,17,32,33,-1,17,33,34,-1,35,36,14,-1,14,36,37,-1,14,37,22,-1,34,38,17,-1,17,38,39,-1,17,39,14,-1,14,39,40,-1,14,40,35,-1,41,27,42,-1,42,27,28,-1,43,44,45,-1,45,44,46,-1,45,46,42,-1,42,46,41,-1,47,44,48,-1,48,44,43,-1,49,47,50,-1,50,47,48,-1,51,49,52,-1,52,49,50,-1,53,51,54,-1,54,51,52,-1,55,53,56,-1,56,53,54,-1,57,55,58,-1,58,55,56,-1,59,60,61,-1,61,60,62,-1,61,62,58,-1,58,62,57,-1,63,60,64,-1,64,60,59,-1,65,63,66,-1,66,63,64,-1,67,68,69,-1,69,68,70,-1,69,70,66,-1,66,70,65,-1,71,68,72,-1,72,68,67,-1,73,74,67,-1,67,74,75,-1,67,75,72,-1,71,76,68,-1,68,76,77,-1,68,77,78,-1,79,80,31,-1,81,82,83,-1,79,31,84,-1,85,86,80,-1,80,86,30,-1,80,30,31,-1,21,87,88,-1,87,21,83,-1,83,21,20,-1,83,20,81,-1,78,89,68,-1,68,89,90,-1,68,90,31,-1,31,90,91,-1,31,91,84,-1,88,92,21,-1,21,92,93,-1,21,93,67,-1,67,93,94,-1,67,94,73,-1,60,63,65,-1,95,96,70,-1,97,98,68,-1,68,98,99,-1,68,99,70,-1,70,99,100,-1,70,100,95,-1,101,102,103,-1,103,102,104,-1,103,104,105,-1,106,31,107,-1,107,31,26,-1,96,108,70,-1,70,108,109,-1,70,109,103,-1,103,109,110,-1,103,110,101,-1,106,111,31,-1,31,111,112,-1,31,112,113,-1,113,114,31,-1,31,114,115,-1,31,115,68,-1,68,115,116,-1,68,116,97,-1,105,117,103,-1,103,117,118,-1,103,118,26,-1,26,118,119,-1,26,119,107,-1,120,121,70,-1,122,123,60,-1,121,124,70,-1,70,124,125,-1,70,125,126,-1,126,127,70,-1,70,127,128,-1,70,128,65,-1,65,128,129,-1,65,129,60,-1,60,129,130,-1,60,130,122,-1,62,60,131,-1,132,133,103,-1,103,133,134,-1,70,135,136,-1,123,137,60,-1,60,137,138,-1,60,138,131,-1,131,139,62,-1,62,139,140,-1,62,140,141,-1,136,142,70,-1,70,142,143,-1,70,143,120,-1,144,145,62,-1,62,145,146,-1,62,146,103,-1,103,146,147,-1,103,147,132,-1,148,149,150,-1,150,149,151,-1,150,151,152,-1,152,151,153,-1,152,153,124,-1,124,153,154,-1,124,154,125,-1,134,155,103,-1,103,155,156,-1,103,156,70,-1,70,156,157,-1,70,157,135,-1,148,150,158,-1,158,150,159,-1,158,159,160,-1,160,161,158,-1,158,161,162,-1,158,162,163,-1,163,162,164,-1,163,164,144,-1,141,165,62,-1,62,165,166,-1,62,166,144,-1,144,166,167,-1,144,167,163,-1,53,55,57,-1,168,169,46,-1,62,49,57,-1,57,49,51,-1,57,51,53,-1,47,170,44,-1,44,170,171,-1,44,171,46,-1,46,171,172,-1,46,172,168,-1,173,174,103,-1,103,174,175,-1,103,175,176,-1,177,178,49,-1,49,178,179,-1,49,179,47,-1,47,179,180,-1,47,180,170,-1,169,181,46,-1,46,181,182,-1,46,182,103,-1,103,182,183,-1,103,183,173,-1,184,185,62,-1,176,186,103,-1,103,186,187,-1,103,187,62,-1,62,187,188,-1,62,188,184,-1,185,189,62,-1,62,189,190,-1,62,190,49,-1,49,190,191,-1,49,191,177,-1,192,103,193,-1,193,103,194,-1,195,196,27,-1,27,196,197,-1,27,197,26,-1,26,197,198,-1,26,198,199,-1,199,200,26,-1,26,200,201,-1,26,201,103,-1,103,201,202,-1,103,202,194,-1,203,204,46,-1,46,204,205,-1,192,206,103,-1,103,206,207,-1,103,207,46,-1,46,207,208,-1,46,208,203,-1,209,210,41,-1,41,210,211,-1,41,211,27,-1,27,211,212,-1,27,212,195,-1,205,213,46,-1,46,213,214,-1,46,214,41,-1,41,214,215,-1,41,215,209,-1,216,217,218,-1,45,219,220,-1,221,222,42,-1,42,222,223,-1,42,223,45,-1,45,223,224,-1,45,224,219,-1,220,225,45,-1,45,225,226,-1,45,226,227,-1,218,228,216,-1,216,228,229,-1,216,229,29,-1,29,229,230,-1,29,230,231,-1,231,232,29,-1,29,232,233,-1,29,233,28,-1,28,233,234,-1,28,234,235,-1,235,236,28,-1,28,236,237,-1,28,237,42,-1,42,237,238,-1,42,238,221,-1,227,239,216,-1,216,239,240,-1,216,240,217,-1,241,242,45,-1,45,242,243,-1,50,244,245,-1,227,216,45,-1,45,216,246,-1,45,246,241,-1,243,247,45,-1,45,247,248,-1,45,248,43,-1,43,248,249,-1,43,249,48,-1,48,249,250,-1,48,250,50,-1,50,250,251,-1,50,251,244,-1,252,253,61,-1,252,61,254,-1,245,254,50,-1,50,254,61,-1,50,61,52,-1,52,61,58,-1,52,58,54,-1,54,58,56,-1,253,255,61,-1,61,255,256,-1,61,256,257,-1,258,259,216,-1,216,259,260,-1,257,261,216,-1,216,261,262,-1,216,262,258,-1,260,263,216,-1,216,263,264,-1,216,264,246,-1,66,64,59,-1,265,266,69,-1,267,61,268,-1,268,61,269,-1,270,69,271,-1,271,69,66,-1,271,66,272,-1,272,66,59,-1,272,59,273,-1,273,59,274,-1,267,275,61,-1,61,275,276,-1,61,276,59,-1,59,276,277,-1,59,277,278,-1,270,279,69,-1,69,279,280,-1,69,280,281,-1,281,282,69,-1,69,282,283,-1,69,283,265,-1,278,284,59,-1,59,284,285,-1,59,285,274,-1,286,287,61,-1,61,287,288,-1,257,216,61,-1,61,216,289,-1,61,289,286,-1,290,291,69,-1,69,291,292,-1,69,292,293,-1,288,294,61,-1,61,294,295,-1,61,295,269,-1,295,296,269,-1,269,296,297,-1,269,297,298,-1,298,297,299,-1,298,299,300,-1,301,266,299,-1,299,266,302,-1,299,302,300,-1,301,303,266,-1,266,303,304,-1,266,304,69,-1,69,304,305,-1,69,305,290,-1,293,306,69,-1,69,306,307,-1,69,307,216,-1,307,308,216,-1,216,308,309,-1,216,309,310,-1,310,311,216,-1,216,311,312,-1,216,312,289,-1,216,313,314,-1,67,315,316,-1,317,318,69,-1,69,318,319,-1,69,319,67,-1,67,319,320,-1,67,320,315,-1,29,21,321,-1,314,322,216,-1,216,322,323,-1,216,323,324,-1,316,325,67,-1,67,325,326,-1,67,326,21,-1,21,326,327,-1,21,327,328,-1,328,329,21,-1,21,329,330,-1,21,330,321,-1,324,331,216,-1,216,331,332,-1,216,332,69,-1,69,332,333,-1,69,333,317,-1,321,334,29,-1,29,334,335,-1,29,335,216,-1,216,335,336,-1,216,336,313,-1,14,8,17,-1,17,8,7,-1,3,12,4,-1,4,12,15,-1,337,338,339,-1,339,338,340,-1,5,6,11,-1,11,6,16,-1,11,16,339,-1,339,16,337,-1,341,342,13,-1,13,342,18,-1,13,18,10,-1,10,18,9,-1,343,342,344,-1,344,342,341,-1,2,1,345,-1,346,347,348,-1,348,347,343,-1,348,343,345,-1,345,343,344,-1,345,344,2,-1,347,346,349,-1,349,346,350,-1,349,350,351,-1,352,349,353,-1,353,349,351,-1,338,352,340,-1,340,352,353,-1,337,16,343,-1,343,16,18,-1,343,18,342,-1,352,338,349,-1,349,338,337,-1,349,337,347,-1,347,337,343,-1,354,0,2,-1,351,350,353,-1,353,350,355,-1,341,13,344,-1,344,13,11,-1,344,11,339,-1,2,344,354,-1,354,344,339,-1,354,339,355,-1,355,339,340,-1,355,340,353,-1,196,356,197,-1,197,356,357,-1,197,357,198,-1,198,357,358,-1,198,358,199,-1,199,358,359,-1,199,359,200,-1,200,359,360,-1,200,360,201,-1,201,360,361,-1,201,361,202,-1,202,361,362,-1,202,362,194,-1,194,362,363,-1,194,363,193,-1,193,363,364,-1,193,364,192,-1,192,364,365,-1,192,365,206,-1,206,365,366,-1,206,366,207,-1,207,366,367,-1,207,367,208,-1,208,367,368,-1,208,368,203,-1,203,368,369,-1,203,369,204,-1,204,369,370,-1,204,370,205,-1,205,370,371,-1,205,371,213,-1,213,371,372,-1,213,372,214,-1,214,372,373,-1,214,373,215,-1,215,373,374,-1,215,374,209,-1,209,374,375,-1,209,375,210,-1,210,375,376,-1,210,376,211,-1,211,376,377,-1,211,377,212,-1,212,377,378,-1,212,378,195,-1,195,378,379,-1,195,379,196,-1,196,379,356,-1,369,368,380,-1,380,368,367,-1,380,367,366,-1,372,371,380,-1,380,371,370,-1,380,370,369,-1,375,374,380,-1,380,374,373,-1,380,373,372,-1,378,377,380,-1,380,377,376,-1,380,376,375,-1,357,356,380,-1,380,356,379,-1,380,379,378,-1,360,359,380,-1,380,359,358,-1,380,358,357,-1,363,362,380,-1,380,362,361,-1,380,361,360,-1,366,365,380,-1,380,365,364,-1,380,364,363,-1,182,381,183,-1,183,381,382,-1,183,382,173,-1,173,382,383,-1,173,383,174,-1,174,383,384,-1,174,384,175,-1,175,384,385,-1,175,385,176,-1,176,385,386,-1,176,386,186,-1,186,386,387,-1,186,387,187,-1,187,387,388,-1,187,388,188,-1,188,388,389,-1,188,389,184,-1,184,389,390,-1,184,390,185,-1,185,390,391,-1,185,391,189,-1,189,391,392,-1,189,392,190,-1,190,392,393,-1,190,393,191,-1,191,393,394,-1,191,394,177,-1,177,394,395,-1,177,395,178,-1,178,395,396,-1,178,396,179,-1,179,396,397,-1,179,397,180,-1,180,397,398,-1,180,398,170,-1,170,398,399,-1,170,399,171,-1,171,399,400,-1,171,400,172,-1,172,400,401,-1,172,401,168,-1,168,401,402,-1,168,402,169,-1,169,402,403,-1,169,403,181,-1,181,403,404,-1,181,404,182,-1,182,404,381,-1,394,393,405,-1,405,393,392,-1,405,392,391,-1,397,396,405,-1,405,396,395,-1,405,395,394,-1,400,399,405,-1,405,399,398,-1,405,398,397,-1,403,402,405,-1,405,402,401,-1,405,401,400,-1,382,381,405,-1,405,381,404,-1,405,404,403,-1,385,384,405,-1,405,384,383,-1,405,383,382,-1,388,387,405,-1,405,387,386,-1,405,386,385,-1,391,390,405,-1,405,390,389,-1,405,389,388,-1,112,406,113,-1,113,406,407,-1,113,407,114,-1,114,407,408,-1,114,408,115,-1,115,408,409,-1,115,409,116,-1,116,409,410,-1,116,410,97,-1,97,410,411,-1,97,411,98,-1,98,411,412,-1,98,412,99,-1,99,412,413,-1,99,413,100,-1,100,413,414,-1,100,414,95,-1,95,414,415,-1,95,415,96,-1,96,415,416,-1,96,416,108,-1,108,416,417,-1,108,417,109,-1,109,417,418,-1,109,418,110,-1,110,418,419,-1,110,419,101,-1,101,419,420,-1,101,420,102,-1,102,420,421,-1,102,421,104,-1,104,421,422,-1,104,422,105,-1,105,422,423,-1,105,423,117,-1,117,423,424,-1,117,424,118,-1,118,424,425,-1,118,425,119,-1,119,425,426,-1,119,426,107,-1,107,426,427,-1,107,427,106,-1,106,427,428,-1,106,428,111,-1,111,428,429,-1,111,429,112,-1,112,429,406,-1,419,418,430,-1,430,418,417,-1,430,417,416,-1,422,421,430,-1,430,421,420,-1,430,420,419,-1,425,424,430,-1,430,424,423,-1,430,423,422,-1,428,427,430,-1,430,427,426,-1,430,426,425,-1,407,406,430,-1,430,406,429,-1,430,429,428,-1,410,409,430,-1,430,409,408,-1,430,408,407,-1,413,412,430,-1,430,412,411,-1,430,411,410,-1,416,415,430,-1,430,415,414,-1,430,414,413,-1,151,431,153,-1,153,431,432,-1,153,432,154,-1,154,432,433,-1,154,433,125,-1,125,433,434,-1,125,434,126,-1,126,434,435,-1,126,435,127,-1,127,435,436,-1,127,436,128,-1,128,436,437,-1,128,437,129,-1,129,437,438,-1,129,438,130,-1,130,438,439,-1,130,439,122,-1,122,439,440,-1,122,440,123,-1,123,440,441,-1,123,441,137,-1,137,441,442,-1,137,442,138,-1,138,442,443,-1,138,443,131,-1,131,443,444,-1,131,444,139,-1,139,444,445,-1,139,445,140,-1,140,445,446,-1,140,446,141,-1,141,446,447,-1,141,447,165,-1,165,447,448,-1,165,448,166,-1,166,448,449,-1,166,449,167,-1,167,449,450,-1,167,450,163,-1,163,450,451,-1,163,451,158,-1,158,451,452,-1,158,452,148,-1,148,452,453,-1,148,453,149,-1,149,453,454,-1,149,454,151,-1,151,454,431,-1,444,443,455,-1,455,443,442,-1,455,442,441,-1,447,446,455,-1,455,446,445,-1,455,445,444,-1,450,449,455,-1,455,449,448,-1,455,448,447,-1,453,452,455,-1,455,452,451,-1,455,451,450,-1,432,431,455,-1,455,431,454,-1,455,454,453,-1,435,434,455,-1,455,434,433,-1,455,433,432,-1,438,437,455,-1,455,437,436,-1,455,436,435,-1,441,440,455,-1,455,440,439,-1,455,439,438,-1,157,456,135,-1,135,456,457,-1,135,457,136,-1,136,457,458,-1,136,458,142,-1,142,458,459,-1,142,459,143,-1,143,459,460,-1,143,460,120,-1,120,460,461,-1,120,461,121,-1,121,461,462,-1,121,462,124,-1,124,462,463,-1,124,463,152,-1,152,463,464,-1,152,464,150,-1,150,464,465,-1,150,465,159,-1,159,465,466,-1,159,466,160,-1,160,466,467,-1,160,467,161,-1,161,467,468,-1,161,468,162,-1,162,468,469,-1,162,469,164,-1,164,469,470,-1,164,470,144,-1,144,470,471,-1,144,471,145,-1,145,471,472,-1,145,472,146,-1,146,472,473,-1,146,473,147,-1,147,473,474,-1,147,474,132,-1,132,474,475,-1,132,475,133,-1,133,475,476,-1,133,476,134,-1,134,476,477,-1,134,477,155,-1,155,477,478,-1,155,478,156,-1,156,478,479,-1,156,479,157,-1,157,479,456,-1,469,468,480,-1,480,468,467,-1,480,467,466,-1,472,471,480,-1,480,471,470,-1,480,470,469,-1,475,474,480,-1,480,474,473,-1,480,473,472,-1,478,477,480,-1,480,477,476,-1,480,476,475,-1,457,456,480,-1,480,456,479,-1,480,479,478,-1,460,459,480,-1,480,459,458,-1,480,458,457,-1,463,462,480,-1,480,462,461,-1,480,461,460,-1,466,465,480,-1,480,465,464,-1,480,464,463,-1,481,329,482,-1,482,329,328,-1,482,328,483,-1,483,328,327,-1,483,327,484,-1,484,327,326,-1,484,326,485,-1,485,326,325,-1,485,325,486,-1,486,325,316,-1,486,316,487,-1,487,316,315,-1,487,315,488,-1,488,315,320,-1,488,320,489,-1,489,320,319,-1,489,319,490,-1,490,319,318,-1,490,318,491,-1,491,318,317,-1,491,317,492,-1,492,317,333,-1,492,333,493,-1,493,333,332,-1,493,332,494,-1,494,332,331,-1,494,331,495,-1,495,331,324,-1,495,324,496,-1,496,324,323,-1,496,323,497,-1,497,323,322,-1,497,322,498,-1,498,322,314,-1,498,314,499,-1,499,314,313,-1,499,313,500,-1,500,313,336,-1,500,336,501,-1,501,336,335,-1,501,335,502,-1,502,335,334,-1,502,334,503,-1,503,334,321,-1,503,321,504,-1,504,321,330,-1,504,330,481,-1,481,330,329,-1,503,504,505,-1,505,504,481,-1,505,481,482,-1,500,501,505,-1,505,501,502,-1,505,502,503,-1,497,498,505,-1,505,498,499,-1,505,499,500,-1,494,495,505,-1,505,495,496,-1,505,496,497,-1,491,492,505,-1,505,492,493,-1,505,493,494,-1,488,489,505,-1,505,489,490,-1,505,490,491,-1,485,486,505,-1,505,486,487,-1,505,487,488,-1,482,483,505,-1,505,483,484,-1,505,484,485,-1,506,307,507,-1,507,307,306,-1,507,306,508,-1,508,306,293,-1,508,293,509,-1,509,293,292,-1,509,292,510,-1,510,292,291,-1,510,291,511,-1,511,291,290,-1,511,290,512,-1,512,290,305,-1,512,305,513,-1,513,305,304,-1,513,304,514,-1,514,304,303,-1,514,303,515,-1,515,303,301,-1,515,301,516,-1,516,301,299,-1,516,299,517,-1,517,299,297,-1,517,297,518,-1,518,297,296,-1,518,296,519,-1,519,296,295,-1,519,295,520,-1,520,295,294,-1,520,294,521,-1,521,294,288,-1,521,288,522,-1,522,288,287,-1,522,287,523,-1,523,287,286,-1,523,286,524,-1,524,286,289,-1,524,289,525,-1,525,289,312,-1,525,312,526,-1,526,312,311,-1,526,311,527,-1,527,311,310,-1,527,310,528,-1,528,310,309,-1,528,309,529,-1,529,309,308,-1,529,308,506,-1,506,308,307,-1,528,529,530,-1,530,529,506,-1,530,506,507,-1,525,526,530,-1,530,526,527,-1,530,527,528,-1,522,523,530,-1,530,523,524,-1,530,524,525,-1,519,520,530,-1,530,520,521,-1,530,521,522,-1,516,517,530,-1,530,517,518,-1,530,518,519,-1,513,514,530,-1,530,514,515,-1,530,515,516,-1,510,511,530,-1,530,511,512,-1,530,512,513,-1,507,508,530,-1,530,508,509,-1,530,509,510,-1,531,235,532,-1,532,235,234,-1,532,234,533,-1,533,234,233,-1,533,233,534,-1,534,233,232,-1,534,232,535,-1,535,232,231,-1,535,231,536,-1,536,231,230,-1,536,230,537,-1,537,230,229,-1,537,229,538,-1,538,229,228,-1,538,228,539,-1,539,228,218,-1,539,218,540,-1,540,218,217,-1,540,217,541,-1,541,217,240,-1,541,240,542,-1,542,240,239,-1,542,239,543,-1,543,239,227,-1,543,227,544,-1,544,227,226,-1,544,226,545,-1,545,226,225,-1,545,225,546,-1,546,225,220,-1,546,220,547,-1,547,220,219,-1,547,219,548,-1,548,219,224,-1,548,224,549,-1,549,224,223,-1,549,223,550,-1,550,223,222,-1,550,222,551,-1,551,222,221,-1,551,221,552,-1,552,221,238,-1,552,238,553,-1,553,238,237,-1,553,237,554,-1,554,237,236,-1,554,236,531,-1,531,236,235,-1,553,554,555,-1,555,554,531,-1,555,531,532,-1,550,551,555,-1,555,551,552,-1,555,552,553,-1,547,548,555,-1,555,548,549,-1,555,549,550,-1,544,545,555,-1,555,545,546,-1,555,546,547,-1,541,542,555,-1,555,542,543,-1,555,543,544,-1,538,539,555,-1,555,539,540,-1,555,540,541,-1,535,536,555,-1,555,536,537,-1,555,537,538,-1,532,533,555,-1,555,533,534,-1,555,534,535,-1,556,246,557,-1,557,246,264,-1,557,264,558,-1,558,264,263,-1,558,263,559,-1,559,263,260,-1,559,260,560,-1,560,260,259,-1,560,259,561,-1,561,259,258,-1,561,258,562,-1,562,258,262,-1,562,262,563,-1,563,262,261,-1,563,261,564,-1,564,261,257,-1,564,257,565,-1,565,257,256,-1,565,256,566,-1,566,256,255,-1,566,255,567,-1,567,255,253,-1,567,253,568,-1,568,253,252,-1,568,252,569,-1,569,252,254,-1,569,254,570,-1,570,254,245,-1,570,245,571,-1,571,245,244,-1,571,244,572,-1,572,244,251,-1,572,251,573,-1,573,251,250,-1,573,250,574,-1,574,250,249,-1,574,249,575,-1,575,249,248,-1,575,248,576,-1,576,248,247,-1,576,247,577,-1,577,247,243,-1,577,243,578,-1,578,243,242,-1,578,242,579,-1,579,242,241,-1,579,241,556,-1,556,241,246,-1,578,579,580,-1,580,579,556,-1,580,556,557,-1,575,576,580,-1,580,576,577,-1,580,577,578,-1,572,573,580,-1,580,573,574,-1,580,574,575,-1,569,570,580,-1,580,570,571,-1,580,571,572,-1,566,567,580,-1,580,567,568,-1,580,568,569,-1,563,564,580,-1,580,564,565,-1,580,565,566,-1,560,561,580,-1,580,561,562,-1,580,562,563,-1,557,558,580,-1,580,558,559,-1,580,559,560,-1,581,283,582,-1,582,283,282,-1,582,282,583,-1,583,282,281,-1,583,281,584,-1,584,281,280,-1,584,280,585,-1,585,280,279,-1,585,279,586,-1,586,279,270,-1,586,270,587,-1,587,270,271,-1,587,271,588,-1,588,271,272,-1,588,272,589,-1,589,272,273,-1,589,273,590,-1,590,273,274,-1,590,274,591,-1,591,274,285,-1,591,285,592,-1,592,285,284,-1,592,284,593,-1,593,284,278,-1,593,278,594,-1,594,278,277,-1,594,277,595,-1,595,277,276,-1,595,276,596,-1,596,276,275,-1,596,275,597,-1,597,275,267,-1,597,267,598,-1,598,267,268,-1,598,268,599,-1,599,268,269,-1,599,269,600,-1,600,269,298,-1,600,298,601,-1,601,298,300,-1,601,300,602,-1,602,300,302,-1,602,302,603,-1,603,302,266,-1,603,266,604,-1,604,266,265,-1,604,265,581,-1,581,265,283,-1,603,604,605,-1,605,604,581,-1,605,581,582,-1,600,601,605,-1,605,601,602,-1,605,602,603,-1,597,598,605,-1,605,598,599,-1,605,599,600,-1,594,595,605,-1,605,595,596,-1,605,596,597,-1,591,592,605,-1,605,592,593,-1,605,593,594,-1,588,589,605,-1,605,589,590,-1,605,590,591,-1,585,586,605,-1,605,586,587,-1,605,587,588,-1,582,583,605,-1,605,583,584,-1,605,584,585,-1,354,345,0,-1,0,345,1,-1,350,346,355,-1,355,346,348,-1,355,348,354,-1,354,348,345,-1,606,607,608,-1,608,607,609,-1,610,611,612,-1,612,611,613,-1,614,615,616,-1,616,615,617,-1,618,617,607,-1,618,607,619,-1,607,620,621,-1,621,620,622,-1,621,622,623,-1,622,624,625,-1,621,626,607,-1,607,626,627,-1,607,627,628,-1,628,629,607,-1,607,629,630,-1,607,630,631,-1,631,632,607,-1,607,632,633,-1,607,633,619,-1,634,635,636,-1,637,638,617,-1,617,638,609,-1,617,609,607,-1,625,639,622,-1,622,639,640,-1,622,640,623,-1,615,641,613,-1,613,641,634,-1,613,634,642,-1,642,634,636,-1,615,613,617,-1,617,613,611,-1,617,611,643,-1,643,644,617,-1,617,644,645,-1,617,645,637,-1,607,606,646,-1,607,646,620,-1,606,647,646,-1,646,647,648,-1,646,648,649,-1,618,650,617,-1,617,650,651,-1,651,652,653,-1,653,654,651,-1,651,654,616,-1,651,616,617,-1,619,633,655,-1,655,656,619,-1,619,656,657,-1,619,657,618,-1,618,657,658,-1,618,658,650,-1,632,631,659,-1,659,660,632,-1,632,660,661,-1,632,661,633,-1,633,661,662,-1,633,662,655,-1,630,629,663,-1,663,664,630,-1,630,664,665,-1,630,665,631,-1,631,665,666,-1,631,666,659,-1,628,627,667,-1,667,668,628,-1,628,668,669,-1,628,669,629,-1,629,669,670,-1,629,670,663,-1,626,671,627,-1,627,671,672,-1,627,672,667,-1,621,673,626,-1,626,673,674,-1,626,674,671,-1,623,675,621,-1,621,675,676,-1,621,676,673,-1,640,677,623,-1,623,677,678,-1,623,678,675,-1,639,679,640,-1,640,679,680,-1,640,680,677,-1,625,681,639,-1,639,681,682,-1,639,682,679,-1,624,683,625,-1,625,683,684,-1,625,684,681,-1,622,685,624,-1,624,685,686,-1,624,686,683,-1,646,687,620,-1,620,687,688,-1,620,688,622,-1,622,688,689,-1,622,689,685,-1,608,609,690,-1,690,609,638,-1,690,638,691,-1,691,638,637,-1,691,637,692,-1,692,637,645,-1,692,645,693,-1,693,645,644,-1,693,644,694,-1,694,644,643,-1,694,643,610,-1,610,643,611,-1,612,613,695,-1,695,613,642,-1,695,642,696,-1,696,642,636,-1,696,636,697,-1,697,636,635,-1,697,635,698,-1,698,635,634,-1,698,634,699,-1,699,634,641,-1,699,641,614,-1,614,641,615,-1,700,694,610,-1,608,690,701,-1,701,690,702,-1,701,702,703,-1,703,702,704,-1,610,705,700,-1,700,705,706,-1,700,706,707,-1,708,709,704,-1,704,709,710,-1,704,710,703,-1,706,711,707,-1,707,711,712,-1,707,712,713,-1,714,715,708,-1,708,715,716,-1,708,716,709,-1,712,717,713,-1,713,717,718,-1,713,718,719,-1,720,721,722,-1,722,721,723,-1,722,723,714,-1,714,723,724,-1,714,724,715,-1,690,691,702,-1,702,691,725,-1,702,725,704,-1,704,725,726,-1,704,726,708,-1,708,726,727,-1,708,727,714,-1,714,727,728,-1,714,728,722,-1,722,728,729,-1,691,692,725,-1,725,692,730,-1,725,730,726,-1,726,730,731,-1,726,731,727,-1,727,731,732,-1,727,732,728,-1,728,732,733,-1,728,733,729,-1,729,733,734,-1,692,693,730,-1,730,693,735,-1,730,735,731,-1,731,735,736,-1,731,736,732,-1,732,736,737,-1,732,737,733,-1,733,737,738,-1,733,738,734,-1,734,738,739,-1,693,694,735,-1,735,694,700,-1,735,700,736,-1,736,700,707,-1,736,707,737,-1,737,707,713,-1,737,713,738,-1,738,713,719,-1,738,719,739,-1,739,719,740,-1,24,741,742,-1,742,741,720,-1,718,743,719,-1,719,743,744,-1,719,744,740,-1,740,744,745,-1,740,745,746,-1,720,722,742,-1,742,722,729,-1,742,729,747,-1,747,729,734,-1,747,734,748,-1,748,734,739,-1,748,739,749,-1,749,739,740,-1,749,740,750,-1,750,740,746,-1,750,746,751,-1,24,742,25,-1,25,742,747,-1,25,747,32,-1,32,747,748,-1,32,748,33,-1,33,748,749,-1,33,749,34,-1,34,749,750,-1,34,750,38,-1,38,750,751,-1,38,751,39,-1,752,753,709,-1,709,753,649,-1,709,649,710,-1,710,649,648,-1,710,648,703,-1,703,648,647,-1,703,647,701,-1,701,647,606,-1,701,606,608,-1,754,755,715,-1,715,755,756,-1,715,756,716,-1,716,756,757,-1,716,757,709,-1,709,757,758,-1,709,758,752,-1,754,715,759,-1,759,715,724,-1,759,724,760,-1,760,724,761,-1,761,724,723,-1,761,723,762,-1,762,723,763,-1,763,723,721,-1,763,721,764,-1,24,30,741,-1,741,30,86,-1,741,86,720,-1,86,85,720,-1,720,85,765,-1,720,765,721,-1,721,765,766,-1,721,766,764,-1,610,612,705,-1,705,612,767,-1,705,767,706,-1,706,767,768,-1,706,768,711,-1,711,768,769,-1,711,769,712,-1,712,769,770,-1,712,770,717,-1,717,770,771,-1,717,771,718,-1,718,771,772,-1,718,772,743,-1,743,772,773,-1,743,773,744,-1,744,773,774,-1,744,774,745,-1,745,774,775,-1,745,775,746,-1,746,775,776,-1,746,776,751,-1,751,776,777,-1,751,777,39,-1,39,777,40,-1,778,652,651,-1,779,780,781,-1,782,783,784,-1,785,786,787,-1,788,789,790,-1,791,792,793,-1,82,794,795,-1,794,796,795,-1,795,796,797,-1,795,797,798,-1,764,766,799,-1,799,766,765,-1,762,763,800,-1,800,763,764,-1,801,761,762,-1,755,754,802,-1,754,759,802,-1,802,759,760,-1,802,760,761,-1,752,758,803,-1,758,757,803,-1,803,757,756,-1,803,756,755,-1,804,753,752,-1,657,805,806,-1,778,651,807,-1,807,651,650,-1,807,650,806,-1,806,650,658,-1,806,658,657,-1,661,808,809,-1,657,656,805,-1,805,656,655,-1,805,655,809,-1,809,655,662,-1,809,662,661,-1,665,810,811,-1,661,660,808,-1,808,660,659,-1,808,659,811,-1,811,659,666,-1,811,666,665,-1,665,664,810,-1,810,664,663,-1,810,663,812,-1,812,663,670,-1,812,670,813,-1,813,670,669,-1,669,668,813,-1,813,668,667,-1,813,667,814,-1,667,672,814,-1,814,672,671,-1,814,671,815,-1,815,671,674,-1,815,674,816,-1,816,674,673,-1,816,673,817,-1,673,676,817,-1,817,676,675,-1,817,675,818,-1,818,675,678,-1,678,677,818,-1,818,677,680,-1,818,680,819,-1,684,820,821,-1,680,679,819,-1,819,679,682,-1,819,682,821,-1,821,682,681,-1,821,681,684,-1,689,822,823,-1,684,683,820,-1,820,683,686,-1,820,686,823,-1,823,686,685,-1,823,685,689,-1,689,688,822,-1,822,688,687,-1,822,687,804,-1,804,687,646,-1,804,646,753,-1,753,646,649,-1,752,824,804,-1,804,824,825,-1,804,825,822,-1,822,825,826,-1,822,826,823,-1,823,826,827,-1,823,827,820,-1,820,827,828,-1,820,828,821,-1,821,828,829,-1,821,829,819,-1,819,829,830,-1,819,830,818,-1,818,830,831,-1,818,831,817,-1,817,831,832,-1,817,832,816,-1,816,832,833,-1,816,833,815,-1,815,833,834,-1,815,834,814,-1,814,834,835,-1,814,835,813,-1,813,835,836,-1,813,836,812,-1,812,836,837,-1,812,837,810,-1,810,837,838,-1,810,838,811,-1,811,838,839,-1,811,839,808,-1,808,839,840,-1,808,840,809,-1,809,840,841,-1,809,841,805,-1,805,841,842,-1,805,842,806,-1,806,842,779,-1,806,779,807,-1,807,779,781,-1,807,781,778,-1,752,803,824,-1,824,803,843,-1,824,843,825,-1,825,843,844,-1,825,844,826,-1,826,844,845,-1,826,845,827,-1,827,845,846,-1,827,846,828,-1,828,846,847,-1,828,847,829,-1,829,847,848,-1,829,848,830,-1,830,848,849,-1,830,849,831,-1,831,849,850,-1,831,850,832,-1,832,850,851,-1,832,851,833,-1,833,851,852,-1,833,852,834,-1,834,852,853,-1,834,853,835,-1,835,853,854,-1,835,854,836,-1,836,854,855,-1,836,855,837,-1,837,855,856,-1,837,856,838,-1,838,856,857,-1,838,857,839,-1,839,857,858,-1,839,858,840,-1,840,858,859,-1,840,859,841,-1,841,859,860,-1,841,860,842,-1,842,860,782,-1,842,782,779,-1,779,782,784,-1,779,784,780,-1,755,861,803,-1,803,861,862,-1,803,862,843,-1,843,862,863,-1,843,863,844,-1,844,863,864,-1,844,864,845,-1,845,864,865,-1,845,865,846,-1,846,865,866,-1,846,866,847,-1,847,866,867,-1,847,867,848,-1,848,867,868,-1,848,868,849,-1,849,868,869,-1,849,869,850,-1,850,869,870,-1,850,870,851,-1,851,870,871,-1,851,871,852,-1,852,871,872,-1,852,872,853,-1,853,872,873,-1,853,873,854,-1,854,873,874,-1,854,874,855,-1,855,874,875,-1,855,875,856,-1,856,875,876,-1,856,876,857,-1,857,876,877,-1,857,877,858,-1,858,877,878,-1,858,878,859,-1,859,878,879,-1,859,879,860,-1,860,879,785,-1,860,785,782,-1,782,785,787,-1,782,787,783,-1,755,802,861,-1,861,802,880,-1,861,880,862,-1,862,880,881,-1,862,881,863,-1,863,881,882,-1,863,882,864,-1,864,882,883,-1,864,883,865,-1,865,883,884,-1,865,884,866,-1,866,884,885,-1,866,885,867,-1,867,885,886,-1,867,886,868,-1,868,886,887,-1,868,887,869,-1,869,887,888,-1,869,888,870,-1,870,888,889,-1,870,889,871,-1,871,889,890,-1,871,890,872,-1,872,890,891,-1,872,891,873,-1,873,891,892,-1,873,892,874,-1,874,892,893,-1,874,893,875,-1,875,893,894,-1,875,894,876,-1,876,894,895,-1,876,895,877,-1,877,895,896,-1,877,896,878,-1,878,896,897,-1,878,897,879,-1,879,897,788,-1,879,788,785,-1,785,788,790,-1,785,790,786,-1,761,801,802,-1,802,801,898,-1,802,898,880,-1,880,898,899,-1,880,899,881,-1,881,899,900,-1,881,900,882,-1,882,900,901,-1,882,901,883,-1,883,901,902,-1,883,902,884,-1,884,902,903,-1,884,903,885,-1,885,903,904,-1,885,904,886,-1,886,904,905,-1,886,905,887,-1,887,905,906,-1,887,906,888,-1,888,906,907,-1,888,907,889,-1,889,907,908,-1,889,908,890,-1,890,908,909,-1,890,909,891,-1,891,909,910,-1,891,910,892,-1,892,910,911,-1,892,911,893,-1,893,911,912,-1,893,912,894,-1,894,912,913,-1,894,913,895,-1,895,913,914,-1,895,914,896,-1,896,914,915,-1,896,915,897,-1,897,915,791,-1,897,791,788,-1,788,791,793,-1,788,793,789,-1,762,800,801,-1,801,800,916,-1,801,916,898,-1,898,916,917,-1,898,917,899,-1,899,917,918,-1,899,918,900,-1,900,918,919,-1,900,919,901,-1,901,919,920,-1,901,920,902,-1,902,920,921,-1,902,921,903,-1,903,921,922,-1,903,922,904,-1,904,922,923,-1,904,923,905,-1,905,923,924,-1,905,924,906,-1,906,924,925,-1,906,925,907,-1,907,925,926,-1,907,926,908,-1,908,926,927,-1,908,927,909,-1,909,927,928,-1,909,928,910,-1,910,928,929,-1,910,929,911,-1,911,929,930,-1,911,930,912,-1,912,930,931,-1,912,931,913,-1,913,931,932,-1,913,932,914,-1,914,932,933,-1,914,933,915,-1,915,933,934,-1,915,934,791,-1,791,934,935,-1,791,935,792,-1,764,799,800,-1,800,799,936,-1,800,936,916,-1,916,936,937,-1,916,937,917,-1,917,937,938,-1,917,938,918,-1,918,938,939,-1,918,939,919,-1,919,939,940,-1,919,940,920,-1,920,940,941,-1,920,941,921,-1,921,941,942,-1,921,942,922,-1,922,942,943,-1,922,943,923,-1,923,943,944,-1,923,944,924,-1,924,944,945,-1,924,945,925,-1,925,945,946,-1,925,946,926,-1,926,946,947,-1,926,947,927,-1,927,947,948,-1,927,948,928,-1,928,948,949,-1,928,949,929,-1,929,949,950,-1,929,950,930,-1,930,950,951,-1,930,951,931,-1,931,951,952,-1,931,952,932,-1,932,952,953,-1,932,953,933,-1,933,953,795,-1,933,795,934,-1,934,795,798,-1,934,798,935,-1,82,795,83,-1,83,795,953,-1,83,953,87,-1,87,953,952,-1,87,952,88,-1,88,952,951,-1,88,951,92,-1,92,951,950,-1,92,950,93,-1,93,950,949,-1,93,949,94,-1,94,949,948,-1,94,948,73,-1,73,948,947,-1,73,947,74,-1,74,947,946,-1,74,946,75,-1,75,946,945,-1,75,945,72,-1,72,945,944,-1,72,944,71,-1,71,944,943,-1,71,943,76,-1,76,943,942,-1,76,942,77,-1,77,942,941,-1,77,941,78,-1,78,941,940,-1,78,940,89,-1,89,940,939,-1,89,939,90,-1,90,939,938,-1,90,938,91,-1,91,938,937,-1,91,937,84,-1,84,937,936,-1,84,936,79,-1,79,936,799,-1,79,799,80,-1,80,799,765,-1,80,765,85,-1,954,699,614,-1,612,695,767,-1,767,695,955,-1,767,955,768,-1,768,955,956,-1,614,957,954,-1,954,957,958,-1,954,958,959,-1,960,770,956,-1,956,770,769,-1,956,769,768,-1,958,961,959,-1,959,961,962,-1,959,962,963,-1,964,772,960,-1,960,772,771,-1,960,771,770,-1,962,965,963,-1,963,965,966,-1,963,966,967,-1,776,775,968,-1,968,775,774,-1,968,774,964,-1,964,774,773,-1,964,773,772,-1,695,696,955,-1,955,696,969,-1,955,969,956,-1,956,969,970,-1,956,970,960,-1,960,970,971,-1,960,971,964,-1,964,971,972,-1,964,972,968,-1,968,972,973,-1,696,697,969,-1,969,697,974,-1,969,974,970,-1,970,974,975,-1,970,975,971,-1,971,975,976,-1,971,976,972,-1,972,976,977,-1,972,977,973,-1,973,977,978,-1,697,698,974,-1,974,698,979,-1,974,979,975,-1,975,979,980,-1,975,980,976,-1,976,980,981,-1,976,981,977,-1,977,981,982,-1,977,982,978,-1,978,982,983,-1,698,699,979,-1,979,699,954,-1,979,954,980,-1,980,954,959,-1,980,959,981,-1,981,959,963,-1,981,963,982,-1,982,963,967,-1,982,967,983,-1,983,967,984,-1,40,777,985,-1,985,777,776,-1,966,986,967,-1,967,986,987,-1,967,987,984,-1,984,987,988,-1,984,988,989,-1,776,968,985,-1,985,968,973,-1,985,973,990,-1,990,973,978,-1,990,978,991,-1,991,978,983,-1,991,983,992,-1,992,983,984,-1,992,984,993,-1,993,984,989,-1,993,989,994,-1,40,985,35,-1,35,985,990,-1,35,990,36,-1,36,990,991,-1,36,991,37,-1,37,991,992,-1,37,992,22,-1,22,992,993,-1,22,993,23,-1,23,993,994,-1,23,994,19,-1,988,987,798,-1,82,81,989,-1,989,81,994,-1,994,81,20,-1,994,20,19,-1,798,797,988,-1,988,797,796,-1,988,796,989,-1,989,796,794,-1,989,794,82,-1,986,792,987,-1,987,792,935,-1,987,935,798,-1,966,789,986,-1,986,789,793,-1,986,793,792,-1,965,786,966,-1,966,786,790,-1,966,790,789,-1,780,784,962,-1,962,784,783,-1,962,783,965,-1,965,783,787,-1,965,787,786,-1,780,962,781,-1,781,962,961,-1,781,961,778,-1,614,616,957,-1,957,616,654,-1,957,654,958,-1,958,654,653,-1,958,653,961,-1,961,653,652,-1,961,652,778,-1,
        ]
    }
}
Shape{
    appearance Appearance {
        material  Material 	{
            diffuseColor 0.6666666666666666 0.6980392156862745 0.7686274509803922
            specularColor 0.3333333333333333 0.34901960784313724 0.3843137254901961
            ambientIntensity 0.6967
            transparency 0.0
            shininess 0.5
        }
    }
    geometry IndexedFaceSet {
        ccw TRUE
        solid FALSE
        coord DEF co Coordinate {
            point [
                -0.839 -1.0882 0.1705, -0.839 -1.0882 -0.6904, -0.5437 -1.0882 0.1705, -0.5437 -1.0882 -0.6904, -0.839 -0.9307 0.1705, -0.5437 -0.9307 0.1705, -0.839 -0.9307 -0.6904, -0.5437 -0.9307 -0.6904, -0.839 -0.8852 -0.7691, -0.5437 -0.8852 -0.7691, -0.5437 -0.8719 -0.7992, -0.839 -0.8719 -0.7992, -0.5437 -0.865 -0.8314, -0.839 -0.865 -0.8314, -0.5437 -0.865 -0.8643, -0.839 -0.865 -0.8643, -0.5437 -0.8719 -0.8965, -0.839 -0.8719 -0.8965, -0.5437 -0.8852 -0.9266, -0.839 -0.8852 -0.9266, -0.839 -0.9307 -1.0053, -0.5437 -0.9307 -1.0053, -0.6123 -0.9307 -1.378, -0.7704 -0.9307 -1.378, -0.5437 -0.9307 -1.122, -0.839 -0.9307 -1.122, -0.6123 -1.0882 -1.378, -0.7704 -1.0882 -1.378, -0.5437 -1.0882 -1.0053, -0.839 -1.0882 -1.0053, -0.5437 -1.0882 -1.122, -0.839 -1.0882 -1.122, -0.5437 -1.0858 -0.978, -0.839 -1.0858 -0.978, -0.5437 -1.0787 -0.9515, -0.839 -1.0787 -0.9515, -0.5437 -1.0671 -0.9266, -0.839 -1.0671 -0.9266, -0.839 -1.0216 -0.8479, -0.5437 -1.0216 -0.8479, -0.839 -1.0671 -0.7691, -0.5437 -1.0671 -0.7691, -0.5437 -1.0787 -0.7442, -0.839 -1.0787 -0.7442, -0.5437 -1.0858 -0.7177, -0.839 -1.0858 -0.7177
            ]
        }
        coordIndex [
            0,1,2,-1,2,1,3,-1,4,0,5,-1,5,0,2,-1,6,4,7,-1,7,4,5,-1,8,6,9,-1,9,6,7,-1,8,9,10,-1,8,10,11,-1,11,10,12,-1,11,12,13,-1,13,12,14,-1,13,14,15,-1,15,14,16,-1,15,16,17,-1,17,16,18,-1,17,18,19,-1,20,19,21,-1,21,19,18,-1,22,23,24,-1,24,23,25,-1,24,25,21,-1,21,25,20,-1,26,27,22,-1,22,27,23,-1,28,29,30,-1,30,29,31,-1,30,31,26,-1,26,31,27,-1,29,28,32,-1,29,32,33,-1,33,32,34,-1,33,34,35,-1,35,34,36,-1,35,36,37,-1,38,37,39,-1,39,37,36,-1,40,38,41,-1,41,38,39,-1,40,41,42,-1,40,42,43,-1,43,42,44,-1,43,44,45,-1,45,44,3,-1,45,3,1,-1,33,20,29,-1,29,20,25,-1,29,25,31,-1,0,4,1,-1,1,4,6,-1,40,43,6,-1,6,43,45,-1,6,45,1,-1,33,35,20,-1,20,35,37,-1,20,37,19,-1,19,37,38,-1,19,38,17,-1,11,13,38,-1,38,13,15,-1,38,15,17,-1,40,6,38,-1,38,6,8,-1,38,8,11,-1,44,7,3,-1,3,7,5,-1,3,5,2,-1,30,24,28,-1,28,24,21,-1,36,34,21,-1,21,34,32,-1,21,32,28,-1,16,14,39,-1,39,14,12,-1,36,21,39,-1,39,21,18,-1,39,18,16,-1,44,42,7,-1,7,42,41,-1,7,41,9,-1,9,41,39,-1,9,39,10,-1,10,39,12,-1,22,24,26,-1,26,24,30,-1,25,23,31,-1,31,23,27,-1,
        ]
    }
}
Shape{
    appearance Appearance {
        material  Material 	{
            diffuseColor 0.8235294117647058 0.8235294117647058 0.8235294117647058
            specularColor 0.4117647058823529 0.4117647058823529 0.4117647058823529
            ambientIntensity 0.8235
            transparency 0.0
            shininess 0.5
        }
    }
    geometry IndexedFaceSet {
        ccw TRUE
        solid FALSE
        coord DEF co Coordinate {
            point [
                -2.8567 0.108 5.4724, -3.0104 -0.0998 5.4724, -2.8567 -0.0998 5.4724, -2.8567 1.1812 4.394, -4.0378 1.1812 4.394, -2.8567 0.8828 4.394, -4.0378 0.8828 4.394, -4.0378 -0.3313 4.394, -2.8567 -0.3313 4.394, -4.0378 -0.2287 4.394, -2.8567 -0.2287 4.394, -2.8567 0.8828 4.6063, -2.8567 1.4051 4.6063, -2.8567 -0.2287 4.6063, -2.8567 -0.3313 4.6063, -4.0378 1.4051 4.6063, -4.0378 0.8828 4.6063, -4.0378 -0.3313 4.6063, -4.0378 -0.2287 4.6063, -4.7268 1.5038 4.6063, -2.7583 1.5038 4.6063, -2.7583 -1.039 4.6063, -2.7583 -0.1476 4.6063, -3.2408 -0.6751 4.6063, -3.2898 -0.6375 4.6063, -3.3467 -0.6139 4.6063, -3.2033 -0.724 4.6063, -3.1797 -0.781 4.6063, -3.1717 -0.8421 4.6063, -3.1717 -1.039 4.6063, -3.6912 -0.724 4.6063, -3.6537 -0.6751 4.6063, -3.6047 -0.6375 4.6063, -3.7148 -0.781 4.6063, -4.7268 -1.039 4.6063, -3.7228 -0.8421 4.6063, -3.7228 -1.039 4.6063, -3.5478 -0.6139 4.6063, -3.4866 -0.6059 4.6063, -3.4079 -0.6059 4.6063, -4.7268 1.9039 3.7757, -2.7583 1.9039 3.7757, -2.7583 1.9039 2.2965, -4.7268 1.9039 2.2965, -2.7583 1.9039 2.6331, -4.7268 1.832 2.2246, -2.7583 1.832 2.2246, -4.7268 1.832 1.6716, -2.7583 1.832 1.6716, -4.7268 1.9039 1.5996, -2.7583 1.9039 1.5996, -4.7268 1.9039 0.0394, -2.7583 1.9039 0.0394, -4.7268 1.5038 0.0394, -2.7583 1.5038 0.0394, -4.7268 1.5038 0.1705, -2.7583 1.5038 0.1705, -2.7583 -2.5292 0.1705, -4.7268 -2.5292 0.1705, -2.7583 -0.1476 0.1705, -4.7268 -2.5292 0.0394, -2.7583 -2.5292 0.0394, -4.7268 -2.8598 0.0394, -2.7583 -2.8598 0.0394, -2.7583 -2.8598 2.7854, -4.7268 -2.8598 2.7854, -2.7583 -2.8598 2.6331, -3.3947 -1.7211 3.9242, -3.4678 -1.7241 3.9212, -3.1669 -1.6073 4.0379, -3.2422 -1.667 3.9782, -3.32 -1.7035 3.9418, -3.5415 -1.7132 3.9321, -3.6179 -1.6857 3.9596, -3.6968 -1.6354 4.0099, -3.8141 -1.1881 4.4572, -3.7677 -1.1021 4.5431, -3.1767 -1.0393 4.606, -3.1817 -1.0403 4.605, -3.1522 -1.0702 4.5751, -3.8381 -1.2835 4.3618, -3.7128 -1.0403 4.605, -3.7178 -1.0393 4.606, -3.0967 -1.1517 4.4936, -3.0631 -1.2446 4.4007, -3.7645 -1.564 4.0812, -3.8125 -1.4778 4.1675, -3.8376 -1.3822 4.2631, -3.0537 -1.3429 4.3023, -3.069 -1.4403 4.205, -3.1078 -1.5303 4.115, -2.7583 -0.1476 2.6331, -2.7583 1.1572 3.251, -2.7583 1.1162 3.3044, -2.7583 1.5627 3.3044, -2.7583 1.5217 3.251, -2.7583 1.5627 3.5622, -2.7583 1.5884 3.5, -2.7583 1.5972 3.4333, -2.7583 1.5884 3.3666, -2.7583 1.4683 3.21, -2.7583 1.4062 3.1843, -2.7583 1.3394 3.1755, -2.7583 1.0904 3.3666, -2.7583 1.0817 3.4333, -2.7583 1.0904 3.5, -2.7583 1.1162 3.5622, -2.7583 1.1572 3.6156, -2.7583 1.2106 3.6565, -2.7583 1.2727 3.6823, -2.7583 1.3394 3.6911, -2.7583 1.4062 3.6823, -2.7583 1.4683 3.6565, -2.7583 1.5217 3.6156, -2.7583 1.2727 3.1843, -2.7583 1.2106 3.21, -2.7583 1.4025 2.5643, -2.7583 1.4612 2.5399, -2.7583 1.5117 2.5012, -2.7583 1.5117 2.1567, -2.7583 1.4612 2.118, -2.7583 1.3394 2.5726, -2.7583 1.5504 2.4508, -2.7583 1.5747 2.392, -2.7583 1.583 2.329, -2.7583 1.5747 2.2659, -2.7583 1.5504 2.2072, -2.7583 1.3394 2.0854, -2.7583 1.2764 2.0937, -2.7583 1.4025 2.0937, -2.7583 1.2177 2.118, -2.7583 1.1672 2.1567, -2.7583 1.1285 2.2072, -2.7583 1.1042 2.392, -2.7583 1.1285 2.4508, -2.7583 1.1672 2.5012, -2.7583 1.2177 2.5399, -2.7583 1.2764 2.5643, -2.7583 1.1042 2.2659, -2.7583 1.0959 2.329, -2.7583 -2.5956 0.787, -2.7583 -2.5617 0.8313, -2.7583 -2.1969 0.6802, -2.7583 -2.2042 0.6249, -2.7583 -2.2255 0.5734, -2.7583 -2.5174 0.8652, -2.7583 -2.4659 0.8866, -2.7583 -2.4106 0.8939, -2.7583 -2.4106 0.4665, -2.7583 -2.4659 0.4738, -2.7583 -2.5174 0.4952, -2.7583 -2.5617 0.5291, -2.7583 -2.5956 0.5734, -2.7583 -2.617 0.6249, -2.7583 -2.6243 0.6802, -2.7583 -2.617 0.7355, -2.7583 -1.3867 1.5791, -2.7583 -1.4157 1.5092, -2.7583 -1.4617 1.4491, -2.7583 -2.3553 0.8866, -2.7583 -2.3038 0.8652, -2.7583 -2.2595 0.8313, -2.7583 -1.3768 1.6541, -2.7583 -1.8117 1.4031, -2.7583 -1.8717 1.4491, -2.7583 -1.9178 1.5092, -2.7583 -1.9467 1.5791, -2.7583 -1.9566 1.6541, -2.7583 -1.9467 1.7292, -2.7583 -1.9178 1.7991, -2.7583 -1.8717 1.8591, -2.7583 -1.8117 1.9052, -2.7583 -2.2595 0.5291, -2.7583 -2.3038 0.4952, -2.7583 -2.3553 0.4738, -2.7583 -1.5218 1.4031, -2.7583 -1.5917 1.3741, -2.7583 -1.6667 1.3642, -2.7583 -1.7417 1.3741, -2.7583 -2.2042 0.7355, -2.7583 -2.2255 0.787, -2.7583 -1.7417 1.9341, -2.7583 -1.6667 1.944, -2.7583 -1.5917 1.9341, -2.7583 -1.5218 1.9052, -2.7583 -1.4617 1.8591, -2.7583 -1.4157 1.7991, -2.7583 -1.3867 1.7292, -2.7583 -2.4065 2.9271, -2.7583 -2.3985 2.9876, -2.7583 -1.9393 2.9271, -2.7583 -1.9472 2.8667, -2.7583 -2.0561 3.1294, -2.7583 -2.2897 2.7248, -2.7583 -2.338 2.762, -2.7583 -2.3752 2.8103, -2.7583 -2.3985 2.8667, -2.7583 -2.3752 3.0439, -2.7583 -2.338 3.0923, -2.7583 -2.2897 3.1294, -2.7583 -2.2333 3.1528, -2.7583 -1.9706 2.8103, -2.7583 -2.0077 2.762, -2.7583 -2.0561 2.7248, -2.7583 -2.1729 3.1607, -2.7583 -2.1124 3.1528, -2.7583 -2.0077 3.0923, -2.7583 -1.9706 3.0439, -2.7583 -1.9472 2.9876, -2.7583 -2.1124 2.7015, -2.7583 -2.1729 2.6935, -2.7583 -2.2333 2.7015, -4.0378 0.8828 5.0536, -4.0378 1.0277 5.0536, -2.8567 0.8828 5.0536, -2.8567 1.0277 5.0536, -2.8567 -0.2287 4.7669, -4.0378 -0.2287 4.7669, -4.0378 -0.0998 4.7669, -2.8567 -0.0998 4.7669, -3.0104 -0.0998 5.2756, -3.4994 -0.0998 5.4724, -4.0378 -0.0998 5.4724, -3.4994 -0.0998 5.2756, -4.0378 0.8828 5.4724, -2.8567 0.7691 5.4724, -2.8567 0.8828 5.4724, -4.0378 1.0277 5.2598, -2.8567 1.0277 5.2598, -2.8567 0.108 5.2756, -2.8567 0.7691 5.2756, -2.8764 -2.1729 3.1607, -2.8764 -2.2333 3.1528, -2.8764 -2.2897 3.1294, -2.8764 -2.338 3.0923, -2.8764 -2.3752 3.0439, -2.8764 -2.3985 2.9876, -2.8764 -2.4065 2.9271, -2.8764 -2.3985 2.8667, -2.8764 -2.3752 2.8103, -2.8764 -2.338 2.762, -2.8764 -2.2897 2.7248, -2.8764 -2.2333 2.7015, -2.8764 -2.1729 2.6935, -2.8764 -2.1124 2.7015, -2.8764 -2.0561 2.7248, -2.8764 -2.0077 2.762, -2.8764 -1.9706 2.8103, -2.8764 -1.9472 2.8667, -2.8764 -1.9393 2.9271, -2.8764 -1.9472 2.9876, -2.8764 -1.9706 3.0439, -2.8764 -2.0077 3.0923, -2.8764 -2.0561 3.1294, -2.8764 -2.1124 3.1528, -2.8764 -2.1729 2.9271, -2.8764 -1.6667 1.944, -2.8764 -1.7417 1.9341, -2.8764 -1.8117 1.9052, -2.8764 -1.8717 1.8591, -2.8764 -1.9178 1.7991, -2.8764 -1.9467 1.7292, -2.8764 -1.9566 1.6541, -2.8764 -1.9467 1.5791, -2.8764 -1.9178 1.5092, -2.8764 -1.8717 1.4491, -2.8764 -1.8117 1.4031, -2.8764 -1.7417 1.3741, -2.8764 -1.6667 1.3642, -2.8764 -1.5917 1.3741, -2.8764 -1.5218 1.4031, -2.8764 -1.4617 1.4491, -2.8764 -1.4157 1.5092, -2.8764 -1.3867 1.5791, -2.8764 -1.3768 1.6541, -2.8764 -1.3867 1.7292, -2.8764 -1.4157 1.7991, -2.8764 -1.4617 1.8591, -2.8764 -1.5218 1.9052, -2.8764 -1.5917 1.9341, -2.8764 -1.6667 1.6541, -2.8764 1.3394 3.6911, -2.8764 1.2727 3.6823, -2.8764 1.2106 3.6565, -2.8764 1.1572 3.6156, -2.8764 1.1162 3.5622, -2.8764 1.0904 3.5, -2.8764 1.0817 3.4333, -2.8764 1.0904 3.3666, -2.8764 1.1162 3.3044, -2.8764 1.1572 3.251, -2.8764 1.2106 3.21, -2.8764 1.2727 3.1843, -2.8764 1.3394 3.1755, -2.8764 1.4062 3.1843, -2.8764 1.4683 3.21, -2.8764 1.5217 3.251, -2.8764 1.5627 3.3044, -2.8764 1.5884 3.3666, -2.8764 1.5972 3.4333, -2.8764 1.5884 3.5, -2.8764 1.5627 3.5622, -2.8764 1.5217 3.6156, -2.8764 1.4683 3.6565, -2.8764 1.4062 3.6823, -2.8764 1.3394 3.4333, -2.8764 1.3394 2.5726, -2.8764 1.2764 2.5643, -2.8764 1.2177 2.5399, -2.8764 1.1672 2.5012, -2.8764 1.1285 2.4508, -2.8764 1.1042 2.392, -2.8764 1.0959 2.329, -2.8764 1.1042 2.2659, -2.8764 1.1285 2.2072, -2.8764 1.1672 2.1567, -2.8764 1.2177 2.118, -2.8764 1.2764 2.0937, -2.8764 1.3394 2.0854, -2.8764 1.4025 2.0937, -2.8764 1.4612 2.118, -2.8764 1.5117 2.1567, -2.8764 1.5504 2.2072, -2.8764 1.5747 2.2659, -2.8764 1.583 2.329, -2.8764 1.5747 2.392, -2.8764 1.5504 2.4508, -2.8764 1.5117 2.5012, -2.8764 1.4612 2.5399, -2.8764 1.4025 2.5643, -2.8764 1.3394 2.329, -2.8764 -2.4106 0.8939, -2.8764 -2.4659 0.8866, -2.8764 -2.5174 0.8652, -2.8764 -2.5617 0.8313, -2.8764 -2.5956 0.787, -2.8764 -2.617 0.7355, -2.8764 -2.6243 0.6802, -2.8764 -2.617 0.6249, -2.8764 -2.5956 0.5734, -2.8764 -2.5617 0.5291, -2.8764 -2.5174 0.4952, -2.8764 -2.4659 0.4738, -2.8764 -2.4106 0.4665, -2.8764 -2.3553 0.4738, -2.8764 -2.3038 0.4952, -2.8764 -2.2595 0.5291, -2.8764 -2.2255 0.5734, -2.8764 -2.2042 0.6249, -2.8764 -2.1969 0.6802, -2.8764 -2.2042 0.7355, -2.8764 -2.2255 0.787, -2.8764 -2.2595 0.8313, -2.8764 -2.3038 0.8652, -2.8764 -2.3553 0.8866, -2.8764 -2.4106 0.6802, -3.6835 -1.039 4.5669, -3.6835 -1.039 2.6378, -3.6835 -0.8421 4.5669, -3.6835 -0.8421 2.6378, -3.4866 -0.6453 4.5669, -3.4866 -0.6453 2.6378, -3.4079 -0.6453 4.5669, -3.4079 -0.6453 2.6378, -3.211 -0.8421 4.5669, -3.211 -0.8421 2.6378, -3.211 -1.039 4.5669, -3.211 -1.039 2.6378, -3.1523 -1.1068 2.6378, -3.3155 -1.632 2.6378, -3.2372 -1.5884 2.6378, -3.7422 -1.1068 2.6378, -3.1124 -1.1871 2.6378, -3.1722 -1.5265 2.6378, -3.1249 -1.4502 2.6378, -3.0983 -1.3646 2.6378, -3.094 -1.2749 2.6378, -3.6768 -0.7912 2.6378, -3.5376 -0.652 2.6378, -3.585 -0.6716 2.6378, -3.6258 -0.7029 2.6378, -3.6571 -0.7437 2.6378, -3.7821 -1.1871 2.6378, -3.8005 -1.2749 2.6378, -3.7223 -1.5265 2.6378, -3.7962 -1.3646 2.6378, -3.7696 -1.4502 2.6378, -3.6573 -1.5884 2.6378, -3.5789 -1.632 2.6378, -3.4921 -1.6545 2.6378, -3.4024 -1.6545 2.6378, -3.2687 -0.7029 2.6378, -3.3095 -0.6716 2.6378, -3.2374 -0.7437 2.6378, -3.2177 -0.7912 2.6378, -3.3569 -0.652 2.6378, -3.3327 -1.6384 3.9139, -3.3162 -1.6306 3.9226, -3.7356 -1.0972 4.5153, -3.6838 -1.0393 4.5721, -3.6849 -1.0402 4.5771, -3.6851 -1.0405 4.5783, -3.2094 -1.0405 4.5783, -3.2097 -1.0402 4.5771, -3.1817 -1.0684 4.5472, -3.2107 -1.0393 4.5721, -3.115 -1.1881 4.4143, -3.1546 -1.1083 4.5029, -3.1318 -1.1418 4.4657, -3.101 -1.3641 4.2187, -3.0931 -1.3139 4.2745, -3.0968 -1.2752 4.3175, -3.1015 -1.2254 4.3728, -3.1743 -1.5249 4.04, -3.1417 -1.4825 4.0872, -3.1274 -1.4492 4.1242, -3.1069 -1.4015 4.1772, -3.2627 -1.6056 3.9504, -3.2387 -1.5865 3.9716, -3.1949 -1.5518 4.0101, -3.4657 -1.6569 3.8934, -3.4024 -1.6543 3.8962, -3.4 -1.6542 3.8963, -3.5321 -1.6471 3.9043, -3.4919 -1.653 3.8977, -3.6008 -1.6224 3.9317, -3.5784 -1.6304 3.9228, -3.6719 -1.5771 3.9821, -3.6564 -1.5869 3.9711, -3.7328 -1.5129 4.0534, -3.721 -1.5253 4.0396, -3.776 -1.4353 4.1396, -3.7681 -1.4494 4.1239, -3.7986 -1.3492 4.2352, -3.7946 -1.3642 4.2186, -3.799 -1.2604 4.3339, -3.7989 -1.275 4.3177, -3.7411 -1.1074 4.504, -3.7774 -1.1745 4.4293, -3.7807 -1.1875 4.4149, -3.6768 -0.7912 4.5669, -3.6571 -0.7437 4.5669, -3.6258 -0.7029 4.5669, -3.585 -0.6716 4.5669, -3.5376 -0.652 4.5669, -3.3569 -0.652 4.5669, -3.3095 -0.6716 4.5669, -3.2687 -0.7029 4.5669, -3.2374 -0.7437 4.5669, -3.2177 -0.7912 4.5669, -3.6848 -0.8421 4.5771, -3.6781 -0.7908 4.5771, -3.6887 -0.8421 4.5866, -3.6819 -0.7898 4.5866, -3.695 -0.8421 4.5948, -3.6879 -0.7882 4.5948, -3.7032 -0.8421 4.601, -3.6958 -0.7861 4.601, -3.7126 -0.8421 4.605, -3.7049 -0.7836 4.605, -3.6583 -0.743 4.5771, -3.6617 -0.741 4.5866, -3.6671 -0.7379 4.5948, -3.6741 -0.7338 4.601, -3.6824 -0.7291 4.605, -3.6268 -0.702 4.5771, -3.6295 -0.6992 4.5866, -3.634 -0.6948 4.5948, -3.6397 -0.689 4.601, -3.6464 -0.6823 4.605, -3.5857 -0.6705 4.5771, -3.5877 -0.6671 4.5866, -3.5908 -0.6616 4.5948, -3.5949 -0.6546 4.601, -3.5996 -0.6464 4.605, -3.5379 -0.6507 4.5771, -3.5389 -0.6469 4.5866, -3.5406 -0.6408 4.5948, -3.5427 -0.633 4.601, -3.5451 -0.6238 4.605, -3.4866 -0.6439 4.5771, -3.4866 -0.64 4.5866, -3.4866 -0.6337 4.5948, -3.4866 -0.6256 4.601, -3.4866 -0.6161 4.605, -3.6884 -1.0422 4.586, -3.6869 -1.0414 4.5824, -3.694 -1.0429 4.5935, -3.6912 -1.0427 4.5901, -3.6902 -1.0426 4.5889, -3.6888 -1.0423 4.5866, -3.6983 -1.0429 4.5977, -3.6955 -1.043 4.5952, -3.695 -1.043 4.5947, -3.7083 -1.0413 4.6035, -3.7055 -1.0419 4.6023, -3.7033 -1.0422 4.6009, -3.7007 -1.0426 4.5993, -3.7127 -1.0403 4.605, -3.7085 -1.0413 4.6036, -3.4079 -0.6439 4.5771, -3.4079 -0.64 4.5866, -3.4079 -0.6337 4.5948, -3.4079 -0.6256 4.601, -3.4079 -0.6161 4.605, -3.2079 -1.0414 4.5822, -3.1771 -1.0719 4.5547, -3.2057 -1.0422 4.5863, -3.2078 -1.0415 4.5825, -3.1743 -1.073 4.5583, -3.204 -1.0427 4.5894, -3.2056 -1.0422 4.5865, -3.1711 -1.0737 4.5618, -3.2005 -1.0429 4.5935, -3.2019 -1.0429 4.5922, -3.1677 -1.0739 4.5651, -3.1973 -1.0429 4.5966, -3.1993 -1.0429 4.5946, -3.164 -1.0736 4.568, -3.1927 -1.0425 4.6002, -3.1959 -1.0429 4.5979, -3.1818 -1.0403 4.605, -3.1562 -1.0718 4.5731, -3.1849 -1.0411 4.604, -3.1859 -1.0412 4.6035, -3.19 -1.042 4.6015, -3.7632 -1.1035 4.5413, -3.7588 -1.1044 4.5391, -3.7546 -1.1048 4.5364, -3.7505 -1.1047 4.5335, -3.7433 -1.1031 4.5267, -3.7377 -1.0996 4.5192, -3.1001 -1.2295 4.3772, -3.1298 -1.1448 4.4698, -3.1796 -1.0704 4.551, -3.1076 -1.4068 4.1827, -3.0926 -1.3188 4.2794, -3.1979 -1.5563 4.0175, -3.1437 -1.4877 4.0935, -3.2659 -1.6089 3.9589, -3.3352 -1.6406 3.9234, -3.4011 -1.6557 3.9064, -3.4652 -1.6583 3.9035, -3.5301 -1.6489 3.9141, -3.5978 -1.6252 3.9407, -3.6687 -1.5811 3.9899, -3.7303 -1.5178 4.0602, -3.7747 -1.4406 4.1455, -3.7986 -1.3544 4.2404, -3.7793 -1.178 4.4335, -3.8001 -1.2649 4.3385, -3.7403 -1.1015 4.523, -3.7818 -1.1811 4.4376, -3.8022 -1.2691 4.343, -3.7999 -1.3595 4.2453, -3.775 -1.4463 4.1511, -3.7296 -1.5237 4.0666, -3.6672 -1.5866 3.9973, -3.5961 -1.63 3.9491, -3.5289 -1.6532 3.9232, -3.465 -1.6622 3.913, -3.4018 -1.6598 3.9158, -3.3367 -1.6451 3.9323, -3.2676 -1.6141 3.9669, -3.1991 -1.5621 4.0245, -3.144 -1.4936 4.0996, -3.1069 -1.4123 4.188, -3.0909 -1.3236 4.2841, -3.0978 -1.2333 4.3815, -3.1272 -1.1474 4.4738, -3.785 -1.1838 4.4415, -3.8053 -1.2729 4.3472, -3.8025 -1.3645 4.2499, -3.7769 -1.4522 4.1562, -3.7305 -1.5302 4.0724, -3.6673 -1.5933 4.0039, -3.5958 -1.6366 3.9564, -3.5285 -1.6596 3.9311, -3.4649 -1.6685 3.9211, -3.4021 -1.6661 3.9239, -3.3371 -1.6516 3.94, -3.2678 -1.6207 3.9739, -3.1987 -1.5687 4.0307, -3.1427 -1.4998 4.1051, -3.1047 -1.4179 4.193, -3.0881 -1.3281 4.2886, -3.0946 -1.2366 4.3856, -3.124 -1.1496 4.4776, -3.7468 -1.1041 4.5302, -3.7889 -1.186 4.4452, -3.8093 -1.2763 4.3511, -3.8063 -1.3691 4.2541, -3.7802 -1.458 4.1607, -3.7332 -1.537 4.0772, -3.6691 -1.6009 4.0092, -3.5968 -1.6446 3.9622, -3.529 -1.6677 3.9372, -3.465 -1.6766 3.9274, -3.4018 -1.6742 3.9301, -3.3364 -1.6596 3.9459, -3.2665 -1.6285 3.9795, -3.1965 -1.576 4.0358, -3.1398 -1.5062 4.1098, -3.1011 -1.4232 4.1973, -3.0842 -1.3323 4.2926, -3.0906 -1.2395 4.3894, -3.1203 -1.1513 4.4812, -3.7932 -1.1876 4.4485, -3.814 -1.2791 4.3545, -3.8112 -1.3732 4.2575, -3.7849 -1.4635 4.1642, -3.7374 -1.5437 4.0809, -3.6725 -1.6088 4.013, -3.5992 -1.6534 3.9661, -3.5303 -1.677 3.9411, -3.4653 -1.6861 3.9313, -3.4011 -1.6836 3.934, -3.3346 -1.6687 3.9498, -3.2637 -1.637 3.9833, -3.1928 -1.5834 4.0395, -3.1353 -1.5125 4.1134, -3.0963 -1.4281 4.2008, -3.0793 -1.3359 4.296, -3.086 -1.2418 4.3928, -3.1161 -1.1525 4.4845, -3.7981 -1.1886 4.4514, -3.8194 -1.2813 4.3573, -3.817 -1.3767 4.2602, -3.7907 -1.4683 4.1668, -3.7429 -1.5501 4.0832, -3.6773 -1.6166 4.015, -3.6027 -1.6624 3.9678, -3.5324 -1.6868 3.9425, -3.4657 -1.6963 3.9327, -3.3999 -1.6937 3.9354, -3.3319 -1.6782 3.9514, -3.2596 -1.6455 3.9852, -3.1876 -1.5906 4.0417, -3.1296 -1.5182 4.1158, -3.0905 -1.4325 4.2034, -3.0737 -1.3388 4.2988, -3.0808 -1.2436 4.3956, -3.1116 -1.1531 4.4874, -3.8032 -1.189 4.4539, -3.8254 -1.2828 4.3595, -3.8234 -1.3794 4.2621, -3.7975 -1.4725 4.1682, -3.7495 -1.5558 4.0841, -3.6831 -1.6239 4.0151, -3.6072 -1.6712 3.9672, -3.5351 -1.6965 3.9415, -3.4663 -1.7065 3.9313, -3.3984 -1.7038 3.9341, -3.3284 -1.6876 3.9505, -3.2544 -1.6537 3.9849, -3.1814 -1.5972 4.0421, -3.1229 -1.5233 4.1169, -3.0838 -1.436 4.205, -3.0674 -1.341 4.3008, -3.0751 -1.2446 4.3979, -3.1068 -1.1532 4.4899, -3.1602 -1.0729 4.5707, -3.1913 -1.0422 4.6009, -3.8086 -1.1889 4.4558, -3.8316 -1.2835 4.361, -3.8304 -1.3813 4.2631, -3.8048 -1.4757 4.1684, -3.7568 -1.5605 4.0834, -3.6898 -1.6303 4.0134, -3.6124 -1.6791 3.9644, -3.5382 -1.7055 3.9379, -3.467 -1.7159 3.9274, -3.3966 -1.7131 3.9303, -3.3243 -1.6962 3.9472, -3.2485 -1.661 3.9825, -3.1743 -1.6029 4.0409, -3.1155 -1.5273 4.1166, -3.0766 -1.4386 4.2056, -3.0607 -1.3424 4.302, -3.0692 -1.2449 4.3996, -3.1018 -1.1527 4.492, -3.3566 -0.6507 4.5771, -3.3556 -0.6469 4.5866, -3.3539 -0.6408 4.5948, -3.3518 -0.633 4.601, -3.3494 -0.6238 4.605, -3.3088 -0.6705 4.5771, -3.3068 -0.6671 4.5866, -3.3037 -0.6616 4.5948, -3.2996 -0.6546 4.601, -3.2949 -0.6464 4.605, -3.2677 -0.702 4.5771, -3.265 -0.6992 4.5866, -3.2605 -0.6948 4.5948, -3.2548 -0.689 4.601, -3.248 -0.6823 4.605, -3.2362 -0.743 4.5771, -3.2328 -0.741 4.5866, -3.2274 -0.7379 4.5948, -3.2204 -0.7338 4.601, -3.2121 -0.7291 4.605, -3.2164 -0.7908 4.5771, -3.2126 -0.7898 4.5866, -3.2066 -0.7882 4.5948, -3.1987 -0.7861 4.601, -3.1895 -0.7836 4.605, -3.2097 -0.8421 4.5771, -3.2058 -0.8421 4.5866, -3.1995 -0.8421 4.5948, -3.1913 -0.8421 4.601, -3.1818 -0.8421 4.605, 1.2772 0.108 5.4724, 1.1234 -0.0998 5.4724, 1.2772 -0.0998 5.4724, 1.2772 1.1812 4.394, 0.0961 1.1812 4.394, 1.2772 0.8828 4.394, 0.0961 0.8828 4.394, 0.0961 -0.3313 4.394, 1.2772 -0.3313 4.394, 0.0961 -0.2287 4.394, 1.2772 -0.2287 4.394, 1.2772 0.8828 4.6063, 1.2772 1.4051 4.6063, 1.2772 -0.2287 4.6063, 1.2772 -0.3313 4.6063, 0.0961 1.4051 4.6063, 0.0961 0.8828 4.6063, 0.0961 -0.3313 4.6063, 0.0961 -0.2287 4.6063, 1.3756 -0.1476 4.6063, 1.3756 1.5038 4.6063, 1.3756 -1.039 4.6063, -0.0024 -0.1476 4.6063, -0.0024 -1.039 4.6063, 0.411 -1.039 4.6063, 0.411 -0.8421 4.6063, -0.0024 1.5038 4.6063, 0.4802 -0.6751 4.6063, 0.5291 -0.6375 4.6063, 0.7871 -0.6139 4.6063, 0.8441 -0.6375 4.6063, 0.893 -0.6751 4.6063, 0.4427 -0.724 4.6063, 0.9306 -0.724 4.6063, 0.9542 -0.781 4.6063, 0.9622 -0.8421 4.6063, 0.9622 -1.039 4.6063, 0.4191 -0.781 4.6063, 0.5861 -0.6139 4.6063, 0.6472 -0.6059 4.6063, 0.726 -0.6059 4.6063, -0.0024 1.9039 3.7757, 1.3756 1.9039 3.7757, 1.3756 1.9039 2.2965, -0.0024 1.9039 2.2965, 1.3756 1.9039 2.6331, -0.0024 1.9039 2.6331, -0.0024 1.832 2.2246, 1.3756 1.832 2.2246, -0.0024 1.832 1.6716, 1.3756 1.832 1.6716, -0.0024 1.9039 1.5996, 1.3756 1.9039 1.5996, -0.0024 1.9039 0.0394, 1.3756 1.9039 0.0394, -0.0024 1.5038 0.0394, 1.3756 1.5038 0.0394, -0.0024 1.5038 0.1705, 1.3756 1.5038 0.1705, 1.3756 -2.5292 0.1705, -0.0024 -2.5292 0.1705, 1.3756 -0.1476 0.1705, -0.0024 -0.1476 0.1705, -0.0024 -2.5292 0.0394, 1.3756 -2.5292 0.0394, -0.0024 -2.8598 0.0394, 1.3756 -2.8598 0.0394, 1.3756 -2.8598 2.7854, -0.0024 -2.8598 2.7854, 1.3756 -2.8598 2.6331, -0.0024 -2.8598 2.6331, 0.6625 -1.7239 3.9214, 0.7355 -1.7216 3.9237, 0.9632 -1.6111 4.0342, 0.8877 -1.6694 3.9759, 0.8101 -1.7047 3.9405, 0.5887 -1.7122 3.933, 0.5121 -1.6838 3.9614, 0.4331 -1.6321 4.0131, 0.3202 -1.1868 4.4585, 0.3666 -1.1016 4.5437, 0.9571 -1.0393 4.606, 0.9522 -1.0403 4.605, 0.988 -1.0776 4.5676, 0.296 -1.2813 4.3639, 0.421 -1.0403 4.605, 0.4198 -1.0399 4.6053, 1.0412 -1.1598 4.4854, 1.0725 -1.2528 4.3925, 0.4154 -1.0392 4.6061, 0.3668 -1.5605 4.0848, 0.32 -1.4744 4.1709, 0.2959 -1.3793 4.2659, 1.0798 -1.3505 4.2947, 1.0629 -1.4468 4.1984, 1.023 -1.5355 4.1098, -0.0024 -1.9472 2.8667, -0.0024 -1.9393 2.9271, -0.0024 -0.1476 2.6331, -0.0024 -1.9472 2.9876, -0.0024 -2.338 2.762, -0.0024 -2.2897 2.7248, -0.0024 -1.9706 3.0439, -0.0024 -2.0077 3.0923, -0.0024 -2.0561 3.1294, -0.0024 -2.3985 2.9876, -0.0024 -2.4065 2.9271, -0.0024 -2.3985 2.8667, -0.0024 -2.3752 2.8103, -0.0024 -2.1124 3.1528, -0.0024 -2.1729 3.1607, -0.0024 -2.2333 3.1528, -0.0024 -2.0561 2.7248, -0.0024 -2.0077 2.762, -0.0024 -1.9706 2.8103, -0.0024 -2.2897 3.1294, -0.0024 -2.338 3.0923, -0.0024 -2.3752 3.0439, -0.0024 -2.2333 2.7015, -0.0024 -2.1729 2.6935, -0.0024 -2.1124 2.7015, -0.0024 -2.2595 0.5291, -0.0024 -2.2255 0.5734, -0.0024 -2.5956 0.5734, -0.0024 -2.617 0.6249, -0.0024 -2.6243 0.6802, -0.0024 -2.617 0.7355, -0.0024 -2.5617 0.5291, -0.0024 -2.5174 0.4952, -0.0024 -2.4659 0.4738, -0.0024 -2.4106 0.4665, -0.0024 -2.3553 0.4738, -0.0024 -2.3038 0.4952, -0.0024 -1.4157 1.7991, -0.0024 -1.4617 1.8591, -0.0024 -2.2042 0.7355, -0.0024 -2.1969 0.6802, -0.0024 -2.2042 0.6249, -0.0024 -2.4659 0.8866, -0.0024 -2.5174 0.8652, -0.0024 -2.2595 0.8313, -0.0024 -2.3038 0.8652, -0.0024 -1.8717 1.4491, -0.0024 -1.7417 1.9341, -0.0024 -1.8117 1.9052, -0.0024 -1.8717 1.8591, -0.0024 -1.9178 1.7991, -0.0024 -1.9467 1.7292, -0.0024 -1.9566 1.6541, -0.0024 -2.5617 0.8313, -0.0024 -2.5956 0.787, -0.0024 -1.5917 1.3741, -0.0024 -1.6667 1.3642, -0.0024 -2.2255 0.787, -0.0024 -1.7417 1.3741, -0.0024 -1.8117 1.4031, -0.0024 -1.5218 1.9052, -0.0024 -1.5917 1.9341, -0.0024 -1.6667 1.944, -0.0024 -2.3553 0.8866, -0.0024 -2.4106 0.8939, -0.0024 -1.9178 1.5092, -0.0024 -1.9467 1.5791, -0.0024 -1.5218 1.4031, -0.0024 -1.4617 1.4491, -0.0024 -1.4157 1.5092, -0.0024 -1.3867 1.5791, -0.0024 -1.3768 1.6541, -0.0024 -1.3867 1.7292, -0.0024 1.5117 2.5012, -0.0024 1.4612 2.5399, -0.0024 1.583 2.329, -0.0024 1.5747 2.392, -0.0024 1.5504 2.4508, -0.0024 1.4612 2.118, -0.0024 1.5117 2.1567, -0.0024 1.5504 2.2072, -0.0024 1.5747 2.2659, -0.0024 1.2177 2.5399, -0.0024 1.1672 2.5012, -0.0024 1.1285 2.4508, -0.0024 1.1042 2.392, -0.0024 1.1672 2.1567, -0.0024 1.2177 2.118, -0.0024 1.4025 2.5643, -0.0024 1.3394 2.5726, -0.0024 1.2764 2.5643, -0.0024 1.0959 2.329, -0.0024 1.1042 2.2659, -0.0024 1.1285 2.2072, -0.0024 1.2764 2.0937, -0.0024 1.3394 2.0854, -0.0024 1.4025 2.0937, -0.0024 1.0904 3.3666, -0.0024 1.1162 3.3044, -0.0024 1.1572 3.251, -0.0024 1.1572 3.6156, -0.0024 1.1162 3.5622, -0.0024 1.0904 3.5, -0.0024 1.0817 3.4333, -0.0024 1.4062 3.1843, -0.0024 1.4683 3.21, -0.0024 1.5217 3.251, -0.0024 1.5884 3.5, -0.0024 1.5627 3.5622, -0.0024 1.5217 3.6156, -0.0024 1.4683 3.6565, -0.0024 1.4062 3.6823, -0.0024 1.3394 3.6911, -0.0024 1.2727 3.6823, -0.0024 1.2106 3.6565, -0.0024 1.2106 3.21, -0.0024 1.2727 3.1843, -0.0024 1.3394 3.1755, -0.0024 1.5627 3.3044, -0.0024 1.5884 3.3666, -0.0024 1.5972 3.4333, 1.3756 1.5627 3.3044, 1.3756 1.5217 3.251, 1.3756 1.0817 3.4333, 1.3756 1.0904 3.5, 1.3756 1.1162 3.5622, 1.3756 1.3394 3.6911, 1.3756 1.4062 3.6823, 1.3756 1.4683 3.6565, 1.3756 1.5217 3.6156, 1.3756 1.5627 3.5622, 1.3756 1.5884 3.5, 1.3756 1.5972 3.4333, 1.3756 1.5884 3.3666, 1.3756 1.1572 3.251, 1.3756 1.1162 3.3044, 1.3756 -0.1476 2.6331, 1.3756 1.0904 3.3666, 1.3756 1.4683 3.21, 1.3756 1.4062 3.1843, 1.3756 1.3394 3.1755, 1.3756 1.1572 3.6156, 1.3756 1.2106 3.6565, 1.3756 1.2727 3.6823, 1.3756 1.2727 3.1843, 1.3756 1.2106 3.21, 1.3756 1.4025 2.5643, 1.3756 1.4612 2.5399, 1.3756 1.5117 2.5012, 1.3756 1.5117 2.1567, 1.3756 1.4612 2.118, 1.3756 1.3394 2.5726, 1.3756 1.5504 2.4508, 1.3756 1.5747 2.392, 1.3756 1.583 2.329, 1.3756 1.5747 2.2659, 1.3756 1.5504 2.2072, 1.3756 1.3394 2.0854, 1.3756 1.2764 2.0937, 1.3756 1.4025 2.0937, 1.3756 1.2177 2.118, 1.3756 1.1672 2.1567, 1.3756 1.1285 2.2072, 1.3756 1.1042 2.2659, 1.3756 1.0959 2.329, 1.3756 1.1042 2.392, 1.3756 1.1285 2.4508, 1.3756 1.1672 2.5012, 1.3756 1.2177 2.5399, 1.3756 1.2764 2.5643, 1.3756 -2.2042 0.7355, 1.3756 -2.1969 0.6802, 1.3756 -2.2042 0.6249, 1.3756 -2.2255 0.5734, 1.3756 -2.4659 0.8866, 1.3756 -2.4106 0.8939, 1.3756 -1.8717 1.4491, 1.3756 -1.8717 1.8591, 1.3756 -1.8117 1.9052, 1.3756 -2.2595 0.5291, 1.3756 -2.3038 0.4952, 1.3756 -2.3553 0.4738, 1.3756 -2.4106 0.4665, 1.3756 -2.4659 0.4738, 1.3756 -2.5174 0.4952, 1.3756 -2.5617 0.5291, 1.3756 -2.5956 0.5734, 1.3756 -2.617 0.6249, 1.3756 -2.6243 0.6802, 1.3756 -1.5917 1.3741, 1.3756 -1.6667 1.3642, 1.3756 -2.3553 0.8866, 1.3756 -2.3038 0.8652, 1.3756 -1.8117 1.4031, 1.3756 -2.2595 0.8313, 1.3756 -1.7417 1.3741, 1.3756 -1.3867 1.5791, 1.3756 -1.4157 1.5092, 1.3756 -1.4617 1.4491, 1.3756 -1.5218 1.4031, 1.3756 -1.9178 1.5092, 1.3756 -2.5617 0.8313, 1.3756 -2.5174 0.8652, 1.3756 -2.617 0.7355, 1.3756 -2.5956 0.787, 1.3756 -1.9178 1.7991, 1.3756 -1.5917 1.9341, 1.3756 -1.6667 1.944, 1.3756 -1.7417 1.9341, 1.3756 -1.5218 1.9052, 1.3756 -1.4617 1.8591, 1.3756 -1.4157 1.7991, 1.3756 -2.2255 0.787, 1.3756 -1.9467 1.5791, 1.3756 -1.9566 1.6541, 1.3756 -1.9467 1.7292, 1.3756 -1.3867 1.7292, 1.3756 -1.3768 1.6541, 1.3756 -1.9472 2.9876, 1.3756 -1.9393 2.9271, 1.3756 -1.9472 2.8667, 1.3756 -1.9706 3.0439, 1.3756 -2.4065 2.9271, 1.3756 -2.3985 2.9876, 1.3756 -2.0561 3.1294, 1.3756 -2.0077 3.0923, 1.3756 -2.2897 2.7248, 1.3756 -2.338 2.762, 1.3756 -2.3752 2.8103, 1.3756 -2.3985 2.8667, 1.3756 -2.2333 3.1528, 1.3756 -2.1729 3.1607, 1.3756 -2.1124 3.1528, 1.3756 -1.9706 2.8103, 1.3756 -2.0077 2.762, 1.3756 -2.0561 2.7248, 1.3756 -2.3752 3.0439, 1.3756 -2.338 3.0923, 1.3756 -2.2897 3.1294, 1.3756 -2.1124 2.7015, 1.3756 -2.1729 2.6935, 1.3756 -2.2333 2.7015, 0.0961 0.8828 5.0536, 0.0961 1.0277 5.0536, 1.2772 0.8828 5.0536, 1.2772 1.0277 5.0536, 1.2772 -0.2287 4.7669, 0.0961 -0.2287 4.7669, 0.0961 -0.0998 4.7669, 1.2772 -0.0998 4.7669, 1.1234 -0.0998 5.2756, 0.6345 -0.0998 5.4724, 0.0961 -0.0998 5.4724, 0.6345 -0.0998 5.2756, 0.0961 0.8828 5.4724, 1.2772 0.7691 5.4724, 1.2772 0.8828 5.4724, 0.0961 1.0277 5.2598, 1.2772 1.0277 5.2598, 1.2772 0.108 5.2756, 1.2772 0.7691 5.2756, -0.1205 1.2727 3.6823, -0.1205 1.2106 3.6565, -0.1205 1.1572 3.6156, -0.1205 1.1162 3.5622, -0.1205 1.0904 3.5, -0.1205 1.0817 3.4333, -0.1205 1.0904 3.3666, -0.1205 1.1162 3.3044, -0.1205 1.1572 3.251, -0.1205 1.2106 3.21, -0.1205 1.2727 3.1843, -0.1205 1.3394 3.1755, -0.1205 1.4062 3.1843, -0.1205 1.4683 3.21, -0.1205 1.5217 3.251, -0.1205 1.5627 3.3044, -0.1205 1.5884 3.3666, -0.1205 1.5972 3.4333, -0.1205 1.5884 3.5, -0.1205 1.5627 3.5622, -0.1205 1.5217 3.6156, -0.1205 1.4683 3.6565, -0.1205 1.4062 3.6823, -0.1205 1.3394 3.6911, -0.1205 1.3394 3.4333, -0.1205 1.2764 2.5643, -0.1205 1.2177 2.5399, -0.1205 1.1672 2.5012, -0.1205 1.1285 2.4508, -0.1205 1.1042 2.392, -0.1205 1.0959 2.329, -0.1205 1.1042 2.2659, -0.1205 1.1285 2.2072, -0.1205 1.1672 2.1567, -0.1205 1.2177 2.118, -0.1205 1.2764 2.0937, -0.1205 1.3394 2.0854, -0.1205 1.4025 2.0937, -0.1205 1.4612 2.118, -0.1205 1.5117 2.1567, -0.1205 1.5504 2.2072, -0.1205 1.5747 2.2659, -0.1205 1.583 2.329, -0.1205 1.5747 2.392, -0.1205 1.5504 2.4508, -0.1205 1.5117 2.5012, -0.1205 1.4612 2.5399, -0.1205 1.4025 2.5643, -0.1205 1.3394 2.5726, -0.1205 1.3394 2.329, -0.1205 -2.2333 3.1528, -0.1205 -2.2897 3.1294, -0.1205 -2.338 3.0923, -0.1205 -2.3752 3.0439, -0.1205 -2.3985 2.9876, -0.1205 -2.4065 2.9271, -0.1205 -2.3985 2.8667, -0.1205 -2.3752 2.8103, -0.1205 -2.338 2.762, -0.1205 -2.2897 2.7248, -0.1205 -2.2333 2.7015, -0.1205 -2.1729 2.6935, -0.1205 -2.1124 2.7015, -0.1205 -2.0561 2.7248, -0.1205 -2.0077 2.762, -0.1205 -1.9706 2.8103, -0.1205 -1.9472 2.8667, -0.1205 -1.9393 2.9271, -0.1205 -1.9472 2.9876, -0.1205 -1.9706 3.0439, -0.1205 -2.0077 3.0923, -0.1205 -2.0561 3.1294, -0.1205 -2.1124 3.1528, -0.1205 -2.1729 3.1607, -0.1205 -2.1729 2.9271, -0.1205 -2.4659 0.8866, -0.1205 -2.5174 0.8652, -0.1205 -2.5617 0.8313, -0.1205 -2.5956 0.787, -0.1205 -2.617 0.7355, -0.1205 -2.6243 0.6802, -0.1205 -2.617 0.6249, -0.1205 -2.5956 0.5734, -0.1205 -2.5617 0.5291, -0.1205 -2.5174 0.4952, -0.1205 -2.4659 0.4738, -0.1205 -2.4106 0.4665, -0.1205 -2.3553 0.4738, -0.1205 -2.3038 0.4952, -0.1205 -2.2595 0.5291, -0.1205 -2.2255 0.5734, -0.1205 -2.2042 0.6249, -0.1205 -2.1969 0.6802, -0.1205 -2.2042 0.7355, -0.1205 -2.2255 0.787, -0.1205 -2.2595 0.8313, -0.1205 -2.3038 0.8652, -0.1205 -2.3553 0.8866, -0.1205 -2.4106 0.8939, -0.1205 -2.4106 0.6802, -0.1205 -1.7417 1.9341, -0.1205 -1.8117 1.9052, -0.1205 -1.8717 1.8591, -0.1205 -1.9178 1.7991, -0.1205 -1.9467 1.7292, -0.1205 -1.9566 1.6541, -0.1205 -1.9467 1.5791, -0.1205 -1.9178 1.5092, -0.1205 -1.8717 1.4491, -0.1205 -1.8117 1.4031, -0.1205 -1.7417 1.3741, -0.1205 -1.6667 1.3642, -0.1205 -1.5917 1.3741, -0.1205 -1.5218 1.4031, -0.1205 -1.4617 1.4491, -0.1205 -1.4157 1.5092, -0.1205 -1.3867 1.5791, -0.1205 -1.3768 1.6541, -0.1205 -1.3867 1.7292, -0.1205 -1.4157 1.7991, -0.1205 -1.4617 1.8591, -0.1205 -1.5218 1.9052, -0.1205 -1.5917 1.9341, -0.1205 -1.6667 1.944, -0.1205 -1.6667 1.6541, 1.2575 -2.1729 3.1607, 1.2575 -2.2333 3.1528, 1.2575 -2.2897 3.1294, 1.2575 -2.338 3.0923, 1.2575 -2.3752 3.0439, 1.2575 -2.3985 2.9876, 1.2575 -2.4065 2.9271, 1.2575 -2.3985 2.8667, 1.2575 -2.3752 2.8103, 1.2575 -2.338 2.762, 1.2575 -2.2897 2.7248, 1.2575 -2.2333 2.7015, 1.2575 -2.1729 2.6935, 1.2575 -2.1124 2.7015, 1.2575 -2.0561 2.7248, 1.2575 -2.0077 2.762, 1.2575 -1.9706 2.8103, 1.2575 -1.9472 2.8667, 1.2575 -1.9393 2.9271, 1.2575 -1.9472 2.9876, 1.2575 -1.9706 3.0439, 1.2575 -2.0077 3.0923, 1.2575 -2.0561 3.1294, 1.2575 -2.1124 3.1528, 1.2575 -2.1729 2.9271, 1.2575 -1.6667 1.944, 1.2575 -1.7417 1.9341, 1.2575 -1.8117 1.9052, 1.2575 -1.8717 1.8591, 1.2575 -1.9178 1.7991, 1.2575 -1.9467 1.7292, 1.2575 -1.9566 1.6541, 1.2575 -1.9467 1.5791, 1.2575 -1.9178 1.5092, 1.2575 -1.8717 1.4491, 1.2575 -1.8117 1.4031, 1.2575 -1.7417 1.3741, 1.2575 -1.6667 1.3642, 1.2575 -1.5917 1.3741, 1.2575 -1.5218 1.4031, 1.2575 -1.4617 1.4491, 1.2575 -1.4157 1.5092, 1.2575 -1.3867 1.5791, 1.2575 -1.3768 1.6541, 1.2575 -1.3867 1.7292, 1.2575 -1.4157 1.7991, 1.2575 -1.4617 1.8591, 1.2575 -1.5218 1.9052, 1.2575 -1.5917 1.9341, 1.2575 -1.6667 1.6541, 1.2575 1.3394 3.6911, 1.2575 1.2727 3.6823, 1.2575 1.2106 3.6565, 1.2575 1.1572 3.6156, 1.2575 1.1162 3.5622, 1.2575 1.0904 3.5, 1.2575 1.0817 3.4333, 1.2575 1.0904 3.3666, 1.2575 1.1162 3.3044, 1.2575 1.1572 3.251, 1.2575 1.2106 3.21, 1.2575 1.2727 3.1843, 1.2575 1.3394 3.1755, 1.2575 1.4062 3.1843, 1.2575 1.4683 3.21, 1.2575 1.5217 3.251, 1.2575 1.5627 3.3044, 1.2575 1.5884 3.3666, 1.2575 1.5972 3.4333, 1.2575 1.5884 3.5, 1.2575 1.5627 3.5622, 1.2575 1.5217 3.6156, 1.2575 1.4683 3.6565, 1.2575 1.4062 3.6823, 1.2575 1.3394 3.4333, 1.2575 1.3394 2.5726, 1.2575 1.2764 2.5643, 1.2575 1.2177 2.5399, 1.2575 1.1672 2.5012, 1.2575 1.1285 2.4508, 1.2575 1.1042 2.392, 1.2575 1.0959 2.329, 1.2575 1.1042 2.2659, 1.2575 1.1285 2.2072, 1.2575 1.1672 2.1567, 1.2575 1.2177 2.118, 1.2575 1.2764 2.0937, 1.2575 1.3394 2.0854, 1.2575 1.4025 2.0937, 1.2575 1.4612 2.118, 1.2575 1.5117 2.1567, 1.2575 1.5504 2.2072, 1.2575 1.5747 2.2659, 1.2575 1.583 2.329, 1.2575 1.5747 2.392, 1.2575 1.5504 2.4508, 1.2575 1.5117 2.5012, 1.2575 1.4612 2.5399, 1.2575 1.4025 2.5643, 1.2575 1.3394 2.329, 1.2575 -2.4106 0.8939, 1.2575 -2.4659 0.8866, 1.2575 -2.5174 0.8652, 1.2575 -2.5617 0.8313, 1.2575 -2.5956 0.787, 1.2575 -2.617 0.7355, 1.2575 -2.6243 0.6802, 1.2575 -2.617 0.6249, 1.2575 -2.5956 0.5734, 1.2575 -2.5617 0.5291, 1.2575 -2.5174 0.4952, 1.2575 -2.4659 0.4738, 1.2575 -2.4106 0.4665, 1.2575 -2.3553 0.4738, 1.2575 -2.3038 0.4952, 1.2575 -2.2595 0.5291, 1.2575 -2.2255 0.5734, 1.2575 -2.2042 0.6249, 1.2575 -2.1969 0.6802, 1.2575 -2.2042 0.7355, 1.2575 -2.2255 0.787, 1.2575 -2.2595 0.8313, 1.2575 -2.3038 0.8652, 1.2575 -2.3553 0.8866, 1.2575 -2.4106 0.6802, 0.4504 -1.039 4.5669, 0.4504 -1.039 2.6378, 0.4504 -0.8421 4.5669, 0.4504 -0.8421 2.6378, 0.6472 -0.6453 4.5669, 0.6472 -0.6453 2.6378, 0.726 -0.6453 4.5669, 0.726 -0.6453 2.6378, 0.9228 -0.8421 4.5669, 0.9228 -0.8421 2.6378, 0.9228 -1.039 4.5669, 0.9228 -1.039 2.6378, 0.4571 -0.7912 2.6378, 0.4116 -1.5265 2.6378, 0.4765 -1.5884 2.6378, 1.0214 -1.1871 2.6378, 0.5549 -1.632 2.6378, 1.0398 -1.2749 2.6378, 0.3916 -1.1068 2.6378, 0.3518 -1.1871 2.6378, 0.3334 -1.2749 2.6378, 0.9816 -1.1068 2.6378, 0.3377 -1.3646 2.6378, 0.3643 -1.4502 2.6378, 0.5963 -0.652 2.6378, 0.5488 -0.6716 2.6378, 0.508 -0.7029 2.6378, 0.6418 -1.6545 2.6378, 0.7315 -1.6545 2.6378, 0.9161 -0.7912 2.6378, 0.4768 -0.7437 2.6378, 0.8183 -1.632 2.6378, 0.8967 -1.5884 2.6378, 0.9616 -1.5265 2.6378, 1.0089 -1.4502 2.6378, 1.0356 -1.3646 2.6378, 0.8965 -0.7437 2.6378, 0.8652 -0.7029 2.6378, 0.8244 -0.6716 2.6378, 0.7769 -0.652 2.6378, 0.3986 -1.0967 4.5159, 0.4501 -1.0392 4.5714, 0.4493 -1.04 4.5757, 0.4487 -1.0405 4.5783, 0.9793 -1.1082 4.503, 0.9579 -1.0751 4.5398, 0.9245 -1.0405 4.5783, 0.9242 -1.0402 4.5771, 0.9232 -1.0393 4.5721, 1.0371 -1.2752 4.3175, 1.0339 -1.2328 4.3646, 1.0188 -1.188 4.4144, 1.0057 -1.1491 4.4576, 1.0065 -1.4491 4.1242, 1.0252 -1.4074 4.1706, 1.0329 -1.3641 4.2187, 1.0405 -1.3207 4.2669, 0.8952 -1.5864 3.9717, 0.9355 -1.5552 4.0063, 0.9596 -1.5248 4.0401, 0.9893 -1.4872 4.0819, 0.7315 -1.6545 3.8961, 0.7977 -1.6395 3.9127, 0.8176 -1.6305 3.9227, 0.8676 -1.6077 3.9481, 0.6649 -1.6567 3.8936, 0.7306 -1.6547 3.8959, 0.5985 -1.6463 3.9052, 0.642 -1.6531 3.8976, 0.5296 -1.6207 3.9336, 0.5555 -1.6303 3.9229, 0.4585 -1.5742 3.9853, 0.4776 -1.5867 3.9714, 0.3988 -1.5097 4.0569, 0.4131 -1.5251 4.0398, 0.3567 -1.4322 4.143, 0.366 -1.4493 4.124, 0.335 -1.3466 4.2381, 0.3394 -1.3641 4.2187, 0.3351 -1.2585 4.3361, 0.3351 -1.275 4.3177, 0.3928 -1.1074 4.5039, 0.3569 -1.1733 4.4307, 0.3532 -1.1875 4.4149, 0.4571 -0.7912 4.5669, 0.4768 -0.7437 4.5669, 0.508 -0.7029 4.5669, 0.5488 -0.6716 4.5669, 0.5963 -0.652 4.5669, 0.7769 -0.652 4.5669, 0.8244 -0.6716 4.5669, 0.8652 -0.7029 4.5669, 0.8965 -0.7437 4.5669, 0.9161 -0.7912 4.5669, 0.4198 -0.8421 4.6053, 0.4275 -0.7832 4.6053, 0.596 -0.651 4.5757, 0.6472 -0.6443 4.5757, 0.6472 -0.6438 4.5771, 0.5953 -0.6482 4.584, 0.6472 -0.6414 4.584, 0.6472 -0.6398 4.5865, 0.5941 -0.6437 4.5915, 0.6472 -0.6367 4.5915, 0.6472 -0.6336 4.5946, 0.5925 -0.6376 4.5977, 0.4494 -0.8421 4.5757, 0.4561 -0.7909 4.5757, 0.4465 -0.8421 4.584, 0.4533 -0.7902 4.584, 0.4418 -0.8421 4.5915, 0.4488 -0.7889 4.5915, 0.4356 -0.8421 4.5977, 0.4428 -0.7873 4.5977, 0.4281 -0.8421 4.6024, 0.4356 -0.7854 4.6024, 0.4759 -0.7432 4.5757, 0.4734 -0.7417 4.584, 0.4693 -0.7394 4.5915, 0.4639 -0.7363 4.5977, 0.4575 -0.7325 4.6024, 0.5073 -0.7022 4.5757, 0.5053 -0.7002 4.584, 0.502 -0.6968 4.5915, 0.4976 -0.6924 4.5977, 0.4923 -0.6872 4.6024, 0.5483 -0.6708 4.5757, 0.5469 -0.6683 4.584, 0.5445 -0.6642 4.5915, 0.5414 -0.6588 4.5977, 0.5377 -0.6523 4.6024, 0.5905 -0.6304 4.6024, 0.6472 -0.6304 4.5977, 0.6472 -0.6255 4.6008, 0.6472 -0.623 4.6024, 0.6472 -0.616 4.6048, 0.4503 -0.7284 4.6053, 0.4864 -0.6813 4.6053, 0.5335 -0.6451 4.6053, 0.5884 -0.6224 4.6053, 0.6472 -0.6147 4.6053, 0.4356 -1.0429 4.5977, 0.4356 -1.0429 4.5977, 0.447 -1.0414 4.5824, 0.4427 -1.0427 4.5901, 0.4437 -1.0426 4.5889, 0.4455 -1.0422 4.586, 0.4463 -1.0417 4.5839, 0.4384 -1.043 4.5952, 0.4398 -1.0429 4.5935, 0.4416 -1.0428 4.5913, 0.4255 -1.0413 4.6035, 0.4281 -1.0419 4.6024, 0.4284 -1.0419 4.6023, 0.4331 -1.0426 4.5993, 0.4253 -1.0413 4.6036, 0.726 -0.6439 4.5771, 0.726 -0.64 4.5866, 0.726 -0.6337 4.5948, 0.726 -0.6256 4.601, 0.726 -0.6161 4.605, 0.9259 -1.0414 4.5822, 0.9625 -1.0788 4.5474, 0.9282 -1.0422 4.5863, 0.9261 -1.0415 4.5825, 0.9654 -1.08 4.551, 0.9299 -1.0427 4.5894, 0.9283 -1.0422 4.5865, 0.9686 -1.0807 4.5545, 0.9334 -1.0429 4.5935, 0.932 -1.0429 4.5922, 0.9721 -1.081 4.5577, 0.9365 -1.0429 4.5966, 0.9345 -1.0429 4.5946, 0.9759 -1.0809 4.5607, 0.9412 -1.0425 4.6002, 0.9379 -1.0429 4.5979, 0.952 -1.0403 4.605, 0.949 -1.0411 4.604, 0.9839 -1.0791 4.5657, 0.9479 -1.0412 4.6035, 0.9439 -1.042 4.6015, 0.3711 -1.1029 4.5419, 0.3797 -1.1042 4.537, 0.3837 -1.1042 4.534, 0.3875 -1.1036 4.5308, 0.3909 -1.1025 4.5273, 0.3939 -1.101 4.5236, 0.3965 -1.099 4.5197, 1.0352 -1.2369 4.3691, 1.0077 -1.1522 4.4617, 0.96 -1.0772 4.5436, 1.0244 -1.4127 4.1762, 1.0409 -1.3257 4.2718, 0.9326 -1.5597 4.0138, 0.9873 -1.4924 4.0884, 0.8644 -1.611 3.9566, 0.7953 -1.6417 3.9222, 0.7295 -1.6561 3.9059, 0.6654 -1.6581 3.9037, 0.6005 -1.6481 3.915, 0.5326 -1.6236 3.9425, 0.4616 -1.5783 3.9931, 0.4012 -1.5147 4.0637, 0.3349 -1.3518 4.2432, 0.3579 -1.4376 4.1488, 0.3551 -1.1768 4.4348, 0.334 -1.2629 4.3407, 0.3525 -1.1799 4.4389, 0.3319 -1.2671 4.3451, 0.3336 -1.3569 4.2482, 0.3575 -1.4433 4.1544, 0.4019 -1.5206 4.07, 0.4631 -1.5838 4.0005, 0.5343 -1.6284 3.9509, 0.6017 -1.6524 3.9241, 0.6658 -1.6621 3.9132, 0.7289 -1.6602 3.9153, 0.7938 -1.6461 3.9311, 0.8627 -1.6161 3.9647, 0.9312 -1.5654 4.0208, 0.9869 -1.4982 4.0945, 1.0251 -1.4183 4.1816, 1.0425 -1.3306 4.2766, 1.0375 -1.2408 4.3734, 1.0103 -1.155 4.4657, 0.3493 -1.1825 4.4429, 0.3288 -1.2709 4.3493, 0.3309 -1.3618 4.2528, 0.3556 -1.4491 4.1595, 0.4009 -1.527 4.0758, 0.4629 -1.5905 4.007, 0.5346 -1.6351 3.9582, 0.6021 -1.6588 3.9319, 0.6659 -1.6683 3.9213, 0.7286 -1.6664 3.9234, 0.7934 -1.6526 3.9388, 0.8625 -1.6227 3.9717, 0.9317 -1.572 4.0271, 0.9881 -1.5046 4.1, 1.0272 -1.4239 4.1865, 1.0453 -1.3352 4.2811, 1.0407 -1.2443 4.3775, 1.0135 -1.1573 4.4695, 0.3455 -1.1847 4.4465, 0.3248 -1.2742 4.3532, 0.3271 -1.3664 4.2569, 0.3523 -1.4549 4.164, 0.3982 -1.5338 4.0806, 0.4611 -1.598 4.0123, 0.5336 -1.643 3.964, 0.6016 -1.6669 3.938, 0.6658 -1.6765 3.9276, 0.7289 -1.6746 3.9296, 0.7941 -1.6607 3.9448, 0.8638 -1.6306 3.9773, 0.9338 -1.5793 4.0322, 0.991 -1.511 4.1047, 1.0307 -1.4293 4.1908, 1.0492 -1.3394 4.2851, 1.0447 -1.2473 4.3813, 1.0172 -1.1591 4.4731, 0.3411 -1.1863 4.4498, 0.32 -1.277 4.3566, 0.3223 -1.3705 4.2604, 0.3476 -1.4603 4.1675, 0.394 -1.5405 4.0843, 0.4577 -1.6058 4.016, 0.5311 -1.6517 3.9678, 0.6002 -1.6762 3.9419, 0.6654 -1.686 3.9315, 0.7296 -1.684 3.9336, 0.7958 -1.6698 3.9487, 0.8666 -1.639 3.9812, 0.9375 -1.5868 4.0359, 0.9954 -1.5173 4.1084, 1.0355 -1.4343 4.1944, 1.0541 -1.3431 4.2886, 1.0493 -1.2497 4.3847, 1.0214 -1.1604 4.4764, 0.3363 -1.1873 4.4527, 0.3146 -1.2792 4.3594, 0.3165 -1.3739 4.2631, 0.3417 -1.4651 4.1701, 0.3885 -1.5468 4.0866, 0.4529 -1.6136 4.0181, 0.5275 -1.6607 3.9695, 0.5981 -1.686 3.9434, 0.6649 -1.6961 3.9329, 0.7307 -1.6941 3.9349, 0.7985 -1.6794 3.9502, 0.8706 -1.6477 3.983, 0.9426 -1.5941 4.0381, 1.0011 -1.5232 4.1108, 1.0413 -1.4388 4.197, 1.0597 -1.3461 4.2913, 1.0546 -1.2515 4.3876, 1.026 -1.1611 4.4794, 0.3755 -1.1038 4.5396, 0.3311 -1.1877 4.4552, 0.3087 -1.2806 4.3616, 0.31 -1.3766 4.265, 0.335 -1.4692 4.1715, 0.3818 -1.5524 4.0875, 0.4469 -1.6208 4.0182, 0.523 -1.6694 3.969, 0.5953 -1.6957 3.9423, 0.6642 -1.7063 3.9315, 0.7321 -1.7042 3.9337, 0.8019 -1.6888 3.9493, 0.8757 -1.6559 3.9827, 0.9488 -1.6008 4.0385, 1.0078 -1.5283 4.1118, 1.048 -1.4424 4.1986, 1.0661 -1.3484 4.2933, 1.0603 -1.2526 4.3899, 1.0309 -1.1612 4.4819, 0.9798 -1.0802 4.5634, 0.9426 -1.0422 4.6009, 0.3257 -1.1875 4.4571, 0.3025 -1.2814 4.3631, 0.3031 -1.3784 4.2659, 0.3277 -1.4723 4.1718, 0.3745 -1.557 4.0869, 0.4402 -1.6271 4.0166, 0.5177 -1.6773 3.9662, 0.5921 -1.7046 3.9388, 0.6634 -1.7157 3.9276, 0.7337 -1.7135 3.9298, 0.8059 -1.6974 3.946, 0.8815 -1.6633 3.9803, 0.9558 -1.6066 4.0372, 1.0152 -1.5325 4.1115, 1.0553 -1.4451 4.1991, 1.0728 -1.3499 4.2944, 1.0663 -1.2531 4.3915, 1.036 -1.1608 4.4839, 0.7773 -0.6507 4.5771, 0.7783 -0.6469 4.5866, 0.7799 -0.6408 4.5948, 0.782 -0.633 4.601, 0.7845 -0.6238 4.605, 0.8251 -0.6705 4.5771, 0.827 -0.6671 4.5866, 0.8302 -0.6616 4.5948, 0.8342 -0.6546 4.601, 0.839 -0.6464 4.605, 0.8661 -0.702 4.5771, 0.8689 -0.6992 4.5866, 0.8733 -0.6948 4.5948, 0.8791 -0.689 4.601, 0.8858 -0.6823 4.605, 0.8976 -0.743 4.5771, 0.901 -0.741 4.5866, 0.9064 -0.7379 4.5948, 0.9135 -0.7338 4.601, 0.9217 -0.7291 4.605, 0.9174 -0.7908 4.5771, 0.9212 -0.7898 4.5866, 0.9273 -0.7882 4.5948, 0.9351 -0.7861 4.601, 0.9443 -0.7836 4.605, 0.9242 -0.8421 4.5771, 0.9281 -0.8421 4.5866, 0.9344 -0.8421 4.5948, 0.9425 -0.8421 4.601, 0.952 -0.8421 4.605
            ]
        }
        coordIndex [
            0,1,2,-1,3,4,5,-1,5,4,6,-1,7,8,9,-1,9,8,10,-1,11,12,5,-1,5,12,3,-1,10,8,13,-1,13,8,14,-1,4,15,6,-1,6,15,16,-1,17,7,18,-1,18,7,9,-1,16,15,19,-1,19,15,20,-1,14,21,22,-1,15,12,20,-1,20,12,11,-1,20,11,22,-1,22,11,13,-1,22,13,14,-1,23,14,24,-1,24,14,25,-1,23,26,14,-1,14,26,27,-1,14,27,21,-1,21,27,28,-1,21,28,29,-1,30,31,17,-1,17,31,32,-1,33,34,35,-1,35,34,36,-1,16,19,18,-1,18,19,34,-1,18,34,17,-1,17,34,33,-1,17,33,30,-1,32,37,17,-1,17,37,38,-1,17,38,14,-1,14,38,39,-1,14,39,25,-1,40,19,41,-1,41,19,20,-1,42,43,44,-1,44,43,40,-1,44,40,41,-1,45,43,46,-1,46,43,42,-1,47,45,48,-1,48,45,46,-1,49,47,50,-1,50,47,48,-1,51,49,52,-1,52,49,50,-1,53,51,54,-1,54,51,52,-1,55,53,56,-1,56,53,54,-1,57,58,59,-1,59,58,55,-1,59,55,56,-1,60,58,61,-1,61,58,57,-1,62,60,63,-1,63,60,61,-1,64,65,66,-1,66,65,62,-1,66,62,63,-1,67,68,64,-1,64,68,65,-1,69,70,64,-1,64,70,71,-1,64,71,67,-1,68,72,65,-1,65,72,73,-1,65,73,74,-1,75,76,34,-1,77,78,79,-1,75,34,80,-1,81,82,76,-1,76,82,36,-1,76,36,34,-1,21,83,84,-1,83,21,79,-1,79,21,29,-1,79,29,77,-1,74,85,65,-1,65,85,86,-1,65,86,34,-1,34,86,87,-1,34,87,80,-1,84,88,21,-1,21,88,89,-1,21,89,64,-1,64,89,90,-1,64,90,69,-1,91,92,93,-1,44,94,95,-1,96,97,41,-1,41,97,98,-1,41,98,44,-1,44,98,99,-1,44,99,94,-1,95,100,44,-1,44,100,101,-1,44,101,102,-1,93,103,91,-1,91,103,104,-1,91,104,22,-1,22,104,105,-1,22,105,106,-1,106,107,22,-1,22,107,108,-1,22,108,20,-1,20,108,109,-1,20,109,110,-1,110,111,20,-1,20,111,112,-1,20,112,41,-1,41,112,113,-1,41,113,96,-1,102,114,91,-1,91,114,115,-1,91,115,92,-1,116,117,44,-1,44,117,118,-1,48,119,120,-1,102,91,44,-1,44,91,121,-1,44,121,116,-1,118,122,44,-1,44,122,123,-1,44,123,42,-1,42,123,124,-1,42,124,46,-1,46,124,125,-1,46,125,48,-1,48,125,126,-1,48,126,119,-1,127,128,59,-1,127,59,129,-1,120,129,48,-1,48,129,59,-1,48,59,50,-1,50,59,56,-1,50,56,52,-1,52,56,54,-1,128,130,59,-1,59,130,131,-1,59,131,132,-1,133,134,91,-1,91,134,135,-1,135,136,91,-1,91,136,137,-1,91,137,121,-1,132,138,91,-1,91,138,139,-1,91,139,133,-1,63,61,57,-1,140,141,66,-1,142,143,59,-1,59,143,144,-1,141,145,66,-1,66,145,146,-1,66,146,147,-1,148,149,57,-1,57,149,150,-1,57,150,151,-1,151,152,57,-1,57,152,153,-1,57,153,63,-1,63,153,154,-1,63,154,66,-1,66,154,155,-1,66,155,140,-1,156,157,59,-1,59,157,158,-1,147,159,66,-1,66,159,160,-1,66,160,161,-1,132,91,59,-1,59,91,162,-1,59,162,156,-1,163,164,161,-1,164,165,161,-1,161,165,166,-1,161,166,66,-1,66,166,167,-1,66,167,168,-1,168,169,66,-1,66,169,170,-1,66,170,171,-1,144,172,59,-1,59,172,173,-1,59,173,57,-1,57,173,174,-1,57,174,148,-1,158,175,59,-1,59,175,176,-1,59,176,142,-1,176,177,142,-1,142,177,178,-1,142,178,179,-1,179,178,163,-1,179,163,180,-1,180,163,161,-1,171,181,66,-1,66,181,182,-1,66,182,91,-1,182,183,91,-1,91,183,184,-1,91,184,185,-1,185,186,91,-1,91,186,187,-1,91,187,162,-1,188,189,64,-1,91,190,191,-1,22,21,192,-1,193,194,66,-1,66,194,195,-1,66,195,64,-1,64,195,196,-1,64,196,188,-1,189,197,64,-1,64,197,198,-1,64,198,21,-1,21,198,199,-1,21,199,200,-1,191,201,91,-1,91,201,202,-1,91,202,203,-1,200,204,21,-1,21,204,205,-1,21,205,192,-1,192,206,22,-1,22,206,207,-1,22,207,91,-1,91,207,208,-1,91,208,190,-1,203,209,91,-1,91,209,210,-1,91,210,66,-1,66,210,211,-1,66,211,193,-1,14,8,17,-1,17,8,7,-1,3,12,4,-1,4,12,15,-1,212,213,214,-1,214,213,215,-1,5,6,11,-1,11,6,16,-1,11,16,214,-1,214,16,212,-1,216,217,13,-1,13,217,18,-1,13,18,10,-1,10,18,9,-1,218,217,219,-1,219,217,216,-1,2,1,220,-1,221,222,223,-1,223,222,218,-1,223,218,220,-1,220,218,219,-1,220,219,2,-1,222,221,224,-1,224,221,225,-1,224,225,226,-1,227,224,228,-1,228,224,226,-1,213,227,215,-1,215,227,228,-1,212,16,218,-1,218,16,18,-1,218,18,217,-1,227,213,224,-1,224,213,212,-1,224,212,222,-1,222,212,218,-1,229,0,2,-1,226,225,228,-1,228,225,230,-1,216,13,219,-1,219,13,11,-1,219,11,214,-1,2,219,229,-1,229,219,214,-1,229,214,230,-1,230,214,215,-1,230,215,228,-1,231,204,232,-1,232,204,200,-1,232,200,233,-1,233,200,199,-1,233,199,234,-1,234,199,198,-1,234,198,235,-1,235,198,197,-1,235,197,236,-1,236,197,189,-1,236,189,237,-1,237,189,188,-1,237,188,238,-1,238,188,196,-1,238,196,239,-1,239,196,195,-1,239,195,240,-1,240,195,194,-1,240,194,241,-1,241,194,193,-1,241,193,242,-1,242,193,211,-1,242,211,243,-1,243,211,210,-1,243,210,244,-1,244,210,209,-1,244,209,245,-1,245,209,203,-1,245,203,246,-1,246,203,202,-1,246,202,247,-1,247,202,201,-1,247,201,248,-1,248,201,191,-1,248,191,249,-1,249,191,190,-1,249,190,250,-1,250,190,208,-1,250,208,251,-1,251,208,207,-1,251,207,252,-1,252,207,206,-1,252,206,253,-1,253,206,192,-1,253,192,254,-1,254,192,205,-1,254,205,231,-1,231,205,204,-1,253,254,255,-1,255,254,231,-1,255,231,232,-1,250,251,255,-1,255,251,252,-1,255,252,253,-1,247,248,255,-1,255,248,249,-1,255,249,250,-1,244,245,255,-1,255,245,246,-1,255,246,247,-1,241,242,255,-1,255,242,243,-1,255,243,244,-1,238,239,255,-1,255,239,240,-1,255,240,241,-1,235,236,255,-1,255,236,237,-1,255,237,238,-1,232,233,255,-1,255,233,234,-1,255,234,235,-1,256,182,257,-1,257,182,181,-1,257,181,258,-1,258,181,171,-1,258,171,259,-1,259,171,170,-1,259,170,260,-1,260,170,169,-1,260,169,261,-1,261,169,168,-1,261,168,262,-1,262,168,167,-1,262,167,263,-1,263,167,166,-1,263,166,264,-1,264,166,165,-1,264,165,265,-1,265,165,164,-1,265,164,266,-1,266,164,163,-1,266,163,267,-1,267,163,178,-1,267,178,268,-1,268,178,177,-1,268,177,269,-1,269,177,176,-1,269,176,270,-1,270,176,175,-1,270,175,271,-1,271,175,158,-1,271,158,272,-1,272,158,157,-1,272,157,273,-1,273,157,156,-1,273,156,274,-1,274,156,162,-1,274,162,275,-1,275,162,187,-1,275,187,276,-1,276,187,186,-1,276,186,277,-1,277,186,185,-1,277,185,278,-1,278,185,184,-1,278,184,279,-1,279,184,183,-1,279,183,256,-1,256,183,182,-1,278,279,280,-1,280,279,256,-1,280,256,257,-1,275,276,280,-1,280,276,277,-1,280,277,278,-1,272,273,280,-1,280,273,274,-1,280,274,275,-1,269,270,280,-1,280,270,271,-1,280,271,272,-1,266,267,280,-1,280,267,268,-1,280,268,269,-1,263,264,280,-1,280,264,265,-1,280,265,266,-1,260,261,280,-1,280,261,262,-1,280,262,263,-1,257,258,280,-1,280,258,259,-1,280,259,260,-1,281,110,282,-1,282,110,109,-1,282,109,283,-1,283,109,108,-1,283,108,284,-1,284,108,107,-1,284,107,285,-1,285,107,106,-1,285,106,286,-1,286,106,105,-1,286,105,287,-1,287,105,104,-1,287,104,288,-1,288,104,103,-1,288,103,289,-1,289,103,93,-1,289,93,290,-1,290,93,92,-1,290,92,291,-1,291,92,115,-1,291,115,292,-1,292,115,114,-1,292,114,293,-1,293,114,102,-1,293,102,294,-1,294,102,101,-1,294,101,295,-1,295,101,100,-1,295,100,296,-1,296,100,95,-1,296,95,297,-1,297,95,94,-1,297,94,298,-1,298,94,99,-1,298,99,299,-1,299,99,98,-1,299,98,300,-1,300,98,97,-1,300,97,301,-1,301,97,96,-1,301,96,302,-1,302,96,113,-1,302,113,303,-1,303,113,112,-1,303,112,304,-1,304,112,111,-1,304,111,281,-1,281,111,110,-1,303,304,305,-1,305,304,281,-1,305,281,282,-1,300,301,305,-1,305,301,302,-1,305,302,303,-1,297,298,305,-1,305,298,299,-1,305,299,300,-1,294,295,305,-1,305,295,296,-1,305,296,297,-1,291,292,305,-1,305,292,293,-1,305,293,294,-1,288,289,305,-1,305,289,290,-1,305,290,291,-1,285,286,305,-1,305,286,287,-1,305,287,288,-1,282,283,305,-1,305,283,284,-1,305,284,285,-1,306,121,307,-1,307,121,137,-1,307,137,308,-1,308,137,136,-1,308,136,309,-1,309,136,135,-1,309,135,310,-1,310,135,134,-1,310,134,311,-1,311,134,133,-1,311,133,312,-1,312,133,139,-1,312,139,313,-1,313,139,138,-1,313,138,314,-1,314,138,132,-1,314,132,315,-1,315,132,131,-1,315,131,316,-1,316,131,130,-1,316,130,317,-1,317,130,128,-1,317,128,318,-1,318,128,127,-1,318,127,319,-1,319,127,129,-1,319,129,320,-1,320,129,120,-1,320,120,321,-1,321,120,119,-1,321,119,322,-1,322,119,126,-1,322,126,323,-1,323,126,125,-1,323,125,324,-1,324,125,124,-1,324,124,325,-1,325,124,123,-1,325,123,326,-1,326,123,122,-1,326,122,327,-1,327,122,118,-1,327,118,328,-1,328,118,117,-1,328,117,329,-1,329,117,116,-1,329,116,306,-1,306,116,121,-1,328,329,330,-1,330,329,306,-1,330,306,307,-1,325,326,330,-1,330,326,327,-1,330,327,328,-1,322,323,330,-1,330,323,324,-1,330,324,325,-1,319,320,330,-1,330,320,321,-1,330,321,322,-1,316,317,330,-1,330,317,318,-1,330,318,319,-1,313,314,330,-1,330,314,315,-1,330,315,316,-1,310,311,330,-1,330,311,312,-1,330,312,313,-1,307,308,330,-1,330,308,309,-1,330,309,310,-1,331,147,332,-1,332,147,146,-1,332,146,333,-1,333,146,145,-1,333,145,334,-1,334,145,141,-1,334,141,335,-1,335,141,140,-1,335,140,336,-1,336,140,155,-1,336,155,337,-1,337,155,154,-1,337,154,338,-1,338,154,153,-1,338,153,339,-1,339,153,152,-1,339,152,340,-1,340,152,151,-1,340,151,341,-1,341,151,150,-1,341,150,342,-1,342,150,149,-1,342,149,343,-1,343,149,148,-1,343,148,344,-1,344,148,174,-1,344,174,345,-1,345,174,173,-1,345,173,346,-1,346,173,172,-1,346,172,347,-1,347,172,144,-1,347,144,348,-1,348,144,143,-1,348,143,349,-1,349,143,142,-1,349,142,350,-1,350,142,179,-1,350,179,351,-1,351,179,180,-1,351,180,352,-1,352,180,161,-1,352,161,353,-1,353,161,160,-1,353,160,354,-1,354,160,159,-1,354,159,331,-1,331,159,147,-1,353,354,355,-1,355,354,331,-1,355,331,332,-1,350,351,355,-1,355,351,352,-1,355,352,353,-1,347,348,355,-1,355,348,349,-1,355,349,350,-1,344,345,355,-1,355,345,346,-1,355,346,347,-1,341,342,355,-1,355,342,343,-1,355,343,344,-1,338,339,355,-1,355,339,340,-1,355,340,341,-1,335,336,355,-1,355,336,337,-1,355,337,338,-1,332,333,355,-1,355,333,334,-1,355,334,335,-1,229,220,0,-1,0,220,1,-1,225,221,230,-1,230,221,223,-1,230,223,229,-1,229,223,220,-1,356,357,358,-1,358,357,359,-1,360,361,362,-1,362,361,363,-1,364,365,366,-1,366,365,367,-1,368,367,357,-1,369,370,371,-1,368,357,372,-1,371,370,357,-1,357,370,373,-1,357,373,374,-1,374,375,357,-1,357,375,376,-1,357,376,372,-1,377,359,361,-1,361,359,357,-1,361,357,363,-1,363,357,367,-1,378,379,380,-1,378,380,361,-1,361,380,381,-1,361,381,377,-1,382,383,384,-1,384,383,385,-1,384,385,386,-1,382,384,371,-1,371,384,387,-1,371,387,388,-1,388,389,371,-1,371,389,390,-1,371,390,369,-1,391,392,393,-1,393,392,394,-1,367,365,363,-1,363,365,394,-1,363,394,395,-1,395,394,392,-1,396,397,369,-1,357,356,398,-1,357,398,371,-1,356,399,398,-1,398,399,400,-1,398,400,401,-1,402,403,404,-1,404,403,405,-1,368,372,406,-1,405,366,404,-1,404,366,367,-1,404,367,407,-1,407,367,368,-1,407,368,408,-1,408,368,406,-1,376,375,409,-1,409,410,376,-1,376,410,411,-1,376,411,372,-1,372,411,412,-1,372,412,406,-1,374,373,413,-1,413,414,374,-1,374,414,415,-1,374,415,375,-1,375,415,416,-1,375,416,409,-1,369,397,370,-1,397,417,370,-1,370,417,418,-1,370,418,373,-1,373,418,419,-1,373,419,413,-1,389,420,390,-1,390,420,421,-1,390,421,369,-1,369,421,422,-1,369,422,396,-1,388,423,389,-1,389,423,424,-1,389,424,420,-1,387,425,388,-1,388,425,426,-1,388,426,423,-1,384,427,387,-1,387,427,428,-1,387,428,425,-1,386,429,384,-1,384,429,430,-1,384,430,427,-1,385,431,386,-1,386,431,432,-1,386,432,429,-1,383,433,385,-1,385,433,434,-1,385,434,431,-1,382,435,383,-1,383,435,436,-1,383,436,433,-1,398,437,371,-1,371,437,438,-1,371,438,382,-1,382,438,439,-1,382,439,435,-1,358,359,440,-1,440,359,377,-1,440,377,441,-1,441,377,381,-1,441,381,442,-1,442,381,380,-1,442,380,443,-1,443,380,379,-1,443,379,444,-1,444,379,378,-1,444,378,360,-1,360,378,361,-1,362,363,445,-1,445,363,395,-1,445,395,446,-1,446,395,392,-1,446,392,447,-1,447,392,391,-1,447,391,448,-1,448,391,393,-1,448,393,449,-1,449,393,394,-1,449,394,364,-1,364,394,365,-1,358,440,450,-1,450,440,451,-1,450,451,452,-1,452,451,453,-1,452,453,454,-1,454,453,455,-1,454,455,456,-1,456,455,457,-1,456,457,458,-1,458,457,459,-1,458,459,35,-1,35,459,33,-1,440,441,451,-1,451,441,460,-1,451,460,453,-1,453,460,461,-1,453,461,455,-1,455,461,462,-1,455,462,457,-1,457,462,463,-1,457,463,459,-1,459,463,464,-1,459,464,33,-1,33,464,30,-1,441,442,460,-1,460,442,465,-1,460,465,461,-1,461,465,466,-1,461,466,462,-1,462,466,467,-1,462,467,463,-1,463,467,468,-1,463,468,464,-1,464,468,469,-1,464,469,30,-1,30,469,31,-1,442,443,465,-1,465,443,470,-1,465,470,466,-1,466,470,471,-1,466,471,467,-1,467,471,472,-1,467,472,468,-1,468,472,473,-1,468,473,469,-1,469,473,474,-1,469,474,31,-1,31,474,32,-1,443,444,470,-1,470,444,475,-1,470,475,471,-1,471,475,476,-1,471,476,472,-1,472,476,477,-1,472,477,473,-1,473,477,478,-1,473,478,474,-1,474,478,479,-1,474,479,32,-1,32,479,37,-1,444,360,475,-1,475,360,480,-1,475,480,476,-1,476,480,481,-1,476,481,477,-1,477,481,482,-1,477,482,478,-1,478,482,483,-1,478,483,479,-1,479,483,484,-1,479,484,37,-1,37,484,38,-1,356,358,399,-1,399,358,450,-1,485,486,452,-1,452,486,401,-1,452,401,450,-1,450,401,400,-1,450,400,399,-1,487,488,454,-1,454,488,489,-1,454,489,452,-1,452,489,490,-1,452,490,485,-1,491,492,454,-1,454,492,493,-1,454,493,487,-1,494,495,456,-1,456,495,496,-1,456,496,454,-1,454,496,497,-1,454,497,491,-1,35,36,458,-1,458,36,82,-1,82,81,458,-1,458,81,498,-1,458,498,456,-1,456,498,499,-1,456,499,494,-1,360,362,500,-1,360,500,480,-1,480,500,501,-1,480,501,481,-1,481,501,502,-1,481,502,482,-1,482,502,503,-1,482,503,483,-1,483,503,504,-1,483,504,484,-1,484,504,39,-1,484,39,38,-1,505,402,404,-1,506,507,508,-1,509,510,511,-1,512,513,514,-1,515,516,517,-1,518,519,520,-1,78,521,522,-1,521,523,522,-1,522,523,524,-1,522,524,525,-1,494,499,526,-1,526,499,498,-1,496,495,527,-1,527,495,494,-1,528,497,496,-1,487,493,529,-1,493,492,529,-1,529,492,491,-1,529,491,497,-1,485,490,530,-1,490,489,530,-1,530,489,488,-1,530,488,487,-1,531,486,485,-1,406,532,533,-1,505,404,534,-1,534,404,407,-1,534,407,533,-1,533,407,408,-1,533,408,406,-1,409,535,536,-1,406,412,532,-1,532,412,411,-1,532,411,536,-1,536,411,410,-1,536,410,409,-1,413,537,538,-1,409,416,535,-1,535,416,415,-1,535,415,538,-1,538,415,414,-1,538,414,413,-1,413,419,537,-1,537,419,418,-1,537,418,539,-1,539,418,417,-1,539,417,540,-1,540,417,397,-1,397,396,540,-1,540,396,422,-1,540,422,541,-1,541,422,421,-1,541,421,542,-1,421,420,542,-1,542,420,424,-1,542,424,543,-1,543,424,423,-1,543,423,544,-1,423,426,544,-1,544,426,425,-1,544,425,545,-1,425,428,545,-1,545,428,427,-1,545,427,546,-1,427,430,546,-1,546,430,429,-1,546,429,547,-1,547,429,432,-1,432,431,547,-1,547,431,434,-1,547,434,548,-1,439,549,550,-1,434,433,548,-1,548,433,436,-1,548,436,550,-1,550,436,435,-1,550,435,439,-1,439,438,549,-1,549,438,437,-1,549,437,531,-1,531,437,398,-1,531,398,486,-1,486,398,401,-1,485,551,531,-1,531,551,552,-1,531,552,549,-1,549,552,553,-1,549,553,550,-1,550,553,554,-1,550,554,548,-1,548,554,555,-1,548,555,547,-1,547,555,556,-1,547,556,546,-1,546,556,557,-1,546,557,545,-1,545,557,558,-1,545,558,544,-1,544,558,559,-1,544,559,543,-1,543,559,560,-1,543,560,542,-1,542,560,561,-1,542,561,541,-1,541,561,562,-1,541,562,540,-1,540,562,563,-1,540,563,539,-1,539,563,564,-1,539,564,537,-1,537,564,565,-1,537,565,538,-1,538,565,566,-1,538,566,535,-1,535,566,567,-1,535,567,536,-1,536,567,568,-1,536,568,532,-1,532,568,569,-1,532,569,533,-1,533,569,506,-1,533,506,534,-1,534,506,508,-1,534,508,505,-1,485,530,551,-1,551,530,570,-1,551,570,552,-1,552,570,571,-1,552,571,553,-1,553,571,572,-1,553,572,554,-1,554,572,573,-1,554,573,555,-1,555,573,574,-1,555,574,556,-1,556,574,575,-1,556,575,557,-1,557,575,576,-1,557,576,558,-1,558,576,577,-1,558,577,559,-1,559,577,578,-1,559,578,560,-1,560,578,579,-1,560,579,561,-1,561,579,580,-1,561,580,562,-1,562,580,581,-1,562,581,563,-1,563,581,582,-1,563,582,564,-1,564,582,583,-1,564,583,565,-1,565,583,584,-1,565,584,566,-1,566,584,585,-1,566,585,567,-1,567,585,586,-1,567,586,568,-1,568,586,587,-1,568,587,569,-1,569,587,509,-1,569,509,506,-1,506,509,511,-1,506,511,507,-1,487,588,530,-1,530,588,589,-1,530,589,570,-1,570,589,590,-1,570,590,571,-1,571,590,591,-1,571,591,572,-1,572,591,592,-1,572,592,573,-1,573,592,593,-1,573,593,574,-1,574,593,594,-1,574,594,575,-1,575,594,595,-1,575,595,576,-1,576,595,596,-1,576,596,577,-1,577,596,597,-1,577,597,578,-1,578,597,598,-1,578,598,579,-1,579,598,599,-1,579,599,580,-1,580,599,600,-1,580,600,581,-1,581,600,601,-1,581,601,582,-1,582,601,602,-1,582,602,583,-1,583,602,603,-1,583,603,584,-1,584,603,604,-1,584,604,585,-1,585,604,605,-1,585,605,586,-1,586,605,606,-1,586,606,587,-1,587,606,512,-1,587,512,509,-1,509,512,514,-1,509,514,510,-1,487,529,588,-1,588,529,607,-1,588,607,589,-1,589,607,608,-1,589,608,590,-1,590,608,609,-1,590,609,591,-1,591,609,610,-1,591,610,592,-1,592,610,611,-1,592,611,593,-1,593,611,612,-1,593,612,594,-1,594,612,613,-1,594,613,595,-1,595,613,614,-1,595,614,596,-1,596,614,615,-1,596,615,597,-1,597,615,616,-1,597,616,598,-1,598,616,617,-1,598,617,599,-1,599,617,618,-1,599,618,600,-1,600,618,619,-1,600,619,601,-1,601,619,620,-1,601,620,602,-1,602,620,621,-1,602,621,603,-1,603,621,622,-1,603,622,604,-1,604,622,623,-1,604,623,605,-1,605,623,624,-1,605,624,606,-1,606,624,515,-1,606,515,512,-1,512,515,517,-1,512,517,513,-1,497,528,529,-1,529,528,625,-1,529,625,607,-1,607,625,626,-1,607,626,608,-1,608,626,627,-1,608,627,609,-1,609,627,628,-1,609,628,610,-1,610,628,629,-1,610,629,611,-1,611,629,630,-1,611,630,612,-1,612,630,631,-1,612,631,613,-1,613,631,632,-1,613,632,614,-1,614,632,633,-1,614,633,615,-1,615,633,634,-1,615,634,616,-1,616,634,635,-1,616,635,617,-1,617,635,636,-1,617,636,618,-1,618,636,637,-1,618,637,619,-1,619,637,638,-1,619,638,620,-1,620,638,639,-1,620,639,621,-1,621,639,640,-1,621,640,622,-1,622,640,641,-1,622,641,623,-1,623,641,642,-1,623,642,624,-1,624,642,518,-1,624,518,515,-1,515,518,520,-1,515,520,516,-1,496,527,528,-1,528,527,643,-1,528,643,625,-1,625,643,644,-1,625,644,626,-1,626,644,645,-1,626,645,627,-1,627,645,646,-1,627,646,628,-1,628,646,647,-1,628,647,629,-1,629,647,648,-1,629,648,630,-1,630,648,649,-1,630,649,631,-1,631,649,650,-1,631,650,632,-1,632,650,651,-1,632,651,633,-1,633,651,652,-1,633,652,634,-1,634,652,653,-1,634,653,635,-1,635,653,654,-1,635,654,636,-1,636,654,655,-1,636,655,637,-1,637,655,656,-1,637,656,638,-1,638,656,657,-1,638,657,639,-1,639,657,658,-1,639,658,640,-1,640,658,659,-1,640,659,641,-1,641,659,660,-1,641,660,642,-1,642,660,661,-1,642,661,518,-1,518,661,662,-1,518,662,519,-1,494,526,527,-1,527,526,663,-1,527,663,643,-1,643,663,664,-1,643,664,644,-1,644,664,665,-1,644,665,645,-1,645,665,666,-1,645,666,646,-1,646,666,667,-1,646,667,647,-1,647,667,668,-1,647,668,648,-1,648,668,669,-1,648,669,649,-1,649,669,670,-1,649,670,650,-1,650,670,671,-1,650,671,651,-1,651,671,672,-1,651,672,652,-1,652,672,673,-1,652,673,653,-1,653,673,674,-1,653,674,654,-1,654,674,675,-1,654,675,655,-1,655,675,676,-1,655,676,656,-1,656,676,677,-1,656,677,657,-1,657,677,678,-1,657,678,658,-1,658,678,679,-1,658,679,659,-1,659,679,680,-1,659,680,660,-1,660,680,522,-1,660,522,661,-1,661,522,525,-1,661,525,662,-1,78,522,79,-1,79,522,680,-1,79,680,83,-1,83,680,679,-1,83,679,84,-1,84,679,678,-1,84,678,88,-1,88,678,677,-1,88,677,89,-1,89,677,676,-1,89,676,90,-1,90,676,675,-1,90,675,69,-1,69,675,674,-1,69,674,70,-1,70,674,673,-1,70,673,71,-1,71,673,672,-1,71,672,67,-1,67,672,671,-1,67,671,68,-1,68,671,670,-1,68,670,72,-1,72,670,669,-1,72,669,73,-1,73,669,668,-1,73,668,74,-1,74,668,667,-1,74,667,85,-1,85,667,666,-1,85,666,86,-1,86,666,665,-1,86,665,87,-1,87,665,664,-1,87,664,80,-1,80,664,663,-1,80,663,75,-1,75,663,526,-1,75,526,76,-1,76,526,498,-1,76,498,81,-1,362,445,500,-1,500,445,681,-1,500,681,501,-1,501,681,682,-1,501,682,502,-1,502,682,683,-1,502,683,503,-1,503,683,684,-1,503,684,504,-1,504,684,685,-1,504,685,39,-1,39,685,25,-1,445,446,681,-1,681,446,686,-1,681,686,682,-1,682,686,687,-1,682,687,683,-1,683,687,688,-1,683,688,684,-1,684,688,689,-1,684,689,685,-1,685,689,690,-1,685,690,25,-1,25,690,24,-1,446,447,686,-1,686,447,691,-1,686,691,687,-1,687,691,692,-1,687,692,688,-1,688,692,693,-1,688,693,689,-1,689,693,694,-1,689,694,690,-1,690,694,695,-1,690,695,24,-1,24,695,23,-1,447,448,691,-1,691,448,696,-1,691,696,692,-1,692,696,697,-1,692,697,693,-1,693,697,698,-1,693,698,694,-1,694,698,699,-1,694,699,695,-1,695,699,700,-1,695,700,23,-1,23,700,26,-1,448,449,696,-1,696,449,701,-1,696,701,697,-1,697,701,702,-1,697,702,698,-1,698,702,703,-1,698,703,699,-1,699,703,704,-1,699,704,700,-1,700,704,705,-1,700,705,26,-1,26,705,27,-1,449,364,701,-1,701,364,706,-1,701,706,702,-1,702,706,707,-1,702,707,703,-1,703,707,708,-1,703,708,704,-1,704,708,709,-1,704,709,705,-1,705,709,710,-1,705,710,27,-1,27,710,28,-1,29,28,77,-1,77,28,710,-1,77,710,78,-1,525,524,709,-1,709,524,523,-1,709,523,710,-1,710,523,521,-1,710,521,78,-1,513,517,708,-1,708,517,516,-1,516,520,708,-1,708,520,519,-1,708,519,709,-1,709,519,662,-1,709,662,525,-1,707,510,708,-1,708,510,514,-1,708,514,513,-1,505,508,707,-1,508,507,707,-1,707,507,511,-1,707,511,510,-1,706,364,366,-1,366,405,706,-1,706,405,403,-1,706,403,707,-1,707,403,402,-1,707,402,505,-1,51,53,55,-1,60,62,58,-1,58,62,65,-1,40,43,45,-1,65,34,19,-1,19,40,65,-1,65,40,45,-1,65,45,58,-1,58,45,47,-1,58,47,55,-1,55,47,49,-1,55,49,51,-1,711,712,713,-1,714,715,716,-1,716,715,717,-1,718,719,720,-1,720,719,721,-1,722,723,716,-1,716,723,714,-1,721,719,724,-1,724,719,725,-1,715,726,717,-1,717,726,727,-1,728,718,729,-1,729,718,720,-1,730,731,722,-1,722,724,730,-1,730,724,725,-1,730,725,732,-1,733,734,728,-1,734,735,736,-1,728,729,733,-1,733,729,727,-1,733,727,737,-1,737,727,726,-1,737,726,731,-1,731,726,723,-1,731,723,722,-1,738,739,728,-1,740,741,725,-1,725,741,742,-1,738,728,743,-1,742,744,725,-1,725,744,745,-1,725,745,732,-1,732,745,746,-1,732,746,747,-1,734,736,728,-1,728,736,748,-1,728,748,743,-1,739,749,728,-1,728,749,750,-1,728,750,725,-1,725,750,751,-1,725,751,740,-1,752,737,753,-1,753,737,731,-1,754,755,756,-1,756,755,757,-1,756,757,753,-1,753,757,752,-1,758,755,759,-1,759,755,754,-1,760,758,761,-1,761,758,759,-1,762,760,763,-1,763,760,761,-1,764,762,765,-1,765,762,763,-1,766,764,767,-1,767,764,765,-1,768,766,769,-1,769,766,767,-1,770,771,772,-1,772,771,773,-1,772,773,769,-1,769,773,768,-1,774,771,775,-1,775,771,770,-1,776,774,777,-1,777,774,775,-1,778,779,780,-1,780,779,781,-1,780,781,777,-1,777,781,776,-1,782,779,783,-1,783,779,778,-1,784,785,778,-1,778,785,786,-1,778,786,783,-1,782,787,779,-1,779,787,788,-1,779,788,789,-1,790,791,734,-1,792,793,794,-1,790,734,795,-1,791,796,797,-1,732,798,799,-1,797,800,791,-1,791,800,735,-1,791,735,734,-1,798,732,794,-1,794,732,747,-1,794,747,792,-1,789,801,779,-1,779,801,802,-1,779,802,734,-1,734,802,803,-1,734,803,795,-1,799,804,732,-1,732,804,805,-1,732,805,778,-1,778,805,806,-1,778,806,784,-1,771,774,776,-1,807,808,809,-1,809,808,810,-1,809,810,733,-1,811,812,781,-1,810,813,733,-1,733,813,814,-1,733,814,734,-1,734,814,815,-1,816,817,779,-1,779,817,818,-1,779,818,781,-1,781,818,819,-1,781,819,811,-1,815,820,734,-1,734,820,821,-1,734,821,822,-1,823,824,809,-1,809,824,825,-1,809,825,807,-1,822,826,734,-1,734,826,827,-1,734,827,779,-1,779,827,828,-1,779,828,816,-1,812,829,781,-1,781,829,830,-1,781,830,809,-1,809,830,831,-1,809,831,823,-1,773,832,833,-1,834,771,835,-1,835,771,776,-1,835,776,836,-1,836,776,781,-1,836,781,837,-1,834,838,771,-1,771,838,839,-1,771,839,840,-1,840,841,771,-1,771,841,842,-1,771,842,773,-1,773,842,843,-1,773,843,832,-1,844,845,809,-1,846,809,847,-1,847,809,773,-1,847,773,848,-1,848,773,833,-1,781,849,850,-1,851,852,853,-1,854,855,781,-1,781,855,856,-1,781,856,857,-1,857,858,781,-1,781,858,859,-1,781,859,849,-1,850,860,781,-1,781,860,861,-1,781,861,837,-1,862,846,863,-1,863,846,864,-1,863,864,865,-1,865,864,851,-1,865,851,866,-1,866,851,853,-1,845,867,809,-1,809,867,868,-1,809,868,781,-1,781,868,869,-1,781,869,854,-1,852,870,853,-1,853,870,871,-1,853,871,872,-1,872,871,849,-1,872,849,873,-1,873,849,859,-1,862,874,846,-1,846,874,875,-1,846,875,809,-1,809,875,876,-1,809,876,877,-1,877,878,809,-1,809,878,879,-1,809,879,844,-1,764,766,768,-1,773,760,768,-1,768,760,762,-1,768,762,764,-1,880,881,757,-1,758,882,755,-1,755,882,883,-1,755,883,757,-1,757,883,884,-1,757,884,880,-1,885,886,760,-1,760,886,887,-1,760,887,758,-1,758,887,888,-1,758,888,882,-1,889,890,809,-1,809,890,891,-1,809,891,892,-1,893,894,773,-1,881,895,757,-1,757,895,896,-1,757,896,809,-1,809,896,897,-1,809,897,889,-1,892,898,809,-1,809,898,899,-1,809,899,773,-1,773,899,900,-1,773,900,893,-1,894,901,773,-1,773,901,902,-1,773,902,760,-1,760,902,903,-1,760,903,885,-1,904,905,809,-1,809,905,906,-1,907,908,733,-1,733,908,909,-1,733,909,809,-1,809,909,910,-1,809,910,904,-1,911,912,757,-1,757,912,913,-1,914,915,752,-1,752,915,916,-1,752,916,737,-1,737,916,917,-1,737,917,918,-1,918,919,737,-1,737,919,920,-1,737,920,733,-1,733,920,921,-1,733,921,907,-1,906,922,809,-1,809,922,923,-1,809,923,757,-1,757,923,924,-1,757,924,911,-1,913,925,757,-1,757,925,926,-1,757,926,752,-1,752,926,927,-1,752,927,914,-1,756,928,929,-1,930,931,730,-1,730,931,932,-1,933,934,731,-1,731,934,935,-1,731,935,753,-1,753,935,936,-1,753,936,937,-1,937,938,753,-1,753,938,939,-1,753,939,756,-1,756,939,940,-1,756,940,928,-1,941,942,943,-1,943,942,944,-1,943,944,930,-1,929,945,756,-1,756,945,946,-1,756,946,947,-1,932,948,730,-1,730,948,949,-1,730,949,731,-1,731,949,950,-1,731,950,933,-1,947,951,943,-1,943,951,952,-1,943,952,941,-1,953,954,756,-1,756,954,955,-1,761,956,957,-1,947,943,756,-1,756,943,958,-1,756,958,953,-1,955,959,756,-1,756,959,960,-1,756,960,754,-1,754,960,961,-1,754,961,759,-1,759,961,962,-1,759,962,761,-1,761,962,963,-1,761,963,956,-1,964,965,772,-1,964,772,966,-1,957,966,761,-1,761,966,772,-1,761,772,763,-1,763,772,769,-1,763,769,765,-1,765,769,767,-1,965,967,772,-1,772,967,968,-1,772,968,969,-1,970,971,943,-1,971,972,943,-1,943,972,973,-1,943,973,974,-1,974,975,943,-1,943,975,976,-1,943,976,958,-1,777,775,770,-1,977,772,943,-1,943,772,969,-1,943,969,970,-1,977,978,772,-1,772,978,979,-1,772,979,980,-1,981,982,983,-1,984,985,780,-1,980,986,772,-1,772,986,987,-1,772,987,770,-1,770,987,988,-1,770,988,989,-1,989,990,770,-1,770,990,991,-1,770,991,992,-1,992,993,770,-1,770,993,994,-1,770,994,777,-1,777,994,995,-1,777,995,780,-1,996,997,977,-1,982,998,983,-1,983,998,999,-1,983,999,1000,-1,1000,999,1001,-1,1000,1001,1002,-1,1003,1004,943,-1,943,1004,1005,-1,943,1005,977,-1,977,1005,1006,-1,977,1006,996,-1,1007,1008,983,-1,983,1008,1009,-1,983,1009,981,-1,995,1010,780,-1,780,1010,1011,-1,780,1011,1008,-1,984,780,1012,-1,1013,943,1014,-1,1014,943,780,-1,1014,780,1015,-1,1015,780,985,-1,1013,1016,943,-1,943,1016,1017,-1,943,1017,1018,-1,1002,1001,997,-1,997,1001,1019,-1,997,1019,977,-1,1007,1020,1008,-1,1008,1020,1021,-1,1008,1021,780,-1,780,1021,1022,-1,780,1022,1012,-1,1018,1023,943,-1,943,1023,1024,-1,943,1024,1003,-1,1025,1026,943,-1,943,1026,1027,-1,930,730,943,-1,943,730,1028,-1,943,1028,1025,-1,1029,1030,778,-1,732,1031,730,-1,730,1031,1032,-1,730,1032,1028,-1,1033,1034,780,-1,780,1034,1035,-1,780,1035,778,-1,778,1035,1036,-1,778,1036,1029,-1,1037,1038,732,-1,732,1038,1039,-1,732,1039,1031,-1,1027,1040,943,-1,943,1040,1041,-1,943,1041,1042,-1,1030,1043,778,-1,778,1043,1044,-1,778,1044,732,-1,732,1044,1045,-1,732,1045,1037,-1,1042,1046,943,-1,943,1046,1047,-1,943,1047,780,-1,780,1047,1048,-1,780,1048,1033,-1,725,719,728,-1,728,719,718,-1,714,723,715,-1,715,723,726,-1,1049,1050,1051,-1,1051,1050,1052,-1,716,717,722,-1,722,717,727,-1,722,727,1051,-1,1051,727,1049,-1,1053,1054,724,-1,724,1054,729,-1,724,729,721,-1,721,729,720,-1,1055,1054,1056,-1,1056,1054,1053,-1,713,712,1057,-1,1058,1059,1060,-1,1060,1059,1055,-1,1060,1055,1057,-1,1057,1055,1056,-1,1057,1056,713,-1,1059,1058,1061,-1,1061,1058,1062,-1,1061,1062,1063,-1,1064,1061,1065,-1,1065,1061,1063,-1,1050,1064,1052,-1,1052,1064,1065,-1,1049,727,1055,-1,1055,727,729,-1,1055,729,1054,-1,1064,1050,1061,-1,1061,1050,1049,-1,1061,1049,1059,-1,1059,1049,1055,-1,1066,711,713,-1,1063,1062,1065,-1,1065,1062,1067,-1,1053,724,1056,-1,1056,724,722,-1,1056,722,1051,-1,713,1056,1066,-1,1066,1056,1051,-1,1066,1051,1067,-1,1067,1051,1052,-1,1067,1052,1065,-1,919,1068,920,-1,920,1068,1069,-1,920,1069,921,-1,921,1069,1070,-1,921,1070,907,-1,907,1070,1071,-1,907,1071,908,-1,908,1071,1072,-1,908,1072,909,-1,909,1072,1073,-1,909,1073,910,-1,910,1073,1074,-1,910,1074,904,-1,904,1074,1075,-1,904,1075,905,-1,905,1075,1076,-1,905,1076,906,-1,906,1076,1077,-1,906,1077,922,-1,922,1077,1078,-1,922,1078,923,-1,923,1078,1079,-1,923,1079,924,-1,924,1079,1080,-1,924,1080,911,-1,911,1080,1081,-1,911,1081,912,-1,912,1081,1082,-1,912,1082,913,-1,913,1082,1083,-1,913,1083,925,-1,925,1083,1084,-1,925,1084,926,-1,926,1084,1085,-1,926,1085,927,-1,927,1085,1086,-1,927,1086,914,-1,914,1086,1087,-1,914,1087,915,-1,915,1087,1088,-1,915,1088,916,-1,916,1088,1089,-1,916,1089,917,-1,917,1089,1090,-1,917,1090,918,-1,918,1090,1091,-1,918,1091,919,-1,919,1091,1068,-1,1081,1080,1092,-1,1092,1080,1079,-1,1092,1079,1078,-1,1084,1083,1092,-1,1092,1083,1082,-1,1092,1082,1081,-1,1087,1086,1092,-1,1092,1086,1085,-1,1092,1085,1084,-1,1090,1089,1092,-1,1092,1089,1088,-1,1092,1088,1087,-1,1069,1068,1092,-1,1092,1068,1091,-1,1092,1091,1090,-1,1072,1071,1092,-1,1092,1071,1070,-1,1092,1070,1069,-1,1075,1074,1092,-1,1092,1074,1073,-1,1092,1073,1072,-1,1078,1077,1092,-1,1092,1077,1076,-1,1092,1076,1075,-1,896,1093,897,-1,897,1093,1094,-1,897,1094,889,-1,889,1094,1095,-1,889,1095,890,-1,890,1095,1096,-1,890,1096,891,-1,891,1096,1097,-1,891,1097,892,-1,892,1097,1098,-1,892,1098,898,-1,898,1098,1099,-1,898,1099,899,-1,899,1099,1100,-1,899,1100,900,-1,900,1100,1101,-1,900,1101,893,-1,893,1101,1102,-1,893,1102,894,-1,894,1102,1103,-1,894,1103,901,-1,901,1103,1104,-1,901,1104,902,-1,902,1104,1105,-1,902,1105,903,-1,903,1105,1106,-1,903,1106,885,-1,885,1106,1107,-1,885,1107,886,-1,886,1107,1108,-1,886,1108,887,-1,887,1108,1109,-1,887,1109,888,-1,888,1109,1110,-1,888,1110,882,-1,882,1110,1111,-1,882,1111,883,-1,883,1111,1112,-1,883,1112,884,-1,884,1112,1113,-1,884,1113,880,-1,880,1113,1114,-1,880,1114,881,-1,881,1114,1115,-1,881,1115,895,-1,895,1115,1116,-1,895,1116,896,-1,896,1116,1093,-1,1106,1105,1117,-1,1117,1105,1104,-1,1117,1104,1103,-1,1109,1108,1117,-1,1117,1108,1107,-1,1117,1107,1106,-1,1112,1111,1117,-1,1117,1111,1110,-1,1117,1110,1109,-1,1115,1114,1117,-1,1117,1114,1113,-1,1117,1113,1112,-1,1094,1093,1117,-1,1117,1093,1116,-1,1117,1116,1115,-1,1097,1096,1117,-1,1117,1096,1095,-1,1117,1095,1094,-1,1100,1099,1117,-1,1117,1099,1098,-1,1117,1098,1097,-1,1103,1102,1117,-1,1117,1102,1101,-1,1117,1101,1100,-1,821,1118,822,-1,822,1118,1119,-1,822,1119,826,-1,826,1119,1120,-1,826,1120,827,-1,827,1120,1121,-1,827,1121,828,-1,828,1121,1122,-1,828,1122,816,-1,816,1122,1123,-1,816,1123,817,-1,817,1123,1124,-1,817,1124,818,-1,818,1124,1125,-1,818,1125,819,-1,819,1125,1126,-1,819,1126,811,-1,811,1126,1127,-1,811,1127,812,-1,812,1127,1128,-1,812,1128,829,-1,829,1128,1129,-1,829,1129,830,-1,830,1129,1130,-1,830,1130,831,-1,831,1130,1131,-1,831,1131,823,-1,823,1131,1132,-1,823,1132,824,-1,824,1132,1133,-1,824,1133,825,-1,825,1133,1134,-1,825,1134,807,-1,807,1134,1135,-1,807,1135,808,-1,808,1135,1136,-1,808,1136,810,-1,810,1136,1137,-1,810,1137,813,-1,813,1137,1138,-1,813,1138,814,-1,814,1138,1139,-1,814,1139,815,-1,815,1139,1140,-1,815,1140,820,-1,820,1140,1141,-1,820,1141,821,-1,821,1141,1118,-1,1131,1130,1142,-1,1142,1130,1129,-1,1142,1129,1128,-1,1134,1133,1142,-1,1142,1133,1132,-1,1142,1132,1131,-1,1137,1136,1142,-1,1142,1136,1135,-1,1142,1135,1134,-1,1140,1139,1142,-1,1142,1139,1138,-1,1142,1138,1137,-1,1119,1118,1142,-1,1142,1118,1141,-1,1142,1141,1140,-1,1122,1121,1142,-1,1142,1121,1120,-1,1142,1120,1119,-1,1125,1124,1142,-1,1142,1124,1123,-1,1142,1123,1122,-1,1128,1127,1142,-1,1142,1127,1126,-1,1142,1126,1125,-1,871,1143,849,-1,849,1143,1144,-1,849,1144,850,-1,850,1144,1145,-1,850,1145,860,-1,860,1145,1146,-1,860,1146,861,-1,861,1146,1147,-1,861,1147,837,-1,837,1147,1148,-1,837,1148,836,-1,836,1148,1149,-1,836,1149,835,-1,835,1149,1150,-1,835,1150,834,-1,834,1150,1151,-1,834,1151,838,-1,838,1151,1152,-1,838,1152,839,-1,839,1152,1153,-1,839,1153,840,-1,840,1153,1154,-1,840,1154,841,-1,841,1154,1155,-1,841,1155,842,-1,842,1155,1156,-1,842,1156,843,-1,843,1156,1157,-1,843,1157,832,-1,832,1157,1158,-1,832,1158,833,-1,833,1158,1159,-1,833,1159,848,-1,848,1159,1160,-1,848,1160,847,-1,847,1160,1161,-1,847,1161,846,-1,846,1161,1162,-1,846,1162,864,-1,864,1162,1163,-1,864,1163,851,-1,851,1163,1164,-1,851,1164,852,-1,852,1164,1165,-1,852,1165,870,-1,870,1165,1166,-1,870,1166,871,-1,871,1166,1143,-1,1156,1155,1167,-1,1167,1155,1154,-1,1167,1154,1153,-1,1159,1158,1167,-1,1167,1158,1157,-1,1167,1157,1156,-1,1162,1161,1167,-1,1167,1161,1160,-1,1167,1160,1159,-1,1165,1164,1167,-1,1167,1164,1163,-1,1167,1163,1162,-1,1144,1143,1167,-1,1167,1143,1166,-1,1167,1166,1165,-1,1147,1146,1167,-1,1167,1146,1145,-1,1167,1145,1144,-1,1150,1149,1167,-1,1167,1149,1148,-1,1167,1148,1147,-1,1153,1152,1167,-1,1167,1152,1151,-1,1167,1151,1150,-1,869,1168,854,-1,854,1168,1169,-1,854,1169,855,-1,855,1169,1170,-1,855,1170,856,-1,856,1170,1171,-1,856,1171,857,-1,857,1171,1172,-1,857,1172,858,-1,858,1172,1173,-1,858,1173,859,-1,859,1173,1174,-1,859,1174,873,-1,873,1174,1175,-1,873,1175,872,-1,872,1175,1176,-1,872,1176,853,-1,853,1176,1177,-1,853,1177,866,-1,866,1177,1178,-1,866,1178,865,-1,865,1178,1179,-1,865,1179,863,-1,863,1179,1180,-1,863,1180,862,-1,862,1180,1181,-1,862,1181,874,-1,874,1181,1182,-1,874,1182,875,-1,875,1182,1183,-1,875,1183,876,-1,876,1183,1184,-1,876,1184,877,-1,877,1184,1185,-1,877,1185,878,-1,878,1185,1186,-1,878,1186,879,-1,879,1186,1187,-1,879,1187,844,-1,844,1187,1188,-1,844,1188,845,-1,845,1188,1189,-1,845,1189,867,-1,867,1189,1190,-1,867,1190,868,-1,868,1190,1191,-1,868,1191,869,-1,869,1191,1168,-1,1181,1180,1192,-1,1192,1180,1179,-1,1192,1179,1178,-1,1184,1183,1192,-1,1192,1183,1182,-1,1192,1182,1181,-1,1187,1186,1192,-1,1192,1186,1185,-1,1192,1185,1184,-1,1190,1189,1192,-1,1192,1189,1188,-1,1192,1188,1187,-1,1169,1168,1192,-1,1192,1168,1191,-1,1192,1191,1190,-1,1172,1171,1192,-1,1192,1171,1170,-1,1192,1170,1169,-1,1175,1174,1192,-1,1192,1174,1173,-1,1192,1173,1172,-1,1178,1177,1192,-1,1192,1177,1176,-1,1192,1176,1175,-1,1193,1038,1194,-1,1194,1038,1037,-1,1194,1037,1195,-1,1195,1037,1045,-1,1195,1045,1196,-1,1196,1045,1044,-1,1196,1044,1197,-1,1197,1044,1043,-1,1197,1043,1198,-1,1198,1043,1030,-1,1198,1030,1199,-1,1199,1030,1029,-1,1199,1029,1200,-1,1200,1029,1036,-1,1200,1036,1201,-1,1201,1036,1035,-1,1201,1035,1202,-1,1202,1035,1034,-1,1202,1034,1203,-1,1203,1034,1033,-1,1203,1033,1204,-1,1204,1033,1048,-1,1204,1048,1205,-1,1205,1048,1047,-1,1205,1047,1206,-1,1206,1047,1046,-1,1206,1046,1207,-1,1207,1046,1042,-1,1207,1042,1208,-1,1208,1042,1041,-1,1208,1041,1209,-1,1209,1041,1040,-1,1209,1040,1210,-1,1210,1040,1027,-1,1210,1027,1211,-1,1211,1027,1026,-1,1211,1026,1212,-1,1212,1026,1025,-1,1212,1025,1213,-1,1213,1025,1028,-1,1213,1028,1214,-1,1214,1028,1032,-1,1214,1032,1215,-1,1215,1032,1031,-1,1215,1031,1216,-1,1216,1031,1039,-1,1216,1039,1193,-1,1193,1039,1038,-1,1215,1216,1217,-1,1217,1216,1193,-1,1217,1193,1194,-1,1212,1213,1217,-1,1217,1213,1214,-1,1217,1214,1215,-1,1209,1210,1217,-1,1217,1210,1211,-1,1217,1211,1212,-1,1206,1207,1217,-1,1217,1207,1208,-1,1217,1208,1209,-1,1203,1204,1217,-1,1217,1204,1205,-1,1217,1205,1206,-1,1200,1201,1217,-1,1217,1201,1202,-1,1217,1202,1203,-1,1197,1198,1217,-1,1217,1198,1199,-1,1217,1199,1200,-1,1194,1195,1217,-1,1217,1195,1196,-1,1217,1196,1197,-1,1218,1014,1219,-1,1219,1014,1015,-1,1219,1015,1220,-1,1220,1015,985,-1,1220,985,1221,-1,1221,985,984,-1,1221,984,1222,-1,1222,984,1012,-1,1222,1012,1223,-1,1223,1012,1022,-1,1223,1022,1224,-1,1224,1022,1021,-1,1224,1021,1225,-1,1225,1021,1020,-1,1225,1020,1226,-1,1226,1020,1007,-1,1226,1007,1227,-1,1227,1007,983,-1,1227,983,1228,-1,1228,983,1000,-1,1228,1000,1229,-1,1229,1000,1002,-1,1229,1002,1230,-1,1230,1002,997,-1,1230,997,1231,-1,1231,997,996,-1,1231,996,1232,-1,1232,996,1006,-1,1232,1006,1233,-1,1233,1006,1005,-1,1233,1005,1234,-1,1234,1005,1004,-1,1234,1004,1235,-1,1235,1004,1003,-1,1235,1003,1236,-1,1236,1003,1024,-1,1236,1024,1237,-1,1237,1024,1023,-1,1237,1023,1238,-1,1238,1023,1018,-1,1238,1018,1239,-1,1239,1018,1017,-1,1239,1017,1240,-1,1240,1017,1016,-1,1240,1016,1241,-1,1241,1016,1013,-1,1241,1013,1218,-1,1218,1013,1014,-1,1240,1241,1242,-1,1242,1241,1218,-1,1242,1218,1219,-1,1237,1238,1242,-1,1242,1238,1239,-1,1242,1239,1240,-1,1234,1235,1242,-1,1242,1235,1236,-1,1242,1236,1237,-1,1231,1232,1242,-1,1242,1232,1233,-1,1242,1233,1234,-1,1228,1229,1242,-1,1242,1229,1230,-1,1242,1230,1231,-1,1225,1226,1242,-1,1242,1226,1227,-1,1242,1227,1228,-1,1222,1223,1242,-1,1242,1223,1224,-1,1242,1224,1225,-1,1219,1220,1242,-1,1242,1220,1221,-1,1242,1221,1222,-1,1243,933,1244,-1,1244,933,950,-1,1244,950,1245,-1,1245,950,949,-1,1245,949,1246,-1,1246,949,948,-1,1246,948,1247,-1,1247,948,932,-1,1247,932,1248,-1,1248,932,931,-1,1248,931,1249,-1,1249,931,930,-1,1249,930,1250,-1,1250,930,944,-1,1250,944,1251,-1,1251,944,942,-1,1251,942,1252,-1,1252,942,941,-1,1252,941,1253,-1,1253,941,952,-1,1253,952,1254,-1,1254,952,951,-1,1254,951,1255,-1,1255,951,947,-1,1255,947,1256,-1,1256,947,946,-1,1256,946,1257,-1,1257,946,945,-1,1257,945,1258,-1,1258,945,929,-1,1258,929,1259,-1,1259,929,928,-1,1259,928,1260,-1,1260,928,940,-1,1260,940,1261,-1,1261,940,939,-1,1261,939,1262,-1,1262,939,938,-1,1262,938,1263,-1,1263,938,937,-1,1263,937,1264,-1,1264,937,936,-1,1264,936,1265,-1,1265,936,935,-1,1265,935,1266,-1,1266,935,934,-1,1266,934,1243,-1,1243,934,933,-1,1265,1266,1267,-1,1267,1266,1243,-1,1267,1243,1244,-1,1262,1263,1267,-1,1267,1263,1264,-1,1267,1264,1265,-1,1259,1260,1267,-1,1267,1260,1261,-1,1267,1261,1262,-1,1256,1257,1267,-1,1267,1257,1258,-1,1267,1258,1259,-1,1253,1254,1267,-1,1267,1254,1255,-1,1267,1255,1256,-1,1250,1251,1267,-1,1267,1251,1252,-1,1267,1252,1253,-1,1247,1248,1267,-1,1267,1248,1249,-1,1267,1249,1250,-1,1244,1245,1267,-1,1267,1245,1246,-1,1267,1246,1247,-1,1268,958,1269,-1,1269,958,976,-1,1269,976,1270,-1,1270,976,975,-1,1270,975,1271,-1,1271,975,974,-1,1271,974,1272,-1,1272,974,973,-1,1272,973,1273,-1,1273,973,972,-1,1273,972,1274,-1,1274,972,971,-1,1274,971,1275,-1,1275,971,970,-1,1275,970,1276,-1,1276,970,969,-1,1276,969,1277,-1,1277,969,968,-1,1277,968,1278,-1,1278,968,967,-1,1278,967,1279,-1,1279,967,965,-1,1279,965,1280,-1,1280,965,964,-1,1280,964,1281,-1,1281,964,966,-1,1281,966,1282,-1,1282,966,957,-1,1282,957,1283,-1,1283,957,956,-1,1283,956,1284,-1,1284,956,963,-1,1284,963,1285,-1,1285,963,962,-1,1285,962,1286,-1,1286,962,961,-1,1286,961,1287,-1,1287,961,960,-1,1287,960,1288,-1,1288,960,959,-1,1288,959,1289,-1,1289,959,955,-1,1289,955,1290,-1,1290,955,954,-1,1290,954,1291,-1,1291,954,953,-1,1291,953,1268,-1,1268,953,958,-1,1290,1291,1292,-1,1292,1291,1268,-1,1292,1268,1269,-1,1287,1288,1292,-1,1292,1288,1289,-1,1292,1289,1290,-1,1284,1285,1292,-1,1292,1285,1286,-1,1292,1286,1287,-1,1281,1282,1292,-1,1292,1282,1283,-1,1292,1283,1284,-1,1278,1279,1292,-1,1292,1279,1280,-1,1292,1280,1281,-1,1275,1276,1292,-1,1292,1276,1277,-1,1292,1277,1278,-1,1272,1273,1292,-1,1292,1273,1274,-1,1292,1274,1275,-1,1269,1270,1292,-1,1292,1270,1271,-1,1292,1271,1272,-1,1293,982,1294,-1,1294,982,981,-1,1294,981,1295,-1,1295,981,1009,-1,1295,1009,1296,-1,1296,1009,1008,-1,1296,1008,1297,-1,1297,1008,1011,-1,1297,1011,1298,-1,1298,1011,1010,-1,1298,1010,1299,-1,1299,1010,995,-1,1299,995,1300,-1,1300,995,994,-1,1300,994,1301,-1,1301,994,993,-1,1301,993,1302,-1,1302,993,992,-1,1302,992,1303,-1,1303,992,991,-1,1303,991,1304,-1,1304,991,990,-1,1304,990,1305,-1,1305,990,989,-1,1305,989,1306,-1,1306,989,988,-1,1306,988,1307,-1,1307,988,987,-1,1307,987,1308,-1,1308,987,986,-1,1308,986,1309,-1,1309,986,980,-1,1309,980,1310,-1,1310,980,979,-1,1310,979,1311,-1,1311,979,978,-1,1311,978,1312,-1,1312,978,977,-1,1312,977,1313,-1,1313,977,1019,-1,1313,1019,1314,-1,1314,1019,1001,-1,1314,1001,1315,-1,1315,1001,999,-1,1315,999,1316,-1,1316,999,998,-1,1316,998,1293,-1,1293,998,982,-1,1315,1316,1317,-1,1317,1316,1293,-1,1317,1293,1294,-1,1312,1313,1317,-1,1317,1313,1314,-1,1317,1314,1315,-1,1309,1310,1317,-1,1317,1310,1311,-1,1317,1311,1312,-1,1306,1307,1317,-1,1317,1307,1308,-1,1317,1308,1309,-1,1303,1304,1317,-1,1317,1304,1305,-1,1317,1305,1306,-1,1300,1301,1317,-1,1317,1301,1302,-1,1317,1302,1303,-1,1297,1298,1317,-1,1317,1298,1299,-1,1317,1299,1300,-1,1294,1295,1317,-1,1317,1295,1296,-1,1317,1296,1297,-1,1066,1057,711,-1,711,1057,712,-1,1062,1058,1067,-1,1067,1058,1060,-1,1067,1060,1066,-1,1066,1060,1057,-1,1318,1319,1320,-1,1320,1319,1321,-1,1322,1323,1324,-1,1324,1323,1325,-1,1326,1327,1328,-1,1328,1327,1329,-1,1321,1319,1323,-1,1321,1323,1330,-1,1331,1332,1333,-1,1333,1332,1334,-1,1333,1334,1335,-1,1336,1337,1329,-1,1329,1337,1338,-1,1329,1338,1339,-1,1339,1338,1340,-1,1339,1340,1333,-1,1333,1340,1341,-1,1333,1341,1331,-1,1342,1343,1344,-1,1334,1345,1346,-1,1336,1329,1319,-1,1319,1329,1327,-1,1319,1327,1347,-1,1342,1344,1323,-1,1323,1344,1348,-1,1323,1348,1330,-1,1346,1349,1334,-1,1334,1349,1350,-1,1334,1350,1351,-1,1351,1352,1334,-1,1334,1352,1353,-1,1334,1353,1335,-1,1347,1354,1319,-1,1319,1354,1355,-1,1319,1355,1356,-1,1356,1357,1319,-1,1319,1357,1325,-1,1319,1325,1323,-1,1319,1318,1358,-1,1319,1358,1336,-1,1318,1359,1358,-1,1358,1359,1360,-1,1358,1360,1361,-1,1339,1362,1329,-1,1329,1362,1363,-1,1363,1364,1365,-1,1365,1366,1363,-1,1363,1366,1328,-1,1363,1328,1329,-1,1333,1335,1367,-1,1367,1368,1333,-1,1333,1368,1369,-1,1333,1369,1339,-1,1339,1369,1370,-1,1339,1370,1362,-1,1353,1352,1371,-1,1371,1372,1353,-1,1353,1372,1373,-1,1353,1373,1335,-1,1335,1373,1374,-1,1335,1374,1367,-1,1351,1350,1375,-1,1375,1376,1351,-1,1351,1376,1377,-1,1351,1377,1352,-1,1352,1377,1378,-1,1352,1378,1371,-1,1349,1346,1379,-1,1379,1380,1349,-1,1349,1380,1381,-1,1349,1381,1350,-1,1350,1381,1382,-1,1350,1382,1375,-1,1345,1383,1346,-1,1346,1383,1384,-1,1346,1384,1379,-1,1334,1385,1345,-1,1345,1385,1386,-1,1345,1386,1383,-1,1332,1387,1334,-1,1334,1387,1388,-1,1334,1388,1385,-1,1331,1389,1332,-1,1332,1389,1390,-1,1332,1390,1387,-1,1341,1391,1331,-1,1331,1391,1392,-1,1331,1392,1389,-1,1340,1393,1341,-1,1341,1393,1394,-1,1341,1394,1391,-1,1338,1395,1340,-1,1340,1395,1396,-1,1340,1396,1393,-1,1337,1397,1338,-1,1338,1397,1398,-1,1338,1398,1395,-1,1358,1399,1336,-1,1336,1399,1400,-1,1336,1400,1337,-1,1337,1400,1401,-1,1337,1401,1397,-1,1320,1321,1402,-1,1402,1321,1330,-1,1402,1330,1403,-1,1403,1330,1348,-1,1403,1348,1404,-1,1404,1348,1344,-1,1404,1344,1405,-1,1405,1344,1343,-1,1405,1343,1406,-1,1406,1343,1342,-1,1406,1342,1322,-1,1322,1342,1323,-1,1324,1325,1407,-1,1407,1325,1357,-1,1407,1357,1408,-1,1408,1357,1356,-1,1408,1356,1409,-1,1409,1356,1355,-1,1409,1355,1410,-1,1410,1355,1354,-1,1410,1354,1411,-1,1411,1354,1347,-1,1411,1347,1326,-1,1326,1347,1327,-1,736,1412,1413,-1,1414,1406,1322,-1,1322,1415,1414,-1,1414,1415,1416,-1,1414,1416,1417,-1,1416,1418,1417,-1,1417,1418,1419,-1,1417,1419,1420,-1,1419,1421,1420,-1,1420,1421,1422,-1,1420,1422,1423,-1,1320,1402,1424,-1,1424,1402,1425,-1,1424,1425,1426,-1,1426,1425,1427,-1,1426,1427,1428,-1,1428,1427,1429,-1,1428,1429,1430,-1,1430,1429,1431,-1,1430,1431,1432,-1,1432,1431,1433,-1,1432,1433,1412,-1,1402,1403,1425,-1,1425,1403,1434,-1,1425,1434,1427,-1,1427,1434,1435,-1,1427,1435,1429,-1,1429,1435,1436,-1,1429,1436,1431,-1,1431,1436,1437,-1,1431,1437,1433,-1,1433,1437,1438,-1,1403,1404,1434,-1,1434,1404,1439,-1,1434,1439,1435,-1,1435,1439,1440,-1,1435,1440,1436,-1,1436,1440,1441,-1,1436,1441,1437,-1,1437,1441,1442,-1,1437,1442,1438,-1,1438,1442,1443,-1,1404,1405,1439,-1,1439,1405,1444,-1,1439,1444,1440,-1,1440,1444,1445,-1,1440,1445,1441,-1,1441,1445,1446,-1,1441,1446,1442,-1,1442,1446,1447,-1,1442,1447,1443,-1,1443,1447,1448,-1,1405,1406,1444,-1,1444,1406,1414,-1,1444,1414,1445,-1,1445,1414,1417,-1,1445,1417,1446,-1,1446,1417,1420,-1,1446,1420,1447,-1,1447,1420,1423,-1,1447,1423,1448,-1,1448,1423,1449,-1,1422,1450,1423,-1,1423,1450,1451,-1,1423,1451,1449,-1,1449,1451,1452,-1,1449,1452,1453,-1,1412,1433,1413,-1,1413,1433,1438,-1,1413,1438,1454,-1,1454,1438,1443,-1,1454,1443,1455,-1,1455,1443,1448,-1,1455,1448,1456,-1,1456,1448,1449,-1,1456,1449,1457,-1,1457,1449,1453,-1,1457,1453,1458,-1,736,1413,748,-1,748,1413,1454,-1,748,1454,743,-1,743,1454,1455,-1,743,1455,738,-1,738,1455,1456,-1,738,1456,739,-1,739,1456,1457,-1,739,1457,749,-1,749,1457,1458,-1,749,1458,750,-1,1459,1460,1430,-1,1318,1320,1359,-1,1359,1320,1424,-1,1359,1424,1360,-1,1360,1424,1361,-1,1361,1424,1426,-1,1361,1426,1461,-1,1462,1463,1428,-1,1428,1463,1464,-1,1428,1464,1426,-1,1426,1464,1465,-1,1426,1465,1461,-1,1460,1466,1430,-1,1430,1466,1467,-1,1430,1467,1428,-1,1428,1467,1468,-1,1428,1468,1462,-1,1469,1470,1432,-1,1432,1470,1471,-1,1432,1471,1430,-1,1430,1471,1472,-1,1430,1472,1459,-1,1412,797,796,-1,1412,796,1432,-1,1432,796,1473,-1,1432,1473,1469,-1,736,735,1412,-1,1412,735,800,-1,1412,800,797,-1,1322,1324,1415,-1,1415,1324,1474,-1,1415,1474,1416,-1,1416,1474,1418,-1,1418,1474,1475,-1,1418,1475,1419,-1,1419,1475,1421,-1,1421,1475,1476,-1,1421,1476,1422,-1,1422,1476,1450,-1,1450,1476,1477,-1,1450,1477,1451,-1,1451,1477,1452,-1,1452,1477,1478,-1,1452,1478,1453,-1,1453,1478,1458,-1,1458,1478,751,-1,1458,751,750,-1,1479,1364,1363,-1,1480,1481,1482,-1,1483,1484,1485,-1,1486,1487,1488,-1,1489,1490,1491,-1,1492,1493,1494,-1,1495,1496,1497,-1,1497,1496,1498,-1,1497,1498,1499,-1,1471,1470,1500,-1,1470,1469,1500,-1,1500,1469,1473,-1,1500,1473,796,-1,1501,1472,1471,-1,1466,1460,1502,-1,1502,1460,1459,-1,1502,1459,1472,-1,1468,1467,1503,-1,1503,1467,1466,-1,1463,1462,1504,-1,1504,1462,1468,-1,1465,1464,1505,-1,1505,1464,1463,-1,1506,1461,1465,-1,1369,1507,1508,-1,1479,1363,1509,-1,1509,1363,1362,-1,1509,1362,1508,-1,1508,1362,1370,-1,1508,1370,1369,-1,1373,1510,1511,-1,1369,1368,1507,-1,1507,1368,1367,-1,1507,1367,1511,-1,1511,1367,1374,-1,1511,1374,1373,-1,1377,1512,1513,-1,1373,1372,1510,-1,1510,1372,1371,-1,1510,1371,1513,-1,1513,1371,1378,-1,1513,1378,1377,-1,1377,1376,1512,-1,1512,1376,1375,-1,1512,1375,1514,-1,1514,1375,1382,-1,1514,1382,1515,-1,1515,1382,1381,-1,1381,1380,1515,-1,1515,1380,1379,-1,1515,1379,1516,-1,1379,1384,1516,-1,1516,1384,1383,-1,1516,1383,1517,-1,1517,1383,1386,-1,1517,1386,1518,-1,1518,1386,1385,-1,1518,1385,1519,-1,1385,1388,1519,-1,1519,1388,1387,-1,1519,1387,1520,-1,1520,1387,1390,-1,1390,1389,1520,-1,1520,1389,1392,-1,1520,1392,1521,-1,1396,1522,1523,-1,1392,1391,1521,-1,1521,1391,1394,-1,1521,1394,1523,-1,1523,1394,1393,-1,1523,1393,1396,-1,1401,1524,1525,-1,1396,1395,1522,-1,1522,1395,1398,-1,1522,1398,1525,-1,1525,1398,1397,-1,1525,1397,1401,-1,1401,1400,1524,-1,1524,1400,1399,-1,1524,1399,1506,-1,1506,1399,1358,-1,1506,1358,1461,-1,1461,1358,1361,-1,1465,1505,1506,-1,1506,1505,1526,-1,1506,1526,1524,-1,1524,1526,1527,-1,1524,1527,1525,-1,1525,1527,1528,-1,1525,1528,1522,-1,1522,1528,1529,-1,1522,1529,1523,-1,1523,1529,1530,-1,1523,1530,1521,-1,1521,1530,1531,-1,1521,1531,1520,-1,1520,1531,1532,-1,1520,1532,1519,-1,1519,1532,1533,-1,1519,1533,1518,-1,1518,1533,1534,-1,1518,1534,1517,-1,1517,1534,1535,-1,1517,1535,1516,-1,1516,1535,1536,-1,1516,1536,1515,-1,1515,1536,1537,-1,1515,1537,1514,-1,1514,1537,1538,-1,1514,1538,1512,-1,1512,1538,1539,-1,1512,1539,1513,-1,1513,1539,1540,-1,1513,1540,1510,-1,1510,1540,1541,-1,1510,1541,1511,-1,1511,1541,1542,-1,1511,1542,1507,-1,1507,1542,1543,-1,1507,1543,1508,-1,1508,1543,1480,-1,1508,1480,1509,-1,1509,1480,1482,-1,1509,1482,1479,-1,1463,1504,1505,-1,1505,1504,1544,-1,1505,1544,1526,-1,1526,1544,1545,-1,1526,1545,1527,-1,1527,1545,1546,-1,1527,1546,1528,-1,1528,1546,1547,-1,1528,1547,1529,-1,1529,1547,1548,-1,1529,1548,1530,-1,1530,1548,1549,-1,1530,1549,1531,-1,1531,1549,1550,-1,1531,1550,1532,-1,1532,1550,1551,-1,1532,1551,1533,-1,1533,1551,1552,-1,1533,1552,1534,-1,1534,1552,1553,-1,1534,1553,1535,-1,1535,1553,1554,-1,1535,1554,1536,-1,1536,1554,1555,-1,1536,1555,1537,-1,1537,1555,1556,-1,1537,1556,1538,-1,1538,1556,1557,-1,1538,1557,1539,-1,1539,1557,1558,-1,1539,1558,1540,-1,1540,1558,1559,-1,1540,1559,1541,-1,1541,1559,1560,-1,1541,1560,1542,-1,1542,1560,1561,-1,1542,1561,1543,-1,1543,1561,1483,-1,1543,1483,1480,-1,1480,1483,1485,-1,1480,1485,1481,-1,1468,1503,1504,-1,1504,1503,1562,-1,1504,1562,1544,-1,1544,1562,1563,-1,1544,1563,1545,-1,1545,1563,1564,-1,1545,1564,1546,-1,1546,1564,1565,-1,1546,1565,1547,-1,1547,1565,1566,-1,1547,1566,1548,-1,1548,1566,1567,-1,1548,1567,1549,-1,1549,1567,1568,-1,1549,1568,1550,-1,1550,1568,1569,-1,1550,1569,1551,-1,1551,1569,1570,-1,1551,1570,1552,-1,1552,1570,1571,-1,1552,1571,1553,-1,1553,1571,1572,-1,1553,1572,1554,-1,1554,1572,1573,-1,1554,1573,1555,-1,1555,1573,1574,-1,1555,1574,1556,-1,1556,1574,1575,-1,1556,1575,1557,-1,1557,1575,1576,-1,1557,1576,1558,-1,1558,1576,1577,-1,1558,1577,1559,-1,1559,1577,1578,-1,1559,1578,1560,-1,1560,1578,1579,-1,1560,1579,1561,-1,1561,1579,1486,-1,1561,1486,1483,-1,1483,1486,1488,-1,1483,1488,1484,-1,1466,1502,1503,-1,1503,1502,1580,-1,1503,1580,1562,-1,1562,1580,1581,-1,1562,1581,1563,-1,1563,1581,1582,-1,1563,1582,1564,-1,1564,1582,1583,-1,1564,1583,1565,-1,1565,1583,1584,-1,1565,1584,1566,-1,1566,1584,1585,-1,1566,1585,1567,-1,1567,1585,1586,-1,1567,1586,1568,-1,1568,1586,1587,-1,1568,1587,1569,-1,1569,1587,1588,-1,1569,1588,1570,-1,1570,1588,1589,-1,1570,1589,1571,-1,1571,1589,1590,-1,1571,1590,1572,-1,1572,1590,1591,-1,1572,1591,1573,-1,1573,1591,1592,-1,1573,1592,1574,-1,1574,1592,1593,-1,1574,1593,1575,-1,1575,1593,1594,-1,1575,1594,1576,-1,1576,1594,1595,-1,1576,1595,1577,-1,1577,1595,1596,-1,1577,1596,1578,-1,1578,1596,1597,-1,1578,1597,1579,-1,1579,1597,1489,-1,1579,1489,1486,-1,1486,1489,1491,-1,1486,1491,1487,-1,1472,1501,1502,-1,1502,1501,1598,-1,1502,1598,1580,-1,1580,1598,1599,-1,1580,1599,1581,-1,1581,1599,1600,-1,1581,1600,1582,-1,1582,1600,1601,-1,1582,1601,1583,-1,1583,1601,1602,-1,1583,1602,1584,-1,1584,1602,1603,-1,1584,1603,1585,-1,1585,1603,1604,-1,1585,1604,1586,-1,1586,1604,1605,-1,1586,1605,1587,-1,1587,1605,1606,-1,1587,1606,1588,-1,1588,1606,1607,-1,1588,1607,1589,-1,1589,1607,1608,-1,1589,1608,1590,-1,1590,1608,1609,-1,1590,1609,1591,-1,1591,1609,1610,-1,1591,1610,1592,-1,1592,1610,1611,-1,1592,1611,1593,-1,1593,1611,1612,-1,1593,1612,1594,-1,1594,1612,1613,-1,1594,1613,1595,-1,1595,1613,1614,-1,1595,1614,1596,-1,1596,1614,1615,-1,1596,1615,1597,-1,1597,1615,1492,-1,1597,1492,1489,-1,1489,1492,1494,-1,1489,1494,1490,-1,1471,1616,1501,-1,1501,1616,1617,-1,1501,1617,1598,-1,1598,1617,1618,-1,1598,1618,1599,-1,1599,1618,1619,-1,1599,1619,1600,-1,1600,1619,1620,-1,1600,1620,1601,-1,1601,1620,1621,-1,1601,1621,1602,-1,1602,1621,1622,-1,1602,1622,1603,-1,1603,1622,1623,-1,1603,1623,1604,-1,1604,1623,1624,-1,1604,1624,1605,-1,1605,1624,1625,-1,1605,1625,1606,-1,1606,1625,1626,-1,1606,1626,1607,-1,1607,1626,1627,-1,1607,1627,1608,-1,1608,1627,1628,-1,1608,1628,1609,-1,1609,1628,1629,-1,1609,1629,1610,-1,1610,1629,1630,-1,1610,1630,1611,-1,1611,1630,1631,-1,1611,1631,1612,-1,1612,1631,1632,-1,1612,1632,1613,-1,1613,1632,1633,-1,1613,1633,1614,-1,1614,1633,1634,-1,1614,1634,1615,-1,1615,1634,1635,-1,1615,1635,1492,-1,1492,1635,1636,-1,1492,1636,1493,-1,1471,1500,1616,-1,1616,1500,1637,-1,1616,1637,1617,-1,1617,1637,1638,-1,1617,1638,1618,-1,1618,1638,1639,-1,1618,1639,1619,-1,1619,1639,1640,-1,1619,1640,1620,-1,1620,1640,1641,-1,1620,1641,1621,-1,1621,1641,1642,-1,1621,1642,1622,-1,1622,1642,1643,-1,1622,1643,1623,-1,1623,1643,1644,-1,1623,1644,1624,-1,1624,1644,1645,-1,1624,1645,1625,-1,1625,1645,1646,-1,1625,1646,1626,-1,1626,1646,1647,-1,1626,1647,1627,-1,1627,1647,1648,-1,1627,1648,1628,-1,1628,1648,1649,-1,1628,1649,1629,-1,1629,1649,1650,-1,1629,1650,1630,-1,1630,1650,1651,-1,1630,1651,1631,-1,1631,1651,1652,-1,1631,1652,1632,-1,1632,1652,1653,-1,1632,1653,1633,-1,1633,1653,1654,-1,1633,1654,1634,-1,1634,1654,1497,-1,1634,1497,1635,-1,1635,1497,1499,-1,1635,1499,1636,-1,796,791,1500,-1,1500,791,790,-1,1500,790,1637,-1,1637,790,795,-1,1637,795,1638,-1,1638,795,803,-1,1638,803,1639,-1,1639,803,802,-1,1639,802,1640,-1,1640,802,801,-1,1640,801,1641,-1,1641,801,789,-1,1641,789,1642,-1,1642,789,788,-1,1642,788,1643,-1,1643,788,787,-1,1643,787,1644,-1,1644,787,782,-1,1644,782,1645,-1,1645,782,783,-1,1645,783,1646,-1,1646,783,786,-1,1646,786,1647,-1,1647,786,785,-1,1647,785,1648,-1,1648,785,784,-1,1648,784,1649,-1,1649,784,806,-1,1649,806,1650,-1,1650,806,805,-1,1650,805,1651,-1,1651,805,804,-1,1651,804,1652,-1,1652,804,799,-1,1652,799,1653,-1,1653,799,798,-1,1653,798,1654,-1,1654,798,794,-1,1654,794,1497,-1,1497,794,793,-1,1497,793,1495,-1,1324,1407,1474,-1,1474,1407,1655,-1,1474,1655,1475,-1,1475,1655,1656,-1,1475,1656,1476,-1,1476,1656,1657,-1,1476,1657,1477,-1,1477,1657,1658,-1,1477,1658,1478,-1,1478,1658,1659,-1,1478,1659,751,-1,751,1659,740,-1,1407,1408,1655,-1,1655,1408,1660,-1,1655,1660,1656,-1,1656,1660,1661,-1,1656,1661,1657,-1,1657,1661,1662,-1,1657,1662,1658,-1,1658,1662,1663,-1,1658,1663,1659,-1,1659,1663,1664,-1,1659,1664,740,-1,740,1664,741,-1,1408,1409,1660,-1,1660,1409,1665,-1,1660,1665,1661,-1,1661,1665,1666,-1,1661,1666,1662,-1,1662,1666,1667,-1,1662,1667,1663,-1,1663,1667,1668,-1,1663,1668,1664,-1,1664,1668,1669,-1,1664,1669,741,-1,741,1669,742,-1,1409,1410,1665,-1,1665,1410,1670,-1,1665,1670,1666,-1,1666,1670,1671,-1,1666,1671,1667,-1,1667,1671,1672,-1,1667,1672,1668,-1,1668,1672,1673,-1,1668,1673,1669,-1,1669,1673,1674,-1,1669,1674,742,-1,742,1674,744,-1,1410,1411,1670,-1,1670,1411,1675,-1,1670,1675,1671,-1,1671,1675,1676,-1,1671,1676,1672,-1,1672,1676,1677,-1,1672,1677,1673,-1,1673,1677,1678,-1,1673,1678,1674,-1,1674,1678,1679,-1,1674,1679,744,-1,744,1679,745,-1,1411,1326,1675,-1,1675,1326,1680,-1,1675,1680,1676,-1,1676,1680,1681,-1,1676,1681,1677,-1,1677,1681,1682,-1,1677,1682,1678,-1,1678,1682,1683,-1,1678,1683,1679,-1,1679,1683,1684,-1,1679,1684,745,-1,745,1684,746,-1,747,746,792,-1,792,746,1684,-1,792,1684,793,-1,1499,1498,1683,-1,1683,1498,1496,-1,1683,1496,1684,-1,1684,1496,1495,-1,1684,1495,793,-1,1487,1491,1682,-1,1682,1491,1490,-1,1490,1494,1682,-1,1682,1494,1493,-1,1682,1493,1683,-1,1683,1493,1636,-1,1683,1636,1499,-1,1681,1484,1682,-1,1682,1484,1488,-1,1682,1488,1487,-1,1479,1482,1681,-1,1482,1481,1681,-1,1681,1481,1485,-1,1681,1485,1484,-1,1680,1326,1328,-1,1328,1366,1680,-1,1680,1366,1365,-1,1680,1365,1681,-1,1681,1365,1364,-1,1681,1364,1479,-1,
        ]
    }
}
Shape{
    appearance Appearance {
        material  Material 	{
            diffuseColor 0.6666666666666666 0.6980392156862745 0.7686274509803922
            specularColor 0.3333333333333333 0.34901960784313724 0.3843137254901961
            ambientIntensity 0.6967
            transparency 0.0
            shininess 0.5
        }
    }
    geometry IndexedFaceSet {
        ccw TRUE
        solid FALSE
        coord DEF co Coordinate {
            point [
                -3.5949 -1.0882 0.1705, -3.5949 -1.0882 -0.6904, -3.2996 -1.0882 0.1705, -3.2996 -1.0882 -0.6904, -3.5949 -0.9307 0.1705, -3.2996 -0.9307 0.1705, -3.5949 -0.9307 -0.6904, -3.2996 -0.9307 -0.6904, -3.5949 -0.8852 -0.7691, -3.2996 -0.8852 -0.7691, -3.2996 -0.8719 -0.7992, -3.5949 -0.8719 -0.7992, -3.2996 -0.865 -0.8314, -3.5949 -0.865 -0.8314, -3.2996 -0.865 -0.8643, -3.5949 -0.865 -0.8643, -3.2996 -0.8719 -0.8965, -3.5949 -0.8719 -0.8965, -3.2996 -0.8852 -0.9266, -3.5949 -0.8852 -0.9266, -3.5949 -0.9307 -1.0053, -3.2996 -0.9307 -1.0053, -3.3682 -0.9307 -1.378, -3.5263 -0.9307 -1.378, -3.2996 -0.9307 -1.122, -3.5949 -0.9307 -1.122, -3.3682 -1.0882 -1.378, -3.5263 -1.0882 -1.378, -3.2996 -1.0882 -1.0053, -3.5949 -1.0882 -1.0053, -3.2996 -1.0882 -1.122, -3.5949 -1.0882 -1.122, -3.2996 -1.0858 -0.978, -3.5949 -1.0858 -0.978, -3.2996 -1.0787 -0.9515, -3.5949 -1.0787 -0.9515, -3.2996 -1.0671 -0.9266, -3.5949 -1.0671 -0.9266, -3.5949 -1.0216 -0.8479, -3.2996 -1.0216 -0.8479, -3.5949 -1.0671 -0.7691, -3.2996 -1.0671 -0.7691, -3.2996 -1.0787 -0.7442, -3.5949 -1.0787 -0.7442, -3.2996 -1.0858 -0.7177, -3.5949 -1.0858 -0.7177
            ]
        }
        coordIndex [
            0,1,2,-1,2,1,3,-1,4,0,5,-1,5,0,2,-1,6,4,7,-1,7,4,5,-1,8,6,9,-1,9,6,7,-1,8,9,10,-1,8,10,11,-1,11,10,12,-1,11,12,13,-1,13,12,14,-1,13,14,15,-1,15,14,16,-1,15,16,17,-1,17,16,18,-1,17,18,19,-1,20,19,21,-1,21,19,18,-1,22,23,24,-1,24,23,25,-1,24,25,21,-1,21,25,20,-1,26,27,22,-1,22,27,23,-1,28,29,30,-1,30,29,31,-1,30,31,26,-1,26,31,27,-1,29,28,32,-1,29,32,33,-1,33,32,34,-1,33,34,35,-1,35,34,36,-1,35,36,37,-1,38,37,39,-1,39,37,36,-1,40,38,41,-1,41,38,39,-1,40,41,42,-1,40,42,43,-1,43,42,44,-1,43,44,45,-1,45,44,3,-1,45,3,1,-1,33,20,29,-1,29,20,25,-1,29,25,31,-1,0,4,1,-1,1,4,6,-1,40,43,6,-1,6,43,45,-1,6,45,1,-1,33,35,20,-1,20,35,37,-1,20,37,19,-1,19,37,38,-1,19,38,17,-1,11,13,38,-1,38,13,15,-1,38,15,17,-1,40,6,38,-1,38,6,8,-1,38,8,11,-1,44,7,3,-1,3,7,5,-1,3,5,2,-1,30,24,28,-1,28,24,21,-1,36,34,21,-1,21,34,32,-1,21,32,28,-1,16,14,39,-1,39,14,12,-1,36,21,39,-1,39,21,18,-1,39,18,16,-1,44,42,7,-1,7,42,41,-1,7,41,9,-1,9,41,39,-1,9,39,10,-1,10,39,12,-1,22,24,26,-1,26,24,30,-1,25,23,31,-1,31,23,27,-1,
        ]
    }
}
Shape{
    appearance Appearance {
        material  Material 	{
            diffuseColor 0.0 0.0 0.0
            specularColor 0.0 0.0 0.0
            ambientIntensity 0.0
            transparency 0.0
            shininess 0.5
        }
    }
    geometry IndexedFaceSet {
        ccw TRUE
        solid FALSE
        coord DEF co Coordinate {
            point [
                -4.7307 0.5619 0.7705, -4.7307 0.5619 0.7523, -4.7268 0.5619 0.7705, -4.7268 0.5619 0.7523, -4.7307 0.6256 0.7705, -4.7268 0.6256 0.7705, -4.7307 0.6256 0.9124, -4.7268 0.6256 0.9124, -4.7307 0.6463 0.9124, -4.7268 0.6463 0.9124, -4.7307 0.6463 0.7523, -4.7268 0.6463 0.7523, -4.7307 0.4797 0.7496, -4.7268 0.4797 0.7496, -4.7268 0.47 0.7499, -4.7307 0.47 0.7499, -4.7268 0.4609 0.7509, -4.7307 0.4609 0.7509, -4.7268 0.4527 0.7525, -4.7307 0.4527 0.7525, -4.7268 0.4453 0.7546, -4.7307 0.4453 0.7546, -4.7268 0.4387 0.7573, -4.7307 0.4387 0.7573, -4.7268 0.4354 0.7589, -4.7307 0.4354 0.7589, -4.7307 0.4354 0.7787, -4.7268 0.4354 0.7787, -4.7268 0.4414 0.7754, -4.7307 0.4414 0.7754, -4.7268 0.4478 0.7728, -4.7307 0.4478 0.7728, -4.7268 0.4546 0.7707, -4.7307 0.4546 0.7707, -4.7268 0.4617 0.7692, -4.7307 0.4617 0.7692, -4.7268 0.4693 0.7683, -4.7307 0.4693 0.7683, -4.7268 0.4768 0.768, -4.7307 0.4768 0.768, -4.7268 0.4837 0.7683, -4.7307 0.4837 0.7683, -4.7268 0.4903 0.7693, -4.7307 0.4903 0.7693, -4.7268 0.4963 0.7709, -4.7307 0.4963 0.7709, -4.7268 0.5019 0.7731, -4.7307 0.5019 0.7731, -4.7268 0.5071 0.7759, -4.7307 0.5071 0.7759, -4.7268 0.5119 0.7793, -4.7307 0.5119 0.7793, -4.7268 0.5164 0.7833, -4.7307 0.5164 0.7833, -4.7268 0.5179 0.7848, -4.7307 0.5179 0.7848, -4.7268 0.5218 0.7895, -4.7307 0.5218 0.7895, -4.7268 0.5251 0.7946, -4.7307 0.5251 0.7946, -4.7268 0.5279 0.8001, -4.7307 0.5279 0.8001, -4.7268 0.5301 0.8061, -4.7307 0.5301 0.8061, -4.7268 0.5318 0.8125, -4.7307 0.5318 0.8125, -4.7268 0.533 0.8195, -4.7307 0.533 0.8195, -4.7268 0.5336 0.8271, -4.7307 0.5336 0.8271, -4.7268 0.5336 0.8305, -4.7307 0.5336 0.8305, -4.7268 0.5333 0.8388, -4.7307 0.5333 0.8388, -4.7268 0.5323 0.8466, -4.7307 0.5323 0.8466, -4.7268 0.5307 0.8537, -4.7307 0.5307 0.8537, -4.7268 0.5285 0.8601, -4.7307 0.5285 0.8601, -4.7268 0.5258 0.8661, -4.7307 0.5258 0.8661, -4.7268 0.5225 0.8715, -4.7307 0.5225 0.8715, -4.7268 0.5187 0.8765, -4.7307 0.5187 0.8765, -4.7268 0.5168 0.8787, -4.7307 0.5168 0.8787, -4.7268 0.5122 0.883, -4.7307 0.5122 0.883, -4.7268 0.5072 0.8868, -4.7307 0.5072 0.8868, -4.7268 0.502 0.8899, -4.7307 0.502 0.8899, -4.7268 0.4964 0.8924, -4.7307 0.4964 0.8924, -4.7268 0.4906 0.8943, -4.7307 0.4906 0.8943, -4.7268 0.4843 0.8956, -4.7307 0.4843 0.8956, -4.7268 0.4776 0.8963, -4.7307 0.4776 0.8963, -4.7268 0.4732 0.8964, -4.7307 0.4732 0.8964, -4.7268 0.4655 0.8961, -4.7307 0.4655 0.8961, -4.7268 0.458 0.8951, -4.7307 0.458 0.8951, -4.7268 0.451 0.8934, -4.7307 0.451 0.8934, -4.7268 0.4442 0.8911, -4.7307 0.4442 0.8911, -4.7268 0.4378 0.8882, -4.7307 0.4378 0.8882, -4.7268 0.4354 0.8869, -4.7307 0.4354 0.8869, -4.7307 0.4354 0.9085, -4.7268 0.4354 0.9085, -4.7268 0.4416 0.9109, -4.7307 0.4416 0.9109, -4.7268 0.4484 0.9127, -4.7307 0.4484 0.9127, -4.7268 0.4561 0.914, -4.7307 0.4561 0.914, -4.7268 0.4647 0.9148, -4.7307 0.4647 0.9148, -4.7268 0.4734 0.9151, -4.7307 0.4734 0.9151, -4.7268 0.4817 0.9148, -4.7307 0.4817 0.9148, -4.7268 0.4897 0.9138, -4.7307 0.4897 0.9138, -4.7268 0.4972 0.9121, -4.7307 0.4972 0.9121, -4.7268 0.5042 0.9099, -4.7307 0.5042 0.9099, -4.7268 0.5108 0.907, -4.7307 0.5108 0.907, -4.7268 0.5171 0.9036, -4.7307 0.5171 0.9036, -4.7268 0.523 0.8996, -4.7307 0.523 0.8996, -4.7268 0.5286 0.8949, -4.7307 0.5286 0.8949, -4.7268 0.5322 0.8915, -4.7307 0.5322 0.8915, -4.7268 0.5371 0.886, -4.7307 0.5371 0.886, -4.7268 0.5414 0.8802, -4.7307 0.5414 0.8802, -4.7268 0.5451 0.874, -4.7307 0.5451 0.874, -4.7268 0.5482 0.8675, -4.7307 0.5482 0.8675, -4.7268 0.5508 0.8605, -4.7307 0.5508 0.8605, -4.7268 0.5528 0.8531, -4.7307 0.5528 0.8531, -4.7268 0.5542 0.8452, -4.7307 0.5542 0.8452, -4.7268 0.5551 0.8368, -4.7307 0.5551 0.8368, -4.7268 0.5553 0.8293, -4.7307 0.5553 0.8293, -4.7268 0.555 0.8203, -4.7307 0.555 0.8203, -4.7268 0.554 0.8118, -4.7307 0.554 0.8118, -4.7268 0.5524 0.804, -4.7307 0.5524 0.804, -4.7268 0.5501 0.7967, -4.7307 0.5501 0.7967, -4.7268 0.5474 0.79, -4.7307 0.5474 0.79, -4.7268 0.5441 0.7837, -4.7307 0.5441 0.7837, -4.7268 0.5402 0.7779, -4.7307 0.5402 0.7779, -4.7268 0.536 0.7728, -4.7307 0.536 0.7728, -4.7268 0.5348 0.7714, -4.7307 0.5348 0.7714, -4.7268 0.5298 0.7666, -4.7307 0.5298 0.7666, -4.7268 0.5245 0.7624, -4.7307 0.5245 0.7624, -4.7268 0.5188 0.7589, -4.7307 0.5188 0.7589, -4.7268 0.5128 0.7559, -4.7307 0.5128 0.7559, -4.7268 0.5064 0.7535, -4.7307 0.5064 0.7535, -4.7268 0.4996 0.7516, -4.7307 0.4996 0.7516, -4.7268 0.4923 0.7503, -4.7307 0.4923 0.7503, -4.7268 0.4845 0.7497, -4.7307 0.4845 0.7497, -4.7307 0.3172 0.7705, -4.7307 0.3172 0.7523, -4.7268 0.3172 0.7705, -4.7268 0.3172 0.7523, -4.7307 0.3827 0.7705, -4.7268 0.3827 0.7705, -4.7307 0.3827 0.8244, -4.7268 0.3827 0.8244, -4.7307 0.3254 0.8244, -4.7268 0.3254 0.8244, -4.7307 0.3254 0.8427, -4.7268 0.3254 0.8427, -4.7307 0.3827 0.8427, -4.7268 0.3827 0.8427, -4.7307 0.3827 0.894, -4.7268 0.3827 0.894, -4.7307 0.3209 0.894, -4.7268 0.3209 0.894, -4.7307 0.3209 0.9124, -4.7268 0.3209 0.9124, -4.7307 0.4034 0.9124, -4.7268 0.4034 0.9124, -4.7307 0.4034 0.7523, -4.7268 0.4034 0.7523, -4.7307 0.2133 0.7757, -4.7307 0.2022 0.7603, -4.7307 0.2075 0.7784, -4.7307 0.1956 0.7638, -4.7307 0.2022 0.7816, -4.7307 0.1893 0.7677, -4.7307 0.1975 0.7853, -4.7307 0.1835 0.7723, -4.7307 0.1955 0.7872, -4.7307 0.1808 0.7747, -4.7307 0.1914 0.7916, -4.7307 0.1756 0.7799, -4.7307 0.1879 0.7964, -4.7307 0.1711 0.7855, -4.7307 0.185 0.8017, -4.7307 0.1673 0.7914, -4.7307 0.1825 0.8074, -4.7307 0.1797 0.8492, -4.7307 0.1596 0.8577, -4.7307 0.1813 0.8559, -4.7307 0.1619 0.8644, -4.7307 0.1835 0.8618, -4.7307 0.1647 0.8707, -4.7307 0.1861 0.8672, -4.7307 0.1681 0.8766, -4.7307 0.1893 0.8719, -4.7307 0.1721 0.8821, -4.7307 0.1767 0.8873, -4.7307 0.193 0.8762, -4.7307 0.1808 0.8912, -4.7307 0.1959 0.8789, -4.7307 0.1867 0.896, -4.7307 0.2009 0.8827, -4.7307 0.193 0.9001, -4.7307 0.2062 0.886, -4.7307 0.1995 0.9036, -4.7307 0.212 0.8887, -4.7307 0.2065 0.9066, -4.7307 0.2183 0.8908, -4.7307 0.2138 0.9089, -4.7307 0.225 0.8925, -4.7307 0.2215 0.9107, -4.7307 0.2324 0.8935, -4.7307 0.2297 0.9118, -4.7307 0.2401 0.894, -4.7307 0.2383 0.9124, -4.7307 0.2421 0.894, -4.7307 0.2413 0.9124, -4.7307 0.2663 0.894, -4.7307 0.287 0.9124, -4.7307 0.2663 0.7705, -4.7307 0.287 0.7523, -4.7307 0.2431 0.7705, -4.7307 0.2429 0.7523, -4.7307 0.2346 0.7709, -4.7307 0.2338 0.7526, -4.7307 0.2268 0.7719, -4.7307 0.2251 0.7536, -4.7307 0.2197 0.7735, -4.7307 0.2169 0.7553, -4.7307 0.2093 0.7575, -4.7307 0.164 0.7977, -4.7307 0.1614 0.8043, -4.7307 0.1807 0.8136, -4.7307 0.1593 0.8113, -4.7307 0.1793 0.8203, -4.7307 0.1578 0.8187, -4.7307 0.1785 0.8277, -4.7307 0.1569 0.8266, -4.7307 0.1783 0.8338, -4.7307 0.1566 0.8344, -4.7307 0.1787 0.8418, -4.7307 0.1569 0.8426, -4.7307 0.158 0.8504, -4.7268 0.2009 0.8827, -4.7268 0.1867 0.896, -4.7268 0.1959 0.8789, -4.7268 0.1808 0.8912, -4.7268 0.193 0.8762, -4.7268 0.1767 0.8873, -4.7268 0.1893 0.8719, -4.7268 0.1721 0.8821, -4.7268 0.1861 0.8672, -4.7268 0.1681 0.8766, -4.7268 0.1835 0.8618, -4.7268 0.1647 0.8707, -4.7268 0.1813 0.8559, -4.7268 0.2075 0.7784, -4.7268 0.2022 0.7603, -4.7268 0.2133 0.7757, -4.7268 0.2093 0.7575, -4.7268 0.2197 0.7735, -4.7268 0.2169 0.7553, -4.7268 0.2268 0.7719, -4.7268 0.2251 0.7536, -4.7268 0.2346 0.7709, -4.7268 0.2338 0.7526, -4.7268 0.2431 0.7705, -4.7268 0.2429 0.7523, -4.7268 0.2663 0.7705, -4.7268 0.287 0.7523, -4.7268 0.2663 0.894, -4.7268 0.287 0.9124, -4.7268 0.2421 0.894, -4.7268 0.2413 0.9124, -4.7268 0.2401 0.894, -4.7268 0.2383 0.9124, -4.7268 0.2324 0.8935, -4.7268 0.2297 0.9118, -4.7268 0.225 0.8925, -4.7268 0.2215 0.9107, -4.7268 0.2183 0.8908, -4.7268 0.2138 0.9089, -4.7268 0.212 0.8887, -4.7268 0.2065 0.9066, -4.7268 0.2062 0.886, -4.7268 0.1995 0.9036, -4.7268 0.193 0.9001, -4.7268 0.1807 0.8136, -4.7268 0.1614 0.8043, -4.7268 0.1825 0.8074, -4.7268 0.164 0.7977, -4.7268 0.185 0.8017, -4.7268 0.1673 0.7914, -4.7268 0.1879 0.7964, -4.7268 0.1711 0.7855, -4.7268 0.1914 0.7916, -4.7268 0.1756 0.7799, -4.7268 0.1955 0.7872, -4.7268 0.1808 0.7747, -4.7268 0.1975 0.7853, -4.7268 0.1835 0.7723, -4.7268 0.2022 0.7816, -4.7268 0.1893 0.7677, -4.7268 0.1956 0.7638, -4.7268 0.1619 0.8644, -4.7268 0.1596 0.8577, -4.7268 0.1797 0.8492, -4.7268 0.158 0.8504, -4.7268 0.1787 0.8418, -4.7268 0.1569 0.8426, -4.7268 0.1783 0.8338, -4.7268 0.1566 0.8344, -4.7268 0.1785 0.8277, -4.7268 0.1569 0.8266, -4.7268 0.1793 0.8203, -4.7268 0.1578 0.8187, -4.7268 0.1593 0.8113, -4.7307 0.1029 0.8141, -4.7307 0.079 0.8807, -4.7307 0.0867 0.9124, -4.7307 0.1477 0.7523, -4.7307 0.1249 0.7523, -4.7307 0.1095 0.7961, -4.7307 0.0776 0.8855, -4.7307 0.0764 0.8919, -4.7307 0.0646 0.9124, -4.7307 0.0759 0.8919, -4.7307 0.0746 0.8852, -4.7307 0.0734 0.8807, -4.7307 0.0492 0.8141, -4.7307 0.0036 0.7523, -4.7307 0.0265 0.7523, -4.7307 0.0428 0.7961, -4.7268 0.1095 0.7961, -4.7268 0.1029 0.8141, -4.7268 0.0428 0.7961, -4.7268 0.0492 0.8141, -4.7268 0.0734 0.8807, -4.7268 0.0646 0.9124, -4.7268 0.0036 0.7523, -4.7268 0.0265 0.7523, -4.7268 0.0746 0.8852, -4.7268 0.0759 0.8919, -4.7268 0.0867 0.9124, -4.7268 0.0764 0.8919, -4.7268 0.0776 0.8855, -4.7268 0.079 0.8807, -4.7268 0.1477 0.7523, -4.7268 0.1249 0.7523, -4.7307 0.5602 0.5165, -4.7307 0.5602 0.4982, -4.7268 0.5602 0.5165, -4.7268 0.5602 0.4982, -4.7307 0.6256 0.5165, -4.7268 0.6256 0.5165, -4.7307 0.6256 0.5703, -4.7268 0.6256 0.5703, -4.7307 0.5684 0.5703, -4.7268 0.5684 0.5703, -4.7307 0.5684 0.5887, -4.7268 0.5684 0.5887, -4.7307 0.6256 0.5887, -4.7268 0.6256 0.5887, -4.7307 0.6256 0.6399, -4.7268 0.6256 0.6399, -4.7307 0.5638 0.6399, -4.7268 0.5638 0.6399, -4.7307 0.5638 0.6583, -4.7268 0.5638 0.6583, -4.7307 0.6463 0.6583, -4.7268 0.6463 0.6583, -4.7307 0.6463 0.4982, -4.7268 0.6463 0.4982, -4.7307 0.5067 0.5496, -4.7307 0.5022 0.5509, -4.7307 0.4691 0.5709, -4.7307 0.4959 0.552, -4.7307 0.4763 0.5934, -4.7307 0.4655 0.6093, -4.7307 0.4786 0.5953, -4.7307 0.4691 0.6112, -4.7307 0.4813 0.5968, -4.7307 0.4731 0.6127, -4.7307 0.4845 0.5979, -4.7307 0.4692 0.5436, -4.7307 0.4695 0.5393, -4.7307 0.4491 0.5718, -4.7307 0.5169 0.5192, -4.7307 0.5185 0.5216, -4.7307 0.5352 0.509, -4.7307 0.5313 0.5544, -4.7307 0.5172 0.5428, -4.7307 0.5153 0.545, -4.7307 0.5103 0.5483, -4.7307 0.503 0.5662, -4.7307 0.5094 0.565, -4.7307 0.4691 0.4982, -4.7307 0.4491 0.4982, -4.7307 0.4691 0.5159, -4.7307 0.4703 0.5351, -4.7307 0.4726 0.5884, -4.7307 0.4569 0.6013, -4.7307 0.4743 0.5911, -4.7307 0.4594 0.6044, -4.7307 0.4623 0.607, -4.7307 0.532 0.5537, -4.7307 0.5345 0.5507, -4.7307 0.5186 0.5403, -4.7307 0.5366 0.5475, -4.7307 0.5197 0.5375, -4.7307 0.5152 0.5635, -4.7307 0.5202 0.5616, -4.7307 0.513 0.5468, -4.7307 0.5245 0.5595, -4.7307 0.5282 0.557, -4.7307 0.4702 0.5816, -4.7307 0.4512 0.5893, -4.7307 0.4713 0.5853, -4.7307 0.4528 0.5939, -4.7307 0.4547 0.5979, -4.7307 0.5148 0.5171, -4.7307 0.5246 0.4999, -4.7307 0.5124 0.5153, -4.7307 0.5209 0.4982, -4.7307 0.5097 0.5138, -4.7307 0.5168 0.4969, -4.7307 0.5066 0.5128, -4.7307 0.5328 0.5061, -4.7307 0.5312 0.5045, -4.7307 0.5281 0.502, -4.7307 0.5204 0.5272, -4.7307 0.54 0.5198, -4.7307 0.5197 0.5242, -4.7307 0.5388 0.5158, -4.7307 0.5372 0.5123, -4.7307 0.4493 0.5783, -4.7307 0.4691 0.5556, -4.7307 0.4691 0.5446, -4.7307 0.4695 0.5773, -4.7307 0.4501 0.5841, -4.7307 0.4692 0.5723, -4.7307 0.5383 0.5439, -4.7307 0.5396 0.5401, -4.7307 0.5204 0.5343, -4.7307 0.5405 0.5359, -4.7307 0.5206 0.5305, -4.7307 0.4775 0.6139, -4.7307 0.4824 0.6148, -4.7307 0.4882 0.5987, -4.7307 0.4879 0.6152, -4.7307 0.4923 0.5989, -4.7307 0.4904 0.6152, -4.7307 0.4944 0.5989, -4.7307 0.4972 0.615, -4.7307 0.4997 0.5984, -4.7307 0.5036 0.6142, -4.7307 0.5049 0.5975, -4.7307 0.5098 0.613, -4.7307 0.5101 0.5961, -4.7307 0.5155 0.6113, -4.7307 0.5151 0.5942, -4.7307 0.521 0.6092, -4.7307 0.5201 0.5917, -4.7307 0.5262 0.6066, -4.7307 0.525 0.5887, -4.7307 0.5298 0.6046, -4.7307 0.5298 0.5851, -4.7307 0.4715 0.5313, -4.7307 0.4731 0.5277, -4.7307 0.4697 0.5159, -4.7307 0.4752 0.5244, -4.7307 0.4707 0.5142, -4.7307 0.4953 0.5122, -4.7307 0.4908 0.4977, -4.7307 0.4914 0.513, -4.7307 0.4868 0.4993, -4.7307 0.4878 0.5141, -4.7307 0.4831 0.5014, -4.7307 0.4845 0.5158, -4.7307 0.5409 0.5313, -4.7307 0.541 0.5288, -4.7307 0.5407 0.5241, -4.7307 0.4797 0.5039, -4.7307 0.4764 0.5068, -4.7307 0.4814 0.5179, -4.7307 0.4735 0.5103, -4.7307 0.4786 0.5204, -4.7307 0.4777 0.5213, -4.7307 0.5124 0.496, -4.7307 0.5075 0.4956, -4.7307 0.5032 0.5122, -4.7307 0.5047 0.4955, -4.7307 0.4995 0.512, -4.7307 0.4997 0.4958, -4.7307 0.4951 0.4965, -4.7268 0.525 0.5887, -4.7268 0.5298 0.5851, -4.7268 0.5298 0.6046, -4.7268 0.4786 0.5953, -4.7268 0.4655 0.6093, -4.7268 0.4763 0.5934, -4.7268 0.4623 0.607, -4.7268 0.4743 0.5911, -4.7268 0.5169 0.5192, -4.7268 0.5352 0.509, -4.7268 0.5185 0.5216, -4.7268 0.5372 0.5123, -4.7268 0.5197 0.5242, -4.7268 0.4703 0.5351, -4.7268 0.4695 0.5393, -4.7268 0.4491 0.5718, -4.7268 0.4707 0.5142, -4.7268 0.4735 0.5103, -4.7268 0.4814 0.5179, -4.7268 0.4764 0.5068, -4.7268 0.4845 0.5158, -4.7268 0.4797 0.5039, -4.7268 0.4878 0.5141, -4.7268 0.4831 0.5014, -4.7268 0.4914 0.513, -4.7268 0.4594 0.6044, -4.7268 0.4569 0.6013, -4.7268 0.4726 0.5884, -4.7268 0.4547 0.5979, -4.7268 0.4713 0.5853, -4.7268 0.4882 0.5987, -4.7268 0.4824 0.6148, -4.7268 0.4845 0.5979, -4.7268 0.4775 0.6139, -4.7268 0.4813 0.5968, -4.7268 0.4731 0.6127, -4.7268 0.4691 0.6112, -4.7268 0.4715 0.5313, -4.7268 0.4691 0.5159, -4.7268 0.4691 0.4982, -4.7268 0.4491 0.4982, -4.7268 0.5153 0.545, -4.7268 0.5245 0.5595, -4.7268 0.513 0.5468, -4.7268 0.5202 0.5616, -4.7268 0.5103 0.5483, -4.7268 0.5152 0.5635, -4.7268 0.5067 0.5496, -4.7268 0.5094 0.565, -4.7268 0.5022 0.5509, -4.7268 0.503 0.5662, -4.7268 0.5172 0.5428, -4.7268 0.5313 0.5544, -4.7268 0.5282 0.557, -4.7268 0.5148 0.5171, -4.7268 0.5312 0.5045, -4.7268 0.5328 0.5061, -4.7268 0.5124 0.5153, -4.7268 0.5246 0.4999, -4.7268 0.5281 0.502, -4.7268 0.4786 0.5204, -4.7268 0.4777 0.5213, -4.7268 0.4697 0.5159, -4.7268 0.4752 0.5244, -4.7268 0.4731 0.5277, -4.7268 0.5186 0.5403, -4.7268 0.5345 0.5507, -4.7268 0.532 0.5537, -4.7268 0.4691 0.5556, -4.7268 0.4493 0.5783, -4.7268 0.4691 0.5446, -4.7268 0.4692 0.5436, -4.7268 0.5388 0.5158, -4.7268 0.54 0.5198, -4.7268 0.5204 0.5272, -4.7268 0.5032 0.5122, -4.7268 0.5075 0.4956, -4.7268 0.5066 0.5128, -4.7268 0.5124 0.496, -4.7268 0.5097 0.5138, -4.7268 0.5168 0.4969, -4.7268 0.5209 0.4982, -4.7268 0.4868 0.4993, -4.7268 0.4908 0.4977, -4.7268 0.4953 0.5122, -4.7268 0.4951 0.4965, -4.7268 0.4995 0.512, -4.7268 0.4997 0.4958, -4.7268 0.5047 0.4955, -4.7268 0.4528 0.5939, -4.7268 0.4512 0.5893, -4.7268 0.4702 0.5816, -4.7268 0.4501 0.5841, -4.7268 0.4695 0.5773, -4.7268 0.4692 0.5723, -4.7268 0.4691 0.5709, -4.7268 0.4959 0.552, -4.7268 0.5204 0.5343, -4.7268 0.5396 0.5401, -4.7268 0.5197 0.5375, -4.7268 0.5383 0.5439, -4.7268 0.5366 0.5475, -4.7268 0.5407 0.5241, -4.7268 0.541 0.5288, -4.7268 0.5206 0.5305, -4.7268 0.5409 0.5313, -4.7268 0.5405 0.5359, -4.7268 0.5201 0.5917, -4.7268 0.5262 0.6066, -4.7268 0.5151 0.5942, -4.7268 0.521 0.6092, -4.7268 0.5101 0.5961, -4.7268 0.5155 0.6113, -4.7268 0.5049 0.5975, -4.7268 0.5098 0.613, -4.7268 0.4997 0.5984, -4.7268 0.5036 0.6142, -4.7268 0.4944 0.5989, -4.7268 0.4972 0.615, -4.7268 0.4923 0.5989, -4.7268 0.4904 0.6152, -4.7268 0.4879 0.6152, -4.7307 0.3889 0.5119, -4.7268 0.3889 0.5119, -4.7268 0.394 0.5121, -4.7307 0.394 0.5121, -4.7268 0.3991 0.5128, -4.7307 0.3991 0.5128, -4.7268 0.4039 0.514, -4.7307 0.4039 0.514, -4.7268 0.4087 0.5156, -4.7307 0.4087 0.5156, -4.7268 0.4134 0.5178, -4.7307 0.4134 0.5178, -4.7268 0.4181 0.5204, -4.7307 0.4181 0.5204, -4.7268 0.4219 0.5229, -4.7307 0.4219 0.5229, -4.7307 0.4219 0.5022, -4.7268 0.4219 0.5022, -4.7268 0.4171 0.5001, -4.7307 0.4171 0.5001, -4.7268 0.412 0.4984, -4.7307 0.412 0.4984, -4.7268 0.4066 0.497, -4.7307 0.4066 0.497, -4.7268 0.4009 0.4961, -4.7307 0.4009 0.4961, -4.7268 0.3949 0.4956, -4.7307 0.3949 0.4956, -4.7268 0.3909 0.4955, -4.7307 0.3909 0.4955, -4.7268 0.3845 0.4957, -4.7307 0.3845 0.4957, -4.7268 0.3786 0.4964, -4.7307 0.3786 0.4964, -4.7268 0.3732 0.4976, -4.7307 0.3732 0.4976, -4.7268 0.3682 0.4991, -4.7307 0.3682 0.4991, -4.7268 0.3638 0.5009, -4.7307 0.3638 0.5009, -4.7268 0.3597 0.5032, -4.7307 0.3597 0.5032, -4.7268 0.3576 0.5046, -4.7307 0.3576 0.5046, -4.7268 0.3543 0.5071, -4.7307 0.3543 0.5071, -4.7268 0.3516 0.5099, -4.7307 0.3516 0.5099, -4.7268 0.3493 0.5128, -4.7307 0.3493 0.5128, -4.7268 0.3475 0.5159, -4.7307 0.3475 0.5159, -4.7268 0.3462 0.5193, -4.7307 0.3462 0.5193, -4.7268 0.3453 0.5228, -4.7307 0.3453 0.5228, -4.7268 0.3448 0.5266, -4.7307 0.3448 0.5266, -4.7268 0.3447 0.5293, -4.7307 0.3447 0.5293, -4.7268 0.3449 0.5334, -4.7307 0.3449 0.5334, -4.7268 0.3456 0.5372, -4.7307 0.3456 0.5372, -4.7268 0.3467 0.5407, -4.7307 0.3467 0.5407, -4.7268 0.3482 0.5439, -4.7307 0.3482 0.5439, -4.7268 0.3502 0.5468, -4.7307 0.3502 0.5468, -4.7268 0.3514 0.5482, -4.7307 0.3514 0.5482, -4.7268 0.3539 0.5507, -4.7307 0.3539 0.5507, -4.7268 0.3571 0.5532, -4.7307 0.3571 0.5532, -4.7268 0.3612 0.5558, -4.7307 0.3612 0.5558, -4.7268 0.3664 0.5585, -4.7307 0.3664 0.5585, -4.7268 0.3728 0.5613, -4.7307 0.3728 0.5613, -4.7268 0.3772 0.5631, -4.7307 0.3772 0.5631, -4.7268 0.3859 0.5667, -4.7307 0.3859 0.5667, -4.7268 0.3914 0.5693, -4.7307 0.3914 0.5693, -4.7268 0.3949 0.5714, -4.7307 0.3949 0.5714, -4.7268 0.3967 0.5729, -4.7307 0.3967 0.5729, -4.7268 0.3984 0.5747, -4.7307 0.3984 0.5747, -4.7268 0.3997 0.5767, -4.7307 0.3997 0.5767, -4.7268 0.4005 0.579, -4.7307 0.4005 0.579, -4.7268 0.401 0.5816, -4.7307 0.401 0.5816, -4.7268 0.4011 0.5835, -4.7307 0.4011 0.5835, -4.7268 0.4009 0.5861, -4.7307 0.4009 0.5861, -4.7268 0.4002 0.5885, -4.7307 0.4002 0.5885, -4.7268 0.3991 0.5906, -4.7307 0.3991 0.5906, -4.7268 0.3975 0.5926, -4.7307 0.3975 0.5926, -4.7268 0.3955 0.5943, -4.7307 0.3955 0.5943, -4.7268 0.395 0.5947, -4.7307 0.395 0.5947, -4.7268 0.3924 0.5962, -4.7307 0.3924 0.5962, -4.7268 0.3894 0.5974, -4.7307 0.3894 0.5974, -4.7268 0.3861 0.5983, -4.7307 0.3861 0.5983, -4.7268 0.3823 0.5988, -4.7307 0.3823 0.5988, -4.7268 0.3792 0.5989, -4.7307 0.3792 0.5989, -4.7268 0.3738 0.5987, -4.7307 0.3738 0.5987, -4.7268 0.3687 0.598, -4.7307 0.3687 0.598, -4.7268 0.3638 0.5968, -4.7307 0.3638 0.5968, -4.7268 0.3591 0.5952, -4.7307 0.3591 0.5952, -4.7268 0.3546 0.5932, -4.7307 0.3546 0.5932, -4.7268 0.3501 0.5906, -4.7307 0.3501 0.5906, -4.7307 0.3501 0.6101, -4.7268 0.3501 0.6101, -4.7268 0.3553 0.612, -4.7307 0.3553 0.612, -4.7268 0.3607 0.6134, -4.7307 0.3607 0.6134, -4.7268 0.3663 0.6145, -4.7307 0.3663 0.6145, -4.7268 0.3721 0.615, -4.7307 0.3721 0.615, -4.7268 0.3772 0.6152, -4.7307 0.3772 0.6152, -4.7268 0.3831 0.615, -4.7307 0.3831 0.615, -4.7268 0.3887 0.6143, -4.7307 0.3887 0.6143, -4.7268 0.3938 0.6131, -4.7307 0.3938 0.6131, -4.7268 0.3986 0.6116, -4.7307 0.3986 0.6116, -4.7268 0.403 0.6097, -4.7307 0.403 0.6097, -4.7268 0.4071 0.6073, -4.7307 0.4071 0.6073, -4.7268 0.4089 0.6061, -4.7307 0.4089 0.6061, -4.7268 0.4122 0.6035, -4.7307 0.4122 0.6035, -4.7268 0.415 0.6006, -4.7307 0.415 0.6006, -4.7268 0.4173 0.5976, -4.7307 0.4173 0.5976, -4.7268 0.4191 0.5944, -4.7307 0.4191 0.5944, -4.7268 0.4204 0.5911, -4.7307 0.4204 0.5911, -4.7268 0.4213 0.5876, -4.7307 0.4213 0.5876, -4.7268 0.4217 0.5838, -4.7307 0.4217 0.5838, -4.7268 0.4218 0.5817, -4.7307 0.4218 0.5817, -4.7268 0.4216 0.5775, -4.7307 0.4216 0.5775, -4.7268 0.4209 0.5736, -4.7307 0.4209 0.5736, -4.7268 0.4197 0.5701, -4.7307 0.4197 0.5701, -4.7268 0.4182 0.5668, -4.7307 0.4182 0.5668, -4.7268 0.4164 0.564, -4.7307 0.4164 0.564, -4.7268 0.4161 0.5636, -4.7307 0.4161 0.5636, -4.7268 0.4141 0.5613, -4.7307 0.4141 0.5613, -4.7268 0.4113 0.559, -4.7307 0.4113 0.559, -4.7268 0.4077 0.5565, -4.7307 0.4077 0.5565, -4.7268 0.403 0.5538, -4.7307 0.403 0.5538, -4.7268 0.397 0.5509, -4.7307 0.397 0.5509, -4.7268 0.3914 0.5485, -4.7307 0.3914 0.5485, -4.7268 0.3826 0.545, -4.7307 0.3826 0.545, -4.7268 0.3768 0.5423, -4.7307 0.3768 0.5423, -4.7268 0.3729 0.54, -4.7307 0.3729 0.54, -4.7268 0.3704 0.5382, -4.7307 0.3704 0.5382, -4.7268 0.3684 0.5363, -4.7307 0.3684 0.5363, -4.7268 0.3669 0.5341, -4.7307 0.3669 0.5341, -4.7268 0.3659 0.5319, -4.7307 0.3659 0.5319, -4.7268 0.3654 0.5294, -4.7307 0.3654 0.5294, -4.7268 0.3653 0.5274, -4.7307 0.3653 0.5274, -4.7268 0.3655 0.5245, -4.7307 0.3655 0.5245, -4.7268 0.3662 0.5219, -4.7307 0.3662 0.5219, -4.7268 0.3673 0.5197, -4.7307 0.3673 0.5197, -4.7268 0.3687 0.5178, -4.7307 0.3687 0.5178, -4.7268 0.3706 0.5161, -4.7307 0.3706 0.5161, -4.7268 0.373 0.5147, -4.7307 0.373 0.5147, -4.7268 0.3758 0.5136, -4.7307 0.3758 0.5136, -4.7268 0.3793 0.5127, -4.7307 0.3793 0.5127, -4.7268 0.3834 0.5121, -4.7307 0.3834 0.5121, -4.7307 0.2452 0.6126, -4.7307 0.2244 0.6126, -4.7268 0.2452 0.6126, -4.7268 0.2244 0.6126, -4.7307 0.2765 0.5265, -4.7268 0.2765 0.5265, -4.7268 0.278 0.5211, -4.7307 0.278 0.5211, -4.7268 0.2789 0.5172, -4.7307 0.2789 0.5172, -4.7307 0.2795 0.5172, -4.7268 0.2795 0.5172, -4.7307 0.2819 0.5266, -4.7268 0.2819 0.5266, -4.7307 0.3118 0.6126, -4.7268 0.3118 0.6126, -4.7307 0.3342 0.6126, -4.7268 0.3342 0.6126, -4.7307 0.2894 0.4985, -4.7268 0.2894 0.4985, -4.7307 0.2982 0.4777, -4.7268 0.2982 0.4777, -4.7268 0.3005 0.4729, -4.7307 0.3005 0.4729, -4.7268 0.3029 0.4694, -4.7307 0.3029 0.4694, -4.7268 0.3057 0.4664, -4.7307 0.3057 0.4664, -4.7268 0.3087 0.4642, -4.7307 0.3087 0.4642, -4.7268 0.3118 0.4627, -4.7307 0.3118 0.4627, -4.7268 0.3153 0.4618, -4.7307 0.3153 0.4618, -4.7268 0.3187 0.4615, -4.7307 0.3187 0.4615, -4.7268 0.323 0.4619, -4.7307 0.323 0.4619, -4.7268 0.3275 0.4629, -4.7307 0.3275 0.4629, -4.7268 0.3301 0.4638, -4.7307 0.3301 0.4638, -4.7307 0.3301 0.446, -4.7268 0.3301 0.446, -4.7268 0.3254 0.4449, -4.7307 0.3254 0.4449, -4.7268 0.3198 0.4444, -4.7307 0.3198 0.4444, -4.7268 0.3172 0.4443, -4.7307 0.3172 0.4443, -4.7268 0.3122 0.4447, -4.7307 0.3122 0.4447, -4.7268 0.3076 0.4457, -4.7307 0.3076 0.4457, -4.7268 0.3032 0.4473, -4.7307 0.3032 0.4473, -4.7268 0.299 0.4495, -4.7307 0.299 0.4495, -4.7268 0.295 0.4525, -4.7307 0.295 0.4525, -4.7268 0.291 0.4562, -4.7307 0.291 0.4562, -4.7268 0.2873 0.4606, -4.7307 0.2873 0.4606, -4.7268 0.2837 0.466, -4.7307 0.2837 0.466, -4.7268 0.2802 0.4723, -4.7307 0.2802 0.4723, -4.7268 0.2768 0.4797, -4.7307 0.2768 0.4797, -4.7268 0.2763 0.4809, -4.7307 0.2763 0.4809, -4.7307 0.1167 0.5165, -4.7307 0.1167 0.4982, -4.7268 0.1167 0.5165, -4.7268 0.1167 0.4982, -4.7307 0.1821 0.5165, -4.7268 0.1821 0.5165, -4.7307 0.1821 0.5703, -4.7268 0.1821 0.5703, -4.7307 0.1249 0.5703, -4.7268 0.1249 0.5703, -4.7307 0.1249 0.5887, -4.7268 0.1249 0.5887, -4.7307 0.1821 0.5887, -4.7268 0.1821 0.5887, -4.7307 0.1821 0.6399, -4.7268 0.1821 0.6399, -4.7307 0.1203 0.6399, -4.7268 0.1203 0.6399, -4.7307 0.1203 0.6583, -4.7268 0.1203 0.6583, -4.7307 0.2028 0.6583, -4.7268 0.2028 0.6583, -4.7307 0.2028 0.4982, -4.7268 0.2028 0.4982, -4.7307 0.0128 0.5216, -4.7307 0.0017 0.5063, -4.7307 0.007 0.5243, -4.7307 -0.005 0.5097, -4.7307 0.0017 0.5276, -4.7307 -0.0112 0.5137, -4.7307 -0.0031 0.5313, -4.7307 -0.0171 0.5182, -4.7307 -0.0051 0.5332, -4.7307 -0.0198 0.5206, -4.7307 -0.0091 0.5376, -4.7307 -0.0249 0.5259, -4.7307 -0.0126 0.5424, -4.7307 -0.0294 0.5315, -4.7307 -0.0156 0.5476, -4.7307 -0.0333 0.5374, -4.7307 -0.018 0.5533, -4.7307 -0.0209 0.5952, -4.7307 -0.0409 0.6036, -4.7307 -0.0192 0.6018, -4.7307 -0.0387 0.6104, -4.7307 -0.0171 0.6078, -4.7307 -0.0359 0.6167, -4.7307 -0.0144 0.6131, -4.7307 -0.0325 0.6226, -4.7307 -0.0112 0.6179, -4.7307 -0.0285 0.6281, -4.7307 -0.0239 0.6333, -4.7307 -0.0076 0.6221, -4.7307 -0.0198 0.6371, -4.7307 -0.0046 0.6249, -4.7307 -0.0139 0.6419, -4.7307 0.0003 0.6287, -4.7307 -0.0076 0.6461, -4.7307 0.0057 0.6319, -4.7307 -0.001 0.6496, -4.7307 0.0115 0.6346, -4.7307 0.0059 0.6525, -4.7307 0.0177 0.6368, -4.7307 0.0132 0.6549, -4.7307 0.0245 0.6384, -4.7307 0.021 0.6566, -4.7307 0.0318 0.6395, -4.7307 0.0291 0.6578, -4.7307 0.0396 0.6399, -4.7307 0.0378 0.6583, -4.7307 0.0416 0.6399, -4.7307 0.0408 0.6583, -4.7307 0.0658 0.6399, -4.7307 0.0864 0.6583, -4.7307 0.0658 0.5165, -4.7307 0.0864 0.4982, -4.7307 0.0425 0.5165, -4.7307 0.0424 0.4982, -4.7307 0.0341 0.5168, -4.7307 0.0332 0.4986, -4.7307 0.0263 0.5178, -4.7307 0.0245 0.4996, -4.7307 0.0192 0.5194, -4.7307 0.0164 0.5012, -4.7307 0.0088 0.5035, -4.7307 -0.0365 0.5436, -4.7307 -0.0392 0.5502, -4.7307 -0.0199 0.5595, -4.7307 -0.0413 0.5572, -4.7307 -0.0212 0.5663, -4.7307 -0.0428 0.5647, -4.7307 -0.022 0.5737, -4.7307 -0.0437 0.5726, -4.7307 -0.0222 0.5798, -4.7307 -0.0439 0.5803, -4.7307 -0.0219 0.5878, -4.7307 -0.0436 0.5886, -4.7307 -0.0426 0.5964, -4.7268 0.0003 0.6287, -4.7268 -0.0139 0.6419, -4.7268 -0.0046 0.6249, -4.7268 -0.0198 0.6371, -4.7268 -0.0076 0.6221, -4.7268 -0.0239 0.6333, -4.7268 -0.0112 0.6179, -4.7268 -0.0285 0.6281, -4.7268 -0.0144 0.6131, -4.7268 -0.0325 0.6226, -4.7268 -0.0171 0.6078, -4.7268 -0.0359 0.6167, -4.7268 -0.0192 0.6018, -4.7268 0.007 0.5243, -4.7268 0.0017 0.5063, -4.7268 0.0128 0.5216, -4.7268 0.0088 0.5035, -4.7268 0.0192 0.5194, -4.7268 0.0164 0.5012, -4.7268 0.0263 0.5178, -4.7268 0.0245 0.4996, -4.7268 0.0341 0.5168, -4.7268 0.0332 0.4986, -4.7268 0.0425 0.5165, -4.7268 0.0424 0.4982, -4.7268 0.0658 0.5165, -4.7268 0.0864 0.4982, -4.7268 0.0658 0.6399, -4.7268 0.0864 0.6583, -4.7268 0.0416 0.6399, -4.7268 0.0408 0.6583, -4.7268 0.0396 0.6399, -4.7268 0.0378 0.6583, -4.7268 0.0318 0.6395, -4.7268 0.0291 0.6578, -4.7268 0.0245 0.6384, -4.7268 0.021 0.6566, -4.7268 0.0177 0.6368, -4.7268 0.0132 0.6549, -4.7268 0.0115 0.6346, -4.7268 0.0059 0.6525, -4.7268 0.0057 0.6319, -4.7268 -0.001 0.6496, -4.7268 -0.0076 0.6461, -4.7268 -0.0199 0.5595, -4.7268 -0.0392 0.5502, -4.7268 -0.018 0.5533, -4.7268 -0.0365 0.5436, -4.7268 -0.0156 0.5476, -4.7268 -0.0333 0.5374, -4.7268 -0.0126 0.5424, -4.7268 -0.0294 0.5315, -4.7268 -0.0091 0.5376, -4.7268 -0.0249 0.5259, -4.7268 -0.0051 0.5332, -4.7268 -0.0198 0.5206, -4.7268 -0.0031 0.5313, -4.7268 -0.0171 0.5182, -4.7268 0.0017 0.5276, -4.7268 -0.0112 0.5137, -4.7268 -0.005 0.5097, -4.7268 -0.0387 0.6104, -4.7268 -0.0409 0.6036, -4.7268 -0.0209 0.5952, -4.7268 -0.0426 0.5964, -4.7268 -0.0219 0.5878, -4.7268 -0.0436 0.5886, -4.7268 -0.0222 0.5798, -4.7268 -0.0439 0.5803, -4.7268 -0.022 0.5737, -4.7268 -0.0437 0.5726, -4.7268 -0.0212 0.5663, -4.7268 -0.0428 0.5647, -4.7268 -0.0413 0.5572, -4.7307 -0.0976 0.5601, -4.7307 -0.1216 0.6267, -4.7307 -0.1138 0.6583, -4.7307 -0.0528 0.4982, -4.7307 -0.0757 0.4982, -4.7307 -0.0911 0.542, -4.7307 -0.1229 0.6314, -4.7307 -0.1242 0.6379, -4.7307 -0.1359 0.6583, -4.7307 -0.1247 0.6379, -4.7307 -0.126 0.6311, -4.7307 -0.1272 0.6267, -4.7307 -0.1514 0.5601, -4.7307 -0.1969 0.4982, -4.7307 -0.1741 0.4982, -4.7307 -0.1577 0.542, -4.7268 -0.0911 0.542, -4.7268 -0.0976 0.5601, -4.7268 -0.1577 0.542, -4.7268 -0.1514 0.5601, -4.7268 -0.1272 0.6267, -4.7268 -0.1359 0.6583, -4.7268 -0.1969 0.4982, -4.7268 -0.1741 0.4982, -4.7268 -0.126 0.6311, -4.7268 -0.1247 0.6379, -4.7268 -0.1138 0.6583, -4.7268 -0.1242 0.6379, -4.7268 -0.1229 0.6314, -4.7268 -0.1216 0.6267, -4.7268 -0.0528 0.4982, -4.7268 -0.0757 0.4982, -4.7307 1.3366 0.4546, -4.7307 1.3241 0.4441, -4.7307 1.3638 0.5762, -4.7307 1.2662 0.7822, -4.7307 1.2579 0.7777, -4.7307 1.2932 0.8609, -4.7307 1.1914 0.8624, -4.7307 1.1721 0.8729, -4.7307 1.2075 0.9321, -4.7307 0.965 0.8039, -4.7307 0.9556 0.7838, -4.7307 0.8902 0.8062, -4.7307 0.9491 0.7627, -4.7307 0.946 0.7447, -4.7307 0.9028 0.5735, -4.7307 0.9186 0.5687, -4.7307 0.9017 0.501, -4.7307 1.365 0.4999, -4.7307 1.358 0.4833, -4.7307 1.3485 0.4681, -4.7307 0.9835 0.632, -4.7307 1.0188 0.6924, -4.7307 1.1429 0.5478, -4.7307 1.1714 0.6127, -4.7307 1.1429 0.5364, -4.7307 1.2046 0.4353, -4.7307 1.1439 0.5218, -4.7307 1.1891 0.445, -4.7307 1.1764 0.456, -4.7307 1.2171 0.5527, -4.7307 1.2141 0.5424, -4.7307 1.2137 0.5313, -4.7307 1.2161 0.5203, -4.7307 1.2212 0.5104, -4.7307 1.2933 0.5621, -4.7307 1.3588 0.5879, -4.7307 1.2989 0.5525, -4.7307 1.3019 0.5417, -4.7307 1.3512 0.79, -4.7307 1.3658 0.8572, -4.7307 1.3879 0.8499, -4.7307 1.2877 0.5023, -4.7307 1.2786 0.496, -4.7307 1.3083 0.4346, -4.7307 1.2681 0.492, -4.7307 0.9232 0.4977, -4.7307 0.93 0.5671, -4.7307 0.9904 0.4977, -4.7307 0.9813 0.5671, -4.7307 0.9961 0.4985, -4.7307 1.1834 0.9422, -4.7307 1.1514 0.8805, -4.7307 1.1584 0.9495, -4.7307 1.3803 0.5854, -4.7307 1.3996 0.5125, -4.7307 1.3778 0.5037, -4.7307 1.3685 0.7831, -4.7307 1.4092 0.8397, -4.7307 1.3845 0.7734, -4.7307 1.4291 0.8269, -4.7307 1.3987 0.7614, -4.7307 1.1643 0.4701, -4.7307 1.1547 0.4861, -4.7307 1.1478 0.5035, -4.7307 1.2509 0.6512, -4.7307 1.2568 0.6514, -4.7307 1.2579 0.5796, -4.7307 1.2749 0.6499, -4.7307 1.2687 0.5783, -4.7307 1.2922 0.6456, -4.7307 1.2786 0.5745, -4.7307 1.2335 0.649, -4.7307 1.2502 0.579, -4.7307 1.2157 0.6438, -4.7307 1.2395 0.5756, -4.7307 1.1991 0.6358, -4.7307 1.2301 0.5698, -4.7307 1.1843 0.6254, -4.7307 1.3088 0.6386, -4.7307 1.3227 0.63, -4.7307 1.2876 0.5682, -4.7307 1.3368 0.6181, -4.7307 1.349 0.6039, -4.7307 0.8518 0.6815, -4.7307 0.7915 0.7188, -4.7307 0.858 0.6968, -4.7307 0.8018 0.7378, -4.7307 0.8669 0.7106, -4.7307 0.8148 0.7556, -4.7307 0.8782 0.7225, -4.7307 0.8301 0.7716, -4.7307 0.8912 0.7321, -4.7307 1.4078 0.6108, -4.7307 1.4561 0.5546, -4.7307 1.395 0.597, -4.7307 1.4387 0.5379, -4.7307 1.4199 0.5239, -4.7307 1.3429 0.8616, -4.7307 1.3329 0.7939, -4.7307 1.3194 0.8631, -4.7307 1.3183 0.7948, -4.7307 1.3063 0.8624, -4.7307 1.3006 0.7933, -4.7307 1.2832 0.7892, -4.7307 1.2949 0.5106, -4.7307 1.2997 0.52, -4.7307 1.3021 0.5306, -4.7307 0.8811 0.5072, -4.7307 0.8615 0.5162, -4.7307 0.8883 0.5811, -4.7307 0.8431 0.5279, -4.7307 0.8755 0.5913, -4.7307 0.8261 0.5422, -4.7307 0.8703 0.5967, -4.7307 0.8196 0.5489, -4.7307 0.8608 0.6097, -4.7307 1.2308 0.9192, -4.7307 1.2431 0.911, -4.7307 1.2091 0.8495, -4.7307 1.2612 0.8964, -4.7307 1.2249 0.8342, -4.7307 1.2777 0.8797, -4.7307 1.2384 0.817, -4.7307 1.2495 0.7981, -4.7307 0.9002 0.8291, -4.7307 0.9128 0.8507, -4.7307 0.9771 0.8225, -4.7307 0.9282 0.8716, -4.7307 0.9915 0.8393, -4.7307 1.4303 0.6605, -4.7307 1.498 0.6325, -4.7307 1.4254 0.6424, -4.7307 1.4906 0.6101, -4.7307 1.4175 0.6254, -4.7307 1.4804 0.5887, -4.7307 1.4676 0.5687, -4.7307 1.2224 0.5619, -4.7307 1.2909 0.4276, -4.7307 1.2725 0.4236, -4.7307 1.2579 0.4908, -4.7307 1.2568 0.4225, -4.7307 1.2471 0.4922, -4.7307 0.8495 0.6396, -4.7307 0.7778 0.6471, -4.7307 0.8481 0.6559, -4.7307 0.7775 0.6571, -4.7307 0.8485 0.6652, -4.7307 0.7793 0.6783, -4.7307 0.784 0.6988, -4.7307 0.806 0.5658, -4.7307 0.7949 0.5843, -4.7307 0.8538 0.6242, -4.7307 0.7864 0.6042, -4.7307 0.7806 0.6253, -4.7307 1.2284 0.5021, -4.7307 1.2371 0.496, -4.7307 1.2211 0.4283, -4.7307 1.2385 0.424, -4.7307 0.9868 0.5681, -4.7307 1.0145 0.5098, -4.7307 1.0111 0.5064, -4.7307 1.1065 0.9554, -4.7307 1.1054 0.887, -4.7307 1.0986 0.9552, -4.7307 1.0837 0.8856, -4.7307 1.4194 0.7332, -4.7307 1.4892 0.7509, -4.7307 1.4264 0.7166, -4.7307 1.497 0.7288, -4.7307 1.4307 0.6992, -4.7307 1.5019 0.7057, -4.7307 1.4321 0.681, -4.7307 1.5038 0.6835, -4.7307 1.4321 0.6777, -4.7307 1.5039 0.6787, -4.7307 1.5024 0.6554, -4.7307 0.9369 0.7447, -4.7307 0.9207 0.7433, -4.7307 0.8859 0.8048, -4.7307 0.9055 0.739, -4.7307 0.8668 0.7967, -4.7307 0.8476 0.7854, -4.7307 1.0234 0.533, -4.7307 1.0224 0.5247, -4.7307 1.0194 0.517, -4.7307 0.9834 0.5674, -4.7307 1.0036 0.5013, -4.7307 1.1328 0.9539, -4.7307 1.1296 0.8853, -4.7307 1.1087 0.887, -4.7307 0.9966 0.5672, -4.7307 1.0044 0.5642, -4.7307 1.0232 0.5364, -4.7307 1.0115 0.5593, -4.7307 1.0171 0.553, -4.7307 1.0212 0.5451, -4.7307 1.4464 0.8124, -4.7307 1.4504 0.8085, -4.7307 1.4097 0.7486, -4.7307 1.4657 0.791, -4.7307 1.4787 0.7718, -4.7307 0.9881 0.5682, -4.7307 0.9464 0.8912, -4.7307 0.9517 0.8962, -4.7307 1.0055 0.8519, -4.7307 0.9733 0.913, -4.7307 1.0234 0.8643, -4.7307 0.9965 0.9272, -4.7307 1.0426 0.8741, -4.7307 1.021 0.9387, -4.7307 1.0628 0.8813, -4.7307 1.0464 0.9472, -4.7307 1.0723 0.9528, -4.7268 1.0188 0.6924, -4.7268 0.9835 0.632, -4.7268 1.1714 0.6127, -4.7268 1.1429 0.5478, -4.7268 1.2046 0.4353, -4.7268 1.4078 0.6108, -4.7268 1.395 0.597, -4.7268 1.365 0.4999, -4.7268 1.4175 0.6254, -4.7268 1.1429 0.5364, -4.7268 1.1439 0.5218, -4.7268 1.1891 0.445, -4.7268 1.1764 0.456, -4.7268 1.3638 0.5762, -4.7268 1.3366 0.4546, -4.7268 1.3485 0.4681, -4.7268 1.2495 0.7981, -4.7268 1.2579 0.7777, -4.7268 1.2932 0.8609, -4.7268 1.2662 0.7822, -4.7268 1.3685 0.7831, -4.7268 1.3879 0.8499, -4.7268 1.3512 0.79, -4.7268 1.3658 0.8572, -4.7268 1.3329 0.7939, -4.7268 1.3429 0.8616, -4.7268 1.3183 0.7948, -4.7268 1.1721 0.8729, -4.7268 1.1914 0.8624, -4.7268 1.2308 0.9192, -4.7268 1.2579 0.4908, -4.7268 1.2471 0.4922, -4.7268 1.2385 0.424, -4.7268 1.2212 0.5104, -4.7268 1.2161 0.5203, -4.7268 1.2137 0.5313, -4.7268 1.2141 0.5424, -4.7268 1.358 0.4833, -4.7268 1.3803 0.5854, -4.7268 1.2832 0.7892, -4.7268 1.3006 0.7933, -4.7268 1.3063 0.8624, -4.7268 1.3194 0.8631, -4.7268 0.9771 0.8225, -4.7268 0.9128 0.8507, -4.7268 0.965 0.8039, -4.7268 0.9002 0.8291, -4.7268 0.9556 0.7838, -4.7268 0.8902 0.8062, -4.7268 0.9491 0.7627, -4.7268 1.2431 0.911, -4.7268 1.2091 0.8495, -4.7268 1.2612 0.8964, -4.7268 0.9055 0.739, -4.7268 0.9207 0.7433, -4.7268 1.2211 0.4283, -4.7268 1.2371 0.496, -4.7268 1.2284 0.5021, -4.7268 1.3241 0.4441, -4.7268 1.3021 0.5306, -4.7268 1.2997 0.52, -4.7268 1.2568 0.4225, -4.7268 1.2725 0.4236, -4.7268 1.2681 0.492, -4.7268 1.2909 0.4276, -4.7268 1.2786 0.496, -4.7268 1.3083 0.4346, -4.7268 1.2877 0.5023, -4.7268 1.2949 0.5106, -4.7268 1.1478 0.5035, -4.7268 1.1547 0.4861, -4.7268 1.1643 0.4701, -4.7268 1.2777 0.8797, -4.7268 1.2249 0.8342, -4.7268 1.2384 0.817, -4.7268 0.8538 0.6242, -4.7268 0.7949 0.5843, -4.7268 0.8608 0.6097, -4.7268 0.806 0.5658, -4.7268 0.8703 0.5967, -4.7268 0.8196 0.5489, -4.7268 0.8755 0.5913, -4.7268 0.8261 0.5422, -4.7268 0.8883 0.5811, -4.7268 0.858 0.6968, -4.7268 0.7915 0.7188, -4.7268 0.8518 0.6815, -4.7268 0.784 0.6988, -4.7268 0.8485 0.6652, -4.7268 0.7793 0.6783, -4.7268 0.8481 0.6559, -4.7268 0.9369 0.7447, -4.7268 0.946 0.7447, -4.7268 1.4264 0.7166, -4.7268 1.4892 0.7509, -4.7268 1.4194 0.7332, -4.7268 1.4787 0.7718, -4.7268 1.4097 0.7486, -4.7268 1.4254 0.6424, -4.7268 1.498 0.6325, -4.7268 1.4303 0.6605, -4.7268 1.5024 0.6554, -4.7268 1.4321 0.6777, -4.7268 1.5039 0.6787, -4.7268 1.4321 0.681, -4.7268 1.5038 0.6835, -4.7268 1.4307 0.6992, -4.7268 1.5019 0.7057, -4.7268 1.497 0.7288, -4.7268 1.4561 0.5546, -4.7268 1.4676 0.5687, -4.7268 1.2171 0.5527, -4.7268 1.2224 0.5619, -4.7268 1.1843 0.6254, -4.7268 1.2301 0.5698, -4.7268 1.1991 0.6358, -4.7268 1.2395 0.5756, -4.7268 1.2157 0.6438, -4.7268 1.2335 0.649, -4.7268 1.2502 0.579, -4.7268 1.2509 0.6512, -4.7268 1.2579 0.5796, -4.7268 1.2568 0.6514, -4.7268 1.2749 0.6499, -4.7268 1.2687 0.5783, -4.7268 1.2922 0.6456, -4.7268 1.3088 0.6386, -4.7268 1.2786 0.5745, -4.7268 1.3227 0.63, -4.7268 1.2876 0.5682, -4.7268 1.3368 0.6181, -4.7268 1.349 0.6039, -4.7268 1.2933 0.5621, -4.7268 1.3588 0.5879, -4.7268 1.2989 0.5525, -4.7268 1.3019 0.5417, -4.7268 1.4657 0.791, -4.7268 1.4504 0.8085, -4.7268 1.3987 0.7614, -4.7268 1.4464 0.8124, -4.7268 1.3845 0.7734, -4.7268 1.4291 0.8269, -4.7268 1.4092 0.8397, -4.7268 1.4804 0.5887, -4.7268 1.4906 0.6101, -4.7268 1.0111 0.5064, -4.7268 1.0145 0.5098, -4.7268 0.9868 0.5681, -4.7268 1.0194 0.517, -4.7268 0.7775 0.6571, -4.7268 0.7778 0.6471, -4.7268 0.8495 0.6396, -4.7268 0.7806 0.6253, -4.7268 0.7864 0.6042, -4.7268 0.8859 0.8048, -4.7268 0.8668 0.7967, -4.7268 0.8912 0.7321, -4.7268 0.8476 0.7854, -4.7268 0.8782 0.7225, -4.7268 0.8301 0.7716, -4.7268 0.8669 0.7106, -4.7268 0.8148 0.7556, -4.7268 0.8018 0.7378, -4.7268 0.8431 0.5279, -4.7268 0.8615 0.5162, -4.7268 0.9028 0.5735, -4.7268 0.8811 0.5072, -4.7268 0.9186 0.5687, -4.7268 0.9017 0.501, -4.7268 0.93 0.5671, -4.7268 0.9232 0.4977, -4.7268 0.9813 0.5671, -4.7268 0.9904 0.4977, -4.7268 0.9834 0.5674, -4.7268 0.9961 0.4985, -4.7268 1.0036 0.5013, -4.7268 1.0224 0.5247, -4.7268 1.0234 0.533, -4.7268 1.0232 0.5364, -4.7268 1.3778 0.5037, -4.7268 1.3996 0.5125, -4.7268 1.0212 0.5451, -4.7268 1.0171 0.553, -4.7268 1.0115 0.5593, -4.7268 1.0044 0.5642, -4.7268 1.4199 0.5239, -4.7268 1.4387 0.5379, -4.7268 1.0055 0.8519, -4.7268 0.9517 0.8962, -4.7268 0.9915 0.8393, -4.7268 0.9464 0.8912, -4.7268 0.9282 0.8716, -4.7268 1.2075 0.9321, -4.7268 1.1834 0.9422, -4.7268 1.1514 0.8805, -4.7268 1.1584 0.9495, -4.7268 1.1296 0.8853, -4.7268 1.1328 0.9539, -4.7268 1.1087 0.887, -4.7268 1.1065 0.9554, -4.7268 1.1054 0.887, -4.7268 1.0986 0.9552, -4.7268 1.0837 0.8856, -4.7268 1.0723 0.9528, -4.7268 1.0628 0.8813, -4.7268 1.0464 0.9472, -4.7268 1.0426 0.8741, -4.7268 1.021 0.9387, -4.7268 1.0234 0.8643, -4.7268 0.9965 0.9272, -4.7268 0.9733 0.913, -4.7268 0.9966 0.5672, -4.7268 0.9881 0.5682
            ]
        }
        coordIndex [
            0,1,2,-1,2,1,3,-1,4,0,5,-1,5,0,2,-1,6,4,7,-1,7,4,5,-1,8,6,9,-1,9,6,7,-1,10,8,11,-1,11,8,9,-1,1,10,3,-1,3,10,11,-1,6,8,4,-1,4,8,10,-1,4,10,0,-1,0,10,1,-1,2,3,5,-1,5,3,11,-1,5,11,7,-1,7,11,9,-1,12,13,14,-1,12,14,15,-1,15,14,16,-1,15,16,17,-1,17,16,18,-1,17,18,19,-1,19,18,20,-1,19,20,21,-1,21,20,22,-1,21,22,23,-1,23,22,24,-1,23,24,25,-1,26,25,27,-1,27,25,24,-1,26,27,28,-1,26,28,29,-1,29,28,30,-1,29,30,31,-1,31,30,32,-1,31,32,33,-1,33,32,34,-1,33,34,35,-1,35,34,36,-1,35,36,37,-1,37,36,38,-1,37,38,39,-1,39,38,40,-1,39,40,41,-1,41,40,42,-1,41,42,43,-1,43,42,44,-1,43,44,45,-1,45,44,46,-1,45,46,47,-1,47,46,48,-1,47,48,49,-1,49,48,50,-1,49,50,51,-1,51,50,52,-1,51,52,53,-1,53,52,54,-1,53,54,55,-1,55,54,56,-1,55,56,57,-1,57,56,58,-1,57,58,59,-1,59,58,60,-1,59,60,61,-1,61,60,62,-1,61,62,63,-1,63,62,64,-1,63,64,65,-1,65,64,66,-1,65,66,67,-1,67,66,68,-1,67,68,69,-1,69,68,70,-1,69,70,71,-1,71,70,72,-1,71,72,73,-1,73,72,74,-1,73,74,75,-1,75,74,76,-1,75,76,77,-1,77,76,78,-1,77,78,79,-1,79,78,80,-1,79,80,81,-1,81,80,82,-1,81,82,83,-1,83,82,84,-1,83,84,85,-1,85,84,86,-1,85,86,87,-1,87,86,88,-1,87,88,89,-1,89,88,90,-1,89,90,91,-1,91,90,92,-1,91,92,93,-1,93,92,94,-1,93,94,95,-1,95,94,96,-1,95,96,97,-1,97,96,98,-1,97,98,99,-1,99,98,100,-1,99,100,101,-1,101,100,102,-1,101,102,103,-1,103,102,104,-1,103,104,105,-1,105,104,106,-1,105,106,107,-1,107,106,108,-1,107,108,109,-1,109,108,110,-1,109,110,111,-1,111,110,112,-1,111,112,113,-1,113,112,114,-1,113,114,115,-1,116,115,117,-1,117,115,114,-1,116,117,118,-1,116,118,119,-1,119,118,120,-1,119,120,121,-1,121,120,122,-1,121,122,123,-1,123,122,124,-1,123,124,125,-1,125,124,126,-1,125,126,127,-1,127,126,128,-1,127,128,129,-1,129,128,130,-1,129,130,131,-1,131,130,132,-1,131,132,133,-1,133,132,134,-1,133,134,135,-1,135,134,136,-1,135,136,137,-1,137,136,138,-1,137,138,139,-1,139,138,140,-1,139,140,141,-1,141,140,142,-1,141,142,143,-1,143,142,144,-1,143,144,145,-1,145,144,146,-1,145,146,147,-1,147,146,148,-1,147,148,149,-1,149,148,150,-1,149,150,151,-1,151,150,152,-1,151,152,153,-1,153,152,154,-1,153,154,155,-1,155,154,156,-1,155,156,157,-1,157,156,158,-1,157,158,159,-1,159,158,160,-1,159,160,161,-1,161,160,162,-1,161,162,163,-1,163,162,164,-1,163,164,165,-1,165,164,166,-1,165,166,167,-1,167,166,168,-1,167,168,169,-1,169,168,170,-1,169,170,171,-1,171,170,172,-1,171,172,173,-1,173,172,174,-1,173,174,175,-1,175,174,176,-1,175,176,177,-1,177,176,178,-1,177,178,179,-1,179,178,180,-1,179,180,181,-1,181,180,182,-1,181,182,183,-1,183,182,184,-1,183,184,185,-1,185,184,186,-1,185,186,187,-1,187,186,188,-1,187,188,189,-1,189,188,190,-1,189,190,191,-1,191,190,192,-1,191,192,193,-1,193,192,194,-1,193,194,195,-1,195,194,196,-1,195,196,197,-1,197,196,13,-1,197,13,12,-1,113,115,116,-1,57,177,179,-1,57,179,55,-1,55,179,181,-1,55,181,53,-1,53,181,183,-1,53,183,51,-1,51,183,185,-1,51,185,49,-1,49,185,187,-1,49,187,47,-1,33,21,31,-1,31,21,23,-1,31,23,29,-1,29,23,25,-1,29,25,26,-1,187,189,47,-1,47,189,191,-1,47,191,45,-1,45,191,193,-1,45,193,43,-1,43,193,195,-1,43,195,41,-1,41,195,197,-1,41,197,39,-1,39,197,12,-1,39,12,37,-1,37,12,15,-1,37,15,35,-1,35,15,17,-1,35,17,33,-1,33,17,19,-1,33,19,21,-1,89,143,87,-1,87,143,145,-1,87,145,85,-1,85,145,147,-1,85,147,83,-1,83,147,149,-1,83,149,81,-1,81,149,151,-1,81,151,79,-1,79,151,153,-1,79,153,77,-1,77,153,155,-1,77,155,75,-1,113,116,111,-1,111,116,119,-1,111,119,109,-1,109,119,121,-1,109,121,107,-1,107,121,123,-1,107,123,105,-1,105,123,125,-1,105,125,103,-1,103,125,127,-1,103,127,101,-1,101,127,129,-1,101,129,99,-1,99,129,131,-1,99,131,97,-1,97,131,133,-1,97,133,95,-1,95,133,135,-1,95,135,93,-1,93,135,137,-1,93,137,91,-1,91,137,139,-1,91,139,89,-1,89,139,141,-1,89,141,143,-1,177,57,175,-1,175,57,59,-1,175,59,173,-1,173,59,61,-1,173,61,171,-1,171,61,63,-1,171,63,169,-1,169,63,65,-1,169,65,167,-1,167,65,165,-1,165,65,67,-1,165,67,163,-1,155,157,75,-1,75,157,159,-1,75,159,73,-1,73,159,161,-1,73,161,71,-1,71,161,163,-1,71,163,69,-1,69,163,67,-1,28,27,24,-1,28,24,30,-1,44,190,46,-1,46,190,188,-1,46,188,48,-1,48,188,186,-1,48,186,50,-1,50,186,184,-1,50,184,52,-1,52,184,182,-1,52,182,54,-1,114,112,117,-1,117,112,110,-1,117,110,118,-1,118,110,108,-1,182,180,54,-1,54,180,178,-1,54,178,56,-1,56,178,176,-1,56,176,58,-1,58,176,174,-1,58,174,60,-1,60,174,172,-1,60,172,62,-1,24,22,30,-1,30,22,20,-1,30,20,32,-1,32,20,18,-1,32,18,34,-1,34,18,16,-1,34,16,36,-1,36,16,14,-1,36,14,38,-1,38,14,13,-1,38,13,40,-1,40,13,196,-1,40,196,42,-1,42,196,194,-1,42,194,44,-1,44,194,192,-1,44,192,190,-1,82,146,84,-1,84,146,144,-1,84,144,86,-1,86,144,142,-1,86,142,88,-1,88,142,140,-1,88,140,90,-1,90,140,138,-1,90,138,92,-1,92,138,136,-1,92,136,94,-1,94,136,134,-1,94,134,96,-1,96,134,132,-1,96,132,98,-1,98,132,130,-1,98,130,100,-1,100,130,128,-1,100,128,102,-1,102,128,126,-1,102,126,104,-1,104,126,124,-1,104,124,106,-1,106,124,122,-1,106,122,108,-1,108,122,120,-1,108,120,118,-1,162,160,72,-1,72,160,158,-1,72,158,74,-1,74,158,156,-1,74,156,76,-1,76,156,154,-1,76,154,78,-1,78,154,152,-1,78,152,80,-1,80,152,150,-1,80,150,82,-1,82,150,148,-1,82,148,146,-1,172,170,62,-1,62,170,168,-1,62,168,64,-1,64,168,166,-1,64,166,66,-1,66,166,164,-1,66,164,68,-1,68,164,162,-1,68,162,70,-1,70,162,72,-1,198,199,200,-1,200,199,201,-1,202,198,203,-1,203,198,200,-1,204,202,205,-1,205,202,203,-1,206,204,207,-1,207,204,205,-1,208,206,209,-1,209,206,207,-1,210,208,211,-1,211,208,209,-1,212,210,213,-1,213,210,211,-1,214,212,215,-1,215,212,213,-1,216,214,217,-1,217,214,215,-1,218,216,219,-1,219,216,217,-1,220,218,221,-1,221,218,219,-1,199,220,201,-1,201,220,221,-1,220,199,198,-1,198,202,220,-1,220,202,204,-1,220,204,218,-1,214,216,212,-1,212,216,218,-1,212,218,210,-1,210,218,204,-1,210,204,208,-1,208,204,206,-1,209,207,211,-1,211,207,205,-1,217,215,219,-1,219,215,213,-1,200,201,203,-1,203,201,221,-1,203,221,205,-1,205,221,219,-1,205,219,211,-1,211,219,213,-1,222,223,224,-1,224,223,225,-1,224,225,226,-1,226,225,227,-1,226,227,228,-1,228,227,229,-1,228,229,230,-1,230,229,231,-1,230,231,232,-1,232,231,233,-1,232,233,234,-1,234,233,235,-1,234,235,236,-1,236,235,237,-1,236,237,238,-1,239,240,241,-1,241,240,242,-1,241,242,243,-1,243,242,244,-1,243,244,245,-1,245,244,246,-1,245,246,247,-1,246,248,247,-1,247,248,249,-1,247,249,250,-1,250,249,251,-1,250,251,252,-1,252,251,253,-1,252,253,254,-1,254,253,255,-1,254,255,256,-1,256,255,257,-1,256,257,258,-1,258,257,259,-1,258,259,260,-1,260,259,261,-1,260,261,262,-1,262,261,263,-1,262,263,264,-1,264,263,265,-1,264,265,266,-1,266,265,267,-1,266,267,268,-1,268,267,269,-1,268,269,270,-1,270,269,271,-1,270,271,272,-1,272,271,273,-1,272,273,274,-1,274,273,275,-1,274,275,276,-1,276,275,277,-1,276,277,278,-1,278,277,279,-1,278,279,280,-1,280,279,281,-1,280,281,222,-1,222,281,282,-1,222,282,223,-1,237,283,238,-1,238,283,284,-1,238,284,285,-1,285,284,286,-1,285,286,287,-1,287,286,288,-1,287,288,289,-1,289,288,290,-1,289,290,291,-1,291,290,292,-1,291,292,293,-1,293,292,294,-1,293,294,239,-1,239,294,295,-1,239,295,240,-1,296,297,298,-1,298,297,299,-1,298,299,300,-1,300,299,301,-1,300,301,302,-1,302,301,303,-1,302,303,304,-1,304,303,305,-1,304,305,306,-1,306,305,307,-1,306,307,308,-1,309,310,311,-1,311,310,312,-1,311,312,313,-1,313,312,314,-1,313,314,315,-1,315,314,316,-1,315,316,317,-1,317,316,318,-1,317,318,319,-1,319,318,320,-1,319,320,321,-1,321,320,322,-1,321,322,323,-1,323,322,324,-1,323,324,325,-1,325,324,326,-1,325,326,327,-1,327,326,328,-1,327,328,329,-1,329,328,330,-1,329,330,331,-1,331,330,332,-1,331,332,333,-1,333,332,334,-1,333,334,335,-1,335,334,336,-1,335,336,337,-1,337,336,338,-1,337,338,296,-1,296,338,339,-1,296,339,297,-1,340,341,342,-1,342,341,343,-1,342,343,344,-1,344,343,345,-1,344,345,346,-1,346,345,347,-1,346,347,348,-1,348,347,349,-1,348,349,350,-1,350,349,351,-1,350,351,352,-1,352,351,353,-1,352,353,354,-1,354,353,355,-1,354,355,309,-1,309,355,356,-1,309,356,310,-1,307,357,308,-1,308,357,358,-1,308,358,359,-1,359,358,360,-1,359,360,361,-1,361,360,362,-1,361,362,363,-1,363,362,364,-1,363,364,365,-1,365,364,366,-1,365,366,367,-1,367,366,368,-1,367,368,340,-1,340,368,369,-1,340,369,341,-1,275,273,320,-1,320,273,322,-1,275,320,318,-1,275,318,277,-1,277,318,316,-1,277,316,279,-1,279,316,314,-1,279,314,281,-1,281,314,312,-1,281,312,282,-1,282,312,310,-1,282,310,223,-1,223,310,356,-1,223,356,225,-1,225,356,355,-1,225,355,227,-1,227,355,353,-1,227,353,229,-1,229,353,351,-1,229,351,231,-1,231,351,349,-1,231,349,233,-1,233,349,347,-1,233,347,235,-1,235,347,345,-1,235,345,237,-1,237,345,343,-1,237,343,283,-1,283,343,341,-1,283,341,284,-1,284,341,369,-1,284,369,286,-1,286,369,368,-1,286,368,288,-1,288,368,366,-1,288,366,290,-1,290,366,364,-1,290,364,292,-1,292,364,362,-1,292,362,294,-1,294,362,360,-1,294,360,295,-1,295,360,358,-1,295,358,240,-1,240,358,357,-1,240,357,242,-1,242,357,307,-1,242,307,244,-1,244,307,305,-1,244,305,246,-1,246,305,303,-1,246,303,248,-1,248,303,301,-1,248,301,249,-1,249,301,299,-1,249,299,251,-1,251,299,297,-1,251,297,253,-1,253,297,339,-1,253,339,255,-1,255,339,338,-1,255,338,257,-1,257,338,336,-1,257,336,259,-1,259,336,334,-1,259,334,261,-1,261,334,332,-1,261,332,263,-1,263,332,330,-1,263,330,265,-1,265,330,328,-1,265,328,267,-1,267,328,326,-1,267,326,269,-1,271,269,324,-1,324,269,326,-1,273,271,322,-1,322,271,324,-1,268,270,325,-1,325,270,323,-1,270,272,323,-1,323,272,321,-1,272,274,321,-1,321,274,319,-1,230,350,352,-1,230,352,228,-1,228,352,354,-1,228,354,226,-1,226,354,309,-1,226,309,224,-1,224,309,311,-1,224,311,222,-1,222,311,313,-1,222,313,280,-1,280,313,315,-1,280,315,278,-1,278,315,317,-1,278,317,276,-1,276,317,319,-1,276,319,274,-1,291,363,365,-1,291,365,289,-1,289,365,367,-1,289,367,287,-1,287,367,340,-1,287,340,285,-1,285,340,342,-1,285,342,238,-1,238,342,344,-1,238,344,236,-1,236,344,346,-1,236,346,234,-1,234,346,348,-1,234,348,232,-1,232,348,350,-1,232,350,230,-1,252,298,300,-1,252,300,250,-1,250,300,302,-1,250,302,247,-1,247,302,304,-1,247,304,245,-1,245,304,306,-1,245,306,243,-1,243,306,308,-1,243,308,241,-1,241,308,359,-1,241,359,239,-1,239,359,361,-1,239,361,293,-1,293,361,363,-1,293,363,291,-1,268,325,327,-1,268,327,266,-1,266,327,329,-1,266,329,264,-1,264,329,331,-1,264,331,262,-1,262,331,333,-1,262,333,260,-1,260,333,335,-1,260,335,258,-1,258,335,337,-1,258,337,256,-1,256,337,296,-1,256,296,254,-1,254,296,298,-1,254,298,252,-1,370,371,372,-1,373,374,375,-1,371,376,372,-1,372,376,377,-1,372,377,378,-1,378,377,379,-1,378,379,380,-1,380,381,378,-1,378,381,382,-1,378,382,383,-1,384,383,385,-1,385,383,382,-1,385,382,375,-1,375,382,370,-1,375,370,373,-1,373,370,372,-1,386,387,388,-1,388,387,389,-1,390,391,389,-1,389,391,392,-1,389,392,388,-1,388,392,393,-1,390,394,391,-1,391,394,395,-1,391,395,396,-1,396,395,397,-1,396,397,398,-1,398,399,396,-1,396,399,387,-1,396,387,400,-1,400,387,386,-1,400,386,401,-1,378,383,391,-1,391,383,392,-1,372,378,396,-1,396,378,391,-1,373,372,400,-1,400,372,396,-1,374,373,401,-1,401,373,400,-1,375,374,386,-1,386,374,401,-1,385,375,388,-1,388,375,386,-1,384,385,393,-1,393,385,388,-1,383,384,392,-1,392,384,393,-1,370,382,387,-1,387,382,389,-1,382,381,389,-1,389,381,390,-1,379,395,394,-1,379,394,380,-1,380,394,390,-1,380,390,381,-1,379,377,395,-1,395,377,397,-1,371,399,398,-1,371,398,376,-1,376,398,397,-1,376,397,377,-1,371,370,399,-1,399,370,387,-1,402,403,404,-1,404,403,405,-1,406,402,407,-1,407,402,404,-1,408,406,409,-1,409,406,407,-1,410,408,411,-1,411,408,409,-1,412,410,413,-1,413,410,411,-1,414,412,415,-1,415,412,413,-1,416,414,417,-1,417,414,415,-1,418,416,419,-1,419,416,417,-1,420,418,421,-1,421,418,419,-1,422,420,423,-1,423,420,421,-1,424,422,425,-1,425,422,423,-1,403,424,405,-1,405,424,425,-1,418,420,416,-1,416,420,422,-1,416,422,414,-1,403,402,424,-1,424,402,406,-1,424,406,408,-1,410,412,408,-1,408,412,414,-1,408,414,424,-1,424,414,422,-1,423,421,419,-1,419,417,423,-1,423,417,415,-1,423,415,425,-1,404,405,407,-1,407,405,425,-1,407,425,409,-1,409,425,415,-1,409,415,411,-1,411,415,413,-1,426,427,428,-1,428,427,429,-1,430,431,432,-1,432,431,433,-1,432,433,434,-1,434,433,435,-1,434,435,436,-1,437,438,439,-1,440,441,442,-1,443,444,445,-1,426,428,446,-1,446,428,447,-1,446,447,448,-1,449,450,451,-1,451,450,439,-1,451,439,452,-1,452,439,438,-1,453,454,455,-1,455,454,456,-1,455,456,430,-1,430,456,457,-1,430,457,431,-1,443,458,444,-1,444,458,459,-1,444,459,460,-1,460,459,461,-1,460,461,462,-1,448,463,446,-1,446,463,464,-1,446,464,465,-1,465,464,466,-1,465,466,445,-1,445,466,467,-1,445,467,443,-1,468,469,470,-1,470,469,471,-1,470,471,453,-1,453,471,472,-1,453,472,454,-1,473,474,475,-1,475,474,476,-1,475,476,477,-1,477,476,478,-1,477,478,479,-1,442,480,440,-1,440,480,481,-1,440,481,473,-1,473,481,482,-1,473,482,474,-1,483,484,485,-1,485,484,486,-1,485,486,441,-1,441,486,487,-1,441,487,442,-1,488,489,439,-1,439,489,490,-1,439,490,437,-1,491,488,468,-1,468,488,492,-1,468,492,469,-1,429,489,428,-1,428,489,488,-1,428,488,493,-1,493,488,491,-1,461,494,462,-1,462,494,495,-1,462,495,496,-1,496,495,497,-1,496,497,498,-1,435,499,436,-1,436,499,500,-1,436,500,501,-1,501,500,502,-1,501,502,503,-1,503,502,504,-1,503,504,505,-1,505,504,506,-1,505,506,507,-1,507,506,508,-1,507,508,509,-1,509,508,510,-1,509,510,511,-1,511,510,512,-1,511,512,513,-1,513,512,514,-1,513,514,515,-1,515,514,516,-1,515,516,517,-1,517,516,518,-1,517,518,519,-1,452,520,451,-1,451,520,521,-1,451,521,522,-1,522,521,523,-1,522,523,524,-1,525,526,527,-1,527,526,528,-1,527,528,529,-1,529,528,530,-1,529,530,531,-1,497,532,498,-1,498,532,533,-1,498,533,483,-1,483,533,534,-1,483,534,484,-1,530,535,531,-1,531,535,536,-1,531,536,537,-1,537,536,538,-1,537,538,539,-1,539,538,524,-1,539,524,540,-1,540,524,523,-1,478,541,479,-1,479,541,542,-1,479,542,543,-1,543,542,544,-1,543,544,545,-1,545,544,546,-1,545,546,525,-1,525,546,547,-1,525,547,526,-1,548,549,550,-1,551,552,553,-1,553,552,554,-1,553,554,555,-1,556,557,558,-1,558,557,559,-1,558,559,560,-1,561,562,563,-1,564,565,566,-1,566,565,567,-1,566,567,568,-1,568,567,569,-1,568,569,570,-1,570,569,571,-1,570,571,572,-1,554,573,555,-1,555,573,574,-1,555,574,575,-1,575,574,576,-1,575,576,577,-1,578,579,580,-1,580,579,581,-1,580,581,582,-1,582,581,583,-1,582,583,551,-1,551,583,584,-1,551,584,552,-1,585,561,586,-1,586,561,563,-1,586,563,587,-1,587,563,588,-1,589,590,591,-1,591,590,592,-1,591,592,593,-1,593,592,594,-1,593,594,595,-1,595,594,596,-1,595,596,597,-1,597,596,598,-1,599,600,589,-1,589,600,601,-1,589,601,590,-1,602,603,556,-1,556,603,604,-1,556,604,557,-1,605,606,602,-1,602,606,607,-1,602,607,603,-1,566,608,564,-1,564,608,609,-1,564,609,610,-1,610,609,611,-1,610,611,586,-1,586,611,612,-1,586,612,585,-1,613,614,599,-1,599,614,615,-1,599,615,600,-1,616,617,618,-1,618,617,563,-1,618,563,619,-1,619,563,562,-1,559,620,560,-1,560,620,621,-1,560,621,622,-1,623,624,625,-1,625,624,626,-1,625,626,627,-1,627,626,628,-1,627,628,605,-1,605,628,629,-1,605,629,606,-1,571,630,572,-1,572,630,631,-1,572,631,632,-1,632,631,633,-1,632,633,634,-1,634,633,635,-1,634,635,623,-1,623,635,636,-1,623,636,624,-1,576,637,577,-1,577,637,638,-1,577,638,639,-1,639,638,640,-1,639,640,641,-1,641,640,617,-1,641,617,642,-1,642,617,643,-1,643,617,616,-1,643,616,598,-1,598,616,644,-1,598,644,597,-1,645,646,647,-1,647,646,648,-1,647,648,613,-1,613,648,649,-1,613,649,614,-1,621,650,622,-1,622,650,651,-1,622,651,652,-1,652,651,653,-1,652,653,645,-1,645,653,654,-1,645,654,646,-1,548,550,655,-1,655,550,656,-1,655,656,657,-1,657,656,658,-1,657,658,659,-1,659,658,660,-1,659,660,661,-1,661,660,662,-1,661,662,663,-1,663,662,664,-1,663,664,665,-1,665,664,666,-1,665,666,667,-1,667,666,668,-1,667,668,578,-1,578,668,669,-1,578,669,579,-1,504,668,666,-1,504,666,506,-1,506,666,664,-1,506,664,508,-1,508,664,662,-1,508,662,510,-1,510,662,660,-1,510,660,512,-1,512,660,658,-1,512,658,514,-1,514,658,656,-1,514,656,516,-1,516,656,550,-1,516,550,518,-1,519,518,549,-1,549,518,550,-1,519,549,548,-1,519,548,517,-1,517,548,655,-1,517,655,515,-1,515,655,657,-1,515,657,513,-1,513,657,659,-1,513,659,511,-1,511,659,661,-1,511,661,509,-1,509,661,663,-1,509,663,507,-1,507,663,665,-1,507,665,505,-1,505,665,667,-1,505,667,503,-1,503,667,578,-1,503,578,501,-1,501,578,580,-1,501,580,436,-1,436,580,582,-1,436,582,434,-1,434,582,551,-1,434,551,432,-1,432,551,553,-1,432,553,430,-1,430,553,555,-1,430,555,455,-1,455,555,575,-1,455,575,453,-1,453,575,577,-1,453,577,470,-1,470,577,639,-1,470,639,468,-1,468,639,641,-1,468,641,491,-1,491,641,642,-1,491,642,493,-1,493,642,643,-1,493,643,428,-1,447,428,598,-1,598,428,643,-1,447,598,596,-1,447,596,448,-1,448,596,594,-1,448,594,463,-1,463,594,592,-1,463,592,464,-1,464,592,590,-1,464,590,466,-1,466,590,601,-1,466,601,467,-1,467,601,600,-1,467,600,443,-1,443,600,615,-1,443,615,458,-1,458,615,614,-1,458,614,459,-1,459,614,649,-1,459,649,461,-1,461,649,648,-1,461,648,494,-1,494,648,646,-1,494,646,495,-1,495,646,654,-1,495,654,497,-1,497,654,653,-1,497,653,532,-1,532,653,651,-1,532,651,533,-1,533,651,650,-1,533,650,534,-1,534,650,621,-1,534,621,484,-1,484,621,620,-1,484,620,486,-1,486,620,559,-1,486,559,487,-1,487,559,557,-1,487,557,442,-1,442,557,604,-1,442,604,480,-1,480,604,603,-1,480,603,481,-1,481,603,607,-1,481,607,482,-1,482,607,606,-1,482,606,474,-1,474,606,629,-1,474,629,476,-1,476,629,628,-1,476,628,478,-1,478,628,626,-1,478,626,541,-1,541,626,624,-1,541,624,542,-1,542,624,636,-1,542,636,544,-1,544,636,635,-1,544,635,546,-1,546,635,633,-1,546,633,547,-1,547,633,631,-1,547,631,526,-1,526,631,630,-1,526,630,528,-1,528,630,571,-1,528,571,530,-1,530,571,569,-1,530,569,535,-1,535,569,567,-1,535,567,536,-1,536,567,565,-1,536,565,538,-1,538,565,564,-1,538,564,524,-1,524,564,610,-1,524,610,522,-1,451,522,586,-1,586,522,610,-1,449,451,587,-1,587,451,586,-1,450,449,588,-1,588,449,587,-1,439,450,563,-1,563,450,588,-1,439,563,617,-1,439,617,488,-1,488,617,640,-1,488,640,492,-1,492,640,638,-1,492,638,469,-1,469,638,637,-1,469,637,471,-1,471,637,576,-1,471,576,472,-1,472,576,574,-1,472,574,454,-1,454,574,573,-1,454,573,456,-1,456,573,554,-1,456,554,457,-1,457,554,552,-1,457,552,431,-1,431,552,584,-1,431,584,433,-1,433,584,583,-1,433,583,435,-1,435,583,581,-1,435,581,499,-1,499,581,579,-1,499,579,500,-1,500,579,669,-1,500,669,502,-1,502,669,668,-1,502,668,504,-1,445,589,591,-1,445,591,465,-1,465,591,593,-1,465,593,446,-1,446,593,595,-1,446,595,426,-1,426,595,597,-1,426,597,427,-1,427,597,644,-1,427,644,429,-1,498,652,645,-1,498,645,496,-1,496,645,647,-1,496,647,462,-1,462,647,613,-1,462,613,460,-1,460,613,599,-1,460,599,444,-1,444,599,589,-1,444,589,445,-1,473,602,556,-1,473,556,440,-1,440,556,558,-1,440,558,441,-1,441,558,560,-1,441,560,485,-1,485,560,622,-1,485,622,483,-1,483,622,652,-1,483,652,498,-1,545,634,623,-1,545,623,543,-1,543,623,625,-1,543,625,479,-1,479,625,627,-1,479,627,477,-1,477,627,605,-1,477,605,475,-1,475,605,602,-1,475,602,473,-1,540,609,608,-1,540,608,539,-1,539,608,566,-1,539,566,537,-1,537,566,568,-1,537,568,531,-1,531,568,570,-1,531,570,529,-1,529,570,572,-1,529,572,527,-1,527,572,632,-1,527,632,525,-1,525,632,634,-1,525,634,545,-1,490,618,619,-1,490,619,437,-1,437,619,562,-1,437,562,438,-1,438,562,561,-1,438,561,452,-1,452,561,585,-1,452,585,520,-1,520,585,612,-1,520,612,521,-1,521,612,611,-1,521,611,523,-1,523,611,609,-1,523,609,540,-1,490,489,618,-1,618,489,616,-1,489,429,616,-1,616,429,644,-1,670,671,672,-1,670,672,673,-1,673,672,674,-1,673,674,675,-1,675,674,676,-1,675,676,677,-1,677,676,678,-1,677,678,679,-1,679,678,680,-1,679,680,681,-1,681,680,682,-1,681,682,683,-1,683,682,684,-1,683,684,685,-1,686,685,687,-1,687,685,684,-1,686,687,688,-1,686,688,689,-1,689,688,690,-1,689,690,691,-1,691,690,692,-1,691,692,693,-1,693,692,694,-1,693,694,695,-1,695,694,696,-1,695,696,697,-1,697,696,698,-1,697,698,699,-1,699,698,700,-1,699,700,701,-1,701,700,702,-1,701,702,703,-1,703,702,704,-1,703,704,705,-1,705,704,706,-1,705,706,707,-1,707,706,708,-1,707,708,709,-1,709,708,710,-1,709,710,711,-1,711,710,712,-1,711,712,713,-1,713,712,714,-1,713,714,715,-1,715,714,716,-1,715,716,717,-1,717,716,718,-1,717,718,719,-1,719,718,720,-1,719,720,721,-1,721,720,722,-1,721,722,723,-1,723,722,724,-1,723,724,725,-1,725,724,726,-1,725,726,727,-1,727,726,728,-1,727,728,729,-1,729,728,730,-1,729,730,731,-1,731,730,732,-1,731,732,733,-1,733,732,734,-1,733,734,735,-1,735,734,736,-1,735,736,737,-1,737,736,738,-1,737,738,739,-1,739,738,740,-1,739,740,741,-1,741,740,742,-1,741,742,743,-1,743,742,744,-1,743,744,745,-1,745,744,746,-1,745,746,747,-1,747,746,748,-1,747,748,749,-1,749,748,750,-1,749,750,751,-1,751,750,752,-1,751,752,753,-1,753,752,754,-1,753,754,755,-1,755,754,756,-1,755,756,757,-1,757,756,758,-1,757,758,759,-1,759,758,760,-1,759,760,761,-1,761,760,762,-1,761,762,763,-1,763,762,764,-1,763,764,765,-1,765,764,766,-1,765,766,767,-1,767,766,768,-1,767,768,769,-1,769,768,770,-1,769,770,771,-1,771,770,772,-1,771,772,773,-1,773,772,774,-1,773,774,775,-1,775,774,776,-1,775,776,777,-1,777,776,778,-1,777,778,779,-1,779,778,780,-1,779,780,781,-1,781,780,782,-1,781,782,783,-1,783,782,784,-1,783,784,785,-1,785,784,786,-1,785,786,787,-1,787,786,788,-1,787,788,789,-1,789,788,790,-1,789,790,791,-1,791,790,792,-1,791,792,793,-1,793,792,794,-1,793,794,795,-1,795,794,796,-1,795,796,797,-1,797,796,798,-1,797,798,799,-1,799,798,800,-1,799,800,801,-1,801,800,802,-1,801,802,803,-1,803,802,804,-1,803,804,805,-1,806,805,807,-1,807,805,804,-1,806,807,808,-1,806,808,809,-1,809,808,810,-1,809,810,811,-1,811,810,812,-1,811,812,813,-1,813,812,814,-1,813,814,815,-1,815,814,816,-1,815,816,817,-1,817,816,818,-1,817,818,819,-1,819,818,820,-1,819,820,821,-1,821,820,822,-1,821,822,823,-1,823,822,824,-1,823,824,825,-1,825,824,826,-1,825,826,827,-1,827,826,828,-1,827,828,829,-1,829,828,830,-1,829,830,831,-1,831,830,832,-1,831,832,833,-1,833,832,834,-1,833,834,835,-1,835,834,836,-1,835,836,837,-1,837,836,838,-1,837,838,839,-1,839,838,840,-1,839,840,841,-1,841,840,842,-1,841,842,843,-1,843,842,844,-1,843,844,845,-1,845,844,846,-1,845,846,847,-1,847,846,848,-1,847,848,849,-1,849,848,850,-1,849,850,851,-1,851,850,852,-1,851,852,853,-1,853,852,854,-1,853,854,855,-1,855,854,856,-1,855,856,857,-1,857,856,858,-1,857,858,859,-1,859,858,860,-1,859,860,861,-1,861,860,862,-1,861,862,863,-1,863,862,864,-1,863,864,865,-1,865,864,866,-1,865,866,867,-1,867,866,868,-1,867,868,869,-1,869,868,870,-1,869,870,871,-1,871,870,872,-1,871,872,873,-1,873,872,874,-1,873,874,875,-1,875,874,876,-1,875,876,877,-1,877,876,878,-1,877,878,879,-1,879,878,880,-1,879,880,881,-1,881,880,882,-1,881,882,883,-1,883,882,884,-1,883,884,885,-1,885,884,886,-1,885,886,887,-1,887,886,888,-1,887,888,889,-1,889,888,890,-1,889,890,891,-1,891,890,892,-1,891,892,893,-1,893,892,894,-1,893,894,895,-1,895,894,896,-1,895,896,897,-1,897,896,898,-1,897,898,899,-1,899,898,900,-1,899,900,901,-1,901,900,902,-1,901,902,903,-1,903,902,904,-1,903,904,905,-1,905,904,906,-1,905,906,907,-1,907,906,671,-1,907,671,670,-1,683,685,686,-1,803,805,806,-1,713,715,897,-1,897,715,895,-1,777,837,775,-1,775,837,839,-1,775,839,773,-1,715,717,895,-1,895,717,719,-1,895,719,893,-1,779,833,777,-1,777,833,835,-1,777,835,837,-1,713,897,711,-1,711,897,899,-1,711,899,709,-1,709,899,901,-1,709,901,707,-1,707,901,903,-1,707,903,705,-1,855,765,853,-1,853,765,767,-1,737,883,735,-1,735,883,885,-1,839,841,773,-1,773,841,843,-1,773,843,771,-1,843,845,771,-1,771,845,847,-1,771,847,769,-1,769,847,849,-1,769,849,767,-1,767,849,851,-1,767,851,853,-1,855,857,765,-1,765,857,859,-1,765,859,763,-1,763,859,861,-1,763,861,761,-1,761,861,863,-1,761,863,759,-1,759,863,865,-1,759,865,757,-1,889,729,887,-1,887,729,731,-1,887,731,885,-1,885,731,733,-1,885,733,735,-1,719,721,893,-1,893,721,723,-1,893,723,891,-1,891,723,725,-1,891,725,889,-1,889,725,727,-1,889,727,729,-1,737,739,883,-1,883,739,741,-1,883,741,881,-1,881,741,743,-1,881,743,879,-1,879,743,745,-1,879,745,877,-1,877,745,747,-1,877,747,875,-1,705,903,703,-1,703,903,905,-1,703,905,701,-1,701,905,907,-1,701,907,699,-1,699,907,670,-1,699,670,697,-1,697,670,673,-1,697,673,695,-1,695,673,675,-1,695,675,693,-1,693,675,677,-1,693,677,691,-1,691,677,679,-1,691,679,689,-1,689,679,686,-1,686,679,681,-1,686,681,683,-1,747,749,875,-1,875,749,751,-1,875,751,873,-1,873,751,753,-1,873,753,871,-1,871,753,755,-1,871,755,869,-1,869,755,757,-1,869,757,867,-1,867,757,865,-1,803,806,801,-1,801,806,809,-1,801,809,799,-1,799,809,811,-1,799,811,797,-1,797,811,813,-1,797,813,795,-1,795,813,815,-1,795,815,793,-1,793,815,817,-1,793,817,791,-1,791,817,819,-1,791,819,789,-1,789,819,821,-1,789,821,787,-1,787,821,823,-1,787,823,785,-1,785,823,825,-1,785,825,783,-1,783,825,827,-1,783,827,781,-1,781,827,829,-1,781,829,779,-1,779,829,831,-1,779,831,833,-1,894,714,896,-1,896,714,712,-1,896,712,898,-1,898,712,710,-1,898,710,900,-1,776,774,836,-1,856,764,858,-1,858,764,762,-1,892,718,894,-1,894,718,716,-1,894,716,714,-1,886,884,732,-1,732,884,734,-1,734,884,882,-1,734,882,736,-1,856,854,764,-1,764,854,852,-1,764,852,766,-1,766,852,850,-1,766,850,768,-1,880,740,882,-1,882,740,738,-1,882,738,736,-1,770,842,772,-1,772,842,840,-1,772,840,774,-1,774,840,838,-1,774,838,836,-1,890,722,892,-1,892,722,720,-1,892,720,718,-1,850,848,768,-1,768,848,846,-1,768,846,770,-1,770,846,844,-1,770,844,842,-1,710,708,900,-1,900,708,706,-1,900,706,902,-1,902,706,704,-1,902,704,904,-1,904,704,702,-1,904,702,906,-1,906,702,700,-1,906,700,671,-1,671,700,698,-1,671,698,672,-1,672,698,696,-1,672,696,674,-1,674,696,694,-1,674,694,676,-1,732,730,886,-1,886,730,728,-1,886,728,888,-1,888,728,726,-1,888,726,890,-1,890,726,724,-1,890,724,722,-1,694,692,676,-1,676,692,690,-1,676,690,678,-1,678,690,688,-1,678,688,680,-1,680,688,687,-1,680,687,682,-1,682,687,684,-1,872,870,754,-1,754,870,868,-1,754,868,756,-1,756,868,866,-1,756,866,758,-1,758,866,864,-1,758,864,760,-1,760,864,862,-1,760,862,762,-1,762,862,860,-1,762,860,858,-1,836,834,776,-1,776,834,832,-1,776,832,778,-1,778,832,830,-1,778,830,780,-1,780,830,828,-1,780,828,782,-1,782,828,826,-1,782,826,784,-1,784,826,824,-1,784,824,786,-1,786,824,822,-1,786,822,788,-1,788,822,820,-1,788,820,790,-1,790,820,818,-1,790,818,792,-1,792,818,816,-1,792,816,794,-1,794,816,814,-1,794,814,796,-1,796,814,812,-1,796,812,798,-1,798,812,810,-1,798,810,800,-1,800,810,808,-1,800,808,802,-1,802,808,807,-1,802,807,804,-1,754,752,872,-1,872,752,750,-1,872,750,874,-1,874,750,748,-1,874,748,876,-1,876,748,746,-1,876,746,878,-1,878,746,744,-1,878,744,880,-1,880,744,742,-1,880,742,740,-1,908,909,910,-1,910,909,911,-1,912,908,913,-1,913,908,910,-1,912,913,914,-1,912,914,915,-1,915,914,916,-1,915,916,917,-1,918,917,919,-1,919,917,916,-1,920,918,921,-1,921,918,919,-1,922,920,923,-1,923,920,921,-1,924,922,925,-1,925,922,923,-1,926,924,927,-1,927,924,925,-1,928,926,929,-1,929,926,927,-1,928,929,930,-1,928,930,931,-1,931,930,932,-1,931,932,933,-1,933,932,934,-1,933,934,935,-1,935,934,936,-1,935,936,937,-1,937,936,938,-1,937,938,939,-1,939,938,940,-1,939,940,941,-1,941,940,942,-1,941,942,943,-1,943,942,944,-1,943,944,945,-1,945,944,946,-1,945,946,947,-1,947,946,948,-1,947,948,949,-1,950,949,951,-1,951,949,948,-1,950,951,952,-1,950,952,953,-1,953,952,954,-1,953,954,955,-1,955,954,956,-1,955,956,957,-1,957,956,958,-1,957,958,959,-1,959,958,960,-1,959,960,961,-1,961,960,962,-1,961,962,963,-1,963,962,964,-1,963,964,965,-1,965,964,966,-1,965,966,967,-1,967,966,968,-1,967,968,969,-1,969,968,970,-1,969,970,971,-1,971,970,972,-1,971,972,973,-1,973,972,974,-1,973,974,975,-1,975,974,976,-1,975,976,977,-1,977,976,978,-1,977,978,979,-1,909,979,911,-1,911,979,978,-1,915,917,979,-1,909,908,979,-1,979,908,912,-1,979,912,915,-1,922,924,920,-1,920,924,926,-1,920,926,918,-1,933,935,967,-1,967,935,965,-1,965,935,937,-1,965,937,963,-1,963,937,939,-1,963,939,961,-1,961,939,959,-1,959,939,941,-1,959,941,957,-1,957,941,943,-1,957,943,955,-1,967,969,933,-1,933,969,971,-1,933,971,931,-1,931,971,973,-1,931,973,928,-1,955,943,953,-1,953,943,945,-1,953,945,950,-1,950,945,947,-1,950,947,949,-1,973,975,928,-1,928,975,977,-1,928,977,926,-1,926,977,979,-1,926,979,918,-1,918,979,917,-1,940,938,960,-1,927,925,923,-1,910,911,913,-1,913,911,978,-1,960,938,962,-1,962,938,936,-1,962,936,964,-1,960,958,940,-1,940,958,956,-1,940,956,942,-1,942,956,954,-1,942,954,944,-1,944,954,952,-1,944,952,946,-1,946,952,951,-1,946,951,948,-1,964,936,966,-1,966,936,934,-1,966,934,968,-1,968,934,932,-1,968,932,970,-1,970,932,930,-1,970,930,972,-1,972,930,974,-1,974,930,929,-1,974,929,976,-1,919,916,978,-1,978,916,914,-1,978,914,913,-1,923,921,927,-1,927,921,919,-1,927,919,929,-1,929,919,978,-1,929,978,976,-1,980,981,982,-1,982,981,983,-1,984,980,985,-1,985,980,982,-1,986,984,987,-1,987,984,985,-1,988,986,989,-1,989,986,987,-1,990,988,991,-1,991,988,989,-1,992,990,993,-1,993,990,991,-1,994,992,995,-1,995,992,993,-1,996,994,997,-1,997,994,995,-1,998,996,999,-1,999,996,997,-1,1000,998,1001,-1,1001,998,999,-1,1002,1000,1003,-1,1003,1000,1001,-1,981,1002,983,-1,983,1002,1003,-1,1002,981,980,-1,980,984,1002,-1,1002,984,986,-1,1002,986,1000,-1,996,998,994,-1,994,998,1000,-1,994,1000,992,-1,992,1000,986,-1,992,986,990,-1,990,986,988,-1,982,983,985,-1,985,983,1003,-1,985,1003,987,-1,999,997,1001,-1,1001,997,995,-1,1001,995,993,-1,991,989,993,-1,993,989,987,-1,993,987,1001,-1,1001,987,1003,-1,1004,1005,1006,-1,1006,1005,1007,-1,1006,1007,1008,-1,1008,1007,1009,-1,1008,1009,1010,-1,1010,1009,1011,-1,1010,1011,1012,-1,1012,1011,1013,-1,1012,1013,1014,-1,1014,1013,1015,-1,1014,1015,1016,-1,1016,1015,1017,-1,1016,1017,1018,-1,1018,1017,1019,-1,1018,1019,1020,-1,1021,1022,1023,-1,1023,1022,1024,-1,1023,1024,1025,-1,1025,1024,1026,-1,1025,1026,1027,-1,1027,1026,1028,-1,1027,1028,1029,-1,1028,1030,1029,-1,1029,1030,1031,-1,1029,1031,1032,-1,1032,1031,1033,-1,1032,1033,1034,-1,1034,1033,1035,-1,1034,1035,1036,-1,1036,1035,1037,-1,1036,1037,1038,-1,1038,1037,1039,-1,1038,1039,1040,-1,1040,1039,1041,-1,1040,1041,1042,-1,1042,1041,1043,-1,1042,1043,1044,-1,1044,1043,1045,-1,1044,1045,1046,-1,1046,1045,1047,-1,1046,1047,1048,-1,1048,1047,1049,-1,1048,1049,1050,-1,1050,1049,1051,-1,1050,1051,1052,-1,1052,1051,1053,-1,1052,1053,1054,-1,1054,1053,1055,-1,1054,1055,1056,-1,1056,1055,1057,-1,1056,1057,1058,-1,1058,1057,1059,-1,1058,1059,1060,-1,1060,1059,1061,-1,1060,1061,1062,-1,1062,1061,1063,-1,1062,1063,1004,-1,1004,1063,1064,-1,1004,1064,1005,-1,1019,1065,1020,-1,1020,1065,1066,-1,1020,1066,1067,-1,1067,1066,1068,-1,1067,1068,1069,-1,1069,1068,1070,-1,1069,1070,1071,-1,1071,1070,1072,-1,1071,1072,1073,-1,1073,1072,1074,-1,1073,1074,1075,-1,1075,1074,1076,-1,1075,1076,1021,-1,1021,1076,1077,-1,1021,1077,1022,-1,1078,1079,1080,-1,1080,1079,1081,-1,1080,1081,1082,-1,1082,1081,1083,-1,1082,1083,1084,-1,1084,1083,1085,-1,1084,1085,1086,-1,1086,1085,1087,-1,1086,1087,1088,-1,1088,1087,1089,-1,1088,1089,1090,-1,1091,1092,1093,-1,1093,1092,1094,-1,1093,1094,1095,-1,1095,1094,1096,-1,1095,1096,1097,-1,1097,1096,1098,-1,1097,1098,1099,-1,1099,1098,1100,-1,1099,1100,1101,-1,1101,1100,1102,-1,1101,1102,1103,-1,1103,1102,1104,-1,1103,1104,1105,-1,1105,1104,1106,-1,1105,1106,1107,-1,1107,1106,1108,-1,1107,1108,1109,-1,1109,1108,1110,-1,1109,1110,1111,-1,1111,1110,1112,-1,1111,1112,1113,-1,1113,1112,1114,-1,1113,1114,1115,-1,1115,1114,1116,-1,1115,1116,1117,-1,1117,1116,1118,-1,1117,1118,1119,-1,1119,1118,1120,-1,1119,1120,1078,-1,1078,1120,1121,-1,1078,1121,1079,-1,1122,1123,1124,-1,1124,1123,1125,-1,1124,1125,1126,-1,1126,1125,1127,-1,1126,1127,1128,-1,1128,1127,1129,-1,1128,1129,1130,-1,1130,1129,1131,-1,1130,1131,1132,-1,1132,1131,1133,-1,1132,1133,1134,-1,1134,1133,1135,-1,1134,1135,1136,-1,1136,1135,1137,-1,1136,1137,1091,-1,1091,1137,1138,-1,1091,1138,1092,-1,1089,1139,1090,-1,1090,1139,1140,-1,1090,1140,1141,-1,1141,1140,1142,-1,1141,1142,1143,-1,1143,1142,1144,-1,1143,1144,1145,-1,1145,1144,1146,-1,1145,1146,1147,-1,1147,1146,1148,-1,1147,1148,1149,-1,1149,1148,1150,-1,1149,1150,1122,-1,1122,1150,1151,-1,1122,1151,1123,-1,1057,1055,1102,-1,1102,1055,1104,-1,1057,1102,1100,-1,1057,1100,1059,-1,1059,1100,1098,-1,1059,1098,1061,-1,1061,1098,1096,-1,1061,1096,1063,-1,1063,1096,1094,-1,1063,1094,1064,-1,1064,1094,1092,-1,1064,1092,1005,-1,1005,1092,1138,-1,1005,1138,1007,-1,1007,1138,1137,-1,1007,1137,1009,-1,1009,1137,1135,-1,1009,1135,1011,-1,1011,1135,1133,-1,1011,1133,1013,-1,1013,1133,1131,-1,1013,1131,1015,-1,1015,1131,1129,-1,1015,1129,1017,-1,1017,1129,1127,-1,1017,1127,1019,-1,1019,1127,1125,-1,1019,1125,1065,-1,1065,1125,1123,-1,1065,1123,1066,-1,1066,1123,1151,-1,1066,1151,1068,-1,1068,1151,1150,-1,1068,1150,1070,-1,1070,1150,1148,-1,1070,1148,1072,-1,1072,1148,1146,-1,1072,1146,1074,-1,1074,1146,1144,-1,1074,1144,1076,-1,1076,1144,1142,-1,1076,1142,1077,-1,1077,1142,1140,-1,1077,1140,1022,-1,1022,1140,1139,-1,1022,1139,1024,-1,1024,1139,1089,-1,1024,1089,1026,-1,1026,1089,1087,-1,1026,1087,1028,-1,1028,1087,1085,-1,1028,1085,1030,-1,1030,1085,1083,-1,1030,1083,1031,-1,1031,1083,1081,-1,1031,1081,1033,-1,1033,1081,1079,-1,1033,1079,1035,-1,1035,1079,1121,-1,1035,1121,1037,-1,1037,1121,1120,-1,1037,1120,1039,-1,1039,1120,1118,-1,1039,1118,1041,-1,1041,1118,1116,-1,1041,1116,1043,-1,1043,1116,1114,-1,1043,1114,1045,-1,1045,1114,1112,-1,1045,1112,1047,-1,1047,1112,1110,-1,1047,1110,1049,-1,1049,1110,1108,-1,1049,1108,1051,-1,1053,1051,1106,-1,1106,1051,1108,-1,1055,1053,1104,-1,1104,1053,1106,-1,1050,1052,1107,-1,1107,1052,1105,-1,1052,1054,1105,-1,1105,1054,1103,-1,1054,1056,1103,-1,1103,1056,1101,-1,1012,1132,1134,-1,1012,1134,1010,-1,1010,1134,1136,-1,1010,1136,1008,-1,1008,1136,1091,-1,1008,1091,1006,-1,1006,1091,1093,-1,1006,1093,1004,-1,1004,1093,1095,-1,1004,1095,1062,-1,1062,1095,1097,-1,1062,1097,1060,-1,1060,1097,1099,-1,1060,1099,1058,-1,1058,1099,1101,-1,1058,1101,1056,-1,1073,1145,1147,-1,1073,1147,1071,-1,1071,1147,1149,-1,1071,1149,1069,-1,1069,1149,1122,-1,1069,1122,1067,-1,1067,1122,1124,-1,1067,1124,1020,-1,1020,1124,1126,-1,1020,1126,1018,-1,1018,1126,1128,-1,1018,1128,1016,-1,1016,1128,1130,-1,1016,1130,1014,-1,1014,1130,1132,-1,1014,1132,1012,-1,1034,1080,1082,-1,1034,1082,1032,-1,1032,1082,1084,-1,1032,1084,1029,-1,1029,1084,1086,-1,1029,1086,1027,-1,1027,1086,1088,-1,1027,1088,1025,-1,1025,1088,1090,-1,1025,1090,1023,-1,1023,1090,1141,-1,1023,1141,1021,-1,1021,1141,1143,-1,1021,1143,1075,-1,1075,1143,1145,-1,1075,1145,1073,-1,1050,1107,1109,-1,1050,1109,1048,-1,1048,1109,1111,-1,1048,1111,1046,-1,1046,1111,1113,-1,1046,1113,1044,-1,1044,1113,1115,-1,1044,1115,1042,-1,1042,1115,1117,-1,1042,1117,1040,-1,1040,1117,1119,-1,1040,1119,1038,-1,1038,1119,1078,-1,1038,1078,1036,-1,1036,1078,1080,-1,1036,1080,1034,-1,1152,1153,1154,-1,1155,1156,1157,-1,1153,1158,1154,-1,1154,1158,1159,-1,1154,1159,1160,-1,1160,1159,1161,-1,1160,1161,1162,-1,1162,1163,1160,-1,1160,1163,1164,-1,1160,1164,1165,-1,1166,1165,1167,-1,1167,1165,1164,-1,1167,1164,1157,-1,1157,1164,1152,-1,1157,1152,1155,-1,1155,1152,1154,-1,1168,1169,1170,-1,1170,1169,1171,-1,1172,1173,1171,-1,1171,1173,1174,-1,1171,1174,1170,-1,1170,1174,1175,-1,1172,1176,1173,-1,1173,1176,1177,-1,1173,1177,1178,-1,1178,1177,1179,-1,1178,1179,1180,-1,1180,1181,1178,-1,1178,1181,1169,-1,1178,1169,1182,-1,1182,1169,1168,-1,1182,1168,1183,-1,1160,1165,1173,-1,1173,1165,1174,-1,1154,1160,1178,-1,1178,1160,1173,-1,1155,1154,1182,-1,1182,1154,1178,-1,1156,1155,1183,-1,1183,1155,1182,-1,1157,1156,1168,-1,1168,1156,1183,-1,1167,1157,1170,-1,1170,1157,1168,-1,1166,1167,1175,-1,1175,1167,1170,-1,1165,1166,1174,-1,1174,1166,1175,-1,1152,1164,1169,-1,1169,1164,1171,-1,1164,1163,1171,-1,1171,1163,1172,-1,1161,1177,1176,-1,1161,1176,1162,-1,1162,1176,1172,-1,1162,1172,1163,-1,1161,1159,1177,-1,1177,1159,1179,-1,1153,1181,1180,-1,1153,1180,1158,-1,1158,1180,1179,-1,1158,1179,1159,-1,1153,1152,1181,-1,1181,1152,1169,-1,1184,1185,1186,-1,1187,1188,1189,-1,1190,1191,1192,-1,1193,1194,1195,-1,1195,1194,1196,-1,1195,1196,1197,-1,1198,1199,1200,-1,1201,1202,1186,-1,1186,1202,1203,-1,1186,1203,1184,-1,1204,1205,1206,-1,1206,1205,1207,-1,1206,1207,1208,-1,1208,1207,1209,-1,1208,1209,1210,-1,1210,1209,1211,-1,1210,1211,1212,-1,1213,1214,1207,-1,1207,1214,1215,-1,1207,1215,1209,-1,1209,1215,1216,-1,1209,1216,1217,-1,1218,1219,1220,-1,1220,1219,1186,-1,1220,1186,1221,-1,1222,1223,1224,-1,1225,1185,1226,-1,1226,1185,1227,-1,1226,1227,1228,-1,1200,1199,1229,-1,1229,1199,1230,-1,1229,1230,1231,-1,1231,1230,1232,-1,1231,1232,1233,-1,1192,1191,1234,-1,1234,1191,1235,-1,1234,1235,1236,-1,1237,1238,1186,-1,1186,1238,1239,-1,1186,1239,1201,-1,1222,1224,1240,-1,1240,1224,1241,-1,1240,1241,1242,-1,1242,1241,1243,-1,1242,1243,1244,-1,1212,1245,1210,-1,1210,1245,1246,-1,1210,1246,1247,-1,1248,1249,1250,-1,1250,1249,1251,-1,1250,1251,1252,-1,1252,1251,1253,-1,1252,1253,1254,-1,1248,1250,1255,-1,1255,1250,1256,-1,1255,1256,1257,-1,1257,1256,1258,-1,1257,1258,1259,-1,1259,1258,1260,-1,1259,1260,1261,-1,1253,1262,1254,-1,1254,1262,1263,-1,1254,1263,1264,-1,1264,1263,1265,-1,1264,1265,1218,-1,1218,1265,1266,-1,1218,1266,1219,-1,1267,1268,1269,-1,1269,1268,1270,-1,1269,1270,1271,-1,1271,1270,1272,-1,1271,1272,1273,-1,1273,1272,1274,-1,1273,1274,1275,-1,1276,1277,1278,-1,1278,1277,1279,-1,1278,1279,1237,-1,1237,1279,1280,-1,1237,1280,1238,-1,1223,1222,1281,-1,1281,1222,1282,-1,1281,1282,1283,-1,1283,1282,1284,-1,1283,1284,1285,-1,1285,1284,1286,-1,1285,1286,1189,-1,1189,1286,1287,-1,1189,1287,1187,-1,1225,1288,1185,-1,1185,1288,1289,-1,1185,1289,1186,-1,1186,1289,1290,-1,1186,1290,1221,-1,1200,1291,1198,-1,1198,1291,1292,-1,1198,1292,1293,-1,1293,1292,1294,-1,1293,1294,1295,-1,1295,1294,1296,-1,1295,1296,1297,-1,1297,1296,1298,-1,1297,1298,1299,-1,1192,1300,1190,-1,1190,1300,1301,-1,1190,1301,1302,-1,1302,1301,1303,-1,1302,1303,1304,-1,1304,1303,1305,-1,1304,1305,1306,-1,1306,1305,1189,-1,1306,1189,1307,-1,1307,1189,1188,-1,1195,1308,1193,-1,1193,1308,1309,-1,1193,1309,1310,-1,1310,1309,1311,-1,1310,1311,1312,-1,1313,1314,1315,-1,1315,1314,1316,-1,1315,1316,1317,-1,1317,1316,1318,-1,1317,1318,1276,-1,1276,1318,1319,-1,1276,1319,1277,-1,1261,1260,1207,-1,1207,1260,1320,-1,1207,1320,1213,-1,1227,1321,1228,-1,1228,1321,1322,-1,1228,1322,1323,-1,1323,1322,1324,-1,1323,1324,1325,-1,1326,1327,1328,-1,1328,1327,1329,-1,1328,1329,1330,-1,1330,1329,1331,-1,1330,1331,1267,-1,1267,1331,1332,-1,1267,1332,1268,-1,1298,1333,1299,-1,1299,1333,1334,-1,1299,1334,1335,-1,1335,1334,1336,-1,1335,1336,1326,-1,1326,1336,1337,-1,1326,1337,1327,-1,1217,1338,1209,-1,1209,1338,1339,-1,1209,1339,1340,-1,1340,1339,1325,-1,1340,1325,1341,-1,1341,1325,1324,-1,1342,1343,1344,-1,1345,1346,1347,-1,1347,1346,1348,-1,1349,1350,1351,-1,1351,1350,1352,-1,1351,1352,1353,-1,1353,1352,1354,-1,1353,1354,1355,-1,1355,1354,1356,-1,1355,1356,1357,-1,1357,1356,1358,-1,1357,1358,1313,-1,1313,1358,1359,-1,1313,1359,1314,-1,1197,1360,1195,-1,1195,1360,1361,-1,1195,1361,1362,-1,1362,1361,1363,-1,1362,1363,1364,-1,1364,1363,1275,-1,1364,1275,1365,-1,1365,1275,1274,-1,1366,1367,1342,-1,1342,1367,1368,-1,1342,1368,1343,-1,1232,1369,1233,-1,1233,1369,1342,-1,1233,1342,1370,-1,1370,1342,1344,-1,1236,1235,1371,-1,1371,1235,1372,-1,1371,1372,1345,-1,1345,1372,1373,-1,1345,1373,1346,-1,1374,1375,1376,-1,1375,1377,1376,-1,1376,1377,1378,-1,1376,1378,1379,-1,1243,1380,1244,-1,1244,1380,1381,-1,1244,1381,1382,-1,1382,1381,1383,-1,1382,1383,1349,-1,1349,1383,1384,-1,1349,1384,1350,-1,1366,1342,1376,-1,1376,1342,1385,-1,1376,1385,1374,-1,1311,1386,1312,-1,1312,1386,1387,-1,1312,1387,1388,-1,1388,1387,1389,-1,1388,1389,1390,-1,1390,1389,1391,-1,1390,1391,1392,-1,1392,1391,1393,-1,1392,1393,1394,-1,1394,1393,1395,-1,1394,1395,1348,-1,1348,1395,1396,-1,1348,1396,1347,-1,1397,1398,1399,-1,1399,1398,1400,-1,1399,1400,1401,-1,1402,1403,1404,-1,1402,1404,1405,-1,1400,1406,1401,-1,1401,1406,1407,-1,1401,1407,1408,-1,1408,1407,1409,-1,1410,1411,1412,-1,1413,1414,1415,-1,1415,1414,1416,-1,1417,1418,1419,-1,1419,1418,1420,-1,1419,1420,1421,-1,1421,1420,1422,-1,1421,1422,1423,-1,1424,1425,1426,-1,1427,1428,1429,-1,1430,1431,1401,-1,1401,1431,1432,-1,1401,1432,1399,-1,1399,1432,1433,-1,1412,1434,1410,-1,1410,1434,1404,-1,1410,1404,1435,-1,1435,1404,1403,-1,1416,1436,1415,-1,1415,1436,1437,-1,1415,1437,1438,-1,1438,1437,1423,-1,1438,1423,1439,-1,1439,1423,1422,-1,1440,1441,1442,-1,1442,1441,1443,-1,1442,1443,1444,-1,1444,1443,1445,-1,1444,1445,1446,-1,1426,1425,1447,-1,1447,1425,1448,-1,1447,1448,1449,-1,1450,1451,1445,-1,1429,1428,1452,-1,1452,1428,1453,-1,1452,1453,1401,-1,1401,1453,1454,-1,1401,1454,1430,-1,1411,1410,1455,-1,1455,1410,1456,-1,1455,1456,1457,-1,1429,1458,1427,-1,1427,1458,1459,-1,1427,1459,1460,-1,1460,1459,1461,-1,1460,1461,1462,-1,1462,1461,1463,-1,1462,1463,1464,-1,1464,1463,1455,-1,1464,1455,1465,-1,1465,1455,1457,-1,1466,1467,1407,-1,1407,1467,1468,-1,1407,1468,1409,-1,1449,1448,1469,-1,1469,1448,1470,-1,1469,1470,1415,-1,1415,1470,1471,-1,1415,1471,1413,-1,1472,1473,1474,-1,1474,1473,1475,-1,1474,1475,1476,-1,1476,1475,1477,-1,1476,1477,1478,-1,1478,1477,1479,-1,1478,1479,1480,-1,1481,1482,1483,-1,1483,1482,1484,-1,1483,1484,1485,-1,1485,1484,1486,-1,1485,1486,1487,-1,1451,1488,1445,-1,1445,1488,1489,-1,1445,1489,1446,-1,1490,1491,1492,-1,1492,1491,1493,-1,1492,1493,1494,-1,1495,1496,1497,-1,1497,1496,1498,-1,1497,1498,1499,-1,1499,1498,1500,-1,1499,1500,1501,-1,1501,1500,1502,-1,1501,1502,1503,-1,1503,1502,1504,-1,1503,1504,1490,-1,1490,1504,1505,-1,1490,1505,1491,-1,1506,1507,1495,-1,1433,1508,1399,-1,1399,1508,1509,-1,1399,1509,1510,-1,1510,1509,1511,-1,1510,1511,1512,-1,1512,1511,1513,-1,1512,1513,1514,-1,1514,1513,1515,-1,1515,1513,1516,-1,1515,1516,1517,-1,1517,1516,1518,-1,1517,1518,1519,-1,1519,1518,1520,-1,1520,1518,1521,-1,1520,1521,1522,-1,1522,1521,1523,-1,1523,1521,1524,-1,1523,1524,1525,-1,1525,1524,1526,-1,1525,1526,1527,-1,1527,1526,1528,-1,1528,1526,1529,-1,1528,1529,1530,-1,1530,1529,1531,-1,1530,1531,1410,-1,1410,1531,1532,-1,1410,1532,1456,-1,1493,1533,1494,-1,1494,1533,1534,-1,1494,1534,1535,-1,1535,1534,1536,-1,1535,1536,1537,-1,1537,1536,1538,-1,1537,1538,1417,-1,1417,1538,1539,-1,1417,1539,1418,-1,1507,1540,1495,-1,1495,1540,1541,-1,1495,1541,1496,-1,1542,1543,1544,-1,1544,1543,1545,-1,1486,1546,1487,-1,1487,1546,1547,-1,1487,1547,1548,-1,1548,1547,1549,-1,1548,1549,1472,-1,1472,1549,1550,-1,1472,1550,1473,-1,1445,1551,1450,-1,1450,1551,1552,-1,1450,1552,1553,-1,1553,1552,1554,-1,1553,1554,1555,-1,1555,1554,1556,-1,1555,1556,1557,-1,1557,1556,1558,-1,1557,1558,1481,-1,1481,1558,1559,-1,1481,1559,1482,-1,1479,1560,1480,-1,1480,1560,1561,-1,1480,1561,1562,-1,1562,1561,1563,-1,1562,1563,1564,-1,1564,1563,1565,-1,1564,1565,1566,-1,1566,1565,1567,-1,1566,1567,1568,-1,1568,1567,1569,-1,1568,1569,1570,-1,1570,1569,1571,-1,1570,1571,1544,-1,1544,1571,1572,-1,1544,1572,1542,-1,1545,1573,1544,-1,1544,1573,1574,-1,1544,1574,1575,-1,1405,1404,1495,-1,1495,1404,1576,-1,1495,1576,1577,-1,1578,1579,1575,-1,1575,1579,1580,-1,1575,1580,1581,-1,1577,1582,1495,-1,1495,1582,1583,-1,1495,1583,1506,-1,1584,1585,1586,-1,1586,1585,1587,-1,1586,1587,1440,-1,1440,1587,1588,-1,1440,1588,1441,-1,1426,1589,1424,-1,1424,1589,1590,-1,1424,1590,1591,-1,1591,1590,1592,-1,1591,1592,1593,-1,1593,1592,1594,-1,1593,1594,1595,-1,1595,1594,1596,-1,1595,1596,1597,-1,1597,1596,1598,-1,1597,1598,1599,-1,1599,1598,1600,-1,1599,1600,1601,-1,1601,1600,1602,-1,1601,1602,1603,-1,1603,1602,1604,-1,1603,1604,1605,-1,1605,1604,1606,-1,1605,1606,1584,-1,1584,1606,1607,-1,1584,1607,1585,-1,1581,1608,1575,-1,1575,1608,1609,-1,1575,1609,1544,-1,1329,1546,1486,-1,1329,1486,1331,-1,1331,1486,1484,-1,1331,1484,1332,-1,1332,1484,1482,-1,1332,1482,1268,-1,1268,1482,1559,-1,1268,1559,1270,-1,1270,1559,1558,-1,1270,1558,1272,-1,1272,1558,1556,-1,1272,1556,1274,-1,1274,1556,1554,-1,1274,1554,1365,-1,1365,1554,1552,-1,1365,1552,1364,-1,1364,1552,1551,-1,1364,1551,1362,-1,1362,1551,1445,-1,1362,1445,1195,-1,1195,1445,1443,-1,1195,1443,1308,-1,1308,1443,1441,-1,1308,1441,1309,-1,1309,1441,1588,-1,1309,1588,1311,-1,1311,1588,1587,-1,1311,1587,1386,-1,1386,1587,1585,-1,1386,1585,1387,-1,1387,1585,1607,-1,1387,1607,1389,-1,1389,1607,1606,-1,1389,1606,1391,-1,1391,1606,1604,-1,1391,1604,1393,-1,1393,1604,1602,-1,1393,1602,1395,-1,1395,1602,1600,-1,1395,1600,1396,-1,1396,1600,1598,-1,1396,1598,1347,-1,1347,1598,1596,-1,1347,1596,1345,-1,1345,1596,1594,-1,1345,1594,1371,-1,1371,1594,1592,-1,1371,1592,1236,-1,1236,1592,1590,-1,1236,1590,1234,-1,1234,1590,1589,-1,1234,1589,1192,-1,1192,1589,1426,-1,1192,1426,1300,-1,1300,1426,1447,-1,1300,1447,1301,-1,1301,1447,1449,-1,1301,1449,1303,-1,1303,1449,1469,-1,1303,1469,1305,-1,1305,1469,1415,-1,1305,1415,1189,-1,1189,1415,1438,-1,1189,1438,1285,-1,1285,1438,1439,-1,1285,1439,1283,-1,1283,1439,1422,-1,1283,1422,1281,-1,1281,1422,1420,-1,1281,1420,1223,-1,1223,1420,1418,-1,1223,1418,1224,-1,1224,1418,1539,-1,1224,1539,1241,-1,1241,1539,1538,-1,1241,1538,1243,-1,1243,1538,1536,-1,1243,1536,1380,-1,1380,1536,1534,-1,1380,1534,1381,-1,1381,1534,1533,-1,1381,1533,1383,-1,1383,1533,1493,-1,1383,1493,1384,-1,1384,1493,1491,-1,1384,1491,1350,-1,1350,1491,1505,-1,1350,1505,1352,-1,1352,1505,1504,-1,1352,1504,1354,-1,1354,1504,1502,-1,1354,1502,1356,-1,1356,1502,1500,-1,1356,1500,1358,-1,1358,1500,1498,-1,1358,1498,1359,-1,1359,1498,1496,-1,1359,1496,1314,-1,1314,1496,1541,-1,1314,1541,1316,-1,1316,1541,1540,-1,1316,1540,1318,-1,1318,1540,1507,-1,1318,1507,1319,-1,1319,1507,1506,-1,1319,1506,1277,-1,1277,1506,1583,-1,1277,1583,1279,-1,1279,1583,1582,-1,1279,1582,1280,-1,1280,1582,1577,-1,1280,1577,1238,-1,1238,1577,1576,-1,1238,1576,1239,-1,1239,1576,1404,-1,1239,1404,1201,-1,1201,1404,1434,-1,1201,1434,1202,-1,1202,1434,1412,-1,1202,1412,1203,-1,1203,1412,1411,-1,1203,1411,1184,-1,1184,1411,1455,-1,1184,1455,1185,-1,1185,1455,1463,-1,1185,1463,1227,-1,1227,1463,1461,-1,1227,1461,1321,-1,1321,1461,1459,-1,1321,1459,1322,-1,1322,1459,1458,-1,1322,1458,1324,-1,1324,1458,1429,-1,1324,1429,1341,-1,1341,1429,1452,-1,1341,1452,1340,-1,1340,1452,1401,-1,1340,1401,1209,-1,1209,1401,1408,-1,1209,1408,1211,-1,1211,1408,1409,-1,1211,1409,1212,-1,1212,1409,1468,-1,1212,1468,1245,-1,1245,1468,1467,-1,1245,1467,1246,-1,1246,1467,1466,-1,1246,1466,1247,-1,1247,1466,1407,-1,1247,1407,1210,-1,1210,1407,1406,-1,1210,1406,1208,-1,1206,1208,1400,-1,1400,1208,1406,-1,1204,1206,1398,-1,1398,1206,1400,-1,1205,1204,1397,-1,1397,1204,1398,-1,1207,1205,1399,-1,1399,1205,1397,-1,1207,1399,1510,-1,1207,1510,1261,-1,1261,1510,1512,-1,1261,1512,1259,-1,1259,1512,1514,-1,1259,1514,1257,-1,1257,1514,1515,-1,1257,1515,1255,-1,1255,1515,1517,-1,1255,1517,1248,-1,1248,1517,1519,-1,1248,1519,1249,-1,1249,1519,1520,-1,1249,1520,1251,-1,1251,1520,1522,-1,1251,1522,1253,-1,1253,1522,1523,-1,1253,1523,1262,-1,1262,1523,1525,-1,1262,1525,1263,-1,1263,1525,1527,-1,1263,1527,1265,-1,1265,1527,1528,-1,1265,1528,1266,-1,1266,1528,1530,-1,1266,1530,1219,-1,1219,1530,1410,-1,1219,1410,1186,-1,1186,1410,1435,-1,1186,1435,1237,-1,1237,1435,1403,-1,1237,1403,1278,-1,1278,1403,1402,-1,1278,1402,1276,-1,1276,1402,1405,-1,1276,1405,1317,-1,1317,1405,1495,-1,1317,1495,1315,-1,1315,1495,1497,-1,1315,1497,1313,-1,1313,1497,1499,-1,1313,1499,1357,-1,1357,1499,1501,-1,1357,1501,1355,-1,1355,1501,1503,-1,1355,1503,1353,-1,1353,1503,1490,-1,1353,1490,1351,-1,1351,1490,1492,-1,1351,1492,1349,-1,1349,1492,1494,-1,1349,1494,1382,-1,1382,1494,1535,-1,1382,1535,1244,-1,1244,1535,1537,-1,1244,1537,1242,-1,1242,1537,1417,-1,1242,1417,1240,-1,1240,1417,1419,-1,1240,1419,1222,-1,1222,1419,1421,-1,1222,1421,1282,-1,1282,1421,1423,-1,1282,1423,1284,-1,1284,1423,1437,-1,1284,1437,1286,-1,1286,1437,1436,-1,1286,1436,1287,-1,1287,1436,1416,-1,1287,1416,1187,-1,1187,1416,1414,-1,1187,1414,1188,-1,1188,1414,1413,-1,1188,1413,1307,-1,1307,1413,1471,-1,1307,1471,1306,-1,1306,1471,1470,-1,1306,1470,1304,-1,1304,1470,1448,-1,1304,1448,1302,-1,1302,1448,1425,-1,1302,1425,1190,-1,1190,1425,1424,-1,1190,1424,1191,-1,1191,1424,1591,-1,1191,1591,1235,-1,1235,1591,1593,-1,1235,1593,1372,-1,1372,1593,1595,-1,1372,1595,1373,-1,1373,1595,1597,-1,1373,1597,1346,-1,1346,1597,1599,-1,1346,1599,1348,-1,1348,1599,1601,-1,1348,1601,1394,-1,1394,1601,1603,-1,1394,1603,1392,-1,1392,1603,1605,-1,1392,1605,1390,-1,1390,1605,1584,-1,1390,1584,1388,-1,1388,1584,1586,-1,1388,1586,1312,-1,1312,1586,1440,-1,1312,1440,1310,-1,1310,1440,1442,-1,1310,1442,1193,-1,1193,1442,1444,-1,1193,1444,1194,-1,1194,1444,1446,-1,1194,1446,1196,-1,1196,1446,1489,-1,1196,1489,1197,-1,1360,1197,1488,-1,1488,1197,1489,-1,1360,1488,1451,-1,1360,1451,1361,-1,1361,1451,1450,-1,1361,1450,1363,-1,1363,1450,1553,-1,1363,1553,1275,-1,1275,1553,1555,-1,1275,1555,1273,-1,1273,1555,1557,-1,1273,1557,1271,-1,1271,1557,1481,-1,1271,1481,1269,-1,1269,1481,1483,-1,1269,1483,1267,-1,1267,1483,1485,-1,1267,1485,1330,-1,1330,1485,1487,-1,1330,1487,1328,-1,1328,1487,1548,-1,1328,1548,1326,-1,1326,1548,1472,-1,1326,1472,1335,-1,1335,1472,1474,-1,1335,1474,1299,-1,1299,1474,1476,-1,1299,1476,1297,-1,1297,1476,1478,-1,1297,1478,1295,-1,1295,1478,1480,-1,1295,1480,1293,-1,1293,1480,1562,-1,1293,1562,1198,-1,1198,1562,1564,-1,1198,1564,1199,-1,1199,1564,1566,-1,1199,1566,1230,-1,1232,1230,1568,-1,1568,1230,1566,-1,1232,1568,1570,-1,1232,1570,1369,-1,1369,1570,1544,-1,1369,1544,1342,-1,1342,1544,1609,-1,1342,1609,1385,-1,1385,1609,1608,-1,1385,1608,1374,-1,1374,1608,1581,-1,1374,1581,1375,-1,1375,1581,1580,-1,1375,1580,1377,-1,1377,1580,1579,-1,1377,1579,1378,-1,1378,1579,1578,-1,1378,1578,1379,-1,1379,1578,1575,-1,1379,1575,1376,-1,1376,1575,1574,-1,1376,1574,1366,-1,1366,1574,1573,-1,1366,1573,1367,-1,1367,1573,1545,-1,1367,1545,1368,-1,1368,1545,1543,-1,1368,1543,1343,-1,1343,1543,1542,-1,1343,1542,1344,-1,1344,1542,1572,-1,1344,1572,1370,-1,1370,1572,1571,-1,1370,1571,1233,-1,1233,1571,1569,-1,1233,1569,1231,-1,1229,1231,1567,-1,1567,1231,1569,-1,1229,1567,1565,-1,1229,1565,1200,-1,1200,1565,1563,-1,1200,1563,1291,-1,1291,1563,1561,-1,1291,1561,1292,-1,1292,1561,1560,-1,1292,1560,1294,-1,1294,1560,1479,-1,1294,1479,1296,-1,1296,1479,1477,-1,1296,1477,1298,-1,1298,1477,1475,-1,1298,1475,1333,-1,1333,1475,1473,-1,1333,1473,1334,-1,1334,1473,1550,-1,1334,1550,1336,-1,1336,1550,1549,-1,1336,1549,1337,-1,1337,1549,1547,-1,1337,1547,1327,-1,1327,1547,1546,-1,1327,1546,1329,-1,1250,1518,1516,-1,1250,1516,1256,-1,1256,1516,1513,-1,1256,1513,1258,-1,1258,1513,1511,-1,1258,1511,1260,-1,1260,1511,1509,-1,1260,1509,1320,-1,1320,1509,1508,-1,1320,1508,1213,-1,1213,1508,1433,-1,1213,1433,1214,-1,1214,1433,1432,-1,1214,1432,1215,-1,1215,1432,1431,-1,1215,1431,1216,-1,1216,1431,1430,-1,1216,1430,1217,-1,1217,1430,1454,-1,1217,1454,1338,-1,1338,1454,1453,-1,1338,1453,1339,-1,1339,1453,1428,-1,1339,1428,1325,-1,1325,1428,1427,-1,1325,1427,1323,-1,1323,1427,1460,-1,1323,1460,1228,-1,1228,1460,1462,-1,1228,1462,1226,-1,1226,1462,1464,-1,1226,1464,1225,-1,1225,1464,1465,-1,1225,1465,1288,-1,1288,1465,1457,-1,1288,1457,1289,-1,1289,1457,1456,-1,1289,1456,1290,-1,1290,1456,1532,-1,1290,1532,1221,-1,1221,1532,1531,-1,1221,1531,1220,-1,1220,1531,1529,-1,1220,1529,1218,-1,1218,1529,1526,-1,1218,1526,1264,-1,1264,1526,1524,-1,1264,1524,1254,-1,1254,1524,1521,-1,1254,1521,1252,-1,1252,1521,1518,-1,1252,1518,1250,-1,
        ]
    }
}