#VRML V2.0 utf8
# 3D model generated by easyeda2kicad.py (https://github.com/uPesy/easyeda2kicad.py)

Shape{
    appearance Appearance {
        material  Material 	{
            diffuseColor 0.34901960784313724 0.34901960784313724 0.34901960784313724
            specularColor 0.023529411764705882 0.023529411764705882 0.023529411764705882
            ambientIntensity 0.498
            transparency 0.0
            shininess 0.5
        }
    }
    geometry IndexedFaceSet {
        ccw TRUE
        solid FALSE
        coord DEF co Coordinate {
            point [
                0.3063 -2.6504 2.8752, 0.2854 -2.6519 2.8737, 0.3677 -2.6528 2.8728, -0.3988 -2.5038 3.0218, -0.3897 -2.5199 3.0056, -0.3219 -2.5199 3.0056, -0.4199 -2.483 3.0426, -0.413 -2.4898 3.0358, -0.3219 -2.4898 3.0358, -0.0157 -2.6525 2.8731, -0.0193 -2.6528 2.8728, 0.0159 -2.6528 2.8728, 0.4177 -1.889 3.6365, 0.3677 -1.8633 3.6623, 0.3677 -2.3854 3.1402, 0.3019 -1.8295 3.6961, 0.2317 -1.7694 3.7562, 0.2317 -2.3854 3.1402, -0.1734 -1.3579 4.1677, -0.1734 -0.9586 4.5669, -0.1821 -0.9586 4.5669, 0.0328 -2.3862 3.1393, 0.0498 -2.3854 3.1402, 0.0159 -2.3854 3.1402, -0.0233 -2.3981 3.1275, -0.0233 -2.4309 3.0947, 0.0159 -2.3981 3.1275, 0.0159 -2.4309 3.0947, 0.0328 -2.3981 3.1275, 0.0286 -2.4309 3.0947, 0.0361 -2.4772 3.0483, 0.0286 -2.4427 3.0829, 0.0159 -2.4772 3.0483, 0.0159 -2.4427 3.0829, -0.0233 -2.4772 3.0483, -0.0233 -2.4427 3.0829, -0.0421 -2.489 3.0366, -0.0505 -2.4898 3.0358, 0.0159 -2.4898 3.0358, -0.0505 -2.3854 3.1402, -0.0421 -2.3862 3.1393, 0.0159 -2.3862 3.1393, 0.0498 -2.4898 3.0358, 0.0361 -2.489 3.0366, 0.0159 -2.489 3.0366, 0.2105 -2.489 3.0366, 0.1898 -2.489 3.0366, 0.1858 -2.4898 3.0358, 0.2317 -2.4898 3.0358, 0.2317 -2.4609 3.0647, 0.2245 -2.4609 3.0647, 0.3677 -2.4898 3.0358, 0.3205 -2.489 3.0366, 0.2998 -2.489 3.0366, 0.1858 -2.3854 3.1402, 0.2317 -2.4112 3.1144, 0.2452 -2.3862 3.1393, 0.2652 -2.3862 3.1393, -0.1466 -2.4092 3.1164, -0.1534 -2.4164 3.1092, -0.0773 -2.4739 3.0516, -0.1581 -2.4255 3.1001, -0.1602 -2.4387 3.0868, -0.1602 -2.4397 3.0859, -0.0858 -2.4766 3.049, -0.1023 -2.4787 3.0469, -0.1118 -2.3967 3.1289, -0.1243 -2.3985 3.1271, -0.0773 -2.4007 3.1249, -0.0877 -2.398 3.1276, -0.1054 -2.3965 3.1291, -0.1357 -2.4024 3.1232, -0.145 -2.4079 3.1177, -0.1579 -2.4523 3.0733, -0.1534 -2.4607 3.0649, -0.146 -2.4681 3.0575, -0.1328 -2.4751 3.0505, -0.1222 -2.4778 3.0478, -0.1086 -2.4789 3.0467, -0.1424 -2.4705 3.0551, -0.0729 -2.4019 3.1237, -0.0711 -2.472 3.0536, -0.0711 -2.4026 3.123, -0.0906 -2.3854 3.1402, -0.0854 -2.3857 3.1399, -0.0773 -2.3854 3.1402, -0.0773 -2.3874 3.1382, -0.0711 -2.3887 3.1369, -0.0773 -0.9586 4.5669, -0.1689 -1.3629 4.1626, -0.1244 -1.4592 4.0664, -0.1153 -1.5602 3.9653, -0.1419 -1.6597 3.8658, -0.1042 -2.3845 3.1411, -0.1056 -2.3845 3.1411, -0.1168 -2.3854 3.1402, -0.1734 -2.3854 3.1402, -0.1247 -2.386 3.1396, -0.1402 -2.3899 3.1357, -0.1693 -2.4092 3.1164, -0.1589 -2.3996 3.126, -0.1545 -2.3967 3.1289, -0.1821 -2.4898 3.0358, -0.1734 -2.4898 3.0358, -0.1734 -2.4631 3.0625, -0.1821 -2.3854 3.1402, -0.1763 -2.4206 3.105, -0.1734 -2.4159 3.1097, -0.1778 -2.454 3.0715, -0.1799 -2.4395 3.086, -0.1796 -2.4339 3.0916, -0.1238 -2.4898 3.0358, -0.1351 -2.4883 3.0373, -0.149 -2.4838 3.0418, -0.1613 -2.4767 3.0489, -0.1642 -2.4743 3.0513, -0.1724 -2.4652 3.0603, -0.1114 -2.4907 3.0349, -0.1193 -2.4904 3.0351, -0.1734 -2.5199 3.0056, -0.0985 -2.4898 3.0358, -0.0773 -2.5199 3.0056, -0.0711 -2.4847 3.0409, -0.0736 -2.4856 3.04, -0.0773 -2.4898 3.0358, -0.0773 -2.4864 3.0391, -0.0892 -2.4892 3.0364, -0.1632 -2.6206 2.905, -0.1595 -2.6169 2.9087, -0.1568 -2.5962 2.9294, -0.0773 -2.6528 2.8728, -0.0835 -2.6519 2.8737, -0.1017 -2.6519 2.8737, -0.0964 -2.5816 2.944, -0.0916 -2.5849 2.9407, -0.1519 -2.6509 2.8747, -0.1734 -2.6528 2.8728, -0.1449 -2.6527 2.8728, -0.1446 -2.6528 2.8728, -0.1638 -2.6424 2.8831, -0.166 -2.6381 2.8875, -0.1669 -2.6323 2.8933, -0.1539 -2.6135 2.9121, -0.1461 -2.6107 2.9149, -0.1451 -2.5909 2.9347, -0.1325 -2.6083 2.9173, -0.1166 -2.5878 2.9378, -0.1228 -2.5873 2.9383, -0.1337 -2.5881 2.9375, -0.158 -2.6479 2.8777, -0.16 -2.6464 2.8792, -0.1017 -2.6406 2.885, -0.1022 -2.6406 2.885, -0.1051 -2.6436 2.882, -0.1108 -2.648 2.8776, -0.1668 -2.6306 2.8949, -0.1657 -2.6251 2.9005, -0.1389 -2.5783 2.9472, -0.121 -2.5769 2.9487, -0.1101 -2.5775 2.948, -0.1025 -2.5792 2.9464, -0.0878 -2.589 2.9365, -0.085 -2.5949 2.9307, -0.0835 -2.6047 2.9209, -0.1568 -2.5837 2.9419, -0.1525 -2.582 2.9436, -0.1017 -2.6053 2.9203, -0.1024 -2.5996 2.926, -0.1043 -2.595 2.9306, -0.1064 -2.5923 2.9332, -0.1091 -2.5903 2.9353, -0.1124 -2.5888 2.9368, -0.134 -2.6536 2.8719, -0.1734 -2.6935 2.8321, -0.1246 -2.6529 2.8727, -0.0773 -2.6935 2.8321, -0.1241 -2.6528 2.8728, -3.1063 -0.9586 4.5669, -3.1063 -1.2083 4.3172, -2.3976 -0.9586 4.5669, -3.0017 -1.2775 4.2481, -3.7756 -1.2083 4.3172, -3.7756 -0.9586 4.5669, -3.8802 -1.2775 4.2481, -4.4843 -0.9586 4.5669, -3.9571 -1.3629 4.1626, -4.4843 -1.2083 4.3172, -1.0197 -1.2083 4.3172, -1.0197 -0.9586 4.5669, -1.1243 -1.2775 4.2481, -1.7283 -0.9586 4.5669, -1.2012 -1.3629 4.1626, -1.7283 -1.2083 4.3172, -2.6061 -1.6597 3.8658, -2.8803 -1.4592 4.0664, -2.5452 -1.7514 3.7742, -2.8712 -1.5602 3.9653, -2.454 -1.8295 3.6961, -3.1657 -1.889 3.6365, -3.2989 -1.9263 3.5992, -0.7997 -2.3854 3.1402, -3.4409 -1.939 3.5865, -3.583 -1.9263 3.5992, -4.6768 -1.9263 3.5992, -4.8189 -1.939 3.5865, -6.0984 -2.3854 3.1402, -4.3797 -1.2775 4.2481, -4.3027 -1.3629 4.1626, -4.0016 -1.4592 4.0664, -4.2583 -1.4592 4.0664, -4.0107 -1.5602 3.9653, -4.2491 -1.5602 3.9653, -3.984 -1.6597 3.8658, -4.2758 -1.6597 3.8658, -3.9232 -1.7514 3.7742, -4.5437 -1.889 3.6365, -4.4279 -1.8295 3.6961, -4.3367 -1.7514 3.7742, -3.7162 -1.889 3.6365, -3.832 -1.8295 3.6961, -4.961 -1.9263 3.5992, -5.0941 -1.889 3.6365, -5.2099 -1.8295 3.6961, -5.3011 -1.7514 3.7742, -5.362 -1.6597 3.8658, -6.0984 -0.9586 4.5669, -5.3887 -1.5602 3.9653, -5.3795 -1.4592 4.0664, -2.3976 -1.2083 4.3172, -2.5022 -1.2775 4.2481, -2.5791 -1.3629 4.1626, -2.9248 -1.3629 4.1626, -2.6236 -1.4592 4.0664, -2.6328 -1.5602 3.9653, -5.1535 -1.2083 4.3172, -5.1535 -0.9586 4.5669, -5.2581 -1.2775 4.2481, -5.3351 -1.3629 4.1626, -2.2051 -1.9263 3.5992, -2.9587 -1.7514 3.7742, -3.0499 -1.8295 3.6961, -2.3382 -1.889 3.6365, -2.8978 -1.6597 3.8658, -1.672 -1.8295 3.6961, -1.0761 -1.8295 3.6961, -1.5808 -1.7514 3.7742, -1.1673 -1.7514 3.7742, -1.2281 -1.6597 3.8658, -0.8271 -1.9263 3.5992, -0.9603 -1.889 3.6365, -0.7786 -2.3761 3.1495, -0.731 -2.3631 3.1624, -0.685 -1.939 3.5865, -0.6799 -2.3587 3.1669, -0.543 -1.9263 3.5992, -0.6373 -2.3618 3.1637, -0.5855 -2.3748 3.1508, -1.7878 -1.889 3.6365, -1.9209 -1.9263 3.5992, -2.063 -1.939 3.5865, -1.6238 -1.2775 4.2481, -1.5468 -1.3629 4.1626, -1.2456 -1.4592 4.0664, -1.5024 -1.4592 4.0664, -1.2548 -1.5602 3.9653, -1.4932 -1.5602 3.9653, -1.5199 -1.6597 3.8658, -0.294 -1.8295 3.6961, -0.3219 -2.3854 3.1402, -0.3219 -1.8438 3.6818, -0.4098 -1.889 3.6365, -0.1734 -1.7071 3.8185, -0.1821 -1.7202 3.8053, -0.2028 -1.7514 3.7742, -0.3219 -1.2272 4.2984, -0.2458 -1.2775 4.2481, -0.1821 -1.3483 4.1773, -0.3219 -0.9586 4.5669, -0.3504 -0.9586 4.5669, -0.3504 -1.2083 4.3172, 0.3583 -1.2083 4.3172, 0.3583 -0.9586 4.5669, 0.2537 -1.2775 4.2481, 0.2317 -0.9586 4.5669, 0.2317 -1.3019 4.2236, 0.1858 -0.9586 4.5669, 0.1858 -1.7139 3.8116, 0.1498 -1.6597 3.8658, 0.1231 -1.5602 3.9653, 0.1323 -1.4592 4.0664, 0.0498 -0.9586 4.5669, 0.1768 -1.3629 4.1626, 0.1858 -1.3529 4.1727, 0.2107 -1.7514 3.7742, 2.5101 -1.2775 4.2481, 2.587 -1.3629 4.1626, 3.0091 -1.2781 4.2475, 3.0091 -0.9586 4.5669, 2.4055 -0.9586 4.5669, 2.4055 -1.2083 4.3172, 1.9288 -1.9263 3.5992, 1.7957 -1.889 3.6365, 3.0091 -1.7878 3.7378, 2.9666 -1.7514 3.7742, 2.5531 -1.7514 3.7742, 2.9057 -1.6597 3.8658, 2.614 -1.6597 3.8658, 2.2129 -1.9263 3.5992, 2.0709 -1.939 3.5865, 3.0091 -2.3854 3.1402, 1.0276 -0.9586 4.5669, 1.0276 -1.2083 4.3172, 1.7362 -0.9586 4.5669, 1.1321 -1.2775 4.2481, 1.7362 -1.2083 4.3172, 1.2091 -1.3629 4.1626, 1.6316 -1.2775 4.2481, 1.5547 -1.3629 4.1626, 0.9681 -1.889 3.6365, 0.835 -1.9263 3.5992, 2.3461 -1.889 3.6365, 1.6798 -1.8295 3.6961, 1.5886 -1.7514 3.7742, 1.5278 -1.6597 3.8658, 1.0839 -1.8295 3.6961, 1.1751 -1.7514 3.7742, 0.6929 -1.939 3.5865, 0.5508 -1.9263 3.5992, 1.5103 -1.4592 4.0664, 1.2535 -1.4592 4.0664, 1.5011 -1.5602 3.9653, 1.2627 -1.5602 3.9653, 1.236 -1.6597 3.8658, 2.6406 -1.5602 3.9653, 2.879 -1.5602 3.9653, 2.6315 -1.4592 4.0664, 2.8882 -1.4592 4.0664, 2.9327 -1.3629 4.1626, 2.4619 -1.8295 3.6961, 3.1142 -0.9586 4.5669, 3.0096 -1.2775 4.2481, 3.1142 -1.2083 4.3172, 3.888 -1.2775 4.2481, 4.2662 -1.4592 4.0664, 4.3106 -1.3629 4.1626, 5.1614 -0.9586 4.5669, 5.1614 -1.2083 4.3172, 5.5157 -0.9586 4.5669, 5.266 -1.2775 4.2481, 5.3429 -1.3629 4.1626, 5.5157 -2.3854 3.1402, 5.309 -1.7514 3.7742, 5.2178 -1.8295 3.6961, 3.724 -1.889 3.6365, 3.5909 -1.9263 3.5992, 3.4488 -1.939 3.5865, 3.3067 -1.9263 3.5992, 4.4921 -1.2083 4.3172, 4.4921 -0.9586 4.5669, 4.3875 -1.2775 4.2481, 3.7835 -0.9586 4.5669, 3.7835 -1.2083 4.3172, 3.1736 -1.889 3.6365, 3.0578 -1.8295 3.6961, 5.3874 -1.4592 4.0664, 5.3966 -1.5602 3.9653, 5.3699 -1.6597 3.8658, 4.0094 -1.4592 4.0664, 4.3445 -1.7514 3.7742, 3.965 -1.3629 4.1626, 4.2837 -1.6597 3.8658, 4.257 -1.5602 3.9653, 3.8398 -1.8295 3.6961, 3.9311 -1.7514 3.7742, 5.102 -1.889 3.6365, 4.9688 -1.9263 3.5992, 4.8268 -1.939 3.5865, 4.6847 -1.9263 3.5992, 4.5516 -1.889 3.6365, 4.4357 -1.8295 3.6961, 3.9919 -1.6597 3.8658, 4.0186 -1.5602 3.9653, 0.1398 -2.5492 2.9764, 0.1858 -2.5492 2.9764, 0.1858 -2.5199 3.0056, 0.0681 -2.6337 2.8919, 0.0703 -2.6397 2.8859, 0.0708 -2.6397 2.8859, 0.1202 -2.5785 2.947, 0.0498 -2.5199 3.0056, 0.1014 -2.5785 2.947, 0.0498 -2.5964 2.9292, 0.073 -2.6338 2.8918, 0.0717 -2.6372 2.8884, 0.0207 -2.5785 2.947, 0.0159 -2.5199 3.0056, 0.0498 -2.6309 2.8946, 0.041 -2.5785 2.947, 0.0498 -2.6528 2.8728, 0.0607 -2.6528 2.8728, 0.0613 -2.6517 2.8738, 0.0498 -2.6697 2.8559, 0.0498 -2.6697 2.8559, 0.0534 -2.6651 2.8605, 0.0159 -2.6935 2.8321, 0.0244 -2.6854 2.8402, 0.0244 -2.674 2.8516, 0.0347 -2.6754 2.8502, 0.0391 -2.6751 2.8505, 0.0498 -2.6842 2.8414, 0.0435 -2.6859 2.8397, 0.0498 -2.6935 2.8321, 0.0361 -2.6864 2.8391, 0.0321 -2.6863 2.8392, 0.0431 -2.674 2.8516, 0.0464 -2.6724 2.8532, 0.0732 -2.663 2.8626, 0.0649 -2.6743 2.8513, 0.1858 -2.6935 2.8321, 0.0789 -2.6528 2.8728, 0.0583 -2.68 2.8456, 0.057 -2.6808 2.8448, 0.0507 -2.6839 2.8417, 0.0051 -2.6198 2.9058, 0.0085 -2.6234 2.9022, 0.0062 -2.5926 2.933, -0.0471 -2.5827 2.9429, -0.0418 -2.5804 2.9451, -0.0505 -2.5199 3.0056, 0.0081 -2.6412 2.8844, 0.0047 -2.6446 2.881, 0.0104 -2.6271 2.8984, 0.0112 -2.6319 2.8936, 0.0103 -2.6371 2.8885, -0.0318 -2.5779 2.9477, -0.0184 -2.5769 2.9487, 0.0062 -2.5801 2.9455, -0.0083 -2.5773 2.9482, -0.0005 -2.6478 2.8778, -0.0058 -2.65 2.8756, -0.0202 -2.5873 2.9383, -0.0255 -2.5876 2.938, -0.04 -2.5972 2.9284, -0.0304 -2.5885 2.9371, -0.0345 -2.59 2.9355, -0.0399 -2.5989 2.9267, -0.0391 -2.6009 2.9247, -0.0378 -2.6026 2.923, -0.036 -2.604 2.9216, -0.0296 -2.6068 2.9187, -0.0082 -2.5883 2.9373, -0.0184 -2.6103 2.9153, 0.0021 -2.5909 2.9347, -0.0113 -2.6123 2.9133, 0.0008 -2.6171 2.9085, -0.0372 -2.5918 2.9338, -0.0388 -2.5934 2.9322, -0.0397 -2.5951 2.9305, -0.0588 -2.5983 2.9272, -0.0581 -2.5937 2.9318, -0.056 -2.6073 2.9183, -0.058 -2.6033 2.9222, -0.0589 -2.636 2.8895, -0.0559 -2.5896 2.936, -0.0525 -2.5861 2.9395, -0.0505 -2.5848 2.9408, -0.0518 -2.6391 2.8864, -0.0505 -2.6395 2.8861, -0.0505 -2.6122 2.9134, -0.0536 -2.6099 2.9156, -0.0506 -2.6121 2.9134, -0.0404 -2.6422 2.8834, -0.0312 -2.6197 2.9059, -0.0421 -2.6161 2.9094, -0.029 -2.6431 2.8825, -0.0282 -2.6431 2.8825, -0.0193 -2.6232 2.9024, -0.0188 -2.6424 2.8832, -0.0075 -2.6332 2.8924, -0.0077 -2.6316 2.894, -0.0141 -2.6412 2.8844, -0.0125 -2.6405 2.8851, -0.0104 -2.6391 2.8864, -0.0088 -2.6375 2.8881, -0.0079 -2.6357 2.8899, -0.0085 -2.6296 2.896, -0.0099 -2.6279 2.8977, -0.0122 -2.6262 2.8994, -0.0427 -2.6528 2.8728, -0.0459 -2.6525 2.873, -0.0505 -2.6528 2.8728, -0.0505 -2.6514 2.8742, -0.0589 -2.6493 2.8763, -0.0307 -2.6536 2.8719, -0.0505 -2.6935 2.8321, 0.0281 -2.6748 2.8508, -0.5632 -2.3854 3.1402, -0.5394 -2.3967 3.1289, -0.5053 -2.4246 3.101, -0.4837 -2.4543 3.0712, -0.4787 -2.4555 3.0701, -0.448 -2.4663 3.0593, -0.8038 -2.3872 3.1384, -0.9138 -2.4214 3.1042, -0.873 -2.4178 3.1077, -0.8281 -2.4019 3.1237, -0.8611 -2.4183 3.1073, -0.8493 -2.4193 3.1063, -0.9918 -2.4529 3.0727, -0.9849 -2.4482 3.0773, -0.952 -2.4319 3.0937, -6.0984 -2.4898 3.0358, -6.0984 -2.5199 3.0056, -1.0377 -2.5199 3.0056, -1.0331 -2.5018 3.0238, -1.0257 -2.4898 3.0358, -1.0167 -2.4755 3.0501, -0.9275 -2.648 2.8776, -0.9648 -2.6351 2.8904, -6.0984 -2.6528 2.8728, -0.9969 -2.6157 2.9098, -1.0205 -2.592 2.9336, -1.0353 -2.5648 2.9608, -1.0403 -2.5361 2.9894, -1.04 -2.5292 2.9964, -0.9143 -2.6508 2.8748, -0.913 -2.6528 2.8728, -0.9039 -2.6665 2.859, -0.8885 -2.6799 2.8457, -0.7735 -2.6935 2.8321, -0.7911 -2.6983 2.8273, -0.3219 -2.8484 2.6772, -0.8162 -2.7005 2.8251, -0.8201 -2.7004 2.8252, -6.0984 -2.8484 2.6772, -0.8445 -2.6977 2.8278, -6.0984 -2.6935 2.8321, -0.8589 -2.6935 2.8321, -0.8683 -2.6907 2.8349, -0.7195 -2.6528 2.8728, -0.7196 -2.6533 2.8723, -0.3219 -2.6935 2.8321, -0.7319 -2.6695 2.8561, -0.7475 -2.6818 2.8437, -0.7681 -2.692 2.8336, -0.5876 -2.6097 2.9159, -0.5805 -2.6077 2.9179, -0.5683 -2.5661 2.9595, -0.7388 -2.5785 2.9471, -0.6004 -2.5274 2.9982, -0.7569 -2.5668 2.9587, -0.7788 -2.5585 2.967, -0.5939 -2.6129 2.9127, -0.3991 -2.5991 2.9264, -0.4196 -2.6194 2.9062, -0.3219 -2.6528 2.8728, -0.3862 -2.5261 2.9995, -0.3814 -2.55 2.9756, -0.3861 -2.576 2.9496, -0.5725 -2.607 2.9186, -0.5715 -2.607 2.9186, -0.5684 -2.6075 2.9181, -0.9665 -2.564 2.9616, -0.9544 -2.5786 2.947, -0.9019 -2.5862 2.9393, -0.9359 -2.592 2.9336, -0.9133 -2.6019 2.9237, -0.8638 -2.562 2.9636, -0.9727 -2.5199 3.0056, -0.8849 -2.5724 2.9532, -0.9753 -2.5347 2.9909, -0.974 -2.5461 2.9794, -0.841 -2.5558 2.9697, -0.8162 -2.5537 2.9719, -0.8037 -2.5542 2.9714, -0.4477 -2.6362 2.8894, -0.4792 -2.6471 2.8785, -0.5136 -2.6523 2.8733, -0.6045 -2.6296 2.896, -0.6042 -2.6267 2.8988, -0.7129 -2.6201 2.9055, -0.6022 -2.6212 2.9044, -0.5982 -2.6162 2.9094, -0.5745 -2.6523 2.8733, -0.5804 -2.6516 2.874, -0.5872 -2.6497 2.8759, -0.5939 -2.6463 2.8793, -0.5963 -2.6446 2.881, -0.6008 -2.64 2.8856, -0.6035 -2.6351 2.8905, -0.7135 -2.6353 2.8903, -0.7129 -2.6274 2.8982, -0.465 -2.5883 2.9373, -0.4541 -2.5767 2.9489, -0.4474 -2.5636 2.962, -0.4454 -2.5507 2.9748, -0.4459 -2.5446 2.981, -0.5663 -2.6077 2.9179, -0.5198 -2.6077 2.9179, -0.5074 -2.6064 2.9192, -0.4885 -2.6014 2.9241, -0.4722 -2.5935 2.9321, -0.526 -2.4938 3.0318, -0.5343 -2.4938 3.0318, -0.4587 -2.5199 3.0056, -0.5081 -2.4952 3.0304, -0.4507 -2.5305 2.995, -0.9722 -2.5169 3.0086, -0.9633 -2.5006 3.0249, -0.4602 -2.5179 3.0077, -0.4737 -2.5074 3.0181, -0.49 -2.4998 3.0258, -0.5567 -2.4497 3.0759, -0.5801 -2.4301 3.0955, -0.8172 -2.4726 3.053, -0.5823 -2.4286 3.097, -0.6113 -2.4143 3.1112, -0.8014 -2.4495 3.0761, -0.9526 -2.4898 3.0358, -0.8243 -2.4699 3.0557, -0.5355 -2.4898 3.0358, -0.5407 -2.4732 3.0524, -0.8474 -2.4638 3.0617, -0.872 -2.4616 3.0639, -0.8831 -2.4621 3.0635, -0.7782 -2.4299 3.0957, -0.6437 -2.4056 3.12, -0.7507 -2.4157 3.1099, -0.6788 -2.4025 3.1231, -0.717 -2.406 3.1196, -0.9085 -2.4664 3.0592, -0.9315 -2.4751 3.0505, -0.9489 -2.4861 3.0395, 0.1586 -2.6056 2.9199, 0.1586 -2.6402 2.8854, 0.1858 -2.6056 2.9199, 0.1858 -2.6402 2.8854, 0.2105 -2.6056 2.9199, 0.2317 -2.5199 3.0056, 0.2147 -2.5492 2.9764, 0.2147 -2.561 2.9646, 0.218 -2.6402 2.8854, 0.2317 -2.6528 2.8728, 0.218 -2.6519 2.8737, 0.1858 -2.6528 2.8728, 0.1858 -2.6519 2.8737, 0.1398 -2.6519 2.8737, 0.1586 -2.561 2.9646, 0.1586 -2.5939 2.9317, 0.1858 -2.561 2.9646, 0.1858 -2.5939 2.9317, 0.2105 -2.5939 2.9317, -0.2437 -2.3862 3.1393, -0.2437 -2.4772 3.0483, -0.1858 -2.4772 3.0483, -0.2624 -2.489 3.0366, -0.2624 -2.3862 3.1393, -0.1858 -2.489 3.0366, -0.1843 -2.6402 2.8854, -0.1843 -2.6519 2.8737, -0.1821 -2.6528 2.8728, -0.2624 -2.6519 2.8737, -0.2437 -2.6056 2.9199, -0.2437 -2.6402 2.8854, -0.1917 -2.6056 2.9199, -0.2624 -2.5492 2.9764, -0.1821 -2.5199 3.0056, -0.1876 -2.561 2.9646, -0.2437 -2.561 2.9646, -0.2437 -2.5939 2.9317, -0.1917 -2.5939 2.9317, -0.1876 -2.5492 2.9764, -0.1821 -2.6935 2.8321, -0.1172 -2.651 2.8746, -0.0505 -0.9586 4.5669, 0.0159 -0.9586 4.5669, 0.1778 -2.4548 3.0708, 0.1707 -2.4655 3.0601, 0.1049 -2.3862 3.1393, 0.128 -2.3881 3.1375, 0.1454 -2.3928 3.1328, 0.1599 -2.4746 3.051, 0.1561 -2.4769 3.0487, 0.1417 -2.4833 3.0422, 0.1244 -2.4875 3.0381, 0.1035 -2.489 3.0366, 0.0635 -2.489 3.0366, 0.0635 -2.3862 3.1393, 0.1599 -2.3998 3.1257, 0.1657 -2.404 3.1216, 0.1745 -2.4131 3.1125, 0.1797 -2.4231 3.1025, 0.1818 -2.4363 3.0893, 0.1813 -2.4428 3.0828, 0.3597 -2.6178 2.9078, 0.3526 -2.6284 2.8972, 0.3418 -2.6375 2.8881, 0.2454 -2.6519 2.8737, 0.2454 -2.5492 2.9764, 0.2868 -2.5492 2.9764, 0.3677 -2.5199 3.0056, 0.3099 -2.5511 2.9745, 0.3273 -2.5557 2.9699, 0.338 -2.6398 2.8858, 0.3236 -2.6463 2.8793, 0.285 -2.4609 3.0647, 0.3418 -2.5628 2.9628, 0.3477 -2.5669 2.9587, 0.3565 -2.5761 2.9495, 0.3616 -2.586 2.9396, 0.3637 -2.5992 2.9264, 0.3632 -2.6057 2.9198, 0.3925 -2.6519 2.8737, 0.3717 -2.6519 2.8737, 0.4817 -2.6519 2.8737, 0.4669 -2.6238 2.9018, 0.4064 -2.6238 2.9018, 0.4271 -2.5492 2.9764, 0.4471 -2.5492 2.9764, 0.5024 -2.6519 2.8737, 3.0091 -2.6528 2.8728, 3.0091 -2.5199 3.0056, 3.0091 -2.4898 3.0358, 5.5157 -2.4898 3.0358, 5.5157 -2.5199 3.0056, 5.5157 -2.6528 2.8728, 0.2317 -2.6935 2.8321, 0.3677 -2.6935 2.8321, 3.0091 -2.6935 2.8321, 5.5157 -2.6935 2.8321, -0.1821 -2.8484 2.6772, -0.1734 -2.8484 2.6772, -0.0773 -2.8484 2.6772, -0.0505 -2.8484 2.6772, 0.0159 -2.8484 2.6772, 0.0498 -2.8484 2.6772, 0.1858 -2.8484 2.6772, 0.2317 -2.8484 2.6772, 0.3677 -2.8484 2.6772, 3.0091 -2.8484 2.6772, 5.5157 -2.8484 2.6772, 2.4449 1.3248 4.5669, 2.4449 0.7343 4.5669, 2.7598 0.7343 4.5669, -0.311 1.3248 4.5669, -0.311 0.7343 4.5669, 0.0039 0.7343 4.5669, 1.0669 0.7343 4.5669, 1.3819 0.7343 4.5669, 1.0669 1.3248 4.5669, 1.3819 1.3248 4.5669, -6.0984 0.7343 4.5669, -5.5079 0.7343 4.5669, -6.0984 1.448 4.5669, -5.5079 1.3248 4.5669, -4.4449 1.3248 4.5669, 5.5157 1.448 4.5669, 2.7598 1.3248 4.5669, 3.8228 1.3248 4.5669, -4.4449 0.7343 4.5669, -4.1299 0.7343 4.5669, -4.1299 1.3248 4.5669, -3.0669 1.3248 4.5669, -3.0669 0.7343 4.5669, -2.752 0.7343 4.5669, -2.752 1.3248 4.5669, -1.689 1.3248 4.5669, -1.689 0.7343 4.5669, -1.374 0.7343 4.5669, -1.374 1.3248 4.5669, 0.0039 1.3248 4.5669, 5.2008 0.7343 4.5669, 5.5157 0.7343 4.5669, 5.2008 1.3248 4.5669, 4.1378 1.3248 4.5669, 4.1378 0.7343 4.5669, 3.8228 0.7343 4.5669, -6.0984 1.8563 1.6929, -6.0984 1.8563 2.2835, 5.5157 1.8563 1.6929, 5.5157 1.8563 2.2835, 5.5157 1.9154 2.2835, -6.0984 1.9154 2.2835, -6.0984 1.9154 1.6929, 5.5157 1.9154 1.6929, -6.0984 1.9154 3.6614, -6.0984 1.6329 4.4374, 5.5157 1.9154 3.6614, 5.5157 1.6329 4.4374, 5.5157 1.9154 0.0394, 4.5315 1.9154 0.0394, 4.5315 1.9154 0.1575, 4.1378 1.9154 0.1575, 2.7598 1.9154 0.1575, 2.7598 1.9154 0.0394, 1.7756 1.9154 0.0394, 1.7756 1.9154 0.1575, 1.3819 1.9154 0.1575, 3.1535 1.9154 0.1575, 3.1535 1.9154 0.0394, 4.1378 1.9154 0.0394, 0.0039 1.9154 0.1575, 0.0039 1.9154 0.0394, -0.9803 1.9154 0.0394, -0.9803 1.9154 0.1575, -1.374 1.9154 0.1575, 0.3976 1.9154 0.1575, 0.3976 1.9154 0.0394, 1.3819 1.9154 0.0394, -2.752 1.9154 0.1575, -2.752 1.9154 0.0394, -3.7362 1.9154 0.0394, -3.7362 1.9154 0.1575, -4.1299 1.9154 0.1575, -2.3583 1.9154 0.1575, -2.3583 1.9154 0.0394, -1.374 1.9154 0.0394, -5.5079 1.9154 0.0394, -6.0984 1.9154 0.0394, -5.5079 1.9154 0.1575, -5.1142 1.9154 0.1575, -5.1142 1.9154 0.0394, -4.1299 1.9154 0.0394, 5.2008 0.9479 3.6534, 5.2008 0.8668 3.5967, 5.5157 0.8668 3.5967, -6.0984 0.8668 3.5967, -5.5079 0.8668 3.5967, -6.0984 1.0678 3.7374, -5.5079 0.9479 3.6534, -5.5079 1.0678 3.7374, 1.0669 1.0678 3.7374, 1.0669 1.128 3.7795, 0.0039 1.128 3.7795, 3.8228 0.8668 3.5967, 4.1378 0.8668 3.5967, 3.8228 0.9479 3.6534, 4.1378 0.9479 3.6534, -1.689 0.9479 3.6534, -1.689 0.8668 3.5967, -1.374 0.8668 3.5967, 2.4449 0.8668 3.5967, 2.7598 0.8668 3.5967, 2.4449 0.9479 3.6534, 2.7598 0.9479 3.6534, 5.2008 1.128 3.7795, 4.1378 1.128 3.7795, 5.2008 1.0678 3.7374, 4.1378 1.0678 3.7374, -0.311 0.8668 3.5967, 0.0039 0.8668 3.5967, -0.311 0.9479 3.6534, 0.0039 0.9479 3.6534, 1.0669 0.8668 3.5967, 1.3819 0.8668 3.5967, 1.0669 0.9479 3.6534, 1.3819 0.9479 3.6534, -1.689 1.0678 3.7374, -1.374 0.9479 3.6534, -1.374 1.0678 3.7374, -1.374 1.128 3.7795, 1.3819 1.128 3.7795, 1.3819 1.0678 3.7374, 2.4449 1.128 3.7795, 2.4449 1.0678 3.7374, 3.8228 1.128 3.7795, 2.7598 1.128 3.7795, 3.8228 1.0678 3.7374, 2.7598 1.0678 3.7374, 5.5157 1.0678 3.7374, -1.689 1.128 3.7795, -2.752 1.128 3.7795, -2.752 1.0678 3.7374, -4.1299 1.128 3.7795, -4.1299 1.0678 3.7374, -3.0669 1.128 3.7795, -3.0669 1.0678 3.7374, -5.5079 1.128 3.7795, -4.4449 1.128 3.7795, -4.4449 1.0678 3.7374, -0.311 1.128 3.7795, -0.311 1.0678 3.7374, 0.0039 1.0678 3.7374, -3.0669 0.8668 3.5967, -2.752 0.8668 3.5967, -3.0669 0.9479 3.6534, -2.752 0.9479 3.6534, -4.1299 0.9479 3.6534, -4.4449 0.9479 3.6534, -4.4449 0.8668 3.5967, -4.1299 0.8668 3.5967, -5.5079 -0.1319 4.1732, -6.0984 -0.1319 4.1732, -6.0984 -0.5256 4.5669, -2.752 -0.1319 4.1732, -2.3189 -0.2303 4.2717, -1.689 -0.1319 4.1732, -1.8071 -0.2303 4.2717, -1.374 -0.1319 4.1732, -5.0748 -0.5256 4.5669, -5.0748 -0.2303 4.2717, -4.4449 -0.1319 4.1732, -4.563 -0.2303 4.2717, -4.1299 -0.1319 4.1732, -4.563 -0.5256 4.5669, -3.6969 -0.5256 4.5669, -3.6969 -0.2303 4.2717, -1.8071 -0.5256 4.5669, -0.9409 -0.5256 4.5669, -0.9409 -0.2303 4.2717, 0.0039 -0.1319 4.1732, 0.437 -0.2303 4.2717, 1.0669 -0.1319 4.1732, 0.9488 -0.2303 4.2717, 1.3819 -0.1319 4.1732, -3.0669 -0.1319 4.1732, -3.185 -0.2303 4.2717, -3.185 -0.5256 4.5669, -2.3189 -0.5256 4.5669, 0.9488 -0.5256 4.5669, 1.815 -0.5256 4.5669, 1.815 -0.2303 4.2717, 2.7598 -0.1319 4.1732, 3.1929 -0.2303 4.2717, 3.8228 -0.1319 4.1732, 3.7047 -0.2303 4.2717, 4.1378 -0.1319 4.1732, 3.7047 -0.5256 4.5669, 4.5709 -0.5256 4.5669, 4.5709 -0.2303 4.2717, 5.5157 -0.5256 4.5669, 5.5157 -0.1319 4.1732, 5.2008 -0.1319 4.1732, -0.311 -0.1319 4.1732, -0.4291 -0.2303 4.2717, -0.4291 -0.5256 4.5669, 0.437 -0.5256 4.5669, 5.0827 -0.5256 4.5669, 5.0827 -0.2303 4.2717, 2.4449 -0.1319 4.1732, 2.3268 -0.2303 4.2717, 2.3268 -0.5256 4.5669, 3.1929 -0.5256 4.5669, 5.1226 -0.6237 4.5669, 5.1546 -0.7298 4.5669, 5.1677 -0.8437 4.5669, -6.0984 1.6112 4.4802, 5.5157 1.6112 4.4802, -6.0984 1.5797 4.5164, 5.5157 1.5797 4.5164, -6.0984 1.5404 4.5439, 5.5157 1.5404 4.5439, -6.0984 1.4956 4.5611, 5.5157 1.4956 4.5611, 4.5315 -2.4547 0.1575, 4.5315 -2.8484 0.1575, 4.1378 -2.8484 0.1575, 4.5315 1.561 0.1575, 4.6594 -1.0768 0.1575, 4.6594 -0.9193 0.1575, 4.9547 -0.9193 0.1575, 5.2795 1.561 0.1575, 5.2795 -2.4547 0.1575, 4.9547 -1.0768 0.1575, 3.1535 -0.6218 4.5669, 3.1213 -0.7285 4.5669, 2.3667 -0.6237 4.5669, 2.3987 -0.7298 4.5669, 3.1079 -0.843 4.5669, 2.4118 -0.8437 4.5669, 3.2815 0.9311 0.1575, 2.7598 -2.8484 0.1575, 3.1535 1.561 0.1575, 3.1535 -2.8484 0.1575, 3.1535 -2.4547 0.1575, 3.9016 -2.4547 0.1575, 3.5768 0.9311 0.1575, 3.9016 1.561 0.1575, 3.5768 1.0886 0.1575, 3.2815 1.0886 0.1575, 3.8031 0.9311 4.5669, 3.8031 0.9311 4.3307, 2.7795 0.9311 4.5669, 3.252 0.9311 4.3307, 2.7795 0.9311 3.5967, 3.252 0.9311 4.0447, 3.252 0.9311 3.5967, 2.7598 0.9411 3.6474, 3.8228 0.9411 3.6474, 2.7598 0.9358 3.6398, 3.8228 0.9358 3.6398, 2.7598 0.9324 3.6313, 3.8228 0.9324 3.6313, 2.7598 0.9311 3.6223, 3.8228 0.9311 3.6223, 2.7598 0.932 3.6131, 3.8228 0.932 3.6131, 2.7598 0.9349 3.6044, 3.8228 0.9349 3.6044, 2.7598 0.9397 3.5967, 3.8228 0.9397 3.5967, 4.1378 0.9411 3.6474, 5.2008 0.9411 3.6474, 4.1378 0.9358 3.6398, 5.2008 0.9358 3.6398, 4.1378 0.9324 3.6313, 5.2008 0.9324 3.6313, 4.1378 0.9311 3.6223, 5.2008 0.9311 3.6223, 4.1378 0.932 3.6131, 5.2008 0.932 3.6131, 4.1378 0.9349 3.6044, 5.2008 0.9349 3.6044, 4.1378 0.9397 3.5967, 5.2008 0.9397 3.5967, 3.2132 0.5379 3.5967, 3.252 0.4831 3.5967, 3.8228 -0.1319 3.5967, 3.252 -0.0925 3.5967, 2.7598 -0.1319 3.5967, 2.7795 -0.0925 3.5967, 2.7795 1.128 4.9213, 2.7795 1.128 4.626, 2.7795 0.9508 5.1969, 2.7795 0.0475 5.1969, 2.7795 -0.0925 5.0756, 3.8031 1.128 4.626, 3.8031 -0.0925 4.3307, 3.8031 -0.0925 5.1969, 3.8031 1.128 4.9213, 3.8031 0.3585 5.1969, 3.8031 0.6313 4.9606, 3.8031 0.7983 4.9606, 3.8031 0.9938 5.1299, 3.252 -0.0925 4.3307, 4.1575 0.9311 3.5967, 4.6299 0.9311 3.5967, 4.5912 0.5379 3.5967, 4.6299 0.4831 3.5967, 5.2008 -0.1319 3.5967, 4.6299 -0.0925 3.5967, 4.1378 -0.1319 3.5967, 4.1575 -0.0925 3.5967, 4.6299 0.9311 4.0447, 4.1575 1.128 4.9213, 4.1575 1.128 4.626, 4.1575 0.9311 4.5669, 4.1575 0.9508 5.1969, 4.1575 0.0475 5.1969, 4.1575 -0.0925 5.0756, 5.1811 0.9311 4.5669, 5.1811 1.128 4.626, 5.1811 -0.0925 4.3307, 5.1811 0.9311 4.3307, 5.1811 -0.0925 5.1969, 5.1811 1.128 4.9213, 5.1811 0.3585 5.1969, 5.1811 0.6313 4.9606, 5.1811 0.7983 4.9606, 5.1811 0.9938 5.1299, 4.6299 0.9311 4.3307, 4.6299 -0.0925 4.3307, 5.5157 -2.8484 0.0394, 5.5157 1.0715 3.8637, 5.5157 1.0844 3.8507, 5.5157 1.094 3.8352, 5.5157 1.0997 3.8178, 5.5157 1.1013 3.7996, 5.5157 1.0987 3.7815, 5.5157 1.0919 3.7645, 5.5157 1.0559 3.8732, 5.5157 1.0814 3.7495, 5.5157 0.6202 4.4794, 5.5157 0.6162 4.4488, 5.5157 0.6162 4.1535, 5.5157 0.6192 4.127, 5.5157 0.6281 4.1018, 5.5157 0.6425 4.0792, 5.5157 0.7037 4.5629, 5.5157 0.6752 4.5511, 5.5157 0.6616 4.0605, 5.5157 0.6844 4.0465, 5.5157 0.6508 4.5323, 5.5157 0.632 4.5079, 4.2903 -0.0925 4.9606, 4.4573 -0.0925 4.9606, 4.7301 -0.0925 5.1969, 5.0607 0.9508 5.1969, 2.9123 -0.0925 4.9606, 3.0793 -0.0925 4.9606, 3.3522 -0.0925 5.1969, 3.6828 0.9508 5.1969, 5.2008 1.0559 3.8732, 5.2008 1.0715 3.8637, 5.2008 1.0844 3.8507, 5.2008 1.094 3.8352, 5.2008 1.0997 3.8178, 5.2008 1.1013 3.7996, 5.2008 1.0987 3.7815, 5.2008 1.0919 3.7645, 5.2008 1.0814 3.7495, 5.2008 1.128 4.3701, 5.2008 0.7037 4.5629, 5.2008 0.6844 4.0465, 5.2008 0.6616 4.0605, 5.2008 0.6425 4.0792, 5.2008 0.6281 4.1018, 5.2008 0.632 4.5079, 5.2008 0.6202 4.4794, 5.2008 0.6162 4.4488, 5.2008 0.6508 4.5323, 5.2008 0.6752 4.5511, 5.2008 0.6192 4.127, 5.2008 0.6162 4.1535, 4.1378 1.128 4.3701, 4.1378 0.7037 4.5629, 4.1378 1.1013 3.7996, 4.1378 1.0987 3.7815, 4.1378 1.0559 3.8732, 4.1378 1.0715 3.8637, 4.1378 1.0919 3.7645, 4.1378 1.0814 3.7495, 4.1378 1.0844 3.8507, 4.1378 1.094 3.8352, 4.1378 1.0997 3.8178, 4.1378 0.6752 4.5511, 4.1378 0.6508 4.5323, 4.1378 0.632 4.5079, 4.1378 0.6202 4.4794, 4.1378 0.6162 4.4488, 4.1378 0.6162 4.1535, 4.1378 0.6192 4.127, 4.1378 0.6281 4.1018, 4.1378 0.6425 4.0792, 4.1378 0.6616 4.0605, 4.1378 0.6844 4.0465, 3.8228 1.0559 3.8732, 3.8228 1.0715 3.8637, 3.8228 1.0844 3.8507, 3.8228 1.094 3.8352, 3.8228 1.0997 3.8178, 3.8228 1.1013 3.7996, 3.8228 1.0987 3.7815, 3.8228 1.0919 3.7645, 3.8228 1.0814 3.7495, 3.8228 1.128 4.3701, 3.8228 0.7037 4.5629, 3.8228 0.6844 4.0465, 3.8228 0.632 4.5079, 3.8228 0.6202 4.4794, 3.8228 0.6162 4.4488, 3.8228 0.6508 4.5323, 3.8228 0.6752 4.5511, 3.8228 0.6616 4.0605, 3.8228 0.6425 4.0792, 3.8228 0.6281 4.1018, 3.8228 0.6192 4.127, 3.8228 0.6162 4.1535, 2.7598 1.128 4.3701, 5.1226 -0.2303 4.1735, 5.1546 -0.2303 4.0674, 5.1676 -0.2303 3.9567, 5.1677 -0.2308 3.9541, 5.1678 -0.2373 3.9226, 5.1614 -0.2555 3.8638, 4.4921 -0.2555 3.8638, 4.4857 -0.2373 3.9226, 4.4858 -0.843 4.5669, 4.4859 -0.2307 3.9547, 4.4859 -0.2303 3.9567, 4.4992 -0.7285 4.5669, 4.4992 -0.2303 4.0688, 4.5315 -0.2303 4.1754, 4.5315 -0.6218 4.5669, 5.1614 -0.2896 3.7706, 4.4921 -0.3311 3.6037, 5.1614 -0.3311 3.6037, 4.4921 -0.3266 3.4457, 5.1614 -0.3266 3.4457, 4.4921 -0.2896 3.7706, 3.7447 -0.2303 4.1735, 3.7447 -0.6237 4.5669, 3.1535 -0.2303 4.1754, 3.7897 -0.2303 3.9567, 3.7766 -0.2303 4.0674, 3.108 -0.2303 3.9567, 3.1213 -0.2303 4.0688, 3.7766 -0.7298 4.5669, 3.7898 -0.8437 4.5669, 3.7897 -0.2308 3.9541, 3.7899 -0.2373 3.9226, 3.7835 -0.2555 3.8638, 3.1142 -0.2555 3.8638, 3.1078 -0.2373 3.9226, 3.108 -0.2307 3.9547, 3.7835 -0.2896 3.7706, 3.1142 -0.3311 3.6037, 3.7835 -0.3311 3.6037, 3.1142 -0.3266 3.4457, 3.7835 -0.3266 3.4457, 3.1142 -0.2896 3.7706, 3.9016 -2.4547 0.0394, 3.1535 -2.4547 0.0394, 3.9016 1.561 0.0394, 3.1535 1.561 0.0394, 4.1378 -2.8484 0.0394, 5.2795 -2.4547 0.0394, 4.5315 -2.4547 0.0394, 5.2795 1.561 0.0394, 4.5315 1.561 0.0394, 5.3699 -0.8409 3.047, 5.3966 -0.7288 3.1339, 4.2837 -0.8409 3.047, 5.1614 -0.3323 3.4412, 4.4921 -0.3323 3.4412, 5.266 -0.4103 3.3808, 4.3106 -0.5065 3.3062, 4.2662 -0.6149 3.2221, 4.257 -0.7288 3.1339, 4.3875 -0.4103 3.3808, 5.3874 -0.6149 3.2221, 5.3429 -0.5065 3.3062, 5.102 -1.0992 2.8467, 5.2178 -1.0321 2.8987, 4.5516 -1.0992 2.8467, 5.309 -0.9441 2.9669, 4.3445 -0.9441 2.9669, 4.4357 -1.0321 2.8987, 4.9688 -1.1412 2.8141, 4.6847 -1.1412 2.8141, 4.8268 -1.1555 2.803, 4.0094 -0.6149 3.2221, 2.879 -0.7288 3.1339, 4.0186 -0.7288 3.1339, 2.9057 -0.8409 3.047, 3.9919 -0.8409 3.047, 3.7835 -0.3323 3.4412, 3.1142 -0.3323 3.4412, 3.0096 -0.4103 3.3808, 2.9327 -0.5065 3.3062, 2.8882 -0.6149 3.2221, 3.888 -0.4103 3.3808, 3.965 -0.5065 3.3062, 3.9311 -0.9441 2.9669, 2.9666 -0.9441 2.9669, 3.8398 -1.0321 2.8987, 3.0578 -1.0321 2.8987, 3.724 -1.0992 2.8467, 3.1736 -1.0992 2.8467, 3.5909 -1.1412 2.8141, 3.3067 -1.1412 2.8141, 3.4488 -1.1555 2.803, 3.1535 -2.8484 0.0394, 4.5315 -2.8484 0.0394
            ]
        }
        coordIndex [
            0,1,2,-1,3,4,5,-1,6,7,8,-1,9,10,11,-1,12,13,14,-1,15,16,17,-1,18,19,20,-1,21,22,23,-1,24,25,26,-1,26,25,27,-1,26,27,28,-1,28,27,29,-1,28,29,30,-1,30,29,31,-1,30,31,32,-1,32,31,33,-1,32,33,34,-1,34,33,35,-1,36,37,38,-1,39,40,23,-1,23,40,41,-1,23,41,21,-1,21,28,22,-1,22,28,30,-1,22,30,42,-1,42,30,43,-1,42,43,38,-1,38,43,44,-1,38,44,36,-1,45,46,47,-1,48,49,50,-1,51,52,53,-1,47,46,54,-1,54,46,55,-1,54,55,17,-1,17,55,56,-1,17,56,57,-1,58,59,60,-1,60,59,61,-1,61,62,60,-1,60,62,63,-1,60,63,64,-1,64,63,65,-1,60,66,67,-1,68,69,60,-1,60,69,70,-1,60,70,66,-1,67,71,60,-1,60,71,72,-1,60,72,58,-1,73,74,75,-1,76,77,63,-1,63,77,78,-1,63,78,65,-1,73,75,63,-1,63,75,79,-1,63,79,76,-1,68,60,80,-1,80,60,81,-1,80,81,82,-1,82,81,37,-1,82,37,39,-1,39,37,36,-1,39,36,40,-1,83,84,85,-1,85,84,86,-1,85,86,39,-1,39,86,87,-1,39,87,82,-1,19,18,88,-1,88,18,89,-1,88,89,90,-1,85,91,92,-1,83,85,93,-1,93,85,92,-1,93,92,94,-1,95,96,97,-1,97,96,98,-1,99,100,96,-1,96,100,101,-1,96,101,98,-1,102,103,104,-1,105,106,96,-1,96,106,107,-1,96,107,99,-1,104,108,102,-1,102,108,109,-1,102,109,105,-1,105,109,110,-1,105,110,106,-1,111,112,103,-1,103,112,113,-1,103,113,114,-1,114,115,103,-1,103,115,116,-1,103,116,104,-1,117,118,119,-1,120,117,121,-1,81,122,37,-1,37,122,123,-1,37,123,124,-1,124,123,125,-1,124,125,126,-1,127,128,129,-1,130,131,132,-1,121,133,134,-1,135,136,137,-1,137,136,138,-1,139,140,136,-1,136,140,141,-1,128,142,129,-1,129,142,143,-1,129,143,144,-1,144,143,145,-1,146,147,145,-1,145,147,148,-1,145,148,144,-1,135,149,136,-1,136,149,150,-1,136,150,139,-1,151,152,132,-1,132,152,153,-1,132,153,154,-1,119,155,156,-1,117,119,121,-1,121,119,157,-1,121,157,158,-1,158,159,121,-1,121,159,160,-1,121,160,133,-1,134,161,121,-1,121,161,162,-1,121,162,163,-1,127,129,156,-1,156,129,164,-1,156,164,119,-1,119,164,165,-1,119,165,157,-1,166,167,145,-1,145,167,168,-1,145,168,169,-1,169,170,145,-1,145,170,171,-1,145,171,146,-1,172,173,174,-1,174,173,175,-1,174,175,176,-1,177,178,179,-1,179,178,180,-1,181,182,183,-1,183,182,184,-1,183,184,185,-1,185,184,186,-1,187,188,189,-1,189,188,190,-1,189,190,191,-1,191,190,192,-1,193,194,195,-1,195,194,196,-1,195,196,197,-1,198,199,200,-1,200,199,201,-1,200,201,202,-1,203,204,205,-1,186,206,185,-1,185,206,207,-1,185,207,208,-1,208,207,209,-1,208,209,210,-1,210,209,211,-1,210,211,212,-1,212,211,213,-1,212,213,214,-1,215,200,216,-1,216,200,202,-1,216,202,217,-1,217,202,218,-1,217,218,213,-1,213,218,219,-1,213,219,214,-1,204,220,205,-1,205,220,221,-1,205,221,222,-1,222,223,205,-1,205,223,224,-1,205,224,225,-1,225,224,226,-1,225,226,227,-1,228,179,229,-1,229,179,180,-1,229,180,230,-1,230,180,231,-1,230,231,232,-1,232,231,194,-1,232,194,233,-1,233,194,193,-1,234,235,236,-1,236,235,225,-1,236,225,237,-1,237,225,227,-1,238,239,200,-1,200,239,240,-1,200,240,198,-1,238,241,239,-1,239,241,197,-1,239,197,242,-1,242,197,196,-1,243,244,245,-1,245,244,246,-1,245,246,247,-1,248,249,200,-1,200,249,244,-1,200,250,248,-1,248,250,251,-1,248,251,252,-1,252,251,253,-1,252,253,254,-1,254,253,255,-1,254,255,256,-1,243,257,244,-1,244,257,258,-1,244,258,200,-1,200,258,259,-1,200,259,238,-1,192,260,191,-1,191,260,261,-1,191,261,262,-1,262,261,263,-1,262,263,264,-1,264,263,265,-1,264,265,247,-1,247,265,266,-1,247,266,245,-1,105,267,268,-1,268,267,269,-1,268,269,256,-1,256,269,270,-1,256,270,254,-1,94,92,95,-1,95,92,271,-1,95,271,96,-1,96,271,272,-1,96,272,105,-1,105,272,273,-1,105,273,267,-1,274,275,20,-1,20,275,276,-1,20,276,18,-1,20,277,274,-1,274,277,278,-1,274,278,279,-1,280,281,282,-1,282,281,283,-1,282,283,284,-1,284,283,285,-1,54,286,22,-1,22,286,287,-1,288,289,290,-1,290,289,291,-1,290,291,285,-1,285,291,292,-1,285,292,284,-1,17,16,54,-1,54,16,293,-1,54,293,286,-1,52,51,57,-1,57,51,14,-1,57,14,17,-1,17,14,13,-1,17,13,15,-1,294,295,296,-1,297,298,299,-1,300,301,14,-1,302,303,304,-1,304,303,305,-1,304,305,306,-1,307,308,309,-1,310,311,312,-1,312,311,313,-1,312,313,314,-1,314,313,315,-1,314,315,316,-1,316,315,317,-1,14,318,319,-1,307,309,320,-1,301,321,14,-1,14,321,322,-1,14,322,323,-1,318,14,324,-1,324,14,323,-1,324,323,325,-1,319,326,14,-1,14,326,327,-1,14,327,12,-1,317,315,328,-1,328,315,329,-1,328,329,330,-1,330,329,331,-1,330,331,323,-1,323,331,332,-1,323,332,325,-1,306,305,333,-1,333,305,334,-1,333,334,335,-1,335,334,336,-1,335,336,295,-1,295,336,337,-1,295,337,296,-1,302,304,309,-1,309,304,338,-1,309,338,320,-1,299,294,297,-1,297,294,296,-1,297,296,339,-1,339,296,340,-1,339,340,341,-1,342,343,344,-1,345,346,347,-1,347,346,348,-1,347,348,349,-1,350,351,352,-1,353,354,309,-1,309,354,355,-1,309,355,356,-1,357,358,359,-1,359,358,360,-1,359,360,344,-1,344,360,361,-1,344,361,342,-1,356,362,309,-1,309,362,363,-1,309,363,302,-1,349,364,347,-1,347,364,365,-1,347,365,350,-1,350,365,366,-1,350,366,351,-1,367,368,369,-1,369,368,370,-1,369,370,342,-1,342,370,371,-1,342,371,343,-1,353,350,372,-1,372,350,373,-1,352,374,350,-1,350,374,375,-1,350,375,376,-1,376,377,350,-1,350,377,378,-1,350,378,373,-1,373,378,379,-1,373,379,380,-1,380,379,368,-1,380,368,381,-1,381,368,367,-1,382,383,384,-1,385,386,387,-1,388,389,390,-1,390,389,391,-1,390,391,392,-1,392,391,385,-1,392,385,393,-1,393,385,387,-1,394,395,11,-1,394,11,396,-1,395,394,389,-1,389,394,397,-1,389,397,391,-1,11,398,396,-1,396,398,399,-1,396,399,400,-1,401,402,398,-1,398,402,403,-1,398,403,399,-1,404,405,406,-1,398,407,408,-1,409,410,411,-1,411,410,412,-1,411,412,404,-1,404,412,413,-1,404,413,405,-1,408,414,398,-1,398,414,415,-1,398,415,401,-1,416,417,418,-1,416,418,419,-1,417,420,418,-1,418,420,421,-1,418,421,411,-1,411,421,422,-1,411,422,409,-1,423,424,425,-1,426,427,428,-1,11,429,430,-1,431,432,11,-1,11,432,433,-1,11,433,429,-1,427,434,428,-1,428,434,435,-1,428,435,395,-1,424,431,425,-1,425,431,11,-1,425,11,436,-1,436,11,395,-1,436,395,437,-1,437,395,435,-1,430,438,11,-1,11,438,439,-1,11,439,9,-1,440,441,442,-1,442,441,443,-1,442,443,444,-1,442,445,440,-1,440,445,446,-1,440,446,447,-1,447,448,440,-1,440,448,449,-1,440,449,450,-1,450,449,451,-1,450,451,452,-1,452,451,453,-1,452,453,425,-1,425,453,454,-1,425,454,423,-1,455,456,444,-1,444,456,457,-1,444,457,442,-1,458,459,121,-1,460,461,462,-1,459,463,121,-1,121,463,464,-1,121,464,428,-1,428,464,465,-1,428,465,426,-1,466,467,468,-1,460,462,469,-1,461,458,462,-1,462,458,121,-1,462,121,130,-1,130,121,163,-1,130,163,131,-1,466,468,462,-1,462,468,470,-1,462,470,469,-1,471,472,467,-1,467,472,473,-1,467,473,468,-1,471,474,472,-1,472,474,475,-1,472,475,476,-1,476,475,477,-1,476,478,479,-1,477,480,476,-1,476,480,481,-1,476,481,482,-1,482,483,476,-1,476,483,484,-1,476,484,478,-1,479,485,476,-1,476,485,486,-1,476,486,487,-1,488,489,490,-1,490,489,491,-1,490,491,130,-1,130,491,492,-1,130,492,462,-1,493,494,10,-1,10,494,404,-1,10,404,11,-1,11,404,406,-1,11,406,398,-1,398,406,495,-1,398,495,407,-1,256,496,268,-1,268,496,497,-1,268,497,498,-1,498,499,268,-1,268,499,500,-1,268,500,501,-1,215,203,200,-1,200,203,205,-1,200,205,502,-1,205,503,502,-1,502,503,504,-1,502,504,505,-1,505,504,506,-1,505,506,507,-1,508,509,205,-1,205,509,510,-1,205,510,503,-1,511,512,513,-1,513,514,511,-1,511,514,515,-1,511,515,205,-1,205,515,516,-1,205,516,508,-1,517,518,519,-1,519,518,520,-1,519,520,521,-1,521,522,519,-1,519,522,523,-1,519,523,512,-1,512,523,524,-1,512,524,513,-1,525,517,526,-1,526,517,519,-1,526,519,527,-1,527,519,528,-1,529,530,531,-1,530,532,531,-1,531,532,533,-1,531,533,534,-1,534,533,535,-1,534,535,536,-1,536,535,537,-1,536,537,519,-1,519,537,538,-1,519,538,528,-1,539,540,541,-1,540,542,541,-1,541,542,543,-1,541,543,544,-1,545,546,547,-1,548,549,550,-1,550,549,551,-1,545,547,552,-1,553,554,555,-1,4,556,5,-1,5,556,557,-1,5,557,555,-1,555,557,558,-1,555,558,553,-1,546,559,547,-1,547,559,560,-1,547,560,561,-1,562,563,564,-1,564,563,565,-1,564,565,566,-1,567,568,569,-1,569,568,570,-1,569,570,564,-1,564,570,571,-1,564,571,562,-1,567,572,568,-1,568,572,573,-1,568,573,549,-1,549,573,574,-1,549,574,551,-1,554,575,555,-1,555,575,576,-1,555,576,577,-1,578,579,580,-1,580,579,581,-1,580,581,547,-1,547,581,582,-1,547,582,552,-1,583,584,539,-1,584,585,539,-1,539,585,586,-1,539,586,587,-1,587,588,539,-1,539,588,589,-1,539,589,590,-1,590,589,578,-1,590,578,591,-1,591,578,580,-1,592,593,547,-1,547,593,594,-1,547,594,549,-1,549,594,595,-1,549,595,596,-1,561,597,547,-1,547,597,598,-1,547,598,599,-1,599,600,547,-1,547,600,601,-1,547,601,592,-1,602,603,604,-1,602,604,605,-1,596,606,549,-1,549,606,604,-1,549,604,568,-1,568,604,603,-1,568,603,607,-1,607,603,608,-1,609,610,604,-1,604,610,611,-1,604,611,605,-1,612,613,614,-1,613,615,614,-1,614,615,616,-1,614,616,617,-1,618,614,619,-1,608,603,618,-1,618,603,620,-1,618,620,614,-1,614,620,621,-1,614,621,612,-1,619,622,618,-1,618,622,623,-1,618,623,624,-1,617,616,625,-1,625,616,626,-1,625,626,627,-1,627,626,628,-1,627,628,629,-1,630,631,624,-1,624,631,632,-1,624,632,618,-1,633,634,635,-1,635,634,636,-1,635,636,637,-1,638,639,640,-1,638,641,642,-1,642,641,643,-1,642,643,644,-1,644,643,645,-1,644,645,646,-1,647,648,649,-1,649,648,650,-1,649,650,640,-1,640,650,651,-1,640,651,638,-1,638,651,637,-1,638,637,641,-1,641,637,636,-1,652,653,654,-1,102,655,8,-1,8,655,268,-1,8,268,6,-1,6,268,501,-1,655,656,268,-1,268,656,652,-1,268,652,105,-1,105,652,654,-1,105,654,102,-1,102,654,657,-1,102,657,655,-1,658,659,660,-1,660,659,661,-1,660,661,555,-1,662,663,664,-1,664,663,658,-1,555,661,5,-1,5,661,665,-1,5,665,666,-1,667,668,669,-1,669,670,667,-1,667,670,666,-1,667,666,671,-1,671,666,665,-1,7,3,8,-1,8,3,5,-1,8,5,102,-1,102,5,666,-1,102,666,103,-1,103,666,119,-1,103,119,111,-1,111,119,118,-1,141,155,136,-1,136,155,119,-1,136,119,660,-1,660,119,666,-1,660,666,658,-1,658,666,670,-1,658,670,664,-1,172,138,173,-1,173,138,136,-1,173,136,672,-1,672,136,660,-1,672,660,541,-1,541,660,555,-1,541,555,539,-1,539,555,577,-1,539,577,583,-1,154,673,132,-1,132,673,176,-1,132,176,130,-1,130,176,175,-1,130,175,490,-1,490,175,494,-1,490,494,488,-1,488,494,493,-1,90,91,88,-1,88,91,85,-1,88,85,674,-1,674,85,39,-1,674,39,675,-1,675,39,23,-1,675,23,290,-1,290,23,22,-1,290,22,288,-1,288,22,287,-1,126,120,124,-1,124,120,121,-1,124,121,37,-1,37,121,428,-1,37,428,38,-1,38,428,395,-1,38,395,42,-1,42,395,389,-1,42,389,47,-1,676,677,47,-1,22,678,54,-1,54,678,679,-1,54,679,680,-1,677,681,47,-1,47,681,682,-1,47,682,683,-1,683,684,47,-1,47,684,685,-1,47,685,42,-1,42,685,686,-1,42,686,22,-1,22,686,687,-1,22,687,678,-1,680,688,54,-1,54,688,689,-1,54,689,690,-1,690,691,54,-1,54,691,692,-1,54,692,47,-1,47,692,693,-1,47,693,676,-1,48,384,638,-1,638,384,383,-1,638,383,639,-1,694,695,2,-1,2,695,696,-1,2,1,642,-1,642,1,697,-1,642,697,638,-1,638,697,698,-1,638,698,699,-1,700,701,702,-1,696,703,2,-1,2,703,704,-1,2,704,0,-1,705,49,53,-1,53,49,48,-1,53,48,51,-1,51,48,638,-1,51,638,700,-1,700,638,699,-1,700,699,701,-1,702,706,700,-1,700,706,707,-1,700,707,708,-1,708,709,700,-1,700,709,710,-1,700,710,2,-1,2,710,711,-1,2,711,694,-1,712,713,2,-1,714,715,716,-1,2,713,700,-1,700,713,717,-1,700,717,718,-1,716,712,714,-1,714,712,2,-1,714,2,719,-1,719,2,720,-1,719,720,718,-1,718,720,721,-1,718,721,700,-1,700,721,722,-1,700,722,51,-1,51,722,309,-1,51,309,14,-1,14,309,308,-1,14,308,300,-1,353,309,350,-1,350,309,722,-1,350,722,723,-1,723,722,721,-1,723,721,724,-1,724,721,720,-1,724,720,725,-1,50,45,48,-1,48,45,47,-1,48,47,384,-1,384,47,389,-1,384,389,382,-1,382,389,388,-1,382,388,646,-1,646,388,419,-1,646,419,644,-1,644,419,418,-1,644,418,642,-1,642,418,726,-1,642,726,2,-1,2,726,727,-1,2,727,720,-1,720,727,728,-1,720,728,725,-1,725,728,729,-1,544,529,541,-1,541,529,531,-1,541,531,672,-1,672,531,730,-1,672,730,173,-1,173,730,731,-1,173,731,175,-1,175,731,732,-1,175,732,494,-1,494,732,733,-1,494,733,404,-1,404,733,734,-1,404,734,411,-1,411,734,735,-1,411,735,418,-1,418,735,736,-1,418,736,726,-1,726,736,737,-1,726,737,727,-1,727,737,738,-1,727,738,728,-1,728,738,739,-1,728,739,729,-1,729,739,740,-1,741,742,743,-1,744,745,746,-1,747,748,749,-1,749,748,750,-1,751,752,753,-1,753,752,754,-1,753,754,755,-1,756,757,758,-1,759,760,755,-1,755,760,761,-1,755,761,753,-1,753,761,762,-1,763,764,762,-1,762,764,765,-1,762,765,753,-1,753,765,766,-1,767,768,766,-1,766,768,769,-1,766,769,753,-1,753,769,744,-1,753,744,770,-1,770,744,746,-1,743,757,741,-1,741,757,756,-1,741,756,750,-1,750,756,753,-1,750,753,749,-1,749,753,770,-1,771,772,773,-1,773,772,756,-1,773,756,774,-1,774,756,758,-1,774,758,775,-1,775,758,776,-1,777,778,779,-1,779,778,780,-1,780,778,781,-1,781,778,782,-1,783,777,784,-1,784,777,779,-1,785,786,787,-1,787,786,788,-1,782,785,781,-1,781,785,787,-1,784,789,790,-1,790,791,784,-1,784,791,792,-1,784,792,783,-1,793,794,795,-1,796,797,783,-1,795,796,793,-1,793,796,783,-1,793,783,798,-1,798,783,792,-1,798,792,799,-1,799,792,800,-1,801,802,803,-1,804,805,783,-1,803,804,801,-1,801,804,783,-1,801,783,806,-1,806,783,797,-1,806,797,807,-1,807,797,808,-1,809,810,811,-1,812,813,783,-1,811,812,809,-1,809,812,783,-1,809,783,814,-1,814,783,805,-1,814,805,815,-1,815,805,816,-1,817,818,819,-1,819,818,783,-1,819,783,820,-1,820,783,813,-1,820,813,821,-1,821,813,822,-1,823,824,825,-1,826,827,828,-1,828,827,829,-1,828,829,830,-1,831,832,833,-1,834,835,836,-1,836,835,837,-1,838,839,840,-1,841,842,843,-1,843,842,844,-1,845,846,847,-1,847,846,848,-1,849,850,851,-1,851,850,852,-1,853,854,855,-1,855,854,856,-1,857,858,859,-1,859,858,851,-1,859,851,860,-1,860,851,852,-1,861,862,863,-1,863,862,864,-1,865,866,867,-1,867,866,868,-1,862,856,864,-1,864,856,843,-1,864,843,868,-1,868,843,844,-1,868,844,867,-1,867,844,836,-1,867,836,848,-1,848,836,837,-1,848,837,847,-1,847,837,823,-1,847,823,869,-1,869,823,825,-1,870,871,857,-1,857,871,872,-1,873,874,875,-1,875,874,876,-1,877,830,878,-1,878,830,879,-1,880,860,881,-1,881,860,852,-1,881,852,882,-1,882,852,855,-1,882,855,833,-1,833,855,856,-1,833,856,831,-1,831,856,862,-1,883,884,885,-1,885,884,886,-1,874,887,876,-1,876,887,885,-1,876,885,872,-1,872,885,886,-1,872,886,857,-1,857,886,838,-1,857,838,858,-1,858,838,840,-1,830,829,879,-1,879,829,888,-1,879,888,874,-1,874,888,887,-1,887,888,889,-1,887,889,890,-1,891,892,893,-1,894,895,896,-1,896,895,897,-1,896,897,898,-1,893,899,891,-1,891,899,900,-1,891,900,901,-1,901,900,902,-1,901,902,903,-1,904,905,906,-1,907,908,909,-1,910,911,912,-1,912,911,913,-1,912,913,914,-1,902,904,903,-1,903,904,906,-1,903,906,915,-1,915,906,916,-1,915,916,894,-1,894,916,917,-1,894,917,895,-1,895,917,918,-1,919,920,921,-1,922,923,924,-1,924,923,925,-1,924,925,926,-1,927,928,929,-1,930,931,932,-1,897,907,898,-1,898,907,909,-1,898,909,933,-1,933,909,934,-1,933,934,910,-1,910,934,935,-1,910,935,911,-1,911,935,936,-1,937,930,938,-1,938,930,932,-1,938,932,929,-1,929,932,926,-1,929,926,927,-1,927,926,925,-1,913,919,914,-1,914,919,921,-1,914,921,939,-1,939,921,940,-1,939,940,922,-1,922,940,941,-1,922,941,923,-1,923,941,942,-1,937,943,930,-1,930,943,944,-1,930,944,347,-1,347,944,945,-1,347,945,345,-1,788,786,946,-1,788,946,947,-1,947,946,948,-1,947,948,949,-1,949,948,950,-1,949,950,951,-1,951,950,952,-1,951,952,953,-1,953,952,753,-1,953,753,756,-1,954,955,956,-1,792,791,957,-1,958,792,959,-1,959,792,957,-1,959,957,960,-1,960,957,961,-1,960,961,962,-1,956,792,954,-1,954,792,958,-1,954,958,962,-1,962,958,963,-1,962,963,960,-1,942,941,964,-1,964,941,965,-1,941,966,965,-1,965,966,967,-1,965,967,968,-1,968,967,969,-1,968,969,339,-1,339,969,298,-1,970,971,972,-1,972,971,793,-1,972,793,798,-1,973,971,974,-1,974,971,970,-1,974,970,975,-1,975,970,976,-1,975,976,977,-1,977,976,978,-1,977,978,972,-1,972,978,979,-1,972,979,970,-1,980,981,982,-1,982,981,983,-1,982,983,984,-1,984,983,985,-1,984,985,986,-1,836,844,987,-1,836,987,988,-1,988,987,989,-1,988,989,990,-1,990,989,991,-1,990,991,992,-1,992,991,993,-1,992,993,994,-1,994,993,995,-1,994,995,996,-1,996,995,997,-1,996,997,998,-1,998,997,999,-1,998,999,1000,-1,823,837,1001,-1,823,1001,1002,-1,1002,1001,1003,-1,1002,1003,1004,-1,1004,1003,1005,-1,1004,1005,1006,-1,1006,1005,1007,-1,1006,1007,1008,-1,1008,1007,1009,-1,1008,1009,1010,-1,1010,1009,1011,-1,1010,1011,1012,-1,1012,1011,1013,-1,1012,1013,1014,-1,842,984,999,-1,999,984,986,-1,999,986,1000,-1,1000,986,1015,-1,1000,1015,834,-1,834,1015,1016,-1,834,1016,1017,-1,1017,1016,1018,-1,1017,1018,1019,-1,1019,1018,1020,-1,1019,1020,842,-1,842,1020,984,-1,1015,986,985,-1,1021,1022,982,-1,1023,1021,1024,-1,1024,1021,982,-1,1024,982,1025,-1,1025,982,984,-1,1025,984,1020,-1,982,1022,980,-1,980,1022,1026,-1,1027,981,1028,-1,1028,981,980,-1,980,1026,1029,-1,1030,1028,1031,-1,1031,1028,980,-1,1031,980,1032,-1,1032,980,1029,-1,1032,1029,1033,-1,985,983,1016,-1,1016,983,1034,-1,1016,1034,1018,-1,1034,983,1027,-1,1027,983,981,-1,998,1000,834,-1,836,988,834,-1,834,988,990,-1,834,990,992,-1,992,994,834,-1,834,994,996,-1,834,996,998,-1,1001,837,835,-1,1013,1011,835,-1,835,1011,1009,-1,835,1009,1007,-1,1007,1005,835,-1,835,1005,1003,-1,835,1003,1001,-1,1012,1014,824,-1,823,1002,824,-1,824,1002,1004,-1,824,1004,1006,-1,1006,1008,824,-1,824,1008,1010,-1,824,1010,1012,-1,835,1035,1013,-1,1013,1035,1036,-1,1013,1036,1014,-1,1014,1036,1037,-1,1014,1037,824,-1,824,1037,1038,-1,824,1038,1039,-1,1039,1038,1040,-1,1039,1040,1041,-1,1041,1040,1042,-1,1041,1042,835,-1,835,1042,1035,-1,1037,1036,1043,-1,1044,1045,1046,-1,1047,1044,1048,-1,1048,1044,1046,-1,1048,1046,1049,-1,1049,1046,1035,-1,1049,1035,1042,-1,1046,1045,1050,-1,1050,1045,1051,-1,1052,1053,1054,-1,1054,1053,1050,-1,1050,1051,1055,-1,1056,1054,1057,-1,1057,1054,1050,-1,1057,1050,1058,-1,1058,1050,1055,-1,1058,1055,1059,-1,1043,1060,1038,-1,1038,1060,1061,-1,1038,1061,1040,-1,1061,1060,1052,-1,1052,1060,1053,-1,789,784,1062,-1,1062,784,779,-1,930,347,931,-1,931,347,780,-1,780,347,779,-1,779,347,740,-1,779,740,1062,-1,949,1063,947,-1,947,1063,1064,-1,947,1064,788,-1,788,1064,1065,-1,788,1065,787,-1,787,1065,1066,-1,787,1066,1067,-1,1067,1068,787,-1,787,1068,1069,-1,787,1069,781,-1,756,1070,953,-1,953,1070,1063,-1,953,1063,951,-1,951,1063,949,-1,1069,1071,781,-1,781,1071,869,-1,781,869,780,-1,780,869,825,-1,780,825,931,-1,1072,1073,772,-1,772,1073,1074,-1,772,1074,756,-1,1074,1075,756,-1,756,1075,1076,-1,756,1076,1077,-1,772,1078,1079,-1,1077,1080,756,-1,756,1080,1081,-1,756,1081,1070,-1,1079,1082,772,-1,772,1082,1083,-1,772,1083,1072,-1,1042,1040,1049,-1,1049,1040,1061,-1,1049,1061,1084,-1,1084,1061,1085,-1,1085,1061,1086,-1,1086,1061,1052,-1,1086,1052,1054,-1,1038,1037,1043,-1,1086,1054,1056,-1,1051,1045,1055,-1,1055,1045,1044,-1,1059,1055,1087,-1,1087,1055,1044,-1,1087,1044,1047,-1,1058,1059,1087,-1,1058,1087,1084,-1,1084,1087,1048,-1,1084,1048,1049,-1,1084,1085,1058,-1,1058,1085,1057,-1,1086,1056,1085,-1,1085,1056,1057,-1,1020,1018,1025,-1,1025,1018,1034,-1,1025,1034,1088,-1,1088,1034,1089,-1,1089,1034,1090,-1,1090,1034,1027,-1,1090,1027,1028,-1,1087,1047,1048,-1,1016,1015,985,-1,1090,1028,1030,-1,1026,1022,1029,-1,1029,1022,1021,-1,1033,1029,1091,-1,1091,1029,1021,-1,1091,1021,1023,-1,1025,1088,1024,-1,1024,1088,1032,-1,1024,1032,1091,-1,1091,1032,1033,-1,1088,1089,1032,-1,1032,1089,1031,-1,1090,1030,1089,-1,1089,1030,1031,-1,1041,835,926,-1,1041,926,1039,-1,1039,926,932,-1,824,1039,932,-1,1091,1023,1024,-1,926,835,924,-1,924,835,834,-1,931,825,932,-1,932,825,824,-1,1070,1092,1063,-1,1063,1092,1093,-1,1063,1093,1064,-1,1064,1093,1094,-1,1064,1094,1065,-1,1065,1094,1095,-1,1065,1095,1066,-1,1066,1095,1096,-1,1066,1096,1067,-1,1067,1096,1097,-1,1067,1097,1068,-1,1068,1097,1098,-1,1068,1098,1069,-1,1069,1098,1099,-1,1069,1099,1071,-1,1071,1099,1100,-1,1071,1100,869,-1,869,1100,847,-1,771,773,1101,-1,771,1101,1102,-1,847,1100,845,-1,845,1100,1099,-1,845,1099,1098,-1,1098,1097,845,-1,845,1097,1096,-1,845,1096,1101,-1,1101,1096,1095,-1,1101,1095,1094,-1,1094,1093,1101,-1,1101,1093,1092,-1,1101,1092,1103,-1,1103,1104,1101,-1,1101,1104,1105,-1,1101,1105,1106,-1,1107,1101,1108,-1,1108,1101,1109,-1,1107,1110,1101,-1,1101,1110,1111,-1,1101,1111,1102,-1,1106,1112,1101,-1,1101,1112,1113,-1,1101,1113,1109,-1,846,845,1114,-1,1114,845,1101,-1,774,775,1114,-1,1114,775,1115,-1,1116,1117,846,-1,1118,1119,1114,-1,1117,1120,846,-1,846,1120,1121,-1,846,1121,848,-1,1119,1122,1114,-1,1114,1122,1123,-1,1114,1123,846,-1,846,1123,1124,-1,846,1124,1116,-1,1115,1125,1114,-1,1114,1125,1126,-1,1114,1126,1127,-1,1127,1128,1114,-1,1114,1128,1129,-1,1114,1129,1130,-1,1130,1131,1114,-1,1114,1131,1132,-1,1114,1132,1133,-1,1133,1134,1114,-1,1114,1134,1135,-1,1114,1135,1118,-1,1118,1136,1119,-1,1119,1136,1137,-1,1119,1137,1122,-1,1122,1137,1138,-1,1122,1138,1123,-1,1123,1138,1139,-1,1123,1139,1124,-1,1124,1139,1140,-1,1124,1140,1116,-1,1116,1140,1141,-1,1116,1141,1117,-1,1117,1141,1142,-1,1117,1142,1120,-1,1120,1142,1143,-1,1120,1143,1121,-1,1121,1143,1144,-1,1121,1144,848,-1,848,1144,867,-1,776,758,1145,-1,776,1145,1146,-1,867,1144,865,-1,865,1144,1143,-1,865,1143,1142,-1,1142,1141,865,-1,865,1141,1140,-1,865,1140,1145,-1,1145,1140,1139,-1,1145,1139,1138,-1,1138,1137,1145,-1,1145,1137,1136,-1,1145,1136,1147,-1,1148,1145,1149,-1,1149,1145,1150,-1,1148,1151,1145,-1,1145,1151,1152,-1,1145,1152,1146,-1,1147,1153,1145,-1,1145,1153,1154,-1,1145,1154,1155,-1,1155,1156,1145,-1,1145,1156,1157,-1,1145,1157,1150,-1,866,865,1158,-1,1158,865,1145,-1,1019,922,1017,-1,1017,922,924,-1,834,1017,924,-1,757,1158,758,-1,758,1158,1145,-1,943,1159,944,-1,944,1159,1160,-1,944,1160,945,-1,1160,1161,945,-1,945,1161,1162,-1,945,1162,345,-1,345,1162,1163,-1,345,1163,1164,-1,358,1165,1166,-1,358,1166,1167,-1,1166,1168,1167,-1,1167,1168,1169,-1,1167,1169,1170,-1,1169,1171,1170,-1,1170,1171,1172,-1,1170,1172,1173,-1,1174,1175,1176,-1,1176,1175,1177,-1,1176,1177,1178,-1,1161,1169,1162,-1,1162,1169,1168,-1,1162,1168,1163,-1,1163,1168,1166,-1,1163,1166,1164,-1,1164,1166,1165,-1,1164,1165,1174,-1,1174,1165,1179,-1,1174,1179,1175,-1,1159,943,938,-1,938,943,937,-1,938,929,1159,-1,1159,929,1172,-1,1161,1160,1169,-1,1169,1160,1159,-1,1169,1159,1171,-1,1171,1159,1172,-1,928,1173,929,-1,929,1173,1172,-1,1180,1181,925,-1,925,1181,927,-1,925,923,1180,-1,1180,923,1182,-1,1183,1184,1185,-1,1185,1184,1180,-1,1185,1180,1186,-1,1186,1180,1182,-1,942,964,923,-1,923,964,1182,-1,1181,1180,1187,-1,1187,1180,1184,-1,1187,1184,1188,-1,1184,1183,1188,-1,1188,1183,1189,-1,1188,1189,360,-1,360,1189,1190,-1,360,1190,1191,-1,339,1192,1193,-1,339,1193,968,-1,1193,1194,968,-1,968,1194,1185,-1,968,1185,965,-1,1185,1186,965,-1,965,1186,1182,-1,965,1182,964,-1,1195,1196,1197,-1,1197,1196,1198,-1,1197,1198,1199,-1,1183,1185,1189,-1,1189,1185,1194,-1,1189,1194,1190,-1,1190,1194,1193,-1,1190,1193,1191,-1,1191,1193,1192,-1,1191,1192,1195,-1,1195,1192,1200,-1,1195,1200,1196,-1,1201,1202,975,-1,975,1202,974,-1,1203,1201,977,-1,977,1201,975,-1,972,1204,977,-1,977,1204,1203,-1,792,956,800,-1,800,956,1205,-1,1206,1207,962,-1,962,1207,954,-1,1208,1206,961,-1,961,1206,962,-1,957,1209,961,-1,961,1209,1208,-1,1210,1211,1212,-1,1178,1177,1213,-1,1213,1177,1214,-1,1213,1214,1215,-1,1216,1217,1211,-1,1211,1217,1218,-1,1211,1218,1212,-1,1216,1211,1219,-1,1219,1211,1220,-1,1219,1220,1214,-1,1214,1220,1221,-1,1214,1221,1215,-1,1222,1223,1224,-1,1210,1212,1225,-1,1225,1212,1226,-1,1225,1226,1223,-1,1223,1226,1227,-1,1223,1227,1224,-1,1222,1224,1228,-1,1228,1224,1229,-1,1228,1229,1230,-1,346,345,1164,-1,1178,1213,1176,-1,1176,1213,346,-1,1176,346,1174,-1,1174,346,1164,-1,357,1214,1177,-1,1165,358,1179,-1,1179,358,357,-1,1179,357,1175,-1,1175,357,1177,-1,1231,1232,1233,-1,1233,1232,1234,-1,1233,1234,1235,-1,1199,1198,1236,-1,1236,1198,1237,-1,1236,1237,1238,-1,1238,1239,1236,-1,1236,1239,1240,-1,1236,1240,1241,-1,1241,1240,1232,-1,1241,1232,1242,-1,1242,1232,1231,-1,1235,1234,1243,-1,1243,1234,1244,-1,1243,1244,1245,-1,1245,1244,1246,-1,1245,1246,1247,-1,1247,1246,1248,-1,1247,1248,1249,-1,1249,1248,1250,-1,1249,1250,1251,-1,361,360,1191,-1,1199,1236,1197,-1,1197,1236,361,-1,1197,361,1195,-1,1195,361,1191,-1,341,1237,1198,-1,1192,339,1200,-1,1200,339,341,-1,1200,341,1196,-1,1196,341,1198,-1,1103,1092,1081,-1,1081,1092,1070,-1,1074,1113,1112,-1,1074,1112,1075,-1,1075,1112,1106,-1,1075,1106,1076,-1,1076,1106,1105,-1,1076,1105,1077,-1,1077,1105,1104,-1,1077,1104,1080,-1,1080,1104,1103,-1,1080,1103,1081,-1,1113,1074,1109,-1,1109,1074,1073,-1,1147,1136,1135,-1,1135,1136,1118,-1,1130,1157,1156,-1,1130,1156,1131,-1,1131,1156,1155,-1,1131,1155,1132,-1,1132,1155,1154,-1,1132,1154,1133,-1,1133,1154,1153,-1,1133,1153,1134,-1,1134,1153,1147,-1,1134,1147,1135,-1,1157,1130,1150,-1,1150,1130,1129,-1,1204,972,799,-1,799,972,798,-1,1209,957,790,-1,790,957,791,-1,973,974,1252,-1,1252,974,1202,-1,1204,799,1203,-1,1203,799,800,-1,1203,800,1201,-1,1201,800,1205,-1,1201,1205,1202,-1,1202,1205,1252,-1,955,954,1253,-1,1253,954,1207,-1,1209,790,1208,-1,1208,790,789,-1,1208,789,1206,-1,1206,789,1062,-1,1206,1062,1207,-1,1207,1062,1253,-1,1214,357,359,-1,1214,359,1219,-1,1219,359,344,-1,1219,344,1216,-1,1216,344,343,-1,1216,343,1217,-1,1217,343,371,-1,1217,371,1218,-1,1218,371,370,-1,1218,370,1212,-1,1212,370,368,-1,1212,368,1226,-1,1226,368,379,-1,1226,379,1227,-1,1227,379,378,-1,1227,378,1224,-1,1224,378,377,-1,1224,377,1229,-1,1229,377,376,-1,1229,376,1230,-1,1230,376,375,-1,1230,375,1228,-1,1228,375,374,-1,1228,374,1222,-1,1222,374,352,-1,1222,352,1223,-1,1223,352,351,-1,1223,351,1225,-1,1225,351,366,-1,1225,366,1210,-1,1210,366,365,-1,1210,365,1211,-1,1211,365,364,-1,1211,364,1220,-1,1220,364,349,-1,1220,349,1221,-1,1221,349,348,-1,1221,348,1215,-1,1215,348,346,-1,1215,346,1213,-1,928,927,1173,-1,1173,927,1170,-1,927,1181,1170,-1,1170,1181,1187,-1,1170,1187,1167,-1,1167,1187,1188,-1,1167,1188,358,-1,358,1188,360,-1,1237,341,340,-1,1237,340,1238,-1,1238,340,337,-1,1238,337,1239,-1,1239,337,336,-1,1239,336,1240,-1,1240,336,334,-1,1240,334,1232,-1,1232,334,305,-1,1232,305,1234,-1,1234,305,303,-1,1234,303,1244,-1,1244,303,363,-1,1244,363,1246,-1,1246,363,362,-1,1246,362,1248,-1,1248,362,356,-1,1248,356,1250,-1,1250,356,355,-1,1250,355,1251,-1,1251,355,354,-1,1251,354,1249,-1,1249,354,353,-1,1249,353,1247,-1,1247,353,372,-1,1247,372,1245,-1,1245,372,373,-1,1245,373,1243,-1,1243,373,380,-1,1243,380,1235,-1,1235,380,381,-1,1235,381,1233,-1,1233,381,367,-1,1233,367,1231,-1,1231,367,369,-1,1231,369,1242,-1,1242,369,342,-1,1242,342,1241,-1,1241,342,361,-1,1241,361,1236,-1,1109,1073,1072,-1,1109,1072,1108,-1,1108,1072,1083,-1,1108,1083,1107,-1,1107,1083,1082,-1,1107,1082,1110,-1,1110,1082,1079,-1,1110,1079,1111,-1,1111,1079,1078,-1,1111,1078,1102,-1,1102,1078,772,-1,1102,772,771,-1,774,1114,773,-1,773,1114,1101,-1,1150,1129,1128,-1,1150,1128,1149,-1,1149,1128,1127,-1,1149,1127,1148,-1,1148,1127,1126,-1,1148,1126,1151,-1,1151,1126,1125,-1,1151,1125,1152,-1,1152,1125,1115,-1,1152,1115,1146,-1,1146,1115,775,-1,1146,775,776,-1,1050,1053,1046,-1,1046,1053,1060,-1,1046,1060,1035,-1,1035,1060,1043,-1,1035,1043,1036,-1,
        ]
    }
}
Shape{
    appearance Appearance {
        material  Material 	{
            diffuseColor 0.6666666666666666 0.6666666666666666 0.6666666666666666
            specularColor 0.4666666666666667 0.4666666666666667 0.4666666666666667
            ambientIntensity 0.6667
            transparency 0.0
            shininess 0.5
        }
    }
    geometry IndexedFaceSet {
        ccw TRUE
        solid FALSE
        coord DEF co Coordinate {
            point [
                3.5768 1.0886 -0.8858, 3.2815 1.0886 -0.8858, 3.2815 1.0823 -0.8364, 3.5768 1.0823 -0.8364, 3.2815 1.0638 -0.7902, 3.5768 1.0638 -0.7902, 3.2815 1.0343 -0.7501, 3.5768 1.0343 -0.7501, 3.5768 0.9996 -0.7029, 3.2815 0.9996 -0.7029, 3.5768 0.9779 -0.6486, 3.2815 0.9779 -0.6486, 3.5768 0.9705 -0.5905, 3.2815 0.9705 -0.5905, 3.5768 0.9779 -0.5325, 3.2815 0.9779 -0.5325, 3.5768 0.9996 -0.4782, 3.2815 0.9996 -0.4782, 3.5768 1.0343 -0.431, 3.2815 1.0343 -0.431, 3.2815 1.0638 -0.3909, 3.5768 1.0638 -0.3909, 3.2815 1.0823 -0.3447, 3.5768 1.0823 -0.3447, 3.2815 1.0886 -0.2953, 3.5768 1.0886 -0.2953, 3.5768 1.0886 0.1575, 3.2815 1.0886 0.1575, 3.5768 0.9311 -0.2953, 3.5768 0.9311 0.1575, 3.2815 0.9311 -0.2953, 3.2815 0.9311 0.1575, 3.5768 0.9299 -0.3052, 3.2815 0.9299 -0.3052, 3.5768 0.9262 -0.3144, 3.2815 0.9262 -0.3144, 3.5768 0.9203 -0.3224, 3.2815 0.9203 -0.3224, 3.2815 0.862 -0.4017, 3.5768 0.862 -0.4017, 3.2815 0.8254 -0.493, 3.5768 0.8254 -0.493, 3.2815 0.813 -0.5905, 3.5768 0.813 -0.5905, 3.2815 0.8254 -0.6881, 3.5768 0.8254 -0.6881, 3.2815 0.862 -0.7794, 3.5768 0.862 -0.7794, 3.2815 0.9203 -0.8587, 3.5768 0.9203 -0.8587, 3.5768 0.9262 -0.8667, 3.2815 0.9262 -0.8667, 3.5768 0.9299 -0.8759, 3.2815 0.9299 -0.8759, 3.5768 0.9311 -0.8858, 3.2815 0.9311 -0.8858, 3.5768 0.9311 -0.9842, 3.2815 0.9311 -0.9842, 3.498 0.9311 -1.378, 3.3602 0.9311 -1.378, 3.3602 1.0886 -1.378, 3.498 1.0886 -1.378, 3.5768 1.0886 -0.9842, 3.2815 1.0886 -0.9842, 4.6594 -1.0768 0.1575, 4.6594 -0.9193 0.1575, 4.6594 -1.0768 -0.2953, 4.6594 -0.9193 -0.2953, 4.6594 -1.0705 -0.3447, 4.6594 -0.918 -0.3052, 4.6594 -1.052 -0.3909, 4.6594 -0.9143 -0.3144, 4.6594 -1.0225 -0.431, 4.6594 -0.9084 -0.3224, 4.6594 -0.9878 -0.4782, 4.6594 -0.8501 -0.4017, 4.6594 -0.966 -0.5325, 4.6594 -0.8136 -0.493, 4.6594 -0.9586 -0.5905, 4.6594 -0.8012 -0.5905, 4.6594 -0.966 -0.6486, 4.6594 -0.8136 -0.6881, 4.6594 -0.9878 -0.7029, 4.6594 -0.8501 -0.7794, 4.6594 -1.0225 -0.7501, 4.6594 -0.9084 -0.8587, 4.6594 -1.052 -0.7902, 4.6594 -0.9143 -0.8667, 4.6594 -1.0705 -0.8364, 4.6594 -0.918 -0.8759, 4.6594 -1.0768 -0.8858, 4.6594 -0.9193 -0.8858, 4.6594 -1.0768 -0.9842, 4.6594 -0.9193 -0.9842, 4.9547 -0.9193 -0.2953, 4.9547 -0.9193 0.1575, 4.9547 -1.0768 -0.9842, 4.9547 -0.9193 -0.9842, 4.9547 -1.0768 -0.8858, 4.9547 -0.9193 -0.8858, 4.9547 -1.0705 -0.8364, 4.9547 -0.918 -0.8759, 4.9547 -1.052 -0.7902, 4.9547 -0.9143 -0.8667, 4.9547 -1.0225 -0.7501, 4.9547 -0.9084 -0.8587, 4.9547 -0.9878 -0.7029, 4.9547 -0.8501 -0.7794, 4.9547 -0.966 -0.6486, 4.9547 -0.8136 -0.6881, 4.9547 -0.9586 -0.5905, 4.9547 -0.8012 -0.5905, 4.9547 -0.966 -0.5325, 4.9547 -0.8136 -0.493, 4.9547 -0.9878 -0.4782, 4.9547 -0.8501 -0.4017, 4.9547 -1.0225 -0.431, 4.9547 -0.9084 -0.3224, 4.9547 -1.052 -0.3909, 4.9547 -0.9143 -0.3144, 4.9547 -1.0705 -0.3447, 4.9547 -0.918 -0.3052, 4.9547 -1.0768 -0.2953, 4.9547 -1.0768 0.1575, 4.7382 -1.0768 -1.378, 4.7382 -0.9193 -1.378, 4.876 -1.0768 -1.378, 4.876 -0.9193 -1.378
            ]
        }
        coordIndex [
            0,1,2,-1,0,2,3,-1,3,2,4,-1,3,4,5,-1,5,4,6,-1,5,6,7,-1,7,6,8,-1,8,6,9,-1,8,9,10,-1,10,9,11,-1,10,11,12,-1,12,11,13,-1,12,13,14,-1,14,13,15,-1,14,15,16,-1,16,15,17,-1,16,17,18,-1,18,17,19,-1,18,19,20,-1,18,20,21,-1,21,20,22,-1,21,22,23,-1,23,22,24,-1,23,24,25,-1,26,25,27,-1,27,25,24,-1,28,29,30,-1,30,29,31,-1,28,30,32,-1,32,30,33,-1,32,33,34,-1,34,33,35,-1,34,35,36,-1,36,35,37,-1,36,37,38,-1,36,38,39,-1,39,38,40,-1,39,40,41,-1,41,40,42,-1,41,42,43,-1,43,42,44,-1,43,44,45,-1,45,44,46,-1,45,46,47,-1,47,46,48,-1,47,48,49,-1,49,48,50,-1,50,48,51,-1,50,51,52,-1,52,51,53,-1,52,53,54,-1,54,53,55,-1,54,55,56,-1,56,55,57,-1,56,57,58,-1,58,57,59,-1,59,60,58,-1,58,60,61,-1,61,60,62,-1,62,60,63,-1,62,63,0,-1,0,63,1,-1,56,62,54,-1,54,62,0,-1,54,0,52,-1,52,0,3,-1,52,3,50,-1,50,3,5,-1,50,5,49,-1,49,5,7,-1,49,7,47,-1,47,7,8,-1,47,8,45,-1,45,8,10,-1,45,10,43,-1,43,10,12,-1,43,12,41,-1,41,12,14,-1,41,14,39,-1,39,14,16,-1,39,16,36,-1,36,16,18,-1,36,18,34,-1,34,18,21,-1,34,21,32,-1,32,21,23,-1,32,23,28,-1,28,23,25,-1,28,25,29,-1,29,25,26,-1,31,27,30,-1,30,27,24,-1,30,24,33,-1,33,24,22,-1,33,22,35,-1,35,22,20,-1,35,20,37,-1,37,20,19,-1,37,19,38,-1,38,19,17,-1,38,17,40,-1,40,17,15,-1,40,15,42,-1,42,15,13,-1,42,13,44,-1,44,13,11,-1,44,11,46,-1,46,11,9,-1,46,9,48,-1,48,9,6,-1,48,6,51,-1,51,6,4,-1,51,4,53,-1,53,4,2,-1,53,2,55,-1,55,2,1,-1,55,1,57,-1,57,1,63,-1,63,60,57,-1,57,60,59,-1,61,62,58,-1,58,62,56,-1,64,65,66,-1,66,65,67,-1,66,67,68,-1,68,67,69,-1,68,69,70,-1,70,69,71,-1,70,71,72,-1,72,71,73,-1,72,73,74,-1,74,73,75,-1,74,75,76,-1,76,75,77,-1,76,77,78,-1,78,77,79,-1,78,79,80,-1,80,79,81,-1,80,81,82,-1,82,81,83,-1,82,83,84,-1,84,83,85,-1,84,85,86,-1,86,85,87,-1,86,87,88,-1,88,87,89,-1,88,89,90,-1,90,89,91,-1,90,91,92,-1,92,91,93,-1,94,67,95,-1,95,67,65,-1,96,97,98,-1,98,97,99,-1,98,99,100,-1,100,99,101,-1,100,101,102,-1,102,101,103,-1,102,103,104,-1,104,103,105,-1,104,105,106,-1,106,105,107,-1,106,107,108,-1,108,107,109,-1,108,109,110,-1,110,109,111,-1,110,111,112,-1,112,111,113,-1,112,113,114,-1,114,113,115,-1,114,115,116,-1,116,115,117,-1,116,117,118,-1,118,117,119,-1,118,119,120,-1,120,119,121,-1,120,121,122,-1,122,121,94,-1,122,94,123,-1,123,94,95,-1,66,122,64,-1,64,122,123,-1,124,125,126,-1,126,125,127,-1,93,125,92,-1,92,125,124,-1,67,94,69,-1,69,94,121,-1,69,121,71,-1,71,121,119,-1,71,119,73,-1,73,119,117,-1,73,117,115,-1,73,115,75,-1,75,115,113,-1,75,113,77,-1,77,113,111,-1,77,111,79,-1,79,111,109,-1,79,109,81,-1,81,109,107,-1,81,107,83,-1,83,107,105,-1,83,105,85,-1,85,105,87,-1,87,105,103,-1,87,103,89,-1,89,103,101,-1,89,101,91,-1,91,101,99,-1,127,125,97,-1,97,125,93,-1,97,93,99,-1,99,93,91,-1,127,97,126,-1,126,97,96,-1,98,90,96,-1,96,90,92,-1,96,92,126,-1,126,92,124,-1,90,98,100,-1,90,100,88,-1,88,100,102,-1,88,102,86,-1,86,102,104,-1,86,104,84,-1,84,104,82,-1,82,104,106,-1,82,106,80,-1,80,106,108,-1,80,108,78,-1,78,108,110,-1,78,110,76,-1,76,110,112,-1,76,112,74,-1,74,112,114,-1,74,114,72,-1,72,114,116,-1,72,116,118,-1,72,118,70,-1,70,118,120,-1,70,120,68,-1,68,120,122,-1,68,122,66,-1,
        ]
    }
}
Shape{
    appearance Appearance {
        material  Material 	{
            diffuseColor 0.34901960784313724 0.34901960784313724 0.34901960784313724
            specularColor 0.023529411764705882 0.023529411764705882 0.023529411764705882
            ambientIntensity 0.498
            transparency 0.0
            shininess 0.5
        }
    }
    geometry IndexedFaceSet {
        ccw TRUE
        solid FALSE
        coord DEF co Coordinate {
            point [
                -1.374 0.8668 3.5967, -1.374 0.9397 3.5967, -1.374 0.9349 3.6044, -1.374 0.932 3.6131, -1.374 0.9311 3.6223, -1.374 0.9324 3.6313, -1.374 0.9358 3.6398, -1.374 0.9411 3.6474, -1.374 0.9479 3.6534, -1.374 -0.1319 3.5967, -1.374 -0.1319 4.1732, -1.374 1.0559 3.8732, -1.374 1.0715 3.8637, -1.374 1.128 4.3701, -1.374 1.3248 4.5669, -1.374 0.7343 4.5669, -1.374 0.6162 4.4488, -1.374 0.6162 4.1535, -1.374 1.1013 3.7996, -1.374 1.0987 3.7815, -1.374 1.128 3.7795, -1.374 1.0919 3.7645, -1.374 1.0814 3.7495, -1.374 1.0678 3.7374, -1.374 0.7037 4.5629, -1.374 0.6752 4.5511, -1.374 0.6508 4.5323, -1.374 1.0844 3.8507, -1.374 1.094 3.8352, -1.374 1.0997 3.8178, -1.374 0.632 4.5079, -1.374 0.6202 4.4794, -1.374 0.6192 4.127, -1.374 0.6281 4.1018, -1.374 0.6425 4.0792, -1.374 0.6616 4.0605, -1.374 0.6844 4.0465, -1.374 -2.8484 0.0394, -1.374 1.9154 0.0394, -1.374 -2.8484 0.1575, -1.374 1.9154 0.1575, -3.7362 -2.4547 0.1575, -3.7362 -2.8484 0.1575, -4.1299 -2.8484 0.1575, -4.1299 1.9154 0.1575, -3.7362 1.9154 0.1575, -3.7362 1.561 0.1575, -3.6083 -1.0768 0.1575, -3.6083 -0.9193 0.1575, -3.313 -0.9193 0.1575, -2.9882 1.561 0.1575, -2.9882 -2.4547 0.1575, -3.313 -1.0768 0.1575, -5.0748 -0.5256 4.5669, -6.0984 -0.5256 4.5669, -5.1142 -0.6218 4.5669, -5.1464 -0.7285 4.5669, -5.1598 -0.843 4.5669, -6.0984 -0.9586 4.5669, -5.1535 -0.9586 4.5669, -2.752 1.9154 0.1575, -2.3583 1.9154 0.1575, -2.3583 1.561 0.1575, -2.3583 -2.8484 0.1575, -2.752 -2.8484 0.1575, -2.3583 -2.4547 0.1575, -2.2303 0.9311 0.1575, -1.6102 -2.4547 0.1575, -1.935 0.9311 0.1575, -1.6102 1.561 0.1575, -1.935 1.0886 0.1575, -2.2303 1.0886 0.1575, -5.5079 1.9154 0.1575, -5.1142 1.9154 0.1575, -5.1142 1.561 0.1575, -5.1142 -2.8484 0.1575, -5.5079 -2.8484 0.1575, -5.1142 -2.4547 0.1575, -4.9862 0.9311 0.1575, -4.3661 -2.4547 0.1575, -4.6909 0.9311 0.1575, -4.3661 1.561 0.1575, -4.6909 1.0886 0.1575, -4.9862 1.0886 0.1575, -4.4646 0.9311 4.5669, -4.4646 0.9311 4.3307, -5.4882 0.9311 4.5669, -5.0157 0.9311 4.3307, -5.4882 0.9311 3.5967, -5.0157 0.9311 4.0447, -5.0157 0.9311 3.5967, -4.4449 0.9479 3.6534, -5.5079 0.9479 3.6534, -5.5079 0.9411 3.6474, -4.4449 0.9411 3.6474, -5.5079 0.9358 3.6398, -4.4449 0.9358 3.6398, -5.5079 0.9324 3.6313, -4.4449 0.9324 3.6313, -5.5079 0.9311 3.6223, -4.4449 0.9311 3.6223, -5.5079 0.932 3.6131, -4.4449 0.932 3.6131, -5.5079 0.9349 3.6044, -4.4449 0.9349 3.6044, -5.5079 0.9397 3.5967, -4.4449 0.9397 3.5967, -3.0669 0.9479 3.6534, -4.1299 0.9479 3.6534, -4.1299 0.9411 3.6474, -3.0669 0.9411 3.6474, -4.1299 0.9358 3.6398, -3.0669 0.9358 3.6398, -4.1299 0.9324 3.6313, -3.0669 0.9324 3.6313, -4.1299 0.9311 3.6223, -3.0669 0.9311 3.6223, -4.1299 0.932 3.6131, -3.0669 0.932 3.6131, -4.1299 0.9349 3.6044, -3.0669 0.9349 3.6044, -4.1299 0.9397 3.5967, -3.0669 0.9397 3.5967, -1.689 0.9479 3.6534, -2.752 0.9479 3.6534, -2.752 0.9411 3.6474, -1.689 0.9411 3.6474, -2.752 0.9358 3.6398, -1.689 0.9358 3.6398, -2.752 0.9324 3.6313, -1.689 0.9324 3.6313, -2.752 0.9311 3.6223, -1.689 0.9311 3.6223, -2.752 0.932 3.6131, -1.689 0.932 3.6131, -2.752 0.9349 3.6044, -1.689 0.9349 3.6044, -2.752 0.9397 3.5967, -1.689 0.9397 3.5967, -1.7087 0.9311 4.5669, -1.7087 0.9311 4.3307, -2.7323 0.9311 4.5669, -2.2598 0.9311 4.3307, -2.7323 0.9311 3.5967, -2.2598 0.9311 4.0447, -2.2598 0.9311 3.5967, -5.5079 0.8668 3.5967, -5.0545 0.5379 3.5967, -4.4449 0.8668 3.5967, -5.0157 0.4831 3.5967, -4.4449 -0.1319 3.5967, -5.0157 -0.0925 3.5967, -5.5079 -0.1319 3.5967, -5.4882 -0.0925 3.5967, -5.4882 1.128 4.9213, -5.4882 1.128 4.626, -5.4882 0.9508 5.1969, -5.4882 0.0475 5.1969, -5.4882 -0.0925 5.0756, -4.4646 1.128 4.626, -4.4646 -0.0925 4.3307, -4.4646 -0.0925 5.1969, -4.4646 1.128 4.9213, -4.4646 0.3585 5.1969, -4.4646 0.6313 4.9606, -4.4646 0.7983 4.9606, -4.4646 0.9938 5.1299, -5.0157 -0.0925 4.3307, -4.1299 0.8668 3.5967, -3.0669 0.8668 3.5967, -4.1102 0.9311 3.5967, -3.6378 0.9311 3.5967, -3.6766 0.5379 3.5967, -3.6378 0.4831 3.5967, -3.0669 -0.1319 3.5967, -3.6378 -0.0925 3.5967, -4.1299 -0.1319 3.5967, -4.1102 -0.0925 3.5967, -3.6378 0.9311 4.0447, -4.1102 1.128 4.9213, -4.1102 1.128 4.626, -4.1102 0.9311 4.5669, -4.1102 0.9508 5.1969, -4.1102 0.0475 5.1969, -4.1102 -0.0925 5.0756, -3.0866 0.9311 4.5669, -3.0866 1.128 4.626, -3.0866 -0.0925 4.3307, -3.0866 0.9311 4.3307, -3.0866 -0.0925 5.1969, -3.0866 1.128 4.9213, -3.0866 0.3585 5.1969, -3.0866 0.6313 4.9606, -3.0866 0.7983 4.9606, -3.0866 0.9938 5.1299, -3.6378 0.9311 4.3307, -3.6378 -0.0925 4.3307, -2.752 0.8668 3.5967, -1.689 0.8668 3.5967, -2.2986 0.5379 3.5967, -2.2598 0.4831 3.5967, -1.689 -0.1319 3.5967, -2.2598 -0.0925 3.5967, -2.752 -0.1319 3.5967, -2.7323 -0.0925 3.5967, -2.7323 1.128 4.9213, -2.7323 1.128 4.626, -2.7323 0.9508 5.1969, -2.7323 0.0475 5.1969, -2.7323 -0.0925 5.0756, -1.7087 1.128 4.626, -1.7087 -0.0925 4.3307, -1.7087 -0.0925 5.1969, -1.7087 1.128 4.9213, -1.7087 0.3585 5.1969, -1.7087 0.6313 4.9606, -1.7087 0.7983 4.9606, -1.7087 0.9938 5.1299, -2.2598 -0.0925 4.3307, -3.9775 -0.0925 4.9606, -3.8104 -0.0925 4.9606, -3.5376 -0.0925 5.1969, -2.5995 -0.0925 4.9606, -2.4325 -0.0925 4.9606, -2.1597 -0.0925 5.1969, -3.207 0.9508 5.1969, -1.829 0.9508 5.1969, -5.3554 -0.0925 4.9606, -5.1884 -0.0925 4.9606, -4.9156 -0.0925 5.1969, -4.5849 0.9508 5.1969, -4.1299 -0.1319 4.1732, -3.0669 -0.1319 4.1732, -2.752 -0.1319 4.1732, -1.689 -0.1319 4.1732, -4.4449 -0.1319 4.1732, -1.689 1.0559 3.8732, -1.689 1.0715 3.8637, -1.689 1.0844 3.8507, -1.689 1.094 3.8352, -1.689 1.0997 3.8178, -1.689 1.1013 3.7996, -1.689 1.0987 3.7815, -1.689 1.0919 3.7645, -1.689 1.0814 3.7495, -1.689 1.0678 3.7374, -1.689 0.7343 4.5669, -1.689 1.3248 4.5669, -1.689 1.128 4.3701, -1.689 0.7037 4.5629, -1.689 1.128 3.7795, -1.689 0.6844 4.0465, -1.689 0.632 4.5079, -1.689 0.6202 4.4794, -1.689 0.6162 4.4488, -1.689 0.6508 4.5323, -1.689 0.6752 4.5511, -1.689 0.6616 4.0605, -1.689 0.6425 4.0792, -1.689 0.6281 4.1018, -1.689 0.6192 4.127, -1.689 0.6162 4.1535, -2.752 1.128 3.7795, -2.752 1.128 4.3701, -2.752 1.1013 3.7996, -2.752 1.0987 3.7815, -2.752 1.3248 4.5669, -2.752 0.7343 4.5669, -2.752 0.7037 4.5629, -2.752 1.0919 3.7645, -2.752 1.0814 3.7495, -2.752 1.0678 3.7374, -2.752 1.0559 3.8732, -2.752 1.0715 3.8637, -2.752 1.0844 3.8507, -2.752 1.094 3.8352, -2.752 1.0997 3.8178, -2.752 0.6752 4.5511, -2.752 0.6508 4.5323, -2.752 0.632 4.5079, -2.752 0.6162 4.1535, -2.752 0.6192 4.127, -2.752 0.6281 4.1018, -2.752 0.6425 4.0792, -2.752 0.6202 4.4794, -2.752 0.6162 4.4488, -2.752 0.6616 4.0605, -2.752 0.6844 4.0465, -3.0669 1.0559 3.8732, -3.0669 1.0715 3.8637, -3.0669 1.0844 3.8507, -3.0669 1.094 3.8352, -3.0669 1.0997 3.8178, -3.0669 1.1013 3.7996, -3.0669 1.0987 3.7815, -3.0669 1.0919 3.7645, -3.0669 1.0814 3.7495, -3.0669 1.0678 3.7374, -3.0669 0.7343 4.5669, -3.0669 1.3248 4.5669, -3.0669 1.128 4.3701, -3.0669 0.7037 4.5629, -3.0669 1.128 3.7795, -3.0669 0.6844 4.0465, -3.0669 0.6162 4.1535, -3.0669 0.6192 4.127, -3.0669 0.6281 4.1018, -3.0669 0.6162 4.4488, -3.0669 0.6202 4.4794, -3.0669 0.632 4.5079, -3.0669 0.6508 4.5323, -3.0669 0.6752 4.5511, -3.0669 0.6616 4.0605, -3.0669 0.6425 4.0792, -4.1299 1.128 3.7795, -4.1299 1.128 4.3701, -4.1299 1.3248 4.5669, -4.1299 0.7343 4.5669, -4.1299 0.7037 4.5629, -4.1299 1.1013 3.7996, -4.1299 1.0987 3.7815, -4.1299 1.0559 3.8732, -4.1299 1.0715 3.8637, -4.1299 1.0919 3.7645, -4.1299 1.0814 3.7495, -4.1299 1.0678 3.7374, -4.1299 1.0844 3.8507, -4.1299 1.094 3.8352, -4.1299 1.0997 3.8178, -4.1299 0.6752 4.5511, -4.1299 0.6508 4.5323, -4.1299 0.632 4.5079, -4.1299 0.6162 4.1535, -4.1299 0.6192 4.127, -4.1299 0.6281 4.1018, -4.1299 0.6425 4.0792, -4.1299 0.6202 4.4794, -4.1299 0.6162 4.4488, -4.1299 0.6616 4.0605, -4.1299 0.6844 4.0465, -4.4449 1.0559 3.8732, -4.4449 1.0715 3.8637, -4.4449 1.0844 3.8507, -4.4449 1.094 3.8352, -4.4449 1.0997 3.8178, -4.4449 1.1013 3.7996, -4.4449 1.0987 3.7815, -4.4449 1.0919 3.7645, -4.4449 1.0814 3.7495, -4.4449 1.0678 3.7374, -4.4449 0.7343 4.5669, -4.4449 1.3248 4.5669, -4.4449 1.128 4.3701, -4.4449 0.7037 4.5629, -4.4449 1.128 3.7795, -4.4449 0.6844 4.0465, -4.4449 0.632 4.5079, -4.4449 0.6202 4.4794, -4.4449 0.6162 4.4488, -4.4449 0.6508 4.5323, -4.4449 0.6752 4.5511, -4.4449 0.6616 4.0605, -4.4449 0.6425 4.0792, -4.4449 0.6281 4.1018, -4.4449 0.6192 4.127, -4.4449 0.6162 4.1535, -5.5079 1.128 3.7795, -5.5079 1.128 4.3701, -5.5079 -0.1319 4.1732, -5.5079 1.3248 4.5669, -1.7671 -0.6237 4.5669, -1.7671 -0.2303 4.1735, -1.7352 -0.7298 4.5669, -1.7352 -0.2303 4.0674, -1.722 -0.8437 4.5669, -1.7221 -0.2303 3.9567, -1.7221 -0.2308 3.9541, -1.7283 -0.9586 4.5669, -1.7219 -0.2373 3.9226, -1.7283 -0.2555 3.8638, -2.3976 -0.9586 4.5669, -2.3976 -0.2555 3.8638, -2.404 -0.2373 3.9226, -2.4039 -0.843 4.5669, -2.4039 -0.2307 3.9547, -2.4038 -0.2303 3.9567, -2.3905 -0.7285 4.5669, -2.3905 -0.2303 4.0688, -2.3583 -0.2303 4.1754, -2.3583 -0.6218 4.5669, -1.7283 -0.2896 3.7706, -2.3976 -0.3311 3.6037, -1.7283 -0.3311 3.6037, -2.3976 -0.3266 3.4457, -1.7283 -0.3266 3.4457, -2.3976 -0.2896 3.7706, -3.1451 -0.6237 4.5669, -3.1451 -0.2303 4.1735, -3.1131 -0.7298 4.5669, -3.1131 -0.2303 4.0674, -3.1 -0.8437 4.5669, -3.1001 -0.2303 3.9567, -3.1001 -0.2308 3.9541, -3.1063 -0.9586 4.5669, -3.0999 -0.2373 3.9226, -3.1063 -0.2555 3.8638, -3.7756 -0.9586 4.5669, -3.7756 -0.2555 3.8638, -3.782 -0.2373 3.9226, -3.7819 -0.843 4.5669, -3.7818 -0.2307 3.9547, -3.7818 -0.2303 3.9567, -3.7685 -0.7285 4.5669, -3.7685 -0.2303 4.0688, -3.7362 -0.2303 4.1754, -3.7362 -0.6218 4.5669, -3.1063 -0.2896 3.7706, -3.7756 -0.3311 3.6037, -3.1063 -0.3311 3.6037, -3.7756 -0.3266 3.4457, -3.1063 -0.3266 3.4457, -3.7756 -0.2896 3.7706, -1.8071 -0.2303 4.2717, -1.8071 -0.5256 4.5669, -2.3189 -0.2303 4.2717, -2.3189 -0.5256 4.5669, -3.185 -0.2303 4.2717, -3.185 -0.5256 4.5669, -3.6969 -0.2303 4.2717, -3.6969 -0.5256 4.5669, -4.523 -0.2303 4.1735, -4.523 -0.6237 4.5669, -4.563 -0.2303 4.2717, -4.563 -0.5256 4.5669, -5.0748 -0.2303 4.2717, -5.1142 -0.2303 4.1754, -4.478 -0.2303 3.9567, -4.4911 -0.2303 4.0674, -5.1598 -0.2303 3.9567, -5.1464 -0.2303 4.0688, -4.4911 -0.7298 4.5669, -4.4779 -0.8437 4.5669, -4.478 -0.2308 3.9541, -4.4843 -0.9586 4.5669, -4.4778 -0.2373 3.9226, -4.4843 -0.2555 3.8638, -5.1535 -0.2555 3.8638, -5.1599 -0.2373 3.9226, -5.1598 -0.2307 3.9547, -4.4843 -0.2896 3.7706, -5.1535 -0.3311 3.6037, -4.4843 -0.3311 3.6037, -5.1535 -0.3266 3.4457, -4.4843 -0.3266 3.4457, -5.1535 -0.2896 3.7706, -4.3661 -2.4547 0.0394, -5.1142 -2.4547 0.0394, -4.3661 1.561 0.0394, -5.1142 1.561 0.0394, -4.1299 1.9154 0.0394, -4.1299 -2.8484 0.0394, -2.9882 -2.4547 0.0394, -3.7362 -2.4547 0.0394, -2.9882 1.561 0.0394, -3.7362 1.561 0.0394, -2.752 1.9154 0.0394, -2.752 -2.8484 0.0394, -1.6102 -2.4547 0.0394, -2.3583 -2.4547 0.0394, -1.6102 1.561 0.0394, -2.3583 1.561 0.0394, -1.5024 -0.6149 3.2221, -2.6328 -0.7288 3.1339, -1.4932 -0.7288 3.1339, -2.6061 -0.8409 3.047, -1.5199 -0.8409 3.047, -1.7283 -0.3323 3.4412, -2.3976 -0.3323 3.4412, -2.5022 -0.4103 3.3808, -2.5791 -0.5065 3.3062, -2.6236 -0.6149 3.2221, -1.6238 -0.4103 3.3808, -1.5468 -0.5065 3.3062, -1.7878 -1.0992 2.8467, -1.672 -1.0321 2.8987, -2.3382 -1.0992 2.8467, -1.5808 -0.9441 2.9669, -2.5452 -0.9441 2.9669, -2.454 -1.0321 2.8987, -1.9209 -1.1412 2.8141, -2.2051 -1.1412 2.8141, -2.063 -1.1555 2.803, -1.7283 -1.2083 4.3172, -2.3976 -1.2083 4.3172, -2.8978 -0.8409 3.047, -2.8712 -0.7288 3.1339, -3.984 -0.8409 3.047, -3.1063 -0.3323 3.4412, -3.7756 -0.3323 3.4412, -3.0017 -0.4103 3.3808, -3.9571 -0.5065 3.3062, -4.0016 -0.6149 3.2221, -4.0107 -0.7288 3.1339, -3.8802 -0.4103 3.3808, -2.8803 -0.6149 3.2221, -2.9248 -0.5065 3.3062, -2.9587 -0.9441 2.9669, -3.9232 -0.9441 2.9669, -3.0499 -1.0321 2.8987, -3.832 -1.0321 2.8987, -3.1657 -1.0992 2.8467, -3.7162 -1.0992 2.8467, -3.2989 -1.1412 2.8141, -3.583 -1.1412 2.8141, -3.4409 -1.1555 2.803, -3.1063 -1.2083 4.3172, -3.7756 -1.2083 4.3172, -4.2583 -0.6149 3.2221, -5.3887 -0.7288 3.1339, -4.2491 -0.7288 3.1339, -5.362 -0.8409 3.047, -4.2758 -0.8409 3.047, -4.4843 -0.3323 3.4412, -5.1535 -0.3323 3.4412, -5.2581 -0.4103 3.3808, -5.3351 -0.5065 3.3062, -5.3795 -0.6149 3.2221, -4.3797 -0.4103 3.3808, -4.3027 -0.5065 3.3062, -4.3367 -0.9441 2.9669, -5.3011 -0.9441 2.9669, -4.4279 -1.0321 2.8987, -5.2099 -1.0321 2.8987, -4.5437 -1.0992 2.8467, -5.0941 -1.0992 2.8467, -4.6768 -1.1412 2.8141, -4.961 -1.1412 2.8141, -4.8189 -1.1555 2.803, -4.4843 -1.2083 4.3172, -5.1535 -1.2083 4.3172, -5.1142 1.9154 0.0394, -3.7362 1.9154 0.0394, -2.3583 1.9154 0.0394, -5.1142 -2.8484 0.0394, -3.7362 -2.8484 0.0394, -2.3583 -2.8484 0.0394, -0.9409 -0.5256 4.5669, -0.9803 -0.6218 4.5669, -1.0126 -0.7285 4.5669, -1.026 -0.843 4.5669, -1.0197 -0.9586 4.5669, -2.5022 -1.2775 4.2481, -2.5791 -1.3629 4.1626, -2.6236 -1.4592 4.0664, -2.6328 -1.5602 3.9653, -2.6061 -1.6597 3.8658, -2.5452 -1.7514 3.7742, -2.454 -1.8295 3.6961, -2.3382 -1.889 3.6365, -2.2051 -1.9263 3.5992, -2.063 -1.939 3.5865, -1.9209 -1.9263 3.5992, -1.7878 -1.889 3.6365, -1.672 -1.8295 3.6961, -1.5808 -1.7514 3.7742, -1.5199 -1.6597 3.8658, -1.4932 -1.5602 3.9653, -1.5024 -1.4592 4.0664, -1.5468 -1.3629 4.1626, -1.6238 -1.2775 4.2481, -3.8802 -1.2775 4.2481, -3.9571 -1.3629 4.1626, -4.0016 -1.4592 4.0664, -4.0107 -1.5602 3.9653, -3.984 -1.6597 3.8658, -3.9232 -1.7514 3.7742, -3.832 -1.8295 3.6961, -3.7162 -1.889 3.6365, -3.583 -1.9263 3.5992, -3.4409 -1.939 3.5865, -3.2989 -1.9263 3.5992, -3.1657 -1.889 3.6365, -3.0499 -1.8295 3.6961, -2.9587 -1.7514 3.7742, -2.8978 -1.6597 3.8658, -2.8712 -1.5602 3.9653, -2.8803 -1.4592 4.0664, -2.9248 -1.3629 4.1626, -3.0017 -1.2775 4.2481, -5.2581 -1.2775 4.2481, -5.3351 -1.3629 4.1626, -5.3795 -1.4592 4.0664, -5.3887 -1.5602 3.9653, -5.362 -1.6597 3.8658, -5.3011 -1.7514 3.7742, -5.2099 -1.8295 3.6961, -5.0941 -1.889 3.6365, -4.961 -1.9263 3.5992, -4.8189 -1.939 3.5865, -4.6768 -1.9263 3.5992, -4.5437 -1.889 3.6365, -4.4279 -1.8295 3.6961, -4.3367 -1.7514 3.7742, -4.2758 -1.6597 3.8658, -4.2491 -1.5602 3.9653, -4.2583 -1.4592 4.0664, -4.3027 -1.3629 4.1626, -4.3797 -1.2775 4.2481
            ]
        }
        coordIndex [
            0,1,2,-1,2,3,0,-1,0,3,4,-1,0,4,5,-1,5,6,0,-1,0,6,7,-1,0,7,8,-1,9,0,10,-1,11,12,13,-1,13,14,15,-1,16,17,13,-1,18,19,20,-1,19,21,20,-1,20,21,22,-1,20,22,23,-1,15,24,13,-1,13,24,25,-1,13,25,26,-1,12,27,13,-1,13,27,28,-1,13,28,20,-1,20,28,29,-1,20,29,18,-1,26,30,13,-1,13,30,31,-1,13,31,16,-1,17,32,13,-1,13,32,33,-1,13,33,34,-1,34,35,13,-1,13,35,36,-1,13,36,11,-1,37,38,39,-1,39,38,40,-1,41,42,43,-1,44,45,46,-1,47,44,48,-1,48,44,46,-1,48,46,49,-1,49,46,50,-1,49,50,51,-1,43,44,41,-1,41,44,47,-1,41,47,51,-1,51,47,52,-1,51,52,49,-1,53,54,55,-1,55,54,56,-1,56,54,57,-1,57,54,58,-1,57,58,59,-1,60,61,62,-1,63,64,65,-1,65,64,66,-1,65,66,67,-1,67,66,68,-1,67,68,69,-1,69,68,70,-1,69,70,62,-1,62,70,71,-1,62,71,60,-1,60,71,66,-1,60,66,64,-1,72,73,74,-1,75,76,77,-1,77,76,78,-1,77,78,79,-1,79,78,80,-1,79,80,81,-1,81,80,82,-1,81,82,74,-1,74,82,83,-1,74,83,72,-1,72,83,78,-1,72,78,76,-1,84,85,86,-1,86,85,87,-1,86,87,88,-1,88,87,89,-1,88,89,90,-1,91,92,93,-1,91,93,94,-1,94,93,95,-1,94,95,96,-1,96,95,97,-1,96,97,98,-1,98,97,99,-1,98,99,100,-1,100,99,101,-1,100,101,102,-1,102,101,103,-1,102,103,104,-1,104,103,105,-1,104,105,106,-1,107,108,109,-1,107,109,110,-1,110,109,111,-1,110,111,112,-1,112,111,113,-1,112,113,114,-1,114,113,115,-1,114,115,116,-1,116,115,117,-1,116,117,118,-1,118,117,119,-1,118,119,120,-1,120,119,121,-1,120,121,122,-1,123,124,125,-1,123,125,126,-1,126,125,127,-1,126,127,128,-1,128,127,129,-1,128,129,130,-1,130,129,131,-1,130,131,132,-1,132,131,133,-1,132,133,134,-1,134,133,135,-1,134,135,136,-1,136,135,137,-1,136,137,138,-1,139,140,141,-1,141,140,142,-1,141,142,143,-1,143,142,144,-1,143,144,145,-1,146,88,105,-1,105,88,90,-1,105,90,106,-1,106,90,147,-1,106,147,148,-1,148,147,149,-1,148,149,150,-1,150,149,151,-1,150,151,152,-1,152,151,153,-1,152,153,146,-1,146,153,88,-1,147,90,89,-1,154,155,86,-1,156,154,157,-1,157,154,86,-1,157,86,158,-1,158,86,88,-1,158,88,153,-1,86,155,84,-1,84,155,159,-1,160,85,161,-1,161,85,84,-1,84,159,162,-1,163,161,164,-1,164,161,84,-1,164,84,165,-1,165,84,162,-1,165,162,166,-1,89,87,149,-1,149,87,167,-1,149,167,151,-1,167,87,160,-1,160,87,85,-1,104,106,148,-1,91,94,148,-1,148,94,96,-1,148,96,98,-1,98,100,148,-1,148,100,102,-1,148,102,104,-1,109,108,168,-1,121,119,168,-1,168,119,117,-1,168,117,115,-1,115,113,168,-1,168,113,111,-1,168,111,109,-1,120,122,169,-1,107,110,169,-1,169,110,112,-1,169,112,114,-1,114,116,169,-1,169,116,118,-1,169,118,120,-1,168,170,121,-1,121,170,171,-1,121,171,122,-1,122,171,172,-1,122,172,169,-1,169,172,173,-1,169,173,174,-1,174,173,175,-1,174,175,176,-1,176,175,177,-1,176,177,168,-1,168,177,170,-1,172,171,178,-1,179,180,181,-1,182,179,183,-1,183,179,181,-1,183,181,184,-1,184,181,170,-1,184,170,177,-1,181,180,185,-1,185,180,186,-1,187,188,189,-1,189,188,185,-1,185,186,190,-1,191,189,192,-1,192,189,185,-1,192,185,193,-1,193,185,190,-1,193,190,194,-1,178,195,173,-1,173,195,196,-1,173,196,175,-1,196,195,187,-1,187,195,188,-1,197,137,135,-1,135,133,197,-1,197,133,131,-1,197,131,129,-1,129,127,197,-1,197,127,125,-1,197,125,124,-1,136,138,198,-1,123,126,198,-1,198,126,128,-1,198,128,130,-1,130,132,198,-1,198,132,134,-1,198,134,136,-1,197,143,137,-1,137,143,145,-1,137,145,138,-1,138,145,199,-1,138,199,198,-1,198,199,200,-1,198,200,201,-1,201,200,202,-1,201,202,203,-1,203,202,204,-1,203,204,197,-1,197,204,143,-1,199,145,144,-1,205,206,141,-1,207,205,208,-1,208,205,141,-1,208,141,209,-1,209,141,143,-1,209,143,204,-1,141,206,139,-1,139,206,210,-1,211,140,212,-1,212,140,139,-1,139,210,213,-1,214,212,215,-1,215,212,139,-1,215,139,216,-1,216,139,213,-1,216,213,217,-1,144,142,200,-1,200,142,218,-1,200,218,202,-1,218,142,211,-1,211,142,140,-1,177,175,184,-1,184,175,196,-1,184,196,219,-1,219,196,220,-1,220,196,221,-1,221,196,187,-1,221,187,189,-1,204,202,209,-1,209,202,218,-1,209,218,222,-1,222,218,223,-1,223,218,224,-1,224,218,211,-1,224,211,212,-1,173,172,178,-1,221,189,191,-1,186,180,190,-1,190,180,179,-1,194,190,225,-1,225,190,179,-1,225,179,182,-1,193,194,225,-1,193,225,219,-1,219,225,183,-1,219,183,184,-1,219,220,193,-1,193,220,192,-1,221,191,220,-1,220,191,192,-1,200,199,144,-1,224,212,214,-1,210,206,213,-1,213,206,205,-1,217,213,226,-1,226,213,205,-1,226,205,207,-1,209,222,208,-1,208,222,216,-1,208,216,226,-1,226,216,217,-1,222,223,216,-1,216,223,215,-1,214,215,224,-1,224,215,223,-1,153,151,158,-1,158,151,167,-1,158,167,227,-1,227,167,228,-1,228,167,229,-1,229,167,160,-1,229,160,161,-1,225,182,183,-1,149,147,89,-1,229,161,163,-1,159,155,162,-1,162,155,154,-1,166,162,230,-1,230,162,154,-1,230,154,156,-1,158,227,157,-1,157,227,165,-1,157,165,230,-1,230,165,166,-1,227,228,165,-1,165,228,164,-1,229,163,228,-1,228,163,164,-1,226,207,208,-1,176,168,231,-1,176,231,174,-1,174,231,232,-1,169,174,232,-1,203,197,233,-1,203,233,201,-1,201,233,234,-1,198,201,234,-1,230,156,157,-1,231,168,235,-1,235,168,148,-1,233,197,232,-1,232,197,169,-1,198,234,0,-1,0,234,10,-1,11,236,12,-1,12,236,237,-1,12,237,27,-1,27,237,238,-1,27,238,28,-1,28,238,239,-1,28,239,29,-1,29,239,240,-1,29,240,18,-1,18,240,241,-1,18,241,19,-1,19,241,242,-1,19,242,21,-1,21,242,243,-1,21,243,22,-1,22,243,244,-1,22,244,23,-1,23,244,245,-1,246,247,248,-1,246,248,249,-1,245,244,250,-1,250,244,243,-1,250,243,242,-1,242,241,250,-1,250,241,240,-1,250,240,248,-1,248,240,239,-1,248,239,238,-1,238,237,248,-1,248,237,236,-1,248,236,251,-1,252,248,253,-1,253,248,254,-1,252,255,248,-1,248,255,256,-1,248,256,249,-1,251,257,248,-1,248,257,258,-1,248,258,259,-1,259,260,248,-1,248,260,261,-1,248,261,254,-1,262,250,263,-1,263,250,248,-1,264,265,262,-1,266,267,263,-1,263,267,268,-1,265,269,262,-1,262,269,270,-1,262,270,271,-1,272,273,263,-1,273,274,263,-1,263,274,275,-1,263,275,262,-1,262,275,276,-1,262,276,264,-1,268,277,263,-1,263,277,278,-1,263,278,279,-1,280,281,263,-1,263,281,282,-1,263,282,283,-1,279,284,263,-1,263,284,285,-1,263,285,280,-1,283,286,263,-1,263,286,287,-1,263,287,272,-1,272,288,273,-1,273,288,289,-1,273,289,274,-1,274,289,290,-1,274,290,275,-1,275,290,291,-1,275,291,276,-1,276,291,292,-1,276,292,264,-1,264,292,293,-1,264,293,265,-1,265,293,294,-1,265,294,269,-1,269,294,295,-1,269,295,270,-1,270,295,296,-1,270,296,271,-1,271,296,297,-1,298,299,300,-1,298,300,301,-1,297,296,302,-1,302,296,295,-1,302,295,294,-1,294,293,302,-1,302,293,292,-1,302,292,300,-1,300,292,291,-1,300,291,290,-1,290,289,300,-1,300,289,288,-1,300,288,303,-1,304,300,305,-1,305,300,306,-1,304,307,300,-1,300,307,308,-1,300,308,309,-1,309,310,300,-1,300,310,311,-1,300,311,301,-1,303,312,300,-1,300,312,313,-1,300,313,306,-1,314,302,315,-1,315,302,300,-1,316,317,315,-1,315,317,318,-1,319,320,314,-1,321,322,315,-1,320,323,314,-1,314,323,324,-1,314,324,325,-1,322,326,315,-1,315,326,327,-1,315,327,314,-1,314,327,328,-1,314,328,319,-1,318,329,315,-1,315,329,330,-1,315,330,331,-1,332,333,315,-1,315,333,334,-1,315,334,335,-1,331,336,315,-1,315,336,337,-1,315,337,332,-1,335,338,315,-1,315,338,339,-1,315,339,321,-1,321,340,322,-1,322,340,341,-1,322,341,326,-1,326,341,342,-1,326,342,327,-1,327,342,343,-1,327,343,328,-1,328,343,344,-1,328,344,319,-1,319,344,345,-1,319,345,320,-1,320,345,346,-1,320,346,323,-1,323,346,347,-1,323,347,324,-1,324,347,348,-1,324,348,325,-1,325,348,349,-1,350,351,352,-1,350,352,353,-1,349,348,354,-1,354,348,347,-1,354,347,346,-1,346,345,354,-1,354,345,344,-1,354,344,352,-1,352,344,343,-1,352,343,342,-1,342,341,352,-1,352,341,340,-1,352,340,355,-1,356,352,357,-1,357,352,358,-1,356,359,352,-1,352,359,360,-1,352,360,353,-1,355,361,352,-1,352,361,362,-1,352,362,363,-1,363,364,352,-1,352,364,365,-1,352,365,358,-1,366,354,367,-1,367,354,352,-1,152,368,150,-1,150,368,235,-1,148,150,235,-1,369,367,351,-1,351,367,352,-1,370,371,372,-1,372,371,373,-1,372,373,374,-1,373,375,374,-1,374,375,376,-1,374,376,377,-1,377,376,378,-1,377,378,379,-1,380,381,382,-1,380,382,383,-1,382,384,383,-1,383,384,385,-1,383,385,386,-1,385,387,386,-1,386,387,388,-1,386,388,389,-1,390,391,392,-1,392,391,393,-1,392,393,394,-1,375,385,376,-1,376,385,384,-1,376,384,378,-1,378,384,382,-1,378,382,379,-1,379,382,381,-1,379,381,390,-1,390,381,395,-1,390,395,391,-1,396,397,398,-1,398,397,399,-1,398,399,400,-1,399,401,400,-1,400,401,402,-1,400,402,403,-1,403,402,404,-1,403,404,405,-1,406,407,408,-1,406,408,409,-1,408,410,409,-1,409,410,411,-1,409,411,412,-1,411,413,412,-1,412,413,414,-1,412,414,415,-1,416,417,418,-1,418,417,419,-1,418,419,420,-1,401,411,402,-1,402,411,410,-1,402,410,404,-1,404,410,408,-1,404,408,405,-1,405,408,407,-1,405,407,416,-1,416,407,421,-1,416,421,417,-1,371,370,422,-1,422,370,423,-1,422,424,371,-1,371,424,388,-1,375,373,385,-1,385,373,371,-1,385,371,387,-1,387,371,388,-1,425,389,424,-1,424,389,388,-1,397,396,426,-1,426,396,427,-1,426,428,397,-1,397,428,414,-1,401,399,411,-1,411,399,397,-1,411,397,413,-1,413,397,414,-1,429,415,428,-1,428,415,414,-1,430,431,432,-1,432,431,433,-1,432,434,430,-1,430,434,435,-1,436,437,438,-1,438,437,430,-1,438,430,439,-1,439,430,435,-1,53,55,434,-1,434,55,435,-1,431,430,440,-1,440,430,437,-1,440,437,441,-1,437,436,441,-1,441,436,442,-1,441,442,443,-1,443,442,444,-1,443,444,445,-1,59,446,447,-1,59,447,57,-1,447,448,57,-1,57,448,438,-1,57,438,56,-1,438,439,56,-1,56,439,435,-1,56,435,55,-1,449,450,451,-1,451,450,452,-1,451,452,453,-1,436,438,442,-1,442,438,448,-1,442,448,444,-1,444,448,447,-1,444,447,445,-1,445,447,446,-1,445,446,449,-1,449,446,454,-1,449,454,450,-1,455,456,79,-1,79,456,77,-1,457,455,81,-1,81,455,79,-1,74,458,81,-1,81,458,457,-1,44,43,459,-1,459,43,460,-1,461,462,51,-1,51,462,41,-1,463,461,50,-1,50,461,51,-1,46,464,50,-1,50,464,463,-1,60,64,465,-1,465,64,466,-1,467,468,67,-1,67,468,65,-1,469,467,69,-1,69,467,67,-1,62,470,69,-1,69,470,469,-1,471,472,473,-1,473,472,474,-1,473,474,475,-1,394,393,476,-1,476,393,477,-1,476,477,478,-1,478,479,476,-1,476,479,480,-1,476,480,481,-1,481,480,472,-1,481,472,482,-1,482,472,471,-1,483,484,485,-1,475,474,486,-1,486,474,487,-1,486,487,484,-1,484,487,488,-1,484,488,485,-1,483,485,489,-1,489,485,490,-1,489,490,491,-1,492,377,379,-1,394,476,392,-1,392,476,492,-1,392,492,390,-1,390,492,379,-1,493,477,393,-1,381,380,395,-1,395,380,493,-1,395,493,391,-1,391,493,393,-1,494,495,496,-1,420,419,497,-1,497,419,498,-1,497,498,499,-1,500,501,495,-1,495,501,502,-1,495,502,496,-1,500,495,503,-1,503,495,504,-1,503,504,498,-1,498,504,505,-1,498,505,499,-1,494,496,506,-1,506,496,507,-1,506,507,508,-1,508,507,509,-1,508,509,510,-1,510,509,511,-1,510,511,512,-1,512,511,513,-1,512,513,514,-1,515,403,405,-1,420,497,418,-1,418,497,515,-1,418,515,416,-1,416,515,405,-1,516,498,419,-1,407,406,421,-1,421,406,516,-1,421,516,417,-1,417,516,419,-1,517,518,519,-1,519,518,520,-1,519,520,521,-1,453,452,522,-1,522,452,523,-1,522,523,524,-1,524,525,522,-1,522,525,526,-1,522,526,527,-1,527,526,518,-1,527,518,528,-1,528,518,517,-1,521,520,529,-1,529,520,530,-1,529,530,531,-1,531,530,532,-1,531,532,533,-1,533,532,534,-1,533,534,535,-1,535,534,536,-1,535,536,537,-1,538,443,445,-1,453,522,451,-1,451,522,538,-1,451,538,449,-1,449,538,445,-1,539,523,452,-1,446,59,454,-1,454,59,539,-1,454,539,450,-1,450,539,452,-1,251,236,36,-1,36,236,11,-1,17,261,260,-1,17,260,32,-1,32,260,259,-1,32,259,33,-1,33,259,258,-1,33,258,34,-1,34,258,257,-1,34,257,35,-1,35,257,251,-1,35,251,36,-1,261,17,254,-1,254,17,16,-1,303,288,287,-1,287,288,272,-1,280,304,305,-1,280,305,281,-1,281,305,306,-1,281,306,282,-1,282,306,313,-1,282,313,283,-1,283,313,312,-1,283,312,286,-1,286,312,303,-1,286,303,287,-1,304,280,307,-1,307,280,285,-1,355,340,339,-1,339,340,321,-1,332,365,364,-1,332,364,333,-1,333,364,363,-1,333,363,334,-1,334,363,362,-1,334,362,335,-1,335,362,361,-1,335,361,338,-1,338,361,355,-1,338,355,339,-1,365,332,358,-1,358,332,337,-1,458,74,540,-1,540,74,73,-1,464,46,541,-1,541,46,45,-1,470,62,542,-1,542,62,61,-1,75,77,543,-1,543,77,456,-1,458,540,457,-1,457,540,459,-1,457,459,455,-1,455,459,460,-1,455,460,456,-1,456,460,543,-1,42,41,544,-1,544,41,462,-1,464,541,463,-1,463,541,465,-1,463,465,461,-1,461,465,466,-1,461,466,462,-1,462,466,544,-1,63,65,545,-1,545,65,468,-1,470,542,469,-1,469,542,38,-1,469,38,467,-1,467,38,37,-1,467,37,468,-1,468,37,545,-1,546,423,547,-1,547,423,548,-1,423,370,548,-1,548,370,372,-1,548,372,549,-1,549,372,374,-1,549,374,550,-1,550,374,377,-1,477,493,551,-1,477,551,478,-1,478,551,552,-1,478,552,479,-1,479,552,553,-1,479,553,480,-1,480,553,554,-1,480,554,472,-1,472,554,555,-1,472,555,474,-1,474,555,556,-1,474,556,487,-1,487,556,557,-1,487,557,488,-1,488,557,558,-1,488,558,485,-1,485,558,559,-1,485,559,490,-1,490,559,560,-1,490,560,491,-1,491,560,561,-1,491,561,489,-1,489,561,562,-1,489,562,483,-1,483,562,563,-1,483,563,484,-1,484,563,564,-1,484,564,486,-1,486,564,565,-1,486,565,475,-1,475,565,566,-1,475,566,473,-1,473,566,567,-1,473,567,471,-1,471,567,568,-1,471,568,482,-1,482,568,569,-1,482,569,481,-1,481,569,492,-1,481,492,476,-1,425,427,389,-1,389,427,386,-1,427,396,386,-1,386,396,398,-1,386,398,383,-1,383,398,400,-1,383,400,380,-1,380,400,403,-1,498,516,570,-1,498,570,503,-1,503,570,571,-1,503,571,500,-1,500,571,572,-1,500,572,501,-1,501,572,573,-1,501,573,502,-1,502,573,574,-1,502,574,496,-1,496,574,575,-1,496,575,507,-1,507,575,576,-1,507,576,509,-1,509,576,577,-1,509,577,511,-1,511,577,578,-1,511,578,513,-1,513,578,579,-1,513,579,514,-1,514,579,580,-1,514,580,512,-1,512,580,581,-1,512,581,510,-1,510,581,582,-1,510,582,508,-1,508,582,583,-1,508,583,506,-1,506,583,584,-1,506,584,494,-1,494,584,585,-1,494,585,495,-1,495,585,586,-1,495,586,504,-1,504,586,587,-1,504,587,505,-1,505,587,588,-1,505,588,499,-1,499,588,515,-1,499,515,497,-1,429,433,415,-1,415,433,412,-1,433,431,412,-1,412,431,440,-1,412,440,409,-1,409,440,441,-1,409,441,406,-1,406,441,443,-1,523,539,589,-1,523,589,524,-1,524,589,590,-1,524,590,525,-1,525,590,591,-1,525,591,526,-1,526,591,592,-1,526,592,518,-1,518,592,593,-1,518,593,520,-1,520,593,594,-1,520,594,530,-1,530,594,595,-1,530,595,532,-1,532,595,596,-1,532,596,534,-1,534,596,597,-1,534,597,536,-1,536,597,598,-1,536,598,537,-1,537,598,599,-1,537,599,535,-1,535,599,600,-1,535,600,533,-1,533,600,601,-1,533,601,531,-1,531,601,602,-1,531,602,529,-1,529,602,603,-1,529,603,521,-1,521,603,604,-1,521,604,519,-1,519,604,605,-1,519,605,517,-1,517,605,606,-1,517,606,528,-1,528,606,607,-1,528,607,527,-1,527,607,538,-1,527,538,522,-1,254,16,31,-1,254,31,253,-1,253,31,30,-1,253,30,252,-1,252,30,26,-1,252,26,255,-1,255,26,25,-1,255,25,256,-1,256,25,24,-1,256,24,249,-1,249,24,15,-1,249,15,246,-1,266,263,247,-1,247,263,248,-1,307,285,284,-1,307,284,308,-1,308,284,279,-1,308,279,309,-1,309,279,278,-1,309,278,310,-1,310,278,277,-1,310,277,311,-1,311,277,268,-1,311,268,301,-1,301,268,267,-1,301,267,298,-1,316,315,299,-1,299,315,300,-1,358,337,336,-1,358,336,357,-1,357,336,331,-1,357,331,356,-1,356,331,330,-1,356,330,359,-1,359,330,329,-1,359,329,360,-1,360,329,318,-1,360,318,353,-1,353,318,317,-1,353,317,350,-1,185,188,181,-1,181,188,195,-1,181,195,170,-1,170,195,178,-1,170,178,171,-1,
        ]
    }
}
Shape{
    appearance Appearance {
        material  Material 	{
            diffuseColor 0.6666666666666666 0.6666666666666666 0.6666666666666666
            specularColor 0.4666666666666667 0.4666666666666667 0.4666666666666667
            ambientIntensity 0.6667
            transparency 0.0
            shininess 0.5
        }
    }
    geometry IndexedFaceSet {
        ccw TRUE
        solid FALSE
        coord DEF co Coordinate {
            point [
                -4.6909 1.0886 -0.8858, -4.9862 1.0886 -0.8858, -4.9862 1.0823 -0.8364, -4.6909 1.0823 -0.8364, -4.9862 1.0638 -0.7902, -4.6909 1.0638 -0.7902, -4.9862 1.0343 -0.7501, -4.6909 1.0343 -0.7501, -4.6909 0.9996 -0.7029, -4.9862 0.9996 -0.7029, -4.6909 0.9779 -0.6486, -4.9862 0.9779 -0.6486, -4.6909 0.9705 -0.5905, -4.9862 0.9705 -0.5905, -4.6909 0.9779 -0.5325, -4.9862 0.9779 -0.5325, -4.6909 0.9996 -0.4782, -4.9862 0.9996 -0.4782, -4.6909 1.0343 -0.431, -4.9862 1.0343 -0.431, -4.9862 1.0638 -0.3909, -4.6909 1.0638 -0.3909, -4.9862 1.0823 -0.3447, -4.6909 1.0823 -0.3447, -4.9862 1.0886 -0.2953, -4.6909 1.0886 -0.2953, -4.6909 1.0886 0.1575, -4.9862 1.0886 0.1575, -4.6909 0.9311 -0.2953, -4.6909 0.9311 0.1575, -4.9862 0.9311 -0.2953, -4.9862 0.9311 0.1575, -4.6909 0.9299 -0.3052, -4.9862 0.9299 -0.3052, -4.6909 0.9262 -0.3144, -4.9862 0.9262 -0.3144, -4.6909 0.9203 -0.3224, -4.9862 0.9203 -0.3224, -4.9862 0.862 -0.4017, -4.6909 0.862 -0.4017, -4.9862 0.8254 -0.493, -4.6909 0.8254 -0.493, -4.9862 0.813 -0.5905, -4.6909 0.813 -0.5905, -4.9862 0.8254 -0.6881, -4.6909 0.8254 -0.6881, -4.9862 0.862 -0.7794, -4.6909 0.862 -0.7794, -4.9862 0.9203 -0.8587, -4.6909 0.9203 -0.8587, -4.6909 0.9262 -0.8667, -4.9862 0.9262 -0.8667, -4.6909 0.9299 -0.8759, -4.9862 0.9299 -0.8759, -4.6909 0.9311 -0.8858, -4.9862 0.9311 -0.8858, -4.6909 0.9311 -0.9842, -4.9862 0.9311 -0.9842, -4.7697 0.9311 -1.378, -4.9075 0.9311 -1.378, -4.9075 1.0886 -1.378, -4.7697 1.0886 -1.378, -4.6909 1.0886 -0.9842, -4.9862 1.0886 -0.9842, -1.935 1.0886 -0.8858, -2.2303 1.0886 -0.8858, -2.2303 1.0823 -0.8364, -1.935 1.0823 -0.8364, -2.2303 1.0638 -0.7902, -1.935 1.0638 -0.7902, -2.2303 1.0343 -0.7501, -1.935 1.0343 -0.7501, -1.935 0.9996 -0.7029, -2.2303 0.9996 -0.7029, -1.935 0.9779 -0.6486, -2.2303 0.9779 -0.6486, -1.935 0.9705 -0.5905, -2.2303 0.9705 -0.5905, -1.935 0.9779 -0.5325, -2.2303 0.9779 -0.5325, -1.935 0.9996 -0.4782, -2.2303 0.9996 -0.4782, -1.935 1.0343 -0.431, -2.2303 1.0343 -0.431, -2.2303 1.0638 -0.3909, -1.935 1.0638 -0.3909, -2.2303 1.0823 -0.3447, -1.935 1.0823 -0.3447, -2.2303 1.0886 -0.2953, -1.935 1.0886 -0.2953, -1.935 1.0886 0.1575, -2.2303 1.0886 0.1575, -1.935 0.9311 -0.2953, -1.935 0.9311 0.1575, -2.2303 0.9311 -0.2953, -2.2303 0.9311 0.1575, -1.935 0.9299 -0.3052, -2.2303 0.9299 -0.3052, -1.935 0.9262 -0.3144, -2.2303 0.9262 -0.3144, -1.935 0.9203 -0.3224, -2.2303 0.9203 -0.3224, -2.2303 0.862 -0.4017, -1.935 0.862 -0.4017, -2.2303 0.8254 -0.493, -1.935 0.8254 -0.493, -2.2303 0.813 -0.5905, -1.935 0.813 -0.5905, -2.2303 0.8254 -0.6881, -1.935 0.8254 -0.6881, -2.2303 0.862 -0.7794, -1.935 0.862 -0.7794, -2.2303 0.9203 -0.8587, -1.935 0.9203 -0.8587, -1.935 0.9262 -0.8667, -2.2303 0.9262 -0.8667, -1.935 0.9299 -0.8759, -2.2303 0.9299 -0.8759, -1.935 0.9311 -0.8858, -2.2303 0.9311 -0.8858, -1.935 0.9311 -0.9842, -2.2303 0.9311 -0.9842, -2.0138 0.9311 -1.378, -2.1516 0.9311 -1.378, -2.1516 1.0886 -1.378, -2.0138 1.0886 -1.378, -1.935 1.0886 -0.9842, -2.2303 1.0886 -0.9842, -3.6083 -1.0768 0.1575, -3.6083 -0.9193 0.1575, -3.6083 -1.0768 -0.2953, -3.6083 -0.9193 -0.2953, -3.6083 -1.0705 -0.3447, -3.6083 -0.918 -0.3052, -3.6083 -1.052 -0.3909, -3.6083 -0.9143 -0.3144, -3.6083 -1.0225 -0.431, -3.6083 -0.9084 -0.3224, -3.6083 -0.9878 -0.4782, -3.6083 -0.8501 -0.4017, -3.6083 -0.966 -0.5325, -3.6083 -0.8136 -0.493, -3.6083 -0.9586 -0.5905, -3.6083 -0.8012 -0.5905, -3.6083 -0.966 -0.6486, -3.6083 -0.8136 -0.6881, -3.6083 -0.9878 -0.7029, -3.6083 -0.8501 -0.7794, -3.6083 -1.0225 -0.7501, -3.6083 -0.9084 -0.8587, -3.6083 -1.052 -0.7902, -3.6083 -0.9143 -0.8667, -3.6083 -1.0705 -0.8364, -3.6083 -0.918 -0.8759, -3.6083 -1.0768 -0.8858, -3.6083 -0.9193 -0.8858, -3.6083 -1.0768 -0.9842, -3.6083 -0.9193 -0.9842, -3.313 -0.9193 -0.2953, -3.313 -0.9193 0.1575, -3.313 -1.0768 -0.9842, -3.313 -0.9193 -0.9842, -3.313 -1.0768 -0.8858, -3.313 -0.9193 -0.8858, -3.313 -1.0705 -0.8364, -3.313 -0.918 -0.8759, -3.313 -1.052 -0.7902, -3.313 -0.9143 -0.8667, -3.313 -1.0225 -0.7501, -3.313 -0.9084 -0.8587, -3.313 -0.9878 -0.7029, -3.313 -0.8501 -0.7794, -3.313 -0.966 -0.6486, -3.313 -0.8136 -0.6881, -3.313 -0.9586 -0.5905, -3.313 -0.8012 -0.5905, -3.313 -0.966 -0.5325, -3.313 -0.8136 -0.493, -3.313 -0.9878 -0.4782, -3.313 -0.8501 -0.4017, -3.313 -1.0225 -0.431, -3.313 -0.9084 -0.3224, -3.313 -1.052 -0.3909, -3.313 -0.9143 -0.3144, -3.313 -1.0705 -0.3447, -3.313 -0.918 -0.3052, -3.313 -1.0768 -0.2953, -3.313 -1.0768 0.1575, -3.5295 -1.0768 -1.378, -3.5295 -0.9193 -1.378, -3.3917 -1.0768 -1.378, -3.3917 -0.9193 -1.378
            ]
        }
        coordIndex [
            0,1,2,-1,0,2,3,-1,3,2,4,-1,3,4,5,-1,5,4,6,-1,5,6,7,-1,7,6,8,-1,8,6,9,-1,8,9,10,-1,10,9,11,-1,10,11,12,-1,12,11,13,-1,12,13,14,-1,14,13,15,-1,14,15,16,-1,16,15,17,-1,16,17,18,-1,18,17,19,-1,18,19,20,-1,18,20,21,-1,21,20,22,-1,21,22,23,-1,23,22,24,-1,23,24,25,-1,26,25,27,-1,27,25,24,-1,28,29,30,-1,30,29,31,-1,28,30,32,-1,32,30,33,-1,32,33,34,-1,34,33,35,-1,34,35,36,-1,36,35,37,-1,36,37,38,-1,36,38,39,-1,39,38,40,-1,39,40,41,-1,41,40,42,-1,41,42,43,-1,43,42,44,-1,43,44,45,-1,45,44,46,-1,45,46,47,-1,47,46,48,-1,47,48,49,-1,49,48,50,-1,50,48,51,-1,50,51,52,-1,52,51,53,-1,52,53,54,-1,54,53,55,-1,54,55,56,-1,56,55,57,-1,56,57,58,-1,58,57,59,-1,59,60,58,-1,58,60,61,-1,61,60,62,-1,62,60,63,-1,62,63,0,-1,0,63,1,-1,56,62,54,-1,54,62,0,-1,54,0,52,-1,52,0,3,-1,52,3,50,-1,50,3,5,-1,50,5,49,-1,49,5,7,-1,49,7,47,-1,47,7,8,-1,47,8,45,-1,45,8,10,-1,45,10,43,-1,43,10,12,-1,43,12,41,-1,41,12,14,-1,41,14,39,-1,39,14,16,-1,39,16,36,-1,36,16,18,-1,36,18,34,-1,34,18,21,-1,34,21,32,-1,32,21,23,-1,32,23,28,-1,28,23,25,-1,28,25,29,-1,29,25,26,-1,31,27,30,-1,30,27,24,-1,30,24,33,-1,33,24,22,-1,33,22,35,-1,35,22,20,-1,35,20,37,-1,37,20,19,-1,37,19,38,-1,38,19,17,-1,38,17,40,-1,40,17,15,-1,40,15,42,-1,42,15,13,-1,42,13,44,-1,44,13,11,-1,44,11,46,-1,46,11,9,-1,46,9,48,-1,48,9,6,-1,48,6,51,-1,51,6,4,-1,51,4,53,-1,53,4,2,-1,53,2,55,-1,55,2,1,-1,55,1,57,-1,57,1,63,-1,63,60,57,-1,57,60,59,-1,61,62,58,-1,58,62,56,-1,64,65,66,-1,64,66,67,-1,67,66,68,-1,67,68,69,-1,69,68,70,-1,69,70,71,-1,71,70,72,-1,72,70,73,-1,72,73,74,-1,74,73,75,-1,74,75,76,-1,76,75,77,-1,76,77,78,-1,78,77,79,-1,78,79,80,-1,80,79,81,-1,80,81,82,-1,82,81,83,-1,82,83,84,-1,82,84,85,-1,85,84,86,-1,85,86,87,-1,87,86,88,-1,87,88,89,-1,90,89,91,-1,91,89,88,-1,92,93,94,-1,94,93,95,-1,92,94,96,-1,96,94,97,-1,96,97,98,-1,98,97,99,-1,98,99,100,-1,100,99,101,-1,100,101,102,-1,100,102,103,-1,103,102,104,-1,103,104,105,-1,105,104,106,-1,105,106,107,-1,107,106,108,-1,107,108,109,-1,109,108,110,-1,109,110,111,-1,111,110,112,-1,111,112,113,-1,113,112,114,-1,114,112,115,-1,114,115,116,-1,116,115,117,-1,116,117,118,-1,118,117,119,-1,118,119,120,-1,120,119,121,-1,120,121,122,-1,122,121,123,-1,123,124,122,-1,122,124,125,-1,125,124,126,-1,126,124,127,-1,126,127,64,-1,64,127,65,-1,120,126,118,-1,118,126,64,-1,118,64,116,-1,116,64,67,-1,116,67,114,-1,114,67,69,-1,114,69,113,-1,113,69,71,-1,113,71,111,-1,111,71,72,-1,111,72,109,-1,109,72,74,-1,109,74,107,-1,107,74,76,-1,107,76,105,-1,105,76,78,-1,105,78,103,-1,103,78,80,-1,103,80,100,-1,100,80,82,-1,100,82,98,-1,98,82,85,-1,98,85,96,-1,96,85,87,-1,96,87,92,-1,92,87,89,-1,92,89,93,-1,93,89,90,-1,95,91,94,-1,94,91,88,-1,94,88,97,-1,97,88,86,-1,97,86,99,-1,99,86,84,-1,99,84,101,-1,101,84,83,-1,101,83,102,-1,102,83,81,-1,102,81,104,-1,104,81,79,-1,104,79,106,-1,106,79,77,-1,106,77,108,-1,108,77,75,-1,108,75,110,-1,110,75,73,-1,110,73,112,-1,112,73,70,-1,112,70,115,-1,115,70,68,-1,115,68,117,-1,117,68,66,-1,117,66,119,-1,119,66,65,-1,119,65,121,-1,121,65,127,-1,127,124,121,-1,121,124,123,-1,125,126,122,-1,122,126,120,-1,128,129,130,-1,130,129,131,-1,130,131,132,-1,132,131,133,-1,132,133,134,-1,134,133,135,-1,134,135,136,-1,136,135,137,-1,136,137,138,-1,138,137,139,-1,138,139,140,-1,140,139,141,-1,140,141,142,-1,142,141,143,-1,142,143,144,-1,144,143,145,-1,144,145,146,-1,146,145,147,-1,146,147,148,-1,148,147,149,-1,148,149,150,-1,150,149,151,-1,150,151,152,-1,152,151,153,-1,152,153,154,-1,154,153,155,-1,154,155,156,-1,156,155,157,-1,158,131,159,-1,159,131,129,-1,160,161,162,-1,162,161,163,-1,162,163,164,-1,164,163,165,-1,164,165,166,-1,166,165,167,-1,166,167,168,-1,168,167,169,-1,168,169,170,-1,170,169,171,-1,170,171,172,-1,172,171,173,-1,172,173,174,-1,174,173,175,-1,174,175,176,-1,176,175,177,-1,176,177,178,-1,178,177,179,-1,178,179,180,-1,180,179,181,-1,180,181,182,-1,182,181,183,-1,182,183,184,-1,184,183,185,-1,184,185,186,-1,186,185,158,-1,186,158,187,-1,187,158,159,-1,130,186,128,-1,128,186,187,-1,188,189,190,-1,190,189,191,-1,157,189,156,-1,156,189,188,-1,131,158,133,-1,133,158,185,-1,133,185,135,-1,135,185,183,-1,135,183,137,-1,137,183,181,-1,137,181,179,-1,137,179,139,-1,139,179,177,-1,139,177,141,-1,141,177,175,-1,141,175,143,-1,143,175,173,-1,143,173,145,-1,145,173,171,-1,145,171,147,-1,147,171,169,-1,147,169,149,-1,149,169,151,-1,151,169,167,-1,151,167,153,-1,153,167,165,-1,153,165,155,-1,155,165,163,-1,191,189,161,-1,161,189,157,-1,161,157,163,-1,163,157,155,-1,191,161,190,-1,190,161,160,-1,162,154,160,-1,160,154,156,-1,160,156,190,-1,190,156,188,-1,154,162,164,-1,154,164,152,-1,152,164,166,-1,152,166,150,-1,150,166,168,-1,150,168,148,-1,148,168,146,-1,146,168,170,-1,146,170,144,-1,144,170,172,-1,144,172,142,-1,142,172,174,-1,142,174,140,-1,140,174,176,-1,140,176,138,-1,138,176,178,-1,138,178,136,-1,136,178,180,-1,136,180,182,-1,136,182,134,-1,134,182,184,-1,134,184,132,-1,132,184,186,-1,132,186,130,-1,
        ]
    }
}
Shape{
    appearance Appearance {
        material  Material 	{
            diffuseColor 0.34901960784313724 0.34901960784313724 0.34901960784313724
            specularColor 0.023529411764705882 0.023529411764705882 0.023529411764705882
            ambientIntensity 0.498
            transparency 0.0
            shininess 0.5
        }
    }
    geometry IndexedFaceSet {
        ccw TRUE
        solid FALSE
        coord DEF co Coordinate {
            point [
                1.3819 0.8668 3.5967, 1.3819 0.9397 3.5967, 1.3819 0.9349 3.6044, 1.3819 0.932 3.6131, 1.3819 0.9311 3.6223, 1.3819 0.9324 3.6313, 1.3819 0.9358 3.6398, 1.3819 0.9411 3.6474, 1.3819 0.9479 3.6534, 1.3819 -0.1319 3.5967, 1.3819 -0.1319 4.1732, 1.3819 1.0814 3.7495, 1.3819 1.0678 3.7374, 1.3819 1.128 3.7795, 1.3819 1.0559 3.8732, 1.3819 1.0715 3.8637, 1.3819 1.128 4.3701, 1.3819 1.3248 4.5669, 1.3819 0.7343 4.5669, 1.3819 0.7037 4.5629, 1.3819 0.6752 4.5511, 1.3819 0.6508 4.5323, 1.3819 0.632 4.5079, 1.3819 1.1013 3.7996, 1.3819 1.0987 3.7815, 1.3819 1.0919 3.7645, 1.3819 0.6202 4.4794, 1.3819 0.6162 4.4488, 1.3819 0.6162 4.1535, 1.3819 0.6192 4.127, 1.3819 0.6281 4.1018, 1.3819 0.6425 4.0792, 1.3819 1.0844 3.8507, 1.3819 1.094 3.8352, 1.3819 1.0997 3.8178, 1.3819 0.6616 4.0605, 1.3819 0.6844 4.0465, 1.3819 -2.8484 0.0394, 1.3819 1.9154 0.0394, 1.3819 -2.8484 0.1575, 1.3819 1.9154 0.1575, -0.9803 -2.4547 0.1575, -0.9803 -2.8484 0.1575, -1.374 -2.8484 0.1575, -1.374 1.9154 0.1575, -0.9803 1.9154 0.1575, -0.9803 1.561 0.1575, -0.8524 -1.0768 0.1575, -0.8524 -0.9193 0.1575, -0.5571 -0.9193 0.1575, -0.2323 1.561 0.1575, -0.2323 -2.4547 0.1575, -0.5571 -1.0768 0.1575, 0.5256 0.9311 0.1575, 0.0039 -2.8484 0.1575, 0.3976 1.561 0.1575, 0.0039 1.9154 0.1575, 0.3976 1.9154 0.1575, 0.3976 -2.8484 0.1575, 0.3976 -2.4547 0.1575, 1.1457 -2.4547 0.1575, 0.8209 0.9311 0.1575, 1.1457 1.561 0.1575, 0.8209 1.0886 0.1575, 0.5256 1.0886 0.1575, -0.311 0.9479 3.6534, -1.374 0.9479 3.6534, -1.374 0.9411 3.6474, -0.311 0.9411 3.6474, -1.374 0.9358 3.6398, -0.311 0.9358 3.6398, -1.374 0.9324 3.6313, -0.311 0.9324 3.6313, -1.374 0.9311 3.6223, -0.311 0.9311 3.6223, -1.374 0.932 3.6131, -0.311 0.932 3.6131, -1.374 0.9349 3.6044, -0.311 0.9349 3.6044, -1.374 0.9397 3.5967, -0.311 0.9397 3.5967, 1.0669 0.9479 3.6534, 0.0039 0.9479 3.6534, 0.0039 0.9411 3.6474, 1.0669 0.9411 3.6474, 0.0039 0.9358 3.6398, 1.0669 0.9358 3.6398, 0.0039 0.9324 3.6313, 1.0669 0.9324 3.6313, 0.0039 0.9311 3.6223, 1.0669 0.9311 3.6223, 0.0039 0.932 3.6131, 1.0669 0.932 3.6131, 0.0039 0.9349 3.6044, 1.0669 0.9349 3.6044, 0.0039 0.9397 3.5967, 1.0669 0.9397 3.5967, 1.0472 0.9311 4.5669, 1.0472 0.9311 4.3307, 0.0236 0.9311 4.5669, 0.4961 0.9311 4.3307, 0.0236 0.9311 3.5967, 0.4961 0.9311 4.0447, 0.4961 0.9311 3.5967, -0.311 0.8668 3.5967, -1.374 0.8668 3.5967, -1.3543 0.9311 3.5967, -0.8819 0.9311 3.5967, -0.9207 0.5379 3.5967, -0.8819 0.4831 3.5967, -0.311 -0.1319 3.5967, -0.8819 -0.0925 3.5967, -1.374 -0.1319 3.5967, -1.3543 -0.0925 3.5967, -0.8819 0.9311 4.0447, -1.3543 1.128 4.9213, -1.3543 1.128 4.626, -1.3543 0.9311 4.5669, -1.3543 0.9508 5.1969, -1.3543 0.0475 5.1969, -1.3543 -0.0925 5.0756, -0.3307 0.9311 4.5669, -0.3307 1.128 4.626, -0.3307 -0.0925 4.3307, -0.3307 0.9311 4.3307, -0.3307 -0.0925 5.1969, -0.3307 1.128 4.9213, -0.3307 0.3585 5.1969, -0.3307 0.6313 4.9606, -0.3307 0.7983 4.9606, -0.3307 0.9938 5.1299, -0.8819 0.9311 4.3307, -0.8819 -0.0925 4.3307, 0.0039 0.8668 3.5967, 1.0669 0.8668 3.5967, 0.4573 0.5379 3.5967, 0.4961 0.4831 3.5967, 1.0669 -0.1319 3.5967, 0.4961 -0.0925 3.5967, 0.0039 -0.1319 3.5967, 0.0236 -0.0925 3.5967, 0.0236 1.128 4.9213, 0.0236 1.128 4.626, 0.0236 0.9508 5.1969, 0.0236 0.0475 5.1969, 0.0236 -0.0925 5.0756, 1.0472 1.128 4.626, 1.0472 -0.0925 4.3307, 1.0472 -0.0925 5.1969, 1.0472 1.128 4.9213, 1.0472 0.3585 5.1969, 1.0472 0.6313 4.9606, 1.0472 0.7983 4.9606, 1.0472 0.9938 5.1299, 0.4961 -0.0925 4.3307, -1.2216 -0.0925 4.9606, -1.0545 -0.0925 4.9606, -0.7817 -0.0925 5.1969, 0.1564 -0.0925 4.9606, 0.3234 -0.0925 4.9606, 0.5963 -0.0925 5.1969, -0.4511 0.9508 5.1969, 0.9269 0.9508 5.1969, -1.374 -0.1319 4.1732, -0.311 -0.1319 4.1732, 0.0039 -0.1319 4.1732, 1.0669 -0.1319 4.1732, 1.0669 1.0559 3.8732, 1.0669 1.0715 3.8637, 1.0669 1.0844 3.8507, 1.0669 1.094 3.8352, 1.0669 1.0997 3.8178, 1.0669 1.1013 3.7996, 1.0669 1.0987 3.7815, 1.0669 1.0919 3.7645, 1.0669 1.0814 3.7495, 1.0669 1.0678 3.7374, 1.0669 0.7343 4.5669, 1.0669 1.3248 4.5669, 1.0669 1.128 4.3701, 1.0669 0.7037 4.5629, 1.0669 1.128 3.7795, 1.0669 0.6844 4.0465, 1.0669 0.6162 4.4488, 1.0669 0.6202 4.4794, 1.0669 0.632 4.5079, 1.0669 0.6616 4.0605, 1.0669 0.6425 4.0792, 1.0669 0.6281 4.1018, 1.0669 0.6192 4.127, 1.0669 0.6162 4.1535, 1.0669 0.6508 4.5323, 1.0669 0.6752 4.5511, 0.0039 1.128 3.7795, 0.0039 1.128 4.3701, 0.0039 1.3248 4.5669, 0.0039 0.7343 4.5669, 0.0039 1.0559 3.8732, 0.0039 1.0715 3.8637, 0.0039 1.1013 3.7996, 0.0039 1.0987 3.7815, 0.0039 1.0919 3.7645, 0.0039 1.0814 3.7495, 0.0039 1.0678 3.7374, 0.0039 0.6162 4.4488, 0.0039 0.6162 4.1535, 0.0039 0.7037 4.5629, 0.0039 0.6752 4.5511, 0.0039 0.6508 4.5323, 0.0039 1.0844 3.8507, 0.0039 1.094 3.8352, 0.0039 1.0997 3.8178, 0.0039 0.632 4.5079, 0.0039 0.6202 4.4794, 0.0039 0.6192 4.127, 0.0039 0.6281 4.1018, 0.0039 0.6425 4.0792, 0.0039 0.6616 4.0605, 0.0039 0.6844 4.0465, -0.311 1.0559 3.8732, -0.311 1.0715 3.8637, -0.311 1.0844 3.8507, -0.311 1.094 3.8352, -0.311 1.0997 3.8178, -0.311 1.1013 3.7996, -0.311 1.0987 3.7815, -0.311 1.0919 3.7645, -0.311 1.0814 3.7495, -0.311 1.0678 3.7374, -0.311 0.7343 4.5669, -0.311 1.3248 4.5669, -0.311 1.128 4.3701, -0.311 0.7037 4.5629, -0.311 1.128 3.7795, -0.311 0.6844 4.0465, -0.311 0.6162 4.1535, -0.311 0.6192 4.127, -0.311 0.6281 4.1018, -0.311 0.6162 4.4488, -0.311 0.6202 4.4794, -0.311 0.632 4.5079, -0.311 0.6508 4.5323, -0.311 0.6752 4.5511, -0.311 0.6616 4.0605, -0.311 0.6425 4.0792, -1.374 1.128 3.7795, -1.374 1.128 4.3701, 0.9888 -0.6237 4.5669, 0.9888 -0.2303 4.1735, 1.0207 -0.7298 4.5669, 1.0207 -0.2303 4.0674, 1.0339 -0.8437 4.5669, 1.0338 -0.2303 3.9567, 1.0338 -0.2308 3.9541, 1.0276 -0.9586 4.5669, 1.034 -0.2373 3.9226, 1.0276 -0.2555 3.8638, 0.3583 -0.9586 4.5669, 0.3583 -0.2555 3.8638, 0.3519 -0.2373 3.9226, 0.352 -0.843 4.5669, 0.352 -0.2307 3.9547, 0.3521 -0.2303 3.9567, 0.3654 -0.7285 4.5669, 0.3654 -0.2303 4.0688, 0.3976 -0.2303 4.1754, 0.3976 -0.6218 4.5669, 1.0276 -0.2896 3.7706, 0.3583 -0.3311 3.6037, 1.0276 -0.3311 3.6037, 0.3583 -0.3266 3.4457, 1.0276 -0.3266 3.4457, 0.3583 -0.2896 3.7706, -0.3892 -0.6237 4.5669, -0.3892 -0.2303 4.1735, -0.3572 -0.7298 4.5669, -0.3572 -0.2303 4.0674, -0.3441 -0.8437 4.5669, -0.3442 -0.2303 3.9567, -0.3441 -0.2308 3.9541, -0.3504 -0.9586 4.5669, -0.344 -0.2373 3.9226, -0.3504 -0.2555 3.8638, -1.0197 -0.9586 4.5669, -1.0197 -0.2555 3.8638, -1.0261 -0.2373 3.9226, -1.026 -0.843 4.5669, -1.0259 -0.2307 3.9547, -1.0259 -0.2303 3.9567, -1.0126 -0.7285 4.5669, -1.0126 -0.2303 4.0688, -0.9803 -0.2303 4.1754, -0.9803 -0.6218 4.5669, -0.3504 -0.2896 3.7706, -1.0197 -0.3311 3.6037, -0.3504 -0.3311 3.6037, -1.0197 -0.3266 3.4457, -0.3504 -0.3266 3.4457, -1.0197 -0.2896 3.7706, 0.9488 -0.2303 4.2717, 0.9488 -0.5256 4.5669, 0.437 -0.2303 4.2717, 0.437 -0.5256 4.5669, -0.4291 -0.2303 4.2717, -0.4291 -0.5256 4.5669, -0.9409 -0.2303 4.2717, -0.9409 -0.5256 4.5669, -0.2323 -2.4547 0.0394, -0.9803 -2.4547 0.0394, -0.2323 1.561 0.0394, -0.9803 1.561 0.0394, 0.0039 1.9154 0.0394, 0.0039 -2.8484 0.0394, 1.1457 -2.4547 0.0394, 0.3976 -2.4547 0.0394, 1.1457 1.561 0.0394, 0.3976 1.561 0.0394, 0.1231 -0.7288 3.1339, 1.2627 -0.7288 3.1339, 1.2535 -0.6149 3.2221, 1.0276 -0.3323 3.4412, 0.3583 -0.3323 3.4412, 0.2537 -0.4103 3.3808, 0.1768 -0.5065 3.3062, 0.1323 -0.6149 3.2221, 1.1321 -0.4103 3.3808, 1.2091 -0.5065 3.3062, 1.236 -0.8409 3.047, 0.1498 -0.8409 3.047, 1.1751 -0.9441 2.9669, 0.2107 -0.9441 2.9669, 1.0839 -1.0321 2.8987, 0.3019 -1.0321 2.8987, 0.9681 -1.0992 2.8467, 0.4177 -1.0992 2.8467, 0.835 -1.1412 2.8141, 0.5508 -1.1412 2.8141, 0.6929 -1.1555 2.803, 1.0276 -1.2083 4.3172, 0.3583 -1.2083 4.3172, -0.3504 -0.3323 3.4412, -1.0197 -0.3323 3.4412, -0.2458 -0.4103 3.3808, -1.2012 -0.5065 3.3062, -0.1153 -0.7288 3.1339, -1.1243 -0.4103 3.3808, -0.1244 -0.6149 3.2221, -0.1689 -0.5065 3.3062, -1.2456 -0.6149 3.2221, -1.2548 -0.7288 3.1339, -0.1419 -0.8409 3.047, -1.2281 -0.8409 3.047, -0.2028 -0.9441 2.9669, -1.1673 -0.9441 2.9669, -0.294 -1.0321 2.8987, -1.0761 -1.0321 2.8987, -0.4098 -1.0992 2.8467, -0.9603 -1.0992 2.8467, -0.543 -1.1412 2.8141, -0.8271 -1.1412 2.8141, -0.685 -1.1555 2.803, -0.3504 -1.2083 4.3172, -1.0197 -1.2083 4.3172, -0.9803 1.9154 0.0394, 0.3976 1.9154 0.0394, -0.9803 -2.8484 0.0394, 0.3976 -2.8484 0.0394, 1.815 -0.5256 4.5669, 1.7756 -0.6218 4.5669, 1.7433 -0.7285 4.5669, 1.7299 -0.843 4.5669, 1.7362 -0.9586 4.5669, 0.2537 -1.2775 4.2481, 0.1768 -1.3629 4.1626, 0.1323 -1.4592 4.0664, 0.1231 -1.5602 3.9653, 0.1498 -1.6597 3.8658, 0.2107 -1.7514 3.7742, 0.3019 -1.8295 3.6961, 0.4177 -1.889 3.6365, 0.5508 -1.9263 3.5992, 0.6929 -1.939 3.5865, 0.835 -1.9263 3.5992, 0.9681 -1.889 3.6365, 1.0839 -1.8295 3.6961, 1.1751 -1.7514 3.7742, 1.236 -1.6597 3.8658, 1.2627 -1.5602 3.9653, 1.2535 -1.4592 4.0664, 1.2091 -1.3629 4.1626, 1.1321 -1.2775 4.2481, -1.1243 -1.2775 4.2481, -1.2012 -1.3629 4.1626, -1.2456 -1.4592 4.0664, -1.2548 -1.5602 3.9653, -1.2281 -1.6597 3.8658, -1.1673 -1.7514 3.7742, -1.0761 -1.8295 3.6961, -0.9603 -1.889 3.6365, -0.8271 -1.9263 3.5992, -0.685 -1.939 3.5865, -0.543 -1.9263 3.5992, -0.4098 -1.889 3.6365, -0.294 -1.8295 3.6961, -0.2028 -1.7514 3.7742, -0.1419 -1.6597 3.8658, -0.1153 -1.5602 3.9653, -0.1244 -1.4592 4.0664, -0.1689 -1.3629 4.1626, -0.2458 -1.2775 4.2481, -1.374 1.3248 4.5669
            ]
        }
        coordIndex [
            0,1,2,-1,2,3,0,-1,0,3,4,-1,0,4,5,-1,5,6,0,-1,0,6,7,-1,0,7,8,-1,9,0,10,-1,11,12,13,-1,14,15,16,-1,17,18,16,-1,16,18,19,-1,19,20,16,-1,16,20,21,-1,16,21,22,-1,23,24,13,-1,13,24,25,-1,13,25,11,-1,22,26,16,-1,16,26,27,-1,16,27,28,-1,28,29,16,-1,16,29,30,-1,16,30,31,-1,15,32,16,-1,16,32,33,-1,16,33,13,-1,13,33,34,-1,13,34,23,-1,31,35,16,-1,16,35,36,-1,16,36,14,-1,37,38,39,-1,39,38,40,-1,41,42,43,-1,44,45,46,-1,47,44,48,-1,48,44,46,-1,48,46,49,-1,49,46,50,-1,49,50,51,-1,43,44,41,-1,41,44,47,-1,41,47,51,-1,51,47,52,-1,51,52,49,-1,53,54,55,-1,55,54,56,-1,55,56,57,-1,58,54,59,-1,59,54,53,-1,59,53,60,-1,60,53,61,-1,60,61,62,-1,62,61,63,-1,62,63,55,-1,55,63,64,-1,55,64,53,-1,65,66,67,-1,65,67,68,-1,68,67,69,-1,68,69,70,-1,70,69,71,-1,70,71,72,-1,72,71,73,-1,72,73,74,-1,74,73,75,-1,74,75,76,-1,76,75,77,-1,76,77,78,-1,78,77,79,-1,78,79,80,-1,81,82,83,-1,81,83,84,-1,84,83,85,-1,84,85,86,-1,86,85,87,-1,86,87,88,-1,88,87,89,-1,88,89,90,-1,90,89,91,-1,90,91,92,-1,92,91,93,-1,92,93,94,-1,94,93,95,-1,94,95,96,-1,97,98,99,-1,99,98,100,-1,99,100,101,-1,101,100,102,-1,101,102,103,-1,72,74,104,-1,74,76,104,-1,104,76,78,-1,104,78,80,-1,65,68,104,-1,104,68,70,-1,104,70,72,-1,105,106,79,-1,79,106,107,-1,79,107,80,-1,80,107,108,-1,80,108,104,-1,104,108,109,-1,104,109,110,-1,110,109,111,-1,110,111,112,-1,112,111,113,-1,112,113,105,-1,105,113,106,-1,108,107,114,-1,115,116,117,-1,118,115,119,-1,119,115,117,-1,119,117,120,-1,120,117,106,-1,120,106,113,-1,117,116,121,-1,121,116,122,-1,123,124,125,-1,125,124,121,-1,121,122,126,-1,127,125,128,-1,128,125,121,-1,128,121,129,-1,129,121,126,-1,129,126,130,-1,114,131,109,-1,109,131,132,-1,109,132,111,-1,132,131,123,-1,123,131,124,-1,133,95,93,-1,93,91,133,-1,133,91,89,-1,133,89,87,-1,87,85,133,-1,133,85,83,-1,133,83,82,-1,88,90,134,-1,90,92,134,-1,134,92,94,-1,134,94,96,-1,81,84,134,-1,134,84,86,-1,134,86,88,-1,133,101,95,-1,95,101,103,-1,95,103,96,-1,96,103,135,-1,96,135,134,-1,134,135,136,-1,134,136,137,-1,137,136,138,-1,137,138,139,-1,139,138,140,-1,139,140,133,-1,133,140,101,-1,135,103,102,-1,141,142,99,-1,143,141,144,-1,144,141,99,-1,144,99,145,-1,145,99,101,-1,145,101,140,-1,99,142,97,-1,97,142,146,-1,147,98,148,-1,148,98,97,-1,97,146,149,-1,150,148,151,-1,151,148,97,-1,151,97,152,-1,152,97,149,-1,152,149,153,-1,102,100,136,-1,136,100,154,-1,136,154,138,-1,154,100,147,-1,147,100,98,-1,113,111,120,-1,120,111,132,-1,120,132,155,-1,155,132,156,-1,156,132,157,-1,157,132,123,-1,157,123,125,-1,140,138,145,-1,145,138,154,-1,145,154,158,-1,158,154,159,-1,159,154,160,-1,160,154,147,-1,160,147,148,-1,109,108,114,-1,157,125,127,-1,122,116,126,-1,126,116,115,-1,130,126,161,-1,161,126,115,-1,161,115,118,-1,129,130,161,-1,129,161,155,-1,155,161,119,-1,155,119,120,-1,155,156,129,-1,129,156,128,-1,157,127,156,-1,156,127,128,-1,136,135,102,-1,160,148,150,-1,146,142,149,-1,149,142,141,-1,153,149,162,-1,162,149,141,-1,162,141,143,-1,145,158,144,-1,144,158,152,-1,144,152,162,-1,162,152,153,-1,158,159,152,-1,152,159,151,-1,150,151,160,-1,160,151,159,-1,161,118,119,-1,162,143,144,-1,112,163,110,-1,110,163,164,-1,104,110,164,-1,139,133,165,-1,139,165,137,-1,137,165,166,-1,134,137,166,-1,165,133,164,-1,164,133,104,-1,134,166,0,-1,0,166,10,-1,14,167,15,-1,15,167,168,-1,15,168,32,-1,32,168,169,-1,32,169,33,-1,33,169,170,-1,33,170,34,-1,34,170,171,-1,34,171,23,-1,23,171,172,-1,23,172,24,-1,24,172,173,-1,24,173,25,-1,25,173,174,-1,25,174,11,-1,11,174,175,-1,11,175,12,-1,12,175,176,-1,177,178,179,-1,177,179,180,-1,176,175,181,-1,181,175,174,-1,181,174,173,-1,173,172,181,-1,181,172,171,-1,181,171,179,-1,179,171,170,-1,179,170,169,-1,169,168,179,-1,179,168,167,-1,179,167,182,-1,183,184,179,-1,179,184,185,-1,182,186,179,-1,179,186,187,-1,179,187,188,-1,188,189,179,-1,179,189,190,-1,179,190,183,-1,185,191,179,-1,179,191,192,-1,179,192,180,-1,193,181,194,-1,194,181,179,-1,194,195,196,-1,197,198,194,-1,199,200,193,-1,200,201,193,-1,193,201,202,-1,193,202,203,-1,204,205,194,-1,196,206,194,-1,194,206,207,-1,194,207,208,-1,198,209,194,-1,194,209,210,-1,194,210,193,-1,193,210,211,-1,193,211,199,-1,208,212,194,-1,194,212,213,-1,194,213,204,-1,205,214,194,-1,194,214,215,-1,194,215,216,-1,216,217,194,-1,194,217,218,-1,194,218,197,-1,197,219,198,-1,198,219,220,-1,198,220,209,-1,209,220,221,-1,209,221,210,-1,210,221,222,-1,210,222,211,-1,211,222,223,-1,211,223,199,-1,199,223,224,-1,199,224,200,-1,200,224,225,-1,200,225,201,-1,201,225,226,-1,201,226,202,-1,202,226,227,-1,202,227,203,-1,203,227,228,-1,229,230,231,-1,229,231,232,-1,228,227,233,-1,233,227,226,-1,233,226,225,-1,225,224,233,-1,233,224,223,-1,233,223,231,-1,231,223,222,-1,231,222,221,-1,221,220,231,-1,231,220,219,-1,231,219,234,-1,235,231,236,-1,236,231,237,-1,235,238,231,-1,231,238,239,-1,231,239,240,-1,240,241,231,-1,231,241,242,-1,231,242,232,-1,234,243,231,-1,231,243,244,-1,231,244,237,-1,245,233,246,-1,246,233,231,-1,247,248,249,-1,249,248,250,-1,249,250,251,-1,250,252,251,-1,251,252,253,-1,251,253,254,-1,254,253,255,-1,254,255,256,-1,257,258,259,-1,257,259,260,-1,259,261,260,-1,260,261,262,-1,260,262,263,-1,262,264,263,-1,263,264,265,-1,263,265,266,-1,267,268,269,-1,269,268,270,-1,269,270,271,-1,252,262,253,-1,253,262,261,-1,253,261,255,-1,255,261,259,-1,255,259,256,-1,256,259,258,-1,256,258,267,-1,267,258,272,-1,267,272,268,-1,273,274,275,-1,275,274,276,-1,275,276,277,-1,276,278,277,-1,277,278,279,-1,277,279,280,-1,280,279,281,-1,280,281,282,-1,283,284,285,-1,283,285,286,-1,285,287,286,-1,286,287,288,-1,286,288,289,-1,288,290,289,-1,289,290,291,-1,289,291,292,-1,293,294,295,-1,295,294,296,-1,295,296,297,-1,278,288,279,-1,279,288,287,-1,279,287,281,-1,281,287,285,-1,281,285,282,-1,282,285,284,-1,282,284,293,-1,293,284,298,-1,293,298,294,-1,248,247,299,-1,299,247,300,-1,299,301,248,-1,248,301,265,-1,252,250,262,-1,262,250,248,-1,262,248,264,-1,264,248,265,-1,302,266,301,-1,301,266,265,-1,274,273,303,-1,303,273,304,-1,303,305,274,-1,274,305,291,-1,278,276,288,-1,288,276,274,-1,288,274,290,-1,290,274,291,-1,306,292,305,-1,305,292,291,-1,307,308,51,-1,51,308,41,-1,309,307,50,-1,50,307,51,-1,46,310,50,-1,50,310,309,-1,56,54,311,-1,311,54,312,-1,313,314,60,-1,60,314,59,-1,315,313,62,-1,62,313,60,-1,55,316,62,-1,62,316,315,-1,317,318,319,-1,271,270,320,-1,320,270,321,-1,320,321,322,-1,322,323,320,-1,320,323,324,-1,320,324,325,-1,325,324,317,-1,325,317,326,-1,326,317,319,-1,318,317,327,-1,327,317,328,-1,327,328,329,-1,329,328,330,-1,329,330,331,-1,331,330,332,-1,331,332,333,-1,333,332,334,-1,333,334,335,-1,335,334,336,-1,335,336,337,-1,338,254,256,-1,271,320,269,-1,269,320,338,-1,269,338,267,-1,267,338,256,-1,339,321,270,-1,258,257,272,-1,272,257,339,-1,272,339,268,-1,268,339,270,-1,297,296,340,-1,340,296,341,-1,340,341,342,-1,343,344,345,-1,345,344,346,-1,345,346,341,-1,341,346,347,-1,341,347,342,-1,343,348,344,-1,344,348,349,-1,344,349,350,-1,350,349,351,-1,350,351,352,-1,352,351,353,-1,352,353,354,-1,354,353,355,-1,354,355,356,-1,356,355,357,-1,356,357,358,-1,358,357,359,-1,358,359,360,-1,361,280,282,-1,297,340,295,-1,295,340,361,-1,295,361,293,-1,293,361,282,-1,362,341,296,-1,284,283,298,-1,298,283,362,-1,298,362,294,-1,294,362,296,-1,182,167,36,-1,36,167,14,-1,28,190,189,-1,28,189,29,-1,29,189,188,-1,29,188,30,-1,30,188,187,-1,30,187,31,-1,31,187,186,-1,31,186,35,-1,35,186,182,-1,35,182,36,-1,190,28,183,-1,183,28,27,-1,234,219,218,-1,218,219,197,-1,205,235,236,-1,205,236,214,-1,214,236,237,-1,214,237,215,-1,215,237,244,-1,215,244,216,-1,216,244,243,-1,216,243,217,-1,217,243,234,-1,217,234,218,-1,235,205,238,-1,238,205,204,-1,310,46,363,-1,363,46,45,-1,316,55,364,-1,364,55,57,-1,42,41,365,-1,365,41,308,-1,310,363,309,-1,309,363,311,-1,309,311,307,-1,307,311,312,-1,307,312,308,-1,308,312,365,-1,58,59,366,-1,366,59,314,-1,316,364,315,-1,315,364,38,-1,315,38,313,-1,313,38,37,-1,313,37,314,-1,314,37,366,-1,367,300,368,-1,368,300,369,-1,300,247,369,-1,369,247,249,-1,369,249,370,-1,370,249,251,-1,370,251,371,-1,371,251,254,-1,321,339,372,-1,321,372,322,-1,322,372,373,-1,322,373,323,-1,323,373,374,-1,323,374,324,-1,324,374,375,-1,324,375,317,-1,317,375,376,-1,317,376,328,-1,328,376,377,-1,328,377,330,-1,330,377,378,-1,330,378,332,-1,332,378,379,-1,332,379,334,-1,334,379,380,-1,334,380,336,-1,336,380,381,-1,336,381,337,-1,337,381,382,-1,337,382,335,-1,335,382,383,-1,335,383,333,-1,333,383,384,-1,333,384,331,-1,331,384,385,-1,331,385,329,-1,329,385,386,-1,329,386,327,-1,327,386,387,-1,327,387,318,-1,318,387,388,-1,318,388,319,-1,319,388,389,-1,319,389,326,-1,326,389,390,-1,326,390,325,-1,325,390,338,-1,325,338,320,-1,302,304,266,-1,266,304,263,-1,304,273,263,-1,263,273,275,-1,263,275,260,-1,260,275,277,-1,260,277,257,-1,257,277,280,-1,341,362,391,-1,341,391,345,-1,345,391,392,-1,345,392,343,-1,343,392,393,-1,343,393,348,-1,348,393,394,-1,348,394,349,-1,349,394,395,-1,349,395,351,-1,351,395,396,-1,351,396,353,-1,353,396,397,-1,353,397,355,-1,355,397,398,-1,355,398,357,-1,357,398,399,-1,357,399,359,-1,359,399,400,-1,359,400,360,-1,360,400,401,-1,360,401,358,-1,358,401,402,-1,358,402,356,-1,356,402,403,-1,356,403,354,-1,354,403,404,-1,354,404,352,-1,352,404,405,-1,352,405,350,-1,350,405,406,-1,350,406,344,-1,344,406,407,-1,344,407,346,-1,346,407,408,-1,346,408,347,-1,347,408,409,-1,347,409,342,-1,342,409,361,-1,342,361,340,-1,183,27,26,-1,183,26,184,-1,184,26,22,-1,184,22,185,-1,185,22,21,-1,185,21,191,-1,191,21,20,-1,191,20,192,-1,192,20,19,-1,192,19,180,-1,180,19,18,-1,180,18,177,-1,195,194,178,-1,178,194,179,-1,238,204,213,-1,238,213,239,-1,239,213,212,-1,239,212,240,-1,240,212,208,-1,240,208,241,-1,241,208,207,-1,241,207,242,-1,242,207,206,-1,242,206,232,-1,232,206,196,-1,232,196,229,-1,410,246,230,-1,230,246,231,-1,121,124,117,-1,117,124,131,-1,117,131,106,-1,106,131,114,-1,106,114,107,-1,
        ]
    }
}
Shape{
    appearance Appearance {
        material  Material 	{
            diffuseColor 0.6666666666666666 0.6666666666666666 0.6666666666666666
            specularColor 0.4666666666666667 0.4666666666666667 0.4666666666666667
            ambientIntensity 0.6667
            transparency 0.0
            shininess 0.5
        }
    }
    geometry IndexedFaceSet {
        ccw TRUE
        solid FALSE
        coord DEF co Coordinate {
            point [
                0.8209 1.0886 -0.8858, 0.5256 1.0886 -0.8858, 0.5256 1.0823 -0.8364, 0.8209 1.0823 -0.8364, 0.5256 1.0638 -0.7902, 0.8209 1.0638 -0.7902, 0.5256 1.0343 -0.7501, 0.8209 1.0343 -0.7501, 0.8209 0.9996 -0.7029, 0.5256 0.9996 -0.7029, 0.8209 0.9779 -0.6486, 0.5256 0.9779 -0.6486, 0.8209 0.9705 -0.5905, 0.5256 0.9705 -0.5905, 0.8209 0.9779 -0.5325, 0.5256 0.9779 -0.5325, 0.8209 0.9996 -0.4782, 0.5256 0.9996 -0.4782, 0.8209 1.0343 -0.431, 0.5256 1.0343 -0.431, 0.5256 1.0638 -0.3909, 0.8209 1.0638 -0.3909, 0.5256 1.0823 -0.3447, 0.8209 1.0823 -0.3447, 0.5256 1.0886 -0.2953, 0.8209 1.0886 -0.2953, 0.8209 1.0886 0.1575, 0.5256 1.0886 0.1575, 0.8209 0.9311 -0.2953, 0.8209 0.9311 0.1575, 0.5256 0.9311 -0.2953, 0.5256 0.9311 0.1575, 0.8209 0.9299 -0.3052, 0.5256 0.9299 -0.3052, 0.8209 0.9262 -0.3144, 0.5256 0.9262 -0.3144, 0.8209 0.9203 -0.3224, 0.5256 0.9203 -0.3224, 0.5256 0.862 -0.4017, 0.8209 0.862 -0.4017, 0.5256 0.8254 -0.493, 0.8209 0.8254 -0.493, 0.5256 0.813 -0.5905, 0.8209 0.813 -0.5905, 0.5256 0.8254 -0.6881, 0.8209 0.8254 -0.6881, 0.5256 0.862 -0.7794, 0.8209 0.862 -0.7794, 0.5256 0.9203 -0.8587, 0.8209 0.9203 -0.8587, 0.8209 0.9262 -0.8667, 0.5256 0.9262 -0.8667, 0.8209 0.9299 -0.8759, 0.5256 0.9299 -0.8759, 0.8209 0.9311 -0.8858, 0.5256 0.9311 -0.8858, 0.8209 0.9311 -0.9842, 0.5256 0.9311 -0.9842, 0.7421 0.9311 -1.378, 0.6043 0.9311 -1.378, 0.6043 1.0886 -1.378, 0.7421 1.0886 -1.378, 0.8209 1.0886 -0.9842, 0.5256 1.0886 -0.9842, -0.8524 -0.9193 -0.9842, -0.8524 -1.0768 -0.9842, -0.8524 -0.9193 -0.8858, -0.8524 -1.0768 -0.8858, -0.8524 -0.918 -0.8759, -0.8524 -1.0705 -0.8364, -0.8524 -0.9143 -0.8667, -0.8524 -1.052 -0.7902, -0.8524 -0.9084 -0.8587, -0.8524 -1.0225 -0.7501, -0.8524 -0.8501 -0.7794, -0.8524 -0.9878 -0.7029, -0.8524 -0.8136 -0.6881, -0.8524 -0.966 -0.6486, -0.8524 -0.8012 -0.5905, -0.8524 -0.9586 -0.5905, -0.8524 -0.8136 -0.493, -0.8524 -0.966 -0.5325, -0.8524 -0.8501 -0.4017, -0.8524 -0.9878 -0.4782, -0.8524 -0.9084 -0.3224, -0.8524 -1.0225 -0.431, -0.8524 -0.9143 -0.3144, -0.8524 -1.052 -0.3909, -0.8524 -0.918 -0.3052, -0.8524 -1.0705 -0.3447, -0.8524 -0.9193 -0.2953, -0.8524 -1.0768 -0.2953, -0.8524 -0.9193 0.1575, -0.8524 -1.0768 0.1575, -0.5571 -0.9193 -0.2953, -0.5571 -0.9193 0.1575, -0.5571 -1.0768 0.1575, -0.5571 -1.0768 -0.2953, -0.5571 -0.918 -0.3052, -0.5571 -1.0705 -0.3447, -0.5571 -0.9143 -0.3144, -0.5571 -1.052 -0.3909, -0.5571 -0.9084 -0.3224, -0.5571 -1.0225 -0.431, -0.5571 -0.8501 -0.4017, -0.5571 -0.9878 -0.4782, -0.5571 -0.8136 -0.493, -0.5571 -0.966 -0.5325, -0.5571 -0.8012 -0.5905, -0.5571 -0.9586 -0.5905, -0.5571 -0.8136 -0.6881, -0.5571 -0.966 -0.6486, -0.5571 -0.8501 -0.7794, -0.5571 -0.9878 -0.7029, -0.5571 -0.9084 -0.8587, -0.5571 -1.0225 -0.7501, -0.5571 -0.9143 -0.8667, -0.5571 -1.052 -0.7902, -0.5571 -0.918 -0.8759, -0.5571 -1.0705 -0.8364, -0.5571 -0.9193 -0.8858, -0.5571 -1.0768 -0.8858, -0.5571 -0.9193 -0.9842, -0.5571 -1.0768 -0.9842, -0.7736 -1.0768 -1.378, -0.7736 -0.9193 -1.378, -0.6358 -1.0768 -1.378, -0.6358 -0.9193 -1.378
            ]
        }
        coordIndex [
            0,1,2,-1,0,2,3,-1,3,2,4,-1,3,4,5,-1,5,4,6,-1,5,6,7,-1,7,6,8,-1,8,6,9,-1,8,9,10,-1,10,9,11,-1,10,11,12,-1,12,11,13,-1,12,13,14,-1,14,13,15,-1,14,15,16,-1,16,15,17,-1,16,17,18,-1,18,17,19,-1,18,19,20,-1,18,20,21,-1,21,20,22,-1,21,22,23,-1,23,22,24,-1,23,24,25,-1,26,25,27,-1,27,25,24,-1,28,29,30,-1,30,29,31,-1,28,30,32,-1,32,30,33,-1,32,33,34,-1,34,33,35,-1,34,35,36,-1,36,35,37,-1,36,37,38,-1,36,38,39,-1,39,38,40,-1,39,40,41,-1,41,40,42,-1,41,42,43,-1,43,42,44,-1,43,44,45,-1,45,44,46,-1,45,46,47,-1,47,46,48,-1,47,48,49,-1,49,48,50,-1,50,48,51,-1,50,51,52,-1,52,51,53,-1,52,53,54,-1,54,53,55,-1,54,55,56,-1,56,55,57,-1,56,57,58,-1,58,57,59,-1,59,60,58,-1,58,60,61,-1,61,60,62,-1,62,60,63,-1,62,63,0,-1,0,63,1,-1,56,62,54,-1,54,62,0,-1,54,0,52,-1,52,0,3,-1,52,3,50,-1,50,3,5,-1,50,5,49,-1,49,5,7,-1,49,7,47,-1,47,7,8,-1,47,8,45,-1,45,8,10,-1,45,10,43,-1,43,10,12,-1,43,12,41,-1,41,12,14,-1,41,14,39,-1,39,14,16,-1,39,16,36,-1,36,16,18,-1,36,18,34,-1,34,18,21,-1,34,21,32,-1,32,21,23,-1,32,23,28,-1,28,23,25,-1,28,25,29,-1,29,25,26,-1,31,27,30,-1,30,27,24,-1,30,24,33,-1,33,24,22,-1,33,22,35,-1,35,22,20,-1,35,20,37,-1,37,20,19,-1,37,19,38,-1,38,19,17,-1,38,17,40,-1,40,17,15,-1,40,15,42,-1,42,15,13,-1,42,13,44,-1,44,13,11,-1,44,11,46,-1,46,11,9,-1,46,9,48,-1,48,9,6,-1,48,6,51,-1,51,6,4,-1,51,4,53,-1,53,4,2,-1,53,2,55,-1,55,2,1,-1,55,1,57,-1,57,1,63,-1,63,60,57,-1,57,60,59,-1,61,62,58,-1,58,62,56,-1,64,65,66,-1,66,65,67,-1,66,67,68,-1,68,67,69,-1,68,69,70,-1,70,69,71,-1,70,71,72,-1,72,71,73,-1,72,73,74,-1,74,73,75,-1,74,75,76,-1,76,75,77,-1,76,77,78,-1,78,77,79,-1,78,79,80,-1,80,79,81,-1,80,81,82,-1,82,81,83,-1,82,83,84,-1,84,83,85,-1,84,85,86,-1,86,85,87,-1,86,87,88,-1,88,87,89,-1,88,89,90,-1,90,89,91,-1,90,91,92,-1,92,91,93,-1,94,90,95,-1,95,90,92,-1,95,96,94,-1,94,96,97,-1,94,97,98,-1,98,97,99,-1,98,99,100,-1,100,99,101,-1,100,101,102,-1,102,101,103,-1,102,103,104,-1,104,103,105,-1,104,105,106,-1,106,105,107,-1,106,107,108,-1,108,107,109,-1,108,109,110,-1,110,109,111,-1,110,111,112,-1,112,111,113,-1,112,113,114,-1,114,113,115,-1,114,115,116,-1,116,115,117,-1,116,117,118,-1,118,117,119,-1,118,119,120,-1,120,119,121,-1,120,121,122,-1,122,121,123,-1,91,97,93,-1,93,97,96,-1,124,125,126,-1,126,125,127,-1,64,125,65,-1,65,125,124,-1,90,94,88,-1,88,94,98,-1,88,98,86,-1,86,98,100,-1,86,100,84,-1,84,100,102,-1,84,102,104,-1,84,104,82,-1,82,104,106,-1,82,106,80,-1,80,106,108,-1,80,108,78,-1,78,108,110,-1,78,110,76,-1,76,110,112,-1,76,112,74,-1,74,112,114,-1,74,114,72,-1,72,114,70,-1,70,114,116,-1,70,116,68,-1,68,116,118,-1,68,118,66,-1,66,118,120,-1,127,125,122,-1,122,125,64,-1,122,64,120,-1,120,64,66,-1,127,122,126,-1,126,122,123,-1,121,67,123,-1,123,67,65,-1,123,65,126,-1,126,65,124,-1,67,121,119,-1,67,119,69,-1,69,119,117,-1,69,117,71,-1,71,117,115,-1,71,115,73,-1,73,115,75,-1,75,115,113,-1,75,113,77,-1,77,113,111,-1,77,111,79,-1,79,111,109,-1,79,109,81,-1,81,109,107,-1,81,107,83,-1,83,107,105,-1,83,105,85,-1,85,105,103,-1,85,103,101,-1,85,101,87,-1,87,101,99,-1,87,99,89,-1,89,99,97,-1,89,97,91,-1,
        ]
    }
}
Shape{
    appearance Appearance {
        material  Material 	{
            diffuseColor 0.34901960784313724 0.34901960784313724 0.34901960784313724
            specularColor 0.023529411764705882 0.023529411764705882 0.023529411764705882
            ambientIntensity 0.498
            transparency 0.0
            shininess 0.5
        }
    }
    geometry IndexedFaceSet {
        ccw TRUE
        solid FALSE
        coord DEF co Coordinate {
            point [
                1.9035 -0.9193 0.1575, 1.9035 -1.0768 0.1575, 1.3819 -2.8484 0.1575, 1.3819 1.9154 0.1575, 1.7756 1.9154 0.1575, 1.7756 1.561 0.1575, 2.1988 -0.9193 0.1575, 2.5236 1.561 0.1575, 2.5236 -2.4547 0.1575, 1.7756 -2.8484 0.1575, 1.7756 -2.4547 0.1575, 2.1988 -1.0768 0.1575, 2.4449 0.9479 3.6534, 1.3819 0.9479 3.6534, 1.3819 0.9411 3.6474, 2.4449 0.9411 3.6474, 1.3819 0.9358 3.6398, 2.4449 0.9358 3.6398, 1.3819 0.9324 3.6313, 2.4449 0.9324 3.6313, 1.3819 0.9311 3.6223, 2.4449 0.9311 3.6223, 1.3819 0.932 3.6131, 2.4449 0.932 3.6131, 1.3819 0.9349 3.6044, 2.4449 0.9349 3.6044, 1.3819 0.9397 3.5967, 2.4449 0.9397 3.5967, 2.4449 0.8668 3.5967, 1.3819 0.8668 3.5967, 1.4016 0.9311 3.5967, 1.874 0.9311 3.5967, 1.8352 0.5379 3.5967, 1.874 0.4831 3.5967, 2.4449 -0.1319 3.5967, 1.874 -0.0925 3.5967, 1.3819 -0.1319 3.5967, 1.4016 -0.0925 3.5967, 1.874 0.9311 4.0447, 1.4016 1.128 4.9213, 1.4016 1.128 4.626, 1.4016 0.9311 4.5669, 1.4016 0.9508 5.1969, 1.4016 0.0475 5.1969, 1.4016 -0.0925 5.0756, 2.4252 0.9311 4.5669, 2.4252 1.128 4.626, 2.4252 -0.0925 4.3307, 2.4252 0.9311 4.3307, 2.4252 -0.0925 5.1969, 2.4252 1.128 4.9213, 2.4252 0.3585 5.1969, 2.4252 0.6313 4.9606, 2.4252 0.7983 4.9606, 2.4252 0.9938 5.1299, 1.874 0.9311 4.3307, 1.874 -0.0925 4.3307, 2.7598 0.8668 3.5967, 2.7598 0.9397 3.5967, 2.7598 0.9349 3.6044, 2.7598 0.932 3.6131, 2.7598 0.9311 3.6223, 2.7598 0.9324 3.6313, 2.7598 0.9358 3.6398, 2.7598 0.9411 3.6474, 2.7598 0.9479 3.6534, 1.5344 -0.0925 4.9606, 1.7014 -0.0925 4.9606, 1.9742 -0.0925 5.1969, 2.3048 0.9508 5.1969, 1.3819 -0.1319 4.1732, 2.4449 -0.1319 4.1732, 2.7598 -0.1319 3.5967, 2.7598 -0.1319 4.1732, 2.7598 1.1013 3.7996, 2.7598 1.0987 3.7815, 2.7598 1.128 3.7795, 2.7598 1.3248 4.5669, 2.7598 0.7343 4.5669, 2.7598 1.128 4.3701, 2.7598 0.7037 4.5629, 2.7598 1.0919 3.7645, 2.7598 1.0814 3.7495, 2.7598 1.0678 3.7374, 2.7598 1.0559 3.8732, 2.7598 1.0715 3.8637, 2.7598 1.0844 3.8507, 2.7598 1.094 3.8352, 2.7598 1.0997 3.8178, 2.7598 0.6752 4.5511, 2.7598 0.6508 4.5323, 2.7598 0.632 4.5079, 2.7598 0.6202 4.4794, 2.7598 0.6162 4.4488, 2.7598 0.6162 4.1535, 2.7598 0.6192 4.127, 2.7598 0.6281 4.1018, 2.7598 0.6425 4.0792, 2.7598 0.6616 4.0605, 2.7598 0.6844 4.0465, 2.4449 1.0559 3.8732, 2.4449 1.0715 3.8637, 2.4449 1.0844 3.8507, 2.4449 1.094 3.8352, 2.4449 1.0997 3.8178, 2.4449 1.1013 3.7996, 2.4449 1.0987 3.7815, 2.4449 1.0919 3.7645, 2.4449 1.0814 3.7495, 2.4449 1.0678 3.7374, 2.4449 0.7343 4.5669, 2.4449 1.3248 4.5669, 2.4449 1.128 4.3701, 2.4449 0.7037 4.5629, 2.4449 1.128 3.7795, 2.4449 0.6844 4.0465, 2.4449 0.6616 4.0605, 2.4449 0.6425 4.0792, 2.4449 0.6281 4.1018, 2.4449 0.632 4.5079, 2.4449 0.6202 4.4794, 2.4449 0.6162 4.4488, 2.4449 0.6508 4.5323, 2.4449 0.6752 4.5511, 2.4449 0.6192 4.127, 2.4449 0.6162 4.1535, 1.3819 1.128 3.7795, 1.3819 1.128 4.3701, 2.3667 -0.6237 4.5669, 2.3667 -0.2303 4.1735, 2.3987 -0.7298 4.5669, 2.3987 -0.2303 4.0674, 2.4118 -0.8437 4.5669, 2.4117 -0.2303 3.9567, 2.4118 -0.2308 3.9541, 2.4055 -0.9586 4.5669, 2.4119 -0.2373 3.9226, 2.4055 -0.2555 3.8638, 1.7362 -0.9586 4.5669, 1.7362 -0.2555 3.8638, 1.7298 -0.2373 3.9226, 1.7299 -0.843 4.5669, 1.73 -0.2307 3.9547, 1.73 -0.2303 3.9567, 1.7433 -0.7285 4.5669, 1.7433 -0.2303 4.0688, 1.7756 -0.2303 4.1754, 1.7756 -0.6218 4.5669, 2.4055 -0.2896 3.7706, 1.7362 -0.3311 3.6037, 2.4055 -0.3311 3.6037, 1.7362 -0.3266 3.4457, 2.4055 -0.3266 3.4457, 1.7362 -0.2896 3.7706, 2.3268 -0.2303 4.2717, 2.3268 -0.5256 4.5669, 1.815 -0.2303 4.2717, 1.815 -0.5256 4.5669, 2.5236 -2.4547 0.0394, 1.7756 -2.4547 0.0394, 2.5236 1.561 0.0394, 1.7756 1.561 0.0394, 2.7598 1.9154 0.1575, 2.7598 -2.8484 0.1575, 2.7598 1.9154 0.0394, 2.7598 -2.8484 0.0394, 2.4055 -0.3323 3.4412, 1.7362 -0.3323 3.4412, 2.5101 -0.4103 3.3808, 1.5547 -0.5065 3.3062, 2.6406 -0.7288 3.1339, 1.6316 -0.4103 3.3808, 2.6315 -0.6149 3.2221, 2.587 -0.5065 3.3062, 1.5103 -0.6149 3.2221, 1.5011 -0.7288 3.1339, 2.614 -0.8409 3.047, 1.5278 -0.8409 3.047, 2.5531 -0.9441 2.9669, 1.5886 -0.9441 2.9669, 2.4619 -1.0321 2.8987, 1.6798 -1.0321 2.8987, 2.3461 -1.0992 2.8467, 1.7957 -1.0992 2.8467, 2.2129 -1.1412 2.8141, 1.9288 -1.1412 2.8141, 2.0709 -1.1555 2.803, 2.4055 -1.2083 4.3172, 1.7362 -1.2083 4.3172, 1.7756 1.9154 0.0394, 1.7756 -2.8484 0.0394, 1.6316 -1.2775 4.2481, 1.5547 -1.3629 4.1626, 1.5103 -1.4592 4.0664, 1.5011 -1.5602 3.9653, 1.5278 -1.6597 3.8658, 1.5886 -1.7514 3.7742, 1.6798 -1.8295 3.6961, 1.7957 -1.889 3.6365, 1.9288 -1.9263 3.5992, 2.0709 -1.939 3.5865, 2.2129 -1.9263 3.5992, 2.3461 -1.889 3.6365, 2.4619 -1.8295 3.6961, 2.5531 -1.7514 3.7742, 2.614 -1.6597 3.8658, 2.6406 -1.5602 3.9653, 2.6315 -1.4592 4.0664, 2.587 -1.3629 4.1626, 2.5101 -1.2775 4.2481, 1.3819 1.3248 4.5669
            ]
        }
        coordIndex [
            0,1,2,-1,3,4,5,-1,2,3,0,-1,0,3,5,-1,0,5,6,-1,6,5,7,-1,6,7,8,-1,9,2,10,-1,10,2,1,-1,10,1,8,-1,8,1,11,-1,8,11,6,-1,12,13,14,-1,12,14,15,-1,15,14,16,-1,15,16,17,-1,17,16,18,-1,17,18,19,-1,19,18,20,-1,19,20,21,-1,21,20,22,-1,21,22,23,-1,23,22,24,-1,23,24,25,-1,25,24,26,-1,25,26,27,-1,19,21,28,-1,21,23,28,-1,28,23,25,-1,28,25,27,-1,12,15,28,-1,28,15,17,-1,28,17,19,-1,29,30,26,-1,26,30,31,-1,26,31,27,-1,27,31,32,-1,27,32,28,-1,28,32,33,-1,28,33,34,-1,34,33,35,-1,34,35,36,-1,36,35,37,-1,36,37,29,-1,29,37,30,-1,32,31,38,-1,39,40,41,-1,42,39,43,-1,43,39,41,-1,43,41,44,-1,44,41,30,-1,44,30,37,-1,41,40,45,-1,45,40,46,-1,47,48,49,-1,49,48,45,-1,45,46,50,-1,51,49,52,-1,52,49,45,-1,52,45,53,-1,53,45,50,-1,53,50,54,-1,38,55,33,-1,33,55,56,-1,33,56,35,-1,56,55,47,-1,47,55,48,-1,57,58,59,-1,59,60,57,-1,57,60,61,-1,57,61,62,-1,62,63,57,-1,57,63,64,-1,57,64,65,-1,37,35,44,-1,44,35,56,-1,44,56,66,-1,66,56,67,-1,67,56,68,-1,68,56,47,-1,68,47,49,-1,33,32,38,-1,68,49,51,-1,46,40,50,-1,50,40,39,-1,54,50,69,-1,69,50,39,-1,69,39,42,-1,53,54,69,-1,53,69,66,-1,66,69,43,-1,66,43,44,-1,66,67,53,-1,53,67,52,-1,68,51,67,-1,67,51,52,-1,69,42,43,-1,36,70,34,-1,34,70,71,-1,28,34,71,-1,72,57,73,-1,73,57,71,-1,71,57,28,-1,74,75,76,-1,77,78,79,-1,79,78,80,-1,75,81,76,-1,76,81,82,-1,76,82,83,-1,84,85,79,-1,85,86,79,-1,79,86,87,-1,79,87,76,-1,76,87,88,-1,76,88,74,-1,80,89,79,-1,79,89,90,-1,79,90,91,-1,91,92,79,-1,79,92,93,-1,79,93,94,-1,94,95,79,-1,79,95,96,-1,79,96,97,-1,97,98,79,-1,79,98,99,-1,79,99,84,-1,84,100,85,-1,85,100,101,-1,85,101,86,-1,86,101,102,-1,86,102,87,-1,87,102,103,-1,87,103,88,-1,88,103,104,-1,88,104,74,-1,74,104,105,-1,74,105,75,-1,75,105,106,-1,75,106,81,-1,81,106,107,-1,81,107,82,-1,82,107,108,-1,82,108,83,-1,83,108,109,-1,110,111,112,-1,110,112,113,-1,109,108,114,-1,114,108,107,-1,114,107,106,-1,106,105,114,-1,114,105,104,-1,114,104,112,-1,112,104,103,-1,112,103,102,-1,102,101,112,-1,112,101,100,-1,112,100,115,-1,115,116,112,-1,112,116,117,-1,112,117,118,-1,119,112,120,-1,120,112,121,-1,119,122,112,-1,112,122,123,-1,112,123,113,-1,118,124,112,-1,112,124,125,-1,112,125,121,-1,126,114,127,-1,127,114,112,-1,128,129,130,-1,130,129,131,-1,130,131,132,-1,131,133,132,-1,132,133,134,-1,132,134,135,-1,135,134,136,-1,135,136,137,-1,138,139,140,-1,138,140,141,-1,140,142,141,-1,141,142,143,-1,141,143,144,-1,143,145,144,-1,144,145,146,-1,144,146,147,-1,148,149,150,-1,150,149,151,-1,150,151,152,-1,133,143,134,-1,134,143,142,-1,134,142,136,-1,136,142,140,-1,136,140,137,-1,137,140,139,-1,137,139,148,-1,148,139,153,-1,148,153,149,-1,129,128,154,-1,154,128,155,-1,154,156,129,-1,129,156,146,-1,133,131,143,-1,143,131,129,-1,143,129,145,-1,145,129,146,-1,157,147,156,-1,156,147,146,-1,158,159,8,-1,8,159,10,-1,160,158,7,-1,7,158,8,-1,5,161,7,-1,7,161,160,-1,162,163,164,-1,164,163,165,-1,152,151,166,-1,166,151,167,-1,166,167,168,-1,169,170,171,-1,171,170,172,-1,171,172,167,-1,167,172,173,-1,167,173,168,-1,169,174,170,-1,170,174,175,-1,170,175,176,-1,176,175,177,-1,176,177,178,-1,178,177,179,-1,178,179,180,-1,180,179,181,-1,180,181,182,-1,182,181,183,-1,182,183,184,-1,184,183,185,-1,184,185,186,-1,187,135,137,-1,152,166,150,-1,150,166,187,-1,150,187,148,-1,148,187,137,-1,188,167,151,-1,139,138,153,-1,153,138,188,-1,153,188,149,-1,149,188,151,-1,115,100,99,-1,99,100,84,-1,94,125,124,-1,94,124,95,-1,95,124,118,-1,95,118,96,-1,96,118,117,-1,96,117,97,-1,97,117,116,-1,97,116,98,-1,98,116,115,-1,98,115,99,-1,125,94,121,-1,121,94,93,-1,161,5,189,-1,189,5,4,-1,9,10,190,-1,190,10,159,-1,161,189,160,-1,160,189,164,-1,160,164,158,-1,158,164,165,-1,158,165,159,-1,159,165,190,-1,167,188,191,-1,167,191,171,-1,171,191,192,-1,171,192,169,-1,169,192,193,-1,169,193,174,-1,174,193,194,-1,174,194,175,-1,175,194,195,-1,175,195,177,-1,177,195,196,-1,177,196,179,-1,179,196,197,-1,179,197,181,-1,181,197,198,-1,181,198,183,-1,183,198,199,-1,183,199,185,-1,185,199,200,-1,185,200,186,-1,186,200,201,-1,186,201,184,-1,184,201,202,-1,184,202,182,-1,182,202,203,-1,182,203,180,-1,180,203,204,-1,180,204,178,-1,178,204,205,-1,178,205,176,-1,176,205,206,-1,176,206,170,-1,170,206,207,-1,170,207,172,-1,172,207,208,-1,172,208,173,-1,173,208,209,-1,173,209,168,-1,168,209,187,-1,168,187,166,-1,121,93,92,-1,121,92,120,-1,120,92,91,-1,120,91,119,-1,119,91,90,-1,119,90,122,-1,122,90,89,-1,122,89,123,-1,123,89,80,-1,123,80,113,-1,113,80,78,-1,113,78,110,-1,210,127,111,-1,111,127,112,-1,45,48,41,-1,41,48,55,-1,41,55,30,-1,30,55,38,-1,30,38,31,-1,
        ]
    }
}
Shape{
    appearance Appearance {
        material  Material 	{
            diffuseColor 0.6666666666666666 0.6666666666666666 0.6666666666666666
            specularColor 0.4666666666666667 0.4666666666666667 0.4666666666666667
            ambientIntensity 0.6667
            transparency 0.0
            shininess 0.5
        }
    }
    geometry IndexedFaceSet {
        ccw TRUE
        solid FALSE
        coord DEF co Coordinate {
            point [
                1.9035 -0.9193 -0.9842, 1.9035 -1.0768 -0.9842, 1.9035 -0.9193 -0.8858, 1.9035 -1.0768 -0.8858, 1.9035 -0.918 -0.8759, 1.9035 -1.0705 -0.8364, 1.9035 -0.9143 -0.8667, 1.9035 -1.052 -0.7902, 1.9035 -0.9084 -0.8587, 1.9035 -1.0225 -0.7501, 1.9035 -0.8501 -0.7794, 1.9035 -0.9878 -0.7029, 1.9035 -0.8136 -0.6881, 1.9035 -0.966 -0.6486, 1.9035 -0.8012 -0.5905, 1.9035 -0.9586 -0.5905, 1.9035 -0.8136 -0.493, 1.9035 -0.966 -0.5325, 1.9035 -0.8501 -0.4017, 1.9035 -0.9878 -0.4782, 1.9035 -0.9084 -0.3224, 1.9035 -1.0225 -0.431, 1.9035 -0.9143 -0.3144, 1.9035 -1.052 -0.3909, 1.9035 -0.918 -0.3052, 1.9035 -1.0705 -0.3447, 1.9035 -0.9193 -0.2953, 1.9035 -1.0768 -0.2953, 1.9035 -0.9193 0.1575, 1.9035 -1.0768 0.1575, 2.1988 -0.9193 -0.2953, 2.1988 -0.9193 0.1575, 2.1988 -1.0768 -0.9842, 2.1988 -0.9193 -0.9842, 2.1988 -1.0768 -0.8858, 2.1988 -0.9193 -0.8858, 2.1988 -1.0705 -0.8364, 2.1988 -0.918 -0.8759, 2.1988 -1.052 -0.7902, 2.1988 -0.9143 -0.8667, 2.1988 -1.0225 -0.7501, 2.1988 -0.9084 -0.8587, 2.1988 -0.9878 -0.7029, 2.1988 -0.8501 -0.7794, 2.1988 -0.966 -0.6486, 2.1988 -0.8136 -0.6881, 2.1988 -0.9586 -0.5905, 2.1988 -0.8012 -0.5905, 2.1988 -0.966 -0.5325, 2.1988 -0.8136 -0.493, 2.1988 -0.9878 -0.4782, 2.1988 -0.8501 -0.4017, 2.1988 -1.0225 -0.431, 2.1988 -0.9084 -0.3224, 2.1988 -1.052 -0.3909, 2.1988 -0.9143 -0.3144, 2.1988 -1.0705 -0.3447, 2.1988 -0.918 -0.3052, 2.1988 -1.0768 -0.2953, 2.1988 -1.0768 0.1575, 1.9823 -1.0768 -1.378, 1.9823 -0.9193 -1.378, 2.1201 -1.0768 -1.378, 2.1201 -0.9193 -1.378
            ]
        }
        coordIndex [
            0,1,2,-1,2,1,3,-1,2,3,4,-1,4,3,5,-1,4,5,6,-1,6,5,7,-1,6,7,8,-1,8,7,9,-1,8,9,10,-1,10,9,11,-1,10,11,12,-1,12,11,13,-1,12,13,14,-1,14,13,15,-1,14,15,16,-1,16,15,17,-1,16,17,18,-1,18,17,19,-1,18,19,20,-1,20,19,21,-1,20,21,22,-1,22,21,23,-1,22,23,24,-1,24,23,25,-1,24,25,26,-1,26,25,27,-1,26,27,28,-1,28,27,29,-1,30,26,31,-1,31,26,28,-1,32,33,34,-1,34,33,35,-1,34,35,36,-1,36,35,37,-1,36,37,38,-1,38,37,39,-1,38,39,40,-1,40,39,41,-1,40,41,42,-1,42,41,43,-1,42,43,44,-1,44,43,45,-1,44,45,46,-1,46,45,47,-1,46,47,48,-1,48,47,49,-1,48,49,50,-1,50,49,51,-1,50,51,52,-1,52,51,53,-1,52,53,54,-1,54,53,55,-1,54,55,56,-1,56,55,57,-1,56,57,58,-1,58,57,30,-1,58,30,59,-1,59,30,31,-1,27,58,29,-1,29,58,59,-1,60,61,62,-1,62,61,63,-1,0,61,1,-1,1,61,60,-1,26,30,24,-1,24,30,57,-1,24,57,22,-1,22,57,55,-1,22,55,20,-1,20,55,53,-1,20,53,51,-1,20,51,18,-1,18,51,49,-1,18,49,16,-1,16,49,47,-1,16,47,14,-1,14,47,45,-1,14,45,12,-1,12,45,43,-1,12,43,10,-1,10,43,41,-1,10,41,8,-1,8,41,6,-1,6,41,39,-1,6,39,4,-1,4,39,37,-1,4,37,2,-1,2,37,35,-1,63,61,33,-1,33,61,0,-1,33,0,35,-1,35,0,2,-1,63,33,62,-1,62,33,32,-1,34,3,32,-1,32,3,1,-1,32,1,62,-1,62,1,60,-1,3,34,36,-1,3,36,5,-1,5,36,38,-1,5,38,7,-1,7,38,40,-1,7,40,9,-1,9,40,11,-1,11,40,42,-1,11,42,13,-1,13,42,44,-1,13,44,15,-1,15,44,46,-1,15,46,17,-1,17,46,48,-1,17,48,19,-1,19,48,50,-1,19,50,21,-1,21,50,52,-1,21,52,54,-1,21,54,23,-1,23,54,56,-1,23,56,25,-1,25,56,58,-1,25,58,27,-1,
        ]
    }
}
Shape{
    appearance Appearance {
        material  Material 	{
            diffuseColor 0.34901960784313724 0.34901960784313724 0.34901960784313724
            specularColor 0.023529411764705882 0.023529411764705882 0.023529411764705882
            ambientIntensity 0.498
            transparency 0.0
            shininess 0.5
        }
    }
    geometry IndexedFaceSet {
        ccw TRUE
        solid FALSE
        coord DEF co Coordinate {
            point [
                -5.5079 0.8668 3.5967, -5.5079 0.9397 3.5967, -5.5079 0.9349 3.6044, -5.5079 0.932 3.6131, -5.5079 0.9311 3.6223, -5.5079 0.9324 3.6313, -5.5079 0.9358 3.6398, -5.5079 0.9411 3.6474, -5.5079 0.9479 3.6534, -5.5079 -0.1319 4.1732, -5.5079 -0.1319 3.5967, -5.5079 -2.8484 0.0394, -5.5079 1.9154 0.0394, -5.5079 -2.8484 0.1575, -5.5079 1.9154 0.1575, -6.0984 0.8668 3.5967, -6.0984 -0.1319 4.1732, -6.0984 1.0678 3.7374, -5.5079 1.0678 3.7374, -6.0984 1.0814 3.7495, -5.5079 1.0814 3.7495, -6.0984 1.0919 3.7645, -5.5079 1.0919 3.7645, -6.0984 1.0987 3.7815, -5.5079 1.0987 3.7815, -6.0984 1.1013 3.7996, -5.5079 1.1013 3.7996, -6.0984 1.0997 3.8178, -5.5079 1.0997 3.8178, -6.0984 1.094 3.8352, -5.5079 1.094 3.8352, -6.0984 1.0844 3.8507, -5.5079 1.0844 3.8507, -6.0984 1.0715 3.8637, -5.5079 1.0715 3.8637, -6.0984 1.0559 3.8732, -5.5079 1.0559 3.8732, -6.0984 0.6844 4.0465, -5.5079 0.6844 4.0465, -5.5079 0.6616 4.0605, -6.0984 0.6616 4.0605, -5.5079 0.6425 4.0792, -6.0984 0.6425 4.0792, -5.5079 0.6281 4.1018, -6.0984 0.6281 4.1018, -5.5079 0.6192 4.127, -6.0984 0.6192 4.127, -5.5079 0.6162 4.1535, -6.0984 0.6162 4.1535, -6.0984 0.6162 4.4488, -5.5079 0.6162 4.4488, -5.5079 0.6202 4.4794, -6.0984 0.6202 4.4794, -5.5079 0.632 4.5079, -6.0984 0.632 4.5079, -5.5079 0.6508 4.5323, -6.0984 0.6508 4.5323, -5.5079 0.6752 4.5511, -6.0984 0.6752 4.5511, -5.5079 0.7037 4.5629, -6.0984 0.7037 4.5629, -5.5079 0.7343 4.5669, -6.0984 0.7343 4.5669, -6.0984 -2.8484 0.0394, -6.0984 1.9154 0.0394, -6.0984 1.8563 1.6929, -6.0984 1.9154 1.6929, -6.0984 -0.9586 4.5669, -6.0984 -0.5256 4.5669, -6.0984 -2.8484 2.6772, -6.0984 1.9154 2.2835, -6.0984 1.9154 3.6614, -6.0984 1.6329 4.4374, -6.0984 1.8563 2.2835, -6.0984 1.6112 4.4802, -6.0984 1.448 4.5669, -6.0984 1.4956 4.5611, -6.0984 1.5404 4.5439, -6.0984 1.5797 4.5164, -5.5079 1.128 4.3701, -5.5079 1.3248 4.5669, -5.5079 1.128 3.7795, -5.1142 -2.8484 0.1575, 5.5157 -2.8484 2.6772, -3.7362 -2.8484 0.1575, -3.7362 -2.8484 0.0394, -2.752 -2.8484 0.0394, -2.752 -2.8484 0.1575, -2.3583 -2.8484 0.1575, -4.1299 -2.8484 0.1575, -4.1299 -2.8484 0.0394, -5.1142 -2.8484 0.0394, -0.9803 -2.8484 0.1575, -0.9803 -2.8484 0.0394, 0.0039 -2.8484 0.0394, 0.0039 -2.8484 0.1575, 0.3976 -2.8484 0.1575, -1.374 -2.8484 0.1575, -1.374 -2.8484 0.0394, -2.3583 -2.8484 0.0394, 1.7756 -2.8484 0.1575, 1.7756 -2.8484 0.0394, 2.7598 -2.8484 0.0394, 2.7598 -2.8484 0.1575, 3.1535 -2.8484 0.1575, 1.3819 -2.8484 0.1575, 1.3819 -2.8484 0.0394, 0.3976 -2.8484 0.0394, 4.5315 -2.8484 0.0394, 5.5157 -2.8484 0.0394, 4.5315 -2.8484 0.1575, 4.1378 -2.8484 0.1575, 4.1378 -2.8484 0.0394, 3.1535 -2.8484 0.0394
            ]
        }
        coordIndex [
            0,1,2,-1,2,3,0,-1,0,3,4,-1,0,4,5,-1,5,6,0,-1,0,6,7,-1,0,7,8,-1,9,10,0,-1,11,12,13,-1,13,12,14,-1,15,16,0,-1,0,16,9,-1,17,18,19,-1,19,18,20,-1,19,20,21,-1,21,20,22,-1,21,22,23,-1,23,22,24,-1,23,24,25,-1,25,24,26,-1,25,26,27,-1,27,26,28,-1,27,28,29,-1,29,28,30,-1,29,30,31,-1,31,30,32,-1,31,32,33,-1,33,32,34,-1,33,34,35,-1,35,34,36,-1,37,35,38,-1,38,35,36,-1,37,38,39,-1,37,39,40,-1,40,39,41,-1,40,41,42,-1,42,41,43,-1,42,43,44,-1,44,43,45,-1,44,45,46,-1,46,45,47,-1,46,47,48,-1,49,48,50,-1,50,48,47,-1,49,50,51,-1,49,51,52,-1,52,51,53,-1,52,53,54,-1,54,53,55,-1,54,55,56,-1,56,55,57,-1,56,57,58,-1,58,57,59,-1,58,59,60,-1,60,59,61,-1,60,61,62,-1,63,64,11,-1,11,64,12,-1,65,66,64,-1,67,68,69,-1,69,68,16,-1,69,16,63,-1,70,19,71,-1,71,19,21,-1,71,21,23,-1,23,25,71,-1,71,25,27,-1,71,27,72,-1,64,63,65,-1,65,63,16,-1,65,16,73,-1,73,16,15,-1,73,15,70,-1,70,15,17,-1,70,17,19,-1,27,29,72,-1,72,29,31,-1,72,31,74,-1,74,31,33,-1,75,76,33,-1,76,77,33,-1,33,77,78,-1,33,78,74,-1,46,48,75,-1,75,48,49,-1,75,49,62,-1,33,35,75,-1,75,35,37,-1,75,37,40,-1,40,42,75,-1,75,42,44,-1,75,44,46,-1,49,52,62,-1,62,52,54,-1,62,54,60,-1,60,54,56,-1,60,56,58,-1,79,80,61,-1,36,34,79,-1,81,26,24,-1,24,22,81,-1,81,22,20,-1,81,20,18,-1,36,79,38,-1,34,32,79,-1,79,32,30,-1,79,30,81,-1,81,30,28,-1,81,28,26,-1,61,59,79,-1,79,59,57,-1,79,57,55,-1,55,53,79,-1,79,53,51,-1,79,51,50,-1,50,47,79,-1,79,47,45,-1,79,45,43,-1,43,41,79,-1,79,41,39,-1,79,39,38,-1,63,11,13,-1,63,13,69,-1,69,13,82,-1,69,82,83,-1,84,85,86,-1,87,88,83,-1,86,87,84,-1,84,87,83,-1,84,83,89,-1,89,83,82,-1,89,82,90,-1,90,82,91,-1,92,93,94,-1,95,96,83,-1,94,95,92,-1,92,95,83,-1,92,83,97,-1,97,83,88,-1,97,88,98,-1,98,88,99,-1,100,101,102,-1,103,104,83,-1,102,103,100,-1,100,103,83,-1,100,83,105,-1,105,83,96,-1,105,96,106,-1,106,96,107,-1,108,109,110,-1,110,109,83,-1,110,83,111,-1,111,83,104,-1,111,104,112,-1,112,104,113,-1,
        ]
    }
}
Shape{
    appearance Appearance {
        material  Material 	{
            diffuseColor 1.0 1.0 1.0
            specularColor 0.5019607843137255 0.5019607843137255 0.5019607843137255
            ambientIntensity 1.0
            transparency 0.0
            shininess 0.5
        }
    }
    geometry IndexedFaceSet {
        ccw TRUE
        solid FALSE
        coord DEF co Coordinate {
            point [
                0.3322 -2.5764 2.9548, 0.3477 -2.5697 2.9614, 0.328 -2.5734 2.9577, 0.3418 -2.5656 2.9656, 0.3169 -2.5683 2.9629, 0.3273 -2.5585 2.9727, 0.3041 -2.5651 2.966, 0.3099 -2.5538 2.9773, 0.2861 -2.5638 2.9674, 0.2868 -2.552 2.9792, 0.2642 -2.5638 2.9674, 0.2454 -2.552 2.9792, 0.2642 -2.643 2.8882, 0.2454 -2.6547 2.8765, 0.2853 -2.643 2.8882, 0.2854 -2.6547 2.8765, 0.3041 -2.6415 2.8897, 0.3063 -2.6532 2.878, 0.3165 -2.6383 2.8928, 0.3236 -2.6491 2.8821, 0.326 -2.6338 2.8973, 0.338 -2.6426 2.8886, 0.3284 -2.6323 2.8989, 0.3418 -2.6403 2.8909, 0.336 -2.6255 2.9056, 0.3526 -2.6312 2.9, 0.3409 -2.6178 2.9134, 0.3597 -2.6206 2.9106, 0.3436 -2.6082 2.9229, 0.3632 -2.6085 2.9226, 0.344 -2.6024 2.9288, 0.3637 -2.602 2.9291, 0.3419 -2.5897 2.9414, 0.3616 -2.5888 2.9423, 0.3378 -2.5822 2.949, 0.3565 -2.5788 2.9523, 0.3418 -2.6375 2.8881, 0.3526 -2.6284 2.8972, 0.3597 -2.6178 2.9078, 0.3632 -2.6057 2.9198, 0.3637 -2.5992 2.9264, 0.3616 -2.586 2.9396, 0.3565 -2.5761 2.9495, 0.3477 -2.5669 2.9587, 0.3418 -2.5628 2.9628, 0.3273 -2.5557 2.9699, 0.3099 -2.5511 2.9745, 0.2868 -2.5492 2.9764, 0.2454 -2.5492 2.9764, 0.2454 -2.6519 2.8737, 0.2854 -2.6519 2.8737, 0.3063 -2.6504 2.8752, 0.3236 -2.6463 2.8793, 0.338 -2.6398 2.8858, 0.328 -2.5707 2.9549, 0.3322 -2.5736 2.952, 0.3378 -2.5794 2.9462, 0.3419 -2.5869 2.9386, 0.344 -2.5996 2.926, 0.2861 -2.561 2.9646, 0.3041 -2.5623 2.9632, 0.3169 -2.5655 2.9601, 0.2642 -2.561 2.9646, 0.2642 -2.6402 2.8854, 0.2853 -2.6402 2.8854, 0.3284 -2.6295 2.8961, 0.326 -2.631 2.8945, 0.3165 -2.6355 2.89, 0.3041 -2.6387 2.8869, 0.3436 -2.6054 2.9201, 0.3409 -2.615 2.9106, 0.336 -2.6227 2.9029
            ]
        }
        coordIndex [
            0,1,2,-1,2,1,3,-1,2,3,4,-1,4,3,5,-1,4,5,6,-1,6,5,7,-1,6,7,8,-1,8,7,9,-1,8,9,10,-1,10,9,11,-1,10,11,12,-1,12,11,13,-1,12,13,14,-1,14,13,15,-1,14,15,16,-1,16,15,17,-1,16,17,18,-1,18,17,19,-1,18,19,20,-1,20,19,21,-1,20,21,22,-1,22,21,23,-1,22,23,24,-1,24,23,25,-1,24,25,26,-1,26,25,27,-1,26,27,28,-1,28,27,29,-1,28,29,30,-1,30,29,31,-1,30,31,32,-1,32,31,33,-1,32,33,34,-1,34,33,35,-1,34,35,0,-1,0,35,1,-1,23,36,37,-1,23,37,25,-1,25,37,38,-1,25,38,27,-1,27,38,39,-1,27,39,29,-1,29,39,40,-1,29,40,31,-1,31,40,41,-1,31,41,33,-1,33,41,42,-1,33,42,35,-1,35,42,43,-1,35,43,1,-1,1,43,44,-1,1,44,3,-1,3,44,45,-1,3,45,5,-1,5,45,46,-1,5,46,7,-1,7,46,47,-1,7,47,9,-1,11,9,48,-1,48,9,47,-1,13,11,49,-1,49,11,48,-1,15,13,50,-1,50,13,49,-1,15,50,51,-1,15,51,17,-1,17,51,52,-1,17,52,19,-1,19,52,53,-1,19,53,21,-1,21,53,36,-1,21,36,23,-1,2,54,55,-1,2,55,0,-1,0,55,56,-1,0,56,34,-1,34,56,57,-1,34,57,32,-1,32,57,58,-1,32,58,30,-1,8,59,60,-1,8,60,6,-1,6,60,61,-1,6,61,4,-1,4,61,54,-1,4,54,2,-1,8,10,59,-1,59,10,62,-1,10,12,62,-1,62,12,63,-1,12,14,63,-1,63,14,64,-1,22,65,66,-1,22,66,20,-1,20,66,67,-1,20,67,18,-1,18,67,68,-1,18,68,16,-1,16,68,64,-1,16,64,14,-1,30,58,69,-1,30,69,28,-1,28,69,70,-1,28,70,26,-1,26,70,71,-1,26,71,24,-1,24,71,65,-1,24,65,22,-1,
        ]
    }
}
Shape{
    appearance Appearance {
        material  Material 	{
            diffuseColor 0.34901960784313724 0.34901960784313724 0.34901960784313724
            specularColor 0.023529411764705882 0.023529411764705882 0.023529411764705882
            ambientIntensity 0.498
            transparency 0.0
            shininess 0.5
        }
    }
    geometry IndexedFaceSet {
        ccw TRUE
        solid FALSE
        coord DEF co Coordinate {
            point [
                0.2642 -2.561 2.9646, 0.2642 -2.6402 2.8854, 0.2861 -2.561 2.9646, 0.2853 -2.6402 2.8854, 0.326 -2.631 2.8945, 0.3284 -2.6295 2.8961, 0.3041 -2.6387 2.8869, 0.3165 -2.6355 2.89, 0.336 -2.6227 2.9029, 0.3409 -2.615 2.9106, 0.3436 -2.6054 2.9201, 0.344 -2.5996 2.926, 0.3419 -2.5869 2.9386, 0.3378 -2.5794 2.9462, 0.3322 -2.5736 2.952, 0.328 -2.5707 2.9549, 0.3041 -2.5623 2.9632, 0.3169 -2.5655 2.9601
            ]
        }
        coordIndex [
            0,1,2,-1,2,1,3,-1,2,4,5,-1,3,6,2,-1,2,6,7,-1,2,7,4,-1,5,8,2,-1,2,8,9,-1,2,9,10,-1,10,11,2,-1,2,11,12,-1,2,12,13,-1,13,14,2,-1,2,14,15,-1,2,15,16,-1,16,15,17,-1,
        ]
    }
}
Shape{
    appearance Appearance {
        material  Material 	{
            diffuseColor 1.0 1.0 1.0
            specularColor 0.5019607843137255 0.5019607843137255 0.5019607843137255
            ambientIntensity 1.0
            transparency 0.0
            shininess 0.5
        }
    }
    geometry IndexedFaceSet {
        ccw TRUE
        solid FALSE
        coord DEF co Coordinate {
            point [
                0.073 -2.6366 2.8946, 0.073 -2.6338 2.8918, 0.0717 -2.6372 2.8884, 0.0717 -2.64 2.8912, 0.0708 -2.6397 2.8859, 0.0708 -2.6425 2.8886, 0.0703 -2.6425 2.8886, 0.0703 -2.6397 2.8859, 0.0681 -2.6365 2.8947, 0.0681 -2.6337 2.8919, 0.041 -2.5785 2.947, 0.041 -2.5813 2.9498, 0.0498 -2.5964 2.9292, 0.0207 -2.5813 2.9498, 0.0207 -2.5785 2.947, 0.0613 -2.6517 2.8738, 0.0613 -2.6545 2.8766, 0.0498 -2.6309 2.8946, 0.0534 -2.6651 2.8605, 0.0534 -2.6679 2.8633, 0.0607 -2.6528 2.8728, 0.0498 -2.6697 2.8559, 0.0498 -2.6725 2.8587, 0.0498 -2.6697 2.8559, 0.0464 -2.6752 2.856, 0.0464 -2.6724 2.8532, 0.0431 -2.674 2.8516, 0.0431 -2.6768 2.8543, 0.0391 -2.6751 2.8505, 0.0391 -2.6779 2.8533, 0.0347 -2.6754 2.8502, 0.0347 -2.6782 2.8529, 0.0281 -2.6748 2.8508, 0.0281 -2.6776 2.8535, 0.0244 -2.674 2.8516, 0.0244 -2.6767 2.8544, 0.0244 -2.6882 2.843, 0.0244 -2.6854 2.8402, 0.0321 -2.6863 2.8392, 0.0321 -2.6891 2.842, 0.0361 -2.6864 2.8391, 0.0361 -2.6892 2.8419, 0.0435 -2.6859 2.8397, 0.0435 -2.6886 2.8425, 0.0498 -2.6842 2.8414, 0.0507 -2.6867 2.8444, 0.0507 -2.6839 2.8417, 0.057 -2.6808 2.8448, 0.057 -2.6836 2.8476, 0.0583 -2.68 2.8456, 0.0583 -2.6828 2.8484, 0.0649 -2.6743 2.8513, 0.0649 -2.6771 2.854, 0.0732 -2.663 2.8626, 0.0732 -2.6658 2.8654, 0.1202 -2.5785 2.947, 0.1202 -2.5813 2.9498, 0.0789 -2.6528 2.8728, 0.1014 -2.5813 2.9498, 0.1014 -2.5785 2.947, -0.0307 -2.6564 2.8747, -0.0307 -2.6536 2.8719, -0.0157 -2.6553 2.8759, -0.0193 -2.6528 2.8728, -0.0157 -2.6525 2.8731, -0.0058 -2.65 2.8756, -0.0058 -2.6528 2.8784, -0.0005 -2.6478 2.8778, -0.0005 -2.6506 2.8806, 0.0047 -2.6446 2.881, 0.0047 -2.6474 2.8838, 0.0081 -2.6412 2.8844, 0.0081 -2.644 2.8872, 0.0103 -2.6371 2.8885, 0.0103 -2.6399 2.8913, 0.0112 -2.6319 2.8936, 0.0112 -2.6347 2.8964, 0.0104 -2.6271 2.8984, 0.0104 -2.6299 2.9012, 0.0085 -2.6234 2.9022, 0.0085 -2.6261 2.905, 0.0051 -2.6198 2.9058, 0.0051 -2.6226 2.9086, 0.0008 -2.6171 2.9085, 0.0008 -2.6199 2.9113, -0.0113 -2.6123 2.9133, -0.0113 -2.6151 2.916, -0.0184 -2.6103 2.9153, -0.0184 -2.6131 2.9181, -0.0296 -2.6068 2.9187, -0.0296 -2.6096 2.9215, -0.036 -2.604 2.9216, -0.036 -2.6068 2.9244, -0.0378 -2.6026 2.923, -0.0378 -2.6054 2.9257, -0.0391 -2.6009 2.9247, -0.0391 -2.6037 2.9275, -0.0399 -2.5989 2.9267, -0.0399 -2.6017 2.9295, -0.04 -2.5972 2.9284, -0.04 -2.6 2.9312, -0.0397 -2.5951 2.9305, -0.0397 -2.5979 2.9332, -0.0388 -2.5934 2.9322, -0.0388 -2.5962 2.935, -0.0372 -2.5918 2.9338, -0.0372 -2.5945 2.9366, -0.0345 -2.59 2.9355, -0.0345 -2.5928 2.9383, -0.0304 -2.5885 2.9371, -0.0304 -2.5913 2.9399, -0.0255 -2.5876 2.938, -0.0255 -2.5904 2.9408, -0.0202 -2.5873 2.9383, -0.0202 -2.5901 2.9411, -0.0082 -2.5883 2.9373, -0.0082 -2.5911 2.9401, 0.0021 -2.5909 2.9347, 0.0021 -2.5937 2.9374, 0.0062 -2.5926 2.933, 0.0062 -2.5954 2.9358, 0.0062 -2.5829 2.9482, 0.0062 -2.5801 2.9455, -0.0083 -2.5773 2.9482, -0.0083 -2.5801 2.951, -0.0184 -2.5769 2.9487, -0.0184 -2.5796 2.9515, -0.0318 -2.5779 2.9477, -0.0318 -2.5807 2.9505, -0.0418 -2.5804 2.9451, -0.0418 -2.5832 2.9479, -0.0471 -2.5827 2.9429, -0.0471 -2.5855 2.9457, -0.0525 -2.5889 2.9422, -0.0505 -2.5848 2.9408, -0.0525 -2.5861 2.9395, -0.0559 -2.5896 2.936, -0.0559 -2.5924 2.9388, -0.0581 -2.5937 2.9318, -0.0581 -2.5965 2.9346, -0.0588 -2.5983 2.9272, -0.0588 -2.6011 2.93, -0.058 -2.6033 2.9222, -0.058 -2.6061 2.925, -0.056 -2.6073 2.9183, -0.056 -2.61 2.9211, -0.0536 -2.6099 2.9156, -0.0536 -2.6127 2.9184, -0.0312 -2.6197 2.9059, -0.0312 -2.6224 2.9087, -0.0421 -2.6189 2.9122, -0.0506 -2.6121 2.9134, -0.0506 -2.6149 2.9162, -0.0505 -2.6122 2.9134, -0.0421 -2.6161 2.9094, -0.0193 -2.6232 2.9024, -0.0193 -2.626 2.9052, -0.0122 -2.6262 2.8994, -0.0122 -2.629 2.9021, -0.0099 -2.6279 2.8977, -0.0099 -2.6307 2.9005, -0.0085 -2.6296 2.896, -0.0085 -2.6324 2.8988, -0.0077 -2.6316 2.894, -0.0077 -2.6344 2.8968, -0.0075 -2.6332 2.8924, -0.0075 -2.636 2.8952, -0.0079 -2.6357 2.8899, -0.0079 -2.6384 2.8927, -0.0088 -2.6375 2.8881, -0.0088 -2.6403 2.8909, -0.0104 -2.6391 2.8864, -0.0104 -2.6419 2.8892, -0.0125 -2.6405 2.8851, -0.0125 -2.6432 2.8879, -0.0141 -2.6412 2.8844, -0.0141 -2.644 2.8872, -0.0188 -2.6424 2.8832, -0.0188 -2.6452 2.886, -0.0282 -2.6431 2.8825, -0.0282 -2.6459 2.8852, -0.029 -2.6431 2.8825, -0.029 -2.6459 2.8852, -0.0589 -2.636 2.8895, -0.0589 -2.6388 2.8923, -0.0518 -2.6419 2.8892, -0.0404 -2.6422 2.8834, -0.0404 -2.645 2.8862, -0.0505 -2.6395 2.8861, -0.0518 -2.6391 2.8864, -0.0589 -2.6521 2.879, -0.0589 -2.6493 2.8763, -0.0459 -2.6553 2.8758, -0.0505 -2.6514 2.8742, -0.0427 -2.6528 2.8728, -0.0459 -2.6525 2.873, -0.1461 -2.6135 2.9177, -0.1409 -2.6232 2.9079, -0.1363 -2.6218 2.9094, -0.1022 -2.6433 2.8878, -0.1017 -2.6433 2.8878, -0.1029 -2.6315 2.8996, -0.1018 -2.6258 2.9054, -0.0835 -2.6075 2.9237, -0.1017 -2.6249 2.9062, -0.1017 -2.6179 2.9133, -0.1017 -2.6547 2.8765, -0.0835 -2.6547 2.8765, -0.1325 -2.6111 2.9201, -0.126 -2.6202 2.911, -0.1017 -2.608 2.9231, -0.1024 -2.6024 2.9288, -0.085 -2.5977 2.9335, -0.1043 -2.5978 2.9334, -0.0878 -2.5918 2.9393, -0.1064 -2.5951 2.936, -0.0916 -2.5877 2.9435, -0.1091 -2.5931 2.9381, -0.0964 -2.5844 2.9467, -0.1124 -2.5916 2.9396, -0.1025 -2.582 2.9492, -0.1166 -2.5905 2.9406, -0.1101 -2.5803 2.9508, -0.1228 -2.5901 2.9411, -0.121 -2.5796 2.9515, -0.1337 -2.5909 2.9402, -0.1389 -2.5811 2.95, -0.1451 -2.5937 2.9375, -0.1525 -2.5847 2.9464, -0.1568 -2.599 2.9322, -0.1568 -2.5865 2.9447, -0.1056 -2.6361 2.8951, -0.1095 -2.6399 2.8913, -0.1051 -2.6464 2.8848, -0.1118 -2.6414 2.8897, -0.1108 -2.6508 2.8804, -0.117 -2.6439 2.8872, -0.1172 -2.6538 2.8774, -0.1225 -2.6453 2.8858, -0.1246 -2.6557 2.8755, -0.1293 -2.6459 2.8853, -0.134 -2.6564 2.8747, -0.1354 -2.6454 2.8858, -0.1449 -2.6555 2.8756, -0.1395 -2.6443 2.8868, -0.1519 -2.6537 2.8775, -0.1432 -2.6426 2.8886, -0.158 -2.6506 2.8805, -0.1447 -2.6415 2.8897, -0.1436 -2.6247 2.9064, -0.1539 -2.6163 2.9149, -0.1458 -2.6266 2.9045, -0.1595 -2.6197 2.9115, -0.1474 -2.629 2.9021, -0.1632 -2.6234 2.9078, -0.1483 -2.6319 2.8992, -0.1657 -2.6279 2.9033, -0.1668 -2.6334 2.8977, -0.1484 -2.634 2.8972, -0.1669 -2.635 2.8961, -0.148 -2.6369 2.8942, -0.166 -2.6409 2.8903, -0.1468 -2.6393 2.8919, -0.1638 -2.6452 2.8859, -0.16 -2.6492 2.882, -0.1228 -2.5873 2.9383, -0.1166 -2.5878 2.9378, -0.1124 -2.5888 2.9368, -0.1091 -2.5903 2.9353, -0.1064 -2.5923 2.9332, -0.1043 -2.595 2.9306, -0.1024 -2.5996 2.926, -0.1017 -2.6053 2.9203, -0.1325 -2.6083 2.9173, -0.1461 -2.6107 2.9149, -0.1539 -2.6135 2.9121, -0.1595 -2.6169 2.9087, -0.1632 -2.6206 2.905, -0.1657 -2.6251 2.9005, -0.1668 -2.6306 2.8949, -0.1669 -2.6323 2.8933, -0.166 -2.6381 2.8875, -0.1638 -2.6424 2.8831, -0.16 -2.6464 2.8792, -0.158 -2.6479 2.8777, -0.134 -2.6536 2.8719, -0.1446 -2.6528 2.8728, -0.1449 -2.6527 2.8728, -0.1519 -2.6509 2.8747, -0.1246 -2.6529 2.8727, -0.1241 -2.6528 2.8728, -0.1172 -2.651 2.8746, -0.1108 -2.648 2.8776, -0.1051 -2.6436 2.882, -0.1022 -2.6406 2.885, -0.1017 -2.6406 2.885, -0.1017 -2.6519 2.8737, -0.0835 -2.6519 2.8737, -0.0835 -2.6047 2.9209, -0.085 -2.5949 2.9307, -0.0878 -2.589 2.9365, -0.0916 -2.5849 2.9407, -0.0964 -2.5816 2.944, -0.1025 -2.5792 2.9464, -0.1101 -2.5775 2.948, -0.121 -2.5769 2.9487, -0.1389 -2.5783 2.9472, -0.1525 -2.582 2.9436, -0.1568 -2.5837 2.9419, -0.1568 -2.5962 2.9294, -0.1451 -2.5909 2.9347, -0.1337 -2.5881 2.9375, -0.1095 -2.6371 2.8885, -0.1118 -2.6387 2.8869, -0.117 -2.6411 2.8845, -0.1225 -2.6425 2.883, -0.1293 -2.6431 2.8825, -0.1017 -2.6221 2.9035, -0.1018 -2.623 2.9026, -0.1029 -2.6287 2.8969, -0.1056 -2.6333 2.8923, -0.1017 -2.6151 2.9105, -0.126 -2.6174 2.9082, -0.1436 -2.6219 2.9037, -0.1409 -2.6205 2.9051, -0.1363 -2.619 2.9066, -0.1484 -2.6312 2.8944, -0.1483 -2.6292 2.8964, -0.1474 -2.6262 2.8994, -0.1458 -2.6238 2.9018, -0.1432 -2.6398 2.8858, -0.1447 -2.6387 2.8869, -0.1468 -2.6365 2.8891, -0.148 -2.6342 2.8914, -0.1354 -2.6426 2.883, -0.1395 -2.6415 2.8841
            ]
        }
        coordIndex [
            0,1,2,-1,0,2,3,-1,3,2,4,-1,3,4,5,-1,6,5,7,-1,7,5,4,-1,8,6,9,-1,9,6,7,-1,10,11,12,-1,12,11,8,-1,12,8,9,-1,13,11,14,-1,14,11,10,-1,15,16,17,-1,17,16,13,-1,17,13,14,-1,18,19,20,-1,20,19,16,-1,20,16,15,-1,19,18,21,-1,19,21,22,-1,22,21,23,-1,22,23,24,-1,23,25,24,-1,24,25,26,-1,24,26,27,-1,27,26,28,-1,27,28,29,-1,29,28,30,-1,29,30,31,-1,31,30,32,-1,31,32,33,-1,33,32,34,-1,33,34,35,-1,36,35,37,-1,37,35,34,-1,36,37,38,-1,36,38,39,-1,39,38,40,-1,39,40,41,-1,41,40,42,-1,41,42,43,-1,43,42,44,-1,43,44,45,-1,44,46,45,-1,45,46,47,-1,45,47,48,-1,48,47,49,-1,48,49,50,-1,50,49,51,-1,50,51,52,-1,52,51,53,-1,52,53,54,-1,55,56,57,-1,57,56,54,-1,57,54,53,-1,58,56,59,-1,59,56,55,-1,0,58,1,-1,1,58,59,-1,3,5,54,-1,56,58,54,-1,54,58,0,-1,54,0,3,-1,11,13,8,-1,8,13,16,-1,8,16,6,-1,52,22,50,-1,50,22,24,-1,35,36,33,-1,33,36,39,-1,33,39,31,-1,31,39,41,-1,31,41,29,-1,29,41,43,-1,29,43,27,-1,27,43,45,-1,27,45,24,-1,24,45,48,-1,24,48,50,-1,5,6,54,-1,54,6,16,-1,54,16,52,-1,52,16,19,-1,52,19,22,-1,60,61,62,-1,62,61,63,-1,63,64,62,-1,62,64,65,-1,62,65,66,-1,66,65,67,-1,66,67,68,-1,68,67,69,-1,68,69,70,-1,70,69,71,-1,70,71,72,-1,72,71,73,-1,72,73,74,-1,74,73,75,-1,74,75,76,-1,76,75,77,-1,76,77,78,-1,78,77,79,-1,78,79,80,-1,80,79,81,-1,80,81,82,-1,82,81,83,-1,82,83,84,-1,84,83,85,-1,84,85,86,-1,86,85,87,-1,86,87,88,-1,88,87,89,-1,88,89,90,-1,90,89,91,-1,90,91,92,-1,92,91,93,-1,92,93,94,-1,94,93,95,-1,94,95,96,-1,96,95,97,-1,96,97,98,-1,98,97,99,-1,98,99,100,-1,100,99,101,-1,100,101,102,-1,102,101,103,-1,102,103,104,-1,104,103,105,-1,104,105,106,-1,106,105,107,-1,106,107,108,-1,108,107,109,-1,108,109,110,-1,110,109,111,-1,110,111,112,-1,112,111,113,-1,112,113,114,-1,114,113,115,-1,114,115,116,-1,116,115,117,-1,116,117,118,-1,118,117,119,-1,118,119,120,-1,121,120,122,-1,122,120,119,-1,121,122,123,-1,121,123,124,-1,124,123,125,-1,124,125,126,-1,126,125,127,-1,126,127,128,-1,128,127,129,-1,128,129,130,-1,130,129,131,-1,130,131,132,-1,132,131,133,-1,133,131,134,-1,134,135,133,-1,133,135,136,-1,133,136,137,-1,137,136,138,-1,137,138,139,-1,139,138,140,-1,139,140,141,-1,141,140,142,-1,141,142,143,-1,143,142,144,-1,143,144,145,-1,145,144,146,-1,145,146,147,-1,148,149,150,-1,147,146,151,-1,147,151,152,-1,152,151,153,-1,152,153,150,-1,150,153,154,-1,150,154,148,-1,149,148,155,-1,149,155,156,-1,156,155,157,-1,156,157,158,-1,158,157,159,-1,158,159,160,-1,160,159,161,-1,160,161,162,-1,162,161,163,-1,162,163,164,-1,164,163,165,-1,164,165,166,-1,166,165,167,-1,166,167,168,-1,168,167,169,-1,168,169,170,-1,170,169,171,-1,170,171,172,-1,172,171,173,-1,172,173,174,-1,174,173,175,-1,174,175,176,-1,176,175,177,-1,176,177,178,-1,178,177,179,-1,178,179,180,-1,180,179,181,-1,180,181,182,-1,183,184,185,-1,182,181,186,-1,182,186,187,-1,187,186,188,-1,187,188,185,-1,185,188,189,-1,185,189,183,-1,190,184,191,-1,191,184,183,-1,190,191,192,-1,192,191,193,-1,61,60,194,-1,194,60,192,-1,194,192,195,-1,195,192,193,-1,106,108,130,-1,130,108,128,-1,156,88,149,-1,149,88,90,-1,66,68,172,-1,172,68,70,-1,172,70,170,-1,170,70,72,-1,170,72,168,-1,168,72,74,-1,168,74,166,-1,166,74,76,-1,166,76,164,-1,164,76,78,-1,164,78,162,-1,162,78,80,-1,162,80,160,-1,160,80,82,-1,160,82,158,-1,158,82,84,-1,158,84,156,-1,156,84,86,-1,156,86,88,-1,60,182,192,-1,192,182,187,-1,192,187,190,-1,190,187,185,-1,190,185,184,-1,108,110,128,-1,128,110,112,-1,128,112,126,-1,126,112,114,-1,126,114,124,-1,124,114,116,-1,124,116,121,-1,121,116,118,-1,121,118,120,-1,172,174,66,-1,66,174,176,-1,66,176,62,-1,62,176,178,-1,62,178,60,-1,60,178,180,-1,60,180,182,-1,130,132,106,-1,106,132,133,-1,106,133,104,-1,104,133,137,-1,104,137,102,-1,102,137,139,-1,102,139,100,-1,100,139,141,-1,100,141,98,-1,98,141,143,-1,98,143,96,-1,96,143,145,-1,96,145,94,-1,94,145,147,-1,94,147,92,-1,92,147,152,-1,92,152,90,-1,90,152,150,-1,90,150,149,-1,196,197,198,-1,199,200,201,-1,202,203,204,-1,204,203,205,-1,206,207,200,-1,200,207,203,-1,200,203,201,-1,201,203,202,-1,196,198,208,-1,208,198,209,-1,208,209,210,-1,209,205,210,-1,210,205,203,-1,210,203,211,-1,211,203,212,-1,211,212,213,-1,213,212,214,-1,213,214,215,-1,215,214,216,-1,215,216,217,-1,217,216,218,-1,217,218,219,-1,219,218,220,-1,219,220,221,-1,221,220,222,-1,221,222,223,-1,223,222,224,-1,223,224,225,-1,225,224,226,-1,225,226,227,-1,227,226,228,-1,227,228,229,-1,229,228,230,-1,201,231,199,-1,199,231,232,-1,199,232,233,-1,233,232,234,-1,233,234,235,-1,235,234,236,-1,235,236,237,-1,237,236,238,-1,237,238,239,-1,239,238,240,-1,239,240,241,-1,241,240,242,-1,241,242,243,-1,243,242,244,-1,243,244,245,-1,245,244,246,-1,245,246,247,-1,247,246,248,-1,197,196,249,-1,249,196,250,-1,249,250,251,-1,251,250,252,-1,251,252,253,-1,253,252,254,-1,253,254,255,-1,254,256,255,-1,255,256,257,-1,255,257,258,-1,258,257,259,-1,258,259,260,-1,260,259,261,-1,260,261,262,-1,262,261,263,-1,262,263,248,-1,248,263,264,-1,248,264,247,-1,223,265,266,-1,223,266,221,-1,221,266,267,-1,221,267,219,-1,219,267,268,-1,219,268,217,-1,217,268,269,-1,217,269,215,-1,215,269,270,-1,215,270,213,-1,213,270,271,-1,213,271,211,-1,211,271,272,-1,211,272,210,-1,208,210,273,-1,273,210,272,-1,208,273,274,-1,208,274,196,-1,196,274,275,-1,196,275,250,-1,250,275,276,-1,250,276,252,-1,252,276,277,-1,252,277,254,-1,254,277,278,-1,254,278,256,-1,256,278,279,-1,256,279,257,-1,257,279,280,-1,257,280,259,-1,259,280,281,-1,259,281,261,-1,261,281,282,-1,261,282,263,-1,263,282,283,-1,263,283,264,-1,264,283,284,-1,264,284,247,-1,285,241,286,-1,286,241,243,-1,286,243,287,-1,287,243,245,-1,287,245,288,-1,288,245,247,-1,288,247,284,-1,241,285,289,-1,241,289,239,-1,239,289,290,-1,239,290,237,-1,290,291,237,-1,237,291,292,-1,237,292,235,-1,235,292,293,-1,235,293,233,-1,233,293,294,-1,233,294,199,-1,200,199,295,-1,295,199,294,-1,206,200,296,-1,296,200,295,-1,207,206,297,-1,297,206,296,-1,203,207,298,-1,298,207,297,-1,203,298,299,-1,203,299,212,-1,212,299,300,-1,212,300,214,-1,214,300,301,-1,214,301,216,-1,216,301,302,-1,216,302,218,-1,218,302,303,-1,218,303,220,-1,220,303,304,-1,220,304,222,-1,222,304,305,-1,222,305,224,-1,224,305,306,-1,224,306,226,-1,226,306,307,-1,226,307,228,-1,228,307,308,-1,228,308,230,-1,229,230,309,-1,309,230,308,-1,229,309,310,-1,229,310,227,-1,227,310,311,-1,227,311,225,-1,225,311,265,-1,225,265,223,-1,232,312,313,-1,232,313,234,-1,234,313,314,-1,234,314,236,-1,236,314,315,-1,236,315,238,-1,238,315,316,-1,238,316,240,-1,204,317,318,-1,204,318,202,-1,202,318,319,-1,202,319,201,-1,201,319,320,-1,201,320,231,-1,231,320,312,-1,231,312,232,-1,204,205,317,-1,317,205,321,-1,205,209,321,-1,321,209,322,-1,249,323,324,-1,249,324,197,-1,197,324,325,-1,197,325,198,-1,198,325,322,-1,198,322,209,-1,258,326,327,-1,258,327,255,-1,255,327,328,-1,255,328,253,-1,253,328,329,-1,253,329,251,-1,251,329,323,-1,251,323,249,-1,246,330,331,-1,246,331,248,-1,248,331,332,-1,248,332,262,-1,262,332,333,-1,262,333,260,-1,260,333,326,-1,260,326,258,-1,240,316,334,-1,240,334,242,-1,242,334,335,-1,242,335,244,-1,244,335,330,-1,244,330,246,-1,
        ]
    }
}
Shape{
    appearance Appearance {
        material  Material 	{
            diffuseColor 0.34901960784313724 0.34901960784313724 0.34901960784313724
            specularColor 0.023529411764705882 0.023529411764705882 0.023529411764705882
            ambientIntensity 0.498
            transparency 0.0
            shininess 0.5
        }
    }
    geometry IndexedFaceSet {
        ccw TRUE
        solid FALSE
        coord DEF co Coordinate {
            point [
                -0.1017 -2.6151 2.9105, -0.126 -2.6174 2.9082, -0.1017 -2.6221 2.9035, -0.1363 -2.619 2.9066, -0.1409 -2.6205 2.9051, -0.1436 -2.6219 2.9037, -0.1018 -2.623 2.9026, -0.1029 -2.6287 2.8969, -0.1458 -2.6238 2.9018, -0.1056 -2.6333 2.8923, -0.1447 -2.6387 2.8869, -0.1432 -2.6398 2.8858, -0.1118 -2.6387 2.8869, -0.1468 -2.6365 2.8891, -0.117 -2.6411 2.8845, -0.1225 -2.6425 2.883, -0.1293 -2.6431 2.8825, -0.1474 -2.6262 2.8994, -0.1483 -2.6292 2.8964, -0.1095 -2.6371 2.8885, -0.1484 -2.6312 2.8944, -0.148 -2.6342 2.8914, -0.1395 -2.6415 2.8841, -0.1354 -2.6426 2.883
            ]
        }
        coordIndex [
            0,1,2,-1,2,1,3,-1,3,4,2,-1,2,4,5,-1,2,5,6,-1,6,5,7,-1,7,5,8,-1,7,8,9,-1,10,11,12,-1,10,12,13,-1,14,12,15,-1,15,12,16,-1,8,17,9,-1,9,17,18,-1,9,18,19,-1,19,18,20,-1,19,20,12,-1,12,20,21,-1,12,21,13,-1,11,22,12,-1,12,22,23,-1,12,23,16,-1,
        ]
    }
}
Shape{
    appearance Appearance {
        material  Material 	{
            diffuseColor 1.0 1.0 1.0
            specularColor 0.5019607843137255 0.5019607843137255 0.5019607843137255
            ambientIntensity 1.0
            transparency 0.0
            shininess 0.5
        }
    }
    geometry IndexedFaceSet {
        ccw TRUE
        solid FALSE
        coord DEF co Coordinate {
            point [
                -0.9315 -2.4779 3.0533, -0.9085 -2.4692 3.062, -0.9138 -2.4242 3.107, -0.7319 -2.6723 2.8589, -0.7196 -2.656 2.8751, -0.7135 -2.638 2.8931, -0.8493 -2.4221 3.1091, -0.8172 -2.4754 3.0558, -0.8014 -2.4522 3.0789, -0.8555 -2.6399 2.8913, -0.8574 -2.633 2.8981, -0.9133 -2.6046 2.9265, -0.9143 -2.6536 2.8776, -0.9275 -2.6508 2.8804, -0.9359 -2.5948 2.9363, -0.873 -2.4206 3.1105, -0.5683 -2.5689 2.9623, -0.6004 -2.5302 3.001, -0.7129 -2.6229 2.9082, -0.7388 -2.5813 2.9499, -0.7129 -2.6302 2.9009, -0.7681 -2.6948 2.8364, -0.7475 -2.6846 2.8465, -0.8514 -2.646 2.8851, -0.8885 -2.6827 2.8484, -0.9039 -2.6693 2.8618, -0.49 -2.5026 3.0286, -0.4737 -2.5102 3.0209, -0.4199 -2.4858 3.0453, -0.4602 -2.5207 3.0105, -0.3988 -2.5066 3.0246, -0.4507 -2.5333 2.9978, -0.3862 -2.5289 3.0023, -0.3814 -2.5528 2.9783, -0.8281 -2.4046 3.1265, -0.7782 -2.4327 3.0985, -0.8038 -2.3899 3.1412, -0.7507 -2.4184 3.1127, -0.7786 -2.3789 3.1522, -0.8831 -2.4649 3.0663, -0.872 -2.4644 3.0667, -0.8611 -2.4211 3.1101, -0.8474 -2.4666 3.0645, -0.8243 -2.4727 3.0585, -0.7845 -2.6475 2.8837, -0.7901 -2.652 2.8792, -0.798 -2.6559 2.8752, -0.7911 -2.701 2.8301, -0.8069 -2.6585 2.8727, -0.8162 -2.7032 2.8279, -0.8172 -2.6594 2.8717, -0.8201 -2.7032 2.828, -0.819 -2.6594 2.8718, -0.8445 -2.7005 2.8306, -0.8283 -2.6583 2.8728, -0.8683 -2.6935 2.8377, -0.8376 -2.6555 2.8757, -0.8455 -2.6512 2.8799, -0.7796 -2.6208 2.9104, -0.7772 -2.6275 2.9036, -0.7772 -2.6342 2.8969, -0.7797 -2.6412 2.8899, -0.5343 -2.4966 3.0346, -0.526 -2.4966 3.0346, -0.4837 -2.4571 3.074, -0.5081 -2.498 3.0332, -0.4787 -2.4583 3.0728, -0.448 -2.4691 3.0621, -0.4196 -2.6222 2.909, -0.4722 -2.5962 2.9349, -0.4477 -2.639 2.8922, -0.4885 -2.6042 2.9269, -0.4792 -2.6499 2.8813, -0.5074 -2.6092 2.922, -0.5136 -2.655 2.8761, -0.5198 -2.6105 2.9207, -0.5745 -2.655 2.8761, -0.5663 -2.6105 2.9207, -0.5804 -2.6544 2.8768, -0.8569 -2.6259 2.9052, -0.8539 -2.619 2.9121, -0.9019 -2.589 2.9421, -0.8485 -2.613 2.9181, -0.8849 -2.5752 2.9559, -0.8444 -2.6099 2.9212, -0.8638 -2.5648 2.9663, -0.8364 -2.6059 2.9253, -0.841 -2.5586 2.9725, -0.8273 -2.6034 2.9278, -0.8162 -2.5564 2.9747, -0.8172 -2.6025 2.9287, -0.8037 -2.557 2.9742, -0.8086 -2.6031 2.928, -0.7788 -2.5613 2.9698, -0.7991 -2.6055 2.9256, -0.7569 -2.5696 2.9615, -0.7907 -2.6095 2.9216, -0.7841 -2.6148 2.9164, -0.4459 -2.5474 2.9838, -0.4454 -2.5535 2.9776, -0.3861 -2.5788 2.9524, -0.4474 -2.5663 2.9648, -0.3991 -2.6019 2.9292, -0.4541 -2.5795 2.9517, -0.465 -2.5911 2.9401, -0.5394 -2.3994 3.1317, -0.5801 -2.4328 3.0983, -0.5053 -2.4274 3.1038, -0.5567 -2.4525 3.0787, -0.5407 -2.476 3.0552, -0.9722 -2.5197 3.0114, -1.04 -2.532 2.9992, -0.9753 -2.5375 2.9937, -1.0403 -2.5389 2.9922, -0.974 -2.5489 2.9822, -1.0353 -2.5676 2.9635, -0.9665 -2.5668 2.9644, -1.0205 -2.5948 2.9364, -0.9544 -2.5813 2.9498, -0.9969 -2.6185 2.9126, -0.9648 -2.6379 2.8932, -0.952 -2.4347 3.0965, -0.9849 -2.451 3.0801, -0.9489 -2.4889 3.0423, -0.9918 -2.4557 3.0755, -0.9633 -2.5034 3.0277, -1.0167 -2.4782 3.0529, -1.0331 -2.5045 3.0266, -0.731 -2.3659 3.1652, -0.717 -2.4088 3.1224, -0.6799 -2.3615 3.1697, -0.6788 -2.4053 3.1259, -0.6373 -2.3646 3.1665, -0.6437 -2.4083 3.1228, -0.5855 -2.3775 3.1536, -0.6113 -2.4171 3.114, -0.5823 -2.4314 3.0998, -0.5715 -2.6098 2.9213, -0.5963 -2.6474 2.8838, -0.5939 -2.6491 2.882, -0.5684 -2.6103 2.9209, -0.5872 -2.6525 2.8787, -0.6045 -2.6324 2.8987, -0.6035 -2.6378 2.8933, -0.6008 -2.6428 2.8884, -0.5805 -2.6105 2.9207, -0.5876 -2.6125 2.9187, -0.6042 -2.6295 2.9016, -0.5939 -2.6156 2.9155, -0.5982 -2.619 2.9122, -0.6022 -2.624 2.9072, -0.5725 -2.6098 2.9214, -0.413 -2.4898 3.0358, -0.3988 -2.5038 3.0218, -0.3897 -2.5199 3.0056, -0.3862 -2.5261 2.9995, -0.3814 -2.55 2.9756, -0.4199 -2.483 3.0426, -0.448 -2.4663 3.0593, -0.4787 -2.4555 3.0701, -0.4837 -2.4543 3.0712, -0.5053 -2.4246 3.101, -0.5394 -2.3967 3.1289, -0.5632 -2.3854 3.1402, -0.5855 -2.3748 3.1508, -0.6373 -2.3618 3.1637, -0.6799 -2.3587 3.1669, -0.731 -2.3631 3.1624, -0.7786 -2.3761 3.1495, -0.7997 -2.3854 3.1402, -0.8038 -2.3872 3.1384, -0.8281 -2.4019 3.1237, -0.8493 -2.4193 3.1063, -0.8611 -2.4183 3.1073, -0.873 -2.4178 3.1077, -0.9138 -2.4214 3.1042, -0.952 -2.4319 3.0937, -0.9849 -2.4482 3.0773, -0.9918 -2.4529 3.0727, -1.0403 -2.5361 2.9894, -1.0167 -2.4755 3.0501, -1.0257 -2.4898 3.0358, -1.0331 -2.5018 3.0238, -1.0377 -2.5199 3.0056, -1.04 -2.5292 2.9964, -1.0353 -2.5648 2.9608, -1.0205 -2.592 2.9336, -0.9969 -2.6157 2.9098, -0.9648 -2.6351 2.8904, -0.9275 -2.648 2.8776, -0.9143 -2.6508 2.8748, -0.913 -2.6528 2.8728, -0.9039 -2.6665 2.859, -0.8885 -2.6799 2.8457, -0.8683 -2.6907 2.8349, -0.8589 -2.6935 2.8321, -0.8445 -2.6977 2.8278, -0.8201 -2.7004 2.8252, -0.8162 -2.7005 2.8251, -0.7129 -2.6274 2.8982, -0.7911 -2.6983 2.8273, -0.7735 -2.6935 2.8321, -0.7681 -2.692 2.8336, -0.7475 -2.6818 2.8437, -0.7319 -2.6695 2.8561, -0.7196 -2.6533 2.8723, -0.7195 -2.6528 2.8728, -0.7135 -2.6353 2.8903, -0.7129 -2.6201 2.9055, -0.5683 -2.5661 2.9595, -0.6004 -2.5274 2.9982, -0.7388 -2.5785 2.9471, -0.7569 -2.5668 2.9587, -0.7788 -2.5585 2.967, -0.8037 -2.5542 2.9714, -0.8162 -2.5537 2.9719, -0.841 -2.5558 2.9697, -0.8638 -2.562 2.9636, -0.8849 -2.5724 2.9532, -0.9019 -2.5862 2.9393, -0.9133 -2.6019 2.9237, -0.9359 -2.592 2.9336, -0.9544 -2.5786 2.947, -0.9665 -2.564 2.9616, -0.974 -2.5461 2.9794, -0.9753 -2.5347 2.9909, -0.9727 -2.5199 3.0056, -0.9722 -2.5169 3.0086, -0.9633 -2.5006 3.0249, -0.9526 -2.4898 3.0358, -0.9489 -2.4861 3.0395, -0.9315 -2.4751 3.0505, -0.9085 -2.4664 3.0592, -0.8831 -2.4621 3.0635, -0.872 -2.4616 3.0639, -0.8474 -2.4638 3.0617, -0.8243 -2.4699 3.0557, -0.8172 -2.4726 3.053, -0.8014 -2.4495 3.0761, -0.7782 -2.4299 3.0957, -0.7507 -2.4157 3.1099, -0.717 -2.406 3.1196, -0.6788 -2.4025 3.1231, -0.6437 -2.4056 3.12, -0.6113 -2.4143 3.1112, -0.5823 -2.4286 3.097, -0.5801 -2.4301 3.0955, -0.5567 -2.4497 3.0759, -0.5407 -2.4732 3.0524, -0.5355 -2.4898 3.0358, -0.5343 -2.4938 3.0318, -0.526 -2.4938 3.0318, -0.5081 -2.4952 3.0304, -0.49 -2.4998 3.0258, -0.4737 -2.5074 3.0181, -0.4602 -2.5179 3.0077, -0.4587 -2.5199 3.0056, -0.4507 -2.5305 2.995, -0.4459 -2.5446 2.981, -0.4454 -2.5507 2.9748, -0.4474 -2.5636 2.962, -0.4541 -2.5767 2.9489, -0.465 -2.5883 2.9373, -0.4722 -2.5935 2.9321, -0.4885 -2.6014 2.9241, -0.5074 -2.6064 2.9192, -0.5198 -2.6077 2.9179, -0.5663 -2.6077 2.9179, -0.5684 -2.6075 2.9181, -0.5715 -2.607 2.9186, -0.5725 -2.607 2.9186, -0.5805 -2.6077 2.9179, -0.5876 -2.6097 2.9159, -0.5939 -2.6129 2.9127, -0.5982 -2.6162 2.9094, -0.6022 -2.6212 2.9044, -0.6042 -2.6267 2.8988, -0.6045 -2.6296 2.896, -0.6035 -2.6351 2.8905, -0.6008 -2.64 2.8856, -0.5963 -2.6446 2.881, -0.5939 -2.6463 2.8793, -0.5872 -2.6497 2.8759, -0.5804 -2.6516 2.874, -0.5745 -2.6523 2.8733, -0.5136 -2.6523 2.8733, -0.4792 -2.6471 2.8785, -0.4477 -2.6362 2.8894, -0.4196 -2.6194 2.9062, -0.3991 -2.5991 2.9264, -0.3861 -2.576 2.9496, -0.8172 -2.5997 2.9259, -0.8086 -2.6003 2.9252, -0.7991 -2.6028 2.9228, -0.7907 -2.6067 2.9189, -0.7841 -2.612 2.9136, -0.7796 -2.618 2.9076, -0.7772 -2.6247 2.9008, -0.7772 -2.6314 2.8942, -0.7797 -2.6384 2.8871, -0.7845 -2.6447 2.8809, -0.7901 -2.6492 2.8764, -0.798 -2.6532 2.8724, -0.8069 -2.6557 2.8699, -0.8172 -2.6566 2.8689, -0.819 -2.6566 2.869, -0.8283 -2.6555 2.87, -0.8376 -2.6527 2.8729, -0.8455 -2.6484 2.8772, -0.8514 -2.6432 2.8823, -0.8555 -2.6371 2.8885, -0.8574 -2.6302 2.8953, -0.8569 -2.6231 2.9024, -0.8539 -2.6163 2.9093, -0.8485 -2.6102 2.9154, -0.8444 -2.6072 2.9184, -0.8364 -2.6031 2.9225, -0.8273 -2.6006 2.925
            ]
        }
        coordIndex [
            0,1,2,-1,3,4,5,-1,6,7,8,-1,9,10,11,-1,12,11,13,-1,13,11,14,-1,2,1,15,-1,16,17,18,-1,18,17,19,-1,18,19,20,-1,20,19,21,-1,20,21,5,-1,5,21,22,-1,5,22,3,-1,23,9,24,-1,24,9,11,-1,24,11,25,-1,25,11,12,-1,26,27,28,-1,28,27,29,-1,28,29,30,-1,30,29,31,-1,30,31,32,-1,32,31,33,-1,6,8,34,-1,34,8,35,-1,34,35,36,-1,36,35,37,-1,36,37,38,-1,1,39,15,-1,15,39,40,-1,15,40,41,-1,41,40,42,-1,41,42,6,-1,6,42,43,-1,6,43,7,-1,44,45,21,-1,21,45,46,-1,21,46,47,-1,47,46,48,-1,47,48,49,-1,49,48,50,-1,49,50,51,-1,51,50,52,-1,51,52,53,-1,53,52,54,-1,53,54,55,-1,55,54,56,-1,55,56,24,-1,24,56,57,-1,24,57,23,-1,58,59,19,-1,19,59,60,-1,19,60,21,-1,21,60,61,-1,21,61,44,-1,62,63,64,-1,64,63,65,-1,64,65,66,-1,66,65,26,-1,66,26,67,-1,67,26,28,-1,68,69,70,-1,70,69,71,-1,70,71,72,-1,72,71,73,-1,72,73,74,-1,74,73,75,-1,74,75,76,-1,76,75,77,-1,76,77,78,-1,10,79,11,-1,11,79,80,-1,11,80,81,-1,81,80,82,-1,81,82,83,-1,83,82,84,-1,83,84,85,-1,85,84,86,-1,85,86,87,-1,87,86,88,-1,87,88,89,-1,89,88,90,-1,89,90,91,-1,91,90,92,-1,91,92,93,-1,93,92,94,-1,93,94,95,-1,95,94,96,-1,95,96,19,-1,19,96,97,-1,19,97,58,-1,31,98,33,-1,33,98,99,-1,33,99,100,-1,100,99,101,-1,100,101,102,-1,102,101,103,-1,102,103,68,-1,68,103,104,-1,68,104,69,-1,105,106,107,-1,107,106,108,-1,107,108,64,-1,64,108,109,-1,64,109,62,-1,110,111,112,-1,112,111,113,-1,112,113,114,-1,114,113,115,-1,114,115,116,-1,116,115,117,-1,116,117,118,-1,118,117,119,-1,118,119,14,-1,14,119,120,-1,14,120,13,-1,2,121,0,-1,0,121,122,-1,0,122,123,-1,123,122,124,-1,123,124,125,-1,125,124,126,-1,125,126,110,-1,110,126,127,-1,110,127,111,-1,38,37,128,-1,128,37,129,-1,128,129,130,-1,130,129,131,-1,130,131,132,-1,132,131,133,-1,132,133,134,-1,134,133,135,-1,134,135,105,-1,105,135,136,-1,105,136,106,-1,137,138,139,-1,77,140,78,-1,78,140,137,-1,78,137,141,-1,141,137,139,-1,142,143,137,-1,137,143,144,-1,137,144,138,-1,145,146,147,-1,146,148,147,-1,147,148,149,-1,147,149,150,-1,142,137,147,-1,147,137,151,-1,147,151,145,-1,152,28,153,-1,153,28,30,-1,153,30,154,-1,154,30,32,-1,154,32,155,-1,155,32,33,-1,155,33,156,-1,152,157,28,-1,28,157,158,-1,28,158,67,-1,67,158,159,-1,67,159,66,-1,66,159,160,-1,66,160,64,-1,64,160,161,-1,64,161,107,-1,107,161,162,-1,107,162,105,-1,134,105,163,-1,163,105,162,-1,163,164,134,-1,134,164,165,-1,134,165,132,-1,132,165,166,-1,132,166,130,-1,130,166,167,-1,130,167,128,-1,128,167,168,-1,128,168,38,-1,38,168,36,-1,36,168,169,-1,36,169,170,-1,36,170,171,-1,36,171,34,-1,34,171,172,-1,34,172,6,-1,6,172,173,-1,6,173,41,-1,41,173,174,-1,41,174,15,-1,15,174,175,-1,15,175,2,-1,2,175,176,-1,2,176,121,-1,121,176,177,-1,121,177,122,-1,122,177,178,-1,122,178,124,-1,179,113,111,-1,124,178,180,-1,124,180,126,-1,126,180,181,-1,126,181,127,-1,181,182,127,-1,127,182,183,-1,127,183,111,-1,111,183,184,-1,111,184,179,-1,113,179,185,-1,113,185,115,-1,115,185,186,-1,115,186,117,-1,117,186,187,-1,117,187,119,-1,119,187,188,-1,119,188,120,-1,120,188,189,-1,120,189,13,-1,13,189,190,-1,13,190,12,-1,12,190,191,-1,12,191,25,-1,191,192,25,-1,25,192,193,-1,25,193,24,-1,24,193,194,-1,24,194,55,-1,55,194,195,-1,55,195,53,-1,195,196,53,-1,53,196,197,-1,53,197,51,-1,51,197,198,-1,51,198,49,-1,199,20,5,-1,49,198,200,-1,201,21,200,-1,200,21,47,-1,200,47,49,-1,201,202,21,-1,21,202,203,-1,21,203,22,-1,22,203,204,-1,22,204,3,-1,3,204,205,-1,3,205,4,-1,4,205,206,-1,4,206,5,-1,5,206,207,-1,5,207,199,-1,18,20,208,-1,208,20,199,-1,16,18,209,-1,209,18,208,-1,17,16,210,-1,210,16,209,-1,19,17,211,-1,211,17,210,-1,19,211,212,-1,19,212,95,-1,95,212,213,-1,95,213,93,-1,93,213,214,-1,93,214,91,-1,91,214,215,-1,91,215,89,-1,89,215,216,-1,89,216,87,-1,87,216,217,-1,87,217,85,-1,85,217,218,-1,85,218,83,-1,83,218,219,-1,83,219,81,-1,81,219,220,-1,81,220,11,-1,11,220,221,-1,11,221,14,-1,14,221,222,-1,14,222,118,-1,118,222,223,-1,118,223,116,-1,116,223,224,-1,116,224,114,-1,114,224,225,-1,114,225,112,-1,110,112,225,-1,225,226,110,-1,110,226,227,-1,110,227,228,-1,229,123,228,-1,228,123,125,-1,228,125,110,-1,229,230,123,-1,123,230,231,-1,123,231,0,-1,0,231,232,-1,0,232,1,-1,1,232,233,-1,1,233,39,-1,39,233,234,-1,39,234,40,-1,40,234,235,-1,40,235,42,-1,42,235,236,-1,42,236,43,-1,43,236,237,-1,43,237,7,-1,7,237,238,-1,7,238,8,-1,8,238,239,-1,8,239,35,-1,35,239,240,-1,35,240,37,-1,37,240,241,-1,37,241,129,-1,129,241,242,-1,129,242,131,-1,131,242,243,-1,131,243,133,-1,133,243,244,-1,133,244,135,-1,135,244,245,-1,135,245,136,-1,136,245,246,-1,136,246,106,-1,106,246,247,-1,106,247,108,-1,108,247,248,-1,108,248,109,-1,109,248,62,-1,62,248,249,-1,62,249,250,-1,63,62,251,-1,251,62,250,-1,63,251,252,-1,63,252,65,-1,65,252,253,-1,65,253,26,-1,26,253,254,-1,26,254,27,-1,27,254,255,-1,27,255,29,-1,29,255,256,-1,29,256,31,-1,256,257,31,-1,31,257,258,-1,31,258,98,-1,98,258,259,-1,98,259,99,-1,99,259,260,-1,99,260,101,-1,101,260,261,-1,101,261,103,-1,103,261,262,-1,103,262,104,-1,104,262,263,-1,104,263,69,-1,69,263,264,-1,69,264,71,-1,71,264,265,-1,71,265,73,-1,73,265,266,-1,73,266,75,-1,77,75,267,-1,267,75,266,-1,77,267,268,-1,77,268,140,-1,140,268,269,-1,140,269,137,-1,137,269,270,-1,137,270,151,-1,151,270,271,-1,151,271,145,-1,145,271,272,-1,145,272,146,-1,146,272,273,-1,146,273,148,-1,148,273,274,-1,148,274,149,-1,149,274,275,-1,149,275,150,-1,150,275,276,-1,150,276,147,-1,147,276,277,-1,147,277,142,-1,142,277,278,-1,142,278,143,-1,143,278,279,-1,143,279,144,-1,144,279,280,-1,144,280,138,-1,138,280,281,-1,138,281,139,-1,139,281,282,-1,139,282,141,-1,141,282,283,-1,141,283,78,-1,78,283,284,-1,78,284,76,-1,74,76,285,-1,285,76,284,-1,74,285,286,-1,74,286,72,-1,72,286,287,-1,72,287,70,-1,70,287,288,-1,70,288,68,-1,68,288,289,-1,68,289,102,-1,102,289,290,-1,102,290,100,-1,100,290,156,-1,100,156,33,-1,90,291,292,-1,90,292,92,-1,92,292,293,-1,92,293,94,-1,94,293,294,-1,94,294,96,-1,96,294,295,-1,96,295,97,-1,97,295,296,-1,97,296,58,-1,58,296,297,-1,58,297,59,-1,59,297,298,-1,59,298,60,-1,60,298,299,-1,60,299,61,-1,61,299,300,-1,61,300,44,-1,44,300,301,-1,44,301,45,-1,45,301,302,-1,45,302,46,-1,46,302,303,-1,46,303,48,-1,48,303,304,-1,48,304,50,-1,50,304,305,-1,50,305,52,-1,52,305,306,-1,52,306,54,-1,54,306,307,-1,54,307,56,-1,56,307,308,-1,56,308,57,-1,57,308,309,-1,57,309,23,-1,23,309,310,-1,23,310,9,-1,9,310,311,-1,9,311,10,-1,10,311,312,-1,10,312,79,-1,79,312,313,-1,79,313,80,-1,80,313,314,-1,80,314,82,-1,82,314,315,-1,82,315,84,-1,84,315,316,-1,84,316,86,-1,86,316,317,-1,86,317,88,-1,88,317,291,-1,88,291,90,-1,
        ]
    }
}
Shape{
    appearance Appearance {
        material  Material 	{
            diffuseColor 0.34901960784313724 0.34901960784313724 0.34901960784313724
            specularColor 0.023529411764705882 0.023529411764705882 0.023529411764705882
            ambientIntensity 0.498
            transparency 0.0
            shininess 0.5
        }
    }
    geometry IndexedFaceSet {
        ccw TRUE
        solid FALSE
        coord DEF co Coordinate {
            point [
                -0.819 -2.6566 2.869, -0.8444 -2.6072 2.9184, -0.8485 -2.6102 2.9154, -0.8069 -2.6557 2.8699, -0.798 -2.6532 2.8724, -0.8086 -2.6003 2.9252, -0.8172 -2.5997 2.9259, -0.8273 -2.6006 2.925, -0.8364 -2.6031 2.9225, -0.8555 -2.6371 2.8885, -0.8514 -2.6432 2.8823, -0.8455 -2.6484 2.8772, -0.8172 -2.6566 2.8689, -0.8539 -2.6163 2.9093, -0.8569 -2.6231 2.9024, -0.8574 -2.6302 2.8953, -0.8376 -2.6527 2.8729, -0.8283 -2.6555 2.87, -0.7901 -2.6492 2.8764, -0.7845 -2.6447 2.8809, -0.7797 -2.6384 2.8871, -0.7772 -2.6314 2.8942, -0.7772 -2.6247 2.9008, -0.7796 -2.618 2.9076, -0.7841 -2.612 2.9136, -0.7907 -2.6067 2.9189, -0.7991 -2.6028 2.9228
            ]
        }
        coordIndex [
            0,1,2,-1,3,4,5,-1,6,7,0,-1,0,7,8,-1,0,8,1,-1,9,10,2,-1,2,10,11,-1,6,0,5,-1,5,0,12,-1,5,12,3,-1,13,14,2,-1,2,14,15,-1,2,15,9,-1,11,16,2,-1,2,16,17,-1,2,17,0,-1,4,18,5,-1,5,18,19,-1,5,19,20,-1,20,21,5,-1,5,21,22,-1,5,22,23,-1,23,24,5,-1,5,24,25,-1,5,25,26,-1,
        ]
    }
}
Shape{
    appearance Appearance {
        material  Material 	{
            diffuseColor 1.0 1.0 1.0
            specularColor 0.5019607843137255 0.5019607843137255 0.5019607843137255
            ambientIntensity 1.0
            transparency 0.0
            shininess 0.5
        }
    }
    geometry IndexedFaceSet {
        ccw TRUE
        solid FALSE
        coord DEF co Coordinate {
            point [
                0.1503 -2.4134 3.1177, 0.1657 -2.4068 3.1244, 0.1461 -2.4105 3.1206, 0.1599 -2.4026 3.1285, 0.135 -2.4053 3.1258, 0.1454 -2.3955 3.1356, 0.1222 -2.4022 3.129, 0.128 -2.3909 3.1403, 0.1042 -2.4008 3.1303, 0.1049 -2.389 3.1421, 0.0823 -2.4008 3.1303, 0.0635 -2.389 3.1421, 0.0823 -2.48 3.0511, 0.0635 -2.4917 3.0394, 0.1033 -2.48 3.0511, 0.1035 -2.4917 3.0394, 0.1222 -2.4785 3.0526, 0.1244 -2.4902 3.0409, 0.1345 -2.4754 3.0558, 0.1417 -2.4861 3.045, 0.1441 -2.4709 3.0603, 0.1561 -2.4796 3.0515, 0.1465 -2.4693 3.0618, 0.1599 -2.4773 3.0538, 0.1541 -2.4626 3.0686, 0.1707 -2.4682 3.0629, 0.159 -2.4548 3.0763, 0.1778 -2.4576 3.0735, 0.1617 -2.4453 3.0859, 0.1813 -2.4456 3.0856, 0.162 -2.4394 3.0917, 0.1818 -2.4391 3.0921, 0.16 -2.4268 3.1044, 0.1797 -2.4259 3.1053, 0.1559 -2.4192 3.1119, 0.1745 -2.4159 3.1153, 0.1599 -2.4746 3.051, 0.1707 -2.4655 3.0601, 0.1778 -2.4548 3.0708, 0.1813 -2.4428 3.0828, 0.1818 -2.4363 3.0893, 0.1797 -2.4231 3.1025, 0.1745 -2.4131 3.1125, 0.1657 -2.404 3.1216, 0.1599 -2.3998 3.1257, 0.1454 -2.3928 3.1328, 0.128 -2.3881 3.1375, 0.1049 -2.3862 3.1393, 0.0635 -2.3862 3.1393, 0.0635 -2.489 3.0366, 0.1035 -2.489 3.0366, 0.1244 -2.4875 3.0381, 0.1417 -2.4833 3.0422, 0.1561 -2.4769 3.0487, 0.1461 -2.4077 3.1179, 0.1503 -2.4106 3.1149, 0.1559 -2.4164 3.1091, 0.16 -2.424 3.1016, 0.162 -2.4366 3.0889, 0.1042 -2.3981 3.1275, 0.1222 -2.3994 3.1262, 0.135 -2.4025 3.123, 0.0823 -2.3981 3.1275, 0.0823 -2.4772 3.0483, 0.1033 -2.4772 3.0483, 0.1465 -2.4665 3.059, 0.1441 -2.4681 3.0575, 0.1345 -2.4726 3.053, 0.1222 -2.4758 3.0498, 0.1617 -2.4425 3.0831, 0.159 -2.452 3.0735, 0.1541 -2.4598 3.0658
            ]
        }
        coordIndex [
            0,1,2,-1,2,1,3,-1,2,3,4,-1,4,3,5,-1,4,5,6,-1,6,5,7,-1,6,7,8,-1,8,7,9,-1,8,9,10,-1,10,9,11,-1,10,11,12,-1,12,11,13,-1,12,13,14,-1,14,13,15,-1,14,15,16,-1,16,15,17,-1,16,17,18,-1,18,17,19,-1,18,19,20,-1,20,19,21,-1,20,21,22,-1,22,21,23,-1,22,23,24,-1,24,23,25,-1,24,25,26,-1,26,25,27,-1,26,27,28,-1,28,27,29,-1,28,29,30,-1,30,29,31,-1,30,31,32,-1,32,31,33,-1,32,33,34,-1,34,33,35,-1,34,35,0,-1,0,35,1,-1,23,36,37,-1,23,37,25,-1,25,37,38,-1,25,38,27,-1,27,38,39,-1,27,39,29,-1,29,39,40,-1,29,40,31,-1,31,40,41,-1,31,41,33,-1,33,41,42,-1,33,42,35,-1,35,42,43,-1,35,43,1,-1,1,43,44,-1,1,44,3,-1,3,44,45,-1,3,45,5,-1,5,45,46,-1,5,46,7,-1,7,46,47,-1,7,47,9,-1,11,9,48,-1,48,9,47,-1,13,11,49,-1,49,11,48,-1,15,13,50,-1,50,13,49,-1,15,50,51,-1,15,51,17,-1,17,51,52,-1,17,52,19,-1,19,52,53,-1,19,53,21,-1,21,53,36,-1,21,36,23,-1,2,54,55,-1,2,55,0,-1,0,55,56,-1,0,56,34,-1,34,56,57,-1,34,57,32,-1,32,57,58,-1,32,58,30,-1,8,59,60,-1,8,60,6,-1,6,60,61,-1,6,61,4,-1,4,61,54,-1,4,54,2,-1,8,10,59,-1,59,10,62,-1,10,12,62,-1,62,12,63,-1,12,14,63,-1,63,14,64,-1,22,65,66,-1,22,66,20,-1,20,66,67,-1,20,67,18,-1,18,67,68,-1,18,68,16,-1,16,68,64,-1,16,64,14,-1,30,58,69,-1,30,69,28,-1,28,69,70,-1,28,70,26,-1,26,70,71,-1,26,71,24,-1,24,71,65,-1,24,65,22,-1,
        ]
    }
}
Shape{
    appearance Appearance {
        material  Material 	{
            diffuseColor 0.34901960784313724 0.34901960784313724 0.34901960784313724
            specularColor 0.023529411764705882 0.023529411764705882 0.023529411764705882
            ambientIntensity 0.498
            transparency 0.0
            shininess 0.5
        }
    }
    geometry IndexedFaceSet {
        ccw TRUE
        solid FALSE
        coord DEF co Coordinate {
            point [
                0.0823 -2.3981 3.1275, 0.0823 -2.4772 3.0483, 0.1042 -2.3981 3.1275, 0.1033 -2.4772 3.0483, 0.1441 -2.4681 3.0575, 0.1465 -2.4665 3.059, 0.1222 -2.4758 3.0498, 0.1345 -2.4726 3.053, 0.1541 -2.4598 3.0658, 0.159 -2.452 3.0735, 0.1617 -2.4425 3.0831, 0.162 -2.4366 3.0889, 0.16 -2.424 3.1016, 0.1559 -2.4164 3.1091, 0.1503 -2.4106 3.1149, 0.1461 -2.4077 3.1179, 0.1222 -2.3994 3.1262, 0.135 -2.4025 3.123
            ]
        }
        coordIndex [
            0,1,2,-1,2,1,3,-1,2,4,5,-1,3,6,2,-1,2,6,7,-1,2,7,4,-1,5,8,2,-1,2,8,9,-1,2,9,10,-1,10,11,2,-1,2,11,12,-1,2,12,13,-1,13,14,2,-1,2,14,15,-1,2,15,16,-1,16,15,17,-1,
        ]
    }
}
Shape{
    appearance Appearance {
        material  Material 	{
            diffuseColor 1.0 1.0 1.0
            specularColor 0.5019607843137255 0.5019607843137255 0.5019607843137255
            ambientIntensity 1.0
            transparency 0.0
            shininess 0.5
        }
    }
    geometry IndexedFaceSet {
        ccw TRUE
        solid FALSE
        coord DEF co Coordinate {
            point [
                -0.1086 -2.4817 3.0495, -0.1086 -2.4789 3.0467, -0.1222 -2.4778 3.0478, -0.1222 -2.4806 3.0506, -0.1328 -2.4751 3.0505, -0.1328 -2.4779 3.0533, -0.1424 -2.4705 3.0551, -0.1424 -2.4733 3.0579, -0.146 -2.4681 3.0575, -0.146 -2.4708 3.0603, -0.1534 -2.4607 3.0649, -0.1534 -2.4635 3.0677, -0.1579 -2.4523 3.0733, -0.1579 -2.4551 3.076, -0.1602 -2.4397 3.0859, -0.1602 -2.4425 3.0887, -0.1602 -2.4387 3.0868, -0.1602 -2.4415 3.0896, -0.1581 -2.4255 3.1001, -0.1581 -2.4283 3.1029, -0.1534 -2.4164 3.1092, -0.1534 -2.4192 3.1119, -0.1466 -2.4092 3.1164, -0.1466 -2.4119 3.1192, -0.145 -2.4079 3.1177, -0.145 -2.4107 3.1205, -0.1357 -2.4024 3.1232, -0.1357 -2.4052 3.126, -0.1243 -2.3985 3.1271, -0.1243 -2.4013 3.1298, -0.1118 -2.3967 3.1289, -0.1118 -2.3995 3.1317, -0.1054 -2.3965 3.1291, -0.1054 -2.3993 3.1319, -0.0877 -2.398 3.1276, -0.0773 -2.4007 3.1249, -0.0729 -2.4047 3.1265, -0.0877 -2.4007 3.1304, -0.0729 -2.4019 3.1237, -0.0711 -2.4026 3.123, -0.0711 -2.4054 3.1258, -0.0711 -2.3915 3.1397, -0.0711 -2.3887 3.1369, -0.1056 -2.3845 3.1411, -0.1056 -2.3873 3.1439, -0.1042 -2.3873 3.1439, -0.0773 -2.3874 3.1382, -0.0854 -2.3885 3.1427, -0.0854 -2.3857 3.1399, -0.0906 -2.3854 3.1402, -0.1042 -2.3845 3.1411, -0.1247 -2.3888 3.1424, -0.1168 -2.3854 3.1402, -0.1247 -2.386 3.1396, -0.1402 -2.3899 3.1357, -0.1402 -2.3927 3.1385, -0.1545 -2.3967 3.1289, -0.1545 -2.3995 3.1317, -0.1589 -2.3996 3.126, -0.1589 -2.4024 3.1287, -0.1693 -2.4092 3.1164, -0.1734 -2.4159 3.1097, -0.1763 -2.4234 3.1078, -0.1693 -2.412 3.1192, -0.1763 -2.4206 3.105, -0.1796 -2.4339 3.0916, -0.1796 -2.4367 3.0944, -0.1799 -2.4395 3.086, -0.1799 -2.4423 3.0888, -0.1778 -2.454 3.0715, -0.1734 -2.4631 3.0625, -0.1724 -2.468 3.0631, -0.1778 -2.4568 3.0743, -0.1724 -2.4652 3.0603, -0.1642 -2.4743 3.0513, -0.1642 -2.4771 3.054, -0.1613 -2.4767 3.0489, -0.1613 -2.4794 3.0517, -0.1351 -2.4883 3.0373, -0.149 -2.4866 3.0446, -0.149 -2.4838 3.0418, -0.1238 -2.4898 3.0358, -0.1193 -2.4932 3.0379, -0.1351 -2.491 3.0401, -0.1193 -2.4904 3.0351, -0.1114 -2.4907 3.0349, -0.1114 -2.4935 3.0377, -0.0892 -2.492 3.0392, -0.0985 -2.4898 3.0358, -0.0892 -2.4892 3.0364, -0.0736 -2.4884 3.0428, -0.0773 -2.4864 3.0391, -0.0736 -2.4856 3.04, -0.0711 -2.4847 3.0409, -0.0711 -2.4875 3.0437, -0.0711 -2.4748 3.0564, -0.0711 -2.472 3.0536, -0.0773 -2.4739 3.0516, -0.0858 -2.4794 3.0518, -0.0858 -2.4766 3.049, -0.1023 -2.4787 3.0469, -0.1023 -2.4815 3.0496, 0.4124 -2.615 2.9162, 0.4064 -2.6266 2.9046, 0.4611 -2.615 2.9162, 0.4669 -2.6266 2.9046, 0.4341 -2.5723 2.9589, 0.4271 -2.552 2.9792, 0.3717 -2.6547 2.8765, 0.3925 -2.6547 2.8765, 0.4353 -2.5692 2.9619, 0.4365 -2.5651 2.9661, 0.4471 -2.552 2.9792, 0.4369 -2.5651 2.9661, 0.4381 -2.5694 2.9617, 0.4392 -2.5723 2.9589, 0.5024 -2.6547 2.8765, 0.4817 -2.6547 2.8765, 0.4271 -2.5492 2.9764, 0.4471 -2.5492 2.9764, 0.3717 -2.6519 2.8737, 0.3925 -2.6519 2.8737, 0.4064 -2.6238 2.9018, 0.4669 -2.6238 2.9018, 0.4817 -2.6519 2.8737, 0.5024 -2.6519 2.8737, 0.4341 -2.5695 2.9561, 0.4353 -2.5664 2.9591, 0.4365 -2.5623 2.9633, 0.4124 -2.6122 2.9134, 0.4611 -2.6122 2.9134, 0.4392 -2.5695 2.9561, 0.4369 -2.5623 2.9633, 0.4381 -2.5667 2.9589
            ]
        }
        coordIndex [
            0,1,2,-1,0,2,3,-1,3,2,4,-1,3,4,5,-1,5,4,6,-1,5,6,7,-1,7,6,8,-1,7,8,9,-1,9,8,10,-1,9,10,11,-1,11,10,12,-1,11,12,13,-1,13,12,14,-1,13,14,15,-1,15,14,16,-1,15,16,17,-1,17,16,18,-1,17,18,19,-1,19,18,20,-1,19,20,21,-1,21,20,22,-1,21,22,23,-1,23,22,24,-1,23,24,25,-1,25,24,26,-1,25,26,27,-1,27,26,28,-1,27,28,29,-1,29,28,30,-1,29,30,31,-1,31,30,32,-1,31,32,33,-1,33,32,34,-1,35,36,34,-1,34,36,37,-1,34,37,33,-1,35,38,36,-1,36,38,39,-1,36,39,40,-1,41,40,42,-1,42,40,39,-1,43,44,45,-1,41,42,46,-1,41,46,47,-1,46,48,47,-1,47,48,49,-1,47,49,45,-1,45,49,50,-1,45,50,43,-1,44,43,51,-1,51,43,52,-1,52,53,51,-1,51,53,54,-1,51,54,55,-1,55,54,56,-1,55,56,57,-1,57,56,58,-1,57,58,59,-1,59,58,60,-1,61,62,60,-1,60,62,63,-1,60,63,59,-1,61,64,62,-1,62,64,65,-1,62,65,66,-1,66,65,67,-1,66,67,68,-1,68,67,69,-1,70,71,69,-1,69,71,72,-1,69,72,68,-1,70,73,71,-1,71,73,74,-1,71,74,75,-1,75,74,76,-1,75,76,77,-1,78,79,80,-1,80,79,77,-1,80,77,76,-1,81,82,78,-1,78,82,83,-1,78,83,79,-1,81,84,82,-1,82,84,85,-1,82,85,86,-1,87,86,85,-1,85,88,87,-1,87,88,89,-1,87,89,90,-1,90,89,91,-1,91,92,90,-1,90,92,93,-1,90,93,94,-1,95,94,96,-1,96,94,93,-1,95,96,97,-1,95,97,98,-1,97,99,98,-1,98,99,100,-1,98,100,101,-1,101,100,1,-1,101,1,0,-1,36,40,41,-1,11,13,72,-1,94,95,90,-1,90,95,98,-1,72,13,68,-1,36,41,37,-1,37,41,47,-1,37,47,33,-1,33,47,45,-1,33,45,31,-1,31,45,44,-1,31,44,29,-1,29,44,51,-1,29,51,27,-1,72,71,11,-1,11,71,75,-1,11,75,9,-1,9,75,77,-1,9,77,7,-1,7,77,79,-1,7,79,5,-1,5,79,83,-1,5,83,3,-1,3,83,82,-1,3,82,0,-1,0,82,86,-1,0,86,101,-1,13,15,68,-1,68,15,17,-1,68,17,66,-1,66,17,19,-1,66,19,62,-1,59,25,57,-1,57,25,27,-1,57,27,55,-1,55,27,51,-1,62,19,63,-1,63,19,21,-1,63,21,59,-1,59,21,23,-1,59,23,25,-1,101,86,98,-1,98,86,87,-1,98,87,90,-1,102,103,104,-1,104,103,105,-1,106,107,102,-1,102,107,108,-1,102,108,103,-1,103,108,109,-1,106,110,107,-1,107,110,111,-1,107,111,112,-1,112,111,113,-1,112,113,114,-1,114,115,112,-1,112,115,104,-1,112,104,116,-1,116,104,105,-1,116,105,117,-1,107,112,118,-1,118,112,119,-1,108,107,120,-1,120,107,118,-1,109,108,121,-1,121,108,120,-1,103,109,122,-1,122,109,121,-1,105,103,123,-1,123,103,122,-1,117,105,124,-1,124,105,123,-1,116,117,125,-1,125,117,124,-1,112,116,119,-1,119,116,125,-1,106,126,127,-1,106,127,110,-1,110,127,128,-1,110,128,111,-1,106,102,126,-1,126,102,129,-1,102,104,129,-1,129,104,130,-1,104,115,130,-1,130,115,131,-1,113,132,133,-1,113,133,114,-1,114,133,131,-1,114,131,115,-1,113,111,132,-1,132,111,128,-1,
        ]
    }
}
Shape{
    appearance Appearance {
        material  Material 	{
            diffuseColor 0.34901960784313724 0.34901960784313724 0.34901960784313724
            specularColor 0.023529411764705882 0.023529411764705882 0.023529411764705882
            ambientIntensity 0.498
            transparency 0.0
            shininess 0.5
        }
    }
    geometry IndexedFaceSet {
        ccw TRUE
        solid FALSE
        coord DEF co Coordinate {
            point [
                0.4369 -2.5623 2.9633, 0.4365 -2.5623 2.9633, 0.4381 -2.5667 2.9589, 0.4353 -2.5664 2.9591, 0.4392 -2.5695 2.9561, 0.4341 -2.5695 2.9561, 0.4611 -2.6122 2.9134, 0.4124 -2.6122 2.9134
            ]
        }
        coordIndex [
            0,1,2,-1,2,1,3,-1,2,3,4,-1,4,3,5,-1,4,5,6,-1,6,5,7,-1,
        ]
    }
}
Shape{
    appearance Appearance {
        material  Material 	{
            diffuseColor 1.0 1.0 1.0
            specularColor 0.5019607843137255 0.5019607843137255 0.5019607843137255
            ambientIntensity 1.0
            transparency 0.0
            shininess 0.5
        }
    }
    geometry IndexedFaceSet {
        ccw TRUE
        solid FALSE
        coord DEF co Coordinate {
            point [
                0.1586 -2.6402 2.8854, 0.1586 -2.643 2.8882, 0.1858 -2.6402 2.8854, 0.218 -2.643 2.8882, 0.218 -2.6402 2.8854, 0.1586 -2.6084 2.9227, 0.1586 -2.6056 2.9199, 0.2105 -2.6056 2.9199, 0.2105 -2.6084 2.9227, 0.1858 -2.6056 2.9199, 0.2105 -2.5967 2.9345, 0.2105 -2.5939 2.9317, 0.1586 -2.5939 2.9317, 0.1586 -2.5967 2.9345, 0.1858 -2.5939 2.9317, 0.1586 -2.5638 2.9674, 0.1586 -2.561 2.9646, 0.2147 -2.561 2.9646, 0.2147 -2.5638 2.9674, 0.1858 -2.561 2.9646, 0.2147 -2.552 2.9792, 0.2147 -2.5492 2.9764, 0.1398 -2.5492 2.9764, 0.1398 -2.552 2.9792, 0.1858 -2.5492 2.9764, 0.1398 -2.6547 2.8765, 0.1398 -2.6519 2.8737, 0.218 -2.6519 2.8737, 0.218 -2.6547 2.8765, 0.1858 -2.6519 2.8737, -0.2437 -2.643 2.8882, -0.1843 -2.643 2.8882, -0.2437 -2.6402 2.8854, -0.1843 -2.6402 2.8854, -0.2437 -2.6084 2.9227, -0.2437 -2.6056 2.9199, -0.1917 -2.6084 2.9227, -0.1917 -2.6056 2.9199, -0.1917 -2.5967 2.9345, -0.1917 -2.5939 2.9317, -0.2437 -2.5967 2.9345, -0.2437 -2.5939 2.9317, -0.2437 -2.5638 2.9674, -0.2437 -2.561 2.9646, -0.1876 -2.5638 2.9674, -0.1876 -2.561 2.9646, -0.1876 -2.552 2.9792, -0.1876 -2.5492 2.9764, -0.2624 -2.552 2.9792, -0.2624 -2.5492 2.9764, -0.2624 -2.6547 2.8765, -0.2624 -2.6519 2.8737, -0.1843 -2.6547 2.8765, -0.1843 -2.6519 2.8737, 0.2304 -2.452 3.0791, 0.2245 -2.4636 3.0675, 0.2792 -2.452 3.0791, 0.285 -2.4636 3.0675, 0.2522 -2.4093 3.1218, 0.2452 -2.389 3.1421, 0.1898 -2.4917 3.0394, 0.2105 -2.4917 3.0394, 0.2534 -2.4063 3.1249, 0.2545 -2.4021 3.129, 0.2652 -2.389 3.1421, 0.255 -2.4021 3.129, 0.2562 -2.4065 3.1247, 0.2573 -2.4093 3.1218, 0.3205 -2.4917 3.0394, 0.2998 -2.4917 3.0394, 0.2452 -2.3862 3.1393, 0.2652 -2.3862 3.1393, 0.1898 -2.489 3.0366, 0.2317 -2.4112 3.1144, 0.2105 -2.489 3.0366, 0.2245 -2.4609 3.0647, 0.285 -2.4609 3.0647, 0.2317 -2.4609 3.0647, 0.2998 -2.489 3.0366, 0.3205 -2.489 3.0366, 0.2522 -2.4066 3.119, 0.2534 -2.4035 3.1221, 0.2545 -2.3994 3.1262, 0.2304 -2.4493 3.0763, 0.2792 -2.4493 3.0763, 0.2573 -2.4066 3.119, 0.255 -2.3994 3.1262, 0.2562 -2.4037 3.1219
            ]
        }
        coordIndex [
            0,1,2,-1,2,1,3,-1,2,3,4,-1,5,1,6,-1,6,1,0,-1,7,8,9,-1,9,8,5,-1,9,5,6,-1,10,8,11,-1,11,8,7,-1,12,13,14,-1,14,13,10,-1,14,10,11,-1,15,13,16,-1,16,13,12,-1,17,18,19,-1,19,18,15,-1,19,15,16,-1,20,18,21,-1,21,18,17,-1,22,23,24,-1,24,23,20,-1,24,20,21,-1,25,23,26,-1,26,23,22,-1,27,28,29,-1,29,28,25,-1,29,25,26,-1,3,28,4,-1,4,28,27,-1,25,28,3,-1,3,1,25,-1,25,1,5,-1,25,5,23,-1,18,20,15,-1,15,20,23,-1,15,23,13,-1,13,23,5,-1,13,5,10,-1,10,5,8,-1,30,31,32,-1,32,31,33,-1,34,30,35,-1,35,30,32,-1,36,34,37,-1,37,34,35,-1,38,36,39,-1,39,36,37,-1,40,38,41,-1,41,38,39,-1,42,40,43,-1,43,40,41,-1,44,42,45,-1,45,42,43,-1,46,44,47,-1,47,44,45,-1,48,46,49,-1,49,46,47,-1,50,48,51,-1,51,48,49,-1,52,50,53,-1,53,50,51,-1,31,52,33,-1,33,52,53,-1,50,52,31,-1,31,30,50,-1,50,30,34,-1,50,34,48,-1,44,46,42,-1,42,46,48,-1,42,48,40,-1,40,48,34,-1,40,34,38,-1,38,34,36,-1,54,55,56,-1,56,55,57,-1,58,59,54,-1,54,59,60,-1,54,60,55,-1,55,60,61,-1,58,62,59,-1,59,62,63,-1,59,63,64,-1,64,63,65,-1,64,65,66,-1,66,67,64,-1,64,67,56,-1,64,56,68,-1,68,56,57,-1,68,57,69,-1,59,64,70,-1,70,64,71,-1,72,60,73,-1,73,60,59,-1,73,59,70,-1,61,60,74,-1,74,60,72,-1,55,61,75,-1,75,61,74,-1,76,57,77,-1,77,57,55,-1,77,55,75,-1,69,57,78,-1,78,57,76,-1,68,69,79,-1,79,69,78,-1,64,68,71,-1,71,68,79,-1,58,80,81,-1,58,81,62,-1,62,81,82,-1,62,82,63,-1,58,54,80,-1,80,54,83,-1,54,56,83,-1,83,56,84,-1,56,67,84,-1,84,67,85,-1,65,86,87,-1,65,87,66,-1,66,87,85,-1,66,85,67,-1,65,63,86,-1,86,63,82,-1,
        ]
    }
}
Shape{
    appearance Appearance {
        material  Material 	{
            diffuseColor 0.34901960784313724 0.34901960784313724 0.34901960784313724
            specularColor 0.023529411764705882 0.023529411764705882 0.023529411764705882
            ambientIntensity 0.498
            transparency 0.0
            shininess 0.5
        }
    }
    geometry IndexedFaceSet {
        ccw TRUE
        solid FALSE
        coord DEF co Coordinate {
            point [
                0.255 -2.3994 3.1262, 0.2545 -2.3994 3.1262, 0.2562 -2.4037 3.1219, 0.2534 -2.4035 3.1221, 0.2573 -2.4066 3.119, 0.2522 -2.4066 3.119, 0.2792 -2.4493 3.0763, 0.2304 -2.4493 3.0763
            ]
        }
        coordIndex [
            0,1,2,-1,2,1,3,-1,2,3,4,-1,4,3,5,-1,4,5,6,-1,6,5,7,-1,
        ]
    }
}
Shape{
    appearance Appearance {
        material  Material 	{
            diffuseColor 1.0 1.0 1.0
            specularColor 0.5019607843137255 0.5019607843137255 0.5019607843137255
            ambientIntensity 1.0
            transparency 0.0
            shininess 0.5
        }
    }
    geometry IndexedFaceSet {
        ccw TRUE
        solid FALSE
        coord DEF co Coordinate {
            point [
                -0.0233 -2.4772 3.0483, -0.0233 -2.48 3.0511, 0.0159 -2.4772 3.0483, 0.0361 -2.48 3.0511, 0.0361 -2.4772 3.0483, -0.0233 -2.4455 3.0857, -0.0233 -2.4427 3.0829, 0.0286 -2.4427 3.0829, 0.0286 -2.4455 3.0857, 0.0159 -2.4427 3.0829, 0.0286 -2.4337 3.0974, 0.0286 -2.4309 3.0947, -0.0233 -2.4309 3.0947, -0.0233 -2.4337 3.0974, 0.0159 -2.4309 3.0947, -0.0233 -2.4008 3.1303, -0.0233 -2.3981 3.1275, 0.0328 -2.3981 3.1275, 0.0328 -2.4008 3.1303, 0.0159 -2.3981 3.1275, 0.0328 -2.389 3.1421, 0.0328 -2.3862 3.1393, -0.0421 -2.3862 3.1393, -0.0421 -2.389 3.1421, 0.0159 -2.3862 3.1393, -0.0421 -2.4917 3.0394, -0.0421 -2.489 3.0366, 0.0361 -2.489 3.0366, 0.0361 -2.4917 3.0394, 0.0159 -2.489 3.0366, -0.2437 -2.48 3.0511, -0.1858 -2.48 3.0511, -0.2437 -2.4772 3.0483, -0.1858 -2.4772 3.0483, -0.2437 -2.389 3.1421, -0.2437 -2.3862 3.1393, -0.2624 -2.389 3.1421, -0.2624 -2.3862 3.1393, -0.2624 -2.4917 3.0394, -0.2624 -2.489 3.0366, -0.1858 -2.4917 3.0394, -0.1858 -2.489 3.0366
            ]
        }
        coordIndex [
            0,1,2,-1,2,1,3,-1,2,3,4,-1,5,1,6,-1,6,1,0,-1,7,8,9,-1,9,8,5,-1,9,5,6,-1,10,8,11,-1,11,8,7,-1,12,13,14,-1,14,13,10,-1,14,10,11,-1,15,13,16,-1,16,13,12,-1,17,18,19,-1,19,18,15,-1,19,15,16,-1,20,18,21,-1,21,18,17,-1,22,23,24,-1,24,23,20,-1,24,20,21,-1,25,23,26,-1,26,23,22,-1,27,28,29,-1,29,28,25,-1,29,25,26,-1,3,28,4,-1,4,28,27,-1,25,28,3,-1,3,1,25,-1,25,1,5,-1,25,5,23,-1,18,20,15,-1,15,20,23,-1,15,23,13,-1,13,23,5,-1,13,5,10,-1,10,5,8,-1,30,31,32,-1,32,31,33,-1,34,30,35,-1,35,30,32,-1,36,34,37,-1,37,34,35,-1,38,36,39,-1,39,36,37,-1,40,38,41,-1,41,38,39,-1,31,40,33,-1,33,40,41,-1,34,36,30,-1,30,36,38,-1,30,38,31,-1,31,38,40,-1,
        ]
    }
}