#VRML V2.0 utf8
# 3D model generated by easyeda2kicad.py (https://github.com/uPesy/easyeda2kicad.py)

Shape{
    appearance Appearance {
        material  Material 	{
            diffuseColor 0.7529411764705882 0.7529411764705882 0.7529411764705882
            specularColor 0.3764705882352941 0.3764705882352941 0.3764705882352941
            ambientIntensity 0.7529
            transparency 0.0
            shininess 0.5
        }
    }
    geometry IndexedFaceSet {
        ccw TRUE
        solid FALSE
        coord DEF co Coordinate {
            point [
                2.0726 -0.6595 1.3488, 2.0726 -0.6595 1.2424, 2.0726 -0.6117 1.2424, 2.0726 -0.6926 4.6063, 2.0726 -0.7242 4.6063, 2.0726 -0.7242 1.3498, 2.0726 -0.4997 0.9896, 2.0726 -0.5219 0.9896, 2.0726 -0.5219 0.2362, 2.0726 -0.5996 1.2546, 2.0726 -0.6014 1.2592, 2.0726 -0.6014 1.2277, 2.0726 -0.5625 1.3487, 2.0726 -0.5537 1.3498, 2.0726 -0.6014 1.3498, 2.0726 -0.8283 1.2552, 2.0726 -0.8052 1.2356, 2.0726 -0.7242 1.2277, 2.0726 -0.904 1.3366, 2.0726 -0.8757 1.3038, 2.0726 -0.8579 1.2691, 2.0726 -0.8538 1.2678, 2.0726 -0.9385 4.6063, 2.0726 -0.985 1.3773, 2.0726 -0.9421 1.3622, 2.0726 -0.9236 1.3498, 2.0726 -1.022 4.5717, 2.0726 -2.824 2.7697, 2.0726 -1.1018 1.3606, 2.0726 -2.8428 2.7452, 2.0726 -1.0624 1.3758, 2.0726 -1.0201 1.381, 2.0726 -0.9975 4.5905, 2.0726 -0.969 4.6023, 2.0726 -2.8546 2.7167, 2.0726 -2.8586 2.6862, 2.0726 -1.1192 1.3498, 2.0726 -2.8586 1.3498, 2.0726 -1.1226 1.3477, 2.0726 -1.2135 1.3077, 2.0726 -1.1798 1.3118, 2.0726 -1.1427 1.3305, 2.0726 -1.17 1.3113, 2.0726 -1.1602 1.3101, 2.0726 -1.278 1.2709, 2.0726 -1.2723 1.2763, 2.0726 -1.2451 1.2954, 2.0726 -2.8586 1.2277, 2.0726 -2.8586 1.1925, 2.0726 -1.316 1.1925, 2.0726 -1.3122 1.2138, 2.0726 -1.306 1.2277, 2.0726 -1.2986 1.2445, 2.0726 -1.2557 1.0577, 2.0726 -1.2823 1.0804, 2.0726 -2.8586 1.0371, 2.0726 -1.3018 1.1082, 2.0726 -1.2248 1.0427, 2.0726 -1.2129 1.0371, 2.0726 -1.214 1.0394, 2.0726 -1.314 1.14, 2.0726 -1.3182 1.1735, 2.0726 -1.3179 1.1817, 2.0726 -2.8586 0.9896, 2.0726 -1.1682 0.9896, 2.0726 -1.176 0.9928, 2.0726 -1.1927 1.0054, 2.0726 -1.2054 1.0211, 2.0726 -2.8586 0.0394, 2.0726 -2.6224 0.0394, 2.0726 -2.6224 0.2362, 2.0726 -0.7242 0.2362, 2.0726 -0.7242 0.9896, 2.0726 -1.0975 0.9896, 2.0726 -1.1122 0.9839, 2.0726 -1.1329 0.9814, 2.0726 -1.1361 0.9814, 2.0726 -1.1563 0.9846, 2.0726 -0.7242 1.0371, 2.0726 -1.0529 1.0371, 2.0726 -1.053 1.0367, 2.0726 -1.0631 1.0177, 2.0726 -1.0761 1.0031, 2.0726 -1.0931 0.9913, 2.0726 -0.7773 1.1852, 2.0726 -0.7734 1.1573, 2.0726 -0.7242 1.1925, 2.0726 -0.9438 1.0875, 2.0726 -0.938 1.0898, 2.0726 -0.9279 1.1385, 2.0726 -0.805 1.0762, 2.0726 -0.8282 1.0565, 2.0726 -1.0688 1.124, 2.0726 -0.9544 1.1838, 2.0726 -1.0838 1.1376, 2.0726 -1.1019 1.1473, 2.0726 -0.9491 1.0838, 2.0726 -0.788 1.0998, 2.0726 -0.8267 1.164, 2.0726 -0.8308 1.1804, 2.0726 -0.8373 1.1925, 2.0726 -1.2622 1.1925, 2.0726 -0.7773 1.1268, 2.0726 -0.9313 1.0907, 2.0726 -0.9305 1.0906, 2.0726 -0.9279 1.0901, 2.0726 -1.2572 1.141, 2.0726 -1.2471 1.1239, 2.0726 -1.2037 1.115, 2.0726 -1.2318 1.1081, 2.0726 -1.2131 1.0967, 2.0726 -1.1722 1.1433, 2.0726 -1.1896 1.1311, 2.0726 -1.2644 1.1752, 2.0726 -1.2633 1.1619, 2.0726 -1.1533 1.1505, 2.0726 -1.1329 1.153, 2.0726 -1.1225 1.1524, 2.0726 -0.9578 1.0642, 2.0726 -0.9576 1.0676, 2.0726 -1.0475 1.0753, 2.0726 -0.9559 1.0741, 2.0726 -0.9526 1.0799, 2.0726 -0.8437 1.1112, 2.0726 -0.8343 1.1246, 2.0726 -0.8284 1.1398, 2.0726 -0.8263 1.1564, 2.0726 -0.9379 1.0385, 2.0726 -0.9435 1.0407, 2.0726 -0.949 1.0447, 2.0726 -0.951 1.0467, 2.0726 -0.9547 1.0521, 2.0726 -0.957 1.0578, 2.0726 -1.0479 1.0577, 2.0726 -1.0475 1.0668, 2.0726 -0.8542 1.0438, 2.0726 -0.8827 1.0377, 2.0726 -0.933 1.0377, 2.0726 -0.9262 1.0898, 2.0726 -0.8878 1.0898, 2.0726 -0.8724 1.0928, 2.0726 -0.8573 1.0998, 2.0726 -0.8447 1.1101, 2.0726 -0.8997 1.223, 2.0726 -1.2545 1.215, 2.0726 -1.2618 1.1959, 2.0726 -0.8929 1.223, 2.0726 -0.8387 1.1951, 2.0726 -0.8485 1.206, 2.0726 -0.8617 1.2153, 2.0726 -0.8766 1.221, 2.0726 -0.9182 1.2745, 2.0726 -0.9375 1.2974, 2.0726 -1.1337 1.2478, 2.0726 -0.9395 1.2993, 2.0726 -0.9635 1.3159, 2.0726 -1.1207 1.2748, 2.0726 -1.2456 1.2277, 2.0726 -1.1397 1.2511, 2.0726 -0.9008 1.2277, 2.0726 -0.905 1.247, 2.0726 -1.1588 1.2581, 2.0726 -1.179 1.2606, 2.0726 -1.188 1.2601, 2.0726 -1.1015 1.2977, 2.0726 -0.9903 1.3262, 2.0726 -1.0787 1.3144, 2.0726 -1.0193 1.3298, 2.0726 -1.0508 1.3257, 2.0726 -1.2091 1.2551, 2.0726 -1.2281 1.245, 2.0726 -1.2426 1.232, 2.0726 -0.7995 1.2277, 2.0726 -0.7877 1.2113, 2.0726 -0.7802 1.1925, 2.0726 -0.154 1.2277, 2.0726 -0.193 1.2287, 2.0726 -0.2101 1.2287, 2.0726 -0.2387 1.3488, 2.0726 -0.154 1.3498, 2.0726 -0.2664 1.3498, 2.0726 -0.2839 1.2287, 2.0726 -0.3011 1.2287, 2.0726 -0.3044 1.2277, 2.0726 -0.2664 1.2277, 2.0726 -0.2664 1.2615, 2.0726 -0.2724 1.2615, 2.0726 -0.3044 1.3498, 2.0726 -0.2664 1.3196, 2.0726 -0.2553 1.3488, 2.0726 -0.4168 1.3498, 2.0726 -0.4448 1.3498, 2.0726 -0.4309 1.3488, 2.0726 -0.4448 1.3488, 2.0726 -0.4773 1.335, 2.0726 -0.4773 1.2965, 2.0726 -0.4448 1.335, 2.0726 -0.4448 1.2965, 2.0726 -0.4309 1.335, 2.0726 -0.4343 1.2965, 2.0726 -0.4282 1.2424, 2.0726 -0.4343 1.2828, 2.0726 -0.4448 1.2424, 2.0726 -0.4448 1.2828, 2.0726 -0.4773 1.2424, 2.0726 -0.4773 1.2828, 2.0726 -0.4928 1.2287, 2.0726 -0.4997 1.2277, 2.0726 -0.4448 1.2277, 2.0726 -0.4168 1.2277, 2.0726 -0.4282 1.2287, 2.0726 -0.4448 1.2287, 2.0726 -0.4928 1.3488, 2.0726 -0.4997 1.3498, 2.0726 -0.5168 1.3297, 2.0726 -0.5168 1.2485, 2.0726 -0.5194 1.3311, 2.0726 -0.5219 1.2462, 2.0726 -0.5219 1.3319, 2.0726 -0.5318 1.3354, 2.0726 -0.5412 1.2408, 2.0726 -0.5278 1.2435, 2.0726 -0.5905 1.2863, 2.0726 -0.5905 1.2874, 2.0726 -0.5451 1.3368, 2.0726 -0.5494 1.3367, 2.0726 -0.5599 1.3347, 2.0726 -0.5799 1.3212, 2.0726 -0.5854 1.3125, 2.0726 -0.589 1.3016, 2.0726 -0.5886 1.2715, 2.0726 -0.5848 1.2617, 2.0726 -0.5787 1.2531, 2.0726 -0.5683 1.2451, 2.0726 -0.5597 1.2419, 2.0726 -0.5478 1.2405, 2.0726 -0.5694 1.3304, 2.0726 -0.5779 1.3235, 2.0726 -0.5762 1.2507, 2.0726 -0.5331 1.3498, 2.0726 -0.5282 1.3493, 2.0726 -0.5219 1.3498, 2.0726 -0.5219 1.3474, 2.0726 -0.5168 1.3459, 2.0726 -0.6014 4.564, 2.0726 -0.5453 1.3508, 2.0726 -0.5219 4.4846, 2.0726 -0.5436 1.3508, 2.0726 -0.5751 1.3439, 2.0726 -0.6014 1.3142, 2.0726 -0.5973 1.323, 2.0726 -0.5894 1.3331, 2.0726 -0.5867 1.3357, 2.0726 -0.6034 1.3099, 2.0726 -0.6086 1.3498, 2.0726 -0.6064 1.2946, 2.0726 -0.6067 1.2865, 2.0726 -0.6086 1.2277, 2.0726 -0.6044 1.2672, 2.0726 -0.5709 1.2299, 2.0726 -0.5821 1.2353, 2.0726 -0.5913 1.2431, 2.0726 -0.5925 1.2443, 2.0726 -0.5608 1.2277, 2.0726 -0.6014 1.1925, 2.0726 -0.558 1.2271, 2.0726 -0.5501 1.2267, 2.0726 -0.5219 1.1925, 2.0726 -0.5395 1.2277, 2.0726 -0.5168 1.2337, 2.0726 -0.5189 1.2326, 2.0726 -0.5219 1.2277, 2.0726 -0.5219 1.2316, 2.0726 -0.5318 1.2284, 2.0726 1.6689 0.0394, 2.0726 1.9051 0.0394, 2.0726 1.6689 0.2362, 2.0726 1.9051 0.9896, 2.0726 0.9313 0.2362, 2.0726 0.9313 0.9896, 2.0726 -0.154 0.2362, 2.0726 -0.154 0.9896, 2.0726 -0.2664 0.2362, 2.0726 -0.2664 0.9896, 2.0726 -0.3044 0.2362, 2.0726 -0.3044 0.9896, 2.0726 -0.4168 0.2362, 2.0726 -0.4168 0.9896, 2.0726 -0.4448 0.2362, 2.0726 -0.4448 0.9896, 2.0726 -0.4997 0.2362, 2.0726 -0.6014 0.2362, 2.0726 -0.6086 0.2362, 2.0726 -0.6086 0.9896, 2.0726 -0.6086 4.5712, 2.0726 -0.609 4.5717, 2.0726 -0.6335 4.5905, 2.0726 -0.662 4.6023, 2.0726 -0.4997 4.4624, 2.0726 -0.4448 4.4075, 2.0726 -0.4168 4.3795, 2.0726 -0.3044 4.267, 2.0726 -0.2664 4.2291, 2.0726 -0.154 4.1166, 2.0726 -0.0863 3.6094, 2.0726 -0.0863 4.049, 2.0726 1.9051 1.6403, 2.0726 1.8375 1.708, 2.0726 0.9313 1.3498, 2.0726 0.9313 3.6094, 2.0726 0.9652 3.6094, 2.0726 1.8375 2.2411, 2.0726 1.9051 2.3088, 2.0726 1.572 4.5309, 2.0726 1.1714 4.4882, 2.0726 1.8972 3.6919, 2.0726 1.1714 3.9246, 2.0726 1.9031 3.6709, 2.0726 1.9051 3.6492, 2.0726 1.4618 4.6063, 2.0726 1.5586 4.5559, 2.0726 1.5398 4.5769, 2.0726 1.5164 4.5929, 2.0726 1.4899 4.6029, 2.0726 1.259 4.6023, 2.0726 1.2305 4.5905, 2.0726 1.206 4.5717, 2.0726 1.1873 4.5472, 2.0726 1.1755 4.5188, 2.0726 1.2896 4.6063, 2.0726 -0.5903 1.0786, 2.0726 -0.5876 1.1033, 2.0726 -0.5934 1.0737, 2.0726 -0.5953 1.0682, 2.0726 -0.5219 1.0371, 2.0726 -0.5271 1.0382, 2.0726 -0.5421 1.0382, 2.0726 -0.5544 1.1131, 2.0726 -0.5595 1.1137, 2.0726 -0.5675 1.0891, 2.0726 -0.5285 1.1058, 2.0726 -0.5271 1.0934, 2.0726 -0.5859 1.0827, 2.0726 -0.5797 1.086, 2.0726 -0.5775 1.1097, 2.0726 -0.5681 1.1128, 2.0726 -0.5836 1.0393, 2.0726 -0.5886 1.0429, 2.0726 -0.6014 1.0371, 2.0726 -0.5903 1.0446, 2.0726 -0.5934 1.0492, 2.0726 -0.5421 1.0514, 2.0726 -0.5425 1.0514, 2.0726 -0.5449 1.0478, 2.0726 -0.5496 1.0427, 2.0726 -0.5953 1.0543, 2.0726 -0.596 1.0611, 2.0726 -0.5876 1.1179, 2.0726 -0.5482 1.1249, 2.0726 -0.5421 1.1229, 2.0726 -0.5372 1.1199, 2.0726 -0.5421 1.0927, 2.0726 -0.5426 1.0993, 2.0726 -0.5442 1.1047, 2.0726 -0.546 1.1078, 2.0726 -0.5341 1.117, 2.0726 -0.5309 1.1123, 2.0726 -0.583 1.1205, 2.0726 -0.5716 1.1245, 2.0726 -0.5581 1.1259, 2.0726 -0.5482 1.1102, 2.0726 -0.5509 1.1119, 2.0726 -0.5606 1.0371, 2.0726 -0.561 1.037, 2.0726 -0.6014 0.9896, 2.0726 -0.5688 1.0361, 2.0726 -0.5775 1.0371, 2.0726 -0.5778 1.0372, 2.0726 -0.5066 1.1008, 2.0726 -0.506 1.1062, 2.0726 -0.5043 1.0903, 2.0726 -0.506 1.0949, 2.0726 -0.5067 1.0567, 2.0726 -0.5008 1.0531, 2.0726 -0.4997 1.0527, 2.0726 -0.4997 1.0845, 2.0726 -0.5023 1.0872, 2.0726 -0.4999 1.0846, 2.0726 -0.4931 1.0371, 2.0726 -0.4962 1.0375, 2.0726 -0.4997 1.0371, 2.0726 -0.4997 1.0387, 2.0726 -0.5067 1.0412, 2.0726 -0.4743 1.0371, 2.0726 -0.4834 1.0361, 2.0726 -0.4448 1.0371, 2.0726 -0.4706 1.0375, 2.0726 -0.4529 1.1221, 2.0726 -0.4529 1.1075, 2.0726 -0.497 1.1191, 2.0726 -0.4932 1.1214, 2.0726 -0.4997 1.1925, 2.0726 -0.5042 1.111, 2.0726 -0.5014 1.1151, 2.0726 -0.4997 1.1166, 2.0726 -0.4495 1.0554, 2.0726 -0.4513 1.0507, 2.0726 -0.4541 1.0467, 2.0726 -0.4851 1.1245, 2.0726 -0.4732 1.1259, 2.0726 -0.4448 1.1925, 2.0726 -0.464 1.1252, 2.0726 -0.4538 1.0757, 2.0726 -0.451 1.0715, 2.0726 -0.4494 1.0671, 2.0726 -0.4488 1.0615, 2.0726 -0.4584 1.0429, 2.0726 -0.4625 1.0405, 2.0726 -0.4747 1.1137, 2.0726 -0.4791 1.1133, 2.0726 -0.4911 1.1021, 2.0726 -0.4831 1.1123, 2.0726 -0.4865 1.1105, 2.0726 -0.491 1.1001, 2.0726 -0.4904 1.0978, 2.0726 -0.4893 1.0958, 2.0726 -0.4878 1.0942, 2.0726 -0.4825 1.0908, 2.0726 -0.4638 1.1123, 2.0726 -0.4732 1.0868, 2.0726 -0.4553 1.1089, 2.0726 -0.4674 1.0844, 2.0726 -0.4574 1.0789, 2.0726 -0.4888 1.1085, 2.0726 -0.4901 1.1066, 2.0726 -0.4908 1.1045, 2.0726 -0.4914 1.0495, 2.0726 -0.4838 1.0759, 2.0726 -0.4928 1.08, 2.0726 -0.4819 1.0484, 2.0726 -0.4813 1.0484, 2.0726 -0.4739 1.0717, 2.0726 -0.4736 1.0493, 2.0726 -0.4642 1.06, 2.0726 -0.4643 1.0619, 2.0726 -0.4697 1.0507, 2.0726 -0.4683 1.0515, 2.0726 -0.4666 1.0531, 2.0726 -0.4653 1.055, 2.0726 -0.4645 1.0571, 2.0726 -0.465 1.0642, 2.0726 -0.4662 1.0662, 2.0726 -0.4681 1.0682, 2.0726 -0.3424 1.1583, 2.0726 -0.3044 1.1583, 2.0726 -0.3044 1.1925, 2.0726 -0.4017 1.0595, 2.0726 -0.3998 1.0524, 2.0726 -0.3995 1.0524, 2.0726 -0.3586 1.1239, 2.0726 -0.4168 1.1925, 2.0726 -0.3742 1.1239, 2.0726 -0.4168 1.103, 2.0726 -0.3976 1.0593, 2.0726 -0.3988 1.0553, 2.0726 -0.4168 1.0627, 2.0726 -0.4409 1.1239, 2.0726 -0.4241 1.1239, 2.0726 -0.4078 1.0371, 2.0726 -0.4073 1.0383, 2.0726 -0.4168 1.0173, 2.0726 -0.4168 1.0173, 2.0726 -0.4168 1.0371, 2.0726 -0.4139 1.0227, 2.0726 -0.4378 1.0124, 2.0726 -0.4378 0.999, 2.0726 -0.4347 1.0114, 2.0726 -0.4293 1.0106, 2.0726 -0.4257 1.011, 2.0726 -0.4168 1.0004, 2.0726 -0.422 0.9984, 2.0726 -0.4281 0.9977, 2.0726 -0.4314 0.9979, 2.0726 -0.4224 1.0123, 2.0726 -0.4196 1.0142, 2.0726 -0.3975 1.0252, 2.0726 -0.4043 1.0119, 2.0726 -0.3928 1.0371, 2.0726 -0.4098 1.0053, 2.0726 -0.4109 1.0044, 2.0726 -0.4161 1.0007, 2.0726 -0.2805 1.1583, 2.0726 -0.2805 1.1444, 2.0726 -0.2664 1.1925, 2.0726 -0.2778 1.0518, 2.0726 -0.2664 1.0371, 2.0726 -0.2778 1.0382, 2.0726 -0.3044 1.0371, 2.0726 -0.3044 1.0382, 2.0726 -0.3424 1.0382, 2.0726 -0.3269 1.1444, 2.0726 -0.3269 1.106, 2.0726 -0.3044 1.1444, 2.0726 -0.3044 1.106, 2.0726 -0.2839 1.106, 2.0726 -0.2839 1.0922, 2.0726 -0.3044 1.0518, 2.0726 -0.3044 1.0922, 2.0726 -0.3269 1.0518, 2.0726 -0.3269 1.0922, 2.0726 -0.675 1.3488, 2.0726 -0.6117 1.2287, 2.0726 -0.675 1.2287, 2.0726 -0.6086 1.1925, 2.0726 -0.6086 1.0371, 2.0726 -0.6104 1.0382, 2.0726 -0.675 1.0382, 2.0726 -0.6104 1.0518, 2.0726 -0.6131 1.1444, 2.0726 -0.6595 1.0922, 2.0726 -0.6595 1.0518, 2.0726 -0.6165 1.0922, 2.0726 -0.6165 1.106, 2.0726 -0.6595 1.106, 2.0726 -0.6595 1.1444, 2.0726 -0.675 1.1583, 2.0726 -0.6131 1.1583, 2.0726 -0.5549 1.0392, 2.0726 -0.3114 1.2674, 2.0726 -0.3176 1.2551, 2.0726 -0.3258 1.2455, 2.0726 -0.3386 1.2364, 2.0726 -0.369 1.3488, 2.0726 -0.3509 1.3463, 2.0726 -0.3366 1.3405, 2.0726 -0.3132 1.3163, 2.0726 -0.3091 1.3044, 2.0726 -0.3077 1.2903, 2.0726 -0.3082 1.2812, 2.0726 -0.3712 1.3488, 2.0726 -0.3523 1.2311, 2.0726 -0.3725 1.2287, 2.0726 -0.4055 1.2287, 2.0726 -0.4055 1.3488, 2.0726 -0.3258 1.3329, 2.0726 -0.3202 1.3272, 2.0726 -0.161 1.0769, 2.0726 -0.1672 1.0646, 2.0726 -0.154 1.0371, 2.0726 -0.1754 1.055, 2.0726 -0.1882 1.0459, 2.0726 -0.2186 1.1582, 2.0726 -0.2005 1.1557, 2.0726 -0.154 1.1925, 2.0726 -0.1862 1.15, 2.0726 -0.1628 1.1258, 2.0726 -0.1587 1.1139, 2.0726 -0.1573 1.0997, 2.0726 -0.1578 1.0907, 2.0726 -0.2019 1.0406, 2.0726 -0.2221 1.0382, 2.0726 -0.2551 1.0382, 2.0726 -0.2551 1.1583, 2.0726 -0.2208 1.1583, 2.0726 -0.2224 1.2615, 2.0726 -0.1754 1.1424, 2.0726 -0.1698 1.1367, 2.0726 -0.1335 1.0382, 2.0726 -0.1506 1.0382, 2.0726 -0.0597 1.0382, 2.0726 -0.072 1.071, 2.0726 -0.122 1.071, 2.0726 -0.1049 1.1583, 2.0726 -0.0883 1.1583, 2.0726 -0.0426 1.0382, 2.0726 0.9313 1.0371, 2.0726 0.9313 1.1925, 2.0726 0.9313 1.2277, 2.0726 1.9051 1.3498, 2.0726 1.9051 1.2277, 2.0726 1.9051 1.1925, 2.0726 1.9051 1.0371, -0.1419 -0.8901 0.2362, -1.5199 0.9209 0.2362, 0.1533 -0.8901 0.2362, -1.2246 0.9209 0.2362, 1.5313 0.9209 0.2362, 1.5313 1.0784 0.2362, -1.5199 1.0784 0.2362, -2.6518 1.6689 0.2362, -1.2246 1.0784 0.2362, 1.236 1.0784 0.2362, -2.6518 -2.6224 0.2362, -0.1419 -1.0476 0.2362, 0.1533 -1.0476 0.2362, 1.236 0.9209 0.2362, -2.6518 1.6689 0.0394, -2.6518 1.9051 0.0394, 1.8758 0.9258 2.2283, 1.8758 0.9652 2.2283, 0.7931 0.9258 2.2283, 0.6947 0.9652 2.2283, 0.7931 -0.0469 2.2283, 0.6947 -0.0863 2.2283, 1.8758 -0.0469 2.2283, 1.8758 -0.0863 2.2283, -2.0612 -0.0863 4.049, -1.6085 -0.0863 4.049, -2.0612 -0.0863 2.2283, -1.6085 -0.0863 2.6378, -0.8801 -0.0863 2.2283, -1.136 -0.0863 2.6378, -0.8801 -0.0863 3.6094, -1.136 -0.0863 4.049, -0.6833 -0.0863 3.6094, -0.2305 -0.0863 4.049, -0.6833 -0.0863 2.2283, -0.2305 -0.0863 2.6378, 0.4978 -0.0863 2.2283, 0.2419 -0.0863 2.6378, 0.4978 -0.0863 3.6094, 0.2419 -0.0863 4.049, 0.6947 -0.0863 3.6094, 1.1474 -0.0863 4.049, 1.1474 -0.0863 2.6378, 1.6199 -0.0863 2.6378, 1.8758 -0.0863 3.6094, 1.6199 -0.0863 4.049, 0.6947 0.9652 3.6094, 1.8758 0.9652 3.6094, 0.7931 0.9258 4.6063, 1.3837 0.9258 4.3701, 1.3837 0.9258 4.6063, 1.8758 0.9258 3.6094, 1.9742 0.9258 3.6094, 1.9742 0.9258 4.3701, 1.9742 -0.0469 4.3701, 1.9742 -0.0469 3.6094, 0.7931 -0.0469 4.6063, 1.8758 -0.0469 3.6094, 1.3837 -0.0469 4.3701, 1.3837 -0.0469 4.6063, 1.6848 0.752 5.4724, 0.8259 -0.0469 5.4724, 1.8561 0.752 5.4724, 1.8561 -0.0469 5.4724, 1.8561 0.9652 5.2756, 1.6868 0.8077 5.4331, 1.8561 0.7799 5.4609, 1.6778 0.7975 5.4433, 1.675 0.7926 5.4481, 1.6734 0.788 5.4528, 1.673 0.7837 5.457, 1.6738 0.7799 5.4609, 0.2419 -1.022 4.5717, 1.1474 -1.022 4.5717, 1.1474 -0.9975 4.5905, 0.2419 -0.9975 4.5905, 1.1474 -0.969 4.6023, 0.2419 -0.969 4.6023, 1.1474 -0.9385 4.6063, 0.2419 -0.9385 4.6063, 1.1474 -0.6926 4.6063, 0.2419 -0.6926 4.6063, 1.1474 -0.662 4.6023, 0.2419 -0.662 4.6023, 1.1474 -0.6335 4.5905, 0.2419 -0.6335 4.5905, 1.1474 -0.609 4.5717, 0.2419 -0.609 4.5717, 1.1474 -0.7618 2.8832, 1.1474 -0.1832 3.4618, 1.0496 -0.2362 3.4087, 0.9745 -0.3054 3.3396, 0.9273 -0.386 3.259, 0.9112 -0.4725 3.1725, 0.9273 -0.5589 3.0861, 0.9745 -0.6395 3.0055, 1.0496 -0.7087 2.9363, -2.6518 -2.8586 0.0394, -2.6518 -2.8586 2.6862, -2.6518 -2.8546 2.7167, -2.6518 -2.8428 2.7452, -2.6518 -2.824 2.7697, 0.0057 -1.7809 3.8128, -0.1166 -1.7695 3.8242, -0.2305 -1.7361 3.8576, -0.2305 -1.1575 4.4362, -0.2305 -1.022 4.5717, -0.3284 -1.2106 4.3831, -1.136 -1.022 4.5717, -1.136 -1.1575 4.4362, -1.25 -1.7695 3.8242, -1.3722 -1.7809 3.8128, 1.6199 -1.022 4.5717, 1.6199 -1.1575 4.4362, 1.7177 -1.2106 4.3831, 1.7928 -1.2798 4.3139, 1.7928 -1.6139 3.9798, 1.7177 -1.683 3.9107, 1.6199 -1.7361 3.8576, 1.5059 -1.7695 3.8242, -1.136 -1.7361 3.8576, -1.0382 -1.683 3.9107, -0.3284 -1.683 3.9107, -0.4034 -1.6139 3.9798, -1.4945 -1.7695 3.8242, -1.6085 -1.7361 3.8576, -1.7063 -1.683 3.9107, 1.84 -1.3604 4.2333, 1.8561 -1.4468 4.1469, 1.84 -1.5333 4.0604, 1.1474 -1.1575 4.4362, 1.0496 -1.2106 4.3831, 0.9745 -1.2798 4.3139, 0.2419 -1.1575 4.4362, 0.4149 -1.6139 3.9798, 0.3398 -1.683 3.9107, 0.9745 -1.6139 3.9798, 0.2419 -1.7361 3.8576, 0.128 -1.7695 3.8242, -1.6085 -1.1575 4.4362, -1.6085 -1.022 4.5717, -1.7063 -1.2106 4.3831, -2.6518 -1.022 4.5717, -1.7814 -1.2798 4.3139, -1.8286 -1.3604 4.2333, 1.3837 -1.7809 3.8128, 1.2614 -1.7695 3.8242, 1.1474 -1.7361 3.8576, 1.0496 -1.683 3.9107, -1.0382 -1.2106 4.3831, -0.9631 -1.2798 4.3139, -0.4034 -1.2798 4.3139, -0.9159 -1.3604 4.2333, -0.4506 -1.3604 4.2333, -1.7814 -1.6139 3.9798, -1.8286 -1.5333 4.0604, -1.8447 -1.4468 4.1469, -0.4667 -1.4468 4.1469, -0.8998 -1.4468 4.1469, -0.4506 -1.5333 4.0604, -0.9159 -1.5333 4.0604, -0.9631 -1.6139 3.9798, 0.3398 -1.2106 4.3831, 0.4149 -1.2798 4.3139, 0.4621 -1.3604 4.2333, 0.4621 -1.5333 4.0604, 0.9273 -1.5333 4.0604, 0.4781 -1.4468 4.1469, 0.9112 -1.4468 4.1469, 0.9273 -1.3604 4.2333, 1.6199 -0.9975 4.5905, 1.6199 -0.969 4.6023, 1.6199 -0.9385 4.6063, 1.6199 -0.6926 4.6063, 1.6199 -0.662 4.6023, 1.6199 -0.6335 4.5905, 1.6199 -0.609 4.5717, -2.0612 1.1714 3.9246, -2.0612 0.9652 3.6094, -0.8801 0.9652 3.6094, -0.6833 0.9652 3.6094, 0.4978 0.9652 3.6094, -2.0612 1.1714 4.4882, -2.0612 1.1755 4.5188, -2.0612 1.1873 4.5472, -2.0612 1.206 4.5717, -2.0612 1.2305 4.5905, -2.0612 1.259 4.6023, -2.0612 1.2896 4.6063, -2.6518 1.4618 4.6063, -2.0612 -0.6926 4.6063, -2.6518 -0.9385 4.6063, -1.6085 -0.6926 4.6063, -1.6085 -0.9385 4.6063, -2.6518 1.4899 4.6029, -2.6518 1.5164 4.5929, -2.6518 1.5398 4.5769, -2.6518 1.5586 4.5559, -2.6518 1.572 4.5309, -2.6518 1.8972 3.6919, -2.6518 1.9031 3.6709, -2.6518 1.9051 3.6492, -2.6518 1.9051 2.3088, -2.6518 1.8375 2.2411, -2.6518 1.8375 1.708, -2.6518 1.9051 1.6403, -2.6518 -2.6224 0.0394, 1.1474 -1.1575 3.279, 1.322 -1.1575 3.1952, 1.4453 -1.1575 3.1952, 1.3837 -1.1575 3.1894, 1.6199 -1.1575 3.279, 1.5645 -1.1575 3.2403, 1.5059 -1.1575 3.2122, 1.2029 -1.1575 3.2403, 1.2614 -1.1575 3.2122, 1.6199 -0.7618 2.8832, 1.7177 -0.7087 2.9363, 1.7928 -0.6395 3.0055, 1.84 -0.5589 3.0861, 1.8561 -0.4725 3.1725, 1.84 -0.386 3.259, 1.7928 -0.3054 3.3396, 1.7177 -0.2362 3.4087, 1.6199 -0.1832 3.4618, 1.1474 -1.1575 2.6378, 1.6199 -1.1575 2.6378, 0.6947 0.2682 5.2362, 0.6947 0.2682 5.4331, 0.6947 0.752 5.4331, 0.6947 -0.0469 4.6457, 0.6947 -0.0469 5.2362, 0.6947 0.9258 4.6457, 0.6947 0.9258 5.2593, 0.7341 -0.0863 5.2362, 0.7341 -0.0863 4.6457, 0.8259 -0.0863 5.2362, 1.8561 -0.0863 4.6457, 0.8259 -0.0863 5.4331, 1.8561 -0.0863 5.4331, 1.8955 0.752 5.4331, 1.8955 -0.0469 5.4331, 1.8955 0.9258 5.2593, 1.8955 -0.0469 4.6457, 1.8955 0.9258 4.6457, 1.8561 0.9652 4.6063, 1.5411 0.9652 5.2756, 0.7341 0.9652 4.6063, 0.7341 0.9652 5.2756, 0.7341 -0.0469 4.6063, 1.8561 -0.0469 4.6063, 0.7341 0.752 5.4724, 0.7341 0.2682 5.4724, 1.2542 0.752 5.4724, 0.7341 0.7799 5.4609, 1.325 0.7799 5.4609, 1.342 0.7887 5.4521, 1.3589 0.7975 5.4433, 1.3719 0.8077 5.4331, 0.7991 -0.0181 5.4331, 0.7991 -0.0181 5.2756, 0.7609 0.2394 5.2756, 0.7526 0.2335 5.2756, 0.7432 0.2299 5.2756, 0.793 -0.0253 5.2756, 0.7341 0.2288 5.2756, 0.7888 -0.0337 5.2756, 0.7341 -0.0469 5.2756, 0.7867 -0.0429 5.2756, 0.7865 -0.0469 5.2756, 0.7609 0.2394 5.4331, 0.741 0.2607 5.4711, 1.2792 0.7619 5.4698, 0.7475 0.2538 5.4672, 1.3043 0.7717 5.4672, 0.753 0.2478 5.4609, 0.7573 0.2432 5.4528, 0.76 0.2403 5.4433, 0.7341 0.7767 5.4638, 0.7341 0.7716 5.467, 0.7341 0.7692 5.4685, 0.7341 0.7622 5.471, 0.7341 0.7608 5.4714, 0.7252 0.752 5.4714, 0.7239 0.2682 5.4711, 0.7239 0.752 5.471, 0.7169 0.752 5.4685, 0.7144 0.2682 5.4672, 0.7145 0.752 5.467, 0.7094 0.752 5.4638, 0.7062 0.2682 5.4609, 0.7064 0.752 5.4607, 0.7031 0.752 5.4575, 0.7 0.2682 5.4528, 0.7002 0.752 5.4526, 0.6985 0.752 5.4499, 0.696 0.2682 5.4433, 0.6962 0.752 5.4432, 0.6956 0.752 5.4415, 0.7336 0.2485 5.4672, 0.7338 0.258 5.4711, 0.7312 0.2584 5.4711, 0.7268 0.2611 5.4711, 0.7288 0.2594 5.4711, 0.7252 0.2632 5.4711, 0.7364 0.2583 5.4711, 0.7386 0.249 5.4672, 0.7405 0.2411 5.4609, 0.7389 0.2592 5.4711, 0.7286 0.2493 5.4672, 0.7239 0.2513 5.4672, 0.72 0.2544 5.4672, 0.7169 0.2585 5.4672, 0.7433 0.2508 5.4672, 0.7472 0.2436 5.4609, 0.7501 0.2381 5.4528, 0.7334 0.2404 5.4609, 0.7263 0.2414 5.4609, 0.7198 0.2443 5.4609, 0.7141 0.2487 5.4609, 0.7098 0.2545 5.4609, 0.742 0.235 5.4528, 0.7332 0.2341 5.4528, 0.7246 0.2354 5.4528, 0.7165 0.2389 5.4528, 0.7097 0.2444 5.4528, 0.7044 0.2514 5.4528, 0.752 0.2347 5.4433, 0.7429 0.2312 5.4433, 0.7331 0.2302 5.4433, 0.7235 0.2317 5.4433, 0.7145 0.2356 5.4433, 0.7068 0.2416 5.4433, 0.701 0.2494 5.4433, 0.7526 0.2335 5.4331, 0.7432 0.2299 5.4331, 0.7331 0.2288 5.4331, 0.7231 0.2304 5.4331, 0.7138 0.2344 5.4331, 0.7059 0.2407 5.4331, 0.6998 0.2488 5.4331, 0.696 0.2581 5.4331, 0.6973 0.2585 5.4433, 0.7011 0.2595 5.4528, 0.7071 0.2611 5.4609, 0.715 0.2632 5.4672, 0.7242 0.2656 5.4711, 0.6974 0.7618 5.4428, 0.6968 0.7605 5.4415, 0.6957 0.7582 5.4393, 0.6997 0.7612 5.4499, 0.6986 0.7641 5.4452, 0.7028 0.7689 5.4499, 0.7033 0.7694 5.4504, 0.7042 0.76 5.4575, 0.7036 0.7696 5.4506, 0.7114 0.7746 5.4557, 0.7095 0.7738 5.4548, 0.7073 0.7675 5.4575, 0.7154 0.7764 5.4575, 0.7122 0.7739 5.4575, 0.717 0.7771 5.4582, 0.7166 0.7695 5.4638, 0.7192 0.7777 5.4587, 0.7175 0.7565 5.4685, 0.7255 0.7543 5.4714, 0.7318 0.7605 5.4714, 0.7296 0.7686 5.4685, 0.7278 0.7583 5.4714, 0.7296 0.7597 5.4714, 0.7219 0.7642 5.4685, 0.7255 0.7669 5.4685, 0.7217 0.7734 5.4638, 0.7253 0.7792 5.4602, 0.7267 0.7793 5.4603, 0.7277 0.7759 5.4638, 0.7102 0.7584 5.4638, 0.7264 0.7564 5.4714, 0.7192 0.7606 5.4685, 0.7127 0.7644 5.4638, 0.7331 0.2288 5.2756, 0.7284 0.2292 5.2752, 0.7239 0.2302 5.2742, 0.7138 0.2344 5.27, 0.7144 0.2341 5.2703, 0.7186 0.232 5.2724, 0.7231 0.2304 5.274, 0.7059 0.2407 5.2637, 0.7062 0.2403 5.2641, 0.696 0.2581 5.2463, 0.696 0.258 5.2464, 0.6998 0.2488 5.2556, 0.7 0.2485 5.2559, 0.6986 0.9429 5.2664, 0.6957 0.9346 5.2629, 0.7033 0.9504 5.2695, 0.7095 0.9566 5.272, 0.717 0.9613 5.274, 0.7253 0.9642 5.2752, 0.696 -0.0469 5.2464, 0.7 -0.0469 5.2559, 0.7062 -0.0469 5.2641, 0.7144 -0.0469 5.2703, 0.7239 -0.0469 5.2743, 0.7869 -0.0523 5.2752, 0.7341 -0.0571 5.2743, 0.7878 -0.0571 5.2743, 0.7892 -0.0613 5.2729, 0.7341 -0.0666 5.2703, 0.7918 -0.0666 5.2703, 0.7937 -0.0696 5.2684, 0.7341 -0.0748 5.2641, 0.7982 -0.0746 5.2639, 0.8 -0.0766 5.2621, 0.7341 -0.081 5.2559, 0.8063 -0.0809 5.2558, 0.8077 -0.0819 5.2543, 0.7341 -0.085 5.2464, 0.8157 -0.0849 5.2464, 0.8165 -0.0852 5.2456, 0.7869 -0.0523 5.4331, 0.7867 -0.0429 5.4331, 0.7888 -0.0337 5.4331, 0.793 -0.0253 5.4331, 0.8165 -0.0852 5.4331, 0.8077 -0.0819 5.4331, 0.8 -0.0766 5.4331, 0.7937 -0.0696 5.4331, 0.7892 -0.0613 5.4331, 0.696 0.936 4.6355, 0.6958 0.9346 4.6369, 0.7 0.9455 4.626, 0.6988 0.9428 4.6287, 0.7145 0.9597 4.6118, 0.7095 0.9566 4.6149, 0.7062 0.9537 4.6178, 0.7035 0.9502 4.6213, 0.717 0.9613 4.6102, 0.7239 0.9638 4.6076, 0.7253 0.9642 4.6073, 0.7296 0.9649 4.6065, 0.7242 -0.0837 5.2464, 0.7242 -0.064 5.2703, 0.729 -0.0558 5.2743, 0.7269 -0.0541 5.2743, 0.7242 -0.0496 5.2743, 0.7314 -0.0568 5.2743, 0.729 -0.0659 5.2703, 0.7269 -0.0738 5.2641, 0.7201 -0.0609 5.2703, 0.7252 -0.052 5.2743, 0.717 -0.0568 5.2703, 0.715 -0.052 5.2703, 0.7201 -0.071 5.2641, 0.7144 -0.0666 5.2641, 0.7099 -0.0609 5.2641, 0.7072 -0.0541 5.2641, 0.7252 -0.0799 5.2559, 0.717 -0.0765 5.2559, 0.7099 -0.071 5.2559, 0.7045 -0.064 5.2559, 0.7011 -0.0558 5.2559, 0.715 -0.0799 5.2464, 0.7072 -0.0738 5.2464, 0.7011 -0.0659 5.2464, 0.6973 -0.0568 5.2464, 0.7239 -0.085 5.2362, 0.7144 -0.081 5.2362, 0.7062 -0.0748 5.2362, 0.7 -0.0666 5.2362, 0.696 -0.0571 5.2362, 0.8129 -0.0618 5.4672, 0.8192 -0.0546 5.4711, 0.8175 -0.0528 5.4711, 0.8158 -0.0483 5.4711, 0.8164 -0.0507 5.4711, 0.8157 -0.0459 5.4711, 0.8212 -0.056 5.4711, 0.8168 -0.0644 5.4672, 0.8131 -0.0716 5.4609, 0.8235 -0.0568 5.4711, 0.8098 -0.0583 5.4672, 0.8076 -0.0541 5.4672, 0.8064 -0.0496 5.4672, 0.8063 -0.0449 5.4672, 0.8212 -0.0661 5.4672, 0.8193 -0.074 5.4609, 0.8178 -0.0801 5.4528, 0.8259 -0.0571 5.4711, 0.8076 -0.0679 5.4609, 0.8031 -0.063 5.4609, 0.8 -0.0571 5.4609, 0.7983 -0.0507 5.4609, 0.7982 -0.0441 5.4609, 0.8259 -0.0666 5.4672, 0.8259 -0.0748 5.4609, 0.8259 -0.081 5.4528, 0.8259 -0.085 5.4433, 0.8102 -0.0772 5.4528, 0.8034 -0.0726 5.4528, 0.798 -0.0666 5.4528, 0.7941 -0.0594 5.4528, 0.7921 -0.0515 5.4528, 0.792 -0.0434 5.4528, 0.8169 -0.0839 5.4433, 0.8084 -0.0807 5.4433, 0.8009 -0.0756 5.4433, 0.7948 -0.0688 5.4433, 0.7905 -0.0609 5.4433, 0.7882 -0.0521 5.4433, 0.788 -0.043 5.4433, 0.7901 -0.0341 5.4433, 0.7938 -0.0355 5.4528, 0.7997 -0.0376 5.4609, 0.8073 -0.0403 5.4672, 0.8163 -0.0435 5.4711, 0.7941 -0.026 5.4433, 0.7974 -0.0282 5.4528, 0.8026 -0.0316 5.4609, 0.8094 -0.0361 5.4672, 0.8174 -0.0413 5.4711, 0.8 -0.0191 5.4433, 0.8026 -0.022 5.4528, 0.8069 -0.0266 5.4609, 0.8125 -0.0325 5.4672, 0.8189 -0.0395 5.4711, 1.677 0.7717 5.4672, 1.6808 0.7622 5.4711, 0.7239 -0.0469 4.6076, 0.7144 -0.0469 4.6116, 0.7062 -0.0469 4.6178, 0.7 -0.0469 4.626, 0.696 -0.0469 4.6355, 0.696 -0.0571 4.6457, 0.7 -0.0666 4.6457, 0.7062 -0.0748 4.6457, 0.7144 -0.081 4.6457, 0.7239 -0.085 4.6457, 1.8561 -0.0571 5.4711, 1.8561 -0.0666 5.4672, 1.8561 -0.0748 5.4609, 1.8561 -0.081 5.4528, 1.8561 -0.085 5.4433, 1.8649 0.752 5.4714, 1.8662 0.752 5.471, 1.8663 -0.0469 5.4711, 1.8733 0.752 5.4685, 1.8757 0.752 5.467, 1.8758 -0.0469 5.4672, 1.8808 0.752 5.4638, 1.8839 -0.0469 5.4609, 1.8838 0.752 5.4607, 1.887 0.752 5.4575, 1.8902 -0.0469 5.4528, 1.89 0.752 5.4526, 1.8917 0.752 5.4499, 1.8941 -0.0469 5.4433, 1.894 0.752 5.4432, 1.8946 0.752 5.4415, 1.8561 0.7608 5.4714, 1.8561 0.7622 5.471, 1.8561 0.7692 5.4685, 1.8561 0.7767 5.4638, 1.8561 0.7716 5.467, 0.7242 -0.0837 4.6355, 0.715 -0.0799 4.6355, 0.7252 -0.0799 4.626, 0.717 -0.0765 4.626, 0.7269 -0.0738 4.6178, 0.7201 -0.071 4.6178, 0.729 -0.0659 4.6116, 0.7242 -0.064 4.6116, 0.7314 -0.0568 4.6076, 0.729 -0.0558 4.6076, 0.7072 -0.0738 4.6355, 0.7099 -0.071 4.626, 0.7144 -0.0666 4.6178, 0.7201 -0.0609 4.6116, 0.7269 -0.0541 4.6076, 0.7341 -0.085 4.6355, 0.7341 -0.081 4.626, 0.7341 -0.0748 4.6178, 0.7341 -0.0666 4.6116, 0.7341 -0.0571 4.6076, 0.7011 -0.0659 4.6355, 0.6973 -0.0568 4.6355, 0.7045 -0.064 4.626, 0.7011 -0.0558 4.626, 0.7099 -0.0609 4.6178, 0.7072 -0.0541 4.6178, 0.717 -0.0568 4.6116, 0.715 -0.052 4.6116, 0.7252 -0.052 4.6076, 0.7242 -0.0496 4.6076, 1.8928 -0.0568 5.4433, 1.8732 -0.0568 5.4672, 1.8649 -0.052 5.4711, 1.8633 -0.0541 5.4711, 1.8587 -0.0568 5.4711, 1.8659 -0.0496 5.4711, 1.8751 -0.052 5.4672, 1.883 -0.0541 5.4609, 1.87 -0.0609 5.4672, 1.8612 -0.0558 5.4711, 1.8659 -0.064 5.4672, 1.8612 -0.0659 5.4672, 1.8802 -0.0609 5.4609, 1.8758 -0.0666 5.4609, 1.87 -0.071 5.4609, 1.8633 -0.0738 5.4609, 1.889 -0.0558 5.4528, 1.8856 -0.064 5.4528, 1.8802 -0.071 5.4528, 1.8732 -0.0765 5.4528, 1.8649 -0.0799 5.4528, 1.889 -0.0659 5.4433, 1.883 -0.0738 5.4433, 1.8751 -0.0799 5.4433, 1.8659 -0.0837 5.4433, 1.8941 -0.0571 5.4331, 1.8902 -0.0666 5.4331, 1.8839 -0.0748 5.4331, 1.8758 -0.081 5.4331, 1.8663 -0.085 5.4331, 1.8605 0.7686 5.4685, 1.8584 0.7605 5.4714, 1.8605 0.7597 5.4714, 1.8637 0.7564 5.4714, 1.8623 0.7583 5.4714, 1.8684 0.7734 5.4638, 1.8649 0.7792 5.4602, 1.8625 0.7759 5.4638, 1.8634 0.7793 5.4603, 1.8735 0.7695 5.4638, 1.8732 0.7771 5.4582, 1.871 0.7777 5.4587, 1.8829 0.7675 5.4575, 1.8806 0.7738 5.4548, 1.878 0.7739 5.4575, 1.8788 0.7746 5.4557, 1.8748 0.7764 5.4575, 1.8927 0.7618 5.4428, 1.8916 0.7641 5.4452, 1.8905 0.7612 5.4499, 1.8873 0.7689 5.4499, 1.886 0.76 5.4575, 1.8869 0.7694 5.4504, 1.8866 0.7696 5.4506, 1.8646 0.7543 5.4714, 1.8647 0.7669 5.4685, 1.8682 0.7642 5.4685, 1.871 0.7606 5.4685, 1.8727 0.7565 5.4685, 1.8775 0.7644 5.4638, 1.8799 0.7584 5.4638, 1.8945 0.7582 5.4393, 1.8934 0.7605 5.4415, 1.8561 -0.0571 4.6076, 1.8561 -0.0666 4.6116, 1.8561 -0.0748 4.6178, 1.8561 -0.081 4.626, 1.8561 -0.085 4.6355, 1.8663 -0.085 4.6457, 1.8758 -0.081 4.6457, 1.8839 -0.0748 4.6457, 1.8902 -0.0666 4.6457, 1.8941 -0.0571 4.6457, 1.8649 0.9642 5.2752, 1.8662 0.9637 5.275, 1.8732 0.9613 5.274, 1.8757 0.9597 5.2733, 1.8806 0.9566 5.272, 1.8838 0.9535 5.2707, 1.8869 0.9504 5.2695, 1.89 0.9454 5.2674, 1.8916 0.9429 5.2664, 1.894 0.936 5.2635, 1.8945 0.9346 5.2629, 1.8928 -0.0568 4.6355, 1.889 -0.0659 4.6355, 1.889 -0.0558 4.626, 1.8856 -0.064 4.626, 1.883 -0.0541 4.6178, 1.8802 -0.0609 4.6178, 1.8751 -0.052 4.6116, 1.8732 -0.0568 4.6116, 1.8659 -0.0496 4.6076, 1.8649 -0.052 4.6076, 1.883 -0.0738 4.6355, 1.8802 -0.071 4.626, 1.8758 -0.0666 4.6178, 1.87 -0.0609 4.6116, 1.8633 -0.0541 4.6076, 1.8941 -0.0469 4.6355, 1.8902 -0.0469 4.626, 1.8839 -0.0469 4.6178, 1.8758 -0.0469 4.6116, 1.8663 -0.0469 4.6076, 1.8751 -0.0799 4.6355, 1.8659 -0.0837 4.6355, 1.8732 -0.0765 4.626, 1.8649 -0.0799 4.626, 1.87 -0.071 4.6178, 1.8633 -0.0738 4.6178, 1.8659 -0.064 4.6116, 1.8612 -0.0659 4.6116, 1.8612 -0.0558 4.6076, 1.8587 -0.0568 4.6076, 1.8839 0.9537 4.6178, 1.8801 0.9571 4.6144, 1.8758 0.9599 4.6116, 1.8712 0.9622 4.6093, 1.8663 0.9638 4.6076, 1.8612 0.9649 4.6066, 1.8902 0.9455 4.626, 1.8941 0.936 4.6355, 0.4978 0.9258 2.2283, 0.4978 0.9652 2.2283, -0.5848 0.9258 2.2283, -0.6833 0.9652 2.2283, -0.5848 -0.0469 2.2283, 0.4978 -0.0469 2.2283, -0.5848 0.9258 4.6063, 0.0057 0.9258 4.3701, 0.0057 0.9258 4.6063, 0.4978 0.9258 3.6094, 0.5963 0.9258 3.6094, 0.5963 0.9258 4.3701, 0.5963 -0.0469 4.3701, 0.5963 -0.0469 3.6094, -0.5848 -0.0469 4.6063, 0.4978 -0.0469 3.6094, 0.0057 -0.0469 4.3701, 0.0057 -0.0469 4.6063, 0.3068 0.752 5.4724, -0.5521 -0.0469 5.4724, 0.4781 0.752 5.4724, 0.4781 -0.0469 5.4724, 0.4781 0.9652 5.2756, 0.3089 0.8077 5.4331, 0.4781 0.7799 5.4609, 0.2999 0.7975 5.4433, 0.2971 0.7926 5.4481, 0.2954 0.788 5.4528, 0.295 0.7837 5.457, 0.2959 0.7799 5.4609, -0.2305 -0.9975 4.5905, -1.136 -0.9975 4.5905, -0.2305 -0.969 4.6023, -1.136 -0.969 4.6023, -0.2305 -0.9385 4.6063, -1.136 -0.9385 4.6063, -0.2305 -0.6926 4.6063, -1.136 -0.6926 4.6063, -0.2305 -0.662 4.6023, -1.136 -0.662 4.6023, -0.2305 -0.6335 4.5905, -1.136 -0.6335 4.5905, -0.2305 -0.609 4.5717, -1.136 -0.609 4.5717, -0.3284 -0.7087 2.9363, -0.2305 -0.7618 2.8832, -0.2305 -0.1832 3.4618, -0.3284 -0.2362 3.4087, -0.4034 -0.3054 3.3396, -0.4506 -0.386 3.259, -0.4667 -0.4725 3.1725, -0.4506 -0.5589 3.0861, -0.4034 -0.6395 3.0055, -0.2305 -1.1575 3.279, -0.056 -1.1575 3.1952, 0.0674 -1.1575 3.1952, 0.0057 -1.1575 3.1894, 0.2419 -1.1575 3.279, 0.1865 -1.1575 3.2403, 0.128 -1.1575 3.2122, -0.1751 -1.1575 3.2403, -0.1166 -1.1575 3.2122, 0.2419 -0.7618 2.8832, 0.3398 -0.7087 2.9363, 0.4149 -0.6395 3.0055, 0.4621 -0.5589 3.0861, 0.4781 -0.4725 3.1725, 0.4621 -0.386 3.259, 0.4149 -0.3054 3.3396, 0.3398 -0.2362 3.4087, 0.2419 -0.1832 3.4618, 0.2419 -1.1575 2.6378, -0.2305 -1.1575 2.6378, -0.6833 0.2682 5.2362, -0.6833 0.2682 5.4331, -0.6833 0.752 5.4331, -0.6833 -0.0469 4.6457, -0.6833 -0.0469 5.2362, -0.6833 0.9258 4.6457, -0.6833 0.9258 5.2593, -0.6439 -0.0863 5.2362, -0.6439 -0.0863 4.6457, -0.5521 -0.0863 5.2362, 0.4781 -0.0863 4.6457, -0.5521 -0.0863 5.4331, 0.4781 -0.0863 5.4331, 0.5175 0.752 5.4331, 0.5175 -0.0469 5.4331, 0.5175 0.9258 5.2593, 0.5175 -0.0469 4.6457, 0.5175 0.9258 4.6457, 0.4781 0.9652 4.6063, 0.1632 0.9652 5.2756, -0.6439 0.9652 4.6063, -0.6439 0.9652 5.2756, -0.6439 -0.0469 4.6063, 0.4781 -0.0469 4.6063, -0.6439 0.752 5.4724, -0.6439 0.2682 5.4724, -0.1238 0.752 5.4724, -0.6439 0.7799 5.4609, -0.053 0.7799 5.4609, -0.036 0.7887 5.4521, -0.019 0.7975 5.4433, -0.0061 0.8077 5.4331, -0.5789 -0.0181 5.4331, -0.5789 -0.0181 5.2756, -0.6171 0.2394 5.2756, -0.6253 0.2335 5.2756, -0.6348 0.2299 5.2756, -0.585 -0.0253 5.2756, -0.6439 0.2288 5.2756, -0.5892 -0.0337 5.2756, -0.6439 -0.0469 5.2756, -0.5912 -0.0429 5.2756, -0.5915 -0.0469 5.2756, -0.6171 0.2394 5.4331, -0.637 0.2607 5.4711, -0.0987 0.7619 5.4698, -0.6305 0.2538 5.4672, -0.0737 0.7717 5.4672, -0.6249 0.2478 5.4609, -0.6207 0.2432 5.4528, -0.618 0.2403 5.4433, -0.6439 0.7767 5.4638, -0.6439 0.7716 5.467, -0.6439 0.7692 5.4685, -0.6439 0.7622 5.471, -0.6439 0.7608 5.4714, -0.6527 0.752 5.4714, -0.6541 0.2682 5.4711, -0.654 0.752 5.471, -0.6611 0.752 5.4685, -0.6636 0.2682 5.4672, -0.6635 0.752 5.467, -0.6686 0.752 5.4638, -0.6717 0.2682 5.4609, -0.6716 0.752 5.4607, -0.6748 0.752 5.4575, -0.678 0.2682 5.4528, -0.6778 0.752 5.4526, -0.6795 0.752 5.4499, -0.6819 0.2682 5.4433, -0.6818 0.752 5.4432, -0.6823 0.752 5.4415, -0.6444 0.2485 5.4672, -0.6441 0.258 5.4711, -0.6467 0.2584 5.4711, -0.6512 0.2611 5.4711, -0.6491 0.2594 5.4711, -0.6528 0.2632 5.4711, -0.6415 0.2583 5.4711, -0.6393 0.249 5.4672, -0.6375 0.2411 5.4609, -0.6391 0.2592 5.4711, -0.6494 0.2493 5.4672, -0.654 0.2513 5.4672, -0.658 0.2544 5.4672, -0.661 0.2585 5.4672, -0.6346 0.2508 5.4672, -0.6308 0.2436 5.4609, -0.6278 0.2381 5.4528, -0.6446 0.2404 5.4609, -0.6516 0.2414 5.4609, -0.6582 0.2443 5.4609, -0.6638 0.2487 5.4609, -0.6681 0.2545 5.4609, -0.636 0.235 5.4528, -0.6447 0.2341 5.4528, -0.6534 0.2354 5.4528, -0.6614 0.2389 5.4528, -0.6683 0.2444 5.4528, -0.6736 0.2514 5.4528, -0.626 0.2347 5.4433, -0.6351 0.2312 5.4433, -0.6448 0.2302 5.4433, -0.6545 0.2317 5.4433, -0.6634 0.2356 5.4433, -0.6711 0.2416 5.4433, -0.677 0.2494 5.4433, -0.6253 0.2335 5.4331, -0.6348 0.2299 5.4331, -0.6448 0.2288 5.4331, -0.6548 0.2304 5.4331, -0.6641 0.2344 5.4331, -0.6721 0.2407 5.4331, -0.6781 0.2488 5.4331, -0.682 0.2581 5.4331, -0.6807 0.2585 5.4433, -0.6769 0.2595 5.4528, -0.6708 0.2611 5.4609, -0.6629 0.2632 5.4672, -0.6538 0.2656 5.4711, -0.6805 0.7618 5.4428, -0.6812 0.7605 5.4415, -0.6823 0.7582 5.4393, -0.6783 0.7612 5.4499, -0.6794 0.7641 5.4452, -0.6751 0.7689 5.4499, -0.6747 0.7694 5.4504, -0.6738 0.76 5.4575, -0.6744 0.7696 5.4506, -0.6666 0.7746 5.4557, -0.6684 0.7738 5.4548, -0.6707 0.7675 5.4575, -0.6626 0.7764 5.4575, -0.6658 0.7739 5.4575, -0.661 0.7771 5.4582, -0.6613 0.7695 5.4638, -0.6588 0.7777 5.4587, -0.6605 0.7565 5.4685, -0.6524 0.7543 5.4714, -0.6462 0.7605 5.4714, -0.6483 0.7686 5.4685, -0.6501 0.7583 5.4714, -0.6483 0.7597 5.4714, -0.656 0.7642 5.4685, -0.6525 0.7669 5.4685, -0.6562 0.7734 5.4638, -0.6527 0.7792 5.4602, -0.6512 0.7793 5.4603, -0.6503 0.7759 5.4638, -0.6677 0.7584 5.4638, -0.6515 0.7564 5.4714, -0.6588 0.7606 5.4685, -0.6653 0.7644 5.4638, -0.6448 0.2288 5.2756, -0.6495 0.2292 5.2752, -0.6541 0.2302 5.2742, -0.6641 0.2344 5.27, -0.6636 0.2341 5.2703, -0.6593 0.232 5.2724, -0.6548 0.2304 5.274, -0.672 0.2407 5.2637, -0.6717 0.2403 5.2641, -0.682 0.2581 5.2463, -0.6819 0.258 5.2464, -0.6781 0.2488 5.2556, -0.678 0.2485 5.2559, -0.6819 0.936 5.2635, -0.6821 0.9346 5.2629, -0.6791 0.9428 5.2663, -0.678 0.9455 5.2674, -0.6744 0.9502 5.2694, -0.6717 0.9537 5.2708, -0.6684 0.9566 5.272, -0.6635 0.9597 5.2733, -0.6527 0.9642 5.2752, -0.654 0.9637 5.275, -0.661 0.9613 5.274, -0.6819 -0.0469 5.2464, -0.678 -0.0469 5.2559, -0.6717 -0.0469 5.2641, -0.6636 -0.0469 5.2703, -0.6541 -0.0469 5.2743, -0.5911 -0.0523 5.2752, -0.6439 -0.0571 5.2743, -0.5901 -0.0571 5.2743, -0.5887 -0.0613 5.2729, -0.6439 -0.0666 5.2703, -0.5862 -0.0666 5.2703, -0.5843 -0.0696 5.2684, -0.6439 -0.0748 5.2641, -0.5798 -0.0746 5.2639, -0.578 -0.0766 5.2621, -0.6439 -0.081 5.2559, -0.5717 -0.0809 5.2558, -0.5702 -0.0819 5.2543, -0.6439 -0.085 5.2464, -0.5622 -0.0849 5.2464, -0.5614 -0.0852 5.2456, -0.5911 -0.0523 5.4331, -0.5912 -0.0429 5.4331, -0.5892 -0.0337 5.4331, -0.585 -0.0253 5.4331, -0.5614 -0.0852 5.4331, -0.5702 -0.0819 5.4331, -0.578 -0.0766 5.4331, -0.5843 -0.0696 5.4331, -0.5887 -0.0613 5.4331, -0.6819 0.936 4.6355, -0.678 0.9455 4.626, -0.6717 0.9537 4.6178, -0.6679 0.9571 4.6144, -0.6636 0.9599 4.6116, -0.659 0.9622 4.6093, -0.6541 0.9638 4.6076, -0.649 0.9649 4.6066, -0.6537 -0.0837 5.2464, -0.6537 -0.064 5.2703, -0.649 -0.0558 5.2743, -0.6511 -0.0541 5.2743, -0.6537 -0.0496 5.2743, -0.6465 -0.0568 5.2743, -0.649 -0.0659 5.2703, -0.6511 -0.0738 5.2641, -0.6578 -0.0609 5.2703, -0.6527 -0.052 5.2743, -0.6609 -0.0568 5.2703, -0.6629 -0.052 5.2703, -0.6578 -0.071 5.2641, -0.6636 -0.0666 5.2641, -0.668 -0.0609 5.2641, -0.6708 -0.0541 5.2641, -0.6527 -0.0799 5.2559, -0.6609 -0.0765 5.2559, -0.668 -0.071 5.2559, -0.6734 -0.064 5.2559, -0.6768 -0.0558 5.2559, -0.6629 -0.0799 5.2464, -0.6708 -0.0738 5.2464, -0.6768 -0.0659 5.2464, -0.6806 -0.0568 5.2464, -0.6541 -0.085 5.2362, -0.6636 -0.081 5.2362, -0.6717 -0.0748 5.2362, -0.678 -0.0666 5.2362, -0.6819 -0.0571 5.2362, -0.565 -0.0618 5.4672, -0.5588 -0.0546 5.4711, -0.5604 -0.0528 5.4711, -0.5622 -0.0483 5.4711, -0.5616 -0.0507 5.4711, -0.5622 -0.0459 5.4711, -0.5568 -0.056 5.4711, -0.5611 -0.0644 5.4672, -0.5649 -0.0716 5.4609, -0.5545 -0.0568 5.4711, -0.5682 -0.0583 5.4672, -0.5704 -0.0541 5.4672, -0.5716 -0.0496 5.4672, -0.5717 -0.0449 5.4672, -0.5567 -0.0661 5.4672, -0.5587 -0.074 5.4609, -0.5602 -0.0801 5.4528, -0.5521 -0.0571 5.4711, -0.5704 -0.0679 5.4609, -0.5748 -0.063 5.4609, -0.578 -0.0571 5.4609, -0.5797 -0.0507 5.4609, -0.5798 -0.0441 5.4609, -0.5521 -0.0666 5.4672, -0.5521 -0.0748 5.4609, -0.5521 -0.081 5.4528, -0.5521 -0.085 5.4433, -0.5678 -0.0772 5.4528, -0.5745 -0.0726 5.4528, -0.58 -0.0666 5.4528, -0.5838 -0.0594 5.4528, -0.5859 -0.0515 5.4528, -0.586 -0.0434 5.4528, -0.5611 -0.0839 5.4433, -0.5696 -0.0807 5.4433, -0.5771 -0.0756 5.4433, -0.5832 -0.0688 5.4433, -0.5875 -0.0609 5.4433, -0.5898 -0.0521 5.4433, -0.5899 -0.043 5.4433, -0.5879 -0.0341 5.4433, -0.5842 -0.0355 5.4528, -0.5783 -0.0376 5.4609, -0.5706 -0.0403 5.4672, -0.5617 -0.0435 5.4711, -0.5838 -0.026 5.4433, -0.5806 -0.0282 5.4528, -0.5753 -0.0316 5.4609, -0.5685 -0.0361 5.4672, -0.5606 -0.0413 5.4711, -0.578 -0.0191 5.4433, -0.5753 -0.022 5.4528, -0.571 -0.0266 5.4609, -0.5655 -0.0325 5.4672, -0.559 -0.0395 5.4711, 0.2991 0.7717 5.4672, 0.3028 0.7622 5.4711, -0.6541 -0.0469 4.6076, -0.6636 -0.0469 4.6116, -0.6717 -0.0469 4.6178, -0.678 -0.0469 4.626, -0.6819 -0.0469 4.6355, -0.6819 -0.0571 4.6457, -0.678 -0.0666 4.6457, -0.6717 -0.0748 4.6457, -0.6636 -0.081 4.6457, -0.6541 -0.085 4.6457, 0.4781 -0.0571 5.4711, 0.4781 -0.0666 5.4672, 0.4781 -0.0748 5.4609, 0.4781 -0.081 5.4528, 0.4781 -0.085 5.4433, 0.4869 -0.0469 5.4713, 0.4952 0.752 5.4685, 0.487 0.752 5.4714, 0.4869 0.752 5.4715, 0.4883 -0.0469 5.4711, 0.4951 -0.0469 5.4683, 0.4953 0.752 5.4685, 0.5027 0.752 5.4638, 0.4978 -0.0469 5.4672, 0.5025 -0.0469 5.4636, 0.5028 0.752 5.4638, 0.506 -0.0469 5.4609, 0.5089 0.752 5.4576, 0.5087 -0.0469 5.4574, 0.5091 0.752 5.4575, 0.5122 -0.0469 5.4528, 0.5136 0.752 5.4501, 0.5134 -0.0469 5.45, 0.5137 0.752 5.4499, 0.5162 -0.0469 5.4433, 0.5165 0.752 5.4418, 0.5164 -0.0469 5.4418, 0.5166 0.752 5.4415, 0.4781 0.7608 5.4714, 0.4781 0.7622 5.471, 0.4781 0.7692 5.4685, 0.4781 0.7767 5.4638, 0.4781 0.7716 5.467, -0.6537 -0.0837 4.6355, -0.6629 -0.0799 4.6355, -0.6527 -0.0799 4.626, -0.6609 -0.0765 4.626, -0.6511 -0.0738 4.6178, -0.6578 -0.071 4.6178, -0.649 -0.0659 4.6116, -0.6537 -0.064 4.6116, -0.6465 -0.0568 4.6076, -0.649 -0.0558 4.6076, -0.6708 -0.0738 4.6355, -0.668 -0.071 4.626, -0.6636 -0.0666 4.6178, -0.6578 -0.0609 4.6116, -0.6511 -0.0541 4.6076, -0.6439 -0.085 4.6355, -0.6439 -0.081 4.626, -0.6439 -0.0748 4.6178, -0.6439 -0.0666 4.6116, -0.6439 -0.0571 4.6076, -0.6768 -0.0659 4.6355, -0.6806 -0.0568 4.6355, -0.6734 -0.064 4.626, -0.6768 -0.0558 4.626, -0.668 -0.0609 4.6178, -0.6708 -0.0541 4.6178, -0.6609 -0.0568 4.6116, -0.6629 -0.052 4.6116, -0.6527 -0.052 4.6076, -0.6537 -0.0496 4.6076, 0.5152 -0.0554 5.4433, 0.5114 -0.0545 5.4528, 0.5053 -0.0531 5.4609, 0.4973 -0.0513 5.4672, 0.4881 -0.0492 5.4711, 0.4873 -0.0514 5.4711, 0.4804 -0.0569 5.4711, 0.4826 -0.0561 5.4711, 0.4904 -0.0623 5.4672, 0.4867 -0.0647 5.4672, 0.4825 -0.0661 5.4672, 0.4959 -0.0555 5.4672, 0.4861 -0.0533 5.4711, 0.4999 -0.0643 5.4609, 0.4955 -0.0687 5.4609, 0.4902 -0.072 5.4609, 0.4843 -0.0741 5.4609, 0.5032 -0.059 5.4609, 0.4935 -0.0592 5.4672, 0.4845 -0.0549 5.4711, 0.5089 -0.0617 5.4528, 0.5048 -0.0682 5.4528, 0.4994 -0.0736 5.4528, 0.4929 -0.0777 5.4528, 0.4857 -0.0802 5.4528, 0.5124 -0.0634 5.4433, 0.5079 -0.0706 5.4433, 0.5019 -0.0767 5.4433, 0.4946 -0.0812 5.4433, 0.4866 -0.084 5.4433, 0.5165 -0.0557 5.4331, 0.5136 -0.064 5.4331, 0.5089 -0.0715 5.4331, 0.5027 -0.0777 5.4331, 0.4952 -0.0824 5.4331, 0.4869 -0.0853 5.4331, 0.4826 0.7686 5.4685, 0.4804 0.7605 5.4714, 0.4826 0.7597 5.4714, 0.4858 0.7564 5.4714, 0.4844 0.7583 5.4714, 0.4867 0.7543 5.4714, 0.4905 0.7734 5.4638, 0.4869 0.7792 5.4602, 0.4845 0.7759 5.4638, 0.4855 0.7793 5.4603, 0.4956 0.7695 5.4638, 0.4952 0.7771 5.4582, 0.493 0.7777 5.4587, 0.5049 0.7675 5.4575, 0.5027 0.7738 5.4548, 0.5 0.7739 5.4575, 0.5009 0.7746 5.4557, 0.4968 0.7764 5.4575, 0.5148 0.7618 5.4428, 0.5136 0.7641 5.4452, 0.5125 0.7612 5.4499, 0.5094 0.7689 5.4499, 0.508 0.76 5.4575, 0.5089 0.7694 5.4504, 0.5086 0.7696 5.4506, 0.5154 0.7605 5.4415, 0.5165 0.7582 5.4393, 0.4867 0.7669 5.4685, 0.4903 0.7642 5.4685, 0.493 0.7606 5.4685, 0.4947 0.7565 5.4685, 0.4995 0.7644 5.4638, 0.502 0.7584 5.4638, 0.4781 -0.0571 4.6076, 0.4781 -0.0666 4.6116, 0.4781 -0.0748 4.6178, 0.4781 -0.081 4.626, 0.4781 -0.085 4.6355, 0.4869 -0.0852 4.6457, 0.4883 -0.085 4.6457, 0.4951 -0.0822 4.6457, 0.4978 -0.081 4.6457, 0.5025 -0.0775 4.6457, 0.506 -0.0748 4.6457, 0.5087 -0.0713 4.6457, 0.5122 -0.0666 4.6457, 0.5134 -0.0639 4.6457, 0.5162 -0.0571 4.6457, 0.5164 -0.0557 4.6457, 0.4869 0.9642 5.2752, 0.4952 0.9613 5.274, 0.5027 0.9566 5.272, 0.5089 0.9504 5.2695, 0.5136 0.9429 5.2664, 0.5165 0.9346 5.2629, 0.488 -0.0837 4.6355, 0.4972 -0.0799 4.6355, 0.505 -0.0738 4.6355, 0.5111 -0.0659 4.6355, 0.5149 -0.0568 4.6355, 0.5111 -0.0558 4.626, 0.5077 -0.064 4.626, 0.505 -0.0541 4.6178, 0.5023 -0.0609 4.6178, 0.4972 -0.052 4.6116, 0.4952 -0.0568 4.6116, 0.488 -0.0496 4.6076, 0.487 -0.052 4.6076, 0.5023 -0.071 4.626, 0.4978 -0.0666 4.6178, 0.4921 -0.0609 4.6116, 0.4854 -0.0541 4.6076, 0.5162 -0.0469 4.6355, 0.5122 -0.0469 4.626, 0.506 -0.0469 4.6178, 0.4978 -0.0469 4.6116, 0.4883 -0.0469 4.6076, 0.4952 -0.0765 4.626, 0.487 -0.0799 4.626, 0.4921 -0.071 4.6178, 0.4854 -0.0738 4.6178, 0.488 -0.064 4.6116, 0.4832 -0.0659 4.6116, 0.4832 -0.0558 4.6076, 0.4808 -0.0568 4.6076, 0.4826 0.9649 4.6065, 0.4869 0.9641 4.6074, 0.4883 0.9638 4.6076, 0.4952 0.9613 4.6102, 0.4977 0.9597 4.6118, 0.5027 0.9566 4.6149, 0.5089 0.9504 4.6211, 0.5058 0.9535 4.618, 0.5165 0.9346 4.6369, 0.516 0.936 4.6355, 0.5136 0.9429 4.6286, 0.5121 0.9454 4.6261, -0.8801 0.9258 2.2283, -0.8801 0.9652 2.2283, -1.9628 0.9258 2.2283, -2.0612 0.9652 2.2283, -1.9628 -0.0469 2.2283, -0.8801 -0.0469 2.2283, -1.9628 0.9258 4.6063, -1.3722 0.9258 4.3701, -1.3722 0.9258 4.6063, -0.8801 0.9258 3.6094, -0.7817 0.9258 3.6094, -0.7817 0.9258 4.3701, -0.7817 -0.0469 4.3701, -0.7817 -0.0469 3.6094, -1.9628 -0.0469 4.6063, -0.8801 -0.0469 3.6094, -1.3722 -0.0469 4.3701, -1.3722 -0.0469 4.6063, -1.0711 0.752 5.4724, -1.93 -0.0469 5.4724, -0.8998 0.752 5.4724, -0.8998 -0.0469 5.4724, -0.8998 0.7799 5.4609, -0.8998 0.9652 5.2756, -1.0691 0.8077 5.4331, -1.0821 0.7799 5.4609, -1.0829 0.7832 5.4576, -1.0828 0.7868 5.454, -1.0771 0.7989 5.4418, -1.0817 0.7906 5.4502, -1.6085 -0.9975 4.5905, -2.6518 -0.9975 4.5905, -1.6085 -0.969 4.6023, -2.6518 -0.969 4.6023, -1.6085 -0.6695 4.604, -2.0612 -0.6695 4.604, -1.6085 -0.6474 4.5973, -2.0612 -0.6474 4.5973, -1.6085 -0.6269 4.5864, -2.0612 -0.6269 4.5864, -1.6085 -0.609 4.5717, -2.0612 -0.609 4.5717, -1.7063 -0.7087 2.9363, -1.6085 -0.7618 2.8832, -1.6085 -0.1832 3.4618, -1.7814 -0.3054 3.3396, -1.8286 -0.386 3.259, -1.8447 -0.4725 3.1725, -1.7063 -0.2362 3.4087, -1.7814 -0.6395 3.0055, -1.8286 -0.5589 3.0861, -1.6085 -1.1575 3.279, -1.4339 -1.1575 3.1952, -1.3106 -1.1575 3.1952, -1.3722 -1.1575 3.1894, -1.136 -1.1575 3.279, -1.1914 -1.1575 3.2403, -1.25 -1.1575 3.2122, -1.553 -1.1575 3.2403, -1.4945 -1.1575 3.2122, -1.136 -0.7618 2.8832, -1.0382 -0.7087 2.9363, -0.9631 -0.6395 3.0055, -0.9159 -0.5589 3.0861, -0.8998 -0.4725 3.1725, -0.9159 -0.386 3.259, -0.9631 -0.3054 3.3396, -1.0382 -0.2362 3.4087, -1.136 -0.1832 3.4618, -1.136 -1.1575 2.6378, -1.6085 -1.1575 2.6378, -2.0612 0.2682 5.2362, -2.0612 0.2682 5.4331, -2.0612 0.752 5.4331, -2.0612 -0.0469 4.6457, -2.0612 -0.0469 5.2362, -2.0612 0.9258 4.6457, -2.0612 0.9258 5.2593, -2.0219 -0.0863 5.2362, -2.0219 -0.0863 4.6457, -1.93 -0.0863 5.2362, -0.8998 -0.0863 4.6457, -1.93 -0.0863 5.4331, -0.8998 -0.0863 5.4331, -0.8604 0.752 5.4331, -0.8604 -0.0469 5.4331, -0.8604 0.9258 5.2593, -0.8604 -0.0469 4.6457, -0.8604 0.9258 4.6457, -0.8998 0.9652 4.6063, -1.2148 0.9652 5.2756, -2.0219 0.9652 4.6063, -2.0219 0.9652 5.2756, -2.0219 -0.0469 4.6063, -0.8998 -0.0469 4.6063, -2.0219 0.752 5.4724, -2.0219 0.2682 5.4724, -1.5017 0.752 5.4724, -2.0219 0.7799 5.4609, -1.4309 0.7799 5.4609, -1.4139 0.7887 5.4521, -1.397 0.7975 5.4433, -1.3841 0.8077 5.4331, -1.9568 -0.0181 5.4331, -1.9568 -0.0181 5.2756, -1.995 0.2394 5.2756, -2.0033 0.2335 5.2756, -2.0127 0.2299 5.2756, -1.9629 -0.0253 5.2756, -2.0219 0.2288 5.2756, -1.9671 -0.0337 5.2756, -2.0219 -0.0469 5.2756, -1.9692 -0.0429 5.2756, -1.9694 -0.0469 5.2756, -1.995 0.2394 5.4331, -2.0149 0.2607 5.4711, -1.4767 0.7619 5.4698, -2.0084 0.2538 5.4672, -1.4516 0.7717 5.4672, -2.0029 0.2478 5.4609, -1.9986 0.2432 5.4528, -1.9959 0.2403 5.4433, -2.0219 0.7767 5.4638, -2.0219 0.7716 5.467, -2.0219 0.7692 5.4685, -2.0219 0.7622 5.471, -2.0219 0.7608 5.4714, -2.0307 0.752 5.4714, -2.032 0.2682 5.4711, -2.032 0.752 5.471, -2.039 0.752 5.4685, -2.0415 0.2682 5.4672, -2.0414 0.752 5.467, -2.0465 0.752 5.4638, -2.0497 0.2682 5.4609, -2.0495 0.752 5.4607, -2.0528 0.752 5.4575, -2.0559 0.2682 5.4528, -2.0557 0.752 5.4526, -2.0574 0.752 5.4499, -2.0599 0.2682 5.4433, -2.0597 0.752 5.4432, -2.0603 0.752 5.4415, -2.0223 0.2485 5.4672, -2.0221 0.258 5.4711, -2.0247 0.2584 5.4711, -2.0291 0.2611 5.4711, -2.0271 0.2594 5.4711, -2.0307 0.2632 5.4711, -2.0195 0.2583 5.4711, -2.0173 0.249 5.4672, -2.0154 0.2411 5.4609, -2.017 0.2592 5.4711, -2.0273 0.2493 5.4672, -2.032 0.2513 5.4672, -2.0359 0.2544 5.4672, -2.039 0.2585 5.4672, -2.0126 0.2508 5.4672, -2.0087 0.2436 5.4609, -2.0058 0.2381 5.4528, -2.0225 0.2404 5.4609, -2.0296 0.2414 5.4609, -2.0362 0.2443 5.4609, -2.0418 0.2487 5.4609, -2.0461 0.2545 5.4609, -2.014 0.235 5.4528, -2.0227 0.2341 5.4528, -2.0313 0.2354 5.4528, -2.0394 0.2389 5.4528, -2.0462 0.2444 5.4528, -2.0515 0.2514 5.4528, -2.0039 0.2347 5.4433, -2.013 0.2312 5.4433, -2.0228 0.2302 5.4433, -2.0324 0.2317 5.4433, -2.0414 0.2356 5.4433, -2.0491 0.2416 5.4433, -2.0549 0.2494 5.4433, -2.0033 0.2335 5.4331, -2.0127 0.2299 5.4331, -2.0228 0.2288 5.4331, -2.0328 0.2304 5.4331, -2.0421 0.2344 5.4331, -2.05 0.2407 5.4331, -2.0561 0.2488 5.4331, -2.0599 0.2581 5.4331, -2.0586 0.2585 5.4433, -2.0548 0.2595 5.4528, -2.0488 0.2611 5.4609, -2.0409 0.2632 5.4672, -2.0317 0.2656 5.4711, -2.0585 0.7618 5.4428, -2.0591 0.7605 5.4415, -2.0602 0.7582 5.4393, -2.0562 0.7612 5.4499, -2.0573 0.7641 5.4452, -2.0531 0.7689 5.4499, -2.0526 0.7694 5.4504, -2.0517 0.76 5.4575, -2.0523 0.7696 5.4506, -2.0446 0.7746 5.4557, -2.0464 0.7738 5.4548, -2.0486 0.7675 5.4575, -2.0405 0.7764 5.4575, -2.0437 0.7739 5.4575, -2.0389 0.7771 5.4582, -2.0393 0.7695 5.4638, -2.0367 0.7777 5.4587, -2.0384 0.7565 5.4685, -2.0304 0.7543 5.4714, -2.0241 0.7605 5.4714, -2.0263 0.7686 5.4685, -2.0281 0.7583 5.4714, -2.0263 0.7597 5.4714, -2.034 0.7642 5.4685, -2.0304 0.7669 5.4685, -2.0342 0.7734 5.4638, -2.0306 0.7792 5.4602, -2.0292 0.7793 5.4603, -2.0282 0.7759 5.4638, -2.0457 0.7584 5.4638, -2.0295 0.7564 5.4714, -2.0367 0.7606 5.4685, -2.0432 0.7644 5.4638, -2.0228 0.2288 5.2756, -2.0275 0.2292 5.2752, -2.032 0.2302 5.2742, -2.0421 0.2344 5.27, -2.0415 0.2341 5.2703, -2.0373 0.232 5.2724, -2.0328 0.2304 5.274, -2.05 0.2407 5.2637, -2.0497 0.2403 5.2641, -2.0599 0.2581 5.2463, -2.0599 0.258 5.2464, -2.0561 0.2488 5.2556, -2.0559 0.2485 5.2559, -2.0602 0.9346 5.2629, -2.0573 0.9429 5.2664, -2.0526 0.9504 5.2695, -2.0464 0.9566 5.272, -2.0389 0.9613 5.274, -2.0306 0.9642 5.2752, -2.0599 -0.0469 5.2464, -2.0559 -0.0469 5.2559, -2.0497 -0.0469 5.2641, -2.0415 -0.0469 5.2703, -2.032 -0.0469 5.2743, -1.969 -0.0523 5.2752, -2.0219 -0.0571 5.2743, -1.9681 -0.0571 5.2743, -1.9667 -0.0613 5.2729, -2.0219 -0.0666 5.2703, -1.9641 -0.0666 5.2703, -1.9622 -0.0696 5.2684, -2.0219 -0.0748 5.2641, -1.9577 -0.0746 5.2639, -1.9559 -0.0766 5.2621, -2.0219 -0.081 5.2559, -1.9496 -0.0809 5.2558, -1.9482 -0.0819 5.2543, -2.0219 -0.085 5.2464, -1.9402 -0.0849 5.2464, -1.9394 -0.0852 5.2456, -1.969 -0.0523 5.4331, -1.9692 -0.0429 5.4331, -1.9671 -0.0337 5.4331, -1.9629 -0.0253 5.4331, -1.9394 -0.0852 5.4331, -1.9482 -0.0819 5.4331, -1.9559 -0.0766 5.4331, -1.9622 -0.0696 5.4331, -1.9667 -0.0613 5.4331, -2.0599 0.936 4.6355, -2.0601 0.9346 4.6369, -2.0559 0.9455 4.626, -2.0571 0.9428 4.6287, -2.0414 0.9597 4.6118, -2.0464 0.9566 4.6149, -2.0497 0.9537 4.6178, -2.0524 0.9502 4.6213, -2.0389 0.9613 4.6102, -2.032 0.9638 4.6076, -2.0306 0.9642 4.6073, -2.0263 0.9649 4.6065, -2.0317 -0.0837 5.2464, -2.0317 -0.064 5.2703, -2.0269 -0.0558 5.2743, -2.0291 -0.0541 5.2743, -2.0317 -0.0496 5.2743, -2.0245 -0.0568 5.2743, -2.0269 -0.0659 5.2703, -2.0291 -0.0738 5.2641, -2.0358 -0.0609 5.2703, -2.0307 -0.052 5.2743, -2.0389 -0.0568 5.2703, -2.0409 -0.052 5.2703, -2.0358 -0.071 5.2641, -2.0415 -0.0666 5.2641, -2.046 -0.0609 5.2641, -2.0487 -0.0541 5.2641, -2.0307 -0.0799 5.2559, -2.0389 -0.0765 5.2559, -2.046 -0.071 5.2559, -2.0514 -0.064 5.2559, -2.0548 -0.0558 5.2559, -2.0409 -0.0799 5.2464, -2.0487 -0.0738 5.2464, -2.0548 -0.0659 5.2464, -2.0586 -0.0568 5.2464, -2.032 -0.085 5.2362, -2.0415 -0.081 5.2362, -2.0497 -0.0748 5.2362, -2.0559 -0.0666 5.2362, -2.0599 -0.0571 5.2362, -1.943 -0.0618 5.4672, -1.9367 -0.0546 5.4711, -1.9384 -0.0528 5.4711, -1.9401 -0.0483 5.4711, -1.9395 -0.0507 5.4711, -1.9402 -0.0459 5.4711, -1.9347 -0.056 5.4711, -1.9385 -0.0413 5.4711, -1.936 -0.0405 5.4713, -1.9391 -0.0644 5.4672, -1.9429 -0.0716 5.4609, -1.9324 -0.0568 5.4711, -1.9461 -0.0583 5.4672, -1.9484 -0.0541 5.4672, -1.9495 -0.0496 5.4672, -1.9496 -0.0449 5.4672, -1.937 -0.0395 5.4711, -1.9416 -0.0345 5.4683, -1.9465 -0.0361 5.4672, -1.9347 -0.0661 5.4672, -1.9366 -0.074 5.4609, -1.9381 -0.0801 5.4528, -1.93 -0.0571 5.4711, -1.9483 -0.0679 5.4609, -1.9528 -0.063 5.4609, -1.9559 -0.0571 5.4609, -1.9576 -0.0507 5.4609, -1.9577 -0.0441 5.4609, -1.93 -0.0666 5.4672, -1.93 -0.0748 5.4609, -1.93 -0.081 5.4528, -1.93 -0.085 5.4433, -1.9457 -0.0772 5.4528, -1.9525 -0.0726 5.4528, -1.9579 -0.0666 5.4528, -1.9618 -0.0594 5.4528, -1.9638 -0.0515 5.4528, -1.9639 -0.0434 5.4528, -1.9434 -0.0325 5.4672, -1.9466 -0.0291 5.4636, -1.9533 -0.0316 5.4609, -1.949 -0.0266 5.4609, -1.9585 -0.0282 5.4528, -1.9508 -0.0246 5.4574, -1.939 -0.0839 5.4433, -1.9475 -0.0807 5.4433, -1.955 -0.0756 5.4433, -1.9611 -0.0688 5.4433, -1.9654 -0.0609 5.4433, -1.9677 -0.0521 5.4433, -1.9679 -0.043 5.4433, -1.9658 -0.0341 5.4433, -1.9621 -0.0355 5.4528, -1.9563 -0.0376 5.4609, -1.9486 -0.0403 5.4672, -1.9396 -0.0435 5.4711, -1.9618 -0.026 5.4433, -1.9533 -0.022 5.4528, -1.954 -0.0212 5.45, -1.9559 -0.0191 5.4433, -1.9561 -0.019 5.4418, -1.0807 0.7764 5.4636, -1.0789 0.7717 5.4672, -1.0778 0.769 5.4683, -1.0752 0.7622 5.4711, -1.0746 0.7608 5.4713, -2.032 -0.0469 4.6076, -2.0415 -0.0469 4.6116, -2.0497 -0.0469 4.6178, -2.0559 -0.0469 4.626, -2.0599 -0.0469 4.6355, -2.0599 -0.0571 4.6457, -2.0559 -0.0666 4.6457, -2.0497 -0.0748 4.6457, -2.0415 -0.081 4.6457, -2.032 -0.085 4.6457, -0.8998 -0.0571 5.4711, -0.8998 -0.0666 5.4672, -0.8998 -0.0748 5.4609, -0.8998 -0.081 5.4528, -0.8998 -0.085 5.4433, -0.891 0.752 5.4714, -0.8897 0.752 5.471, -0.8896 -0.0469 5.4711, -0.8826 0.752 5.4685, -0.8802 0.752 5.467, -0.8801 -0.0469 5.4672, -0.8751 0.752 5.4638, -0.872 -0.0469 5.4609, -0.8721 0.752 5.4607, -0.8689 0.752 5.4575, -0.8657 -0.0469 5.4528, -0.8659 0.752 5.4526, -0.8642 0.752 5.4499, -0.8618 -0.0469 5.4433, -0.8619 0.752 5.4432, -0.8614 0.752 5.4415, -0.8998 0.7767 5.4638, -0.8998 0.7716 5.467, -0.8998 0.7692 5.4685, -0.8998 0.7622 5.471, -0.8998 0.7608 5.4714, -2.0317 -0.0837 4.6355, -2.0409 -0.0799 4.6355, -2.0307 -0.0799 4.626, -2.0389 -0.0765 4.626, -2.0291 -0.0738 4.6178, -2.0358 -0.071 4.6178, -2.0269 -0.0659 4.6116, -2.0317 -0.064 4.6116, -2.0245 -0.0568 4.6076, -2.0269 -0.0558 4.6076, -2.0487 -0.0738 4.6355, -2.046 -0.071 4.626, -2.0415 -0.0666 4.6178, -2.0358 -0.0609 4.6116, -2.0291 -0.0541 4.6076, -2.0219 -0.085 4.6355, -2.0219 -0.081 4.626, -2.0219 -0.0748 4.6178, -2.0219 -0.0666 4.6116, -2.0219 -0.0571 4.6076, -2.0548 -0.0659 4.6355, -2.0586 -0.0568 4.6355, -2.0514 -0.064 4.626, -2.0548 -0.0558 4.626, -2.046 -0.0609 4.6178, -2.0487 -0.0541 4.6178, -2.0389 -0.0568 4.6116, -2.0409 -0.052 4.6116, -2.0307 -0.052 4.6076, -2.0317 -0.0496 4.6076, -0.8631 -0.0568 5.4433, -0.8828 -0.0568 5.4672, -0.891 -0.052 5.4711, -0.8926 -0.0541 5.4711, -0.8972 -0.0568 5.4711, -0.89 -0.0496 5.4711, -0.8808 -0.052 5.4672, -0.8729 -0.0541 5.4609, -0.8859 -0.0609 5.4672, -0.8947 -0.0558 5.4711, -0.89 -0.064 5.4672, -0.8947 -0.0659 5.4672, -0.8757 -0.0609 5.4609, -0.8801 -0.0666 5.4609, -0.8859 -0.071 5.4609, -0.8926 -0.0738 5.4609, -0.8669 -0.0558 5.4528, -0.8703 -0.064 5.4528, -0.8757 -0.071 5.4528, -0.8828 -0.0765 5.4528, -0.891 -0.0799 5.4528, -0.8669 -0.0659 5.4433, -0.8729 -0.0738 5.4433, -0.8808 -0.0799 5.4433, -0.89 -0.0837 5.4433, -0.8618 -0.0571 5.4331, -0.8657 -0.0666 5.4331, -0.872 -0.0748 5.4331, -0.8801 -0.081 5.4331, -0.8896 -0.085 5.4331, -0.8954 0.7686 5.4685, -0.8975 0.7605 5.4714, -0.8954 0.7597 5.4714, -0.8922 0.7564 5.4714, -0.8936 0.7583 5.4714, -0.8875 0.7734 5.4638, -0.891 0.7792 5.4602, -0.8934 0.7759 5.4638, -0.8925 0.7793 5.4603, -0.8824 0.7695 5.4638, -0.8827 0.7771 5.4582, -0.8849 0.7777 5.4587, -0.873 0.7675 5.4575, -0.8753 0.7738 5.4548, -0.8779 0.7739 5.4575, -0.8771 0.7746 5.4557, -0.8811 0.7764 5.4575, -0.8632 0.7618 5.4428, -0.8643 0.7641 5.4452, -0.8654 0.7612 5.4499, -0.8686 0.7689 5.4499, -0.8699 0.76 5.4575, -0.869 0.7694 5.4504, -0.8693 0.7696 5.4506, -0.8913 0.7543 5.4714, -0.8912 0.7669 5.4685, -0.8877 0.7642 5.4685, -0.8849 0.7606 5.4685, -0.8832 0.7565 5.4685, -0.8784 0.7644 5.4638, -0.876 0.7584 5.4638, -0.8614 0.7582 5.4393, -0.8625 0.7605 5.4415, -0.8998 -0.0571 4.6076, -0.8998 -0.0666 4.6116, -0.8998 -0.0748 4.6178, -0.8998 -0.081 4.626, -0.8998 -0.085 4.6355, -0.8896 -0.085 4.6457, -0.8801 -0.081 4.6457, -0.872 -0.0748 4.6457, -0.8657 -0.0666 4.6457, -0.8618 -0.0571 4.6457, -0.891 0.9642 5.2752, -0.8897 0.9637 5.275, -0.8827 0.9613 5.274, -0.8802 0.9597 5.2733, -0.8753 0.9566 5.272, -0.8721 0.9535 5.2707, -0.869 0.9504 5.2695, -0.8659 0.9454 5.2674, -0.8643 0.9429 5.2664, -0.8619 0.936 5.2635, -0.8614 0.9346 5.2629, -0.8631 -0.0568 4.6355, -0.8669 -0.0659 4.6355, -0.8669 -0.0558 4.626, -0.8703 -0.064 4.626, -0.8729 -0.0541 4.6178, -0.8757 -0.0609 4.6178, -0.8808 -0.052 4.6116, -0.8828 -0.0568 4.6116, -0.89 -0.0496 4.6076, -0.891 -0.052 4.6076, -0.8729 -0.0738 4.6355, -0.8757 -0.071 4.626, -0.8801 -0.0666 4.6178, -0.8859 -0.0609 4.6116, -0.8926 -0.0541 4.6076, -0.8618 -0.0469 4.6355, -0.8657 -0.0469 4.626, -0.872 -0.0469 4.6178, -0.8801 -0.0469 4.6116, -0.8896 -0.0469 4.6076, -0.8808 -0.0799 4.6355, -0.89 -0.0837 4.6355, -0.8828 -0.0765 4.626, -0.891 -0.0799 4.626, -0.8859 -0.071 4.6178, -0.8926 -0.0738 4.6178, -0.89 -0.064 4.6116, -0.8947 -0.0659 4.6116, -0.8947 -0.0558 4.6076, -0.8972 -0.0568 4.6076, -0.872 0.9537 4.6178, -0.8758 0.9571 4.6144, -0.8801 0.9599 4.6116, -0.8847 0.9622 4.6093, -0.8896 0.9638 4.6076, -0.8947 0.9649 4.6066, -0.8657 0.9455 4.626, -0.8618 0.936 4.6355
            ]
        }
        coordIndex [
            0,1,2,-1,3,4,5,-1,6,7,8,-1,9,10,11,-1,12,13,14,-1,15,16,5,-1,5,16,17,-1,5,18,19,-1,19,20,5,-1,5,20,21,-1,5,21,15,-1,22,23,4,-1,4,23,24,-1,4,24,5,-1,5,24,25,-1,5,25,18,-1,26,27,28,-1,28,27,29,-1,28,30,26,-1,26,30,31,-1,26,31,32,-1,32,31,23,-1,32,23,33,-1,33,23,22,-1,29,34,28,-1,28,34,35,-1,28,35,36,-1,36,35,37,-1,36,37,38,-1,37,39,38,-1,38,39,40,-1,38,40,41,-1,41,40,42,-1,41,42,43,-1,44,45,37,-1,37,45,46,-1,37,46,39,-1,47,48,49,-1,49,50,47,-1,47,50,51,-1,47,51,37,-1,37,51,52,-1,37,52,44,-1,53,54,55,-1,55,54,56,-1,53,55,57,-1,57,55,58,-1,57,58,59,-1,56,60,55,-1,55,60,61,-1,55,61,48,-1,48,61,62,-1,48,62,49,-1,63,64,55,-1,55,64,65,-1,65,66,55,-1,55,66,67,-1,55,67,58,-1,68,69,70,-1,71,72,73,-1,73,74,71,-1,71,74,75,-1,71,75,76,-1,76,77,71,-1,71,77,64,-1,71,64,70,-1,70,64,63,-1,70,63,68,-1,78,79,72,-1,72,79,80,-1,72,80,81,-1,81,82,72,-1,72,82,83,-1,72,83,73,-1,84,85,86,-1,87,88,89,-1,90,91,78,-1,92,93,94,-1,94,93,95,-1,87,89,96,-1,90,78,97,-1,98,99,93,-1,93,99,100,-1,93,100,101,-1,86,85,78,-1,78,85,102,-1,78,102,97,-1,88,103,89,-1,89,103,104,-1,89,104,105,-1,106,107,108,-1,108,107,109,-1,108,109,110,-1,111,101,112,-1,112,101,113,-1,112,113,108,-1,108,113,114,-1,108,114,106,-1,111,115,101,-1,101,115,116,-1,101,116,93,-1,93,116,117,-1,93,117,95,-1,118,119,120,-1,120,119,121,-1,120,121,89,-1,89,121,122,-1,89,122,96,-1,123,124,89,-1,89,124,125,-1,89,125,93,-1,93,125,126,-1,93,126,98,-1,127,128,79,-1,79,128,129,-1,79,129,130,-1,130,131,79,-1,79,131,132,-1,79,132,133,-1,133,132,118,-1,133,118,134,-1,134,118,120,-1,91,135,78,-1,78,135,136,-1,78,136,79,-1,79,136,137,-1,79,137,127,-1,105,138,89,-1,89,138,139,-1,89,139,140,-1,140,141,89,-1,89,141,142,-1,89,142,123,-1,143,144,145,-1,145,101,143,-1,143,101,100,-1,143,100,146,-1,146,100,147,-1,147,148,146,-1,146,148,149,-1,146,149,150,-1,151,152,153,-1,152,154,153,-1,153,154,155,-1,153,155,156,-1,157,153,158,-1,144,143,157,-1,157,143,159,-1,157,159,153,-1,153,159,160,-1,153,160,151,-1,158,161,157,-1,157,161,162,-1,157,162,163,-1,156,155,164,-1,164,155,165,-1,164,165,166,-1,166,165,167,-1,166,167,168,-1,169,170,163,-1,163,170,171,-1,163,171,157,-1,16,172,17,-1,17,172,173,-1,17,173,86,-1,86,173,174,-1,86,174,84,-1,175,176,177,-1,176,175,178,-1,178,175,179,-1,178,179,180,-1,181,182,183,-1,184,185,186,-1,183,182,187,-1,187,182,188,-1,187,188,180,-1,180,188,189,-1,180,189,178,-1,190,191,192,-1,192,191,193,-1,194,195,196,-1,196,195,197,-1,196,197,198,-1,198,197,199,-1,198,199,200,-1,200,199,201,-1,200,201,202,-1,202,201,203,-1,202,203,204,-1,204,203,205,-1,206,207,208,-1,192,198,190,-1,190,198,200,-1,190,200,209,-1,209,200,210,-1,209,210,208,-1,208,210,211,-1,208,211,206,-1,193,191,212,-1,212,191,213,-1,212,213,206,-1,206,213,207,-1,207,213,214,-1,207,214,215,-1,215,214,216,-1,215,216,217,-1,217,216,218,-1,217,218,219,-1,220,221,222,-1,222,221,217,-1,222,217,223,-1,219,224,217,-1,217,224,225,-1,217,225,226,-1,227,228,217,-1,217,228,229,-1,217,229,223,-1,230,231,232,-1,233,234,222,-1,222,234,235,-1,222,235,220,-1,226,236,217,-1,217,236,237,-1,217,237,227,-1,230,232,222,-1,222,232,238,-1,222,238,233,-1,239,240,241,-1,241,240,242,-1,241,242,213,-1,213,242,243,-1,213,243,214,-1,244,245,246,-1,246,245,247,-1,246,247,239,-1,12,14,248,-1,14,249,250,-1,250,251,14,-1,14,251,252,-1,14,252,248,-1,249,14,253,-1,253,14,254,-1,253,254,255,-1,255,254,256,-1,256,254,257,-1,256,257,258,-1,259,260,11,-1,260,261,11,-1,11,261,262,-1,11,262,9,-1,259,11,263,-1,263,11,264,-1,263,264,265,-1,265,264,266,-1,266,264,267,-1,266,267,268,-1,215,269,207,-1,207,269,270,-1,207,270,271,-1,271,270,272,-1,271,272,273,-1,274,275,276,-1,276,275,277,-1,276,277,278,-1,278,277,279,-1,278,279,280,-1,280,279,281,-1,280,281,282,-1,282,281,283,-1,282,283,284,-1,284,283,285,-1,284,285,286,-1,286,285,287,-1,286,287,288,-1,288,287,289,-1,288,289,290,-1,8,7,291,-1,71,292,293,-1,294,295,5,-1,295,296,5,-1,5,296,297,-1,5,297,3,-1,5,254,294,-1,294,254,14,-1,294,14,244,-1,244,14,13,-1,244,13,245,-1,239,241,246,-1,246,241,213,-1,246,213,298,-1,298,213,191,-1,298,191,299,-1,299,191,190,-1,299,190,300,-1,300,187,301,-1,301,187,180,-1,301,180,302,-1,302,180,179,-1,302,179,303,-1,303,179,304,-1,303,304,305,-1,306,307,308,-1,308,307,309,-1,309,307,310,-1,310,307,311,-1,310,311,312,-1,313,314,315,-1,315,314,316,-1,315,316,317,-1,317,316,310,-1,317,310,318,-1,318,310,312,-1,319,313,320,-1,320,321,319,-1,319,321,322,-1,319,322,323,-1,324,325,314,-1,325,326,314,-1,314,326,327,-1,314,327,328,-1,313,319,314,-1,314,319,329,-1,314,329,324,-1,330,331,332,-1,332,331,333,-1,334,335,336,-1,337,338,339,-1,267,340,341,-1,330,342,331,-1,331,342,343,-1,331,343,344,-1,344,343,339,-1,344,339,345,-1,345,339,338,-1,346,347,348,-1,348,347,349,-1,348,349,350,-1,351,352,336,-1,336,352,353,-1,336,353,354,-1,350,355,348,-1,348,355,356,-1,348,356,264,-1,264,356,333,-1,264,333,357,-1,357,333,331,-1,358,359,267,-1,267,359,360,-1,361,362,339,-1,339,362,363,-1,339,363,364,-1,360,365,267,-1,267,365,366,-1,267,366,340,-1,357,367,264,-1,264,367,368,-1,264,368,267,-1,267,368,369,-1,267,369,358,-1,364,370,339,-1,339,370,371,-1,339,371,337,-1,372,373,7,-1,7,373,374,-1,7,374,291,-1,291,374,292,-1,373,375,374,-1,374,375,376,-1,374,376,348,-1,348,376,377,-1,348,377,346,-1,378,379,267,-1,380,381,382,-1,383,384,385,-1,380,382,386,-1,381,378,382,-1,382,378,267,-1,382,267,334,-1,334,267,341,-1,334,341,335,-1,383,385,382,-1,382,385,387,-1,382,387,386,-1,388,389,390,-1,390,389,391,-1,390,391,334,-1,334,391,392,-1,334,392,382,-1,393,394,6,-1,8,290,6,-1,6,290,289,-1,6,289,393,-1,393,289,395,-1,393,395,396,-1,397,398,395,-1,399,400,401,-1,379,402,267,-1,267,402,403,-1,267,403,401,-1,401,403,404,-1,401,404,399,-1,405,406,395,-1,395,406,407,-1,400,408,401,-1,401,408,409,-1,401,409,410,-1,410,409,411,-1,410,411,397,-1,412,413,398,-1,398,413,414,-1,398,414,395,-1,395,414,415,-1,395,415,405,-1,407,416,395,-1,395,416,417,-1,395,417,396,-1,418,419,420,-1,420,419,421,-1,420,421,422,-1,420,423,418,-1,418,423,424,-1,418,424,425,-1,425,426,418,-1,418,426,427,-1,418,427,428,-1,428,427,429,-1,428,429,430,-1,430,429,431,-1,430,431,398,-1,398,431,432,-1,398,432,412,-1,433,434,422,-1,422,434,435,-1,422,435,420,-1,436,437,384,-1,384,437,438,-1,384,438,385,-1,436,439,437,-1,437,439,440,-1,437,440,441,-1,441,440,442,-1,441,443,444,-1,442,445,441,-1,441,445,446,-1,441,446,447,-1,447,448,441,-1,441,448,449,-1,441,449,443,-1,444,450,441,-1,441,450,451,-1,441,451,452,-1,453,454,455,-1,456,457,458,-1,459,460,461,-1,461,460,462,-1,461,462,463,-1,463,462,456,-1,463,456,464,-1,464,456,458,-1,465,466,395,-1,397,395,410,-1,410,395,466,-1,410,466,460,-1,460,466,467,-1,460,467,462,-1,468,469,465,-1,470,471,472,-1,472,471,473,-1,472,473,468,-1,468,465,472,-1,472,465,395,-1,472,395,474,-1,474,395,289,-1,474,289,475,-1,474,476,472,-1,472,476,477,-1,472,477,478,-1,479,480,287,-1,287,480,481,-1,287,481,289,-1,289,481,482,-1,289,482,475,-1,478,483,472,-1,472,483,484,-1,472,484,470,-1,485,486,285,-1,485,285,487,-1,486,488,285,-1,285,488,489,-1,285,489,287,-1,287,489,490,-1,287,490,479,-1,491,492,493,-1,493,492,494,-1,493,494,495,-1,495,494,496,-1,495,496,497,-1,497,496,498,-1,497,498,499,-1,500,501,502,-1,502,501,503,-1,502,503,492,-1,492,503,504,-1,492,504,494,-1,494,504,505,-1,494,505,506,-1,506,505,507,-1,506,507,508,-1,508,507,509,-1,5,510,0,-1,5,0,254,-1,254,0,2,-1,254,2,257,-1,257,2,511,-1,257,511,512,-1,510,5,512,-1,512,5,17,-1,512,17,257,-1,257,17,86,-1,257,86,513,-1,514,515,516,-1,515,514,517,-1,517,514,513,-1,517,513,518,-1,519,520,521,-1,521,520,517,-1,521,517,522,-1,522,517,518,-1,522,518,523,-1,523,518,524,-1,71,293,72,-1,72,293,514,-1,72,514,78,-1,78,514,516,-1,78,516,86,-1,86,516,525,-1,86,525,513,-1,513,525,526,-1,513,526,518,-1,292,374,293,-1,293,374,348,-1,293,348,514,-1,514,348,264,-1,514,264,513,-1,513,264,11,-1,513,11,257,-1,257,11,10,-1,257,10,258,-1,354,527,336,-1,336,527,372,-1,336,372,334,-1,334,372,7,-1,334,7,390,-1,390,7,6,-1,390,6,388,-1,388,6,394,-1,273,268,271,-1,271,268,267,-1,271,267,207,-1,207,267,401,-1,207,401,208,-1,208,401,410,-1,208,410,209,-1,209,410,460,-1,209,460,183,-1,528,529,183,-1,183,529,530,-1,183,530,531,-1,532,533,187,-1,187,533,534,-1,535,536,187,-1,187,536,537,-1,187,537,183,-1,183,537,538,-1,183,538,528,-1,300,190,187,-1,187,190,539,-1,187,539,532,-1,531,540,183,-1,183,540,541,-1,183,541,209,-1,209,541,542,-1,209,542,190,-1,190,542,543,-1,190,543,539,-1,534,544,187,-1,187,544,545,-1,187,545,535,-1,184,455,493,-1,493,455,454,-1,493,454,491,-1,546,547,548,-1,548,547,549,-1,548,549,550,-1,551,552,553,-1,553,552,554,-1,555,556,553,-1,553,556,557,-1,553,557,548,-1,548,557,558,-1,548,558,546,-1,550,559,548,-1,548,559,560,-1,548,560,495,-1,495,560,561,-1,495,561,493,-1,493,561,562,-1,493,562,563,-1,564,185,177,-1,177,185,184,-1,177,184,175,-1,175,184,493,-1,175,493,553,-1,553,493,563,-1,553,563,551,-1,554,565,553,-1,553,565,566,-1,553,566,555,-1,567,568,548,-1,569,570,571,-1,548,568,553,-1,553,568,572,-1,553,572,573,-1,571,567,569,-1,569,567,548,-1,569,548,574,-1,574,548,575,-1,574,575,573,-1,573,575,576,-1,573,576,553,-1,553,576,577,-1,553,577,175,-1,175,577,308,-1,175,308,179,-1,179,308,309,-1,179,309,304,-1,306,308,578,-1,578,308,577,-1,578,577,579,-1,579,577,576,-1,579,576,580,-1,580,576,575,-1,580,575,581,-1,186,181,184,-1,184,181,183,-1,184,183,455,-1,455,183,460,-1,455,460,453,-1,453,460,459,-1,453,459,499,-1,499,459,487,-1,499,487,497,-1,497,487,285,-1,497,285,495,-1,495,285,283,-1,495,283,548,-1,548,283,281,-1,548,281,575,-1,575,281,279,-1,575,279,581,-1,581,279,277,-1,582,583,584,-1,584,583,585,-1,586,587,276,-1,588,589,590,-1,590,589,276,-1,590,276,591,-1,591,276,587,-1,588,583,589,-1,589,583,582,-1,589,582,592,-1,592,582,593,-1,592,593,70,-1,70,593,594,-1,70,594,71,-1,276,278,586,-1,586,278,280,-1,586,280,595,-1,595,280,594,-1,595,594,591,-1,591,594,584,-1,591,584,590,-1,590,584,585,-1,280,282,594,-1,594,282,284,-1,594,284,286,-1,286,288,594,-1,594,288,290,-1,594,290,8,-1,8,291,594,-1,594,291,292,-1,594,292,71,-1,596,597,274,-1,274,597,275,-1,598,599,600,-1,600,599,601,-1,600,601,602,-1,602,601,603,-1,602,603,604,-1,604,603,605,-1,606,607,608,-1,608,607,609,-1,608,609,610,-1,610,609,611,-1,610,611,612,-1,612,611,613,-1,612,613,614,-1,614,613,615,-1,614,615,616,-1,616,615,617,-1,616,617,618,-1,618,617,619,-1,618,619,620,-1,620,619,621,-1,620,621,622,-1,622,621,623,-1,622,623,603,-1,603,623,624,-1,603,624,605,-1,605,624,625,-1,605,625,626,-1,626,625,627,-1,626,627,304,-1,304,627,305,-1,628,601,629,-1,629,601,599,-1,600,630,631,-1,631,630,632,-1,598,600,633,-1,633,600,631,-1,633,631,634,-1,634,631,635,-1,635,636,634,-1,634,636,637,-1,602,604,638,-1,638,604,639,-1,637,636,639,-1,639,636,640,-1,639,640,638,-1,638,640,641,-1,642,643,644,-1,644,643,645,-1,646,647,648,-1,648,647,649,-1,648,649,650,-1,650,651,648,-1,648,651,652,-1,648,652,653,-1,654,655,656,-1,654,656,657,-1,657,656,658,-1,657,658,659,-1,659,658,660,-1,659,660,661,-1,662,663,660,-1,660,663,661,-1,663,662,664,-1,663,664,665,-1,665,664,666,-1,665,666,667,-1,667,666,668,-1,667,668,669,-1,623,621,668,-1,668,621,669,-1,670,671,672,-1,673,674,672,-1,672,674,675,-1,672,675,676,-1,676,677,672,-1,672,677,678,-1,672,678,670,-1,68,63,679,-1,679,63,55,-1,679,55,48,-1,35,680,37,-1,37,680,679,-1,37,679,47,-1,47,679,48,-1,680,35,34,-1,680,34,681,-1,681,34,29,-1,681,29,682,-1,682,29,27,-1,682,27,683,-1,27,684,683,-1,683,684,685,-1,683,685,686,-1,687,688,689,-1,689,688,690,-1,689,690,691,-1,683,692,693,-1,694,695,26,-1,26,695,696,-1,26,696,697,-1,698,699,27,-1,27,699,700,-1,27,700,701,-1,692,683,702,-1,702,683,686,-1,702,686,703,-1,703,686,704,-1,703,704,705,-1,693,706,683,-1,683,706,707,-1,683,707,708,-1,697,709,26,-1,26,709,710,-1,26,710,27,-1,27,710,711,-1,27,711,698,-1,712,655,713,-1,713,655,654,-1,713,654,714,-1,714,654,715,-1,716,717,718,-1,718,717,719,-1,718,719,720,-1,721,722,723,-1,723,722,724,-1,723,724,725,-1,725,724,726,-1,701,727,27,-1,27,727,728,-1,27,728,684,-1,684,728,729,-1,684,729,720,-1,720,729,730,-1,720,730,718,-1,691,731,689,-1,689,731,732,-1,689,732,733,-1,733,732,734,-1,733,734,735,-1,708,736,683,-1,683,736,737,-1,683,737,724,-1,724,737,738,-1,724,738,726,-1,735,734,739,-1,739,734,740,-1,739,740,741,-1,741,740,742,-1,741,742,705,-1,705,742,743,-1,705,743,703,-1,715,744,714,-1,714,744,745,-1,714,745,746,-1,716,718,747,-1,747,718,748,-1,747,748,749,-1,749,748,750,-1,749,750,746,-1,746,750,751,-1,746,751,714,-1,694,26,32,-1,694,32,752,-1,752,32,33,-1,752,33,753,-1,753,33,22,-1,753,22,754,-1,3,755,4,-1,4,755,754,-1,4,754,22,-1,755,3,297,-1,755,297,756,-1,756,297,296,-1,756,296,757,-1,757,296,295,-1,757,295,758,-1,758,295,627,-1,627,295,294,-1,294,244,627,-1,627,244,246,-1,627,246,298,-1,298,299,627,-1,627,299,300,-1,627,300,301,-1,301,302,627,-1,627,302,303,-1,627,303,305,-1,629,310,316,-1,759,760,761,-1,761,762,759,-1,759,762,763,-1,759,763,316,-1,316,763,628,-1,316,628,629,-1,764,759,314,-1,314,759,316,-1,764,314,328,-1,764,328,765,-1,765,328,327,-1,765,327,766,-1,766,327,326,-1,766,326,767,-1,767,326,325,-1,767,325,768,-1,768,325,324,-1,768,324,769,-1,769,324,329,-1,769,329,770,-1,329,319,770,-1,770,319,771,-1,770,771,772,-1,772,771,773,-1,772,773,774,-1,774,773,775,-1,771,319,323,-1,771,323,776,-1,776,323,322,-1,776,322,777,-1,777,322,321,-1,777,321,778,-1,778,321,320,-1,778,320,779,-1,779,320,313,-1,779,313,780,-1,781,780,315,-1,315,780,313,-1,781,315,317,-1,781,317,782,-1,782,317,318,-1,782,318,783,-1,784,783,312,-1,312,783,318,-1,785,784,311,-1,311,784,312,-1,786,785,307,-1,307,785,311,-1,787,786,306,-1,306,786,307,-1,306,578,787,-1,787,578,579,-1,787,579,580,-1,275,597,277,-1,277,597,787,-1,277,787,581,-1,581,787,580,-1,69,68,788,-1,788,68,679,-1,789,670,678,-1,728,727,790,-1,701,791,727,-1,727,791,792,-1,727,792,790,-1,699,793,700,-1,700,793,794,-1,700,794,701,-1,701,794,795,-1,701,795,791,-1,671,712,672,-1,672,712,713,-1,672,713,673,-1,673,713,714,-1,673,714,674,-1,674,714,751,-1,674,751,675,-1,675,751,750,-1,675,750,676,-1,676,750,748,-1,676,748,677,-1,677,748,718,-1,677,718,678,-1,678,718,730,-1,678,730,789,-1,789,730,729,-1,789,729,796,-1,796,729,728,-1,796,728,797,-1,797,728,790,-1,798,793,799,-1,799,793,699,-1,799,699,800,-1,800,699,698,-1,800,698,801,-1,801,698,711,-1,801,711,802,-1,802,711,710,-1,802,710,803,-1,803,710,709,-1,803,709,804,-1,804,709,697,-1,804,697,805,-1,805,697,696,-1,805,696,806,-1,806,696,695,-1,806,798,799,-1,799,800,806,-1,806,800,801,-1,806,801,802,-1,802,803,806,-1,806,803,804,-1,806,804,805,-1,807,790,808,-1,808,790,792,-1,808,792,791,-1,789,796,807,-1,807,796,797,-1,807,797,790,-1,791,795,808,-1,808,795,794,-1,808,794,793,-1,655,712,671,-1,658,656,655,-1,668,655,623,-1,623,655,671,-1,623,671,624,-1,624,671,670,-1,624,670,807,-1,807,670,789,-1,666,664,668,-1,668,664,662,-1,668,662,655,-1,655,662,660,-1,655,660,658,-1,758,627,806,-1,806,627,625,-1,806,625,798,-1,798,625,808,-1,798,808,793,-1,695,694,806,-1,806,694,752,-1,756,757,758,-1,752,753,806,-1,806,753,754,-1,806,754,758,-1,758,754,755,-1,758,755,756,-1,808,625,807,-1,807,625,624,-1,630,600,638,-1,638,600,602,-1,636,635,640,-1,640,635,631,-1,640,631,641,-1,641,631,632,-1,809,810,811,-1,812,813,814,-1,814,813,809,-1,814,809,815,-1,815,809,811,-1,816,817,818,-1,818,817,819,-1,818,819,820,-1,820,819,821,-1,822,823,824,-1,824,823,825,-1,824,825,826,-1,646,827,828,-1,828,827,829,-1,828,829,830,-1,638,831,630,-1,630,831,829,-1,630,829,632,-1,632,829,827,-1,632,827,641,-1,641,827,832,-1,833,834,835,-1,836,837,830,-1,830,837,838,-1,838,839,830,-1,830,839,840,-1,830,840,828,-1,841,647,842,-1,842,647,646,-1,646,828,842,-1,842,828,843,-1,843,844,842,-1,842,844,845,-1,842,845,846,-1,846,845,847,-1,846,847,848,-1,848,847,849,-1,848,849,850,-1,850,849,851,-1,843,828,852,-1,852,828,840,-1,835,834,853,-1,835,853,854,-1,854,853,855,-1,854,855,856,-1,856,855,857,-1,856,857,837,-1,837,857,858,-1,837,858,838,-1,838,858,859,-1,838,859,839,-1,839,859,852,-1,839,852,840,-1,837,836,860,-1,837,860,856,-1,856,860,861,-1,856,861,854,-1,861,862,854,-1,854,862,863,-1,854,863,835,-1,835,863,864,-1,835,864,833,-1,833,865,834,-1,834,865,866,-1,865,867,866,-1,866,867,868,-1,866,868,869,-1,868,870,869,-1,869,870,871,-1,869,871,872,-1,871,873,872,-1,872,873,874,-1,872,874,875,-1,874,876,875,-1,875,876,877,-1,875,877,878,-1,878,877,879,-1,878,879,810,-1,810,879,880,-1,810,880,811,-1,881,882,883,-1,834,884,885,-1,886,884,834,-1,883,882,834,-1,887,834,882,-1,887,882,888,-1,888,882,881,-1,888,881,889,-1,890,834,887,-1,891,885,892,-1,892,885,884,-1,892,884,893,-1,893,884,886,-1,893,886,894,-1,890,887,895,-1,895,887,888,-1,895,888,896,-1,896,888,889,-1,896,889,897,-1,853,834,890,-1,898,891,899,-1,899,891,892,-1,899,892,900,-1,900,892,893,-1,900,893,901,-1,901,893,894,-1,901,894,902,-1,853,890,855,-1,855,890,895,-1,855,895,857,-1,857,895,896,-1,857,896,858,-1,858,896,897,-1,858,897,859,-1,903,898,904,-1,904,898,899,-1,904,899,905,-1,905,899,900,-1,905,900,906,-1,906,900,901,-1,906,901,907,-1,907,901,902,-1,907,902,908,-1,909,903,910,-1,910,903,904,-1,910,904,911,-1,911,904,905,-1,911,905,912,-1,912,905,906,-1,912,906,913,-1,913,906,907,-1,913,907,914,-1,914,907,908,-1,914,908,915,-1,852,909,916,-1,916,909,910,-1,916,910,917,-1,917,910,911,-1,917,911,918,-1,918,911,912,-1,918,912,919,-1,919,912,913,-1,919,913,920,-1,920,913,914,-1,920,914,921,-1,921,914,915,-1,921,915,922,-1,852,859,909,-1,909,859,897,-1,909,897,903,-1,903,897,889,-1,903,889,898,-1,898,889,881,-1,898,881,891,-1,891,881,883,-1,891,883,885,-1,885,883,834,-1,923,922,924,-1,924,922,915,-1,924,915,925,-1,925,915,908,-1,925,908,926,-1,926,908,902,-1,926,902,927,-1,927,902,894,-1,927,894,928,-1,928,894,886,-1,928,886,834,-1,810,923,878,-1,878,923,924,-1,878,924,875,-1,875,924,925,-1,875,925,872,-1,872,925,926,-1,872,926,869,-1,869,926,927,-1,869,927,866,-1,866,927,928,-1,866,928,834,-1,929,930,880,-1,880,930,931,-1,880,931,811,-1,880,879,929,-1,929,879,932,-1,929,932,933,-1,933,932,934,-1,934,932,935,-1,935,932,936,-1,935,936,937,-1,938,939,940,-1,941,942,943,-1,943,942,944,-1,943,944,945,-1,946,868,947,-1,947,868,867,-1,833,864,948,-1,948,864,863,-1,948,863,949,-1,950,951,952,-1,952,951,953,-1,952,953,944,-1,944,953,954,-1,944,954,945,-1,945,954,955,-1,956,955,957,-1,957,955,954,-1,957,954,949,-1,949,954,953,-1,949,953,948,-1,948,953,951,-1,948,951,833,-1,950,833,951,-1,836,956,860,-1,860,956,957,-1,860,957,861,-1,861,957,949,-1,861,949,862,-1,862,949,863,-1,936,873,958,-1,958,873,871,-1,958,871,946,-1,946,871,870,-1,946,870,868,-1,947,959,946,-1,946,959,960,-1,946,960,958,-1,958,960,961,-1,958,961,936,-1,936,961,940,-1,936,940,937,-1,937,940,939,-1,941,938,942,-1,942,938,940,-1,942,940,944,-1,944,940,961,-1,944,961,952,-1,952,961,960,-1,952,960,950,-1,950,960,959,-1,950,959,833,-1,947,833,959,-1,867,865,947,-1,947,865,833,-1,879,877,932,-1,932,877,876,-1,932,876,936,-1,936,876,874,-1,936,874,873,-1,843,852,916,-1,843,916,844,-1,844,916,917,-1,844,917,845,-1,845,917,847,-1,847,917,918,-1,847,918,962,-1,962,918,963,-1,963,918,919,-1,963,919,964,-1,965,966,920,-1,920,966,967,-1,920,967,919,-1,919,967,968,-1,919,968,964,-1,921,969,920,-1,920,969,970,-1,920,970,965,-1,971,972,922,-1,922,972,973,-1,922,973,921,-1,921,973,974,-1,921,974,969,-1,922,923,971,-1,971,923,810,-1,971,810,809,-1,929,975,930,-1,930,975,976,-1,930,976,931,-1,931,976,815,-1,931,815,811,-1,929,933,975,-1,975,933,934,-1,975,934,977,-1,977,934,935,-1,977,935,978,-1,978,935,937,-1,978,937,939,-1,939,938,978,-1,978,938,941,-1,978,941,979,-1,941,943,979,-1,979,943,945,-1,979,945,980,-1,836,830,956,-1,956,830,980,-1,956,980,955,-1,955,980,945,-1,981,972,813,-1,813,972,971,-1,813,971,809,-1,982,983,970,-1,970,969,982,-1,982,969,974,-1,982,974,981,-1,981,974,973,-1,981,973,972,-1,968,984,964,-1,964,984,985,-1,964,985,963,-1,968,967,984,-1,984,967,966,-1,984,966,983,-1,983,966,965,-1,983,965,970,-1,849,847,985,-1,985,847,962,-1,985,962,963,-1,851,849,986,-1,986,849,987,-1,986,987,988,-1,988,987,989,-1,989,987,990,-1,989,990,991,-1,991,990,992,-1,992,990,993,-1,992,993,994,-1,994,993,995,-1,995,993,996,-1,995,996,997,-1,997,996,998,-1,998,996,999,-1,998,999,1000,-1,1000,999,1001,-1,1001,999,816,-1,1001,816,818,-1,1002,1003,850,-1,850,1003,1004,-1,850,1004,848,-1,848,1004,1005,-1,848,1005,846,-1,846,1005,841,-1,846,841,842,-1,820,1006,818,-1,818,1006,1001,-1,1007,1008,995,-1,995,997,1007,-1,1007,997,998,-1,1007,998,1006,-1,1006,998,1000,-1,1006,1000,1001,-1,1009,1010,989,-1,989,991,1009,-1,1009,991,992,-1,1009,992,1008,-1,1008,992,994,-1,1008,994,995,-1,850,851,1002,-1,1002,851,986,-1,1002,986,1010,-1,1010,986,988,-1,1010,988,989,-1,814,815,976,-1,975,1011,976,-1,976,1011,1012,-1,976,1012,814,-1,977,1013,975,-1,975,1013,1014,-1,975,1014,1011,-1,1015,1016,978,-1,978,1016,1017,-1,978,1017,977,-1,977,1017,1018,-1,977,1018,1013,-1,1015,978,1019,-1,1019,978,979,-1,1019,979,1020,-1,1020,979,980,-1,1020,980,1021,-1,1021,980,1022,-1,1022,980,830,-1,1022,830,829,-1,816,999,1023,-1,1024,1025,1026,-1,849,985,1027,-1,1026,1025,849,-1,1028,849,1025,-1,1028,1025,1029,-1,1029,1025,1024,-1,1029,1024,1030,-1,987,849,1028,-1,1031,1032,1033,-1,1033,1032,1027,-1,1033,1027,1034,-1,1034,1027,985,-1,1034,985,984,-1,987,1028,990,-1,990,1028,1029,-1,990,1029,993,-1,993,1029,1030,-1,993,1030,996,-1,1035,1031,1036,-1,1036,1031,1033,-1,1036,1033,1037,-1,1037,1033,1034,-1,1037,1034,1038,-1,1038,1034,984,-1,1038,984,983,-1,1039,1035,1040,-1,1040,1035,1036,-1,1040,1036,1041,-1,1041,1036,1037,-1,1041,1037,1042,-1,1042,1037,1038,-1,1042,1038,1043,-1,1043,1038,983,-1,1043,983,982,-1,999,1039,1023,-1,1023,1039,1040,-1,1023,1040,1044,-1,1044,1040,1041,-1,1044,1041,1045,-1,1045,1041,1042,-1,1045,1042,1046,-1,1046,1042,1043,-1,1046,1043,1047,-1,1047,1043,982,-1,1047,982,981,-1,816,1023,1048,-1,1048,1023,1044,-1,1048,1044,1049,-1,1049,1044,1045,-1,1049,1045,1050,-1,1050,1045,1046,-1,1050,1046,1051,-1,1051,1046,1047,-1,1051,1047,1052,-1,1052,1047,981,-1,1052,981,813,-1,1032,849,1027,-1,999,996,1039,-1,1039,996,1030,-1,1039,1030,1035,-1,1035,1030,1024,-1,1035,1024,1031,-1,1031,1024,1026,-1,1031,1026,1032,-1,1032,1026,849,-1,1053,1054,1055,-1,643,1056,1057,-1,1058,1056,643,-1,1055,1054,643,-1,1059,643,1054,-1,1059,1054,1060,-1,1060,1054,1053,-1,1060,1053,1061,-1,1062,643,1059,-1,1063,1057,1064,-1,1064,1057,1056,-1,1064,1056,1065,-1,1065,1056,1058,-1,1065,1058,1066,-1,1062,1059,1067,-1,1067,1059,1060,-1,1067,1060,1068,-1,1068,1060,1061,-1,1068,1061,1069,-1,1070,643,1062,-1,1071,1063,1072,-1,1072,1063,1064,-1,1072,1064,1073,-1,1073,1064,1065,-1,1073,1065,1074,-1,1074,1065,1066,-1,1074,1066,1075,-1,1070,1062,1076,-1,1076,1062,1067,-1,1076,1067,1077,-1,1077,1067,1068,-1,1077,1068,1078,-1,1078,1068,1069,-1,1078,1069,1079,-1,1080,1071,1081,-1,1081,1071,1072,-1,1081,1072,1082,-1,1082,1072,1073,-1,1082,1073,1083,-1,1083,1073,1074,-1,1083,1074,1084,-1,1084,1074,1075,-1,1084,1075,1085,-1,1086,1080,1087,-1,1087,1080,1081,-1,1087,1081,1088,-1,1088,1081,1082,-1,1088,1082,1089,-1,1089,1082,1083,-1,1089,1083,1090,-1,1090,1083,1084,-1,1090,1084,1091,-1,1091,1084,1085,-1,1091,1085,1092,-1,820,1086,1006,-1,1006,1086,1087,-1,1006,1087,1007,-1,1007,1087,1088,-1,1007,1088,1008,-1,1008,1088,1089,-1,1008,1089,1009,-1,1009,1089,1090,-1,1009,1090,1010,-1,1010,1090,1091,-1,1010,1091,1002,-1,1002,1091,1092,-1,1002,1092,1003,-1,820,1079,1086,-1,1086,1079,1069,-1,1086,1069,1080,-1,1080,1069,1061,-1,1080,1061,1071,-1,1071,1061,1053,-1,1071,1053,1063,-1,1063,1053,1055,-1,1063,1055,1057,-1,1057,1055,643,-1,1004,1003,1093,-1,1093,1003,1092,-1,1093,1092,1094,-1,1094,1092,1085,-1,1094,1085,1095,-1,1095,1085,1075,-1,1095,1075,1096,-1,1096,1075,1066,-1,1096,1066,1097,-1,1097,1066,1058,-1,1097,1058,643,-1,1005,1004,1098,-1,1098,1004,1093,-1,1098,1093,1099,-1,1099,1093,1094,-1,1099,1094,1100,-1,1100,1094,1095,-1,1100,1095,1101,-1,1101,1095,1096,-1,1101,1096,1102,-1,1102,1096,1097,-1,1102,1097,643,-1,841,1005,1103,-1,1103,1005,1098,-1,1103,1098,1104,-1,1104,1098,1099,-1,1104,1099,1105,-1,1105,1099,1100,-1,1105,1100,1106,-1,1106,1100,1101,-1,1106,1101,1107,-1,1107,1101,1102,-1,1107,1102,643,-1,841,1103,647,-1,647,1103,649,-1,653,652,1104,-1,1104,652,651,-1,1104,651,1103,-1,1103,651,650,-1,1103,650,649,-1,1104,1105,653,-1,653,1105,1106,-1,653,1106,1108,-1,1108,1106,1107,-1,1108,1107,1109,-1,1109,1107,643,-1,1109,643,642,-1,829,831,1022,-1,1022,831,1021,-1,1021,831,1020,-1,1020,831,1110,-1,1020,1110,1019,-1,1019,1110,1111,-1,1019,1111,1015,-1,1112,1113,1013,-1,1013,1018,1112,-1,1112,1018,1017,-1,1112,1017,1111,-1,1111,1017,1016,-1,1111,1016,1015,-1,1114,812,814,-1,814,1012,1114,-1,1114,1012,1011,-1,1114,1011,1113,-1,1113,1011,1014,-1,1113,1014,1013,-1,813,812,1115,-1,813,1115,1052,-1,1052,1115,1116,-1,1052,1116,1051,-1,1051,1116,1117,-1,1051,1117,1050,-1,1050,1117,1118,-1,1050,1118,1049,-1,1049,1118,1119,-1,1049,1119,1048,-1,1048,1119,817,-1,1048,817,816,-1,645,643,1070,-1,645,1070,1120,-1,1120,1070,1076,-1,1120,1076,1121,-1,1121,1076,1077,-1,1121,1077,1122,-1,1122,1077,1078,-1,1122,1078,1123,-1,1123,1078,1079,-1,1123,1079,1124,-1,1124,1079,820,-1,1124,820,821,-1,1125,644,645,-1,1125,645,1126,-1,1126,645,1127,-1,1126,1127,1128,-1,1128,1127,1129,-1,1129,1127,1130,-1,1129,1130,1131,-1,1131,1130,1132,-1,1131,1132,1133,-1,1133,1132,1134,-1,1134,1132,1135,-1,1134,1135,1136,-1,1136,1135,1137,-1,1137,1135,1138,-1,1137,1138,1139,-1,1139,1138,1140,-1,1140,1138,823,-1,1140,823,822,-1,644,1141,642,-1,642,1141,1109,-1,1141,1142,1109,-1,1109,1142,1143,-1,1109,1143,1108,-1,648,653,1144,-1,1144,653,1108,-1,1144,1108,1145,-1,1145,1108,1143,-1,1119,1118,1146,-1,1146,1118,1147,-1,1146,1147,1148,-1,1148,1147,1149,-1,1148,1149,1150,-1,1150,1149,1151,-1,1150,1151,1152,-1,1152,1151,1153,-1,1152,1153,1154,-1,1154,1153,1155,-1,1154,1155,831,-1,1118,1117,1147,-1,1147,1117,1156,-1,1147,1156,1149,-1,1149,1156,1157,-1,1149,1157,1151,-1,1151,1157,1158,-1,1151,1158,1153,-1,1153,1158,1159,-1,1153,1159,1155,-1,1155,1159,1160,-1,1155,1160,831,-1,817,1119,1161,-1,1161,1119,1146,-1,1161,1146,1162,-1,1162,1146,1148,-1,1162,1148,1163,-1,1163,1148,1150,-1,1163,1150,1164,-1,1164,1150,1152,-1,1164,1152,1165,-1,1165,1152,1154,-1,1165,1154,831,-1,1116,1115,1166,-1,1166,1115,1167,-1,1166,1167,1168,-1,1168,1167,1169,-1,1168,1169,1170,-1,1170,1169,1171,-1,1170,1171,1172,-1,1172,1171,1173,-1,1172,1173,1174,-1,1174,1173,1175,-1,1174,1175,831,-1,1115,812,1167,-1,1167,812,1114,-1,1167,1114,1169,-1,1169,1114,1113,-1,1169,1113,1171,-1,1171,1113,1112,-1,1171,1112,1173,-1,1173,1112,1111,-1,1173,1111,1175,-1,1175,1111,1110,-1,1175,1110,831,-1,1117,1116,1156,-1,1156,1116,1166,-1,1156,1166,1157,-1,1157,1166,1168,-1,1157,1168,1158,-1,1158,1168,1170,-1,1158,1170,1159,-1,1159,1170,1172,-1,1159,1172,1160,-1,1160,1172,1174,-1,1160,1174,831,-1,823,1138,1176,-1,1177,1178,1179,-1,645,1120,1180,-1,1179,1178,645,-1,1181,645,1178,-1,1181,1178,1182,-1,1182,1178,1177,-1,1182,1177,1183,-1,1127,645,1181,-1,1184,1185,1186,-1,1186,1185,1180,-1,1186,1180,1187,-1,1187,1180,1120,-1,1187,1120,1121,-1,1127,1181,1130,-1,1130,1181,1182,-1,1130,1182,1132,-1,1132,1182,1183,-1,1132,1183,1135,-1,1188,1184,1189,-1,1189,1184,1186,-1,1189,1186,1190,-1,1190,1186,1187,-1,1190,1187,1191,-1,1191,1187,1121,-1,1191,1121,1122,-1,1192,1188,1193,-1,1193,1188,1189,-1,1193,1189,1194,-1,1194,1189,1190,-1,1194,1190,1195,-1,1195,1190,1191,-1,1195,1191,1196,-1,1196,1191,1122,-1,1196,1122,1123,-1,1138,1192,1176,-1,1176,1192,1193,-1,1176,1193,1197,-1,1197,1193,1194,-1,1197,1194,1198,-1,1198,1194,1195,-1,1198,1195,1199,-1,1199,1195,1196,-1,1199,1196,1200,-1,1200,1196,1123,-1,1200,1123,1124,-1,823,1176,1201,-1,1201,1176,1197,-1,1201,1197,1202,-1,1202,1197,1198,-1,1202,1198,1203,-1,1203,1198,1199,-1,1203,1199,1204,-1,1204,1199,1200,-1,1204,1200,1205,-1,1205,1200,1124,-1,1205,1124,821,-1,1185,645,1180,-1,1138,1135,1192,-1,1192,1135,1183,-1,1192,1183,1188,-1,1188,1183,1177,-1,1188,1177,1184,-1,1184,1177,1179,-1,1184,1179,1185,-1,1185,1179,645,-1,1206,1207,1208,-1,644,1209,1210,-1,1208,1207,644,-1,1141,644,1207,-1,1211,1212,1213,-1,1213,1212,1214,-1,1213,1214,648,-1,1215,1216,1211,-1,1211,1216,1217,-1,1211,1217,1212,-1,1218,1219,1220,-1,1220,1219,1221,-1,1220,1221,1222,-1,1223,1224,1225,-1,1225,1224,1226,-1,1225,1226,1227,-1,1227,1226,1228,-1,1227,1228,1218,-1,1218,1228,1229,-1,1218,1229,1219,-1,644,1125,1230,-1,1230,1125,1126,-1,1209,644,1230,-1,1231,1210,1232,-1,1232,1210,1209,-1,1232,1209,1233,-1,1233,1209,1230,-1,1233,1230,1234,-1,1234,1230,1126,-1,1144,1145,1206,-1,1206,1145,1143,-1,1206,1143,1207,-1,1207,1143,1142,-1,1207,1142,1141,-1,1213,1231,1211,-1,1211,1231,1232,-1,1211,1232,1215,-1,1215,1232,1233,-1,1215,1233,1235,-1,1235,1233,1234,-1,1235,1234,1236,-1,648,1144,1213,-1,1213,1144,1206,-1,1213,1206,1231,-1,1231,1206,1208,-1,1231,1208,1210,-1,1210,1208,644,-1,1126,1128,1234,-1,1234,1128,1129,-1,1234,1129,1236,-1,1236,1129,1131,-1,1236,1131,1133,-1,1133,1227,1236,-1,1236,1227,1218,-1,1236,1218,1235,-1,1235,1218,1220,-1,1235,1220,1215,-1,1215,1220,1222,-1,1215,1222,1216,-1,822,1237,1140,-1,1140,1237,1238,-1,1140,1238,1139,-1,1139,1238,1223,-1,1139,1223,1137,-1,1137,1223,1225,-1,1137,1225,1136,-1,1136,1225,1227,-1,1136,1227,1134,-1,1134,1227,1133,-1,641,832,1239,-1,831,638,1165,-1,1165,638,641,-1,641,1239,1165,-1,1165,1239,1240,-1,1165,1240,1164,-1,1164,1240,1241,-1,1164,1241,1163,-1,1163,1241,1242,-1,1163,1242,1162,-1,1162,1242,1243,-1,1162,1243,1161,-1,1161,1243,819,-1,1161,819,817,-1,821,819,1244,-1,821,1244,1205,-1,1205,1244,1245,-1,1205,1245,1204,-1,1204,1245,1246,-1,1204,1246,1203,-1,1203,1246,1247,-1,1203,1247,1202,-1,1202,1247,1248,-1,1202,1248,1201,-1,1201,1248,825,-1,1201,825,823,-1,646,648,1214,-1,646,1214,1249,-1,1249,1214,1212,-1,1249,1212,1250,-1,1250,1212,1217,-1,1250,1217,1251,-1,1251,1217,1216,-1,1251,1216,1252,-1,1252,1216,1222,-1,1252,1222,1253,-1,1222,1221,1253,-1,1253,1221,1219,-1,1253,1219,1254,-1,1254,1219,1229,-1,1254,1229,1255,-1,1255,1229,1228,-1,1255,1228,1256,-1,1256,1228,1226,-1,1256,1226,1257,-1,1226,1224,1257,-1,1257,1224,1223,-1,1257,1223,1258,-1,1258,1223,1238,-1,1258,1238,1259,-1,1238,1237,1259,-1,1259,1237,822,-1,1259,822,824,-1,1248,1247,1260,-1,1260,1247,1261,-1,1260,1261,1262,-1,1262,1261,1263,-1,1262,1263,1264,-1,1264,1263,1265,-1,1264,1265,1266,-1,1266,1265,1267,-1,1266,1267,1268,-1,1268,1267,1269,-1,1268,1269,832,-1,1247,1246,1261,-1,1261,1246,1270,-1,1261,1270,1263,-1,1263,1270,1271,-1,1263,1271,1265,-1,1265,1271,1272,-1,1265,1272,1267,-1,1267,1272,1273,-1,1267,1273,1269,-1,1269,1273,1274,-1,1269,1274,832,-1,825,1248,1275,-1,1275,1248,1260,-1,1275,1260,1276,-1,1276,1260,1262,-1,1276,1262,1277,-1,1277,1262,1264,-1,1277,1264,1278,-1,1278,1264,1266,-1,1278,1266,1279,-1,1279,1266,1268,-1,1279,1268,832,-1,1245,1244,1280,-1,1280,1244,1281,-1,1280,1281,1282,-1,1282,1281,1283,-1,1282,1283,1284,-1,1284,1283,1285,-1,1284,1285,1286,-1,1286,1285,1287,-1,1286,1287,1288,-1,1288,1287,1289,-1,1288,1289,832,-1,1244,819,1281,-1,1281,819,1243,-1,1281,1243,1283,-1,1283,1243,1242,-1,1283,1242,1285,-1,1285,1242,1241,-1,1285,1241,1287,-1,1287,1241,1240,-1,1287,1240,1289,-1,1289,1240,1239,-1,1289,1239,832,-1,1246,1245,1270,-1,1270,1245,1280,-1,1270,1280,1271,-1,1271,1280,1282,-1,1271,1282,1272,-1,1272,1282,1284,-1,1272,1284,1273,-1,1273,1284,1286,-1,1273,1286,1274,-1,1274,1286,1288,-1,1274,1288,832,-1,1290,1291,1253,-1,1253,1291,1292,-1,1253,1292,1252,-1,1252,1292,1293,-1,1252,1293,1251,-1,1251,1293,1294,-1,1251,1294,1250,-1,1250,1294,1295,-1,1250,1295,1249,-1,1249,1295,827,-1,1249,827,646,-1,1253,1254,1290,-1,1290,1254,1255,-1,1290,1255,1296,-1,1255,1256,1296,-1,1296,1256,1257,-1,1296,1257,1297,-1,824,826,1259,-1,1259,826,1297,-1,1259,1297,1258,-1,1258,1297,1257,-1,826,825,1275,-1,826,1275,1297,-1,1297,1275,1276,-1,1297,1276,1296,-1,1296,1276,1277,-1,1296,1277,1290,-1,1290,1277,1291,-1,1291,1277,1278,-1,1291,1278,1292,-1,1292,1278,1293,-1,1293,1278,1279,-1,1293,1279,1294,-1,1294,1279,1295,-1,1295,1279,832,-1,1295,832,827,-1,633,629,598,-1,598,629,599,-1,604,605,639,-1,639,605,626,-1,637,639,626,-1,629,633,310,-1,310,633,634,-1,310,634,309,-1,309,634,637,-1,309,637,304,-1,304,637,626,-1,1298,1299,1300,-1,1300,1299,1301,-1,1300,1301,1302,-1,1302,1301,616,-1,1302,616,1303,-1,1303,616,618,-1,762,1301,763,-1,763,1301,1299,-1,1300,1304,1305,-1,1305,1304,1306,-1,1298,1300,1307,-1,1307,1300,1305,-1,1307,1305,1308,-1,1308,1305,1309,-1,1309,1310,1308,-1,1308,1310,1311,-1,1302,1303,1312,-1,1312,1303,1313,-1,1311,1310,1313,-1,1313,1310,1314,-1,1313,1314,1312,-1,1312,1314,1315,-1,1316,1317,1318,-1,1318,1317,1319,-1,1320,1321,1322,-1,1322,1321,1323,-1,1322,1323,1324,-1,1324,1325,1322,-1,1322,1325,1326,-1,1322,1326,1327,-1,690,688,1328,-1,690,1328,1329,-1,1329,1328,1330,-1,1329,1330,1331,-1,1331,1330,1332,-1,1331,1332,1333,-1,1334,1335,1332,-1,1332,1335,1333,-1,1335,1334,1336,-1,1335,1336,1337,-1,1337,1336,1338,-1,1337,1338,1339,-1,1339,1338,1340,-1,1339,1340,1341,-1,615,613,1340,-1,1340,613,1341,-1,1342,1343,1344,-1,1345,1346,1347,-1,1347,1348,1345,-1,1345,1348,1349,-1,1345,1349,1344,-1,1344,1349,1350,-1,1344,1350,1342,-1,603,601,622,-1,622,601,628,-1,1351,1343,1342,-1,685,684,1352,-1,720,1353,684,-1,684,1353,1354,-1,684,1354,1352,-1,717,1355,719,-1,719,1355,1356,-1,719,1356,720,-1,720,1356,1357,-1,720,1357,1353,-1,1344,687,1345,-1,1345,687,689,-1,1345,689,1346,-1,1346,689,733,-1,1346,733,1347,-1,1347,733,735,-1,1347,735,1348,-1,1348,735,739,-1,1348,739,1349,-1,1349,739,741,-1,1349,741,1350,-1,1350,741,705,-1,1350,705,1342,-1,1342,705,704,-1,1342,704,1351,-1,1351,704,686,-1,1351,686,1358,-1,1358,686,685,-1,1358,685,1359,-1,1359,685,1352,-1,1360,1355,1361,-1,1361,1355,717,-1,1361,717,1362,-1,1362,717,716,-1,1362,716,1363,-1,1363,716,747,-1,1363,747,1364,-1,1364,747,749,-1,1364,749,1365,-1,1365,749,746,-1,1365,746,1366,-1,1366,746,745,-1,1366,745,1367,-1,1367,745,744,-1,1367,744,1368,-1,1368,744,715,-1,1368,1360,1367,-1,1367,1360,1366,-1,1366,1360,1365,-1,1365,1360,1361,-1,1365,1361,1364,-1,1364,1361,1362,-1,1364,1362,1363,-1,1353,1369,1354,-1,1354,1369,1370,-1,1354,1370,1352,-1,1351,1358,1370,-1,1370,1358,1359,-1,1370,1359,1352,-1,1353,1357,1369,-1,1369,1357,1356,-1,1369,1356,1355,-1,688,687,1344,-1,1340,688,615,-1,615,688,1344,-1,615,1344,617,-1,617,1344,1343,-1,617,1343,1370,-1,1370,1343,1351,-1,1338,1336,1340,-1,1340,1336,1334,-1,1340,1334,688,-1,688,1334,1332,-1,688,1332,1328,-1,1328,1332,1330,-1,669,621,1368,-1,1368,621,619,-1,1368,619,1360,-1,1360,619,1369,-1,1360,1369,1355,-1,715,654,1368,-1,1368,654,657,-1,665,667,669,-1,657,659,1368,-1,1368,659,661,-1,1368,661,669,-1,669,661,663,-1,669,663,665,-1,1369,619,1370,-1,1370,619,617,-1,1304,1300,1312,-1,1312,1300,1302,-1,1310,1309,1314,-1,1314,1309,1305,-1,1314,1305,1315,-1,1315,1305,1306,-1,1371,1372,1373,-1,1374,1375,1376,-1,1376,1375,1371,-1,1376,1371,1377,-1,1377,1371,1373,-1,1378,1379,1380,-1,1380,1379,1381,-1,1380,1381,1382,-1,1382,1381,1383,-1,1384,1385,1386,-1,1386,1385,1387,-1,1386,1387,1388,-1,1320,1389,1390,-1,1390,1389,1391,-1,1390,1391,1392,-1,1312,1393,1304,-1,1304,1393,1391,-1,1304,1391,1306,-1,1306,1391,1389,-1,1306,1389,1315,-1,1315,1389,1394,-1,1395,1396,1397,-1,1398,1399,1392,-1,1392,1399,1400,-1,1400,1401,1392,-1,1392,1401,1402,-1,1392,1402,1390,-1,1403,1321,1404,-1,1404,1321,1320,-1,1320,1390,1404,-1,1404,1390,1405,-1,1405,1406,1404,-1,1404,1406,1407,-1,1404,1407,1408,-1,1408,1407,1409,-1,1408,1409,1410,-1,1410,1409,1411,-1,1410,1411,1412,-1,1412,1411,1413,-1,1405,1390,1414,-1,1414,1390,1402,-1,1397,1396,1415,-1,1397,1415,1416,-1,1416,1415,1417,-1,1416,1417,1418,-1,1418,1417,1419,-1,1418,1419,1399,-1,1399,1419,1420,-1,1399,1420,1400,-1,1400,1420,1421,-1,1400,1421,1401,-1,1401,1421,1414,-1,1401,1414,1402,-1,1399,1398,1422,-1,1399,1422,1418,-1,1418,1422,1423,-1,1418,1423,1416,-1,1423,1424,1416,-1,1416,1424,1425,-1,1416,1425,1397,-1,1397,1425,1426,-1,1397,1426,1395,-1,1395,1427,1396,-1,1396,1427,1428,-1,1427,1429,1428,-1,1428,1429,1430,-1,1428,1430,1431,-1,1430,1432,1431,-1,1431,1432,1433,-1,1431,1433,1434,-1,1433,1435,1434,-1,1434,1435,1436,-1,1434,1436,1437,-1,1436,1438,1437,-1,1437,1438,1439,-1,1437,1439,1440,-1,1440,1439,1441,-1,1440,1441,1372,-1,1372,1441,1442,-1,1372,1442,1373,-1,1443,1444,1445,-1,1396,1446,1447,-1,1448,1446,1396,-1,1445,1444,1396,-1,1449,1396,1444,-1,1449,1444,1450,-1,1450,1444,1443,-1,1450,1443,1451,-1,1452,1396,1449,-1,1453,1447,1454,-1,1454,1447,1446,-1,1454,1446,1455,-1,1455,1446,1448,-1,1455,1448,1456,-1,1452,1449,1457,-1,1457,1449,1450,-1,1457,1450,1458,-1,1458,1450,1451,-1,1458,1451,1459,-1,1415,1396,1452,-1,1460,1453,1461,-1,1461,1453,1454,-1,1461,1454,1462,-1,1462,1454,1455,-1,1462,1455,1463,-1,1463,1455,1456,-1,1463,1456,1464,-1,1415,1452,1417,-1,1417,1452,1457,-1,1417,1457,1419,-1,1419,1457,1458,-1,1419,1458,1420,-1,1420,1458,1459,-1,1420,1459,1421,-1,1465,1460,1466,-1,1466,1460,1461,-1,1466,1461,1467,-1,1467,1461,1462,-1,1467,1462,1468,-1,1468,1462,1463,-1,1468,1463,1469,-1,1469,1463,1464,-1,1469,1464,1470,-1,1471,1465,1472,-1,1472,1465,1466,-1,1472,1466,1473,-1,1473,1466,1467,-1,1473,1467,1474,-1,1474,1467,1468,-1,1474,1468,1475,-1,1475,1468,1469,-1,1475,1469,1476,-1,1476,1469,1470,-1,1476,1470,1477,-1,1414,1471,1478,-1,1478,1471,1472,-1,1478,1472,1479,-1,1479,1472,1473,-1,1479,1473,1480,-1,1480,1473,1474,-1,1480,1474,1481,-1,1481,1474,1475,-1,1481,1475,1482,-1,1482,1475,1476,-1,1482,1476,1483,-1,1483,1476,1477,-1,1483,1477,1484,-1,1414,1421,1471,-1,1471,1421,1459,-1,1471,1459,1465,-1,1465,1459,1451,-1,1465,1451,1460,-1,1460,1451,1443,-1,1460,1443,1453,-1,1453,1443,1445,-1,1453,1445,1447,-1,1447,1445,1396,-1,1485,1484,1486,-1,1486,1484,1477,-1,1486,1477,1487,-1,1487,1477,1470,-1,1487,1470,1488,-1,1488,1470,1464,-1,1488,1464,1489,-1,1489,1464,1456,-1,1489,1456,1490,-1,1490,1456,1448,-1,1490,1448,1396,-1,1372,1485,1440,-1,1440,1485,1486,-1,1440,1486,1437,-1,1437,1486,1487,-1,1437,1487,1434,-1,1434,1487,1488,-1,1434,1488,1431,-1,1431,1488,1489,-1,1431,1489,1428,-1,1428,1489,1490,-1,1428,1490,1396,-1,1491,1492,1442,-1,1442,1492,1493,-1,1442,1493,1373,-1,1442,1441,1491,-1,1491,1441,1494,-1,1491,1494,1495,-1,1495,1494,1496,-1,1496,1494,1497,-1,1497,1494,1498,-1,1497,1498,1499,-1,1500,1501,1502,-1,1503,1504,1505,-1,1505,1504,1506,-1,1505,1506,1507,-1,1508,1430,1509,-1,1509,1430,1429,-1,1395,1426,1510,-1,1510,1426,1425,-1,1510,1425,1511,-1,1512,1513,1514,-1,1514,1513,1515,-1,1514,1515,1506,-1,1506,1515,1516,-1,1506,1516,1507,-1,1507,1516,1517,-1,1518,1517,1519,-1,1519,1517,1516,-1,1519,1516,1511,-1,1511,1516,1515,-1,1511,1515,1510,-1,1510,1515,1513,-1,1510,1513,1395,-1,1512,1395,1513,-1,1398,1518,1422,-1,1422,1518,1519,-1,1422,1519,1423,-1,1423,1519,1511,-1,1423,1511,1424,-1,1424,1511,1425,-1,1498,1435,1520,-1,1520,1435,1433,-1,1520,1433,1508,-1,1508,1433,1432,-1,1508,1432,1430,-1,1509,1521,1508,-1,1508,1521,1522,-1,1508,1522,1520,-1,1520,1522,1523,-1,1520,1523,1498,-1,1498,1523,1502,-1,1498,1502,1499,-1,1499,1502,1501,-1,1503,1500,1504,-1,1504,1500,1502,-1,1504,1502,1506,-1,1506,1502,1523,-1,1506,1523,1514,-1,1514,1523,1522,-1,1514,1522,1512,-1,1512,1522,1521,-1,1512,1521,1395,-1,1509,1395,1521,-1,1429,1427,1509,-1,1509,1427,1395,-1,1441,1439,1494,-1,1494,1439,1438,-1,1494,1438,1498,-1,1498,1438,1436,-1,1498,1436,1435,-1,1405,1414,1478,-1,1405,1478,1406,-1,1406,1478,1479,-1,1406,1479,1407,-1,1407,1479,1409,-1,1409,1479,1480,-1,1409,1480,1524,-1,1524,1480,1525,-1,1525,1480,1481,-1,1525,1481,1526,-1,1527,1528,1482,-1,1482,1528,1529,-1,1482,1529,1481,-1,1481,1529,1530,-1,1481,1530,1526,-1,1483,1531,1482,-1,1482,1531,1532,-1,1482,1532,1527,-1,1533,1534,1484,-1,1484,1534,1535,-1,1484,1535,1483,-1,1483,1535,1536,-1,1483,1536,1531,-1,1484,1485,1533,-1,1533,1485,1372,-1,1533,1372,1371,-1,1537,1538,1493,-1,1493,1538,1377,-1,1493,1377,1373,-1,1493,1492,1537,-1,1537,1492,1491,-1,1537,1491,1539,-1,1539,1491,1495,-1,1539,1495,1540,-1,1540,1495,1496,-1,1540,1496,1541,-1,1541,1496,1497,-1,1541,1497,1542,-1,1542,1497,1499,-1,1542,1499,1543,-1,1499,1501,1543,-1,1543,1501,1500,-1,1543,1500,1544,-1,1398,1392,1518,-1,1518,1392,1545,-1,1518,1545,1517,-1,1517,1545,1546,-1,1517,1546,1507,-1,1507,1546,1547,-1,1507,1547,1505,-1,1505,1547,1544,-1,1505,1544,1503,-1,1503,1544,1500,-1,1548,1534,1375,-1,1375,1534,1533,-1,1375,1533,1371,-1,1549,1550,1532,-1,1532,1531,1549,-1,1549,1531,1536,-1,1549,1536,1548,-1,1548,1536,1535,-1,1548,1535,1534,-1,1530,1551,1526,-1,1526,1551,1552,-1,1526,1552,1525,-1,1530,1529,1551,-1,1551,1529,1528,-1,1551,1528,1550,-1,1550,1528,1527,-1,1550,1527,1532,-1,1411,1409,1552,-1,1552,1409,1524,-1,1552,1524,1525,-1,1413,1411,1553,-1,1553,1411,1554,-1,1553,1554,1555,-1,1555,1554,1556,-1,1556,1554,1557,-1,1556,1557,1558,-1,1558,1557,1559,-1,1559,1557,1560,-1,1559,1560,1561,-1,1561,1560,1562,-1,1562,1560,1563,-1,1562,1563,1564,-1,1564,1563,1565,-1,1565,1563,1566,-1,1565,1566,1567,-1,1567,1566,1568,-1,1568,1566,1378,-1,1568,1378,1380,-1,1569,1570,1412,-1,1412,1570,1571,-1,1412,1571,1410,-1,1410,1571,1572,-1,1410,1572,1408,-1,1408,1572,1403,-1,1408,1403,1404,-1,1382,1573,1380,-1,1380,1573,1568,-1,1574,1575,1562,-1,1562,1564,1574,-1,1574,1564,1565,-1,1574,1565,1573,-1,1573,1565,1567,-1,1573,1567,1568,-1,1576,1577,1556,-1,1556,1558,1576,-1,1576,1558,1559,-1,1576,1559,1575,-1,1575,1559,1561,-1,1575,1561,1562,-1,1412,1413,1569,-1,1569,1413,1553,-1,1569,1553,1577,-1,1577,1553,1555,-1,1577,1555,1556,-1,1578,1376,1377,-1,1377,1538,1578,-1,1578,1538,1537,-1,1578,1537,1579,-1,1537,1539,1579,-1,1579,1539,1540,-1,1579,1540,1580,-1,1540,1541,1580,-1,1580,1541,1542,-1,1580,1542,1581,-1,1581,1542,1543,-1,1581,1543,1582,-1,1582,1543,1544,-1,1582,1544,1583,-1,1583,1544,1547,-1,1583,1547,1584,-1,1584,1547,1546,-1,1584,1546,1585,-1,1585,1546,1545,-1,1585,1545,1391,-1,1391,1545,1392,-1,1378,1566,1586,-1,1587,1588,1589,-1,1411,1552,1590,-1,1589,1588,1411,-1,1591,1411,1588,-1,1591,1588,1592,-1,1592,1588,1587,-1,1592,1587,1593,-1,1554,1411,1591,-1,1594,1595,1596,-1,1596,1595,1590,-1,1596,1590,1597,-1,1597,1590,1552,-1,1597,1552,1551,-1,1554,1591,1557,-1,1557,1591,1592,-1,1557,1592,1560,-1,1560,1592,1593,-1,1560,1593,1563,-1,1598,1594,1599,-1,1599,1594,1596,-1,1599,1596,1600,-1,1600,1596,1597,-1,1600,1597,1601,-1,1601,1597,1551,-1,1601,1551,1550,-1,1602,1598,1603,-1,1603,1598,1599,-1,1603,1599,1604,-1,1604,1599,1600,-1,1604,1600,1605,-1,1605,1600,1601,-1,1605,1601,1606,-1,1606,1601,1550,-1,1606,1550,1549,-1,1566,1602,1586,-1,1586,1602,1603,-1,1586,1603,1607,-1,1607,1603,1604,-1,1607,1604,1608,-1,1608,1604,1605,-1,1608,1605,1609,-1,1609,1605,1606,-1,1609,1606,1610,-1,1610,1606,1549,-1,1610,1549,1548,-1,1378,1586,1611,-1,1611,1586,1607,-1,1611,1607,1612,-1,1612,1607,1608,-1,1612,1608,1613,-1,1613,1608,1609,-1,1613,1609,1614,-1,1614,1609,1610,-1,1614,1610,1615,-1,1615,1610,1548,-1,1615,1548,1375,-1,1595,1411,1590,-1,1566,1563,1602,-1,1602,1563,1593,-1,1602,1593,1598,-1,1598,1593,1587,-1,1598,1587,1594,-1,1594,1587,1589,-1,1594,1589,1595,-1,1595,1589,1411,-1,1616,1617,1618,-1,1317,1619,1620,-1,1621,1619,1317,-1,1618,1617,1317,-1,1622,1317,1617,-1,1622,1617,1623,-1,1623,1617,1616,-1,1623,1616,1624,-1,1625,1317,1622,-1,1626,1620,1627,-1,1627,1620,1619,-1,1627,1619,1628,-1,1628,1619,1621,-1,1628,1621,1629,-1,1625,1622,1630,-1,1630,1622,1623,-1,1630,1623,1631,-1,1631,1623,1624,-1,1631,1624,1632,-1,1633,1317,1625,-1,1634,1626,1635,-1,1635,1626,1627,-1,1635,1627,1636,-1,1636,1627,1628,-1,1636,1628,1637,-1,1637,1628,1629,-1,1637,1629,1638,-1,1633,1625,1639,-1,1639,1625,1630,-1,1639,1630,1640,-1,1640,1630,1631,-1,1640,1631,1641,-1,1641,1631,1632,-1,1641,1632,1642,-1,1643,1634,1644,-1,1644,1634,1635,-1,1644,1635,1645,-1,1645,1635,1636,-1,1645,1636,1646,-1,1646,1636,1637,-1,1646,1637,1647,-1,1647,1637,1638,-1,1647,1638,1648,-1,1649,1643,1650,-1,1650,1643,1644,-1,1650,1644,1651,-1,1651,1644,1645,-1,1651,1645,1652,-1,1652,1645,1646,-1,1652,1646,1653,-1,1653,1646,1647,-1,1653,1647,1654,-1,1654,1647,1648,-1,1654,1648,1655,-1,1382,1649,1573,-1,1573,1649,1650,-1,1573,1650,1574,-1,1574,1650,1651,-1,1574,1651,1575,-1,1575,1651,1652,-1,1575,1652,1576,-1,1576,1652,1653,-1,1576,1653,1577,-1,1577,1653,1654,-1,1577,1654,1569,-1,1569,1654,1655,-1,1569,1655,1570,-1,1382,1642,1649,-1,1649,1642,1632,-1,1649,1632,1643,-1,1643,1632,1624,-1,1643,1624,1634,-1,1634,1624,1616,-1,1634,1616,1626,-1,1626,1616,1618,-1,1626,1618,1620,-1,1620,1618,1317,-1,1571,1570,1656,-1,1656,1570,1655,-1,1656,1655,1657,-1,1657,1655,1648,-1,1657,1648,1658,-1,1658,1648,1638,-1,1658,1638,1659,-1,1659,1638,1629,-1,1659,1629,1660,-1,1660,1629,1621,-1,1660,1621,1317,-1,1572,1571,1661,-1,1661,1571,1656,-1,1661,1656,1662,-1,1662,1656,1657,-1,1662,1657,1663,-1,1663,1657,1658,-1,1663,1658,1664,-1,1664,1658,1659,-1,1664,1659,1665,-1,1665,1659,1660,-1,1665,1660,1317,-1,1403,1572,1666,-1,1666,1572,1661,-1,1666,1661,1667,-1,1667,1661,1662,-1,1667,1662,1668,-1,1668,1662,1663,-1,1668,1663,1669,-1,1669,1663,1664,-1,1669,1664,1670,-1,1670,1664,1665,-1,1670,1665,1317,-1,1403,1666,1321,-1,1321,1666,1323,-1,1327,1326,1667,-1,1667,1326,1325,-1,1667,1325,1666,-1,1666,1325,1324,-1,1666,1324,1323,-1,1667,1668,1327,-1,1327,1668,1669,-1,1327,1669,1671,-1,1671,1669,1670,-1,1671,1670,1672,-1,1672,1670,1317,-1,1672,1317,1316,-1,1391,1393,1585,-1,1585,1393,1673,-1,1674,1583,1673,-1,1673,1583,1584,-1,1673,1584,1585,-1,1580,1581,1674,-1,1674,1581,1582,-1,1674,1582,1583,-1,1674,1675,1580,-1,1580,1675,1676,-1,1580,1676,1579,-1,1579,1676,1677,-1,1579,1677,1578,-1,1578,1677,1374,-1,1578,1374,1376,-1,1375,1374,1678,-1,1375,1678,1615,-1,1615,1678,1679,-1,1615,1679,1614,-1,1614,1679,1680,-1,1614,1680,1613,-1,1613,1680,1681,-1,1613,1681,1612,-1,1612,1681,1682,-1,1612,1682,1611,-1,1611,1682,1379,-1,1611,1379,1378,-1,1319,1317,1633,-1,1319,1633,1683,-1,1683,1633,1639,-1,1683,1639,1684,-1,1684,1639,1640,-1,1684,1640,1685,-1,1685,1640,1641,-1,1685,1641,1686,-1,1686,1641,1642,-1,1686,1642,1687,-1,1687,1642,1382,-1,1687,1382,1383,-1,1318,1319,1688,-1,1689,1690,1688,-1,1688,1690,1691,-1,1688,1691,1318,-1,1688,1692,1689,-1,1689,1692,1693,-1,1689,1693,1694,-1,1694,1693,1695,-1,1693,1696,1695,-1,1695,1696,1697,-1,1695,1697,1698,-1,1698,1697,1699,-1,1698,1699,1700,-1,1700,1699,1701,-1,1700,1701,1702,-1,1702,1701,1703,-1,1702,1703,1704,-1,1704,1703,1705,-1,1704,1705,1706,-1,1706,1705,1707,-1,1706,1707,1708,-1,1708,1707,1709,-1,1708,1709,1710,-1,1710,1709,1385,-1,1710,1385,1384,-1,1318,1711,1316,-1,1316,1711,1672,-1,1711,1712,1672,-1,1672,1712,1713,-1,1672,1713,1671,-1,1322,1327,1714,-1,1714,1327,1671,-1,1714,1671,1715,-1,1715,1671,1713,-1,1682,1681,1716,-1,1716,1681,1717,-1,1716,1717,1718,-1,1718,1717,1719,-1,1718,1719,1720,-1,1720,1719,1721,-1,1720,1721,1722,-1,1722,1721,1723,-1,1722,1723,1724,-1,1724,1723,1725,-1,1724,1725,1393,-1,1681,1680,1717,-1,1717,1680,1726,-1,1717,1726,1719,-1,1719,1726,1727,-1,1719,1727,1721,-1,1721,1727,1728,-1,1721,1728,1723,-1,1723,1728,1729,-1,1723,1729,1725,-1,1725,1729,1730,-1,1725,1730,1393,-1,1379,1682,1731,-1,1731,1682,1716,-1,1731,1716,1732,-1,1732,1716,1718,-1,1732,1718,1733,-1,1733,1718,1720,-1,1733,1720,1734,-1,1734,1720,1722,-1,1734,1722,1735,-1,1735,1722,1724,-1,1735,1724,1393,-1,1679,1678,1736,-1,1736,1678,1737,-1,1736,1737,1738,-1,1738,1737,1739,-1,1738,1739,1740,-1,1740,1739,1741,-1,1740,1741,1742,-1,1742,1741,1743,-1,1742,1743,1744,-1,1744,1743,1745,-1,1744,1745,1393,-1,1678,1374,1737,-1,1737,1374,1677,-1,1737,1677,1739,-1,1739,1677,1676,-1,1739,1676,1741,-1,1741,1676,1675,-1,1741,1675,1743,-1,1743,1675,1674,-1,1743,1674,1745,-1,1745,1674,1673,-1,1745,1673,1393,-1,1680,1679,1726,-1,1726,1679,1736,-1,1726,1736,1727,-1,1727,1736,1738,-1,1727,1738,1728,-1,1728,1738,1740,-1,1728,1740,1729,-1,1729,1740,1742,-1,1729,1742,1730,-1,1730,1742,1744,-1,1730,1744,1393,-1,1709,1707,1746,-1,1705,1703,1747,-1,1701,1699,1748,-1,1749,1750,1751,-1,1319,1752,1753,-1,1683,1752,1319,-1,1751,1750,1319,-1,1688,1319,1750,-1,1697,1696,1749,-1,1749,1696,1693,-1,1749,1693,1750,-1,1750,1693,1692,-1,1750,1692,1688,-1,1754,1753,1755,-1,1755,1753,1752,-1,1755,1752,1756,-1,1756,1752,1683,-1,1756,1683,1684,-1,1699,1697,1748,-1,1748,1697,1749,-1,1748,1749,1757,-1,1757,1749,1751,-1,1757,1751,1758,-1,1758,1751,1319,-1,1759,1754,1760,-1,1760,1754,1755,-1,1760,1755,1761,-1,1761,1755,1756,-1,1761,1756,1762,-1,1762,1756,1684,-1,1762,1684,1685,-1,1703,1701,1747,-1,1747,1701,1748,-1,1747,1748,1763,-1,1763,1748,1757,-1,1763,1757,1764,-1,1764,1757,1758,-1,1764,1758,1765,-1,1765,1758,1319,-1,1766,1759,1767,-1,1767,1759,1760,-1,1767,1760,1768,-1,1768,1760,1761,-1,1768,1761,1769,-1,1769,1761,1762,-1,1769,1762,1770,-1,1770,1762,1685,-1,1770,1685,1686,-1,1746,1766,1771,-1,1771,1766,1767,-1,1771,1767,1772,-1,1772,1767,1768,-1,1772,1768,1773,-1,1773,1768,1769,-1,1773,1769,1774,-1,1774,1769,1770,-1,1774,1770,1775,-1,1775,1770,1686,-1,1775,1686,1687,-1,1776,1385,1709,-1,1709,1746,1776,-1,1776,1746,1771,-1,1776,1771,1777,-1,1777,1771,1772,-1,1777,1772,1778,-1,1778,1772,1773,-1,1778,1773,1779,-1,1779,1773,1774,-1,1779,1774,1780,-1,1780,1774,1775,-1,1780,1775,1781,-1,1781,1775,1687,-1,1781,1687,1383,-1,1707,1705,1746,-1,1746,1705,1747,-1,1746,1747,1766,-1,1766,1747,1763,-1,1766,1763,1759,-1,1759,1763,1764,-1,1759,1764,1754,-1,1754,1764,1765,-1,1754,1765,1753,-1,1753,1765,1319,-1,1782,1783,1784,-1,1318,1785,1786,-1,1787,1785,1318,-1,1784,1783,1318,-1,1711,1318,1783,-1,1788,1789,1790,-1,1790,1789,1791,-1,1790,1791,1322,-1,1792,1793,1788,-1,1788,1793,1794,-1,1788,1794,1789,-1,1795,1796,1797,-1,1797,1796,1798,-1,1797,1798,1799,-1,1800,1801,1802,-1,1802,1801,1803,-1,1802,1803,1804,-1,1804,1803,1805,-1,1804,1805,1795,-1,1795,1805,1806,-1,1795,1806,1796,-1,1706,1708,1807,-1,1807,1708,1710,-1,1807,1710,1808,-1,1808,1710,1384,-1,1318,1691,1787,-1,1787,1691,1690,-1,1787,1690,1689,-1,1809,1786,1810,-1,1810,1786,1785,-1,1810,1785,1811,-1,1811,1785,1787,-1,1811,1787,1812,-1,1812,1787,1689,-1,1714,1715,1782,-1,1782,1715,1713,-1,1782,1713,1783,-1,1783,1713,1712,-1,1783,1712,1711,-1,1790,1809,1788,-1,1788,1809,1810,-1,1788,1810,1792,-1,1792,1810,1811,-1,1792,1811,1813,-1,1813,1811,1812,-1,1813,1812,1814,-1,1322,1714,1790,-1,1790,1714,1782,-1,1790,1782,1809,-1,1809,1782,1784,-1,1809,1784,1786,-1,1786,1784,1318,-1,1689,1694,1812,-1,1812,1694,1695,-1,1812,1695,1814,-1,1814,1695,1698,-1,1814,1698,1700,-1,1700,1804,1814,-1,1814,1804,1795,-1,1814,1795,1813,-1,1813,1795,1797,-1,1813,1797,1792,-1,1792,1797,1799,-1,1792,1799,1793,-1,1807,1800,1706,-1,1706,1800,1802,-1,1706,1802,1704,-1,1704,1802,1804,-1,1704,1804,1702,-1,1702,1804,1700,-1,1315,1394,1815,-1,1393,1312,1735,-1,1735,1312,1315,-1,1315,1815,1735,-1,1735,1815,1816,-1,1735,1816,1734,-1,1734,1816,1817,-1,1734,1817,1733,-1,1733,1817,1818,-1,1733,1818,1732,-1,1732,1818,1819,-1,1732,1819,1731,-1,1731,1819,1381,-1,1731,1381,1379,-1,1780,1781,1820,-1,1820,1781,1383,-1,1820,1383,1381,-1,1820,1821,1780,-1,1780,1821,1822,-1,1780,1822,1779,-1,1779,1822,1823,-1,1823,1824,1779,-1,1779,1824,1825,-1,1779,1825,1778,-1,1825,1826,1778,-1,1778,1826,1827,-1,1778,1827,1777,-1,1827,1828,1777,-1,1777,1828,1829,-1,1777,1829,1776,-1,1829,1830,1776,-1,1776,1830,1387,-1,1776,1387,1385,-1,1322,1791,1320,-1,1320,1791,1831,-1,1791,1789,1831,-1,1831,1789,1794,-1,1831,1794,1832,-1,1798,1833,1799,-1,1799,1833,1832,-1,1799,1832,1793,-1,1793,1832,1794,-1,1798,1796,1833,-1,1833,1796,1806,-1,1833,1806,1834,-1,1834,1806,1805,-1,1834,1805,1835,-1,1835,1805,1803,-1,1807,1836,1800,-1,1800,1836,1835,-1,1800,1835,1801,-1,1801,1835,1803,-1,1807,1808,1836,-1,1836,1808,1384,-1,1836,1384,1386,-1,1820,1381,1819,-1,1822,1821,1837,-1,1824,1823,1838,-1,1826,1825,1839,-1,1828,1827,1840,-1,1830,1829,1841,-1,1829,1828,1841,-1,1841,1828,1840,-1,1841,1840,1842,-1,1842,1840,1843,-1,1842,1843,1844,-1,1844,1843,1845,-1,1844,1845,1846,-1,1846,1845,1847,-1,1846,1847,1848,-1,1848,1847,1849,-1,1848,1849,1394,-1,1827,1826,1840,-1,1840,1826,1839,-1,1840,1839,1843,-1,1843,1839,1850,-1,1843,1850,1845,-1,1845,1850,1851,-1,1845,1851,1847,-1,1847,1851,1852,-1,1847,1852,1849,-1,1849,1852,1853,-1,1849,1853,1394,-1,1387,1830,1854,-1,1854,1830,1841,-1,1854,1841,1855,-1,1855,1841,1842,-1,1855,1842,1856,-1,1856,1842,1844,-1,1856,1844,1857,-1,1857,1844,1846,-1,1857,1846,1858,-1,1858,1846,1848,-1,1858,1848,1394,-1,1823,1822,1838,-1,1838,1822,1837,-1,1838,1837,1859,-1,1859,1837,1860,-1,1859,1860,1861,-1,1861,1860,1862,-1,1861,1862,1863,-1,1863,1862,1864,-1,1863,1864,1865,-1,1865,1864,1866,-1,1865,1866,1394,-1,1821,1820,1837,-1,1837,1820,1819,-1,1837,1819,1860,-1,1860,1819,1818,-1,1860,1818,1862,-1,1862,1818,1817,-1,1862,1817,1864,-1,1864,1817,1816,-1,1864,1816,1866,-1,1866,1816,1815,-1,1866,1815,1394,-1,1825,1824,1839,-1,1839,1824,1838,-1,1839,1838,1850,-1,1850,1838,1859,-1,1850,1859,1851,-1,1851,1859,1861,-1,1851,1861,1852,-1,1852,1861,1863,-1,1852,1863,1853,-1,1853,1863,1865,-1,1853,1865,1394,-1,1389,1320,1867,-1,1867,1320,1831,-1,1867,1831,1868,-1,1868,1831,1869,-1,1869,1831,1832,-1,1869,1832,1870,-1,1870,1832,1871,-1,1871,1832,1833,-1,1871,1833,1872,-1,1834,1873,1833,-1,1833,1873,1874,-1,1833,1874,1872,-1,1875,1876,1835,-1,1835,1876,1877,-1,1835,1877,1834,-1,1834,1877,1878,-1,1834,1878,1873,-1,1835,1836,1875,-1,1875,1836,1386,-1,1875,1386,1388,-1,1388,1387,1875,-1,1875,1387,1854,-1,1855,1877,1854,-1,1854,1877,1876,-1,1854,1876,1875,-1,1856,1873,1855,-1,1855,1873,1878,-1,1855,1878,1877,-1,1857,1872,1856,-1,1856,1872,1874,-1,1856,1874,1873,-1,1858,1870,1857,-1,1857,1870,1871,-1,1857,1871,1872,-1,1389,1867,1394,-1,1394,1867,1868,-1,1394,1868,1858,-1,1858,1868,1869,-1,1858,1869,1870,-1,1307,763,1298,-1,1298,763,1299,-1,1303,618,1313,-1,1313,618,620,-1,1313,620,1311,-1,1311,620,622,-1,1311,622,1308,-1,1308,622,628,-1,1308,628,1307,-1,1307,628,763,-1,1879,1880,1881,-1,1881,1880,1882,-1,1881,1882,1883,-1,1883,1882,608,-1,1883,608,1884,-1,1884,608,610,-1,760,1882,761,-1,761,1882,1880,-1,1881,1885,1886,-1,1886,1885,1887,-1,1879,1881,1888,-1,1888,1881,1886,-1,1888,1886,1889,-1,1889,1886,1890,-1,1890,1891,1889,-1,1889,1891,1892,-1,1883,1884,1893,-1,1893,1884,1894,-1,1892,1891,1894,-1,1894,1891,1895,-1,1894,1895,1893,-1,1893,1895,1896,-1,1897,1898,1899,-1,1899,1898,1900,-1,1901,1902,1903,-1,1904,1901,1905,-1,1905,1901,1906,-1,1903,1907,1901,-1,1901,1907,1908,-1,1901,1908,1906,-1,724,722,1909,-1,724,1909,1910,-1,1910,1909,1911,-1,1910,1911,1912,-1,1912,1911,775,-1,1912,775,773,-1,772,774,1913,-1,772,1913,1914,-1,1914,1913,1915,-1,1914,1915,1916,-1,1916,1915,1917,-1,1916,1917,1918,-1,1918,1917,1919,-1,1918,1919,1920,-1,607,606,1919,-1,1919,606,1920,-1,1921,1922,1923,-1,1924,1925,1926,-1,1924,1926,1927,-1,1921,1923,1928,-1,1927,1926,1923,-1,1923,1926,1929,-1,1923,1929,1928,-1,616,1301,614,-1,614,1301,762,-1,1930,1922,1921,-1,706,693,1931,-1,692,1932,693,-1,693,1932,1933,-1,693,1933,1931,-1,703,1934,702,-1,702,1934,1935,-1,702,1935,692,-1,692,1935,1936,-1,692,1936,1932,-1,1923,721,1927,-1,1927,721,723,-1,1927,723,1924,-1,1924,723,725,-1,1924,725,1925,-1,1925,725,726,-1,1925,726,1926,-1,1926,726,738,-1,1926,738,1929,-1,1929,738,737,-1,1929,737,1928,-1,1928,737,736,-1,1928,736,1921,-1,1921,736,708,-1,1921,708,1930,-1,1930,708,707,-1,1930,707,1937,-1,1937,707,706,-1,1937,706,1938,-1,1938,706,1931,-1,1939,1934,1940,-1,1940,1934,703,-1,1940,703,1941,-1,1941,703,743,-1,1941,743,1942,-1,1942,743,742,-1,1942,742,1943,-1,1943,742,740,-1,1943,740,1944,-1,1944,740,734,-1,1944,734,1945,-1,1945,734,732,-1,1945,732,1946,-1,1946,732,731,-1,1946,731,1947,-1,1947,731,691,-1,1946,1947,1939,-1,1942,1943,1941,-1,1941,1943,1944,-1,1941,1944,1940,-1,1940,1944,1939,-1,1939,1944,1945,-1,1939,1945,1946,-1,1932,1948,1933,-1,1933,1948,1949,-1,1933,1949,1931,-1,1930,1937,1949,-1,1949,1937,1938,-1,1949,1938,1931,-1,1932,1936,1948,-1,1948,1936,1935,-1,1948,1935,1934,-1,1917,1915,721,-1,1911,1909,722,-1,1930,1949,1922,-1,1922,1949,609,-1,1922,609,1923,-1,1923,609,607,-1,1923,607,721,-1,721,607,1919,-1,721,1919,1917,-1,1915,1913,721,-1,721,1913,774,-1,721,774,722,-1,722,774,775,-1,722,775,1911,-1,1341,613,1947,-1,1947,613,611,-1,1947,611,1939,-1,1939,611,1948,-1,1939,1948,1934,-1,691,690,1947,-1,1947,690,1329,-1,1337,1339,1341,-1,1329,1331,1947,-1,1947,1331,1333,-1,1947,1333,1341,-1,1341,1333,1335,-1,1341,1335,1337,-1,1948,611,1949,-1,1949,611,609,-1,1885,1881,1893,-1,1893,1881,1883,-1,1891,1890,1895,-1,1895,1890,1886,-1,1895,1886,1896,-1,1896,1886,1887,-1,1950,1951,1952,-1,1953,1954,1955,-1,1955,1954,1950,-1,1955,1950,1956,-1,1956,1950,1952,-1,1957,1958,1959,-1,1959,1958,1960,-1,1959,1960,1961,-1,1961,1960,1962,-1,1963,1964,1965,-1,1965,1964,1966,-1,1965,1966,1967,-1,1902,1968,1969,-1,1969,1968,1970,-1,1969,1970,1971,-1,1893,1972,1885,-1,1885,1972,1970,-1,1885,1970,1887,-1,1887,1970,1968,-1,1887,1968,1896,-1,1896,1968,1973,-1,1974,1975,1976,-1,1977,1978,1971,-1,1971,1978,1979,-1,1979,1980,1971,-1,1971,1980,1981,-1,1971,1981,1969,-1,1982,1903,1983,-1,1983,1903,1902,-1,1902,1969,1983,-1,1983,1969,1984,-1,1984,1985,1983,-1,1983,1985,1986,-1,1983,1986,1987,-1,1987,1986,1988,-1,1987,1988,1989,-1,1989,1988,1990,-1,1989,1990,1991,-1,1991,1990,1992,-1,1984,1969,1993,-1,1993,1969,1981,-1,1976,1975,1994,-1,1976,1994,1995,-1,1995,1994,1996,-1,1995,1996,1997,-1,1997,1996,1998,-1,1997,1998,1978,-1,1978,1998,1999,-1,1978,1999,1979,-1,1979,1999,2000,-1,1979,2000,1980,-1,1980,2000,1993,-1,1980,1993,1981,-1,1978,1977,2001,-1,1978,2001,1997,-1,1997,2001,2002,-1,1997,2002,1995,-1,2002,2003,1995,-1,1995,2003,2004,-1,1995,2004,1976,-1,1976,2004,2005,-1,1976,2005,1974,-1,1974,2006,1975,-1,1975,2006,2007,-1,2006,2008,2007,-1,2007,2008,2009,-1,2007,2009,2010,-1,2009,2011,2010,-1,2010,2011,2012,-1,2010,2012,2013,-1,2012,2014,2013,-1,2013,2014,2015,-1,2013,2015,2016,-1,2015,2017,2016,-1,2016,2017,2018,-1,2016,2018,2019,-1,2019,2018,2020,-1,2019,2020,1951,-1,1951,2020,2021,-1,1951,2021,1952,-1,2022,2023,2024,-1,1975,2025,2026,-1,2027,2025,1975,-1,2024,2023,1975,-1,2028,1975,2023,-1,2028,2023,2029,-1,2029,2023,2022,-1,2029,2022,2030,-1,2031,1975,2028,-1,2032,2026,2033,-1,2033,2026,2025,-1,2033,2025,2034,-1,2034,2025,2027,-1,2034,2027,2035,-1,2031,2028,2036,-1,2036,2028,2029,-1,2036,2029,2037,-1,2037,2029,2030,-1,2037,2030,2038,-1,1994,1975,2031,-1,2039,2032,2040,-1,2040,2032,2033,-1,2040,2033,2041,-1,2041,2033,2034,-1,2041,2034,2042,-1,2042,2034,2035,-1,2042,2035,2043,-1,1994,2031,1996,-1,1996,2031,2036,-1,1996,2036,1998,-1,1998,2036,2037,-1,1998,2037,1999,-1,1999,2037,2038,-1,1999,2038,2000,-1,2044,2039,2045,-1,2045,2039,2040,-1,2045,2040,2046,-1,2046,2040,2041,-1,2046,2041,2047,-1,2047,2041,2042,-1,2047,2042,2048,-1,2048,2042,2043,-1,2048,2043,2049,-1,2050,2044,2051,-1,2051,2044,2045,-1,2051,2045,2052,-1,2052,2045,2046,-1,2052,2046,2053,-1,2053,2046,2047,-1,2053,2047,2054,-1,2054,2047,2048,-1,2054,2048,2055,-1,2055,2048,2049,-1,2055,2049,2056,-1,1993,2050,2057,-1,2057,2050,2051,-1,2057,2051,2058,-1,2058,2051,2052,-1,2058,2052,2059,-1,2059,2052,2053,-1,2059,2053,2060,-1,2060,2053,2054,-1,2060,2054,2061,-1,2061,2054,2055,-1,2061,2055,2062,-1,2062,2055,2056,-1,2062,2056,2063,-1,1993,2000,2050,-1,2050,2000,2038,-1,2050,2038,2044,-1,2044,2038,2030,-1,2044,2030,2039,-1,2039,2030,2022,-1,2039,2022,2032,-1,2032,2022,2024,-1,2032,2024,2026,-1,2026,2024,1975,-1,2064,2063,2065,-1,2065,2063,2056,-1,2065,2056,2066,-1,2066,2056,2049,-1,2066,2049,2067,-1,2067,2049,2043,-1,2067,2043,2068,-1,2068,2043,2035,-1,2068,2035,2069,-1,2069,2035,2027,-1,2069,2027,1975,-1,1951,2064,2019,-1,2019,2064,2065,-1,2019,2065,2016,-1,2016,2065,2066,-1,2016,2066,2013,-1,2013,2066,2067,-1,2013,2067,2010,-1,2010,2067,2068,-1,2010,2068,2007,-1,2007,2068,2069,-1,2007,2069,1975,-1,2070,2071,2021,-1,2021,2071,2072,-1,2021,2072,1952,-1,2021,2020,2070,-1,2070,2020,2073,-1,2070,2073,2074,-1,2074,2073,2075,-1,2075,2073,2076,-1,2076,2073,2077,-1,2076,2077,2078,-1,2079,2080,2081,-1,2082,2083,2084,-1,2084,2083,2085,-1,2084,2085,2086,-1,2087,2009,2088,-1,2088,2009,2008,-1,1974,2005,2089,-1,2089,2005,2004,-1,2089,2004,2090,-1,2091,2092,2093,-1,2093,2092,2094,-1,2093,2094,2085,-1,2085,2094,2095,-1,2085,2095,2086,-1,2086,2095,2096,-1,2097,2096,2098,-1,2098,2096,2095,-1,2098,2095,2090,-1,2090,2095,2094,-1,2090,2094,2089,-1,2089,2094,2092,-1,2089,2092,1974,-1,2091,1974,2092,-1,1977,2097,2001,-1,2001,2097,2098,-1,2001,2098,2002,-1,2002,2098,2090,-1,2002,2090,2003,-1,2003,2090,2004,-1,2077,2014,2099,-1,2099,2014,2012,-1,2099,2012,2087,-1,2087,2012,2011,-1,2087,2011,2009,-1,2088,2100,2087,-1,2087,2100,2101,-1,2087,2101,2099,-1,2099,2101,2102,-1,2099,2102,2077,-1,2077,2102,2081,-1,2077,2081,2078,-1,2078,2081,2080,-1,2082,2079,2083,-1,2083,2079,2081,-1,2083,2081,2085,-1,2085,2081,2102,-1,2085,2102,2093,-1,2093,2102,2101,-1,2093,2101,2091,-1,2091,2101,2100,-1,2091,2100,1974,-1,2088,1974,2100,-1,2008,2006,2088,-1,2088,2006,1974,-1,2020,2018,2073,-1,2073,2018,2017,-1,2073,2017,2077,-1,2077,2017,2015,-1,2077,2015,2014,-1,1984,1993,2057,-1,1984,2057,1985,-1,1985,2057,2058,-1,1985,2058,1986,-1,1986,2058,1988,-1,1988,2058,2059,-1,1988,2059,2103,-1,2103,2059,2104,-1,2104,2059,2060,-1,2104,2060,2105,-1,2106,2107,2061,-1,2061,2107,2108,-1,2061,2108,2060,-1,2060,2108,2109,-1,2060,2109,2105,-1,2062,2110,2061,-1,2061,2110,2111,-1,2061,2111,2106,-1,2112,2113,2063,-1,2063,2113,2114,-1,2063,2114,2062,-1,2062,2114,2115,-1,2062,2115,2110,-1,2063,2064,2112,-1,2112,2064,1951,-1,2112,1951,1950,-1,1952,2072,1956,-1,1956,2072,2116,-1,2072,2071,2116,-1,2116,2071,2070,-1,2116,2070,2117,-1,2070,2074,2117,-1,2117,2074,2075,-1,2117,2075,2118,-1,2118,2075,2076,-1,2118,2076,2119,-1,2119,2076,2078,-1,2082,2120,2079,-1,2079,2120,2119,-1,2079,2119,2080,-1,2080,2119,2078,-1,2082,2084,2120,-1,2120,2084,2086,-1,2120,2086,2121,-1,1977,1971,2097,-1,2097,1971,2121,-1,2097,2121,2096,-1,2096,2121,2086,-1,2122,2113,1954,-1,1954,2113,2112,-1,1954,2112,1950,-1,2123,2124,2111,-1,2111,2110,2123,-1,2123,2110,2115,-1,2123,2115,2122,-1,2122,2115,2114,-1,2122,2114,2113,-1,2109,2125,2105,-1,2105,2125,2126,-1,2105,2126,2104,-1,2109,2108,2125,-1,2125,2108,2107,-1,2125,2107,2124,-1,2124,2107,2106,-1,2124,2106,2111,-1,1990,1988,2126,-1,2126,1988,2103,-1,2126,2103,2104,-1,1992,1990,2127,-1,2127,1990,2128,-1,2127,2128,2129,-1,2129,2128,2130,-1,2130,2128,2131,-1,2130,2131,2132,-1,2132,2131,2133,-1,2133,2131,2134,-1,2133,2134,2135,-1,2135,2134,2136,-1,2136,2134,2137,-1,2136,2137,2138,-1,2138,2137,2139,-1,2139,2137,2140,-1,2139,2140,2141,-1,2141,2140,2142,-1,2142,2140,1957,-1,2142,1957,1959,-1,2143,2144,1991,-1,1991,2144,2145,-1,1991,2145,1989,-1,1989,2145,2146,-1,1989,2146,1987,-1,1987,2146,1982,-1,1987,1982,1983,-1,1961,2147,1959,-1,1959,2147,2142,-1,2148,2149,2136,-1,2136,2138,2148,-1,2148,2138,2139,-1,2148,2139,2147,-1,2147,2139,2141,-1,2147,2141,2142,-1,2150,2151,2130,-1,2130,2132,2150,-1,2150,2132,2133,-1,2150,2133,2149,-1,2149,2133,2135,-1,2149,2135,2136,-1,1991,1992,2143,-1,2143,1992,2127,-1,2143,2127,2151,-1,2151,2127,2129,-1,2151,2129,2130,-1,1955,1956,2116,-1,2117,2152,2116,-1,2116,2152,2153,-1,2116,2153,1955,-1,2118,2154,2117,-1,2117,2154,2155,-1,2117,2155,2152,-1,2156,2157,2119,-1,2119,2157,2158,-1,2119,2158,2118,-1,2118,2158,2159,-1,2118,2159,2154,-1,2156,2119,2160,-1,2160,2119,2120,-1,2160,2120,2161,-1,2161,2120,2121,-1,2161,2121,2162,-1,2162,2121,2163,-1,2163,2121,1971,-1,2163,1971,1970,-1,1957,2140,2164,-1,2165,2166,2167,-1,1990,2126,2168,-1,2167,2166,1990,-1,2169,1990,2166,-1,2169,2166,2170,-1,2170,2166,2165,-1,2170,2165,2171,-1,2128,1990,2169,-1,2172,2173,2174,-1,2174,2173,2168,-1,2174,2168,2175,-1,2175,2168,2126,-1,2175,2126,2125,-1,2128,2169,2131,-1,2131,2169,2170,-1,2131,2170,2134,-1,2134,2170,2171,-1,2134,2171,2137,-1,2176,2172,2177,-1,2177,2172,2174,-1,2177,2174,2178,-1,2178,2174,2175,-1,2178,2175,2179,-1,2179,2175,2125,-1,2179,2125,2124,-1,2180,2176,2181,-1,2181,2176,2177,-1,2181,2177,2182,-1,2182,2177,2178,-1,2182,2178,2183,-1,2183,2178,2179,-1,2183,2179,2184,-1,2184,2179,2124,-1,2184,2124,2123,-1,2140,2180,2164,-1,2164,2180,2181,-1,2164,2181,2185,-1,2185,2181,2182,-1,2185,2182,2186,-1,2186,2182,2183,-1,2186,2183,2187,-1,2187,2183,2184,-1,2187,2184,2188,-1,2188,2184,2123,-1,2188,2123,2122,-1,1957,2164,2189,-1,2189,2164,2185,-1,2189,2185,2190,-1,2190,2185,2186,-1,2190,2186,2191,-1,2191,2186,2187,-1,2191,2187,2192,-1,2192,2187,2188,-1,2192,2188,2193,-1,2193,2188,2122,-1,2193,2122,1954,-1,2173,1990,2168,-1,2140,2137,2180,-1,2180,2137,2171,-1,2180,2171,2176,-1,2176,2171,2165,-1,2176,2165,2172,-1,2172,2165,2167,-1,2172,2167,2173,-1,2173,2167,1990,-1,2194,2195,2196,-1,1898,2197,2198,-1,2199,2197,1898,-1,2196,2195,1898,-1,2200,1898,2195,-1,2201,1898,2202,-1,2200,2195,2203,-1,2203,2195,2194,-1,2203,2194,2204,-1,2205,1898,2200,-1,2206,2198,2207,-1,2207,2198,2197,-1,2207,2197,2208,-1,2208,2197,2199,-1,2208,2199,2209,-1,2202,2210,2201,-1,2201,2210,2211,-1,2201,2211,2212,-1,2205,2200,2213,-1,2213,2200,2203,-1,2213,2203,2214,-1,2214,2203,2204,-1,2214,2204,2215,-1,2216,1898,2205,-1,2217,2206,2218,-1,2218,2206,2207,-1,2218,2207,2219,-1,2219,2207,2208,-1,2219,2208,2220,-1,2220,2208,2209,-1,2220,2209,2221,-1,2216,2205,2222,-1,2222,2205,2213,-1,2222,2213,2223,-1,2223,2213,2214,-1,2223,2214,2224,-1,2224,2214,2215,-1,2224,2215,2225,-1,2226,2217,2227,-1,2227,2217,2218,-1,2227,2218,2228,-1,2228,2218,2219,-1,2228,2219,2229,-1,2229,2219,2220,-1,2229,2220,2230,-1,2230,2220,2221,-1,2230,2221,2231,-1,2211,2232,2212,-1,2212,2232,2233,-1,2212,2233,2234,-1,2234,2233,2235,-1,2234,2235,2236,-1,2236,2235,2237,-1,2238,2226,2239,-1,2239,2226,2227,-1,2239,2227,2240,-1,2240,2227,2228,-1,2240,2228,2241,-1,2241,2228,2229,-1,2241,2229,2242,-1,2242,2229,2230,-1,2242,2230,2243,-1,2243,2230,2231,-1,2243,2231,2244,-1,1961,2225,2238,-1,2238,2225,2215,-1,2238,2215,2226,-1,2226,2215,2204,-1,2226,2204,2217,-1,2217,2204,2194,-1,2217,2194,2206,-1,2206,2194,2196,-1,2206,2196,2198,-1,2198,2196,1898,-1,2245,2244,2246,-1,2246,2244,2231,-1,2246,2231,2247,-1,2247,2231,2221,-1,2247,2221,2248,-1,2248,2221,2209,-1,2248,2209,2249,-1,2249,2209,2199,-1,2249,2199,1898,-1,2250,2245,2236,-1,2236,2245,2246,-1,2236,2246,2234,-1,2234,2246,2247,-1,2234,2247,2212,-1,2212,2247,2248,-1,2212,2248,2201,-1,2201,2248,2249,-1,2201,2249,1898,-1,2237,2251,2236,-1,2236,2251,2252,-1,2236,2252,2250,-1,2250,2252,2253,-1,2250,2253,2254,-1,1961,2238,2147,-1,2147,2238,2239,-1,2147,2239,2148,-1,2148,2239,2240,-1,2148,2240,2149,-1,2149,2240,2241,-1,2149,2241,2150,-1,2150,2241,2242,-1,2150,2242,2151,-1,2151,2242,2243,-1,2151,2243,2143,-1,2143,2243,2244,-1,2143,2244,2144,-1,2144,2244,2245,-1,2144,2245,2145,-1,2145,2245,2250,-1,2145,2250,2146,-1,2146,2250,2254,-1,2146,2254,1982,-1,1908,1907,2254,-1,2254,1907,1903,-1,2254,1903,1982,-1,2254,2253,1908,-1,1908,2253,2252,-1,1908,2252,1906,-1,1906,2252,1905,-1,2252,2251,1905,-1,1905,2251,2237,-1,1905,2237,1904,-1,1904,2237,2255,-1,2237,2235,2255,-1,2255,2235,2233,-1,2255,2233,2256,-1,2256,2233,2232,-1,2256,2232,2257,-1,2257,2232,2211,-1,2257,2211,2258,-1,2258,2211,2210,-1,2258,2210,2259,-1,2210,2202,2259,-1,2259,2202,1898,-1,2259,1898,1897,-1,1970,1972,2163,-1,2163,1972,2162,-1,2162,1972,2161,-1,2161,1972,2260,-1,2161,2260,2160,-1,2160,2260,2261,-1,2160,2261,2156,-1,2262,2263,2154,-1,2154,2159,2262,-1,2262,2159,2158,-1,2262,2158,2261,-1,2261,2158,2157,-1,2261,2157,2156,-1,2264,1953,1955,-1,1955,2153,2264,-1,2264,2153,2152,-1,2264,2152,2263,-1,2263,2152,2155,-1,2263,2155,2154,-1,1954,1953,2265,-1,1954,2265,2193,-1,2193,2265,2266,-1,2193,2266,2192,-1,2192,2266,2267,-1,2192,2267,2191,-1,2191,2267,2268,-1,2191,2268,2190,-1,2190,2268,2269,-1,2190,2269,2189,-1,2189,2269,1958,-1,2189,1958,1957,-1,1900,1898,2216,-1,1900,2216,2270,-1,2270,2216,2222,-1,2270,2222,2271,-1,2271,2222,2223,-1,2271,2223,2272,-1,2272,2223,2224,-1,2272,2224,2273,-1,2273,2224,2225,-1,2273,2225,2274,-1,2274,2225,1961,-1,2274,1961,1962,-1,2275,1899,1900,-1,2275,1900,2276,-1,2276,1900,2277,-1,2276,2277,2278,-1,2278,2277,2279,-1,2279,2277,2280,-1,2279,2280,2281,-1,2281,2280,2282,-1,2281,2282,2283,-1,2283,2282,2284,-1,2284,2282,2285,-1,2284,2285,2286,-1,2286,2285,2287,-1,2287,2285,2288,-1,2287,2288,2289,-1,2289,2288,2290,-1,2290,2288,1964,-1,2290,1964,1963,-1,1901,1904,2291,-1,2291,1904,2255,-1,2291,2255,2292,-1,2292,2255,2256,-1,2292,2256,2293,-1,2293,2256,2257,-1,2293,2257,2294,-1,2294,2257,2258,-1,2294,2258,2295,-1,2295,2258,2259,-1,2295,2259,1899,-1,1899,2259,1897,-1,2269,2268,2296,-1,2296,2268,2297,-1,2296,2297,2298,-1,2298,2297,2299,-1,2298,2299,2300,-1,2300,2299,2301,-1,2300,2301,2302,-1,2302,2301,2303,-1,2302,2303,2304,-1,2304,2303,2305,-1,2304,2305,1972,-1,2268,2267,2297,-1,2297,2267,2306,-1,2297,2306,2299,-1,2299,2306,2307,-1,2299,2307,2301,-1,2301,2307,2308,-1,2301,2308,2303,-1,2303,2308,2309,-1,2303,2309,2305,-1,2305,2309,2310,-1,2305,2310,1972,-1,1958,2269,2311,-1,2311,2269,2296,-1,2311,2296,2312,-1,2312,2296,2298,-1,2312,2298,2313,-1,2313,2298,2300,-1,2313,2300,2314,-1,2314,2300,2302,-1,2314,2302,2315,-1,2315,2302,2304,-1,2315,2304,1972,-1,2266,2265,2316,-1,2316,2265,2317,-1,2316,2317,2318,-1,2318,2317,2319,-1,2318,2319,2320,-1,2320,2319,2321,-1,2320,2321,2322,-1,2322,2321,2323,-1,2322,2323,2324,-1,2324,2323,2325,-1,2324,2325,1972,-1,2265,1953,2317,-1,2317,1953,2264,-1,2317,2264,2319,-1,2319,2264,2263,-1,2319,2263,2321,-1,2321,2263,2262,-1,2321,2262,2323,-1,2323,2262,2261,-1,2323,2261,2325,-1,2325,2261,2260,-1,2325,2260,1972,-1,2267,2266,2306,-1,2306,2266,2316,-1,2306,2316,2307,-1,2307,2316,2318,-1,2307,2318,2308,-1,2308,2318,2320,-1,2308,2320,2309,-1,2309,2320,2322,-1,2309,2322,2310,-1,2310,2322,2324,-1,2310,2324,1972,-1,1964,2288,2326,-1,2327,2328,2329,-1,1900,2270,2330,-1,2329,2328,1900,-1,2331,1900,2328,-1,2331,2328,2332,-1,2332,2328,2327,-1,2332,2327,2333,-1,2277,1900,2331,-1,2334,2335,2336,-1,2336,2335,2330,-1,2336,2330,2337,-1,2337,2330,2270,-1,2337,2270,2271,-1,2277,2331,2280,-1,2280,2331,2332,-1,2280,2332,2282,-1,2282,2332,2333,-1,2282,2333,2285,-1,2338,2334,2339,-1,2339,2334,2336,-1,2339,2336,2340,-1,2340,2336,2337,-1,2340,2337,2341,-1,2341,2337,2271,-1,2341,2271,2272,-1,2342,2338,2343,-1,2343,2338,2339,-1,2343,2339,2344,-1,2344,2339,2340,-1,2344,2340,2345,-1,2345,2340,2341,-1,2345,2341,2346,-1,2346,2341,2272,-1,2346,2272,2273,-1,2288,2342,2326,-1,2326,2342,2343,-1,2326,2343,2347,-1,2347,2343,2344,-1,2347,2344,2348,-1,2348,2344,2345,-1,2348,2345,2349,-1,2349,2345,2346,-1,2349,2346,2350,-1,2350,2346,2273,-1,2350,2273,2274,-1,1964,2326,2351,-1,2351,2326,2347,-1,2351,2347,2352,-1,2352,2347,2348,-1,2352,2348,2353,-1,2353,2348,2349,-1,2353,2349,2354,-1,2354,2349,2350,-1,2354,2350,2355,-1,2355,2350,2274,-1,2355,2274,1962,-1,2335,1900,2330,-1,2288,2285,2342,-1,2342,2285,2333,-1,2342,2333,2338,-1,2338,2333,2327,-1,2338,2327,2334,-1,2334,2327,2329,-1,2334,2329,2335,-1,2335,2329,1900,-1,2356,2357,2358,-1,1899,2359,2360,-1,2358,2357,1899,-1,2295,1899,2357,-1,2361,2362,2363,-1,2363,2362,2364,-1,2363,2364,1901,-1,2365,2366,2361,-1,2361,2366,2367,-1,2361,2367,2362,-1,2368,2369,2370,-1,2370,2369,2371,-1,2370,2371,2372,-1,2373,2374,2375,-1,2375,2374,2376,-1,2375,2376,2377,-1,2377,2376,2378,-1,2377,2378,2368,-1,2368,2378,2379,-1,2368,2379,2369,-1,1899,2275,2380,-1,2380,2275,2276,-1,2359,1899,2380,-1,2381,2360,2382,-1,2382,2360,2359,-1,2382,2359,2383,-1,2383,2359,2380,-1,2383,2380,2384,-1,2384,2380,2276,-1,2291,2292,2356,-1,2356,2292,2293,-1,2356,2293,2357,-1,2357,2293,2294,-1,2357,2294,2295,-1,2363,2381,2361,-1,2361,2381,2382,-1,2361,2382,2365,-1,2365,2382,2383,-1,2365,2383,2385,-1,2385,2383,2384,-1,2385,2384,2386,-1,1901,2291,2363,-1,2363,2291,2356,-1,2363,2356,2381,-1,2381,2356,2358,-1,2381,2358,2360,-1,2360,2358,1899,-1,2276,2278,2384,-1,2384,2278,2279,-1,2384,2279,2386,-1,2386,2279,2281,-1,2386,2281,2283,-1,2283,2377,2386,-1,2386,2377,2368,-1,2386,2368,2385,-1,2385,2368,2370,-1,2385,2370,2365,-1,2365,2370,2372,-1,2365,2372,2366,-1,1963,2387,2290,-1,2290,2387,2388,-1,2290,2388,2289,-1,2289,2388,2373,-1,2289,2373,2287,-1,2287,2373,2375,-1,2287,2375,2286,-1,2286,2375,2377,-1,2286,2377,2284,-1,2284,2377,2283,-1,1896,1973,2389,-1,1972,1893,2315,-1,2315,1893,1896,-1,1896,2389,2315,-1,2315,2389,2390,-1,2315,2390,2314,-1,2314,2390,2391,-1,2314,2391,2313,-1,2313,2391,2392,-1,2313,2392,2312,-1,2312,2392,2393,-1,2312,2393,2311,-1,2311,2393,1960,-1,2311,1960,1958,-1,1962,1960,2394,-1,1962,2394,2355,-1,2355,2394,2395,-1,2355,2395,2354,-1,2354,2395,2396,-1,2354,2396,2353,-1,2353,2396,2397,-1,2353,2397,2352,-1,2352,2397,2398,-1,2352,2398,2351,-1,2351,2398,1966,-1,2351,1966,1964,-1,1902,1901,2364,-1,1902,2364,2399,-1,2399,2364,2362,-1,2399,2362,2400,-1,2400,2362,2367,-1,2400,2367,2401,-1,2401,2367,2366,-1,2401,2366,2402,-1,2402,2366,2372,-1,2402,2372,2403,-1,2372,2371,2403,-1,2403,2371,2369,-1,2403,2369,2404,-1,2404,2369,2379,-1,2404,2379,2405,-1,2405,2379,2378,-1,2405,2378,2406,-1,2406,2378,2376,-1,2406,2376,2407,-1,2376,2374,2407,-1,2407,2374,2373,-1,2407,2373,2408,-1,2408,2373,2388,-1,2408,2388,2409,-1,2388,2387,2409,-1,2409,2387,1963,-1,2409,1963,1965,-1,2398,2397,2410,-1,2410,2397,2411,-1,2410,2411,2412,-1,2412,2411,2413,-1,2412,2413,2414,-1,2414,2413,2415,-1,2414,2415,2416,-1,2416,2415,2417,-1,2416,2417,2418,-1,2418,2417,2419,-1,2418,2419,1973,-1,2397,2396,2411,-1,2411,2396,2420,-1,2411,2420,2413,-1,2413,2420,2421,-1,2413,2421,2415,-1,2415,2421,2422,-1,2415,2422,2417,-1,2417,2422,2423,-1,2417,2423,2419,-1,2419,2423,2424,-1,2419,2424,1973,-1,1966,2398,2425,-1,2425,2398,2410,-1,2425,2410,2426,-1,2426,2410,2412,-1,2426,2412,2427,-1,2427,2412,2414,-1,2427,2414,2428,-1,2428,2414,2416,-1,2428,2416,2429,-1,2429,2416,2418,-1,2429,2418,1973,-1,2395,2394,2430,-1,2430,2394,2431,-1,2430,2431,2432,-1,2432,2431,2433,-1,2432,2433,2434,-1,2434,2433,2435,-1,2434,2435,2436,-1,2436,2435,2437,-1,2436,2437,2438,-1,2438,2437,2439,-1,2438,2439,1973,-1,2394,1960,2431,-1,2431,1960,2393,-1,2431,2393,2433,-1,2433,2393,2392,-1,2433,2392,2435,-1,2435,2392,2391,-1,2435,2391,2437,-1,2437,2391,2390,-1,2437,2390,2439,-1,2439,2390,2389,-1,2439,2389,1973,-1,2396,2395,2420,-1,2420,2395,2430,-1,2420,2430,2421,-1,2421,2430,2432,-1,2421,2432,2422,-1,2422,2432,2434,-1,2422,2434,2423,-1,2423,2434,2436,-1,2423,2436,2424,-1,2424,2436,2438,-1,2424,2438,1973,-1,2440,2441,2403,-1,2403,2441,2442,-1,2403,2442,2402,-1,2402,2442,2443,-1,2402,2443,2401,-1,2401,2443,2444,-1,2401,2444,2400,-1,2400,2444,2445,-1,2400,2445,2399,-1,2399,2445,1968,-1,2399,1968,1902,-1,2403,2404,2440,-1,2440,2404,2405,-1,2440,2405,2446,-1,2405,2406,2446,-1,2446,2406,2407,-1,2446,2407,2447,-1,1965,1967,2409,-1,2409,1967,2447,-1,2409,2447,2408,-1,2408,2447,2407,-1,1967,1966,2425,-1,1967,2425,2447,-1,2447,2425,2426,-1,2447,2426,2446,-1,2446,2426,2427,-1,2446,2427,2440,-1,2440,2427,2441,-1,2441,2427,2428,-1,2441,2428,2442,-1,2442,2428,2443,-1,2443,2428,2429,-1,2443,2429,2444,-1,2444,2429,2445,-1,2445,2429,1973,-1,2445,1973,1968,-1,1888,761,1879,-1,1879,761,1880,-1,1884,610,1894,-1,1894,610,612,-1,1894,612,1892,-1,1892,612,614,-1,1892,614,1889,-1,1889,614,762,-1,1889,762,1888,-1,1888,762,761,-1,787,597,589,-1,589,597,596,-1,682,683,785,-1,787,589,786,-1,786,589,592,-1,786,592,785,-1,784,785,783,-1,783,785,683,-1,783,683,782,-1,788,679,592,-1,592,679,680,-1,592,680,785,-1,785,680,681,-1,785,681,682,-1,1910,1912,781,-1,781,1912,773,-1,781,773,771,-1,778,771,777,-1,777,771,776,-1,778,779,771,-1,771,779,780,-1,771,780,781,-1,782,683,781,-1,781,683,724,-1,781,724,1910,-1,1920,606,769,-1,608,1882,606,-1,606,1882,760,-1,765,766,606,-1,770,772,769,-1,769,772,1914,-1,1914,1916,769,-1,769,1916,1918,-1,769,1918,1920,-1,766,767,606,-1,606,767,768,-1,606,768,769,-1,760,759,606,-1,606,759,764,-1,606,764,765,-1,589,596,276,-1,276,596,274,-1,70,69,592,-1,592,69,788,-1,
        ]
    }
}
Shape{
    appearance Appearance {
        material  Material 	{
            diffuseColor 0.6666666666666666 0.6980392156862745 0.7686274509803922
            specularColor 0.3333333333333333 0.34901960784313724 0.3843137254901961
            ambientIntensity 0.6967
            transparency 0.0
            shininess 0.5
        }
    }
    geometry IndexedFaceSet {
        ccw TRUE
        solid FALSE
        coord DEF co Coordinate {
            point [
                1.4469 1.0784 -1.378, 1.3204 1.0784 -1.378, 1.5313 1.0784 -1.063, 1.236 1.0784 -1.063, 1.5313 1.0784 -1.0575, 1.236 1.0784 -1.0575, 1.3204 0.9209 -1.378, 1.4469 0.9209 -1.378, 1.5313 0.9209 -1.0575, 1.236 0.9209 -1.0575, 1.236 0.9209 -1.063, 1.5313 0.9209 -1.063, 1.236 0.9202 -1.0502, 1.5313 0.9202 -1.0502, 1.236 0.9182 -1.0432, 1.5313 0.9182 -1.0432, 1.236 0.9149 -1.0366, 1.5313 0.9149 -1.0366, 1.236 0.8244 -0.8917, 1.5313 0.8244 -0.8917, 1.5313 0.8054 -0.8521, 1.236 0.8054 -0.8521, 1.5313 0.7957 -0.8093, 1.236 0.7957 -0.8093, 1.5313 0.7957 -0.7655, 1.236 0.7957 -0.7655, 1.5313 0.8054 -0.7227, 1.236 0.8054 -0.7227, 1.5313 0.8244 -0.6831, 1.236 0.8244 -0.6831, 1.236 0.9149 -0.5382, 1.5313 0.9149 -0.5382, 1.236 0.9182 -0.5316, 1.5313 0.9182 -0.5316, 1.236 0.9202 -0.5246, 1.5313 0.9202 -0.5246, 1.236 0.9209 -0.5173, 1.5313 0.9209 -0.5173, 1.236 0.9209 0.2362, 1.5313 0.9209 0.2362, 1.236 1.0784 -0.5173, 1.236 1.0784 0.2362, 1.5313 1.0784 -0.5173, 1.5313 1.0784 0.2362, 1.5313 1.075 -0.5537, 1.236 1.075 -0.5537, 1.5313 1.0649 -0.5889, 1.236 1.0649 -0.5889, 1.5313 1.0485 -0.6216, 1.236 1.0485 -0.6216, 1.236 0.9579 -0.7665, 1.5313 0.9579 -0.7665, 1.236 0.9541 -0.7745, 1.5313 0.9541 -0.7745, 1.236 0.9522 -0.783, 1.5313 0.9522 -0.783, 1.236 0.9522 -0.7918, 1.5313 0.9522 -0.7918, 1.236 0.9541 -0.8003, 1.5313 0.9541 -0.8003, 1.236 0.9579 -0.8083, 1.5313 0.9579 -0.8083, 1.236 1.0485 -0.9532, 1.5313 1.0485 -0.9532, 1.5313 1.0649 -0.9859, 1.236 1.0649 -0.9859, 1.5313 1.075 -1.0211, 1.236 1.075 -1.0211, -0.1419 -0.8901 -0.5173, -0.1419 -0.8901 0.2362, 0.1533 -0.8901 -0.5173, 0.1533 -0.8901 0.2362, -0.1419 -0.8894 -0.5246, 0.1533 -0.8894 -0.5246, -0.1419 -0.8874 -0.5316, 0.1533 -0.8874 -0.5316, -0.1419 -0.8841 -0.5382, 0.1533 -0.8841 -0.5382, -0.1419 -0.7936 -0.6831, 0.1533 -0.7936 -0.6831, 0.1533 -0.7746 -0.7227, -0.1419 -0.7746 -0.7227, 0.1533 -0.7649 -0.7655, -0.1419 -0.7649 -0.7655, 0.1533 -0.7649 -0.8093, -0.1419 -0.7649 -0.8093, 0.1533 -0.7746 -0.8521, -0.1419 -0.7746 -0.8521, 0.1533 -0.7936 -0.8917, -0.1419 -0.7936 -0.8917, -0.1419 -0.8841 -1.0366, 0.1533 -0.8841 -1.0366, -0.1419 -0.8901 -1.0575, 0.1533 -0.8901 -1.0575, 0.1533 -0.8901 -1.063, -0.1419 -0.8901 -1.063, 0.069 -0.8901 -1.378, -0.0575 -0.8901 -1.378, 0.069 -1.0476 -1.378, -0.0575 -1.0476 -1.378, -0.1419 -1.0476 0.2362, -0.1419 -1.0476 -0.5173, 0.1533 -1.0476 0.2362, 0.1533 -1.0476 -0.5173, -0.1419 -1.0177 -0.6216, 0.1533 -1.0177 -0.6216, 0.1533 -1.0341 -0.5889, -0.1419 -1.0341 -0.5889, 0.1533 -1.0442 -0.5537, -0.1419 -1.0442 -0.5537, -0.1419 -0.9271 -0.7665, 0.1533 -0.9271 -0.7665, -0.1419 -0.9271 -0.8083, 0.1533 -0.9271 -0.8083, -0.1419 -0.9234 -0.8003, 0.1533 -0.9234 -0.8003, -0.1419 -0.9214 -0.7918, 0.1533 -0.9214 -0.7918, -0.1419 -0.9214 -0.783, 0.1533 -0.9214 -0.783, -0.1419 -0.9234 -0.7745, 0.1533 -0.9234 -0.7745, -0.1419 -1.0177 -0.9532, 0.1533 -1.0177 -0.9532, -0.1419 -1.0476 -1.0575, 0.1533 -1.0476 -1.0575, 0.1533 -1.0442 -1.0211, -0.1419 -1.0442 -1.0211, 0.1533 -1.0341 -0.9859, -0.1419 -1.0341 -0.9859, -0.1419 -1.0476 -1.063, 0.1533 -1.0476 -1.063, 0.1533 -0.8874 -1.0432, 0.1533 -0.8894 -1.0502, -0.1419 -0.8874 -1.0432, -0.1419 -0.8894 -1.0502, -1.5199 1.0784 -0.5173, -1.5199 1.0784 0.2362, -1.2246 1.0784 -0.5173, -1.2246 1.0784 0.2362, -1.2246 1.075 -0.5537, -1.5199 1.075 -0.5537, -1.2246 1.0649 -0.5889, -1.5199 1.0649 -0.5889, -1.2246 1.0485 -0.6216, -1.5199 1.0485 -0.6216, -1.5199 0.9579 -0.7665, -1.2246 0.9579 -0.7665, -1.5199 0.9541 -0.7745, -1.2246 0.9541 -0.7745, -1.5199 0.9522 -0.783, -1.2246 0.9522 -0.783, -1.5199 0.9522 -0.7918, -1.2246 0.9522 -0.7918, -1.5199 0.9541 -0.8003, -1.2246 0.9541 -0.8003, -1.5199 0.9579 -0.8083, -1.2246 0.9579 -0.8083, -1.5199 1.0485 -0.9532, -1.2246 1.0485 -0.9532, -1.309 1.0784 -1.378, -1.4355 1.0784 -1.378, -1.2246 1.0784 -1.063, -1.5199 1.0784 -1.063, -1.2246 1.0784 -1.0575, -1.5199 1.0784 -1.0575, -1.4355 0.9209 -1.378, -1.309 0.9209 -1.378, -1.5199 0.9209 0.2362, -1.5199 0.9209 -0.5173, -1.2246 0.9209 0.2362, -1.2246 0.9209 -0.5173, -1.5199 0.9149 -0.5382, -1.2246 0.9149 -0.5382, -1.5199 0.9182 -0.5316, -1.2246 0.9182 -0.5316, -1.5199 0.9202 -0.5246, -1.2246 0.9202 -0.5246, -1.5199 0.8244 -0.6831, -1.2246 0.8244 -0.6831, -1.5199 0.8244 -0.8917, -1.2246 0.8244 -0.8917, -1.2246 0.8054 -0.8521, -1.5199 0.8054 -0.8521, -1.2246 0.7957 -0.8093, -1.5199 0.7957 -0.8093, -1.2246 0.7957 -0.7655, -1.5199 0.7957 -0.7655, -1.2246 0.8054 -0.7227, -1.5199 0.8054 -0.7227, -1.5199 0.9149 -1.0366, -1.2246 0.9149 -1.0366, -1.5199 0.9209 -1.0575, -1.2246 0.9209 -1.0575, -1.5199 0.9202 -1.0502, -1.2246 0.9202 -1.0502, -1.5199 0.9182 -1.0432, -1.2246 0.9182 -1.0432, -1.5199 0.9209 -1.063, -1.2246 0.9209 -1.063, -1.5199 1.0649 -0.9859, -1.5199 1.075 -1.0211, -1.2246 1.0649 -0.9859, -1.2246 1.075 -1.0211
            ]
        }
        coordIndex [
            0,1,2,-1,2,1,3,-1,2,3,4,-1,4,3,5,-1,1,0,6,-1,6,0,7,-1,8,9,10,-1,8,10,11,-1,11,10,6,-1,11,6,7,-1,9,8,12,-1,12,8,13,-1,12,13,14,-1,14,13,15,-1,14,15,16,-1,16,15,17,-1,18,16,19,-1,19,16,17,-1,18,19,20,-1,18,20,21,-1,21,20,22,-1,21,22,23,-1,23,22,24,-1,23,24,25,-1,25,24,26,-1,25,26,27,-1,27,26,28,-1,27,28,29,-1,30,29,31,-1,31,29,28,-1,30,31,32,-1,32,31,33,-1,32,33,34,-1,34,33,35,-1,34,35,36,-1,36,35,37,-1,38,36,39,-1,39,36,37,-1,40,41,42,-1,42,41,43,-1,40,42,44,-1,40,44,45,-1,45,44,46,-1,45,46,47,-1,47,46,48,-1,47,48,49,-1,50,49,51,-1,51,49,48,-1,50,51,52,-1,52,51,53,-1,52,53,54,-1,54,53,55,-1,54,55,56,-1,56,55,57,-1,56,57,58,-1,58,57,59,-1,58,59,60,-1,60,59,61,-1,62,60,63,-1,63,60,61,-1,62,63,64,-1,62,64,65,-1,65,64,66,-1,65,66,67,-1,67,66,4,-1,67,4,5,-1,38,41,36,-1,36,41,40,-1,36,40,34,-1,34,40,45,-1,34,45,32,-1,32,45,47,-1,32,47,30,-1,30,47,49,-1,30,49,29,-1,29,49,50,-1,29,50,27,-1,27,50,52,-1,27,52,25,-1,25,52,54,-1,25,54,23,-1,23,54,56,-1,23,56,21,-1,21,56,58,-1,21,58,18,-1,18,58,60,-1,18,60,16,-1,16,60,62,-1,16,62,14,-1,14,62,65,-1,14,65,12,-1,12,65,67,-1,12,67,9,-1,9,67,5,-1,9,5,10,-1,10,5,3,-1,11,2,8,-1,8,2,4,-1,8,4,13,-1,13,4,66,-1,13,66,15,-1,15,66,64,-1,15,64,17,-1,17,64,63,-1,17,63,19,-1,19,63,61,-1,19,61,20,-1,20,61,59,-1,20,59,22,-1,22,59,57,-1,22,57,24,-1,24,57,55,-1,24,55,26,-1,26,55,53,-1,26,53,28,-1,28,53,51,-1,28,51,31,-1,31,51,48,-1,31,48,33,-1,33,48,46,-1,33,46,35,-1,35,46,44,-1,35,44,37,-1,37,44,42,-1,37,42,39,-1,39,42,43,-1,3,1,10,-1,10,1,6,-1,0,2,7,-1,7,2,11,-1,68,69,70,-1,70,69,71,-1,68,70,72,-1,72,70,73,-1,72,73,74,-1,74,73,75,-1,74,75,76,-1,76,75,77,-1,78,76,79,-1,79,76,77,-1,78,79,80,-1,78,80,81,-1,81,80,82,-1,81,82,83,-1,83,82,84,-1,83,84,85,-1,85,84,86,-1,85,86,87,-1,87,86,88,-1,87,88,89,-1,90,89,91,-1,91,89,88,-1,92,93,94,-1,92,94,95,-1,95,94,96,-1,95,96,97,-1,98,99,96,-1,96,99,97,-1,100,101,102,-1,102,101,103,-1,104,105,106,-1,104,106,107,-1,107,106,108,-1,107,108,109,-1,109,108,103,-1,109,103,101,-1,104,110,105,-1,105,110,111,-1,112,113,114,-1,114,113,115,-1,114,115,116,-1,116,115,117,-1,116,117,118,-1,118,117,119,-1,118,119,120,-1,120,119,121,-1,120,121,110,-1,110,121,111,-1,112,122,113,-1,113,122,123,-1,124,125,126,-1,124,126,127,-1,127,126,128,-1,127,128,129,-1,129,128,123,-1,129,123,122,-1,99,98,130,-1,130,98,131,-1,130,131,124,-1,124,131,125,-1,96,94,98,-1,98,94,131,-1,71,102,70,-1,70,102,103,-1,70,103,73,-1,73,103,108,-1,73,108,75,-1,75,108,106,-1,75,106,77,-1,77,106,105,-1,77,105,79,-1,79,105,111,-1,79,111,80,-1,80,111,121,-1,80,121,82,-1,82,121,119,-1,82,119,84,-1,84,119,117,-1,84,117,86,-1,86,117,115,-1,86,115,88,-1,88,115,113,-1,88,113,91,-1,91,113,123,-1,91,123,132,-1,132,123,128,-1,132,128,133,-1,133,128,126,-1,133,126,93,-1,93,126,125,-1,93,125,94,-1,94,125,131,-1,90,91,134,-1,134,91,132,-1,134,132,135,-1,135,132,133,-1,135,133,92,-1,92,133,93,-1,95,130,92,-1,92,130,124,-1,92,124,135,-1,135,124,127,-1,135,127,134,-1,134,127,129,-1,134,129,90,-1,90,129,122,-1,90,122,89,-1,89,122,112,-1,89,112,87,-1,87,112,114,-1,87,114,85,-1,85,114,116,-1,85,116,83,-1,83,116,118,-1,83,118,81,-1,81,118,120,-1,81,120,78,-1,78,120,110,-1,78,110,76,-1,76,110,104,-1,76,104,74,-1,74,104,107,-1,74,107,72,-1,72,107,109,-1,72,109,68,-1,68,109,101,-1,68,101,69,-1,69,101,100,-1,95,97,130,-1,130,97,99,-1,136,137,138,-1,138,137,139,-1,136,138,140,-1,136,140,141,-1,141,140,142,-1,141,142,143,-1,143,142,144,-1,143,144,145,-1,146,145,147,-1,147,145,144,-1,146,147,148,-1,148,147,149,-1,148,149,150,-1,150,149,151,-1,150,151,152,-1,152,151,153,-1,152,153,154,-1,154,153,155,-1,154,155,156,-1,156,155,157,-1,158,156,159,-1,159,156,157,-1,160,161,162,-1,162,161,163,-1,162,163,164,-1,164,163,165,-1,161,160,166,-1,166,160,167,-1,168,169,170,-1,170,169,171,-1,172,173,174,-1,174,173,175,-1,174,175,176,-1,176,175,177,-1,176,177,169,-1,169,177,171,-1,172,178,173,-1,173,178,179,-1,180,181,182,-1,180,182,183,-1,183,182,184,-1,183,184,185,-1,185,184,186,-1,185,186,187,-1,187,186,188,-1,187,188,189,-1,189,188,179,-1,189,179,178,-1,180,190,181,-1,181,190,191,-1,192,193,194,-1,194,193,195,-1,194,195,196,-1,196,195,197,-1,196,197,190,-1,190,197,191,-1,193,192,198,-1,193,198,199,-1,199,198,166,-1,199,166,167,-1,163,161,198,-1,198,161,166,-1,168,137,169,-1,169,137,136,-1,169,136,176,-1,176,136,141,-1,176,141,174,-1,174,141,143,-1,174,143,172,-1,172,143,145,-1,172,145,178,-1,178,145,146,-1,178,146,189,-1,189,146,148,-1,189,148,187,-1,187,148,150,-1,187,150,185,-1,185,150,152,-1,185,152,183,-1,183,152,154,-1,183,154,180,-1,180,154,156,-1,180,156,190,-1,190,156,158,-1,190,158,196,-1,196,158,200,-1,196,200,194,-1,194,200,201,-1,194,201,192,-1,192,201,165,-1,192,165,198,-1,198,165,163,-1,158,159,202,-1,158,202,200,-1,200,202,203,-1,200,203,201,-1,201,203,164,-1,201,164,165,-1,199,162,193,-1,193,162,164,-1,193,164,195,-1,195,164,203,-1,195,203,197,-1,197,203,202,-1,197,202,191,-1,191,202,159,-1,191,159,181,-1,181,159,157,-1,181,157,182,-1,182,157,155,-1,182,155,184,-1,184,155,153,-1,184,153,186,-1,186,153,151,-1,186,151,188,-1,188,151,149,-1,188,149,179,-1,179,149,147,-1,179,147,173,-1,173,147,144,-1,173,144,175,-1,175,144,142,-1,175,142,177,-1,177,142,140,-1,177,140,171,-1,171,140,138,-1,171,138,170,-1,170,138,139,-1,160,162,167,-1,167,162,199,-1,
        ]
    }
}
Shape{
    appearance Appearance {
        material  Material 	{
            diffuseColor 0.0 0.0 0.0
            specularColor 0.0 0.0 0.0
            ambientIntensity 0.0
            transparency 0.0
            shininess 0.5
        }
    }
    geometry IndexedFaceSet {
        ccw TRUE
        solid FALSE
        coord DEF co Coordinate {
            point [
                2.073 -0.6117 1.2424, 2.073 -0.6117 1.2287, 2.0726 -0.6117 1.2424, 2.0726 -0.6117 1.2287, 2.073 -0.6595 1.2424, 2.0726 -0.6595 1.2424, 2.073 -0.6595 1.3488, 2.0726 -0.6595 1.3488, 2.073 -0.675 1.3488, 2.0726 -0.675 1.3488, 2.073 -0.675 1.2287, 2.0726 -0.675 1.2287, 2.0726 -0.5168 1.2337, 2.073 -0.5168 1.2337, 2.073 -0.5189 1.2326, 2.073 -0.5318 1.2284, 2.073 -0.5501 1.2267, 2.0726 -0.5395 1.2277, 2.0726 -0.5501 1.2267, 2.0726 -0.5318 1.2284, 2.0726 -0.5219 1.2316, 2.0726 -0.5189 1.2326, 2.073 -0.5168 1.2485, 2.0726 -0.5168 1.2485, 2.0726 -0.5219 1.2462, 2.073 -0.5278 1.2435, 2.0726 -0.5278 1.2435, 2.0726 -0.5412 1.2408, 2.073 -0.5412 1.2408, 2.0726 -0.5478 1.2405, 2.073 -0.5478 1.2405, 2.0726 -0.5597 1.2419, 2.073 -0.5597 1.2419, 2.0726 -0.5683 1.2451, 2.073 -0.5683 1.2451, 2.0726 -0.5762 1.2507, 2.073 -0.5762 1.2507, 2.0726 -0.5787 1.2531, 2.073 -0.5787 1.2531, 2.0726 -0.5848 1.2617, 2.073 -0.5848 1.2617, 2.0726 -0.5886 1.2715, 2.073 -0.5886 1.2715, 2.0726 -0.5905 1.2863, 2.073 -0.5905 1.2863, 2.0726 -0.5905 1.2874, 2.073 -0.5905 1.2874, 2.0726 -0.589 1.3016, 2.073 -0.589 1.3016, 2.0726 -0.5854 1.3125, 2.073 -0.5854 1.3125, 2.0726 -0.5799 1.3212, 2.073 -0.5799 1.3212, 2.0726 -0.5779 1.3235, 2.073 -0.5779 1.3235, 2.0726 -0.5694 1.3304, 2.073 -0.5694 1.3304, 2.0726 -0.5599 1.3347, 2.073 -0.5599 1.3347, 2.0726 -0.5494 1.3367, 2.073 -0.5494 1.3367, 2.0726 -0.5451 1.3368, 2.073 -0.5451 1.3368, 2.0726 -0.5168 1.3297, 2.073 -0.5168 1.3297, 2.073 -0.5194 1.3311, 2.0726 -0.5318 1.3354, 2.073 -0.5318 1.3354, 2.0726 -0.5219 1.3319, 2.0726 -0.5194 1.3311, 2.073 -0.5168 1.3459, 2.0726 -0.5168 1.3459, 2.0726 -0.5453 1.3508, 2.073 -0.5453 1.3508, 2.073 -0.5436 1.3508, 2.0726 -0.5219 1.3474, 2.073 -0.5282 1.3493, 2.0726 -0.5282 1.3493, 2.0726 -0.5331 1.3498, 2.0726 -0.5436 1.3508, 2.0726 -0.5537 1.3498, 2.073 -0.5625 1.3487, 2.0726 -0.5625 1.3487, 2.0726 -0.5751 1.3439, 2.073 -0.5751 1.3439, 2.0726 -0.5867 1.3357, 2.073 -0.5867 1.3357, 2.0726 -0.5894 1.3331, 2.073 -0.5894 1.3331, 2.0726 -0.5973 1.323, 2.073 -0.5973 1.323, 2.0726 -0.6014 1.3142, 2.073 -0.6034 1.3099, 2.0726 -0.6034 1.3099, 2.0726 -0.6064 1.2946, 2.073 -0.6064 1.2946, 2.0726 -0.6067 1.2865, 2.073 -0.6067 1.2865, 2.0726 -0.6044 1.2672, 2.073 -0.6044 1.2672, 2.0726 -0.6014 1.2592, 2.073 -0.5996 1.2546, 2.0726 -0.5996 1.2546, 2.0726 -0.5925 1.2443, 2.073 -0.5925 1.2443, 2.0726 -0.5913 1.2431, 2.073 -0.5913 1.2431, 2.073 -0.558 1.2271, 2.0726 -0.5821 1.2353, 2.073 -0.5821 1.2353, 2.0726 -0.5709 1.2299, 2.073 -0.5709 1.2299, 2.0726 -0.5608 1.2277, 2.0726 -0.558 1.2271, 2.073 -0.4282 1.2424, 2.073 -0.4282 1.2287, 2.0726 -0.4282 1.2424, 2.0726 -0.4282 1.2287, 2.0726 -0.4773 1.2424, 2.073 -0.4773 1.2424, 2.0726 -0.4448 1.2424, 2.073 -0.4773 1.2828, 2.0726 -0.4773 1.2828, 2.0726 -0.4343 1.2828, 2.073 -0.4343 1.2828, 2.0726 -0.4448 1.2828, 2.073 -0.4343 1.2965, 2.0726 -0.4343 1.2965, 2.0726 -0.4773 1.2965, 2.073 -0.4773 1.2965, 2.0726 -0.4448 1.2965, 2.073 -0.4773 1.335, 2.0726 -0.4773 1.335, 2.0726 -0.4309 1.335, 2.073 -0.4309 1.335, 2.0726 -0.4448 1.335, 2.073 -0.4309 1.3488, 2.0726 -0.4309 1.3488, 2.0726 -0.4928 1.3488, 2.073 -0.4928 1.3488, 2.0726 -0.4448 1.3488, 2.073 -0.4928 1.2287, 2.0726 -0.4928 1.2287, 2.0726 -0.4448 1.2287, 2.073 -0.3567 1.3333, 2.073 -0.369 1.3488, 2.073 -0.3718 1.335, 2.073 -0.3712 1.3488, 2.073 -0.39 1.335, 2.073 -0.4055 1.3488, 2.073 -0.39 1.2424, 2.073 -0.4055 1.2287, 2.073 -0.3726 1.2424, 2.073 -0.3725 1.2287, 2.073 -0.3582 1.2438, 2.073 -0.3523 1.2311, 2.073 -0.3477 1.2473, 2.073 -0.3386 1.2364, 2.073 -0.3396 1.2524, 2.073 -0.3258 1.2455, 2.073 -0.3368 1.2549, 2.073 -0.3306 1.2628, 2.073 -0.3176 1.2551, 2.073 -0.3265 1.2718, 2.073 -0.3114 1.2674, 2.073 -0.3243 1.283, 2.073 -0.3082 1.2812, 2.073 -0.324 1.2898, 2.073 -0.3077 1.2903, 2.073 -0.3254 1.3034, 2.073 -0.3091 1.3044, 2.073 -0.3286 1.3126, 2.073 -0.3132 1.3163, 2.073 -0.3331 1.3195, 2.073 -0.3202 1.3272, 2.073 -0.3372 1.3237, 2.073 -0.3258 1.3329, 2.073 -0.3462 1.3296, 2.073 -0.3366 1.3405, 2.073 -0.3509 1.3463, 2.0726 -0.3725 1.2287, 2.0726 -0.4055 1.2287, 2.0726 -0.3523 1.2311, 2.0726 -0.3386 1.2364, 2.0726 -0.3258 1.2455, 2.0726 -0.3176 1.2551, 2.0726 -0.3114 1.2674, 2.0726 -0.3082 1.2812, 2.0726 -0.3077 1.2903, 2.0726 -0.3091 1.3044, 2.0726 -0.3132 1.3163, 2.0726 -0.3202 1.3272, 2.0726 -0.3258 1.3329, 2.0726 -0.3366 1.3405, 2.0726 -0.3509 1.3463, 2.0726 -0.369 1.3488, 2.0726 -0.3712 1.3488, 2.0726 -0.4055 1.3488, 2.0726 -0.3718 1.335, 2.0726 -0.39 1.335, 2.0726 -0.39 1.2424, 2.0726 -0.3726 1.2424, 2.0726 -0.3368 1.2549, 2.0726 -0.3396 1.2524, 2.0726 -0.3477 1.2473, 2.0726 -0.3582 1.2438, 2.0726 -0.324 1.2898, 2.0726 -0.3243 1.283, 2.0726 -0.3265 1.2718, 2.0726 -0.3306 1.2628, 2.0726 -0.3372 1.3237, 2.0726 -0.3331 1.3195, 2.0726 -0.3286 1.3126, 2.0726 -0.3254 1.3034, 2.0726 -0.3567 1.3333, 2.0726 -0.3462 1.3296
            ]
        }
        coordIndex [
            0,1,2,-1,2,1,3,-1,4,0,5,-1,5,0,2,-1,6,4,7,-1,7,4,5,-1,8,6,9,-1,9,6,7,-1,10,8,11,-1,11,8,9,-1,1,10,3,-1,3,10,11,-1,6,8,4,-1,4,8,10,-1,4,10,0,-1,0,10,1,-1,12,13,14,-1,15,16,17,-1,17,16,18,-1,17,19,15,-1,15,19,20,-1,15,20,14,-1,14,20,21,-1,14,21,12,-1,22,13,23,-1,23,13,12,-1,22,23,24,-1,22,24,25,-1,24,26,25,-1,25,26,27,-1,25,27,28,-1,28,27,29,-1,28,29,30,-1,30,29,31,-1,30,31,32,-1,32,31,33,-1,32,33,34,-1,34,33,35,-1,34,35,36,-1,36,35,37,-1,36,37,38,-1,38,37,39,-1,38,39,40,-1,40,39,41,-1,40,41,42,-1,42,41,43,-1,42,43,44,-1,44,43,45,-1,44,45,46,-1,46,45,47,-1,46,47,48,-1,48,47,49,-1,48,49,50,-1,50,49,51,-1,50,51,52,-1,52,51,53,-1,52,53,54,-1,54,53,55,-1,54,55,56,-1,56,55,57,-1,56,57,58,-1,58,57,59,-1,58,59,60,-1,60,59,61,-1,60,61,62,-1,63,64,65,-1,62,61,66,-1,62,66,67,-1,67,66,68,-1,67,68,65,-1,65,68,69,-1,65,69,63,-1,70,64,71,-1,71,64,63,-1,72,73,74,-1,70,71,75,-1,70,75,76,-1,75,77,76,-1,76,77,78,-1,76,78,74,-1,74,78,79,-1,74,79,72,-1,73,72,80,-1,73,80,81,-1,80,82,81,-1,81,82,83,-1,81,83,84,-1,84,83,85,-1,84,85,86,-1,86,85,87,-1,86,87,88,-1,88,87,89,-1,88,89,90,-1,90,89,91,-1,90,91,92,-1,91,93,92,-1,92,93,94,-1,92,94,95,-1,95,94,96,-1,95,96,97,-1,97,96,98,-1,97,98,99,-1,99,98,100,-1,99,100,101,-1,100,102,101,-1,101,102,103,-1,101,103,104,-1,104,103,105,-1,104,105,106,-1,18,16,107,-1,106,105,108,-1,106,108,109,-1,109,108,110,-1,109,110,111,-1,111,110,112,-1,111,112,107,-1,107,112,113,-1,107,113,18,-1,65,64,70,-1,56,58,81,-1,40,42,99,-1,48,50,90,-1,81,58,73,-1,65,70,67,-1,99,42,97,-1,90,50,88,-1,58,60,73,-1,73,60,62,-1,73,62,74,-1,74,62,67,-1,74,67,76,-1,76,67,70,-1,81,84,56,-1,56,84,86,-1,56,86,54,-1,54,86,88,-1,54,88,52,-1,52,88,50,-1,99,101,40,-1,40,101,104,-1,40,104,38,-1,38,104,106,-1,38,106,36,-1,36,106,109,-1,36,109,34,-1,34,109,111,-1,34,111,32,-1,32,111,107,-1,32,107,30,-1,30,107,16,-1,30,16,28,-1,28,16,15,-1,28,15,25,-1,25,15,14,-1,25,14,22,-1,22,14,13,-1,42,44,97,-1,97,44,46,-1,97,46,95,-1,95,46,48,-1,95,48,92,-1,92,48,90,-1,114,115,116,-1,116,115,117,-1,118,119,120,-1,120,119,114,-1,120,114,116,-1,121,119,122,-1,122,119,118,-1,123,124,125,-1,125,124,121,-1,125,121,122,-1,126,124,127,-1,127,124,123,-1,128,129,130,-1,130,129,126,-1,130,126,127,-1,131,129,132,-1,132,129,128,-1,133,134,135,-1,135,134,131,-1,135,131,132,-1,136,134,137,-1,137,134,133,-1,138,139,140,-1,140,139,136,-1,140,136,137,-1,141,139,142,-1,142,139,138,-1,117,115,143,-1,143,115,141,-1,143,141,142,-1,134,136,131,-1,131,136,139,-1,131,139,129,-1,115,114,141,-1,141,114,119,-1,141,119,121,-1,124,126,121,-1,121,126,129,-1,121,129,141,-1,141,129,139,-1,144,145,146,-1,146,145,147,-1,146,147,148,-1,148,147,149,-1,148,149,150,-1,150,149,151,-1,150,151,152,-1,152,151,153,-1,152,153,154,-1,154,153,155,-1,154,155,156,-1,156,155,157,-1,156,157,158,-1,158,157,159,-1,158,159,160,-1,160,159,161,-1,161,159,162,-1,161,162,163,-1,163,162,164,-1,163,164,165,-1,165,164,166,-1,165,166,167,-1,167,166,168,-1,167,168,169,-1,169,168,170,-1,169,170,171,-1,171,170,172,-1,171,172,173,-1,173,172,174,-1,173,174,175,-1,175,174,176,-1,175,176,177,-1,177,176,178,-1,177,178,144,-1,144,178,179,-1,144,179,145,-1,153,151,180,-1,180,151,181,-1,153,180,182,-1,153,182,155,-1,155,182,183,-1,155,183,157,-1,157,183,184,-1,157,184,159,-1,159,184,185,-1,159,185,162,-1,162,185,186,-1,162,186,164,-1,164,186,187,-1,164,187,166,-1,166,187,188,-1,166,188,168,-1,168,188,189,-1,168,189,170,-1,170,189,190,-1,170,190,172,-1,172,190,191,-1,172,191,174,-1,174,191,192,-1,174,192,176,-1,176,192,193,-1,176,193,178,-1,178,193,194,-1,178,194,179,-1,179,194,195,-1,179,195,145,-1,145,195,196,-1,145,196,147,-1,149,147,197,-1,197,147,196,-1,151,149,181,-1,181,149,197,-1,146,148,198,-1,198,148,199,-1,148,150,199,-1,199,150,200,-1,150,152,200,-1,200,152,201,-1,160,202,203,-1,160,203,158,-1,158,203,204,-1,158,204,156,-1,156,204,205,-1,156,205,154,-1,154,205,201,-1,154,201,152,-1,167,206,207,-1,167,207,165,-1,165,207,208,-1,165,208,163,-1,163,208,209,-1,163,209,161,-1,161,209,202,-1,161,202,160,-1,175,210,211,-1,175,211,173,-1,173,211,212,-1,173,212,171,-1,171,212,213,-1,171,213,169,-1,169,213,206,-1,169,206,167,-1,146,198,214,-1,146,214,144,-1,144,214,215,-1,144,215,177,-1,177,215,210,-1,177,210,175,-1,
        ]
    }
}
Shape{
    appearance Appearance {
        material  Material 	{
            diffuseColor 0.7529411764705882 0.7529411764705882 0.7529411764705882
            specularColor 0.3764705882352941 0.3764705882352941 0.3764705882352941
            ambientIntensity 0.7529
            transparency 0.0
            shininess 0.5
        }
    }
    geometry IndexedFaceSet {
        ccw TRUE
        solid FALSE
        coord DEF co Coordinate {
            point [
                2.0726 -0.39 1.335, 2.0726 -0.39 1.2424, 2.0726 -0.3718 1.335, 2.0726 -0.3726 1.2424, 2.0726 -0.3582 1.2438, 2.0726 -0.3477 1.2473, 2.0726 -0.3396 1.2524, 2.0726 -0.3368 1.2549, 2.0726 -0.3306 1.2628, 2.0726 -0.3265 1.2718, 2.0726 -0.3243 1.283, 2.0726 -0.324 1.2898, 2.0726 -0.3254 1.3034, 2.0726 -0.3286 1.3126, 2.0726 -0.3331 1.3195, 2.0726 -0.3372 1.3237, 2.0726 -0.3567 1.3333, 2.0726 -0.3462 1.3296
            ]
        }
        coordIndex [
            0,1,2,-1,2,1,3,-1,2,3,4,-1,4,5,2,-1,2,5,6,-1,2,6,7,-1,7,8,2,-1,2,8,9,-1,2,9,10,-1,10,11,2,-1,2,11,12,-1,2,12,13,-1,13,14,2,-1,2,14,15,-1,2,15,16,-1,16,15,17,-1,
        ]
    }
}
Shape{
    appearance Appearance {
        material  Material 	{
            diffuseColor 0.0 0.0 0.0
            specularColor 0.0 0.0 0.0
            ambientIntensity 0.0
            transparency 0.0
            shininess 0.5
        }
    }
    geometry IndexedFaceSet {
        ccw TRUE
        solid FALSE
        coord DEF co Coordinate {
            point [
                2.073 -0.2675 1.2751, 2.073 -0.2724 1.2615, 2.073 -0.2272 1.2751, 2.073 -0.2224 1.2615, 2.073 -0.2495 1.325, 2.073 -0.2553 1.3488, 2.073 -0.3011 1.2287, 2.073 -0.2839 1.2287, 2.073 -0.2485 1.3286, 2.073 -0.2475 1.3334, 2.073 -0.2387 1.3488, 2.073 -0.2472 1.3334, 2.073 -0.2462 1.3284, 2.073 -0.2453 1.325, 2.073 -0.193 1.2287, 2.073 -0.2101 1.2287, 2.0726 -0.2387 1.3488, 2.0726 -0.193 1.2287, 2.0726 -0.2553 1.3488, 2.0726 -0.3011 1.2287, 2.0726 -0.2664 1.3196, 2.0726 -0.2839 1.2287, 2.0726 -0.2724 1.2615, 2.0726 -0.2224 1.2615, 2.0726 -0.2664 1.2615, 2.0726 -0.2101 1.2287, 2.0726 -0.2675 1.2751, 2.0726 -0.2272 1.2751, 2.0726 -0.2453 1.325, 2.0726 -0.2472 1.3334, 2.0726 -0.2462 1.3284, 2.0726 -0.2475 1.3334, 2.0726 -0.2495 1.325, 2.0726 -0.2485 1.3286
            ]
        }
        coordIndex [
            0,1,2,-1,2,1,3,-1,4,5,0,-1,0,5,6,-1,0,6,1,-1,1,6,7,-1,4,8,5,-1,5,8,9,-1,5,9,10,-1,10,9,11,-1,10,11,12,-1,12,13,10,-1,10,13,2,-1,10,2,14,-1,14,2,3,-1,14,3,15,-1,10,14,16,-1,16,14,17,-1,5,10,18,-1,18,10,16,-1,19,6,20,-1,20,6,5,-1,20,5,18,-1,7,6,21,-1,21,6,19,-1,1,7,22,-1,22,7,21,-1,23,3,24,-1,24,3,1,-1,24,1,22,-1,15,3,25,-1,25,3,23,-1,14,15,17,-1,17,15,25,-1,0,2,26,-1,26,2,27,-1,2,13,27,-1,27,13,28,-1,11,29,30,-1,11,30,12,-1,12,30,28,-1,12,28,13,-1,11,9,29,-1,29,9,31,-1,4,32,33,-1,4,33,8,-1,8,33,31,-1,8,31,9,-1,4,0,32,-1,32,0,26,-1,
        ]
    }
}
Shape{
    appearance Appearance {
        material  Material 	{
            diffuseColor 0.7529411764705882 0.7529411764705882 0.7529411764705882
            specularColor 0.3764705882352941 0.3764705882352941 0.3764705882352941
            ambientIntensity 0.7529
            transparency 0.0
            shininess 0.5
        }
    }
    geometry IndexedFaceSet {
        ccw TRUE
        solid FALSE
        coord DEF co Coordinate {
            point [
                2.0726 -0.2472 1.3334, 2.0726 -0.2475 1.3334, 2.0726 -0.2462 1.3284, 2.0726 -0.2485 1.3286, 2.0726 -0.2453 1.325, 2.0726 -0.2495 1.325, 2.0726 -0.2272 1.2751, 2.0726 -0.2675 1.2751
            ]
        }
        coordIndex [
            0,1,2,-1,2,1,3,-1,2,3,4,-1,4,3,5,-1,4,5,6,-1,6,5,7,-1,
        ]
    }
}
Shape{
    appearance Appearance {
        material  Material 	{
            diffuseColor 0.0 0.0 0.0
            specularColor 0.0 0.0 0.0
            ambientIntensity 0.0
            transparency 0.0
            shininess 0.5
        }
    }
    geometry IndexedFaceSet {
        ccw TRUE
        solid FALSE
        coord DEF co Coordinate {
            point [
                2.073 -0.6104 1.0518, 2.073 -0.6104 1.0382, 2.0726 -0.6104 1.0518, 2.0726 -0.6104 1.0382, 2.073 -0.6595 1.0518, 2.0726 -0.6595 1.0518, 2.073 -0.6595 1.0922, 2.0726 -0.6595 1.0922, 2.073 -0.6165 1.0922, 2.0726 -0.6165 1.0922, 2.073 -0.6165 1.106, 2.0726 -0.6165 1.106, 2.073 -0.6595 1.106, 2.0726 -0.6595 1.106, 2.073 -0.6595 1.1444, 2.0726 -0.6595 1.1444, 2.073 -0.6131 1.1444, 2.0726 -0.6131 1.1444, 2.073 -0.6131 1.1583, 2.0726 -0.6131 1.1583, 2.073 -0.675 1.1583, 2.0726 -0.675 1.1583, 2.073 -0.675 1.0382, 2.0726 -0.675 1.0382, 2.073 -0.5425 1.0514, 2.073 -0.5421 1.0514, 2.073 -0.5431 1.0653, 2.073 -0.5421 1.072, 2.073 -0.5271 1.0934, 2.073 -0.5421 1.073, 2.073 -0.5421 1.0812, 2.073 -0.5421 1.0382, 2.073 -0.5271 1.0382, 2.073 -0.5797 1.086, 2.073 -0.5747 1.0748, 2.073 -0.571 1.0765, 2.073 -0.5453 1.0599, 2.073 -0.5486 1.0555, 2.073 -0.5449 1.0478, 2.073 -0.5505 1.0536, 2.073 -0.5496 1.0427, 2.073 -0.5547 1.0508, 2.073 -0.5549 1.0392, 2.073 -0.5593 1.0491, 2.073 -0.561 1.037, 2.073 -0.5649 1.0485, 2.073 -0.5688 1.0361, 2.073 -0.57 1.049, 2.073 -0.5778 1.0372, 2.073 -0.5734 1.0503, 2.073 -0.5836 1.0393, 2.073 -0.5764 1.0523, 2.073 -0.5886 1.0429, 2.073 -0.5777 1.0536, 2.073 -0.5675 1.0891, 2.073 -0.5622 1.0785, 2.073 -0.5421 1.0927, 2.073 -0.5876 1.1179, 2.073 -0.5876 1.1033, 2.073 -0.583 1.1205, 2.073 -0.5775 1.1097, 2.073 -0.5716 1.1245, 2.073 -0.5681 1.1128, 2.073 -0.5581 1.1259, 2.073 -0.5595 1.1137, 2.073 -0.5482 1.1249, 2.073 -0.5544 1.1131, 2.073 -0.5421 1.1229, 2.073 -0.5509 1.1119, 2.073 -0.5372 1.1199, 2.073 -0.5482 1.1102, 2.073 -0.5341 1.117, 2.073 -0.546 1.1078, 2.073 -0.5309 1.1123, 2.073 -0.5442 1.1047, 2.073 -0.5285 1.1058, 2.073 -0.5426 1.0993, 2.073 -0.5768 1.0732, 2.073 -0.5859 1.0827, 2.073 -0.5786 1.071, 2.073 -0.5903 1.0786, 2.073 -0.5799 1.0682, 2.073 -0.5934 1.0737, 2.073 -0.5806 1.0647, 2.073 -0.5953 1.0682, 2.073 -0.5807 1.0623, 2.073 -0.596 1.0611, 2.073 -0.5804 1.0589, 2.073 -0.5953 1.0543, 2.073 -0.5794 1.0562, 2.073 -0.5934 1.0492, 2.073 -0.5903 1.0446, 2.0726 -0.5581 1.1259, 2.0726 -0.5716 1.1245, 2.0726 -0.583 1.1205, 2.0726 -0.5876 1.1179, 2.0726 -0.5876 1.1033, 2.0726 -0.5775 1.1097, 2.0726 -0.5681 1.1128, 2.0726 -0.5595 1.1137, 2.0726 -0.5544 1.1131, 2.0726 -0.5509 1.1119, 2.0726 -0.5482 1.1102, 2.0726 -0.546 1.1078, 2.0726 -0.5442 1.1047, 2.0726 -0.5426 1.0993, 2.0726 -0.5421 1.0927, 2.0726 -0.5675 1.0891, 2.0726 -0.5797 1.086, 2.0726 -0.5859 1.0827, 2.0726 -0.5903 1.0786, 2.0726 -0.5934 1.0737, 2.0726 -0.5953 1.0682, 2.0726 -0.596 1.0611, 2.0726 -0.5953 1.0543, 2.0726 -0.5934 1.0492, 2.0726 -0.5903 1.0446, 2.0726 -0.5886 1.0429, 2.0726 -0.5688 1.0361, 2.0726 -0.5775 1.0371, 2.0726 -0.5778 1.0372, 2.0726 -0.5836 1.0393, 2.0726 -0.561 1.037, 2.0726 -0.5606 1.0371, 2.0726 -0.5549 1.0392, 2.0726 -0.5496 1.0427, 2.0726 -0.5449 1.0478, 2.0726 -0.5425 1.0514, 2.0726 -0.5421 1.0514, 2.0726 -0.5421 1.0382, 2.0726 -0.5271 1.0382, 2.0726 -0.5271 1.0934, 2.0726 -0.5285 1.1058, 2.0726 -0.5309 1.1123, 2.0726 -0.5341 1.117, 2.0726 -0.5372 1.1199, 2.0726 -0.5421 1.1229, 2.0726 -0.5482 1.1249, 2.0726 -0.5768 1.0732, 2.0726 -0.5747 1.0748, 2.0726 -0.571 1.0765, 2.0726 -0.5622 1.0785, 2.0726 -0.5807 1.0623, 2.0726 -0.5806 1.0647, 2.0726 -0.5799 1.0682, 2.0726 -0.5786 1.071, 2.0726 -0.5764 1.0523, 2.0726 -0.5777 1.0536, 2.0726 -0.5794 1.0562, 2.0726 -0.5804 1.0589, 2.0726 -0.5649 1.0485, 2.0726 -0.57 1.049, 2.0726 -0.5734 1.0503, 2.0726 -0.5486 1.0555, 2.0726 -0.5505 1.0536, 2.0726 -0.5547 1.0508, 2.0726 -0.5593 1.0491, 2.0726 -0.5421 1.073, 2.0726 -0.5421 1.072, 2.0726 -0.5431 1.0653, 2.0726 -0.5453 1.0599, 2.0726 -0.5421 1.0812
            ]
        }
        coordIndex [
            0,1,2,-1,2,1,3,-1,4,0,5,-1,5,0,2,-1,6,4,7,-1,7,4,5,-1,8,6,9,-1,9,6,7,-1,10,8,11,-1,11,8,9,-1,12,10,13,-1,13,10,11,-1,14,12,15,-1,15,12,13,-1,16,14,17,-1,17,14,15,-1,18,16,19,-1,19,16,17,-1,20,18,21,-1,21,18,19,-1,22,20,23,-1,23,20,21,-1,1,22,3,-1,3,22,23,-1,22,1,0,-1,0,4,22,-1,22,4,6,-1,22,6,20,-1,16,18,14,-1,14,18,20,-1,14,20,12,-1,12,20,6,-1,12,6,10,-1,10,6,8,-1,24,25,26,-1,27,28,29,-1,29,28,30,-1,31,32,25,-1,25,32,28,-1,25,28,26,-1,26,28,27,-1,33,34,35,-1,26,36,24,-1,24,36,37,-1,24,37,38,-1,38,37,39,-1,38,39,40,-1,40,39,41,-1,40,41,42,-1,42,41,43,-1,42,43,44,-1,44,43,45,-1,44,45,46,-1,46,45,47,-1,46,47,48,-1,48,47,49,-1,48,49,50,-1,50,49,51,-1,50,51,52,-1,52,51,53,-1,33,35,54,-1,54,35,55,-1,54,55,56,-1,57,58,59,-1,59,58,60,-1,59,60,61,-1,61,60,62,-1,61,62,63,-1,63,62,64,-1,63,64,65,-1,65,64,66,-1,65,66,67,-1,67,66,68,-1,67,68,69,-1,69,68,70,-1,69,70,71,-1,71,70,72,-1,71,72,73,-1,73,72,74,-1,73,74,75,-1,75,74,76,-1,75,76,28,-1,28,76,56,-1,28,56,30,-1,30,56,55,-1,34,33,77,-1,77,33,78,-1,77,78,79,-1,79,78,80,-1,79,80,81,-1,81,80,82,-1,81,82,83,-1,83,82,84,-1,83,84,85,-1,85,84,86,-1,85,86,87,-1,87,86,88,-1,87,88,89,-1,89,88,90,-1,89,90,53,-1,53,90,91,-1,53,91,52,-1,63,92,93,-1,63,93,61,-1,61,93,94,-1,61,94,59,-1,59,94,95,-1,59,95,57,-1,58,57,96,-1,96,57,95,-1,58,96,97,-1,58,97,60,-1,60,97,98,-1,60,98,62,-1,62,98,99,-1,62,99,64,-1,64,99,100,-1,64,100,66,-1,66,100,101,-1,66,101,68,-1,68,101,102,-1,68,102,70,-1,70,102,103,-1,70,103,72,-1,72,103,104,-1,72,104,74,-1,74,104,105,-1,74,105,76,-1,76,105,106,-1,76,106,56,-1,54,56,107,-1,107,56,106,-1,54,107,108,-1,54,108,33,-1,33,108,109,-1,33,109,78,-1,78,109,110,-1,78,110,80,-1,80,110,111,-1,80,111,82,-1,82,111,112,-1,82,112,84,-1,84,112,113,-1,84,113,86,-1,86,113,114,-1,86,114,88,-1,88,114,115,-1,88,115,90,-1,90,115,116,-1,90,116,91,-1,91,116,117,-1,91,117,52,-1,118,46,119,-1,119,46,48,-1,119,48,120,-1,120,48,50,-1,120,50,121,-1,121,50,52,-1,121,52,117,-1,46,118,122,-1,46,122,44,-1,44,122,123,-1,44,123,42,-1,123,124,42,-1,42,124,125,-1,42,125,40,-1,40,125,126,-1,40,126,38,-1,38,126,127,-1,38,127,24,-1,25,24,128,-1,128,24,127,-1,31,25,129,-1,129,25,128,-1,32,31,130,-1,130,31,129,-1,28,32,131,-1,131,32,130,-1,28,131,132,-1,28,132,75,-1,75,132,133,-1,75,133,73,-1,73,133,134,-1,73,134,71,-1,71,134,135,-1,71,135,69,-1,69,135,136,-1,69,136,67,-1,67,136,137,-1,67,137,65,-1,65,137,92,-1,65,92,63,-1,77,138,139,-1,77,139,34,-1,34,139,140,-1,34,140,35,-1,35,140,141,-1,35,141,55,-1,85,142,143,-1,85,143,83,-1,83,143,144,-1,83,144,81,-1,81,144,145,-1,81,145,79,-1,79,145,138,-1,79,138,77,-1,51,146,147,-1,51,147,53,-1,53,147,148,-1,53,148,89,-1,89,148,149,-1,89,149,87,-1,87,149,142,-1,87,142,85,-1,45,150,151,-1,45,151,47,-1,47,151,152,-1,47,152,49,-1,49,152,146,-1,49,146,51,-1,37,153,154,-1,37,154,39,-1,39,154,155,-1,39,155,41,-1,41,155,156,-1,41,156,43,-1,43,156,150,-1,43,150,45,-1,29,157,158,-1,29,158,27,-1,27,158,159,-1,27,159,26,-1,26,159,160,-1,26,160,36,-1,36,160,153,-1,36,153,37,-1,29,30,157,-1,157,30,161,-1,30,55,161,-1,161,55,141,-1,
        ]
    }
}
Shape{
    appearance Appearance {
        material  Material 	{
            diffuseColor 0.7529411764705882 0.7529411764705882 0.7529411764705882
            specularColor 0.3764705882352941 0.3764705882352941 0.3764705882352941
            ambientIntensity 0.7529
            transparency 0.0
            shininess 0.5
        }
    }
    geometry IndexedFaceSet {
        ccw TRUE
        solid FALSE
        coord DEF co Coordinate {
            point [
                2.0726 -0.5421 1.0812, 2.0726 -0.5622 1.0785, 2.0726 -0.5421 1.073, 2.0726 -0.571 1.0765, 2.0726 -0.5747 1.0748, 2.0726 -0.5768 1.0732, 2.0726 -0.5421 1.072, 2.0726 -0.5431 1.0653, 2.0726 -0.5786 1.071, 2.0726 -0.5453 1.0599, 2.0726 -0.5777 1.0536, 2.0726 -0.5764 1.0523, 2.0726 -0.5505 1.0536, 2.0726 -0.5794 1.0562, 2.0726 -0.5547 1.0508, 2.0726 -0.5593 1.0491, 2.0726 -0.5649 1.0485, 2.0726 -0.5799 1.0682, 2.0726 -0.5806 1.0647, 2.0726 -0.5486 1.0555, 2.0726 -0.5807 1.0623, 2.0726 -0.5804 1.0589, 2.0726 -0.5734 1.0503, 2.0726 -0.57 1.049
            ]
        }
        coordIndex [
            0,1,2,-1,2,1,3,-1,3,4,2,-1,2,4,5,-1,2,5,6,-1,6,5,7,-1,7,5,8,-1,7,8,9,-1,10,11,12,-1,10,12,13,-1,14,12,15,-1,15,12,16,-1,8,17,9,-1,9,17,18,-1,9,18,19,-1,19,18,20,-1,19,20,12,-1,12,20,21,-1,12,21,13,-1,11,22,12,-1,12,22,23,-1,12,23,16,-1,
        ]
    }
}
Shape{
    appearance Appearance {
        material  Material 	{
            diffuseColor 0.0 0.0 0.0
            specularColor 0.0 0.0 0.0
            ambientIntensity 0.0
            transparency 0.0
            shininess 0.5
        }
    }
    geometry IndexedFaceSet {
        ccw TRUE
        solid FALSE
        coord DEF co Coordinate {
            point [
                2.073 -0.4819 1.0484, 2.0726 -0.4819 1.0484, 2.0726 -0.4914 1.0495, 2.0726 -0.4997 1.0527, 2.073 -0.5008 1.0531, 2.073 -0.4914 1.0495, 2.0726 -0.5008 1.0531, 2.0726 -0.5067 1.0567, 2.073 -0.5067 1.0567, 2.073 -0.5067 1.0412, 2.0726 -0.5067 1.0412, 2.073 -0.4962 1.0375, 2.0726 -0.4997 1.0387, 2.0726 -0.4834 1.0361, 2.073 -0.4834 1.0361, 2.0726 -0.4931 1.0371, 2.0726 -0.4962 1.0375, 2.073 -0.4706 1.0375, 2.0726 -0.4743 1.0371, 2.0726 -0.4706 1.0375, 2.0726 -0.4625 1.0405, 2.073 -0.4625 1.0405, 2.0726 -0.4584 1.0429, 2.073 -0.4584 1.0429, 2.0726 -0.4541 1.0467, 2.073 -0.4541 1.0467, 2.0726 -0.4513 1.0507, 2.073 -0.4513 1.0507, 2.0726 -0.4495 1.0554, 2.073 -0.4495 1.0554, 2.0726 -0.4488 1.0615, 2.073 -0.4488 1.0615, 2.0726 -0.4494 1.0671, 2.073 -0.4494 1.0671, 2.0726 -0.451 1.0715, 2.073 -0.451 1.0715, 2.0726 -0.4538 1.0757, 2.073 -0.4538 1.0757, 2.0726 -0.4574 1.0789, 2.073 -0.4574 1.0789, 2.0726 -0.4674 1.0844, 2.073 -0.4674 1.0844, 2.0726 -0.4732 1.0868, 2.073 -0.4732 1.0868, 2.0726 -0.4825 1.0908, 2.073 -0.4825 1.0908, 2.0726 -0.4878 1.0942, 2.073 -0.4878 1.0942, 2.0726 -0.4893 1.0958, 2.073 -0.4893 1.0958, 2.0726 -0.4904 1.0978, 2.073 -0.4904 1.0978, 2.0726 -0.491 1.1001, 2.073 -0.491 1.1001, 2.0726 -0.4911 1.1021, 2.073 -0.4911 1.1021, 2.0726 -0.4908 1.1045, 2.073 -0.4908 1.1045, 2.0726 -0.4901 1.1066, 2.073 -0.4901 1.1066, 2.0726 -0.4888 1.1085, 2.073 -0.4888 1.1085, 2.0726 -0.4865 1.1105, 2.073 -0.4865 1.1105, 2.0726 -0.4831 1.1123, 2.073 -0.4831 1.1123, 2.0726 -0.4791 1.1133, 2.073 -0.4791 1.1133, 2.0726 -0.4747 1.1137, 2.073 -0.4747 1.1137, 2.0726 -0.4638 1.1123, 2.073 -0.4638 1.1123, 2.0726 -0.4553 1.1089, 2.073 -0.4553 1.1089, 2.0726 -0.4529 1.1075, 2.073 -0.4529 1.1075, 2.073 -0.4529 1.1221, 2.0726 -0.4529 1.1221, 2.0726 -0.464 1.1252, 2.073 -0.464 1.1252, 2.0726 -0.4732 1.1259, 2.073 -0.4732 1.1259, 2.0726 -0.4851 1.1245, 2.073 -0.4851 1.1245, 2.0726 -0.4932 1.1214, 2.073 -0.4932 1.1214, 2.0726 -0.497 1.1191, 2.073 -0.497 1.1191, 2.073 -0.5014 1.1151, 2.0726 -0.4997 1.1166, 2.0726 -0.5014 1.1151, 2.0726 -0.5042 1.111, 2.073 -0.5042 1.111, 2.0726 -0.506 1.1062, 2.073 -0.506 1.1062, 2.0726 -0.5066 1.1008, 2.073 -0.5066 1.1008, 2.0726 -0.506 1.0949, 2.073 -0.506 1.0949, 2.0726 -0.5043 1.0903, 2.073 -0.5043 1.0903, 2.0726 -0.5023 1.0872, 2.073 -0.5023 1.0872, 2.0726 -0.4838 1.0759, 2.073 -0.4838 1.0759, 2.073 -0.4928 1.08, 2.0726 -0.4999 1.0846, 2.073 -0.4999 1.0846, 2.0726 -0.4997 1.0845, 2.0726 -0.4928 1.08, 2.0726 -0.4739 1.0717, 2.073 -0.4739 1.0717, 2.0726 -0.4681 1.0682, 2.073 -0.4681 1.0682, 2.0726 -0.4662 1.0662, 2.073 -0.4662 1.0662, 2.0726 -0.465 1.0642, 2.073 -0.465 1.0642, 2.0726 -0.4643 1.0619, 2.073 -0.4643 1.0619, 2.0726 -0.4642 1.06, 2.073 -0.4642 1.06, 2.0726 -0.4645 1.0571, 2.073 -0.4645 1.0571, 2.0726 -0.4653 1.055, 2.073 -0.4653 1.055, 2.0726 -0.4666 1.0531, 2.073 -0.4666 1.0531, 2.0726 -0.4683 1.0515, 2.073 -0.4683 1.0515, 2.0726 -0.4697 1.0507, 2.073 -0.4697 1.0507, 2.0726 -0.4736 1.0493, 2.073 -0.4736 1.0493, 2.0726 -0.4813 1.0484, 2.073 -0.4813 1.0484, 2.073 -0.3742 1.1239, 2.073 -0.3586 1.1239, 2.0726 -0.3742 1.1239, 2.0726 -0.3586 1.1239, 2.073 -0.3976 1.0593, 2.0726 -0.3976 1.0593, 2.0726 -0.3988 1.0553, 2.073 -0.3988 1.0553, 2.0726 -0.3995 1.0524, 2.073 -0.3995 1.0524, 2.073 -0.3998 1.0524, 2.0726 -0.3998 1.0524, 2.073 -0.4017 1.0595, 2.0726 -0.4017 1.0595, 2.0726 -0.4241 1.1239, 2.073 -0.4241 1.1239, 2.0726 -0.4168 1.103, 2.073 -0.4409 1.1239, 2.0726 -0.4409 1.1239, 2.0726 -0.4073 1.0383, 2.073 -0.4073 1.0383, 2.0726 -0.4168 1.0627, 2.0726 -0.4139 1.0227, 2.073 -0.4139 1.0227, 2.0726 -0.4078 1.0371, 2.0726 -0.4168 1.0173, 2.073 -0.4168 1.0173, 2.0726 -0.4168 1.0173, 2.073 -0.4196 1.0142, 2.0726 -0.4196 1.0142, 2.0726 -0.4224 1.0123, 2.073 -0.4224 1.0123, 2.0726 -0.4257 1.011, 2.073 -0.4257 1.011, 2.0726 -0.4293 1.0106, 2.073 -0.4293 1.0106, 2.0726 -0.4347 1.0114, 2.073 -0.4347 1.0114, 2.0726 -0.4378 1.0124, 2.073 -0.4378 1.0124, 2.073 -0.4378 0.999, 2.0726 -0.4378 0.999, 2.0726 -0.4314 0.9979, 2.073 -0.4314 0.9979, 2.0726 -0.4281 0.9977, 2.073 -0.4281 0.9977, 2.0726 -0.422 0.9984, 2.0726 -0.4168 1.0004, 2.073 -0.4161 1.0007, 2.073 -0.422 0.9984, 2.0726 -0.4161 1.0007, 2.0726 -0.4109 1.0044, 2.073 -0.4109 1.0044, 2.0726 -0.4098 1.0053, 2.073 -0.4098 1.0053, 2.0726 -0.4043 1.0119, 2.073 -0.4043 1.0119, 2.0726 -0.3975 1.0252, 2.073 -0.3975 1.0252, 2.0726 -0.3928 1.0371, 2.073 -0.2778 1.0518, 2.073 -0.2778 1.0382, 2.0726 -0.2778 1.0518, 2.0726 -0.2778 1.0382, 2.0726 -0.3269 1.0518, 2.073 -0.3269 1.0518, 2.0726 -0.3044 1.0518, 2.073 -0.3269 1.0922, 2.0726 -0.3269 1.0922, 2.0726 -0.2839 1.0922, 2.073 -0.2839 1.0922, 2.0726 -0.3044 1.0922, 2.073 -0.2839 1.106, 2.0726 -0.2839 1.106, 2.0726 -0.3269 1.106, 2.073 -0.3269 1.106, 2.0726 -0.3044 1.106, 2.073 -0.3269 1.1444, 2.0726 -0.3269 1.1444, 2.0726 -0.2805 1.1444, 2.073 -0.2805 1.1444, 2.0726 -0.3044 1.1444, 2.073 -0.2805 1.1583, 2.0726 -0.2805 1.1583, 2.0726 -0.3424 1.1583, 2.073 -0.3424 1.1583, 2.0726 -0.3044 1.1583, 2.073 -0.3424 1.0382, 2.0726 -0.3424 1.0382, 2.0726 -0.3044 1.0382, 2.073 -0.2063 1.1428, 2.073 -0.2186 1.1582, 2.073 -0.2214 1.1444, 2.073 -0.2208 1.1583, 2.073 -0.2396 1.1444, 2.073 -0.2551 1.1583, 2.073 -0.2396 1.0518, 2.073 -0.2551 1.0382, 2.073 -0.2221 1.0518, 2.073 -0.2221 1.0382, 2.073 -0.2078 1.0533, 2.073 -0.2019 1.0406, 2.073 -0.1973 1.0568, 2.073 -0.1882 1.0459, 2.073 -0.1892 1.0619, 2.073 -0.1754 1.055, 2.073 -0.1864 1.0644, 2.073 -0.1802 1.0723, 2.073 -0.1672 1.0646, 2.073 -0.1761 1.0813, 2.073 -0.161 1.0769, 2.073 -0.1739 1.0925, 2.073 -0.1578 1.0907, 2.073 -0.1736 1.0993, 2.073 -0.1573 1.0997, 2.073 -0.175 1.1129, 2.073 -0.1587 1.1139, 2.073 -0.1782 1.122, 2.073 -0.1628 1.1258, 2.073 -0.1827 1.129, 2.073 -0.1698 1.1367, 2.073 -0.1868 1.1331, 2.073 -0.1754 1.1424, 2.073 -0.1958 1.1391, 2.073 -0.1862 1.15, 2.073 -0.2005 1.1557, 2.0726 -0.2221 1.0382, 2.0726 -0.2551 1.0382, 2.0726 -0.2019 1.0406, 2.0726 -0.1882 1.0459, 2.0726 -0.1754 1.055, 2.0726 -0.1672 1.0646, 2.0726 -0.161 1.0769, 2.0726 -0.1578 1.0907, 2.0726 -0.1573 1.0997, 2.0726 -0.1587 1.1139, 2.0726 -0.1628 1.1258, 2.0726 -0.1698 1.1367, 2.0726 -0.1754 1.1424, 2.0726 -0.1862 1.15, 2.0726 -0.2005 1.1557, 2.0726 -0.2186 1.1582, 2.0726 -0.2208 1.1583, 2.0726 -0.2551 1.1583, 2.0726 -0.2214 1.1444, 2.0726 -0.2396 1.1444, 2.0726 -0.2396 1.0518, 2.0726 -0.2221 1.0518, 2.0726 -0.1864 1.0644, 2.0726 -0.1892 1.0619, 2.0726 -0.1973 1.0568, 2.0726 -0.2078 1.0533, 2.0726 -0.1736 1.0993, 2.0726 -0.1739 1.0925, 2.0726 -0.1761 1.0813, 2.0726 -0.1802 1.0723, 2.0726 -0.1868 1.1331, 2.0726 -0.1827 1.129, 2.0726 -0.1782 1.122, 2.0726 -0.175 1.1129, 2.0726 -0.2063 1.1428, 2.0726 -0.1958 1.1391
            ]
        }
        coordIndex [
            0,1,2,-1,3,4,2,-1,2,4,5,-1,2,5,0,-1,3,6,4,-1,4,6,7,-1,4,7,8,-1,9,8,10,-1,10,8,7,-1,11,9,12,-1,12,9,10,-1,13,14,15,-1,15,14,11,-1,15,11,16,-1,16,11,12,-1,17,14,18,-1,18,14,13,-1,18,19,17,-1,17,19,20,-1,17,20,21,-1,21,20,22,-1,21,22,23,-1,23,22,24,-1,23,24,25,-1,25,24,26,-1,25,26,27,-1,27,26,28,-1,27,28,29,-1,29,28,30,-1,29,30,31,-1,31,30,32,-1,31,32,33,-1,33,32,34,-1,33,34,35,-1,35,34,36,-1,35,36,37,-1,37,36,38,-1,37,38,39,-1,39,38,40,-1,39,40,41,-1,41,40,42,-1,41,42,43,-1,43,42,44,-1,43,44,45,-1,45,44,46,-1,45,46,47,-1,47,46,48,-1,47,48,49,-1,49,48,50,-1,49,50,51,-1,51,50,52,-1,51,52,53,-1,53,52,54,-1,53,54,55,-1,55,54,56,-1,55,56,57,-1,57,56,58,-1,57,58,59,-1,59,58,60,-1,59,60,61,-1,61,60,62,-1,61,62,63,-1,63,62,64,-1,63,64,65,-1,65,64,66,-1,65,66,67,-1,67,66,68,-1,67,68,69,-1,69,68,70,-1,69,70,71,-1,71,70,72,-1,71,72,73,-1,73,72,74,-1,73,74,75,-1,76,75,77,-1,77,75,74,-1,76,77,78,-1,76,78,79,-1,79,78,80,-1,79,80,81,-1,81,80,82,-1,81,82,83,-1,83,82,84,-1,83,84,85,-1,85,84,86,-1,85,86,87,-1,88,87,89,-1,89,87,86,-1,89,90,88,-1,88,90,91,-1,88,91,92,-1,92,91,93,-1,92,93,94,-1,94,93,95,-1,94,95,96,-1,96,95,97,-1,96,97,98,-1,98,97,99,-1,98,99,100,-1,100,99,101,-1,100,101,102,-1,103,104,105,-1,102,101,106,-1,102,106,107,-1,107,106,108,-1,107,108,105,-1,105,108,109,-1,105,109,103,-1,104,103,110,-1,104,110,111,-1,111,110,112,-1,111,112,113,-1,113,112,114,-1,113,114,115,-1,115,114,116,-1,115,116,117,-1,117,116,118,-1,117,118,119,-1,119,118,120,-1,119,120,121,-1,121,120,122,-1,121,122,123,-1,123,122,124,-1,123,124,125,-1,125,124,126,-1,125,126,127,-1,127,126,128,-1,127,128,129,-1,129,128,130,-1,129,130,131,-1,131,130,132,-1,131,132,133,-1,133,132,134,-1,133,134,135,-1,135,134,1,-1,135,1,0,-1,61,63,85,-1,85,63,83,-1,111,43,104,-1,104,43,45,-1,21,23,127,-1,127,23,25,-1,127,25,125,-1,125,25,27,-1,125,27,123,-1,123,27,29,-1,123,29,121,-1,121,29,31,-1,121,31,119,-1,119,31,33,-1,119,33,117,-1,117,33,35,-1,117,35,115,-1,115,35,37,-1,115,37,113,-1,113,37,39,-1,113,39,111,-1,111,39,41,-1,111,41,43,-1,14,0,11,-1,11,0,5,-1,11,5,9,-1,9,5,4,-1,9,4,8,-1,63,65,83,-1,83,65,67,-1,83,67,81,-1,81,67,69,-1,81,69,79,-1,79,69,71,-1,79,71,76,-1,76,71,73,-1,76,73,75,-1,127,129,21,-1,21,129,131,-1,21,131,17,-1,17,131,133,-1,17,133,14,-1,14,133,135,-1,14,135,0,-1,85,87,61,-1,61,87,88,-1,61,88,59,-1,59,88,92,-1,59,92,57,-1,57,92,94,-1,57,94,55,-1,55,94,96,-1,55,96,53,-1,53,96,98,-1,53,98,51,-1,51,98,100,-1,51,100,49,-1,49,100,102,-1,49,102,47,-1,47,102,107,-1,47,107,45,-1,45,107,105,-1,45,105,104,-1,136,137,138,-1,138,137,139,-1,140,136,141,-1,141,136,138,-1,140,141,142,-1,140,142,143,-1,143,142,144,-1,143,144,145,-1,146,145,147,-1,147,145,144,-1,148,146,149,-1,149,146,147,-1,150,151,152,-1,152,151,148,-1,152,148,149,-1,153,151,154,-1,154,151,150,-1,155,156,157,-1,157,156,153,-1,157,153,154,-1,158,159,160,-1,160,159,156,-1,160,156,155,-1,159,158,161,-1,159,161,162,-1,162,161,163,-1,162,163,164,-1,163,165,164,-1,164,165,166,-1,164,166,167,-1,167,166,168,-1,167,168,169,-1,169,168,170,-1,169,170,171,-1,171,170,172,-1,171,172,173,-1,173,172,174,-1,173,174,175,-1,176,175,177,-1,177,175,174,-1,176,177,178,-1,176,178,179,-1,179,178,180,-1,179,180,181,-1,181,180,182,-1,183,184,182,-1,182,184,185,-1,182,185,181,-1,183,186,184,-1,184,186,187,-1,184,187,188,-1,188,187,189,-1,188,189,190,-1,190,189,191,-1,190,191,192,-1,192,191,193,-1,192,193,194,-1,139,137,195,-1,195,137,194,-1,195,194,193,-1,143,145,194,-1,137,136,194,-1,194,136,140,-1,194,140,143,-1,151,153,148,-1,148,153,156,-1,148,156,146,-1,192,162,190,-1,190,162,164,-1,175,176,173,-1,173,176,179,-1,173,179,171,-1,171,179,181,-1,171,181,169,-1,169,181,185,-1,169,185,167,-1,167,185,184,-1,167,184,164,-1,164,184,188,-1,164,188,190,-1,145,146,194,-1,194,146,156,-1,194,156,192,-1,192,156,159,-1,192,159,162,-1,196,197,198,-1,198,197,199,-1,200,201,202,-1,202,201,196,-1,202,196,198,-1,203,201,204,-1,204,201,200,-1,205,206,207,-1,207,206,203,-1,207,203,204,-1,208,206,209,-1,209,206,205,-1,210,211,212,-1,212,211,208,-1,212,208,209,-1,213,211,214,-1,214,211,210,-1,215,216,217,-1,217,216,213,-1,217,213,214,-1,218,216,219,-1,219,216,215,-1,220,221,222,-1,222,221,218,-1,222,218,219,-1,223,221,224,-1,224,221,220,-1,199,197,225,-1,225,197,223,-1,225,223,224,-1,216,218,213,-1,213,218,221,-1,213,221,211,-1,197,196,223,-1,223,196,201,-1,223,201,203,-1,206,208,203,-1,203,208,211,-1,203,211,223,-1,223,211,221,-1,226,227,228,-1,228,227,229,-1,228,229,230,-1,230,229,231,-1,230,231,232,-1,232,231,233,-1,232,233,234,-1,234,233,235,-1,234,235,236,-1,236,235,237,-1,236,237,238,-1,238,237,239,-1,238,239,240,-1,240,239,241,-1,240,241,242,-1,242,241,243,-1,243,241,244,-1,243,244,245,-1,245,244,246,-1,245,246,247,-1,247,246,248,-1,247,248,249,-1,249,248,250,-1,249,250,251,-1,251,250,252,-1,251,252,253,-1,253,252,254,-1,253,254,255,-1,255,254,256,-1,255,256,257,-1,257,256,258,-1,257,258,259,-1,259,258,260,-1,259,260,226,-1,226,260,261,-1,226,261,227,-1,235,233,262,-1,262,233,263,-1,235,262,264,-1,235,264,237,-1,237,264,265,-1,237,265,239,-1,239,265,266,-1,239,266,241,-1,241,266,267,-1,241,267,244,-1,244,267,268,-1,244,268,246,-1,246,268,269,-1,246,269,248,-1,248,269,270,-1,248,270,250,-1,250,270,271,-1,250,271,252,-1,252,271,272,-1,252,272,254,-1,254,272,273,-1,254,273,256,-1,256,273,274,-1,256,274,258,-1,258,274,275,-1,258,275,260,-1,260,275,276,-1,260,276,261,-1,261,276,277,-1,261,277,227,-1,227,277,278,-1,227,278,229,-1,231,229,279,-1,279,229,278,-1,233,231,263,-1,263,231,279,-1,228,230,280,-1,280,230,281,-1,230,232,281,-1,281,232,282,-1,232,234,282,-1,282,234,283,-1,242,284,285,-1,242,285,240,-1,240,285,286,-1,240,286,238,-1,238,286,287,-1,238,287,236,-1,236,287,283,-1,236,283,234,-1,249,288,289,-1,249,289,247,-1,247,289,290,-1,247,290,245,-1,245,290,291,-1,245,291,243,-1,243,291,284,-1,243,284,242,-1,257,292,293,-1,257,293,255,-1,255,293,294,-1,255,294,253,-1,253,294,295,-1,253,295,251,-1,251,295,288,-1,251,288,249,-1,228,280,296,-1,228,296,226,-1,226,296,297,-1,226,297,259,-1,259,297,292,-1,259,292,257,-1,
        ]
    }
}
Shape{
    appearance Appearance {
        material  Material 	{
            diffuseColor 0.7529411764705882 0.7529411764705882 0.7529411764705882
            specularColor 0.3764705882352941 0.3764705882352941 0.3764705882352941
            ambientIntensity 0.7529
            transparency 0.0
            shininess 0.5
        }
    }
    geometry IndexedFaceSet {
        ccw TRUE
        solid FALSE
        coord DEF co Coordinate {
            point [
                2.0726 -0.2396 1.1444, 2.0726 -0.2396 1.0518, 2.0726 -0.2214 1.1444, 2.0726 -0.2221 1.0518, 2.0726 -0.2078 1.0533, 2.0726 -0.1973 1.0568, 2.0726 -0.1892 1.0619, 2.0726 -0.1864 1.0644, 2.0726 -0.1802 1.0723, 2.0726 -0.1761 1.0813, 2.0726 -0.1739 1.0925, 2.0726 -0.1736 1.0993, 2.0726 -0.175 1.1129, 2.0726 -0.1782 1.122, 2.0726 -0.1827 1.129, 2.0726 -0.1868 1.1331, 2.0726 -0.2063 1.1428, 2.0726 -0.1958 1.1391
            ]
        }
        coordIndex [
            0,1,2,-1,2,1,3,-1,2,3,4,-1,4,5,2,-1,2,5,6,-1,2,6,7,-1,7,8,2,-1,2,8,9,-1,2,9,10,-1,10,11,2,-1,2,11,12,-1,2,12,13,-1,13,14,2,-1,2,14,15,-1,2,15,16,-1,16,15,17,-1,
        ]
    }
}
Shape{
    appearance Appearance {
        material  Material 	{
            diffuseColor 0.0 0.0 0.0
            specularColor 0.0 0.0 0.0
            ambientIntensity 0.0
            transparency 0.0
            shininess 0.5
        }
    }
    geometry IndexedFaceSet {
        ccw TRUE
        solid FALSE
        coord DEF co Coordinate {
            point [
                2.073 -0.1171 1.0846, 2.073 -0.122 1.071, 2.073 -0.0767 1.0846, 2.073 -0.072 1.071, 2.073 -0.0991 1.1345, 2.073 -0.1049 1.1583, 2.073 -0.1506 1.0382, 2.073 -0.1335 1.0382, 2.073 -0.0981 1.1381, 2.073 -0.0971 1.1429, 2.073 -0.0883 1.1583, 2.073 -0.0968 1.1429, 2.073 -0.0958 1.1378, 2.073 -0.0949 1.1345, 2.073 -0.0426 1.0382, 2.073 -0.0597 1.0382, 2.0726 -0.0883 1.1583, 2.0726 -0.0426 1.0382, 2.0726 -0.1049 1.1583, 2.0726 -0.1506 1.0382, 2.0726 -0.1335 1.0382, 2.0726 -0.122 1.071, 2.0726 -0.072 1.071, 2.0726 -0.0597 1.0382, 2.0726 -0.1171 1.0846, 2.0726 -0.0767 1.0846, 2.0726 -0.0949 1.1345, 2.0726 -0.0968 1.1429, 2.0726 -0.0958 1.1378, 2.0726 -0.0971 1.1429, 2.0726 -0.0991 1.1345, 2.0726 -0.0981 1.1381
            ]
        }
        coordIndex [
            0,1,2,-1,2,1,3,-1,4,5,0,-1,0,5,6,-1,0,6,1,-1,1,6,7,-1,4,8,5,-1,5,8,9,-1,5,9,10,-1,10,9,11,-1,10,11,12,-1,12,13,10,-1,10,13,2,-1,10,2,14,-1,14,2,3,-1,14,3,15,-1,10,14,16,-1,16,14,17,-1,5,10,18,-1,18,10,16,-1,6,5,19,-1,19,5,18,-1,7,6,20,-1,20,6,19,-1,1,7,21,-1,21,7,20,-1,3,1,22,-1,22,1,21,-1,15,3,23,-1,23,3,22,-1,14,15,17,-1,17,15,23,-1,0,2,24,-1,24,2,25,-1,2,13,25,-1,25,13,26,-1,11,27,28,-1,11,28,12,-1,12,28,26,-1,12,26,13,-1,11,9,27,-1,27,9,29,-1,4,30,31,-1,4,31,8,-1,8,31,29,-1,8,29,9,-1,4,0,30,-1,30,0,24,-1,
        ]
    }
}
Shape{
    appearance Appearance {
        material  Material 	{
            diffuseColor 0.7529411764705882 0.7529411764705882 0.7529411764705882
            specularColor 0.3764705882352941 0.3764705882352941 0.3764705882352941
            ambientIntensity 0.7529
            transparency 0.0
            shininess 0.5
        }
    }
    geometry IndexedFaceSet {
        ccw TRUE
        solid FALSE
        coord DEF co Coordinate {
            point [
                2.0726 -0.0968 1.1429, 2.0726 -0.0971 1.1429, 2.0726 -0.0958 1.1378, 2.0726 -0.0981 1.1381, 2.0726 -0.0949 1.1345, 2.0726 -0.0991 1.1345, 2.0726 -0.0767 1.0846, 2.0726 -0.1171 1.0846
            ]
        }
        coordIndex [
            0,1,2,-1,2,1,3,-1,2,3,4,-1,4,3,5,-1,4,5,6,-1,6,5,7,-1,
        ]
    }
}
Shape{
    appearance Appearance {
        material  Material 	{
            diffuseColor 0.0 0.0 0.0
            specularColor 0.0 0.0 0.0
            ambientIntensity 0.0
            transparency 0.0
            shininess 0.5
        }
    }
    geometry IndexedFaceSet {
        ccw TRUE
        solid FALSE
        coord DEF co Coordinate {
            point [
                2.073 -1.2054 1.0211, 2.073 -1.1927 1.0054, 2.073 -1.2131 1.0967, 2.073 -1.2281 1.245, 2.073 -1.2091 1.2551, 2.073 -1.2135 1.3077, 2.073 -1.1602 1.3101, 2.073 -1.1337 1.2478, 2.073 -1.1207 1.2748, 2.073 -1.2318 1.1081, 2.073 -1.2248 1.0427, 2.073 -1.214 1.0394, 2.073 -1.1798 1.3118, 2.073 -1.1266 1.0984, 2.073 -1.1187 1.0956, 2.073 -1.0475 1.0753, 2.073 -1.1118 1.091, 2.073 -1.1063 1.0848, 2.073 -0.9279 1.1385, 2.073 -0.9544 1.1838, 2.073 -1.0688 1.124, 2.073 -1.1337 1.0992, 2.073 -1.1421 1.0981, 2.073 -1.1533 1.1505, 2.073 -1.1495 1.0952, 2.073 -1.1722 1.1433, 2.073 -1.1562 1.0905, 2.073 -1.1896 1.1311, 2.073 -1.1596 1.0869, 2.073 -1.2037 1.115, 2.073 -1.164 1.0798, 2.073 -1.1665 1.0718, 2.073 -1.1669 1.0635, 2.073 -1.1019 1.1473, 2.073 -1.1225 1.1524, 2.073 -1.1329 1.153, 2.073 -1.1026 1.0778, 2.073 -1.1006 1.0699, 2.073 -1.0475 1.0668, 2.073 -1.1006 1.0621, 2.073 -1.0479 1.0577, 2.073 -0.8997 1.223, 2.073 -0.8929 1.223, 2.073 -0.8579 1.2691, 2.073 -0.8766 1.221, 2.073 -0.8538 1.2678, 2.073 -0.8617 1.2153, 2.073 -0.8283 1.2552, 2.073 -0.8052 1.2356, 2.073 -1.1427 1.3305, 2.073 -1.1015 1.2977, 2.073 -1.1226 1.3477, 2.073 -1.0787 1.3144, 2.073 -1.1018 1.3606, 2.073 -1.188 1.2601, 2.073 -1.179 1.2606, 2.073 -1.17 1.3113, 2.073 -1.1588 1.2581, 2.073 -1.1397 1.2511, 2.073 -1.0838 1.1376, 2.073 -0.805 1.0762, 2.073 -0.8447 1.1101, 2.073 -0.8282 1.0565, 2.073 -0.8573 1.0998, 2.073 -0.8542 1.0438, 2.073 -0.8724 1.0928, 2.073 -0.8827 1.0377, 2.073 -0.8878 1.0898, 2.073 -0.933 1.0377, 2.073 -0.9262 1.0898, 2.073 -0.9379 1.0385, 2.073 -1.1654 1.0555, 2.073 -1.162 1.0483, 2.073 -0.8485 1.206, 2.073 -0.8387 1.1951, 2.073 -0.7877 1.2113, 2.073 -0.8308 1.1804, 2.073 -0.7773 1.1852, 2.073 -0.8267 1.164, 2.073 -0.7734 1.1573, 2.073 -0.8263 1.1564, 2.073 -0.7773 1.1268, 2.073 -0.8284 1.1398, 2.073 -0.788 1.0998, 2.073 -0.8343 1.1246, 2.073 -0.8437 1.1112, 2.073 -0.904 1.3366, 2.073 -0.9375 1.2974, 2.073 -0.8757 1.3038, 2.073 -0.9182 1.2745, 2.073 -0.905 1.247, 2.073 -1.2618 1.1959, 2.073 -1.3179 1.1817, 2.073 -1.2644 1.1752, 2.073 -1.3182 1.1735, 2.073 -1.2633 1.1619, 2.073 -1.314 1.14, 2.073 -1.2572 1.141, 2.073 -1.3018 1.1082, 2.073 -1.2471 1.1239, 2.073 -1.2823 1.0804, 2.073 -1.2557 1.0577, 2.073 -1.053 1.0367, 2.073 -1.1027 1.0539, 2.073 -1.0631 1.0177, 2.073 -1.1066 1.0466, 2.073 -1.0761 1.0031, 2.073 -1.1113 1.0413, 2.073 -1.0931 0.9913, 2.073 -1.1178 1.0367, 2.073 -1.1122 0.9839, 2.073 -1.1252 1.0337, 2.073 -1.1329 0.9814, 2.073 -1.1337 1.0326, 2.073 -1.1361 0.9814, 2.073 -1.1352 1.0326, 2.073 -1.1563 0.9846, 2.073 -1.1428 1.0339, 2.073 -1.176 0.9928, 2.073 -1.1506 1.0372, 2.073 -1.1571 1.0422, 2.073 -1.0624 1.3758, 2.073 -1.0508 1.3257, 2.073 -1.0201 1.381, 2.073 -1.0193 1.3298, 2.073 -0.985 1.3773, 2.073 -0.9903 1.3262, 2.073 -0.9421 1.3622, 2.073 -0.9635 1.3159, 2.073 -0.9395 1.2993, 2.073 -1.2451 1.2954, 2.073 -1.2723 1.2763, 2.073 -1.2426 1.232, 2.073 -1.278 1.2709, 2.073 -1.2545 1.215, 2.073 -1.2986 1.2445, 2.073 -1.3122 1.2138, 2.073 -0.9305 1.0906, 2.073 -0.951 1.0467, 2.073 -0.949 1.0447, 2.073 -0.9279 1.0901, 2.073 -0.9435 1.0407, 2.073 -0.9578 1.0642, 2.073 -0.957 1.0578, 2.073 -0.9547 1.0521, 2.073 -0.938 1.0898, 2.073 -0.9438 1.0875, 2.073 -0.9576 1.0676, 2.073 -0.9491 1.0838, 2.073 -0.9526 1.0799, 2.073 -0.9559 1.0741, 2.073 -0.9313 1.0907, 2.0726 -0.7734 1.1573, 2.0726 -0.7773 1.1852, 2.0726 -0.7995 1.2277, 2.0726 -0.7802 1.1925, 2.0726 -0.7877 1.2113, 2.0726 -0.8052 1.2356, 2.0726 -0.8283 1.2552, 2.0726 -0.8538 1.2678, 2.0726 -0.8579 1.2691, 2.0726 -0.8757 1.3038, 2.0726 -0.904 1.3366, 2.0726 -0.9236 1.3498, 2.0726 -0.9421 1.3622, 2.0726 -0.985 1.3773, 2.0726 -1.0201 1.381, 2.0726 -1.1226 1.3477, 2.0726 -1.1192 1.3498, 2.0726 -1.1018 1.3606, 2.0726 -1.0624 1.3758, 2.0726 -1.1427 1.3305, 2.0726 -1.1602 1.3101, 2.0726 -1.17 1.3113, 2.0726 -1.1798 1.3118, 2.0726 -1.2135 1.3077, 2.0726 -1.2451 1.2954, 2.0726 -1.2723 1.2763, 2.0726 -1.278 1.2709, 2.0726 -1.3182 1.1735, 2.0726 -1.2986 1.2445, 2.0726 -1.306 1.2277, 2.0726 -1.3122 1.2138, 2.0726 -1.316 1.1925, 2.0726 -1.3179 1.1817, 2.0726 -1.314 1.14, 2.0726 -1.3018 1.1082, 2.0726 -1.2823 1.0804, 2.0726 -1.2557 1.0577, 2.0726 -1.2248 1.0427, 2.0726 -1.214 1.0394, 2.0726 -1.2129 1.0371, 2.0726 -1.2054 1.0211, 2.0726 -1.1927 1.0054, 2.0726 -1.176 0.9928, 2.0726 -1.1682 0.9896, 2.0726 -1.1563 0.9846, 2.0726 -1.1361 0.9814, 2.0726 -1.1329 0.9814, 2.0726 -1.0475 1.0668, 2.0726 -1.1122 0.9839, 2.0726 -1.0975 0.9896, 2.0726 -1.0931 0.9913, 2.0726 -1.0761 1.0031, 2.0726 -1.0631 1.0177, 2.0726 -1.053 1.0367, 2.0726 -1.0529 1.0371, 2.0726 -1.0479 1.0577, 2.0726 -1.0475 1.0753, 2.0726 -0.9279 1.1385, 2.0726 -0.9544 1.1838, 2.0726 -1.0688 1.124, 2.0726 -1.0838 1.1376, 2.0726 -1.1019 1.1473, 2.0726 -1.1225 1.1524, 2.0726 -1.1329 1.153, 2.0726 -1.1533 1.1505, 2.0726 -1.1722 1.1433, 2.0726 -1.1896 1.1311, 2.0726 -1.2037 1.115, 2.0726 -1.2131 1.0967, 2.0726 -1.2318 1.1081, 2.0726 -1.2471 1.1239, 2.0726 -1.2572 1.141, 2.0726 -1.2633 1.1619, 2.0726 -1.2644 1.1752, 2.0726 -1.2622 1.1925, 2.0726 -1.2618 1.1959, 2.0726 -1.2545 1.215, 2.0726 -1.2456 1.2277, 2.0726 -1.2426 1.232, 2.0726 -1.2281 1.245, 2.0726 -1.2091 1.2551, 2.0726 -1.188 1.2601, 2.0726 -1.179 1.2606, 2.0726 -1.1588 1.2581, 2.0726 -1.1397 1.2511, 2.0726 -1.1337 1.2478, 2.0726 -1.1207 1.2748, 2.0726 -1.1015 1.2977, 2.0726 -1.0787 1.3144, 2.0726 -1.0508 1.3257, 2.0726 -1.0193 1.3298, 2.0726 -0.8997 1.223, 2.0726 -0.9008 1.2277, 2.0726 -0.905 1.247, 2.0726 -0.9182 1.2745, 2.0726 -0.9375 1.2974, 2.0726 -0.9395 1.2993, 2.0726 -0.9635 1.3159, 2.0726 -0.9903 1.3262, 2.0726 -0.8929 1.223, 2.0726 -0.8766 1.221, 2.0726 -0.8617 1.2153, 2.0726 -0.8485 1.206, 2.0726 -0.8387 1.1951, 2.0726 -0.8373 1.1925, 2.0726 -0.8308 1.1804, 2.0726 -0.8267 1.164, 2.0726 -0.8263 1.1564, 2.0726 -0.8284 1.1398, 2.0726 -0.8343 1.1246, 2.0726 -0.8437 1.1112, 2.0726 -0.8447 1.1101, 2.0726 -0.8573 1.0998, 2.0726 -0.8724 1.0928, 2.0726 -0.8878 1.0898, 2.0726 -0.9262 1.0898, 2.0726 -0.9279 1.0901, 2.0726 -0.9305 1.0906, 2.0726 -0.9313 1.0907, 2.0726 -0.938 1.0898, 2.0726 -0.9438 1.0875, 2.0726 -0.9491 1.0838, 2.0726 -0.9526 1.0799, 2.0726 -0.9559 1.0741, 2.0726 -0.9576 1.0676, 2.0726 -0.9578 1.0642, 2.0726 -0.957 1.0578, 2.0726 -0.9547 1.0521, 2.0726 -0.951 1.0467, 2.0726 -0.949 1.0447, 2.0726 -0.9435 1.0407, 2.0726 -0.9379 1.0385, 2.0726 -0.933 1.0377, 2.0726 -0.8827 1.0377, 2.0726 -0.8542 1.0438, 2.0726 -0.8282 1.0565, 2.0726 -0.805 1.0762, 2.0726 -0.788 1.0998, 2.0726 -0.7773 1.1268, 2.0726 -1.1337 1.0992, 2.0726 -1.1266 1.0984, 2.0726 -1.1187 1.0956, 2.0726 -1.1118 1.091, 2.0726 -1.1063 1.0848, 2.0726 -1.1026 1.0778, 2.0726 -1.1006 1.0699, 2.0726 -1.1006 1.0621, 2.0726 -1.1027 1.0539, 2.0726 -1.1066 1.0466, 2.0726 -1.1113 1.0413, 2.0726 -1.1178 1.0367, 2.0726 -1.1252 1.0337, 2.0726 -1.1337 1.0326, 2.0726 -1.1352 1.0326, 2.0726 -1.1428 1.0339, 2.0726 -1.1506 1.0372, 2.0726 -1.1571 1.0422, 2.0726 -1.162 1.0483, 2.0726 -1.1654 1.0555, 2.0726 -1.1669 1.0635, 2.0726 -1.1665 1.0718, 2.0726 -1.164 1.0798, 2.0726 -1.1596 1.0869, 2.0726 -1.1562 1.0905, 2.0726 -1.1495 1.0952, 2.0726 -1.1421 1.0981
            ]
        }
        coordIndex [
            0,1,2,-1,3,4,5,-1,6,7,8,-1,9,10,2,-1,2,10,11,-1,2,11,0,-1,5,4,12,-1,13,14,15,-1,15,14,16,-1,15,16,17,-1,18,19,15,-1,15,19,20,-1,15,20,13,-1,13,20,21,-1,22,23,24,-1,24,23,25,-1,24,25,26,-1,26,25,27,-1,26,27,28,-1,28,27,29,-1,28,29,30,-1,30,29,2,-1,30,2,31,-1,31,2,32,-1,33,34,22,-1,22,34,35,-1,22,35,23,-1,17,36,15,-1,15,36,37,-1,15,37,38,-1,38,37,39,-1,38,39,40,-1,41,42,43,-1,43,42,44,-1,43,44,45,-1,45,44,46,-1,45,46,47,-1,47,46,48,-1,6,8,49,-1,49,8,50,-1,49,50,51,-1,51,50,52,-1,51,52,53,-1,4,54,12,-1,12,54,55,-1,12,55,56,-1,56,55,57,-1,56,57,6,-1,6,57,58,-1,6,58,7,-1,21,20,22,-1,22,20,59,-1,22,59,33,-1,60,61,62,-1,62,61,63,-1,62,63,64,-1,64,63,65,-1,64,65,66,-1,66,65,67,-1,66,67,68,-1,68,67,69,-1,68,69,70,-1,32,2,71,-1,71,2,1,-1,71,1,72,-1,46,73,48,-1,48,73,74,-1,48,74,75,-1,75,74,76,-1,75,76,77,-1,77,76,78,-1,77,78,79,-1,79,78,80,-1,79,80,81,-1,81,80,82,-1,81,82,83,-1,83,82,84,-1,83,84,60,-1,60,84,85,-1,60,85,61,-1,86,87,88,-1,88,87,89,-1,88,89,43,-1,43,89,90,-1,43,90,41,-1,91,92,93,-1,93,92,94,-1,93,94,95,-1,95,94,96,-1,95,96,97,-1,97,96,98,-1,97,98,99,-1,99,98,100,-1,99,100,9,-1,9,100,101,-1,9,101,10,-1,40,39,102,-1,102,39,103,-1,102,103,104,-1,104,103,105,-1,104,105,106,-1,106,105,107,-1,106,107,108,-1,108,107,109,-1,108,109,110,-1,110,109,111,-1,110,111,112,-1,112,111,113,-1,112,113,114,-1,114,113,115,-1,114,115,116,-1,116,115,117,-1,116,117,118,-1,118,117,119,-1,118,119,1,-1,1,119,120,-1,1,120,72,-1,53,52,121,-1,121,52,122,-1,121,122,123,-1,123,122,124,-1,123,124,125,-1,125,124,126,-1,125,126,127,-1,127,126,128,-1,127,128,86,-1,86,128,129,-1,86,129,87,-1,5,130,3,-1,3,130,131,-1,3,131,132,-1,132,131,133,-1,132,133,134,-1,134,133,135,-1,134,135,91,-1,91,135,136,-1,91,136,92,-1,137,138,139,-1,69,140,70,-1,70,140,137,-1,70,137,141,-1,141,137,139,-1,142,143,137,-1,137,143,144,-1,137,144,138,-1,145,146,147,-1,146,148,147,-1,147,148,149,-1,147,149,150,-1,142,137,147,-1,147,137,151,-1,147,151,145,-1,79,152,153,-1,154,48,75,-1,79,153,77,-1,77,153,155,-1,77,155,75,-1,75,155,156,-1,75,156,154,-1,154,157,48,-1,48,157,158,-1,48,158,47,-1,47,158,159,-1,47,159,45,-1,45,159,160,-1,45,160,43,-1,43,160,161,-1,43,161,88,-1,88,161,162,-1,88,162,86,-1,127,86,163,-1,163,86,162,-1,163,164,127,-1,127,164,165,-1,127,165,125,-1,125,165,166,-1,125,166,123,-1,167,51,168,-1,168,51,53,-1,168,53,169,-1,169,53,121,-1,169,121,170,-1,170,121,123,-1,170,123,166,-1,51,167,171,-1,51,171,49,-1,49,171,172,-1,49,172,6,-1,6,172,173,-1,6,173,56,-1,56,173,174,-1,56,174,12,-1,12,174,175,-1,12,175,5,-1,5,175,176,-1,5,176,130,-1,130,176,177,-1,130,177,131,-1,131,177,178,-1,131,178,133,-1,179,94,92,-1,133,178,180,-1,133,180,135,-1,135,180,181,-1,135,181,136,-1,181,182,136,-1,136,182,183,-1,136,183,92,-1,92,183,184,-1,92,184,179,-1,94,179,185,-1,94,185,96,-1,96,185,186,-1,96,186,98,-1,98,186,187,-1,98,187,100,-1,100,187,188,-1,100,188,101,-1,101,188,189,-1,101,189,10,-1,10,189,190,-1,10,190,11,-1,11,190,191,-1,11,191,0,-1,191,192,0,-1,0,192,193,-1,0,193,1,-1,1,193,194,-1,1,194,118,-1,118,194,195,-1,118,195,116,-1,195,196,116,-1,116,196,197,-1,116,197,114,-1,114,197,198,-1,114,198,112,-1,199,38,40,-1,112,198,200,-1,112,200,110,-1,110,200,201,-1,110,201,108,-1,201,202,108,-1,108,202,203,-1,108,203,106,-1,106,203,204,-1,106,204,104,-1,104,204,205,-1,104,205,102,-1,102,205,206,-1,102,206,40,-1,40,206,207,-1,40,207,199,-1,15,38,208,-1,208,38,199,-1,18,15,209,-1,209,15,208,-1,19,18,210,-1,210,18,209,-1,20,19,211,-1,211,19,210,-1,20,211,212,-1,20,212,59,-1,59,212,213,-1,59,213,33,-1,33,213,214,-1,33,214,34,-1,34,214,215,-1,34,215,35,-1,35,215,216,-1,35,216,23,-1,23,216,217,-1,23,217,25,-1,25,217,218,-1,25,218,27,-1,27,218,219,-1,27,219,29,-1,29,219,220,-1,29,220,2,-1,2,220,221,-1,2,221,9,-1,9,221,222,-1,9,222,99,-1,99,222,223,-1,99,223,97,-1,97,223,224,-1,97,224,95,-1,95,224,225,-1,95,225,93,-1,91,93,226,-1,226,93,225,-1,226,227,91,-1,91,227,228,-1,91,228,134,-1,134,228,229,-1,134,229,132,-1,229,230,132,-1,132,230,231,-1,132,231,3,-1,3,231,232,-1,3,232,4,-1,4,232,233,-1,4,233,54,-1,54,233,234,-1,54,234,55,-1,55,234,235,-1,55,235,57,-1,57,235,236,-1,57,236,58,-1,58,236,237,-1,58,237,7,-1,7,237,238,-1,7,238,8,-1,8,238,239,-1,8,239,50,-1,50,239,240,-1,50,240,52,-1,52,240,241,-1,52,241,122,-1,122,241,242,-1,122,242,124,-1,243,41,244,-1,244,41,90,-1,244,90,245,-1,245,90,89,-1,245,89,246,-1,246,89,87,-1,246,87,247,-1,247,87,129,-1,247,129,248,-1,248,129,128,-1,248,128,249,-1,249,128,126,-1,249,126,250,-1,250,126,124,-1,250,124,242,-1,42,41,251,-1,251,41,243,-1,42,251,252,-1,42,252,44,-1,44,252,253,-1,44,253,46,-1,46,253,254,-1,46,254,73,-1,73,254,255,-1,73,255,74,-1,74,255,256,-1,74,256,76,-1,256,257,76,-1,76,257,258,-1,76,258,78,-1,78,258,259,-1,78,259,80,-1,80,259,260,-1,80,260,82,-1,82,260,261,-1,82,261,84,-1,84,261,262,-1,84,262,85,-1,85,262,263,-1,85,263,61,-1,61,263,264,-1,61,264,63,-1,63,264,265,-1,63,265,65,-1,65,265,266,-1,65,266,67,-1,69,67,267,-1,267,67,266,-1,69,267,268,-1,69,268,140,-1,140,268,269,-1,140,269,137,-1,137,269,270,-1,137,270,151,-1,151,270,271,-1,151,271,145,-1,145,271,272,-1,145,272,146,-1,146,272,273,-1,146,273,148,-1,148,273,274,-1,148,274,149,-1,149,274,275,-1,149,275,150,-1,150,275,276,-1,150,276,147,-1,147,276,277,-1,147,277,142,-1,142,277,278,-1,142,278,143,-1,143,278,279,-1,143,279,144,-1,144,279,280,-1,144,280,138,-1,138,280,281,-1,138,281,139,-1,139,281,282,-1,139,282,141,-1,141,282,283,-1,141,283,70,-1,70,283,284,-1,70,284,68,-1,66,68,285,-1,285,68,284,-1,66,285,286,-1,66,286,64,-1,64,286,287,-1,64,287,62,-1,62,287,288,-1,62,288,60,-1,60,288,289,-1,60,289,83,-1,83,289,290,-1,83,290,81,-1,81,290,152,-1,81,152,79,-1,21,291,292,-1,21,292,13,-1,13,292,293,-1,13,293,14,-1,14,293,294,-1,14,294,16,-1,16,294,295,-1,16,295,17,-1,17,295,296,-1,17,296,36,-1,36,296,297,-1,36,297,37,-1,37,297,298,-1,37,298,39,-1,39,298,299,-1,39,299,103,-1,103,299,300,-1,103,300,105,-1,105,300,301,-1,105,301,107,-1,107,301,302,-1,107,302,109,-1,109,302,303,-1,109,303,111,-1,111,303,304,-1,111,304,113,-1,113,304,305,-1,113,305,115,-1,115,305,306,-1,115,306,117,-1,117,306,307,-1,117,307,119,-1,119,307,308,-1,119,308,120,-1,120,308,309,-1,120,309,72,-1,72,309,310,-1,72,310,71,-1,71,310,311,-1,71,311,32,-1,32,311,312,-1,32,312,31,-1,31,312,313,-1,31,313,30,-1,30,313,314,-1,30,314,28,-1,28,314,315,-1,28,315,26,-1,26,315,316,-1,26,316,24,-1,24,316,317,-1,24,317,22,-1,22,317,291,-1,22,291,21,-1,
        ]
    }
}
Shape{
    appearance Appearance {
        material  Material 	{
            diffuseColor 0.7529411764705882 0.7529411764705882 0.7529411764705882
            specularColor 0.3764705882352941 0.3764705882352941 0.3764705882352941
            ambientIntensity 0.7529
            transparency 0.0
            shininess 0.5
        }
    }
    geometry IndexedFaceSet {
        ccw TRUE
        solid FALSE
        coord DEF co Coordinate {
            point [
                2.0726 -1.1352 1.0326, 2.0726 -1.1562 1.0905, 2.0726 -1.1596 1.0869, 2.0726 -1.1252 1.0337, 2.0726 -1.1178 1.0367, 2.0726 -1.1266 1.0984, 2.0726 -1.1337 1.0992, 2.0726 -1.1421 1.0981, 2.0726 -1.1495 1.0952, 2.0726 -1.1654 1.0555, 2.0726 -1.162 1.0483, 2.0726 -1.1571 1.0422, 2.0726 -1.1337 1.0326, 2.0726 -1.164 1.0798, 2.0726 -1.1665 1.0718, 2.0726 -1.1669 1.0635, 2.0726 -1.1506 1.0372, 2.0726 -1.1428 1.0339, 2.0726 -1.1113 1.0413, 2.0726 -1.1066 1.0466, 2.0726 -1.1027 1.0539, 2.0726 -1.1006 1.0621, 2.0726 -1.1006 1.0699, 2.0726 -1.1026 1.0778, 2.0726 -1.1063 1.0848, 2.0726 -1.1118 1.091, 2.0726 -1.1187 1.0956
            ]
        }
        coordIndex [
            0,1,2,-1,3,4,5,-1,6,7,0,-1,0,7,8,-1,0,8,1,-1,9,10,2,-1,2,10,11,-1,6,0,5,-1,5,0,12,-1,5,12,3,-1,13,14,2,-1,2,14,15,-1,2,15,9,-1,11,16,2,-1,2,16,17,-1,2,17,0,-1,4,18,5,-1,5,18,19,-1,5,19,20,-1,20,21,5,-1,5,21,22,-1,5,22,23,-1,23,24,5,-1,5,24,25,-1,5,25,26,-1,
        ]
    }
}