#VRML V2.0 utf8
# 3D model generated by easyeda2kicad.py (https://github.com/uPesy/easyeda2kicad.py)

Shape{
    appearance Appearance {
        material  Material 	{
            diffuseColor 0.20784313725490197 0.20784313725490197 0.20784313725490197
            specularColor 0.01568627450980392 0.01568627450980392 0.01568627450980392
            ambientIntensity 0.298
            transparency 0.0
            shininess 0.5
        }
    }
    geometry IndexedFaceSet {
        ccw TRUE
        solid FALSE
        coord DEF co Coordinate {
            point [
                4.2717 -1.4469 4.1339, 2.355 -1.4469 4.1339, 2.355 -1.4469 3.8814, 0.1818 -1.4469 3.6944, 0.1803 -1.4469 3.6943, 0.1976 -1.4469 3.6943, 4.0945 -1.4469 0.4724, 4.2717 -1.4469 0.4724, 4.2717 -1.4469 3.6658, 0.1046 -1.4469 3.8251, 0.1039 -1.4469 3.8271, 0.1039 -1.4469 3.8083, 0.2143 -1.4469 3.8814, 0.1976 -1.4469 3.8814, 0.2059 -1.4469 3.8808, 0.1976 -1.4469 3.8808, 0.2059 -1.4469 3.8726, 0.2075 -1.4469 3.8171, 0.2143 -1.4469 3.8083, 0.2075 -1.4469 3.8089, 0.1976 -1.4469 3.8083, 0.1782 -1.4469 3.8726, 0.1782 -1.4469 3.8496, 0.1976 -1.4469 3.8726, 0.1976 -1.4469 3.8496, 0.2039 -1.4469 3.8496, 0.2039 -1.4469 3.8413, 0.1976 -1.4469 3.8171, 0.1976 -1.4469 3.8413, 0.1782 -1.4469 3.8171, 0.1782 -1.4469 3.8413, 0.1689 -1.4469 3.8808, 0.1647 -1.4469 3.8814, 0.1689 -1.4469 3.8089, 0.2939 -1.4469 3.8089, 0.2837 -1.4469 3.8089, 0.2817 -1.4469 3.8083, 0.3044 -1.4469 3.8083, 0.3044 -1.4469 3.8286, 0.3008 -1.4469 3.8286, 0.3717 -1.4469 3.8083, 0.3484 -1.4469 3.8089, 0.3381 -1.4469 3.8089, 0.2817 -1.4469 3.8814, 0.3044 -1.4469 3.8633, 0.3044 -1.4469 3.8814, 0.311 -1.4469 3.8808, 0.321 -1.4469 3.8808, 0.3717 -1.4469 3.8814, 0.1113 -1.4469 3.8531, 0.1514 -1.4469 3.8195, 0.1136 -1.4469 3.8595, 0.117 -1.4469 3.8646, 0.1104 -1.4469 3.8441, 0.1104 -1.4469 3.8434, 0.1471 -1.4469 3.8175, 0.1389 -1.4469 3.8161, 0.1343 -1.4469 3.8735, 0.1281 -1.4469 3.8722, 0.1514 -1.4469 3.8707, 0.146 -1.4469 3.8727, 0.1375 -1.4469 3.8737, 0.1225 -1.4469 3.8695, 0.1179 -1.4469 3.8657, 0.1115 -1.4469 3.8346, 0.1138 -1.4469 3.8287, 0.1174 -1.4469 3.8236, 0.124 -1.4469 3.8186, 0.1292 -1.4469 3.8167, 0.1359 -1.4469 3.816, 0.1192 -1.4469 3.8219, 0.1976 -1.4469 3.8089, 0.1647 -1.4469 3.8083, 0.1545 -1.4469 3.8694, 0.1533 -1.4469 3.87, 0.1545 -1.4469 3.8208, 0.1448 -1.4469 3.8814, 0.1474 -1.4469 3.8812, 0.1514 -1.4469 3.8814, 0.1514 -1.4469 3.88, 0.1545 -1.4469 3.8791, 0.1381 -1.4469 3.8821, 0.1514 -1.4469 4.1339, 0.1374 -1.4469 3.8821, 0.1039 -1.4469 4.1339, 0.132 -1.4469 3.8814, 0.1039 -1.4469 3.8814, 0.1039 -1.4469 3.8601, 0.106 -1.4469 3.865, 0.1202 -1.4469 3.8782, 0.1278 -1.4469 3.881, 0.111 -1.4469 3.8715, 0.1131 -1.4469 3.8734, 0.1025 -1.4469 3.8571, 0.0995 -1.4469 3.8814, 0.1008 -1.4469 3.8478, 0.1006 -1.4469 3.8435, 0.0995 -1.4469 3.8083, 0.1018 -1.4469 3.8329, 0.122 -1.4469 3.8097, 0.1153 -1.4469 3.813, 0.1099 -1.4469 3.8175, 0.1087 -1.4469 3.8188, 0.1281 -1.4469 3.8083, 0.1039 -1.4469 3.7872, 0.1298 -1.4469 3.808, 0.1346 -1.4469 3.8077, 0.1514 -1.4469 3.7872, 0.1403 -1.4469 3.8083, 0.1545 -1.4469 3.8119, 0.1514 -1.4469 3.8083, 0.1514 -1.4469 3.8108, 0.1464 -1.4469 3.809, 0.1108 -1.4469 3.7195, 0.1121 -1.4469 3.7339, 0.109 -1.4469 3.7169, 0.1077 -1.4469 3.7138, 0.1514 -1.4469 3.6943, 0.1483 -1.4469 3.6949, 0.1393 -1.4469 3.6949, 0.1039 -1.4469 3.6943, 0.1086 -1.4469 3.7015, 0.1075 -1.4469 3.7045, 0.1353 -1.4469 3.7469, 0.1391 -1.4469 3.7457, 0.1421 -1.4469 3.744, 0.1445 -1.4469 3.7417, 0.1136 -1.4469 3.7218, 0.1175 -1.4469 3.7238, 0.1179 -1.4469 3.7376, 0.1241 -1.4469 3.7254, 0.132 -1.4469 3.7398, 0.1289 -1.4469 3.7401, 0.1235 -1.4469 3.7395, 0.1145 -1.4469 3.6956, 0.1115 -1.4469 3.6977, 0.1105 -1.4469 3.6987, 0.1393 -1.4469 3.7028, 0.1391 -1.4469 3.7028, 0.1377 -1.4469 3.7007, 0.1348 -1.4469 3.6976, 0.1463 -1.4469 3.7387, 0.1477 -1.4469 3.7346, 0.1483 -1.4469 3.7279, 0.1071 -1.4469 3.7086, 0.1071 -1.4469 3.7099, 0.1121 -1.4469 3.7426, 0.1145 -1.4469 3.744, 0.1213 -1.4469 3.7465, 0.1298 -1.4469 3.7474, 0.1393 -1.4469 3.7275, 0.139 -1.4469 3.7315, 0.1381 -1.4469 3.7347, 0.137 -1.4469 3.7366, 0.1357 -1.4469 3.738, 0.1341 -1.4469 3.739, 0.1283 -1.4469 3.6943, 0.128 -1.4469 3.6942, 0.1514 -1.4469 3.6658, 0.1039 -1.4469 3.6658, 0.1234 -1.4469 3.6937, 0.1181 -1.4469 3.6943, 0.118 -1.4469 3.6943, 3.503 -1.4469 0.8891, 3.5574 -1.4469 0.8674, 3.248 -1.4469 0.7874, 3.2851 -1.4469 0.8328, 2.355 -1.4469 3.6658, 3.6047 -1.4469 0.8328, 3.6417 -1.4469 0.7874, 3.7091 -1.4469 0.691, 3.1915 -1.4469 0.705, 2.7165 -1.4469 0.4724, 2.7953 -1.4469 0.4724, 3.3323 -1.4469 0.8674, 3.3868 -1.4469 0.8891, 3.4449 -1.4469 0.8965, 3.7718 -1.4469 0.6201, 3.8409 -1.4469 0.5601, 3.9097 -1.4469 0.5173, 3.9702 -1.4469 0.4921, 4.0395 -1.4469 0.4762, 2.3938 -1.4469 0.6201, 2.4629 -1.4469 0.5601, 2.5318 -1.4469 0.5173, 2.9999 -1.4469 0.5281, 3.0643 -1.4469 0.572, 3.128 -1.4469 0.6303, 2.5923 -1.4469 0.4921, 2.6615 -1.4469 0.4762, 2.8659 -1.4469 0.4786, 2.9341 -1.4469 0.4972, 0.8015 -1.4469 0.8674, 0.8488 -1.4469 0.8328, 0.5292 -1.4469 0.8328, 0.5764 -1.4469 0.8674, 0.3717 -1.4469 3.6658, 2.2638 -1.4469 0.7874, 2.3312 -1.4469 0.691, 2.355 -1.4469 0.664, 0.4921 -1.4469 0.7874, 0.6309 -1.4469 0.8891, 0.689 -1.4469 0.8965, 0.7471 -1.4469 0.8891, 2.125 -1.4469 0.8891, 2.0669 -1.4469 0.8965, 2.0088 -1.4469 0.8891, 2.1795 -1.4469 0.8674, 2.2267 -1.4469 0.8328, 0.8858 -1.4469 0.7874, 1.8701 -1.4469 0.7874, 1.9071 -1.4469 0.8328, 1.9544 -1.4469 0.8674, 0.3717 -1.4469 0.6299, 0.3721 -1.4469 0.6303, 0.4356 -1.4469 0.705, 1.6864 -1.4469 0.572, 1.7501 -1.4469 0.6303, 1.8135 -1.4469 0.705, 0.9532 -1.4469 0.691, 1.0159 -1.4469 0.6201, 1.3386 -1.4469 0.4724, 1.085 -1.4469 0.5601, 1.2836 -1.4469 0.4762, 1.1538 -1.4469 0.5173, 1.2143 -1.4469 0.4921, 1.4879 -1.4469 0.4786, 1.5561 -1.4469 0.4972, 1.622 -1.4469 0.5281, 1.4173 -1.4469 0.4724, 0.3084 -1.4469 0.572, 0.3044 -1.4469 3.6658, 0.3044 -1.4469 0.5692, 0.2817 -1.4469 3.6658, 0.2817 -1.4469 0.5537, 0.244 -1.4469 0.5281, 0.2143 -1.4469 3.6658, 0.2143 -1.4469 0.5141, 0.1976 -1.4469 3.6658, 0.1976 -1.4469 0.5063, 0.1782 -1.4469 0.4972, 0.1647 -1.4469 3.6658, 0.1647 -1.4469 0.4935, 0.1514 -1.4469 0.4899, 0.11 -1.4469 0.4786, 0.1039 -1.4469 0.4781, 0.0394 -1.4469 0.4724, 0.0995 -1.4469 0.4777, 0.0995 -1.4469 3.6658, -0.0394 -1.4469 0.4724, 0.0303 -1.4469 0.4724, 0.0303 -1.4469 3.6658, -3.6417 -1.4469 0.7874, -3.6047 -1.4469 0.8328, -4.2717 -1.4469 3.6658, -3.6983 -1.4469 0.705, -4.2717 -1.4469 0.4724, -4.0945 -1.4469 0.4724, -0.4921 -1.4469 0.7874, -0.4247 -1.4469 0.691, -3.5574 -1.4469 0.8674, -3.503 -1.4469 0.8891, -3.4449 -1.4469 0.8965, -2.1795 -1.4469 0.8674, -2.125 -1.4469 0.8891, -0.2355 -1.4469 3.6658, -2.0669 -1.4469 0.8965, -1.8701 -1.4469 0.7874, -0.8858 -1.4469 0.7874, -1.9071 -1.4469 0.8328, -0.8488 -1.4469 0.8328, -0.8015 -1.4469 0.8674, -0.7471 -1.4469 0.8891, -0.689 -1.4469 0.8965, -0.6309 -1.4469 0.8891, -0.5764 -1.4469 0.8674, -0.5292 -1.4469 0.8328, -3.3868 -1.4469 0.8891, -3.3323 -1.4469 0.8674, -3.2851 -1.4469 0.8328, -3.248 -1.4469 0.7874, -2.2638 -1.4469 0.7874, -2.2267 -1.4469 0.8328, -0.1932 -1.4469 3.6658, -0.2019 -1.4469 3.6624, -0.2143 -1.4469 3.6609, -3.8898 -1.4469 0.5281, -3.8254 -1.4469 0.572, -3.7617 -1.4469 0.6303, -2.0088 -1.4469 0.8891, -1.9544 -1.4469 0.8674, -0.2281 -1.4469 3.6627, -0.216 -1.4469 3.6609, -1.0695 -1.4469 0.572, -1.0058 -1.4469 0.6303, -0.9424 -1.4469 0.705, -0.3621 -1.4469 0.6201, -0.293 -1.4469 0.5601, -0.2241 -1.4469 0.5173, -0.1636 -1.4469 0.4921, -0.0944 -1.4469 0.4762, -4.0239 -1.4469 0.4786, -3.9557 -1.4469 0.4972, -2.4475 -1.4469 0.572, -2.3838 -1.4469 0.6303, -2.3203 -1.4469 0.705, -1.8027 -1.4469 0.691, -1.74 -1.4469 0.6201, -1.4173 -1.4469 0.4724, -1.6709 -1.4469 0.5601, -1.4723 -1.4469 0.4762, -1.6021 -1.4469 0.5173, -1.5416 -1.4469 0.4921, -1.268 -1.4469 0.4786, -1.1998 -1.4469 0.4972, -1.1339 -1.4469 0.5281, -3.1806 -1.4469 0.691, -3.118 -1.4469 0.6201, -2.7953 -1.4469 0.4724, -3.0489 -1.4469 0.5601, -2.8503 -1.4469 0.4762, -2.9801 -1.4469 0.5173, -2.9195 -1.4469 0.4921, -1.3386 -1.4469 0.4724, -2.6459 -1.4469 0.4786, -2.5777 -1.4469 0.4972, -2.5119 -1.4469 0.5281, -2.7165 -1.4469 0.4724, 0.2589 -1.4469 3.7668, 0.2817 -1.4469 3.7668, 0.2817 -1.4469 3.7872, 0.2817 -1.4469 3.6943, 0.2817 -1.4469 3.6949, 0.2589 -1.4469 3.6949, 0.2234 -1.4469 3.7076, 0.2245 -1.4469 3.7034, 0.2247 -1.4469 3.7034, 0.2492 -1.4469 3.7462, 0.2143 -1.4469 3.7872, 0.2399 -1.4469 3.7462, 0.2143 -1.4469 3.7337, 0.2258 -1.4469 3.7076, 0.2252 -1.4469 3.7052, 0.1999 -1.4469 3.7462, 0.1976 -1.4469 3.7872, 0.2143 -1.4469 3.7095, 0.21 -1.4469 3.7462, 0.2143 -1.4469 3.6943, 0.2198 -1.4469 3.6943, 0.2201 -1.4469 3.695, 0.2143 -1.4469 3.6824, 0.2143 -1.4469 3.6824, 0.2161 -1.4469 3.6856, 0.2018 -1.4469 3.6714, 0.2018 -1.4469 3.6794, 0.2069 -1.4469 3.6784, 0.209 -1.4469 3.6786, 0.2143 -1.4469 3.6723, 0.2112 -1.4469 3.6711, 0.2076 -1.4469 3.6707, 0.2056 -1.4469 3.6708, 0.211 -1.4469 3.6794, 0.2127 -1.4469 3.6805, 0.2259 -1.4469 3.6871, 0.2218 -1.4469 3.6792, 0.2287 -1.4469 3.6943, 0.2185 -1.4469 3.6752, 0.2179 -1.4469 3.6747, 0.2148 -1.4469 3.6725, 0.1922 -1.4469 3.7173, 0.1939 -1.4469 3.7149, 0.1928 -1.4469 3.7364, 0.1664 -1.4469 3.7433, 0.169 -1.4469 3.7449, 0.1647 -1.4469 3.7872, 0.1937 -1.4469 3.7024, 0.192 -1.4469 3.7, 0.1949 -1.4469 3.7122, 0.1952 -1.4469 3.7088, 0.1948 -1.4469 3.7052, 0.174 -1.4469 3.7467, 0.1806 -1.4469 3.7474, 0.1928 -1.4469 3.7451, 0.1856 -1.4469 3.7471, 0.1894 -1.4469 3.6977, 0.1867 -1.4469 3.6961, 0.1797 -1.4469 3.7401, 0.177 -1.4469 3.7399, 0.1699 -1.4469 3.7332, 0.1746 -1.4469 3.7392, 0.1726 -1.4469 3.7382, 0.17 -1.4469 3.732, 0.1703 -1.4469 3.7306, 0.171 -1.4469 3.7294, 0.1718 -1.4469 3.7284, 0.175 -1.4469 3.7264, 0.1856 -1.4469 3.7394, 0.1806 -1.4469 3.724, 0.1907 -1.4469 3.7376, 0.1841 -1.4469 3.7226, 0.1901 -1.4469 3.7192, 0.1713 -1.4469 3.737, 0.1705 -1.4469 3.7358, 0.17 -1.4469 3.7346, 0.1606 -1.4469 3.7324, 0.161 -1.4469 3.7356, 0.162 -1.4469 3.7261, 0.161 -1.4469 3.7289, 0.1605 -1.4469 3.706, 0.162 -1.4469 3.7385, 0.1637 -1.4469 3.7409, 0.1647 -1.4469 3.7418, 0.1641 -1.4469 3.7038, 0.1647 -1.4469 3.7036, 0.1647 -1.4469 3.7226, 0.1632 -1.4469 3.7242, 0.1646 -1.4469 3.7227, 0.1697 -1.4469 3.7017, 0.1742 -1.4469 3.7174, 0.1689 -1.4469 3.7199, 0.1754 -1.4469 3.701, 0.1758 -1.4469 3.701, 0.1802 -1.4469 3.715, 0.1804 -1.4469 3.7015, 0.186 -1.4469 3.708, 0.1859 -1.4469 3.7091, 0.1827 -1.4469 3.7024, 0.1835 -1.4469 3.7029, 0.1846 -1.4469 3.7038, 0.1853 -1.4469 3.705, 0.1858 -1.4469 3.7062, 0.1855 -1.4469 3.7105, 0.1848 -1.4469 3.7117, 0.1837 -1.4469 3.7128, 0.1685 -1.4469 3.6943, 0.167 -1.4469 3.6944, 0.1647 -1.4469 3.6943, 0.1647 -1.4469 3.6952, 0.1605 -1.4469 3.6967, 0.1745 -1.4469 3.6937, 0.2036 -1.4469 3.6788, -0.0302 -1.4469 3.8235, -0.0167 -1.4469 3.8114, 0.0303 -1.4469 3.8814, 0.0303 -1.4469 3.8083, -0.1001 -1.4469 3.8889, -0.0891 -1.4469 3.8814, -0.0773 -1.4469 3.8736, -0.0606 -1.4469 3.8542, -0.0497 -1.4469 3.8332, -0.0452 -1.4469 3.8316, -0.1258 -1.4469 3.8979, 0.0303 -1.4469 4.1339, -0.1468 -1.4469 3.9001, -0.1722 -1.4469 3.897, -0.1958 -1.4469 3.8879, -4.2717 -1.4469 4.1339, -0.2062 -1.4469 3.8814, -4.2717 -1.4469 3.8814, -0.2082 -1.4469 3.8802, -0.2627 -1.4469 3.8562, -0.2424 -1.4469 3.8587, -0.2202 -1.4469 3.8699, -0.2366 -1.4469 3.8584, -0.2307 -1.4469 3.8577, -0.3012 -1.4469 3.8342, -0.2978 -1.4469 3.8374, -0.2816 -1.4469 3.8488, -4.2717 -1.4469 3.8083, -4.2717 -1.4469 3.7872, -0.324 -1.4469 3.7872, -0.3217 -1.4469 3.7999, -0.318 -1.4469 3.8083, -0.3136 -1.4469 3.8183, -0.2694 -1.4469 3.6976, -0.2879 -1.4469 3.7066, -4.2717 -1.4469 3.6943, -0.3038 -1.4469 3.7202, -0.3154 -1.4469 3.7367, -0.3228 -1.4469 3.7557, -0.3253 -1.4469 3.7759, -0.3251 -1.4469 3.7807, -0.2629 -1.4469 3.6956, -0.2622 -1.4469 3.6943, -0.2576 -1.4469 3.6844, -0.25 -1.4469 3.6751, -0.2399 -1.4469 3.6676, 0.0303 -1.4469 3.6943, -0.1665 -1.4469 3.6943, -0.1666 -1.4469 3.6938, -0.1727 -1.4469 3.6824, -0.1803 -1.4469 3.6739, -0.1905 -1.4469 3.6668, -0.1852 -1.4469 3.7546, -0.176 -1.4469 3.7463, -0.1075 -1.4469 3.782, -0.1043 -1.4469 3.7222, -0.1012 -1.4469 3.7244, -0.0916 -1.4469 3.7549, -0.0312 -1.4469 3.7715, -0.0339 -1.4469 3.7812, -0.0375 -1.4469 3.7872, -0.2918 -1.4469 3.7872, -0.0976 -1.4469 3.7258, -0.0937 -1.4469 3.7263, -0.0932 -1.4469 3.7263, -0.0976 -1.4469 3.6951, -0.101 -1.4469 3.6964, -0.1043 -1.4469 3.6988, -0.1055 -1.4469 3.7, -0.1077 -1.4469 3.7032, -0.109 -1.4469 3.7067, -0.1635 -1.4469 3.7064, -0.1095 -1.4469 3.7105, -0.1632 -1.4469 3.712, -0.1632 -1.4469 3.7171, -0.1094 -1.4469 3.7125, -0.1084 -1.4469 3.7164, -0.1064 -1.4469 3.7199, -0.009 -1.4469 3.7297, -0.018 -1.4469 3.7176, -0.0203 -1.4469 3.7152, -0.0339 -1.4469 3.7046, -0.2568 -1.4469 3.7408, -0.2925 -1.4469 3.7694, -0.2889 -1.4469 3.7568, -0.2826 -1.4469 3.7461, -0.2734 -1.4469 3.7367, -0.2624 -1.4469 3.7299, -0.2931 -1.4469 3.7769, -0.2484 -1.4469 3.7504, -0.238 -1.4469 3.7577, -0.2267 -1.4469 3.7621, -0.0916 -1.4469 3.7259, -0.0906 -1.4469 3.7258, -0.0676 -1.4469 3.7258, -0.0009 -1.4469 3.7809, 0.0009 -1.4469 3.7662, 0.0303 -1.4469 3.7872, 0.0008 -1.4469 3.7624, -0.0021 -1.4469 3.7457, -0.0497 -1.4469 3.6975, -0.0645 -1.4469 3.6946, -0.0947 -1.4469 3.6946, -0.2143 -1.4469 3.7636, -0.2085 -1.4469 3.7633, -0.1962 -1.4469 3.7604, -0.0413 -1.4469 3.7385, -0.0358 -1.4469 3.7462, -0.0321 -1.4469 3.7553, -0.0308 -1.4469 3.7657, -0.0578 -1.4469 3.7278, -0.0489 -1.4469 3.7321, -0.0752 -1.4469 3.8083, -0.2818 -1.4469 3.8083, -0.0748 -1.4469 3.8056, -0.2871 -1.4469 3.8008, -0.2915 -1.4469 3.7894, -0.0707 -1.4469 3.8056, -0.039 -1.4469 3.7898, -0.0438 -1.4469 3.7951, -0.0517 -1.4469 3.8007, -0.0606 -1.4469 3.8043, -0.2187 -1.4469 3.8225, -0.2148 -1.4469 3.8204, -0.2084 -1.4469 3.8343, -0.1005 -1.4469 3.8528, -0.0759 -1.4469 3.8125, -0.0921 -1.4469 3.8447, -0.082 -1.4469 3.8297, -0.1463 -1.4469 3.8695, -0.15 -1.4469 3.8694, -0.167 -1.4469 3.8665, -0.2301 -1.4469 3.8266, -0.2419 -1.4469 3.8281, -0.2476 -1.4469 3.8277, -0.1151 -1.4469 3.8623, -0.1313 -1.4469 3.8679, -0.1835 -1.4469 3.8593, -0.1975 -1.4469 3.8484, -0.2602 -1.4469 3.8247, -0.2715 -1.4469 3.8186, -0.28 -1.4469 3.811, -0.0146 -1.4469 3.8083, -0.0067 -1.4469 3.7966, -0.0033 -1.4469 3.7872, 0.2976 -1.4469 3.6949, 0.3044 -1.4469 3.6943, 0.2976 -1.4469 3.7031, 0.3044 -1.4469 3.7872, 0.296 -1.4469 3.7585, 0.296 -1.4469 3.7668, 0.2682 -1.4469 3.7273, 0.2682 -1.4469 3.7031, 0.2817 -1.4469 3.7273, 0.2817 -1.4469 3.7031, 0.2939 -1.4469 3.7273, 0.2682 -1.4469 3.7585, 0.2682 -1.4469 3.7355, 0.2817 -1.4469 3.7585, 0.2817 -1.4469 3.7355, 0.2939 -1.4469 3.7355, 0.0691 -1.4469 3.8808, 0.0691 -1.4469 3.8171, 0.0977 -1.4469 3.8171, 0.0598 -1.4469 3.8808, 0.0977 -1.4469 3.8089, 0.0598 -1.4469 3.8089, 0.0995 -1.4469 3.7872, 0.0995 -1.4469 3.6943, 0.0985 -1.4469 3.6949, 0.0598 -1.4469 3.6949, 0.0985 -1.4469 3.7031, 0.0968 -1.4469 3.7585, 0.0691 -1.4469 3.7273, 0.0691 -1.4469 3.7031, 0.0948 -1.4469 3.7273, 0.0948 -1.4469 3.7355, 0.0691 -1.4469 3.7355, 0.0691 -1.4469 3.7585, 0.0598 -1.4469 3.7668, 0.0968 -1.4469 3.7668, 0.0995 -1.4469 4.1339, 0.1317 -1.4469 3.6955, 0.2776 -1.4469 3.8324, 0.2739 -1.4469 3.825, 0.2416 -1.4469 3.8808, 0.2531 -1.4469 3.8795, 0.2617 -1.4469 3.8762, 0.2605 -1.4469 3.8132, 0.2521 -1.4469 3.8102, 0.2409 -1.4469 3.8089, 0.2211 -1.4469 3.8089, 0.2211 -1.4469 3.8808, 0.2688 -1.4469 3.8713, 0.2718 -1.4469 3.8683, 0.2761 -1.4469 3.8619, 0.2688 -1.4469 3.819, 0.2675 -1.4469 3.8179, 0.2787 -1.4469 3.8549, 0.2797 -1.4469 3.8458, 0.2794 -1.4469 3.8407, 0.1647 -1.4469 4.1339, 0.1976 -1.4469 4.1339, 0.2143 -1.4469 4.1339, 0.2817 -1.4469 4.1339, 0.3044 -1.4469 4.1339, 0.3717 -1.4469 4.1339, 0.3676 -1.4469 3.7183, 0.364 -1.4469 3.7109, 0.3717 -1.4469 3.6943, 0.3717 -1.4469 3.7872, 0.3431 -1.4469 3.7654, 0.3517 -1.4469 3.7622, 0.3308 -1.4469 3.8286, 0.3317 -1.4469 3.7668, 0.3505 -1.4469 3.6991, 0.3421 -1.4469 3.6961, 0.3309 -1.4469 3.6949, 0.3112 -1.4469 3.6949, 0.3112 -1.4469 3.7668, 0.3589 -1.4469 3.7573, 0.3619 -1.4469 3.7543, 0.3662 -1.4469 3.7479, 0.3589 -1.4469 3.7049, 0.3576 -1.4469 3.7038, 0.3687 -1.4469 3.7408, 0.3697 -1.4469 3.7317, 0.3694 -1.4469 3.7266, 0.384 -1.4469 3.6949, 0.3737 -1.4469 3.6949, 0.4208 -1.4469 3.7145, 0.3909 -1.4469 3.7145, 0.4011 -1.4469 3.7668, 0.411 -1.4469 3.7668, 0.4281 -1.4469 3.6949, 0.4384 -1.4469 3.6949, 2.355 -1.4469 3.6943, 2.355 -1.4469 3.7872, 2.355 -1.4469 3.8083, 4.2717 -1.4469 3.8814, 4.2717 -1.4469 3.8083, 4.2717 -1.4469 3.7872, 4.2717 -1.4469 3.6943, 4.2717 -1.7224 5.0787, -4.2717 -1.7224 5.0787, 4.2717 -1.7224 4.1339, -4.2717 -1.7224 4.1339, -3.9465 1.3484 5.1181, -4.2717 1.3484 5.1181, -3.948 1.3468 5.1434, -4.2717 1.3456 5.1511, -4.2717 1.3317 5.1975, -3.9539 1.3355 5.1883, -3.949 1.3449 5.1509, -4.2717 1.3068 5.2391, -3.9633 1.3134 5.2302, -3.9559 1.3309 5.1971, -4.2717 1.2726 5.2734, -3.9766 1.2789 5.2682, -3.9662 1.306 5.2383, -4.2717 1.231 5.2982, -3.9898 1.24 5.294, -3.9789 1.2721 5.2727, -4.006 1.1844 5.3111, -4.0027 1.1972 5.3096, -3.9927 1.2307 5.2974, -4.2717 1.1845 5.3122, -4.2717 1.1516 5.315, -4.0146 1.1516 5.315, -4.2717 1.4272 1.7323, -4.2717 1.624 1.7323, -4.2717 1.624 0.4724, -4.2717 -0.8301 5.309, -4.2717 -0.7776 5.315, -4.2717 -1.0138 5.0787, -4.2717 1.624 5.0787, -4.2717 1.624 3.3465, -4.2717 1.3484 5.0787, -4.2717 1.4272 3.3465, -4.2717 -0.9904 5.1812, -4.2717 -0.9622 5.226, -4.2717 -0.9248 5.2634, -4.2717 -1.0079 5.1313, -4.2717 -0.8801 5.2916, -4.0157 1.624 1.7323, -4.0157 1.624 0.7874, -4.0748 1.624 0.4724, -4.0945 -1.25 0.4724, -4.0748 -1.25 0.4727, 2.5984 1.4272 1.7323, 2.5984 1.4272 0.7874, 1.4961 1.4272 0.7874, -2.9134 1.4272 1.7323, -2.6378 1.4272 1.7323, -4.0157 1.4272 3.3465, -4.0157 1.4272 1.7323, -4.0157 1.4272 0.7874, -2.9134 1.4272 0.7874, 4.2717 1.4272 3.3465, 4.2717 1.4272 1.7323, 3.9764 1.4272 1.7323, 3.9764 1.4272 0.7874, 2.874 1.4272 0.7874, 2.874 1.4272 1.7323, 4.0157 1.4272 3.3465, 1.2205 1.4272 0.7874, 0.1181 1.4272 0.7874, 0.1181 1.4272 1.7323, -2.6378 1.4272 4.2126, -1.4961 1.4272 4.2126, -1.4961 1.4272 3.3465, -4.0157 1.4272 4.2126, -2.874 1.4272 4.2126, -2.874 1.4272 3.3465, -1.2598 1.4272 4.2126, -0.1181 1.4272 4.2126, -1.2598 1.4272 3.3465, -0.1181 1.4272 3.3465, 1.4961 1.4272 4.2126, 2.6378 1.4272 4.2126, 1.4961 1.4272 3.3465, 2.6378 1.4272 3.3465, 2.874 1.4272 4.2126, 4.0157 1.4272 4.2126, 2.874 1.4272 3.3465, -2.6378 1.4272 3.3465, -0.1575 1.4272 1.7323, 1.2205 1.4272 1.7323, 0.1181 1.4272 3.3465, 1.2598 1.4272 3.3465, 0.1181 1.4272 4.2126, 1.2598 1.4272 4.2126, 1.4961 1.4272 1.7323, -0.1575 1.4272 0.7874, -1.2598 1.4272 0.7874, -1.2598 1.4272 1.7323, -2.6378 1.4272 0.7874, -1.5354 1.4272 0.7874, -1.5354 1.4272 1.7323, 4.2717 1.624 5.0787, 4.2717 1.624 3.3465, 4.0157 1.624 3.3465, 4.0157 1.624 4.3307, 2.874 1.624 4.3307, 1.2598 1.624 4.3307, 0.1181 1.624 4.3307, -1.4961 1.624 4.3307, -2.6378 1.624 4.3307, 2.874 1.624 3.3465, 2.6378 1.624 3.3465, 2.6378 1.624 4.3307, 1.4961 1.624 4.3307, 1.4961 1.624 3.3465, 1.2598 1.624 3.3465, -4.0157 1.624 3.3465, -4.0157 1.624 4.3307, -2.874 1.624 4.3307, -2.874 1.624 3.3465, -2.6378 1.624 3.3465, 0.1181 1.624 3.3465, -0.1181 1.624 3.3465, -0.1181 1.624 4.3307, -1.2598 1.624 4.3307, -1.2598 1.624 3.3465, -1.4961 1.624 3.3465, -4.0748 0.1673 5.315, -4.0748 -0.7776 5.315, -3.8913 0.296 5.315, -3.9043 0.2984 5.315, -3.8913 0.1673 5.315, -3.9209 0.3013 5.315, -3.9314 0.3059 5.315, -3.9436 0.3114 5.315, -3.9555 0.3203 5.315, -3.9664 0.3285 5.315, -3.9759 0.3397 5.315, -3.9834 0.3487 5.315, -3.9909 0.3634 5.315, -3.9958 0.3734 5.315, -3.9985 0.3815 5.315, -4.0566 0.7812 5.315, -4.0567 0.7972 5.315, -4.0151 1.1494 5.315, -4.0319 1.0704 5.315, -4.0303 0.5155 5.315, -4.0412 0.5919 5.315, -4.0497 0.6511 5.315, -4.0534 0.8718 5.315, -4.0505 0.9346 5.315, 2.6378 -1.0925 5.0787, 1.8307 -1.0925 5.0787, 1.8307 -1.1319 5.0787, -0.1181 -1.0925 5.0787, -0.9252 -1.0925 5.0787, -0.9252 -1.1319 5.0787, -1.4961 -1.0925 5.0787, -2.3031 -1.0925 5.0787, -2.3031 -1.1319 5.0787, 4.2717 -1.0138 5.0787, 4.0157 -1.0138 5.0787, 4.0157 -1.0925 5.0787, 2.874 -1.1319 5.0787, 3.2087 -1.1319 5.0787, 3.2087 -1.0925 5.0787, 2.874 -1.0138 5.0787, 2.6378 -1.0138 5.0787, 0.4528 -1.1319 5.0787, 0.1181 -1.1319 5.0787, 0.1181 -1.0138 5.0787, -0.1181 -1.0138 5.0787, 1.4961 -1.0138 5.0787, 1.2598 -1.0138 5.0787, 1.4961 -1.1319 5.0787, 1.2598 -1.0925 5.0787, -1.2598 -1.1319 5.0787, -1.2598 -1.0138 5.0787, -1.4961 -1.0138 5.0787, -4.0157 -1.0138 5.0787, -4.0157 -1.1319 5.0787, -3.6811 -1.1319 5.0787, 0.4528 -1.0925 5.0787, -2.6378 -1.0138 5.0787, -2.874 -1.0138 5.0787, -2.6378 -1.1319 5.0787, -2.874 -1.0925 5.0787, -3.6811 -1.0925 5.0787, -4.0726 -0.8301 5.309, -4.066 -0.8801 5.2916, -4.0555 -0.9248 5.2634, -4.0415 -0.9622 5.226, -4.0247 -0.9904 5.1812, -4.0157 -1.0003 5.1575, -4.0157 -1.0079 5.1313, -1.6601 1.425 5.0787, -1.6484 1.4235 5.0787, 1.0958 1.425 5.0787, 1.1075 1.4235 5.0787, -0.2822 1.425 5.0787, -0.2704 1.4235 5.0787, 2.4738 1.425 5.0787, 2.4855 1.4235 5.0787, -3.9452 1.3484 5.0787, -3.9435 1.3526 5.0787, -3.9348 1.3685 5.0787, -3.9292 1.3789 5.0787, -3.9194 1.3893 5.0787, -2.5512 1.3789 5.0787, -3.0263 1.4235 5.0787, -3.013 1.4183 5.0787, 3.8767 1.4183 5.0787, 3.8895 1.4133 5.0787, 3.8996 1.4061 5.0787, -3.9101 1.3993 5.0787, -3.8996 1.4061 5.0787, -3.8859 1.415 5.0787, -3.0003 1.4133 5.0787, -2.9901 1.4061 5.0787, -2.9767 1.3966 5.0787, -2.5415 1.3893 5.0787, -2.5321 1.3993 5.0787, -2.5217 1.4061 5.0787, 3.9131 1.3966 5.0787, 3.9194 1.3893 5.0787, 3.9317 1.3751 5.0787, -2.5079 1.415 5.0787, -2.4988 1.4183 5.0787, -2.4811 1.4245 5.0787, -1.1733 1.3789 5.0787, -1.6351 1.4183 5.0787, 0.2047 1.3789 5.0787, -0.2571 1.4183 5.0787, 1.5826 1.3789 5.0787, 1.1208 1.4183 5.0787, 2.4988 1.4183 5.0787, 2.9606 1.3789 5.0787, 2.9704 1.3893 5.0787, 2.9797 1.3993 5.0787, 3.9452 1.3484 5.0787, 4.2717 1.3484 5.0787, 3.9435 1.3526 5.0787, 3.9351 1.3687 5.0787, -2.9704 1.3893 5.0787, -2.958 1.3751 5.0787, -2.5569 1.3685 5.0787, -2.5656 1.3526 5.0787, -1.6224 1.4133 5.0787, -1.6122 1.4061 5.0787, -1.5987 1.3966 5.0787, -1.1635 1.3893 5.0787, -1.1542 1.3993 5.0787, -1.1437 1.4061 5.0787, -0.2444 1.4133 5.0787, -0.2342 1.4061 5.0787, -0.2208 1.3966 5.0787, 0.2145 1.3893 5.0787, 0.2238 1.3993 5.0787, 0.2342 1.4061 5.0787, 1.1335 1.4133 5.0787, 1.1437 1.4061 5.0787, 1.1572 1.3966 5.0787, 1.5924 1.3893 5.0787, 1.6017 1.3993 5.0787, 1.6122 1.4061 5.0787, 2.5115 1.4133 5.0787, 2.5217 1.4061 5.0787, 2.5351 1.3966 5.0787, -3.8768 1.4183 5.0787, -3.859 1.4245 5.0787, -3.8518 1.4253 5.0787, -3.8337 1.4272 5.0787, -3.0561 1.4272 5.0787, -3.0381 1.425 5.0787, -2.9446 1.3484 5.0787, -2.5672 1.3484 5.0787, -2.9462 1.3526 5.0787, -2.9546 1.3687 5.0787, -2.4738 1.4253 5.0787, -2.4557 1.4272 5.0787, -1.6781 1.4272 5.0787, -1.13 1.415 5.0787, -1.1209 1.4183 5.0787, -1.1031 1.4245 5.0787, 0.248 1.415 5.0787, 0.2571 1.4183 5.0787, 0.2748 1.4245 5.0787, 1.6259 1.415 5.0787, 1.635 1.4183 5.0787, 1.6528 1.4245 5.0787, 2.9901 1.4061 5.0787, 3.0039 1.415 5.0787, 3.013 1.4183 5.0787, -1.5924 1.3893 5.0787, -1.5801 1.3751 5.0787, -1.1789 1.3685 5.0787, -1.1876 1.3526 5.0787, -0.2145 1.3893 5.0787, -0.2021 1.3751 5.0787, 0.199 1.3685 5.0787, 0.1903 1.3526 5.0787, 1.1635 1.3893 5.0787, 1.1758 1.3751 5.0787, 1.577 1.3685 5.0787, 1.5683 1.3526 5.0787, 2.5414 1.3893 5.0787, 2.5538 1.3751 5.0787, 2.9549 1.3685 5.0787, 2.9462 1.3526 5.0787, 3.8337 1.4272 5.0787, 3.8517 1.425 5.0787, 3.8634 1.4235 5.0787, -1.5666 1.3484 5.0787, -1.1893 1.3484 5.0787, -1.5683 1.3526 5.0787, -1.5767 1.3687 5.0787, -1.0958 1.4253 5.0787, -1.0778 1.4272 5.0787, -0.3002 1.4272 5.0787, -0.1887 1.3484 5.0787, 0.1887 1.3484 5.0787, -0.1903 1.3526 5.0787, -0.1987 1.3687 5.0787, 1.1893 1.3484 5.0787, 1.5666 1.3484 5.0787, 1.1876 1.3526 5.0787, 1.1792 1.3687 5.0787, 2.5672 1.3484 5.0787, 2.9446 1.3484 5.0787, 2.5656 1.3526 5.0787, 2.5572 1.3687 5.0787, 0.2821 1.4253 5.0787, 0.3002 1.4272 5.0787, 1.0778 1.4272 5.0787, 1.6601 1.4253 5.0787, 1.6781 1.4272 5.0787, 2.4557 1.4272 5.0787, 3.0307 1.4245 5.0787, 3.038 1.4253 5.0787, 3.0561 1.4272 5.0787
            ]
        }
        coordIndex [
            0,1,2,-1,3,4,5,-1,6,7,8,-1,9,10,11,-1,12,13,14,-1,14,13,15,-1,14,16,12,-1,12,16,17,-1,12,17,18,-1,18,17,19,-1,18,19,20,-1,21,22,23,-1,23,22,24,-1,23,24,16,-1,16,24,25,-1,16,25,17,-1,17,25,26,-1,17,26,27,-1,27,26,28,-1,27,28,29,-1,29,28,30,-1,15,13,31,-1,31,13,32,-1,31,32,33,-1,34,35,36,-1,37,38,39,-1,40,41,42,-1,36,35,43,-1,43,35,44,-1,43,44,45,-1,45,44,46,-1,45,46,47,-1,41,40,47,-1,47,40,48,-1,47,48,45,-1,49,50,51,-1,51,50,52,-1,49,53,50,-1,50,53,54,-1,50,54,55,-1,55,54,56,-1,50,57,58,-1,59,60,50,-1,50,60,61,-1,50,61,57,-1,58,62,50,-1,50,62,63,-1,50,63,52,-1,64,65,66,-1,67,68,54,-1,54,68,69,-1,54,69,56,-1,64,66,54,-1,54,66,70,-1,54,70,67,-1,19,71,20,-1,20,71,33,-1,20,33,72,-1,72,33,32,-1,72,32,73,-1,59,50,74,-1,74,50,75,-1,74,75,73,-1,76,77,78,-1,78,77,79,-1,78,79,32,-1,32,79,80,-1,32,80,73,-1,81,82,83,-1,83,82,84,-1,83,84,85,-1,86,87,88,-1,86,89,90,-1,88,91,86,-1,86,91,92,-1,86,92,89,-1,87,86,93,-1,93,86,94,-1,93,94,95,-1,95,94,96,-1,96,94,97,-1,96,97,98,-1,99,100,11,-1,100,101,11,-1,11,101,102,-1,11,102,9,-1,99,11,103,-1,103,11,104,-1,103,104,105,-1,105,104,106,-1,106,104,107,-1,106,107,108,-1,73,75,72,-1,72,75,109,-1,72,109,110,-1,110,109,111,-1,110,111,112,-1,113,114,115,-1,115,114,116,-1,117,118,119,-1,120,121,122,-1,123,124,107,-1,107,124,125,-1,107,125,126,-1,113,127,114,-1,114,127,128,-1,114,128,129,-1,129,128,130,-1,131,132,130,-1,130,132,133,-1,130,133,129,-1,134,135,120,-1,120,135,136,-1,120,136,121,-1,137,138,119,-1,119,138,139,-1,119,139,140,-1,126,141,107,-1,107,141,142,-1,107,142,143,-1,122,144,120,-1,120,144,145,-1,120,145,104,-1,104,145,116,-1,104,116,146,-1,146,116,114,-1,146,147,104,-1,104,147,148,-1,104,148,107,-1,107,148,149,-1,107,149,123,-1,150,151,130,-1,130,151,152,-1,130,152,153,-1,153,154,130,-1,130,154,155,-1,130,155,131,-1,156,157,158,-1,158,157,159,-1,157,160,159,-1,159,160,161,-1,159,161,120,-1,120,161,162,-1,120,162,134,-1,163,164,8,-1,165,166,167,-1,164,168,8,-1,8,168,169,-1,8,169,170,-1,165,167,171,-1,167,172,173,-1,166,174,167,-1,167,174,175,-1,167,175,8,-1,8,175,176,-1,8,176,163,-1,170,177,8,-1,8,177,178,-1,8,178,179,-1,179,180,8,-1,8,180,181,-1,8,181,6,-1,182,183,167,-1,167,183,184,-1,185,186,167,-1,167,186,187,-1,167,187,171,-1,184,188,167,-1,167,188,189,-1,167,189,172,-1,173,190,167,-1,167,190,191,-1,167,191,185,-1,192,193,167,-1,194,195,196,-1,197,198,167,-1,167,198,199,-1,167,199,182,-1,194,196,200,-1,195,201,196,-1,196,201,202,-1,196,202,167,-1,167,202,203,-1,167,203,192,-1,204,167,205,-1,205,167,206,-1,204,207,167,-1,167,207,208,-1,167,208,197,-1,209,210,193,-1,193,210,211,-1,193,211,167,-1,167,211,212,-1,167,212,206,-1,213,214,196,-1,196,214,215,-1,196,215,200,-1,216,217,209,-1,209,217,218,-1,209,218,210,-1,219,220,221,-1,221,220,222,-1,221,222,223,-1,223,222,224,-1,223,224,225,-1,226,227,209,-1,209,227,228,-1,209,228,216,-1,219,221,209,-1,209,221,229,-1,209,229,226,-1,213,196,230,-1,230,196,231,-1,230,231,232,-1,232,231,233,-1,232,233,234,-1,234,233,235,-1,235,233,236,-1,235,236,237,-1,237,236,238,-1,237,238,239,-1,239,238,240,-1,240,238,241,-1,240,241,242,-1,242,241,158,-1,242,158,243,-1,243,158,244,-1,244,158,159,-1,244,159,245,-1,246,247,248,-1,248,247,245,-1,249,250,251,-1,251,250,246,-1,252,253,254,-1,252,254,255,-1,254,256,257,-1,251,258,259,-1,253,260,254,-1,254,260,261,-1,254,261,262,-1,263,264,265,-1,265,264,266,-1,267,268,269,-1,269,268,270,-1,269,270,251,-1,251,270,271,-1,271,272,251,-1,251,272,273,-1,251,273,274,-1,274,275,251,-1,251,275,276,-1,251,276,258,-1,277,278,265,-1,265,278,279,-1,265,279,263,-1,280,281,279,-1,279,281,282,-1,279,282,263,-1,251,283,269,-1,269,283,284,-1,269,284,285,-1,286,287,254,-1,254,287,288,-1,254,288,255,-1,266,289,265,-1,265,289,290,-1,265,290,291,-1,291,290,269,-1,291,269,292,-1,292,269,285,-1,293,294,267,-1,267,294,295,-1,267,295,268,-1,259,296,251,-1,251,296,297,-1,251,297,298,-1,298,299,251,-1,251,299,300,-1,251,300,249,-1,257,301,254,-1,254,301,302,-1,254,302,286,-1,303,304,280,-1,280,304,305,-1,280,305,281,-1,306,307,308,-1,308,307,309,-1,308,309,310,-1,310,309,311,-1,310,311,312,-1,313,314,267,-1,267,314,315,-1,267,315,293,-1,316,317,318,-1,318,317,319,-1,318,319,320,-1,320,319,321,-1,320,321,322,-1,306,308,267,-1,267,308,323,-1,267,323,313,-1,324,325,280,-1,280,325,326,-1,280,326,303,-1,316,318,280,-1,280,318,327,-1,280,327,324,-1,328,329,330,-1,331,332,333,-1,334,335,336,-1,337,338,339,-1,339,338,340,-1,339,340,341,-1,341,340,334,-1,341,334,342,-1,342,334,336,-1,343,344,5,-1,343,5,345,-1,344,343,338,-1,338,343,346,-1,338,346,340,-1,5,347,345,-1,345,347,348,-1,345,348,349,-1,350,351,347,-1,347,351,352,-1,347,352,348,-1,238,353,354,-1,347,355,356,-1,357,358,236,-1,236,358,359,-1,236,359,238,-1,238,359,360,-1,238,360,353,-1,356,361,347,-1,347,361,362,-1,347,362,350,-1,363,364,233,-1,363,233,365,-1,364,366,233,-1,233,366,367,-1,233,367,236,-1,236,367,368,-1,236,368,357,-1,369,370,371,-1,372,373,374,-1,5,375,376,-1,377,378,5,-1,5,378,379,-1,5,379,375,-1,373,380,374,-1,374,380,381,-1,374,381,344,-1,370,377,371,-1,371,377,5,-1,371,5,382,-1,382,5,344,-1,382,344,383,-1,383,344,381,-1,376,384,5,-1,5,384,385,-1,5,385,3,-1,386,387,388,-1,388,387,389,-1,388,389,390,-1,388,391,386,-1,386,391,392,-1,386,392,393,-1,393,394,386,-1,386,394,395,-1,386,395,396,-1,396,395,397,-1,396,397,398,-1,398,397,399,-1,398,399,371,-1,371,399,400,-1,371,400,369,-1,401,402,390,-1,390,402,403,-1,390,403,388,-1,404,405,107,-1,406,407,408,-1,405,409,107,-1,107,409,410,-1,107,410,374,-1,374,410,411,-1,374,411,372,-1,412,413,414,-1,406,408,415,-1,407,404,408,-1,408,404,107,-1,408,107,117,-1,117,107,143,-1,117,143,118,-1,412,414,408,-1,408,414,416,-1,408,416,415,-1,417,418,413,-1,413,418,419,-1,413,419,414,-1,417,420,418,-1,418,420,421,-1,418,421,422,-1,422,421,423,-1,422,424,425,-1,423,426,422,-1,422,426,427,-1,422,427,428,-1,428,429,422,-1,422,429,430,-1,422,430,424,-1,425,431,422,-1,422,431,432,-1,422,432,433,-1,434,435,436,-1,436,435,437,-1,436,437,117,-1,117,437,438,-1,117,438,408,-1,439,241,4,-1,4,241,238,-1,4,238,5,-1,5,238,354,-1,5,354,347,-1,347,354,440,-1,347,440,355,-1,441,442,443,-1,443,442,444,-1,445,446,443,-1,443,446,447,-1,443,447,448,-1,448,449,443,-1,443,449,450,-1,443,450,441,-1,451,452,453,-1,453,452,454,-1,454,452,455,-1,455,452,456,-1,455,456,457,-1,457,456,458,-1,457,458,459,-1,458,460,459,-1,459,460,461,-1,459,461,462,-1,462,461,463,-1,462,463,464,-1,465,466,458,-1,458,466,467,-1,458,467,460,-1,468,469,470,-1,470,471,468,-1,468,471,472,-1,468,472,458,-1,458,472,473,-1,458,473,465,-1,474,475,476,-1,476,475,477,-1,476,477,478,-1,478,479,476,-1,476,479,480,-1,476,480,469,-1,469,480,481,-1,469,481,470,-1,482,474,483,-1,483,474,476,-1,483,476,484,-1,484,476,485,-1,262,277,254,-1,254,277,265,-1,254,265,476,-1,476,265,486,-1,476,486,485,-1,487,488,251,-1,251,488,489,-1,251,489,490,-1,490,491,251,-1,251,491,492,-1,251,492,283,-1,493,494,495,-1,496,497,498,-1,499,500,495,-1,495,500,501,-1,495,501,502,-1,497,503,498,-1,498,503,504,-1,498,504,505,-1,506,507,488,-1,488,507,508,-1,488,508,509,-1,509,510,488,-1,488,510,511,-1,488,511,512,-1,512,511,513,-1,512,513,514,-1,514,513,515,-1,513,516,515,-1,515,516,517,-1,515,517,498,-1,498,517,518,-1,498,518,496,-1,519,520,487,-1,487,520,521,-1,487,521,522,-1,523,524,525,-1,525,526,523,-1,523,526,527,-1,523,527,528,-1,524,523,529,-1,529,523,530,-1,529,530,502,-1,502,530,531,-1,502,531,532,-1,505,533,498,-1,498,533,534,-1,498,534,535,-1,536,537,538,-1,538,537,539,-1,538,539,487,-1,487,539,540,-1,487,540,519,-1,522,541,487,-1,487,541,542,-1,487,542,488,-1,488,542,543,-1,488,543,506,-1,532,544,502,-1,502,544,545,-1,502,545,495,-1,495,545,546,-1,495,546,493,-1,547,548,498,-1,498,548,549,-1,498,549,495,-1,495,549,550,-1,495,550,499,-1,535,551,498,-1,498,551,552,-1,498,552,547,-1,553,554,555,-1,555,554,556,-1,555,556,557,-1,557,502,555,-1,555,502,501,-1,555,501,558,-1,558,501,559,-1,559,560,558,-1,558,560,561,-1,558,561,562,-1,563,554,564,-1,564,554,553,-1,564,553,565,-1,566,567,568,-1,568,567,569,-1,567,570,553,-1,553,570,571,-1,553,571,572,-1,563,573,554,-1,554,573,574,-1,554,574,575,-1,566,576,567,-1,567,576,577,-1,567,577,570,-1,572,578,553,-1,553,578,579,-1,553,579,565,-1,580,581,575,-1,575,581,582,-1,575,582,554,-1,442,583,444,-1,444,583,584,-1,444,584,538,-1,538,584,585,-1,538,585,536,-1,332,331,586,-1,586,331,587,-1,586,587,588,-1,587,589,590,-1,590,589,591,-1,592,593,594,-1,594,593,595,-1,594,595,596,-1,597,598,599,-1,599,598,600,-1,599,600,590,-1,590,600,601,-1,590,601,587,-1,587,601,596,-1,587,596,588,-1,588,596,595,-1,602,603,604,-1,443,605,602,-1,443,602,94,-1,94,602,604,-1,94,604,97,-1,97,604,606,-1,97,606,607,-1,605,443,607,-1,607,443,444,-1,607,444,97,-1,97,444,538,-1,97,538,608,-1,609,610,611,-1,610,609,612,-1,612,609,608,-1,612,608,613,-1,614,615,616,-1,616,615,612,-1,616,612,617,-1,617,612,613,-1,617,613,618,-1,618,613,619,-1,246,248,251,-1,251,248,609,-1,251,609,487,-1,487,609,611,-1,487,611,538,-1,538,611,620,-1,538,620,608,-1,608,620,621,-1,608,621,613,-1,451,445,452,-1,452,445,443,-1,452,443,622,-1,622,443,94,-1,622,94,84,-1,84,94,86,-1,84,86,85,-1,85,86,90,-1,245,159,248,-1,248,159,120,-1,248,120,609,-1,609,120,104,-1,609,104,608,-1,608,104,11,-1,608,11,97,-1,97,11,10,-1,97,10,98,-1,140,623,119,-1,119,623,156,-1,119,156,117,-1,117,156,158,-1,117,158,436,-1,436,158,241,-1,436,241,434,-1,434,241,439,-1,112,108,110,-1,110,108,107,-1,110,107,72,-1,72,107,374,-1,72,374,20,-1,20,374,344,-1,20,344,18,-1,18,344,338,-1,18,338,36,-1,624,625,36,-1,12,626,43,-1,43,626,627,-1,43,627,628,-1,629,630,36,-1,36,630,631,-1,36,631,18,-1,18,631,632,-1,18,632,12,-1,12,632,633,-1,12,633,626,-1,628,634,43,-1,43,634,635,-1,43,635,636,-1,625,637,36,-1,36,637,638,-1,36,638,629,-1,636,639,43,-1,43,639,640,-1,43,640,36,-1,36,640,641,-1,36,641,624,-1,37,330,589,-1,589,330,329,-1,589,329,591,-1,81,76,82,-1,82,76,78,-1,82,78,642,-1,642,78,32,-1,642,32,643,-1,643,32,13,-1,643,13,644,-1,644,13,12,-1,644,12,645,-1,645,12,43,-1,645,43,646,-1,646,43,45,-1,646,45,647,-1,647,45,48,-1,648,649,650,-1,651,652,653,-1,654,38,42,-1,42,38,37,-1,42,37,40,-1,40,37,589,-1,40,589,651,-1,651,589,655,-1,651,655,652,-1,656,657,650,-1,650,657,658,-1,650,658,587,-1,587,658,659,-1,587,659,589,-1,589,659,660,-1,589,660,655,-1,653,661,651,-1,651,661,662,-1,651,662,663,-1,649,664,650,-1,650,664,665,-1,650,665,656,-1,663,666,651,-1,651,666,667,-1,651,667,650,-1,650,667,668,-1,650,668,648,-1,669,670,650,-1,671,672,669,-1,650,670,651,-1,651,670,673,-1,651,673,674,-1,671,669,675,-1,675,669,650,-1,675,650,676,-1,676,650,677,-1,676,677,674,-1,674,677,678,-1,674,678,651,-1,651,678,679,-1,651,679,40,-1,40,679,2,-1,40,2,48,-1,48,2,1,-1,48,1,647,-1,0,2,680,-1,680,2,679,-1,680,679,681,-1,681,679,678,-1,681,678,682,-1,682,678,677,-1,682,677,683,-1,39,34,37,-1,37,34,36,-1,37,36,330,-1,330,36,338,-1,330,338,328,-1,328,338,337,-1,328,337,333,-1,333,337,365,-1,333,365,331,-1,331,365,233,-1,331,233,587,-1,587,233,231,-1,587,231,650,-1,650,231,196,-1,650,196,677,-1,677,196,167,-1,677,167,683,-1,683,167,8,-1,684,685,686,-1,686,685,687,-1,686,687,0,-1,0,687,456,-1,688,689,690,-1,690,689,691,-1,692,693,691,-1,691,693,694,-1,691,694,690,-1,695,696,692,-1,692,696,697,-1,692,697,693,-1,698,699,695,-1,695,699,700,-1,695,700,696,-1,701,702,698,-1,698,702,703,-1,698,703,699,-1,704,705,701,-1,701,705,706,-1,701,706,702,-1,701,707,704,-1,704,707,708,-1,704,708,709,-1,710,711,712,-1,713,714,715,-1,715,714,456,-1,715,456,685,-1,685,456,687,-1,716,717,718,-1,718,717,719,-1,720,721,722,-1,712,256,710,-1,710,256,456,-1,710,456,719,-1,719,456,714,-1,719,714,718,-1,718,714,708,-1,718,708,689,-1,689,708,691,-1,715,723,713,-1,713,723,720,-1,713,720,724,-1,724,720,722,-1,701,698,695,-1,708,707,691,-1,691,707,701,-1,691,701,692,-1,692,701,695,-1,711,725,712,-1,712,725,726,-1,712,726,727,-1,257,256,728,-1,728,256,712,-1,728,712,729,-1,729,712,727,-1,730,731,732,-1,733,719,734,-1,734,719,735,-1,710,719,736,-1,736,719,733,-1,736,733,737,-1,737,733,738,-1,739,740,741,-1,742,743,741,-1,741,743,744,-1,741,744,739,-1,739,744,745,-1,746,747,748,-1,749,750,751,-1,752,753,735,-1,735,753,754,-1,755,756,757,-1,757,756,758,-1,759,760,761,-1,761,760,762,-1,763,764,765,-1,765,764,745,-1,766,749,767,-1,767,749,751,-1,767,751,748,-1,748,751,757,-1,748,757,746,-1,746,757,758,-1,746,758,768,-1,768,758,769,-1,768,769,770,-1,770,769,771,-1,770,771,772,-1,770,761,768,-1,768,761,762,-1,768,762,773,-1,773,762,765,-1,773,765,732,-1,732,765,745,-1,732,745,730,-1,730,745,744,-1,774,775,776,-1,777,734,778,-1,778,734,735,-1,778,735,779,-1,779,735,754,-1,779,754,776,-1,776,754,766,-1,776,766,774,-1,774,766,767,-1,780,781,782,-1,782,783,780,-1,780,783,784,-1,780,784,716,-1,785,786,716,-1,787,788,716,-1,789,790,784,-1,784,790,791,-1,784,791,716,-1,716,791,792,-1,716,792,785,-1,785,792,793,-1,785,793,794,-1,795,717,796,-1,796,717,716,-1,796,716,797,-1,797,716,788,-1,797,788,798,-1,798,788,799,-1,800,801,786,-1,786,801,802,-1,786,802,716,-1,716,802,803,-1,716,803,787,-1,787,803,804,-1,787,804,805,-1,735,719,795,-1,795,719,717,-1,708,714,806,-1,806,714,807,-1,808,809,810,-1,810,809,811,-1,810,811,806,-1,811,812,806,-1,806,812,813,-1,806,813,814,-1,814,815,806,-1,806,815,816,-1,806,816,817,-1,817,818,806,-1,806,818,819,-1,806,819,820,-1,821,822,708,-1,709,708,823,-1,823,708,824,-1,820,825,806,-1,806,825,826,-1,806,826,708,-1,708,826,827,-1,708,827,821,-1,822,828,708,-1,708,828,829,-1,708,829,824,-1,830,831,832,-1,833,834,835,-1,836,837,838,-1,839,840,684,-1,684,840,841,-1,842,684,843,-1,843,684,841,-1,843,841,844,-1,842,845,846,-1,847,848,684,-1,848,849,850,-1,851,852,853,-1,853,852,854,-1,855,856,857,-1,858,715,859,-1,859,715,685,-1,859,685,860,-1,860,685,684,-1,846,830,842,-1,842,830,832,-1,842,832,684,-1,684,832,853,-1,684,853,847,-1,847,853,854,-1,847,854,861,-1,850,833,848,-1,848,833,835,-1,848,835,684,-1,684,835,855,-1,862,863,864,-1,864,863,865,-1,857,836,855,-1,855,836,838,-1,855,838,684,-1,684,838,864,-1,684,864,860,-1,860,864,865,-1,860,865,866,-1,807,714,713,-1,807,713,867,-1,867,713,724,-1,867,724,868,-1,868,724,722,-1,868,722,869,-1,869,722,721,-1,869,721,870,-1,870,721,720,-1,870,720,871,-1,871,720,872,-1,872,720,723,-1,872,723,873,-1,873,723,715,-1,873,715,858,-1,725,711,736,-1,736,711,710,-1,874,875,780,-1,876,877,780,-1,878,879,780,-1,880,881,780,-1,718,882,716,-1,716,882,883,-1,883,884,716,-1,716,884,885,-1,716,885,886,-1,887,888,889,-1,890,891,780,-1,780,891,892,-1,886,893,716,-1,716,893,894,-1,716,894,895,-1,889,896,887,-1,887,896,897,-1,887,897,898,-1,887,899,888,-1,888,899,900,-1,888,900,901,-1,892,902,780,-1,780,902,903,-1,780,903,904,-1,901,905,888,-1,888,905,906,-1,888,906,907,-1,908,875,909,-1,910,879,911,-1,912,877,913,-1,914,915,881,-1,881,915,916,-1,881,916,917,-1,918,919,920,-1,920,919,780,-1,920,780,921,-1,921,780,904,-1,898,922,887,-1,887,922,923,-1,887,923,924,-1,924,923,925,-1,909,926,908,-1,908,926,927,-1,908,927,928,-1,908,929,875,-1,875,929,930,-1,875,930,931,-1,911,932,910,-1,910,932,933,-1,910,933,934,-1,910,935,879,-1,879,935,936,-1,879,936,937,-1,913,938,912,-1,912,938,939,-1,912,939,940,-1,912,941,877,-1,877,941,942,-1,877,942,943,-1,914,944,915,-1,915,944,945,-1,915,945,946,-1,895,947,716,-1,716,947,948,-1,716,948,949,-1,949,950,716,-1,716,950,951,-1,716,951,780,-1,780,951,952,-1,780,952,888,-1,953,954,955,-1,955,954,925,-1,955,925,956,-1,956,925,923,-1,907,957,888,-1,888,957,958,-1,888,958,780,-1,780,958,959,-1,780,959,874,-1,931,960,875,-1,875,960,961,-1,875,961,962,-1,937,963,879,-1,879,963,964,-1,879,964,965,-1,943,966,877,-1,877,966,967,-1,877,967,968,-1,917,969,881,-1,881,969,970,-1,881,970,971,-1,928,972,908,-1,908,972,973,-1,908,973,974,-1,974,973,975,-1,934,976,910,-1,910,976,977,-1,910,977,978,-1,978,977,979,-1,940,980,912,-1,912,980,981,-1,912,981,982,-1,982,981,983,-1,946,984,915,-1,915,984,985,-1,915,985,986,-1,986,985,987,-1,988,989,780,-1,780,989,990,-1,780,990,890,-1,991,992,993,-1,993,992,975,-1,993,975,994,-1,994,975,973,-1,962,995,875,-1,875,995,996,-1,875,996,780,-1,780,996,997,-1,780,997,878,-1,998,999,1000,-1,1000,999,979,-1,1000,979,1001,-1,1001,979,977,-1,1002,1003,1004,-1,1004,1003,983,-1,1004,983,1005,-1,1005,983,981,-1,1006,1007,1008,-1,1008,1007,987,-1,1008,987,1009,-1,1009,987,985,-1,965,1010,879,-1,879,1010,1011,-1,879,1011,780,-1,780,1011,1012,-1,780,1012,876,-1,968,1013,877,-1,877,1013,1014,-1,877,1014,780,-1,780,1014,1015,-1,780,1015,880,-1,971,1016,881,-1,881,1016,1017,-1,881,1017,780,-1,780,1017,1018,-1,780,1018,988,-1,882,718,688,-1,688,718,689,-1,
        ]
    }
}
Shape{
    appearance Appearance {
        material  Material 	{
            diffuseColor 0.34901960784313724 0.34901960784313724 0.34901960784313724
            specularColor 0.023529411764705882 0.023529411764705882 0.023529411764705882
            ambientIntensity 0.498
            transparency 0.0
            shininess 0.5
        }
    }
    geometry IndexedFaceSet {
        ccw TRUE
        solid FALSE
        coord DEF co Coordinate {
            point [
                0.7895 -0.3257 5.7087, 0.8071 -0.334 5.7087, 0.8071 0.0689 5.7087, 0.6238 -0.3134 5.7087, 0.5709 0.0689 5.7087, 0.6227 -0.3138 5.7087, 0.5709 -0.334 5.7087, 0.7548 -0.3151 5.7087, 0.6789 -0.3053 5.7087, 0.6889 -0.306 5.7087, 0.736 -0.3094 5.7087, 0.8699 -0.3801 5.8658, 0.8858 -0.3642 5.9055, 0.8512 -0.3631 5.819, 0.8858 0.0689 5.9055, 0.8164 -0.3402 5.732, 0.4921 0.0689 5.9055, 0.4921 -0.3642 5.9055, 0.508 -0.3801 5.8658, 0.5615 -0.3402 5.7321, 0.5276 -0.3624 5.8168, 0.6228 -0.314 4.6452, 0.5617 -0.3407 4.6457, 0.9362 -0.4948 5.7087, 0.9355 -0.495 4.6457, 0.9387 -0.5045 4.6457, 0.9449 -0.561 5.7087, 0.9354 -0.6271 4.6457, 0.9362 -0.6273 5.7087, 0.9441 -0.5814 4.6457, 0.9449 -0.561 4.6457, 0.9105 -0.6889 4.6457, 0.916 -0.6791 5.7087, 0.9114 -0.6876 4.6457, 0.9337 -0.6359 4.6457, 0.5616 -0.7818 4.6457, 0.5709 -0.788 5.7087, 0.5724 -0.7888 4.6457, 0.5884 -0.7964 5.7087, 0.6229 -0.8079 4.6457, 0.6231 -0.8069 5.7087, 0.6264 -0.8092 4.6457, 0.642 -0.8126 5.7087, 0.683 -0.8169 4.6457, 0.689 -0.816 5.7087, 0.6889 -0.8163 4.6457, 0.6991 -0.8168 5.7087, 0.7392 -0.812 4.6457, 0.7541 -0.8086 5.7087, 0.7549 -0.8072 4.6457, 0.7552 -0.8082 5.7087, 0.7878 -0.7971 4.6457, 0.8071 -0.788 5.7087, 0.8163 -0.7814 4.6457, 0.8167 -0.7823 5.7328, 0.8357 -0.7707 4.6457, 0.8314 -0.7736 5.7695, 0.8692 -0.7412 4.6457, 0.8699 -0.742 5.8658, 0.8786 -0.7329 4.6457, 0.9022 -0.7025 5.7672, 0.9103 -0.6888 5.7328, 0.4675 -0.4332 4.6457, 0.462 -0.4429 5.7087, 0.466 -0.4353 4.6457, 0.4576 -0.4518 5.7087, 0.4438 -0.4866 4.6457, 0.4426 -0.4951 5.7087, 0.4423 -0.4949 4.6457, 0.4392 -0.5047 5.7087, 0.4338 -0.5415 4.6457, 0.4331 -0.561 5.7087, 0.4331 -0.561 4.6457, 0.4333 -0.5709 5.7087, 0.4393 -0.6171 4.6457, 0.4414 -0.6263 5.7087, 0.4427 -0.627 4.6457, 0.4418 -0.6273 5.7087, 0.4579 -0.671 4.6457, 0.462 -0.6791 5.7087, 0.4685 -0.6882 4.6457, 0.4677 -0.6888 5.7328, 0.4873 -0.7186 4.6457, 0.4764 -0.7035 5.7695, 0.5091 -0.7409 4.6457, 0.508 -0.742 5.8658, 0.5263 -0.7586 4.6457, 0.5267 -0.7589 5.819, 0.5615 -0.7819 5.732, 0.5407 -0.3522 4.6457, 0.5087 -0.3808 4.6457, 0.4995 -0.3889 4.6457, 0.4911 -0.3988 5.819, 0.4681 -0.4336 5.732, 0.6212 -0.3143 4.6452, 0.5906 -0.3248 4.6457, 0.678 -0.3054 4.6441, 0.6889 -0.3061 4.6442, 0.7338 -0.309 4.6446, 0.7548 -0.3152 4.645, 0.8164 -0.3402 4.6457, 0.8052 -0.333 4.6457, 0.7874 -0.3248 4.6457, 0.9207 -0.4523 4.6457, 0.916 -0.4429 5.7087, 0.9094 -0.4338 4.6457, 0.9103 -0.4333 5.7328, 0.8908 -0.4035 4.6457, 0.9016 -0.4186 5.7695, 0.869 -0.381 4.6457, 0.852 -0.3634 4.6457, -0.5884 -0.3257 5.7087, -0.5709 -0.334 5.7087, -0.5709 0.0689 5.7087, -0.7541 -0.3134 5.7087, -0.8071 0.0689 5.7087, -0.7552 -0.3138 5.7087, -0.8071 -0.334 5.7087, -0.6231 -0.3151 5.7087, -0.6991 -0.3053 5.7087, -0.689 -0.306 5.7087, -0.642 -0.3094 5.7087, -0.508 -0.3801 5.8658, -0.4921 -0.3642 5.9055, -0.5267 -0.3631 5.819, -0.4921 0.0689 5.9055, -0.5615 -0.3402 5.732, -0.8858 0.0689 5.9055, -0.8858 -0.3642 5.9055, -0.8699 -0.3801 5.8658, -0.8165 -0.3402 5.7321, -0.8504 -0.3624 5.8168, -0.7552 -0.314 4.6452, -0.8162 -0.3407 4.6457, -0.4418 -0.4948 5.7087, -0.4425 -0.495 4.6457, -0.4392 -0.5045 4.6457, -0.4331 -0.561 5.7087, -0.4426 -0.6271 4.6457, -0.4418 -0.6273 5.7087, -0.4339 -0.5814 4.6457, -0.4331 -0.561 4.6457, -0.4675 -0.6889 4.6457, -0.462 -0.6791 5.7087, -0.4665 -0.6876 4.6457, -0.4442 -0.6359 4.6457, -0.8164 -0.7818 4.6457, -0.8071 -0.788 5.7087, -0.8056 -0.7888 4.6457, -0.7895 -0.7964 5.7087, -0.7551 -0.8079 4.6457, -0.7548 -0.8069 5.7087, -0.7516 -0.8092 4.6457, -0.736 -0.8126 5.7087, -0.695 -0.8169 4.6457, -0.6889 -0.816 5.7087, -0.689 -0.8163 4.6457, -0.6789 -0.8168 5.7087, -0.6388 -0.812 4.6457, -0.6238 -0.8086 5.7087, -0.6231 -0.8072 4.6457, -0.6227 -0.8082 5.7087, -0.5901 -0.7971 4.6457, -0.5709 -0.788 5.7087, -0.5617 -0.7814 4.6457, -0.5612 -0.7823 5.7328, -0.5423 -0.7707 4.6457, -0.5465 -0.7736 5.7695, -0.5087 -0.7412 4.6457, -0.508 -0.742 5.8658, -0.4994 -0.7329 4.6457, -0.4758 -0.7025 5.7672, -0.4677 -0.6888 5.7328, -0.9104 -0.4332 4.6457, -0.916 -0.4429 5.7087, -0.912 -0.4353 4.6457, -0.9204 -0.4518 5.7087, -0.9341 -0.4866 4.6457, -0.9354 -0.4951 5.7087, -0.9357 -0.4949 4.6457, -0.9387 -0.5047 5.7087, -0.9442 -0.5415 4.6457, -0.9449 -0.561 5.7087, -0.9449 -0.561 4.6457, -0.9447 -0.5709 5.7087, -0.9387 -0.6171 4.6457, -0.9365 -0.6263 5.7087, -0.9353 -0.627 4.6457, -0.9362 -0.6273 5.7087, -0.9201 -0.671 4.6457, -0.916 -0.6791 5.7087, -0.9094 -0.6882 4.6457, -0.9103 -0.6888 5.7328, -0.8906 -0.7186 4.6457, -0.9016 -0.7035 5.7695, -0.8689 -0.7409 4.6457, -0.8699 -0.742 5.8658, -0.8516 -0.7586 4.6457, -0.8512 -0.7589 5.819, -0.8164 -0.7819 5.732, -0.8372 -0.3522 4.6457, -0.8693 -0.3808 4.6457, -0.8785 -0.3889 4.6457, -0.8869 -0.3988 5.819, -0.9098 -0.4336 5.732, -0.7567 -0.3143 4.6452, -0.7874 -0.3248 4.6457, -0.7 -0.3054 4.6441, -0.689 -0.3061 4.6442, -0.6441 -0.309 4.6446, -0.6231 -0.3152 4.645, -0.5616 -0.3402 4.6457, -0.5728 -0.333 4.6457, -0.5906 -0.3248 4.6457, -0.4572 -0.4523 4.6457, -0.462 -0.4429 5.7087, -0.4686 -0.4338 4.6457, -0.4677 -0.4333 5.7328, -0.4872 -0.4035 4.6457, -0.4764 -0.4186 5.7695, -0.5089 -0.381 4.6457, -0.5259 -0.3634 4.6457
            ]
        }
        coordIndex [
            0,1,2,-1,3,4,5,-1,5,4,6,-1,0,2,7,-1,3,8,4,-1,4,8,9,-1,4,9,2,-1,2,9,10,-1,2,10,7,-1,11,12,13,-1,13,12,14,-1,13,14,15,-1,15,14,2,-1,15,2,1,-1,16,17,18,-1,6,4,19,-1,19,4,16,-1,19,16,20,-1,20,16,18,-1,3,5,21,-1,6,19,22,-1,23,24,25,-1,23,25,26,-1,27,28,29,-1,29,28,26,-1,29,26,30,-1,30,26,25,-1,31,32,33,-1,33,32,28,-1,33,28,34,-1,34,28,27,-1,35,36,37,-1,37,36,38,-1,37,38,39,-1,39,38,40,-1,39,40,41,-1,41,40,42,-1,41,42,43,-1,43,42,44,-1,43,44,45,-1,45,44,46,-1,45,46,47,-1,47,46,48,-1,47,48,49,-1,49,48,50,-1,49,50,51,-1,51,50,52,-1,51,52,53,-1,53,52,54,-1,53,54,55,-1,55,54,56,-1,55,56,57,-1,57,56,58,-1,57,58,59,-1,59,58,60,-1,59,60,31,-1,31,60,61,-1,31,61,32,-1,62,63,64,-1,64,63,65,-1,64,65,66,-1,66,65,67,-1,66,67,68,-1,68,67,69,-1,68,69,70,-1,70,69,71,-1,70,71,72,-1,72,71,73,-1,72,73,74,-1,74,73,75,-1,74,75,76,-1,76,75,77,-1,76,77,78,-1,78,77,79,-1,78,79,80,-1,80,79,81,-1,80,81,82,-1,82,81,83,-1,82,83,84,-1,84,83,85,-1,84,85,86,-1,86,85,87,-1,86,87,35,-1,35,87,88,-1,35,88,36,-1,22,19,89,-1,89,19,20,-1,89,20,90,-1,90,20,18,-1,90,18,91,-1,91,18,92,-1,91,92,62,-1,62,92,93,-1,62,93,63,-1,21,5,94,-1,6,22,5,-1,5,22,95,-1,5,95,94,-1,3,21,8,-1,8,21,96,-1,8,96,9,-1,9,96,97,-1,9,97,10,-1,10,97,98,-1,10,98,7,-1,7,98,99,-1,7,99,0,-1,100,1,101,-1,101,1,0,-1,101,0,102,-1,102,0,99,-1,24,23,103,-1,103,23,104,-1,103,104,105,-1,105,104,106,-1,105,106,107,-1,107,106,108,-1,107,108,109,-1,109,108,11,-1,109,11,110,-1,110,11,13,-1,110,13,100,-1,100,13,15,-1,100,15,1,-1,111,112,113,-1,114,115,116,-1,116,115,117,-1,111,113,118,-1,114,119,115,-1,115,119,120,-1,115,120,113,-1,113,120,121,-1,113,121,118,-1,122,123,124,-1,124,123,125,-1,124,125,126,-1,126,125,113,-1,126,113,112,-1,127,128,129,-1,117,115,130,-1,130,115,127,-1,130,127,131,-1,131,127,129,-1,114,116,132,-1,117,130,133,-1,134,135,136,-1,134,136,137,-1,138,139,140,-1,140,139,137,-1,140,137,141,-1,141,137,136,-1,142,143,144,-1,144,143,139,-1,144,139,145,-1,145,139,138,-1,146,147,148,-1,148,147,149,-1,148,149,150,-1,150,149,151,-1,150,151,152,-1,152,151,153,-1,152,153,154,-1,154,153,155,-1,154,155,156,-1,156,155,157,-1,156,157,158,-1,158,157,159,-1,158,159,160,-1,160,159,161,-1,160,161,162,-1,162,161,163,-1,162,163,164,-1,164,163,165,-1,164,165,166,-1,166,165,167,-1,166,167,168,-1,168,167,169,-1,168,169,170,-1,170,169,171,-1,170,171,142,-1,142,171,172,-1,142,172,143,-1,173,174,175,-1,175,174,176,-1,175,176,177,-1,177,176,178,-1,177,178,179,-1,179,178,180,-1,179,180,181,-1,181,180,182,-1,181,182,183,-1,183,182,184,-1,183,184,185,-1,185,184,186,-1,185,186,187,-1,187,186,188,-1,187,188,189,-1,189,188,190,-1,189,190,191,-1,191,190,192,-1,191,192,193,-1,193,192,194,-1,193,194,195,-1,195,194,196,-1,195,196,197,-1,197,196,198,-1,197,198,146,-1,146,198,199,-1,146,199,147,-1,133,130,200,-1,200,130,131,-1,200,131,201,-1,201,131,129,-1,201,129,202,-1,202,129,203,-1,202,203,173,-1,173,203,204,-1,173,204,174,-1,132,116,205,-1,117,133,116,-1,116,133,206,-1,116,206,205,-1,114,132,119,-1,119,132,207,-1,119,207,120,-1,120,207,208,-1,120,208,121,-1,121,208,209,-1,121,209,118,-1,118,209,210,-1,118,210,111,-1,211,112,212,-1,212,112,111,-1,212,111,213,-1,213,111,210,-1,135,134,214,-1,214,134,215,-1,214,215,216,-1,216,215,217,-1,216,217,218,-1,218,217,219,-1,218,219,220,-1,220,219,122,-1,220,122,221,-1,221,122,124,-1,221,124,211,-1,211,124,126,-1,211,126,112,-1,
        ]
    }
}
Shape{
    appearance Appearance {
        material  Material 	{
            diffuseColor 0.6666666666666666 0.6666666666666666 0.6666666666666666
            specularColor 0.4666666666666667 0.4666666666666667 0.4666666666666667
            ambientIntensity 0.6667
            transparency 0.0
            shininess 0.5
        }
    }
    geometry IndexedFaceSet {
        ccw TRUE
        solid FALSE
        coord DEF co Coordinate {
            point [
                -0.5315 -1.25 0.0, -0.5315 -2.0768 0.0, -0.8465 -1.25 0.0, -0.8465 -2.0768 0.0, -0.5315 -2.0768 0.1575, -0.8465 -2.0768 0.1575, -0.5315 -1.25 0.1575, -0.8465 -1.25 0.1575, -0.5315 1.25 0.1575, -0.5315 2.0768 0.1575, -0.8465 1.25 0.1575, -0.8465 2.0768 0.1575, -0.5315 2.0768 0.0, -0.8465 2.0768 0.0, -0.5315 1.25 0.0, -0.8465 1.25 0.0, 0.8465 2.0768 0.0, 0.8465 1.25 0.0, 0.5315 2.0768 0.0, 0.5315 1.25 0.0, 0.8465 2.0768 0.1575, 0.5315 2.0768 0.1575, 0.8465 1.25 0.1575, 0.5315 1.25 0.1575, 0.8465 -1.25 0.0, 0.8465 -2.0768 0.0, 0.5315 -1.25 0.0, 0.5315 -2.0768 0.0, 0.8465 -2.0768 0.1575, 0.5315 -2.0768 0.1575, 0.8465 -1.25 0.1575, 0.5315 -1.25 0.1575
            ]
        }
        coordIndex [
            0,1,2,-1,2,1,3,-1,1,4,3,-1,3,4,5,-1,4,6,5,-1,5,6,7,-1,8,9,10,-1,10,9,11,-1,9,12,11,-1,11,12,13,-1,12,14,13,-1,13,14,15,-1,16,17,18,-1,18,17,19,-1,20,16,21,-1,21,16,18,-1,22,20,23,-1,23,20,21,-1,24,25,26,-1,26,25,27,-1,25,28,27,-1,27,28,29,-1,28,30,29,-1,29,30,31,-1,
        ]
    }
}
Shape{
    appearance Appearance {
        material  Material 	{
            diffuseColor 0.20784313725490197 0.20784313725490197 0.20784313725490197
            specularColor 0.01568627450980392 0.01568627450980392 0.01568627450980392
            ambientIntensity 0.298
            transparency 0.0
            shininess 0.5
        }
    }
    geometry IndexedFaceSet {
        ccw TRUE
        solid FALSE
        coord DEF co Coordinate {
            point [
                1.2205 -0.3051 4.6432, 1.2205 -0.3248 4.6457, 0.7874 -0.3248 4.6457, 0.7548 -0.3152 4.645, 0.7338 -0.309 4.6446, 0.6889 -0.3061 4.6442, 0.6212 -0.3143 4.6452, 0.5906 -0.3248 4.6457, 0.3346 -0.3248 4.6457, 0.678 -0.3054 4.6441, 0.6228 -0.314 4.6452, 0.3346 -0.3051 4.6436, 0.3346 -0.3101 4.6448, 1.2205 -0.2957 4.6421, 0.3346 -0.283 4.6384, 1.2205 -0.2775 4.6349, 0.3346 -0.2773 4.6354, 1.2205 -0.2685 4.6314, 0.3346 -0.2596 4.6262, 1.2205 -0.2527 4.6201, 0.3346 -0.2526 4.6202, 1.2205 -0.2447 4.6144, 0.3346 -0.238 4.6077, 1.2205 -0.2321 4.5997, 0.3346 -0.2323 4.5997, 1.2205 -0.2262 4.5928, 0.3346 -0.221 4.5839, 1.2205 -0.217 4.5751, 0.3346 -0.2175 4.5749, 1.2205 -0.214 4.5694, 0.3346 -0.2103 4.5566, 1.2205 -0.2087 4.5473, 0.3346 -0.2091 4.5472, 1.2205 -0.2075 4.5422, 0.3346 -0.2067 4.5276, 1.2205 -0.2067 4.5276
            ]
        }
        coordIndex [
            0,1,2,-1,2,3,0,-1,0,3,4,-1,0,4,5,-1,6,7,8,-1,9,10,11,-1,11,10,6,-1,11,6,12,-1,12,6,8,-1,5,9,0,-1,0,9,11,-1,0,11,13,-1,13,11,14,-1,13,14,15,-1,15,14,16,-1,15,16,17,-1,17,16,18,-1,17,18,19,-1,19,18,20,-1,19,20,21,-1,21,20,22,-1,21,22,23,-1,23,22,24,-1,23,24,25,-1,25,24,26,-1,25,26,27,-1,27,26,28,-1,27,28,29,-1,29,28,30,-1,29,30,31,-1,31,30,32,-1,31,32,33,-1,33,32,34,-1,33,34,35,-1,
        ]
    }
}
Shape{
    appearance Appearance {
        material  Material 	{
            diffuseColor 0.34901960784313724 0.34901960784313724 0.34901960784313724
            specularColor 0.023529411764705882 0.023529411764705882 0.023529411764705882
            ambientIntensity 0.498
            transparency 0.0
            shininess 0.5
        }
    }
    geometry IndexedFaceSet {
        ccw TRUE
        solid FALSE
        coord DEF co Coordinate {
            point [
                0.8699 -0.742 5.8658, 0.8858 -0.7579 5.9055, 0.9022 -0.7025 5.7672, 1.2205 -0.7579 5.9055, 0.9103 -0.6888 5.7328, 1.2205 -0.6791 5.7087, 0.916 -0.6791 5.7087, 0.916 -0.4429 5.7087, 0.9362 -0.4948 5.7087, 1.2205 -0.4429 5.7087, 0.9449 -0.561 5.7087, 0.9362 -0.6273 5.7087, 1.2205 -0.3642 5.9055, 0.8858 -0.3642 5.9055, 0.8699 -0.3801 5.8658, 0.9103 -0.4333 5.7328, 0.9016 -0.4186 5.7695, 0.8858 0.0689 5.9055, 1.2205 0.0689 5.9055, 1.2205 0.0689 5.4094, 1.2205 0.1476 5.2835, 0.1575 0.0689 5.4094, 0.1575 0.1476 5.2835, 0.8071 0.0689 5.7087, 0.5709 0.0689 5.7087, 0.4921 0.0689 5.9055, 0.1575 0.0689 5.9055, 0.1575 -0.3642 5.9055, 0.4921 -0.3642 5.9055, 0.508 -0.3801 5.8658, 0.4911 -0.3988 5.819, 0.4681 -0.4336 5.732, 0.1575 -0.4429 5.7087, 0.462 -0.4429 5.7087, 0.1575 -0.6791 5.7087, 0.462 -0.6791 5.7087, 0.4418 -0.6273 5.7087, 0.4392 -0.5047 5.7087, 0.4426 -0.4951 5.7087, 0.4576 -0.4518 5.7087, 0.4414 -0.6263 5.7087, 0.4333 -0.5709 5.7087, 0.4331 -0.561 5.7087, 0.1575 -0.7579 5.9055, 0.4921 -0.7579 5.9055, 0.508 -0.742 5.8658, 0.4677 -0.6888 5.7328, 0.4764 -0.7035 5.7695, 0.4921 -0.9941 5.9055, 0.1575 -0.9941 5.9055, 0.5267 -0.7589 5.819, 0.5615 -0.7819 5.732, 0.5709 -0.9941 5.7087, 0.5709 -0.788 5.7087, 0.8071 -0.9941 5.7087, 0.8071 -0.788 5.7087, 0.7552 -0.8082 5.7087, 0.642 -0.8126 5.7087, 0.6231 -0.8069 5.7087, 0.5884 -0.7964 5.7087, 0.7541 -0.8086 5.7087, 0.6991 -0.8168 5.7087, 0.689 -0.816 5.7087, 0.8858 -0.9941 5.9055, 0.8167 -0.7823 5.7328, 0.8314 -0.7736 5.7695, 1.1417 -0.9941 5.9055, 1.2205 -0.9154 5.9055, 1.2194 -0.9285 5.9055, 1.1549 -0.993 5.9055, 1.1735 -0.9874 5.9055, 1.1901 -0.9775 5.9055, 1.2038 -0.9638 5.9055, 1.2138 -0.9471 5.9055, 1.2194 -0.9285 4.6457, 1.2205 -0.9154 4.6457, 1.2138 -0.9471 4.6457, 1.2038 -0.9638 4.6457, 1.1901 -0.9775 4.6457, 1.1735 -0.9874 4.6457, 1.1549 -0.993 4.6457, 1.1417 -0.9941 4.6457
            ]
        }
        coordIndex [
            0,1,2,-1,2,1,3,-1,2,3,4,-1,4,3,5,-1,4,5,6,-1,7,8,9,-1,9,8,10,-1,9,10,5,-1,5,10,11,-1,5,11,6,-1,12,13,14,-1,7,9,15,-1,15,9,12,-1,15,12,16,-1,16,12,14,-1,17,13,18,-1,18,13,12,-1,19,20,21,-1,21,20,22,-1,17,18,23,-1,23,18,19,-1,23,19,24,-1,24,19,21,-1,24,21,25,-1,25,21,26,-1,26,27,25,-1,25,27,28,-1,29,28,30,-1,30,28,27,-1,30,27,31,-1,31,27,32,-1,31,32,33,-1,34,35,36,-1,37,38,32,-1,32,38,39,-1,32,39,33,-1,36,40,34,-1,34,40,41,-1,34,41,32,-1,32,41,42,-1,32,42,37,-1,43,44,45,-1,35,34,46,-1,46,34,43,-1,46,43,47,-1,47,43,45,-1,48,44,49,-1,49,44,43,-1,45,44,50,-1,50,44,48,-1,50,48,51,-1,51,48,52,-1,51,52,53,-1,54,55,56,-1,57,58,52,-1,52,58,59,-1,52,59,53,-1,56,60,54,-1,54,60,61,-1,54,61,52,-1,52,61,62,-1,52,62,57,-1,63,1,0,-1,55,54,64,-1,64,54,63,-1,64,63,65,-1,65,63,0,-1,1,63,3,-1,3,63,66,-1,3,66,67,-1,67,66,68,-1,68,66,69,-1,68,69,70,-1,70,71,68,-1,68,71,72,-1,68,72,73,-1,74,75,67,-1,67,68,74,-1,74,68,73,-1,74,73,76,-1,76,73,72,-1,76,72,77,-1,77,72,71,-1,77,71,78,-1,78,71,70,-1,78,70,79,-1,79,70,69,-1,79,69,80,-1,80,69,66,-1,80,66,81,-1,
        ]
    }
}
Shape{
    appearance Appearance {
        material  Material 	{
            diffuseColor 0.20784313725490197 0.20784313725490197 0.20784313725490197
            specularColor 0.01568627450980392 0.01568627450980392 0.01568627450980392
            ambientIntensity 0.298
            transparency 0.0
            shininess 0.5
        }
    }
    geometry IndexedFaceSet {
        ccw TRUE
        solid FALSE
        coord DEF co Coordinate {
            point [
                0.869 -0.381 4.6457, 0.852 -0.3634 4.6457, 1.2205 -0.3248 4.6457, 0.8164 -0.3402 4.6457, 0.8052 -0.333 4.6457, 0.7874 -0.3248 4.6457, 0.5407 -0.3522 4.6457, 0.3346 -0.3248 4.6457, 0.5617 -0.3407 4.6457, 0.5906 -0.3248 4.6457, 0.5087 -0.3808 4.6457, 0.4995 -0.3889 4.6457, 0.4675 -0.4332 4.6457, 0.466 -0.4353 4.6457, 0.4438 -0.4866 4.6457, 0.4423 -0.4949 4.6457, 0.4393 -0.6171 4.6457, 0.3346 -0.9941 4.6457, 0.4331 -0.561 4.6457, 0.4338 -0.5415 4.6457, 0.9105 -0.6889 4.6457, 0.9114 -0.6876 4.6457, 1.2205 -0.9154 4.6457, 0.9337 -0.6359 4.6457, 0.9207 -0.4523 4.6457, 0.9355 -0.495 4.6457, 0.9387 -0.5045 4.6457, 0.9094 -0.4338 4.6457, 0.8908 -0.4035 4.6457, 0.4427 -0.627 4.6457, 0.4579 -0.671 4.6457, 0.4685 -0.6882 4.6457, 0.4873 -0.7186 4.6457, 0.5091 -0.7409 4.6457, 0.5263 -0.7586 4.6457, 0.5616 -0.7818 4.6457, 0.5724 -0.7888 4.6457, 0.6229 -0.8079 4.6457, 0.8786 -0.7329 4.6457, 1.1549 -0.993 4.6457, 0.8692 -0.7412 4.6457, 1.1417 -0.9941 4.6457, 0.6264 -0.8092 4.6457, 0.683 -0.8169 4.6457, 0.6889 -0.8163 4.6457, 0.7392 -0.812 4.6457, 0.7549 -0.8072 4.6457, 0.7878 -0.7971 4.6457, 0.8163 -0.7814 4.6457, 0.8357 -0.7707 4.6457, 1.2138 -0.9471 4.6457, 1.2038 -0.9638 4.6457, 0.9354 -0.6271 4.6457, 0.9441 -0.5814 4.6457, 0.9449 -0.561 4.6457, 1.2194 -0.9285 4.6457, 1.1901 -0.9775 4.6457, 1.1735 -0.9874 4.6457, -0.1575 -0.3051 4.6432, -0.1575 -0.3248 4.6457, -0.5906 -0.3248 4.6457, -0.6231 -0.3152 4.645, -0.6441 -0.309 4.6446, -0.689 -0.3061 4.6442, -0.7567 -0.3143 4.6452, -0.7874 -0.3248 4.6457, -1.0433 -0.3248 4.6457, -0.7 -0.3054 4.6441, -0.7552 -0.314 4.6452, -1.0433 -0.3051 4.6436, -1.0433 -0.3101 4.6448, -0.1575 -0.2957 4.6421, -1.0433 -0.283 4.6384, -0.1575 -0.2775 4.6349, -1.0433 -0.2773 4.6354, -0.1575 -0.2685 4.6314, -1.0433 -0.2596 4.6262, -0.1575 -0.2527 4.6201, -1.0433 -0.2526 4.6202, -0.1575 -0.2447 4.6144, -1.0433 -0.238 4.6077, -0.1575 -0.2321 4.5997, -1.0433 -0.2323 4.5997, -0.1575 -0.2262 4.5928, -1.0433 -0.221 4.5839, -0.1575 -0.217 4.5751, -1.0433 -0.2175 4.5749, -0.1575 -0.214 4.5694, -1.0433 -0.2103 4.5566, -0.1575 -0.2087 4.5473, -1.0433 -0.2091 4.5472, -0.1575 -0.2075 4.5422, -1.0433 -0.2067 4.5276, -0.1575 -0.2067 4.5276
            ]
        }
        coordIndex [
            0,1,2,-1,1,3,2,-1,2,3,4,-1,2,4,5,-1,6,7,8,-1,8,7,9,-1,6,10,7,-1,7,10,11,-1,7,11,12,-1,12,13,7,-1,7,13,14,-1,7,14,15,-1,16,17,18,-1,18,17,7,-1,18,7,19,-1,19,7,15,-1,20,21,22,-1,22,21,23,-1,24,2,25,-1,25,2,26,-1,24,27,2,-1,2,27,28,-1,2,28,0,-1,16,29,17,-1,17,29,30,-1,17,30,31,-1,31,32,17,-1,17,32,33,-1,17,33,34,-1,34,35,17,-1,17,35,36,-1,17,36,37,-1,38,39,40,-1,40,39,41,-1,37,42,17,-1,17,42,43,-1,17,43,41,-1,41,43,44,-1,44,45,41,-1,41,45,46,-1,41,46,47,-1,47,48,41,-1,41,48,49,-1,41,49,40,-1,50,51,38,-1,23,52,22,-1,22,52,53,-1,22,53,2,-1,2,53,54,-1,2,54,26,-1,20,22,38,-1,38,22,55,-1,38,55,50,-1,51,56,38,-1,38,56,57,-1,38,57,39,-1,58,59,60,-1,60,61,58,-1,58,61,62,-1,58,62,63,-1,64,65,66,-1,67,68,69,-1,69,68,64,-1,69,64,70,-1,70,64,66,-1,63,67,58,-1,58,67,69,-1,58,69,71,-1,71,69,72,-1,71,72,73,-1,73,72,74,-1,73,74,75,-1,75,74,76,-1,75,76,77,-1,77,76,78,-1,77,78,79,-1,79,78,80,-1,79,80,81,-1,81,80,82,-1,81,82,83,-1,83,82,84,-1,83,84,85,-1,85,84,86,-1,85,86,87,-1,87,86,88,-1,87,88,89,-1,89,88,90,-1,89,90,91,-1,91,90,92,-1,91,92,93,-1,
        ]
    }
}
Shape{
    appearance Appearance {
        material  Material 	{
            diffuseColor 0.34901960784313724 0.34901960784313724 0.34901960784313724
            specularColor 0.023529411764705882 0.023529411764705882 0.023529411764705882
            ambientIntensity 0.498
            transparency 0.0
            shininess 0.5
        }
    }
    geometry IndexedFaceSet {
        ccw TRUE
        solid FALSE
        coord DEF co Coordinate {
            point [
                -0.508 -0.742 5.8658, -0.4921 -0.7579 5.9055, -0.4758 -0.7025 5.7672, -0.1575 -0.7579 5.9055, -0.4677 -0.6888 5.7328, -0.1575 -0.6791 5.7087, -0.462 -0.6791 5.7087, -0.462 -0.4429 5.7087, -0.4418 -0.4948 5.7087, -0.1575 -0.4429 5.7087, -0.4331 -0.561 5.7087, -0.4418 -0.6273 5.7087, -0.1575 -0.3642 5.9055, -0.4921 -0.3642 5.9055, -0.508 -0.3801 5.8658, -0.4677 -0.4333 5.7328, -0.4764 -0.4186 5.7695, -0.4921 0.0689 5.9055, -0.1575 0.0689 5.9055, -0.1575 0.0689 5.4094, -0.1575 0.1476 5.2835, -1.2205 0.0689 5.4094, -1.2205 0.1476 5.2835, -0.5709 0.0689 5.7087, -0.8071 0.0689 5.7087, -0.8858 0.0689 5.9055, -1.2205 0.0689 5.9055, -1.2205 -0.3642 5.9055, -0.8858 -0.3642 5.9055, -0.8699 -0.3801 5.8658, -0.8869 -0.3988 5.819, -0.9098 -0.4336 5.732, -1.2205 -0.4429 5.7087, -0.916 -0.4429 5.7087, -1.2205 -0.6791 5.7087, -0.916 -0.6791 5.7087, -0.9362 -0.6273 5.7087, -0.9387 -0.5047 5.7087, -0.9354 -0.4951 5.7087, -0.9204 -0.4518 5.7087, -0.9365 -0.6263 5.7087, -0.9447 -0.5709 5.7087, -0.9449 -0.561 5.7087
            ]
        }
        coordIndex [
            0,1,2,-1,2,1,3,-1,2,3,4,-1,4,3,5,-1,4,5,6,-1,7,8,9,-1,9,8,10,-1,9,10,5,-1,5,10,11,-1,5,11,6,-1,12,13,14,-1,7,9,15,-1,15,9,12,-1,15,12,16,-1,16,12,14,-1,17,13,18,-1,18,13,12,-1,19,20,21,-1,21,20,22,-1,17,18,23,-1,23,18,19,-1,23,19,24,-1,24,19,21,-1,24,21,25,-1,25,21,26,-1,26,27,25,-1,25,27,28,-1,29,28,30,-1,30,28,27,-1,30,27,31,-1,31,27,32,-1,31,32,33,-1,34,35,36,-1,37,38,32,-1,32,38,39,-1,32,39,33,-1,36,40,34,-1,34,40,41,-1,34,41,32,-1,32,41,42,-1,32,42,37,-1,
        ]
    }
}
Shape{
    appearance Appearance {
        material  Material 	{
            diffuseColor 0.20784313725490197 0.20784313725490197 0.20784313725490197
            specularColor 0.01568627450980392 0.01568627450980392 0.01568627450980392
            ambientIntensity 0.298
            transparency 0.0
            shininess 0.5
        }
    }
    geometry IndexedFaceSet {
        ccw TRUE
        solid FALSE
        coord DEF co Coordinate {
            point [
                -1.2205 -0.7579 5.9055, -0.8858 -0.7579 5.9055, -0.8699 -0.742 5.8658, -0.916 -0.6791 5.7087, -1.2205 -0.6791 5.7087, -0.9103 -0.6888 5.7328, -0.9016 -0.7035 5.7695
            ]
        }
        coordIndex [
            0,1,2,-1,3,4,5,-1,5,4,0,-1,5,0,6,-1,6,0,2,-1,
        ]
    }
}
Shape{
    appearance Appearance {
        material  Material 	{
            diffuseColor 0.34901960784313724 0.34901960784313724 0.34901960784313724
            specularColor 0.023529411764705882 0.023529411764705882 0.023529411764705882
            ambientIntensity 0.498
            transparency 0.0
            shininess 0.5
        }
    }
    geometry IndexedFaceSet {
        ccw TRUE
        solid FALSE
        coord DEF co Coordinate {
            point [
                -0.8858 -0.9941 5.9055, -0.8858 -0.7579 5.9055, -1.2205 -0.9941 5.9055, -1.2205 -0.7579 5.9055, -0.8699 -0.742 5.8658, -0.8512 -0.7589 5.819, -0.8164 -0.7819 5.732, -0.8071 -0.9941 5.7087, -0.8071 -0.788 5.7087, -0.5709 -0.9941 5.7087, -0.5709 -0.788 5.7087, -0.6227 -0.8082 5.7087, -0.736 -0.8126 5.7087, -0.7548 -0.8069 5.7087, -0.7895 -0.7964 5.7087, -0.6238 -0.8086 5.7087, -0.6789 -0.8168 5.7087, -0.6889 -0.816 5.7087, -0.4921 -0.9941 5.9055, -0.4921 -0.7579 5.9055, -0.508 -0.742 5.8658, -0.5612 -0.7823 5.7328, -0.5465 -0.7736 5.7695, -0.1575 -0.7579 5.9055, -0.2362 -0.9941 5.9055, -0.223 -0.993 5.9055, -0.1586 -0.9285 5.9055, -0.1575 -0.9154 5.9055, -0.2045 -0.9874 5.9055, -0.1878 -0.9775 5.9055, -0.1642 -0.9471 5.9055, -0.1741 -0.9638 5.9055, -0.1586 -0.9285 4.6457, -0.1575 -0.9154 4.6457, -0.1642 -0.9471 4.6457, -0.1741 -0.9638 4.6457, -0.1878 -0.9775 4.6457, -0.2045 -0.9874 4.6457, -0.223 -0.993 4.6457, -0.2362 -0.9941 4.6457
            ]
        }
        coordIndex [
            0,1,2,-1,2,1,3,-1,4,1,5,-1,5,1,0,-1,5,0,6,-1,6,0,7,-1,6,7,8,-1,9,10,11,-1,12,13,7,-1,7,13,14,-1,7,14,8,-1,11,15,9,-1,9,15,16,-1,9,16,7,-1,7,16,17,-1,7,17,12,-1,18,19,20,-1,10,9,21,-1,21,9,18,-1,21,18,22,-1,22,18,20,-1,19,18,23,-1,23,18,24,-1,25,26,24,-1,24,26,27,-1,24,27,23,-1,25,28,26,-1,26,28,29,-1,26,29,30,-1,30,29,31,-1,32,33,27,-1,27,26,32,-1,32,26,30,-1,32,30,34,-1,34,30,31,-1,34,31,35,-1,35,31,29,-1,35,29,36,-1,36,29,28,-1,36,28,37,-1,37,28,25,-1,37,25,38,-1,38,25,24,-1,38,24,39,-1,
        ]
    }
}
Shape{
    appearance Appearance {
        material  Material 	{
            diffuseColor 0.20784313725490197 0.20784313725490197 0.20784313725490197
            specularColor 0.01568627450980392 0.01568627450980392 0.01568627450980392
            ambientIntensity 0.298
            transparency 0.0
            shininess 0.5
        }
    }
    geometry IndexedFaceSet {
        ccw TRUE
        solid FALSE
        coord DEF co Coordinate {
            point [
                -0.5089 -0.381 4.6457, -0.5259 -0.3634 4.6457, -0.1575 -0.3248 4.6457, -0.5616 -0.3402 4.6457, -0.5728 -0.333 4.6457, -0.5906 -0.3248 4.6457, -0.8372 -0.3522 4.6457, -1.0433 -0.3248 4.6457, -0.8162 -0.3407 4.6457, -0.7874 -0.3248 4.6457, -0.8693 -0.3808 4.6457, -0.8785 -0.3889 4.6457, -0.9104 -0.4332 4.6457, -0.912 -0.4353 4.6457, -0.9341 -0.4866 4.6457, -0.9357 -0.4949 4.6457, -0.9387 -0.6171 4.6457, -1.0433 -0.9941 4.6457, -0.9449 -0.561 4.6457, -0.9442 -0.5415 4.6457, -0.4675 -0.6889 4.6457, -0.4665 -0.6876 4.6457, -0.1575 -0.9154 4.6457, -0.4442 -0.6359 4.6457, -0.4572 -0.4523 4.6457, -0.4425 -0.495 4.6457, -0.4392 -0.5045 4.6457, -0.4686 -0.4338 4.6457, -0.4872 -0.4035 4.6457, -0.9353 -0.627 4.6457, -0.9201 -0.671 4.6457, -0.9094 -0.6882 4.6457, -0.8906 -0.7186 4.6457, -0.8689 -0.7409 4.6457, -0.8516 -0.7586 4.6457, -0.8164 -0.7818 4.6457, -0.8056 -0.7888 4.6457, -0.7551 -0.8079 4.6457, -0.2362 -0.9941 4.6457, -0.5087 -0.7412 4.6457, -0.223 -0.993 4.6457, -0.4994 -0.7329 4.6457, -0.2045 -0.9874 4.6457, -0.7516 -0.8092 4.6457, -0.695 -0.8169 4.6457, -0.689 -0.8163 4.6457, -0.6388 -0.812 4.6457, -0.6231 -0.8072 4.6457, -0.5901 -0.7971 4.6457, -0.5617 -0.7814 4.6457, -0.5423 -0.7707 4.6457, -0.1586 -0.9285 4.6457, -0.1642 -0.9471 4.6457, -0.4426 -0.6271 4.6457, -0.4339 -0.5814 4.6457, -0.4331 -0.561 4.6457, -0.1741 -0.9638 4.6457, -0.1878 -0.9775 4.6457
            ]
        }
        coordIndex [
            0,1,2,-1,1,3,2,-1,2,3,4,-1,2,4,5,-1,6,7,8,-1,8,7,9,-1,6,10,7,-1,7,10,11,-1,7,11,12,-1,12,13,7,-1,7,13,14,-1,7,14,15,-1,16,17,18,-1,18,17,7,-1,18,7,19,-1,19,7,15,-1,20,21,22,-1,22,21,23,-1,24,2,25,-1,25,2,26,-1,24,27,2,-1,2,27,28,-1,2,28,0,-1,16,29,17,-1,17,29,30,-1,17,30,31,-1,31,32,17,-1,17,32,33,-1,17,33,34,-1,34,35,17,-1,17,35,36,-1,17,36,37,-1,38,39,40,-1,40,39,41,-1,40,41,42,-1,37,43,17,-1,17,43,44,-1,17,44,38,-1,38,44,45,-1,45,46,38,-1,38,46,47,-1,38,47,48,-1,48,49,38,-1,38,49,50,-1,38,50,39,-1,20,22,41,-1,41,22,51,-1,41,51,52,-1,23,53,22,-1,22,53,54,-1,22,54,2,-1,2,54,55,-1,2,55,26,-1,52,56,41,-1,41,56,57,-1,41,57,42,-1,
        ]
    }
}
Shape{
    appearance Appearance {
        material  Material 	{
            diffuseColor 0.6666666666666666 0.6666666666666666 0.6666666666666666
            specularColor 0.4666666666666667 0.4666666666666667 0.4666666666666667
            ambientIntensity 0.6667
            transparency 0.0
            shininess 0.5
        }
    }
    geometry IndexedFaceSet {
        ccw TRUE
        solid FALSE
        coord DEF co Coordinate {
            point [
                -0.5315 -1.1713 0.2362, -0.8465 -1.1713 0.2362, -0.5315 -1.1732 0.2187, -0.8465 -1.1732 0.2187, -0.5315 -1.1791 0.2021, -0.8465 -1.1791 0.2021, -0.5315 -1.1884 0.1871, -0.8465 -1.1884 0.1871, -0.5315 -1.2009 0.1747, -0.8465 -1.2009 0.1747, -0.5315 -1.2158 0.1653, -0.8465 -1.2158 0.1653, -0.5315 -1.2325 0.1595, -0.8465 -1.2325 0.1595, -0.5315 -1.25 0.1575, -0.8465 -1.25 0.1575, -0.8464 -1.0138 0.6114, -0.8465 -1.0138 0.6114, -0.8464 -1.1713 0.6114, -0.8465 -1.1713 0.6114, -0.8465 -2.0768 0.0, -0.8465 -2.0768 0.1575, -0.8465 -1.25 0.0, -0.8465 -1.1889 0.008, -0.8465 -1.1319 0.0316, -0.8465 -1.083 0.0692, -0.8465 -1.0138 0.2362, -0.8465 -1.0218 0.1751, -0.8465 -1.0454 0.1181, -0.5315 -1.25 0.0, -0.5315 -1.1889 0.008, -0.5315 -1.1319 0.0316, -0.5315 -1.083 0.0692, -0.5315 -1.0454 0.1181, -0.5315 -1.0218 0.1751, -0.5315 -1.0138 0.2362, -0.5315 -2.0768 0.1575, -0.5315 -2.0768 0.0, -0.5315 -1.0138 0.6114, -0.5315 -1.1713 0.6114, -0.5315 1.25 0.1575, -0.8465 1.25 0.1575, -0.5315 1.2325 0.1595, -0.8465 1.2325 0.1595, -0.5315 1.2158 0.1653, -0.8465 1.2158 0.1653, -0.5315 1.2009 0.1747, -0.8465 1.2009 0.1747, -0.5315 1.1884 0.1871, -0.8465 1.1884 0.1871, -0.5315 1.1791 0.2021, -0.8465 1.1791 0.2021, -0.5315 1.1732 0.2187, -0.8465 1.1732 0.2187, -0.5315 1.1713 0.2362, -0.8465 1.1713 0.2362, -0.5315 1.0138 0.2362, -0.8465 1.0138 0.2362, -0.8465 1.0218 0.1751, -0.5315 1.0218 0.1751, -0.8465 1.0454 0.1181, -0.5315 1.0454 0.1181, -0.8465 1.083 0.0692, -0.5315 1.083 0.0692, -0.8465 1.1319 0.0316, -0.5315 1.1319 0.0316, -0.8465 1.1889 0.008, -0.5315 1.1889 0.008, -0.8465 1.25 0.0, -0.5315 1.25 0.0, -0.8465 1.0138 0.6114, -0.8465 1.1713 0.6114, -0.8465 2.0768 0.1575, -0.8465 2.0768 0.0, -0.5315 1.1713 0.6114, -0.5315 1.0138 0.6114, -0.5315 2.0768 0.0, -0.5315 2.0768 0.1575, 0.8465 1.25 0.1575, 0.5315 1.25 0.1575, 0.8465 1.2325 0.1595, 0.5315 1.2325 0.1595, 0.8465 1.2158 0.1653, 0.5315 1.2158 0.1653, 0.8465 1.2009 0.1747, 0.5315 1.2009 0.1747, 0.8465 1.1884 0.1871, 0.5315 1.1884 0.1871, 0.8465 1.1791 0.2021, 0.5315 1.1791 0.2021, 0.8465 1.1732 0.2187, 0.5315 1.1732 0.2187, 0.8465 1.1713 0.2362, 0.5315 1.1713 0.2362, 0.8465 1.1713 0.6114, 0.8465 1.0138 0.6114, 0.8465 1.0138 0.2362, 0.8465 1.0218 0.1751, 0.8465 1.0454 0.1181, 0.8465 1.083 0.0692, 0.8465 2.0768 0.0, 0.8465 2.0768 0.1575, 0.8465 1.25 0.0, 0.8465 1.1889 0.008, 0.8465 1.1319 0.0316, 0.5315 1.0138 0.2362, 0.5315 1.0218 0.1751, 0.5315 1.0454 0.1181, 0.5315 1.083 0.0692, 0.5315 1.1319 0.0316, 0.5315 1.1889 0.008, 0.5315 1.25 0.0, 0.5315 1.0138 0.6114, 0.5315 1.1713 0.6114, 0.5315 2.0768 0.1575, 0.5315 2.0768 0.0, 0.8465 -1.1713 0.2362, 0.5315 -1.1713 0.2362, 0.8465 -1.1732 0.2187, 0.5315 -1.1732 0.2187, 0.8465 -1.1791 0.2021, 0.5315 -1.1791 0.2021, 0.8465 -1.1884 0.1871, 0.5315 -1.1884 0.1871, 0.8465 -1.2009 0.1747, 0.5315 -1.2009 0.1747, 0.8465 -1.2158 0.1653, 0.5315 -1.2158 0.1653, 0.8465 -1.2325 0.1595, 0.5315 -1.2325 0.1595, 0.8465 -1.25 0.1575, 0.5315 -1.25 0.1575, 0.5315 -1.0138 0.6114, 0.5315 -1.0138 0.6114, 0.5315 -1.1713 0.6114, 0.5315 -1.1713 0.6114, 0.5315 -2.0768 0.0, 0.5315 -2.0768 0.1575, 0.5315 -1.25 0.0, 0.5315 -1.1889 0.008, 0.5315 -1.1319 0.0316, 0.5315 -1.083 0.0692, 0.5315 -1.0138 0.2362, 0.5315 -1.0218 0.1751, 0.5315 -1.0454 0.1181, 0.8465 -1.25 0.0, 0.8465 -1.1889 0.008, 0.8465 -1.1319 0.0316, 0.8465 -1.083 0.0692, 0.8465 -1.0454 0.1181, 0.8465 -1.0218 0.1751, 0.8465 -1.0138 0.2362, 0.8465 -2.0768 0.1575, 0.8465 -2.0768 0.0, 0.8465 -1.0138 0.6114, 0.8465 -1.1713 0.6114
            ]
        }
        coordIndex [
            0,1,2,-1,2,1,3,-1,2,3,4,-1,4,3,5,-1,4,5,6,-1,6,5,7,-1,6,7,8,-1,8,7,9,-1,8,9,10,-1,10,9,11,-1,10,11,12,-1,12,11,13,-1,12,13,14,-1,14,13,15,-1,16,17,18,-1,18,17,19,-1,20,21,22,-1,22,21,15,-1,22,15,23,-1,23,15,13,-1,23,13,24,-1,24,13,11,-1,24,11,25,-1,19,17,1,-1,1,17,26,-1,1,26,3,-1,3,26,27,-1,3,27,5,-1,5,27,28,-1,5,28,7,-1,7,28,25,-1,7,25,9,-1,9,25,11,-1,29,22,23,-1,29,23,30,-1,30,23,24,-1,30,24,31,-1,31,24,25,-1,31,25,32,-1,32,25,28,-1,32,28,33,-1,33,28,27,-1,33,27,34,-1,34,27,26,-1,34,26,35,-1,36,37,14,-1,14,37,29,-1,14,29,12,-1,12,29,30,-1,12,30,10,-1,10,30,31,-1,10,31,8,-1,8,31,32,-1,38,39,35,-1,35,39,0,-1,35,0,34,-1,34,0,2,-1,34,2,33,-1,33,2,4,-1,33,4,32,-1,32,4,6,-1,32,6,8,-1,40,41,42,-1,42,41,43,-1,42,43,44,-1,44,43,45,-1,44,45,46,-1,46,45,47,-1,46,47,48,-1,48,47,49,-1,48,49,50,-1,50,49,51,-1,50,51,52,-1,52,51,53,-1,52,53,54,-1,54,53,55,-1,56,57,58,-1,56,58,59,-1,59,58,60,-1,59,60,61,-1,61,60,62,-1,61,62,63,-1,63,62,64,-1,63,64,65,-1,65,64,66,-1,65,66,67,-1,67,66,68,-1,67,68,69,-1,70,71,57,-1,57,71,55,-1,57,55,58,-1,58,55,53,-1,58,53,60,-1,60,53,51,-1,60,51,62,-1,72,73,41,-1,41,73,68,-1,41,68,43,-1,43,68,66,-1,43,66,45,-1,45,66,64,-1,45,64,47,-1,47,64,62,-1,47,62,49,-1,49,62,51,-1,74,75,54,-1,54,75,56,-1,54,56,52,-1,52,56,59,-1,52,59,50,-1,50,59,61,-1,50,61,48,-1,48,61,63,-1,76,77,69,-1,69,77,40,-1,69,40,67,-1,67,40,42,-1,67,42,65,-1,65,42,44,-1,65,44,63,-1,63,44,46,-1,63,46,48,-1,78,79,80,-1,80,79,81,-1,80,81,82,-1,82,81,83,-1,82,83,84,-1,84,83,85,-1,84,85,86,-1,86,85,87,-1,86,87,88,-1,88,87,89,-1,88,89,90,-1,90,89,91,-1,90,91,92,-1,92,91,93,-1,94,95,92,-1,92,95,96,-1,92,96,90,-1,90,96,97,-1,90,97,88,-1,88,97,98,-1,88,98,86,-1,86,98,99,-1,100,101,102,-1,102,101,78,-1,102,78,103,-1,103,78,80,-1,103,80,104,-1,104,80,82,-1,104,82,99,-1,99,82,84,-1,99,84,86,-1,96,105,106,-1,96,106,97,-1,97,106,107,-1,97,107,98,-1,98,107,108,-1,98,108,99,-1,99,108,109,-1,99,109,104,-1,104,109,110,-1,104,110,103,-1,103,110,111,-1,103,111,102,-1,112,113,105,-1,105,113,93,-1,105,93,106,-1,106,93,91,-1,106,91,107,-1,107,91,89,-1,107,89,108,-1,114,115,79,-1,79,115,111,-1,79,111,81,-1,81,111,110,-1,81,110,83,-1,83,110,109,-1,83,109,85,-1,85,109,108,-1,85,108,87,-1,87,108,89,-1,116,117,118,-1,118,117,119,-1,118,119,120,-1,120,119,121,-1,120,121,122,-1,122,121,123,-1,122,123,124,-1,124,123,125,-1,124,125,126,-1,126,125,127,-1,126,127,128,-1,128,127,129,-1,128,129,130,-1,130,129,131,-1,132,133,134,-1,134,133,135,-1,136,137,138,-1,138,137,131,-1,138,131,139,-1,139,131,129,-1,139,129,140,-1,140,129,127,-1,140,127,141,-1,135,133,117,-1,117,133,142,-1,117,142,119,-1,119,142,143,-1,119,143,121,-1,121,143,144,-1,121,144,123,-1,123,144,141,-1,123,141,125,-1,125,141,127,-1,145,138,139,-1,145,139,146,-1,146,139,140,-1,146,140,147,-1,147,140,141,-1,147,141,148,-1,148,141,144,-1,148,144,149,-1,149,144,143,-1,149,143,150,-1,150,143,142,-1,150,142,151,-1,152,153,130,-1,130,153,145,-1,130,145,128,-1,128,145,146,-1,128,146,126,-1,126,146,147,-1,126,147,124,-1,124,147,148,-1,154,155,151,-1,151,155,116,-1,151,116,150,-1,150,116,118,-1,150,118,149,-1,149,118,120,-1,149,120,148,-1,148,120,122,-1,148,122,124,-1,
        ]
    }
}
Shape{
    appearance Appearance {
        material  Material 	{
            diffuseColor 0.20784313725490197 0.20784313725490197 0.20784313725490197
            specularColor 0.01568627450980392 0.01568627450980392 0.01568627450980392
            ambientIntensity 0.298
            transparency 0.0
            shininess 0.5
        }
    }
    geometry IndexedFaceSet {
        ccw TRUE
        solid FALSE
        coord DEF co Coordinate {
            point [
                0.3346 -0.238 4.6077, 0.3346 -0.2526 4.6202, 0.3346 -0.9941 4.2126, 0.3346 -0.2596 4.6262, 0.3346 -0.2067 4.2126, 0.3346 -0.2067 4.5276, 0.3346 -0.2773 4.6354, 0.3346 -0.283 4.6384, 0.3346 -0.3051 4.6436, 0.3346 -0.2091 4.5472, 0.3346 -0.2103 4.5566, 0.3346 -0.2175 4.5749, 0.3346 -0.221 4.5839, 0.3346 -0.2323 4.5997, 0.3346 -0.3101 4.6448, 0.3346 -0.3248 4.6457, 0.3346 -0.9941 4.6457, 1.2205 -0.2067 4.2126, 1.2205 -0.2067 4.5276
            ]
        }
        coordIndex [
            0,1,2,-1,2,1,3,-1,2,4,5,-1,3,6,2,-1,2,6,7,-1,2,7,8,-1,5,9,2,-1,2,9,10,-1,2,10,11,-1,11,12,2,-1,2,12,13,-1,2,13,0,-1,8,14,2,-1,2,14,15,-1,2,15,16,-1,17,18,4,-1,4,18,5,-1,
        ]
    }
}
Shape{
    appearance Appearance {
        material  Material 	{
            diffuseColor 0.34901960784313724 0.34901960784313724 0.34901960784313724
            specularColor 0.023529411764705882 0.023529411764705882 0.023529411764705882
            ambientIntensity 0.498
            transparency 0.0
            shininess 0.5
        }
    }
    geometry IndexedFaceSet {
        ccw TRUE
        solid FALSE
        coord DEF co Coordinate {
            point [
                1.2205 0.0689 5.9055, 1.2205 -0.3642 5.9055, 1.2205 0.0689 5.4094, 1.2205 -0.4429 5.7087, 1.2205 0.1476 5.2835, 1.2205 0.1476 4.2126, 1.2205 -0.7579 5.9055, 1.2205 -0.9154 5.9055, 1.2205 -0.6791 5.7087, 1.2205 -0.9154 4.6457, 1.2205 -0.3248 4.6457, 1.2205 -0.3051 4.6432, 1.2205 -0.2957 4.6421, 1.2205 -0.2775 4.6349, 1.2205 -0.2685 4.6314, 1.2205 -0.2527 4.6201, 1.2205 -0.2447 4.6144, 1.2205 -0.214 4.5694, 1.2205 -0.2087 4.5473, 1.2205 -0.2075 4.5422, 1.2205 -0.2067 4.5276, 1.2205 -0.2067 4.2126, 1.2205 -0.2321 4.5997, 1.2205 -0.2262 4.5928, 1.2205 -0.217 4.5751, 0.1575 0.1476 4.2126, 0.1575 0.1476 5.2835, 0.1575 0.0689 5.4094, 0.1575 -0.4429 5.7087, 0.1575 -0.3642 5.9055, 0.1575 0.0689 5.9055, 0.1575 -0.6791 5.7087, 0.1575 -0.9941 4.2126, 0.1575 -0.7579 5.9055, 0.1575 -0.9941 5.9055, 0.3346 -0.9941 4.6457, 0.3346 -0.9941 4.2126, 0.4921 -0.9941 5.9055, 0.5709 -0.9941 5.7087, 0.8071 -0.9941 5.7087, 1.1417 -0.9941 4.6457, 0.8858 -0.9941 5.9055, 1.1417 -0.9941 5.9055
            ]
        }
        coordIndex [
            0,1,2,-1,2,1,3,-1,2,3,4,-1,4,3,5,-1,6,7,8,-1,8,7,9,-1,8,9,3,-1,3,9,10,-1,10,11,3,-1,3,11,12,-1,3,12,13,-1,13,14,3,-1,3,14,15,-1,3,15,16,-1,5,17,18,-1,18,19,5,-1,5,19,20,-1,5,20,21,-1,16,22,3,-1,3,22,23,-1,3,23,5,-1,5,23,24,-1,5,24,17,-1,5,25,4,-1,4,25,26,-1,27,26,25,-1,28,29,30,-1,30,27,28,-1,28,27,25,-1,28,25,31,-1,31,25,32,-1,31,32,33,-1,33,32,34,-1,34,32,35,-1,35,32,36,-1,37,34,38,-1,38,34,35,-1,38,35,39,-1,39,35,40,-1,39,40,41,-1,41,40,42,-1,
        ]
    }
}
Shape{
    appearance Appearance {
        material  Material 	{
            diffuseColor 0.20784313725490197 0.20784313725490197 0.20784313725490197
            specularColor 0.01568627450980392 0.01568627450980392 0.01568627450980392
            ambientIntensity 0.298
            transparency 0.0
            shininess 0.5
        }
    }
    geometry IndexedFaceSet {
        ccw TRUE
        solid FALSE
        coord DEF co Coordinate {
            point [
                0.3213 0.2959 5.2362, 0.3213 0.2959 4.5148, 0.2737 0.2959 4.5148, 0.2743 0.2959 5.3083, 0.291 0.2959 5.2983, 0.3047 0.2959 5.2846, 0.249 0.2959 5.3147, 0.2558 0.2959 5.3138, 0.3202 0.2959 5.2494, 0.3146 0.2959 5.268, 1.1555 1.1083 4.2126, 0.2224 1.1083 4.2126, 1.1555 0.3563 4.2126, 0.2224 0.3563 4.2126, -0.291 0.2959 5.2983, -0.3202 0.2959 5.2494, -0.3047 0.2959 5.2846, -0.3146 0.2959 5.268, -0.2737 0.2959 4.5148, -0.3213 0.2959 4.5148, -0.249 0.2959 5.3147, -0.3213 0.2959 5.2362, -0.2558 0.2959 5.3138, -0.2743 0.2959 5.3083, -1.1555 1.1083 4.2126, -1.1555 0.3563 4.2126, -0.2224 1.1083 4.2126, -0.2224 0.3563 4.2126, -1.0433 -0.9941 4.2126, -1.0433 -0.2067 4.2126, -1.0433 -0.2067 4.5276, -1.0433 -0.238 4.6077, -1.0433 -0.2526 4.6202, -1.0433 -0.2596 4.6262, -1.0433 -0.2773 4.6354, -1.0433 -0.283 4.6384, -1.0433 -0.3051 4.6436, -1.0433 -0.3101 4.6448, -1.0433 -0.3248 4.6457, -1.0433 -0.9941 4.6457, -1.0433 -0.2091 4.5472, -1.0433 -0.2103 4.5566, -1.0433 -0.2175 4.5749, -1.0433 -0.221 4.5839, -1.0433 -0.2323 4.5997, -0.1575 -0.2067 4.2126, -0.1575 -0.2067 4.5276
            ]
        }
        coordIndex [
            0,1,2,-1,3,4,5,-1,2,6,0,-1,0,6,7,-1,0,7,8,-1,8,7,3,-1,8,3,9,-1,9,3,5,-1,10,11,12,-1,12,11,13,-1,14,15,16,-1,16,15,17,-1,18,19,20,-1,20,19,21,-1,20,21,22,-1,22,21,15,-1,22,15,23,-1,23,15,14,-1,24,25,26,-1,26,25,27,-1,28,29,30,-1,31,32,28,-1,28,32,33,-1,33,34,28,-1,28,34,35,-1,28,35,36,-1,36,37,28,-1,28,37,38,-1,28,38,39,-1,30,40,28,-1,28,40,41,-1,28,41,42,-1,42,43,28,-1,28,43,44,-1,28,44,31,-1,45,46,29,-1,29,46,30,-1,
        ]
    }
}
Shape{
    appearance Appearance {
        material  Material 	{
            diffuseColor 0.34901960784313724 0.34901960784313724 0.34901960784313724
            specularColor 0.023529411764705882 0.023529411764705882 0.023529411764705882
            ambientIntensity 0.498
            transparency 0.0
            shininess 0.5
        }
    }
    geometry IndexedFaceSet {
        ccw TRUE
        solid FALSE
        coord DEF co Coordinate {
            point [
                -0.1575 0.0689 5.9055, -0.1575 -0.3642 5.9055, -0.1575 0.0689 5.4094, -0.1575 -0.4429 5.7087, -0.1575 0.1476 5.2835, -0.1575 0.1476 4.2126, -0.1575 -0.7579 5.9055, -0.1575 -0.9154 5.9055, -0.1575 -0.6791 5.7087, -0.1575 -0.9154 4.6457, -0.1575 -0.3248 4.6457, -0.1575 -0.3051 4.6432, -0.1575 -0.2957 4.6421, -0.1575 -0.2775 4.6349, -0.1575 -0.2685 4.6314, -0.1575 -0.2527 4.6201, -0.1575 -0.2447 4.6144, -0.1575 -0.214 4.5694, -0.1575 -0.2087 4.5473, -0.1575 -0.2075 4.5422, -0.1575 -0.2067 4.5276, -0.1575 -0.2067 4.2126, -0.1575 -0.2321 4.5997, -0.1575 -0.2262 4.5928, -0.1575 -0.217 4.5751, -1.2205 0.1476 4.2126, -1.2205 0.1476 5.2835, -1.2205 0.0689 5.4094, -1.2205 -0.4429 5.7087, -1.2205 -0.3642 5.9055, -1.2205 0.0689 5.9055, -1.2205 -0.6791 5.7087, -1.2205 -0.9941 4.2126, -1.2205 -0.7579 5.9055, -1.2205 -0.9941 5.9055, -1.0433 -0.9941 4.6457, -1.0433 -0.9941 4.2126, -0.8858 -0.9941 5.9055, -0.8071 -0.9941 5.7087, -0.5709 -0.9941 5.7087, -0.2362 -0.9941 4.6457, -0.4921 -0.9941 5.9055, -0.2362 -0.9941 5.9055
            ]
        }
        coordIndex [
            0,1,2,-1,2,1,3,-1,2,3,4,-1,4,3,5,-1,6,7,8,-1,8,7,9,-1,8,9,3,-1,3,9,10,-1,10,11,3,-1,3,11,12,-1,3,12,13,-1,13,14,3,-1,3,14,15,-1,3,15,16,-1,5,17,18,-1,18,19,5,-1,5,19,20,-1,5,20,21,-1,16,22,3,-1,3,22,23,-1,3,23,5,-1,5,23,24,-1,5,24,17,-1,5,25,4,-1,4,25,26,-1,27,26,25,-1,28,29,30,-1,30,27,28,-1,28,27,25,-1,28,25,31,-1,31,25,32,-1,31,32,33,-1,33,32,34,-1,34,32,35,-1,35,32,36,-1,37,34,38,-1,38,34,35,-1,38,35,39,-1,39,35,40,-1,39,40,41,-1,41,40,42,-1,
        ]
    }
}
Shape{
    appearance Appearance {
        material  Material 	{
            diffuseColor 0.20784313725490197 0.20784313725490197 0.20784313725490197
            specularColor 0.01568627450980392 0.01568627450980392 0.01568627450980392
            ambientIntensity 0.298
            transparency 0.0
            shininess 0.5
        }
    }
    geometry IndexedFaceSet {
        ccw TRUE
        solid FALSE
        coord DEF co Coordinate {
            point [
                0.1885 0.3393 4.3094, 0.1676 0.3284 5.315, 0.1783 0.3203 5.315, 0.2025 0.3059 5.315, 0.2286 0.3057 4.4655, 0.1905 0.3112 5.315, 0.2107 0.316 4.4139, 0.2067 0.3202 4.393, 0.1899 0.3377 4.3055, 0.249 0.2959 5.3147, 0.2737 0.2959 4.5148, 0.2426 0.296 5.315, 0.2686 0.296 4.5142, 0.2296 0.2984 5.315, 0.2623 0.2964 4.512, 0.2554 0.2973 4.5075, 0.2543 0.2975 4.5064, 0.213 0.3013 5.315, 0.2455 0.2994 4.4971, 0.2309 0.3044 4.4721, 0.1645 0.3809 4.3781, 0.1354 0.3815 5.315, 0.1717 0.3635 4.3575, 0.1377 0.3743 5.315, 0.172 0.3631 4.3567, 0.1431 0.3635 5.315, 0.1883 0.3395 4.31, 0.1505 0.3485 5.315, 0.158 0.3397 5.315, 0.2224 1.1083 4.2126, 0.1723 1.2372 4.3558, 0.147 1.1544 4.4282, 0.1004 0.8488 4.5613, 0.0994 0.7972 4.5641, 0.1444 1.1433 4.4357, 0.1272 1.0713 4.4847, 0.1134 0.992 4.5242, 0.1535 0.4169 4.4096, 0.2224 0.3563 4.2126, 0.1055 0.9257 4.5468, 0.1018 0.8707 4.5572, 0.1015 0.7217 4.5582, 0.1077 0.6468 4.5406, 0.1149 0.5948 4.5198, 0.1183 0.5704 4.5101, 0.1334 0.4945 4.4671, -0.1379 0.3738 5.315, -0.1354 0.3815 5.315, -0.1645 0.3809 4.3781, -0.1431 0.3635 5.3149, -0.1718 0.3633 4.3573, -0.172 0.3631 4.3568, -0.1508 0.3482 5.3149, -0.158 0.3397 5.3149, -0.1888 0.3394 4.3088, -0.1899 0.3377 4.3055, -0.2051 0.3206 4.3909, -0.168 0.328 5.3149, -0.1783 0.3203 5.3149, -0.2264 0.3065 4.4617, -0.2286 0.3056 4.4659, -0.2026 0.3062 5.3149, -0.2063 0.3198 4.3949, -0.1893 0.312 5.3149, -0.2537 0.2976 4.5061, -0.2543 0.2975 4.5066, -0.2296 0.2984 5.315, -0.2432 0.3 4.4941, -0.2142 0.3011 5.3149, -0.2613 0.2965 4.5115, -0.2675 0.296 4.514, -0.2426 0.296 5.315, -0.2737 0.2959 4.5148, -0.249 0.2959 5.3147, -0.1516 1.1711 4.4149, -0.1723 1.2372 4.3558, -0.2224 1.1083 4.2126, -0.2224 0.3563 4.2126, -0.0994 0.7972 4.5641, -0.1014 0.8707 4.5583, -0.1176 1.0192 4.5122, -0.132 1.0937 4.471, -0.1446 1.1433 4.4351, -0.1408 0.4635 4.4458, -0.1227 0.546 4.4977, -0.115 0.5948 4.5196, -0.1101 0.6259 4.5335, -0.1035 0.6913 4.5525, -0.0997 0.7677 4.5632, -0.1015 0.8722 4.5582, -0.1077 0.9471 4.5405, 0.0 1.1516 5.315, 0.1192 1.1516 5.315, 0.1278 1.1844 5.3111, 0.1874 1.3484 5.1181, -0.1874 1.3484 5.1181, 0.1859 1.3468 5.1434, -0.1847 1.3446 5.151, 0.1849 1.3449 5.1509, 0.18 1.3355 5.1883, -0.1837 1.3431 5.1635, 0.178 1.3309 5.1971, -0.178 1.331 5.1973, -0.1767 1.3283 5.2048, 0.1705 1.3134 5.2302, -0.1677 1.3061 5.2386, 0.1677 1.306 5.2383, 0.1573 1.2789 5.2682, -0.1659 1.3016 5.2456, 0.155 1.2721 5.2727, -0.1549 1.2723 5.2731, 0.144 1.24 5.294, -0.1537 1.2691 5.2761, 0.1412 1.2307 5.2974, -0.1412 1.2308 5.2979, 0.1312 1.1972 5.3096, -0.1403 1.2282 5.2994, -0.1277 1.1845 5.3118, -0.1268 1.1815 5.3127, -0.1192 1.1516 5.315
            ]
        }
        coordIndex [
            0,1,2,-1,3,4,5,-1,5,4,6,-1,5,6,2,-1,2,6,7,-1,2,7,0,-1,0,7,8,-1,9,10,11,-1,11,10,12,-1,11,12,13,-1,13,12,14,-1,14,15,13,-1,13,15,16,-1,13,16,17,-1,17,16,18,-1,17,18,3,-1,3,18,19,-1,3,19,4,-1,20,21,22,-1,22,21,23,-1,22,23,24,-1,24,23,25,-1,24,25,26,-1,26,25,27,-1,26,27,0,-1,0,27,28,-1,0,28,1,-1,29,30,31,-1,32,33,29,-1,31,34,29,-1,29,34,35,-1,29,35,36,-1,29,37,20,-1,8,38,0,-1,0,38,29,-1,0,29,26,-1,36,39,29,-1,29,39,40,-1,29,40,32,-1,33,41,29,-1,29,41,42,-1,29,42,43,-1,43,44,29,-1,29,44,45,-1,29,45,37,-1,20,22,29,-1,29,22,24,-1,29,24,26,-1,46,47,48,-1,46,48,49,-1,48,50,49,-1,49,50,51,-1,49,51,52,-1,52,51,53,-1,54,55,56,-1,51,54,53,-1,53,54,56,-1,53,56,57,-1,57,56,58,-1,59,60,61,-1,56,62,58,-1,58,62,59,-1,58,59,63,-1,63,59,61,-1,64,65,66,-1,60,67,61,-1,61,67,64,-1,61,64,68,-1,68,64,66,-1,65,69,66,-1,66,69,70,-1,66,70,71,-1,71,70,72,-1,71,72,73,-1,74,75,76,-1,77,55,76,-1,76,55,54,-1,76,54,51,-1,78,79,76,-1,80,81,76,-1,76,81,82,-1,76,82,74,-1,51,50,76,-1,76,50,48,-1,76,48,83,-1,83,84,76,-1,76,84,85,-1,76,85,86,-1,86,87,76,-1,76,87,88,-1,76,88,78,-1,79,89,76,-1,76,89,90,-1,76,90,80,-1,91,92,93,-1,94,95,96,-1,96,95,97,-1,96,97,98,-1,98,97,99,-1,99,97,100,-1,99,100,101,-1,100,102,101,-1,101,102,103,-1,101,103,104,-1,104,103,105,-1,104,105,106,-1,106,105,107,-1,107,105,108,-1,107,108,109,-1,109,108,110,-1,109,110,111,-1,111,110,112,-1,111,112,113,-1,113,112,114,-1,113,114,115,-1,115,114,116,-1,115,116,93,-1,116,117,93,-1,93,117,118,-1,93,118,91,-1,91,118,119,-1,
        ]
    }
}
Shape{
    appearance Appearance {
        material  Material 	{
            diffuseColor 0.6666666666666666 0.6666666666666666 0.6666666666666666
            specularColor 0.4666666666666667 0.4666666666666667 0.4666666666666667
            ambientIntensity 0.6667
            transparency 0.0
            shininess 0.5
        }
    }
    geometry IndexedFaceSet {
        ccw TRUE
        solid FALSE
        coord DEF co Coordinate {
            point [
                -0.5315 -1.0138 0.6114, -0.5007 -1.0138 0.7874, -0.5315 -1.1713 0.6114, -0.5007 -1.1713 0.7874, -0.8464 -1.1713 0.6114, -0.8465 -1.1713 0.6114, -0.8465 -1.1713 0.2362, -0.8772 -1.1713 0.7874, -0.5315 -1.1713 0.2362, -0.8772 -1.0138 0.7874, -0.8464 -1.0138 0.6114, -0.8465 -1.0138 0.2362, -0.8465 -1.0138 0.6114, -0.5315 -1.0138 0.2362, -0.8465 1.0138 0.6114, -0.8773 1.0138 0.7874, -0.8465 1.1713 0.6114, -0.8773 1.1713 0.7874, -0.8772 1.1713 0.7874, -0.5007 1.1713 0.7874, -0.5315 1.1713 0.6114, -0.8465 1.1713 0.2362, -0.5315 1.1713 0.2362, -0.5007 1.0138 0.7874, -0.5315 1.0138 0.6114, -0.8772 1.0138 0.7874, -0.8465 1.0138 0.2362, -0.5315 1.0138 0.2362, 0.5315 1.0138 0.6114, 0.5007 1.0138 0.7874, 0.5315 1.1713 0.6114, 0.5007 1.1713 0.7874, 0.5008 1.1713 0.7874, 0.8773 1.1713 0.7874, 0.8465 1.1713 0.6114, 0.5315 1.1713 0.2362, 0.8465 1.1713 0.2362, 0.8773 1.0138 0.7874, 0.8465 1.0138 0.6114, 0.5008 1.0138 0.7874, 0.5315 1.0138 0.2362, 0.8465 1.0138 0.2362, 0.8465 -1.0138 0.6114, 0.8773 -1.0138 0.7874, 0.8465 -1.1713 0.6114, 0.8773 -1.1713 0.7874, 0.5315 -1.1713 0.6114, 0.5315 -1.1713 0.6114, 0.5315 -1.1713 0.2362, 0.5008 -1.1713 0.7874, 0.8465 -1.1713 0.2362, 0.5008 -1.0138 0.7874, 0.5315 -1.0138 0.6114, 0.5315 -1.0138 0.2362, 0.5315 -1.0138 0.6114, 0.8465 -1.0138 0.2362
            ]
        }
        coordIndex [
            0,1,2,-1,2,1,3,-1,4,5,6,-1,3,7,2,-1,2,7,4,-1,2,4,8,-1,8,4,6,-1,9,10,7,-1,7,10,4,-1,10,9,1,-1,11,12,13,-1,13,12,10,-1,13,10,0,-1,0,10,1,-1,14,15,16,-1,16,15,17,-1,18,19,20,-1,17,18,16,-1,16,18,20,-1,16,20,21,-1,21,20,22,-1,23,24,19,-1,19,24,20,-1,25,15,14,-1,26,27,14,-1,14,27,24,-1,14,24,25,-1,25,24,23,-1,28,29,30,-1,30,29,31,-1,32,33,34,-1,31,32,30,-1,30,32,34,-1,30,34,35,-1,35,34,36,-1,37,38,33,-1,33,38,34,-1,39,29,28,-1,40,41,28,-1,28,41,38,-1,28,38,39,-1,39,38,37,-1,42,43,44,-1,44,43,45,-1,46,47,48,-1,45,49,44,-1,44,49,46,-1,44,46,50,-1,50,46,48,-1,51,52,49,-1,49,52,46,-1,52,51,43,-1,53,54,55,-1,55,54,52,-1,55,52,42,-1,42,52,43,-1,
        ]
    }
}
Shape{
    appearance Appearance {
        material  Material 	{
            diffuseColor 0.20784313725490197 0.20784313725490197 0.20784313725490197
            specularColor 0.01568627450980392 0.01568627450980392 0.01568627450980392
            ambientIntensity 0.298
            transparency 0.0
            shininess 0.5
        }
    }
    geometry IndexedFaceSet {
        ccw TRUE
        solid FALSE
        coord DEF co Coordinate {
            point [
                0.1181 -1.0925 4.685, 0.1181 -1.0925 5.0, 0.4528 -1.0925 4.685, 0.4528 -1.0925 5.0, 0.1181 -1.0138 4.4882, 0.4528 -1.0138 4.4882, 0.8858 -1.25 0.7874, 0.8488 -1.25 0.8328, 0.4921 -1.25 0.7874, 0.8015 -1.25 0.8674, 0.5292 -1.25 0.8328, 0.5764 -1.25 0.8674, 0.6309 -1.25 0.8891, 0.7471 -1.25 0.8891, 0.689 -1.25 0.8965, 0.0749 -1.25 0.474, 0.0591 -1.25 0.4727, 0.1181 -1.25 0.7874, 0.375 -1.25 0.6333, 0.2599 -1.25 0.5376, 0.1674 -1.25 0.4934, 0.1181 1.4272 0.7874, 0.0591 1.624 0.4724, 0.1181 1.624 0.7874, -0.0984 1.624 0.4724, -0.1575 1.624 0.7874, 0.1181 1.624 1.7323, -0.1575 1.624 1.7323, -0.1575 1.4272 0.7874, -0.0984 -1.25 0.4724, -0.0993 -1.25 0.4769, -0.1575 -1.25 0.7874, -0.0394 -1.25 0.4724, -0.4265 -1.25 0.6933, -0.4921 -1.25 0.7874, -0.1376 -1.25 0.4846, -0.2314 -1.25 0.5211, -0.3267 -1.25 0.5871, -0.8488 -1.25 0.8328, -0.8858 -1.25 0.7874, -0.5292 -1.25 0.8328, -0.7471 -1.25 0.8891, -0.8015 -1.25 0.8674, -0.5764 -1.25 0.8674, -0.6309 -1.25 0.8891, -0.689 -1.25 0.8965, 0.9514 -1.25 0.6933, 1.2205 -1.25 0.7874, 1.2787 -1.25 0.4769, 1.2404 -1.25 0.4846, 1.1465 -1.25 0.5211, 1.0512 -1.25 0.5871, 0.4528 -1.0138 4.9213, 1.2598 -1.0138 4.9213, 1.2598 -1.0138 4.2126, 0.1181 -1.0138 4.2126, 0.0591 0.1673 5.315, 0.0591 -0.7776 5.315, 0.1181 0.1673 5.1575, 0.06 -0.8125 5.3124, 0.0605 -0.817 5.3112, 0.0646 -0.8597 5.3002, 0.067 -0.8723 5.2939, 0.073 -0.9046 5.2779, 0.0782 -0.9218 5.2639, 0.0858 -0.9466 5.2438, 0.0936 -0.9629 5.2231, 0.1004 -0.9772 5.205, 0.1121 -0.9925 5.1734, 0.1181 -1.0003 5.1575, 0.2426 0.296 5.315, 0.2426 0.1673 5.315, 0.249 0.2959 5.3147, 0.2553 0.1673 5.314, 0.2558 0.2959 5.3138, 0.2558 0.1673 5.3139, 0.2729 0.1673 5.3092, 0.2743 0.2959 5.3083, 0.2744 0.1673 5.3084, 0.2869 0.1673 5.3015, 0.291 0.2959 5.2983, 0.2907 0.1673 5.2981, 0.3019 0.1673 5.288, 0.3047 0.2959 5.2846, 0.3044 0.1673 5.2844, 0.3126 0.1673 5.2726, 0.3146 0.2959 5.268, 0.3144 0.1673 5.2679, 0.3189 0.1673 5.2564, 0.3202 0.2959 5.2494, 0.3197 0.1673 5.2494, 0.3213 0.1673 5.2362, 0.3213 0.2959 5.2362, 0.3213 0.2498 4.5645, 0.3213 0.2647 4.5582, 0.3213 0.2776 4.5485, 0.3213 0.2876 4.5359, 0.3213 0.2942 4.5212, 0.3213 0.2959 4.5148, 0.3213 0.1713 4.5243, 0.3213 0.1677 4.5086, 0.3213 0.1673 4.502, 0.3213 0.1787 4.5387, 0.3213 0.1894 4.5508, 0.3213 0.2027 4.5598, 0.3213 0.2179 4.5653, 0.3213 0.2322 4.5669, 0.3213 0.2339 4.5669, 1.0566 0.1673 4.502, 1.0566 0.2959 4.5148, 1.0566 0.2939 4.521, 1.0566 0.2913 4.529, 1.0566 0.2829 4.5426, 1.0566 0.2872 4.5356, 1.0566 0.2707 4.5544, 1.0566 0.2772 4.5481, 1.0566 0.2436 4.566, 1.0566 0.2498 4.5642, 1.0566 0.2578 4.5618, 1.0566 0.2645 4.5579, 1.0566 0.2339 4.5668, 1.0566 0.2322 4.5669, 1.0566 0.2179 4.5653, 1.0566 0.1677 4.5086, 1.0566 0.1713 4.5243, 1.0566 0.1787 4.5387, 1.0566 0.1894 4.5508, 1.0566 0.2027 4.5598
            ]
        }
        coordIndex [
            0,1,2,-1,2,1,3,-1,4,0,5,-1,5,0,2,-1,6,7,8,-1,8,7,9,-1,10,8,11,-1,11,8,12,-1,9,13,8,-1,8,13,14,-1,8,14,12,-1,15,16,17,-1,17,8,18,-1,18,19,17,-1,17,19,20,-1,17,20,15,-1,17,16,21,-1,21,16,22,-1,21,22,23,-1,22,24,23,-1,23,24,25,-1,23,25,26,-1,26,25,27,-1,28,25,24,-1,24,29,28,-1,28,29,30,-1,28,30,31,-1,30,29,32,-1,33,34,31,-1,31,30,35,-1,35,36,31,-1,31,36,37,-1,31,37,33,-1,38,39,34,-1,40,41,34,-1,34,41,42,-1,34,42,38,-1,40,43,41,-1,41,43,44,-1,41,44,45,-1,46,6,47,-1,47,48,49,-1,49,50,47,-1,47,50,51,-1,47,51,46,-1,52,53,5,-1,5,53,54,-1,5,54,4,-1,4,54,55,-1,56,57,58,-1,58,57,59,-1,58,59,60,-1,60,61,58,-1,58,61,62,-1,58,62,63,-1,63,64,58,-1,58,64,65,-1,58,65,66,-1,66,67,58,-1,58,67,68,-1,58,68,69,-1,70,71,72,-1,72,71,73,-1,72,73,74,-1,73,75,74,-1,74,75,76,-1,74,76,77,-1,76,78,77,-1,77,78,79,-1,77,79,80,-1,79,81,80,-1,80,81,82,-1,80,82,83,-1,82,84,83,-1,83,84,85,-1,83,85,86,-1,85,87,86,-1,86,87,88,-1,86,88,89,-1,88,90,89,-1,89,90,91,-1,89,91,92,-1,93,94,92,-1,92,94,95,-1,95,96,92,-1,92,96,97,-1,92,97,98,-1,99,91,100,-1,100,91,101,-1,99,102,91,-1,91,102,103,-1,91,103,104,-1,104,105,91,-1,91,105,106,-1,91,106,92,-1,92,106,107,-1,92,107,93,-1,100,101,108,-1,109,98,110,-1,110,98,97,-1,110,97,111,-1,111,97,96,-1,95,112,96,-1,96,112,113,-1,96,113,111,-1,94,114,95,-1,95,114,115,-1,95,115,112,-1,116,117,93,-1,93,117,118,-1,93,118,94,-1,94,118,119,-1,94,119,114,-1,116,93,120,-1,120,93,107,-1,120,107,121,-1,121,107,106,-1,121,106,122,-1,108,123,100,-1,100,123,124,-1,100,124,99,-1,99,124,125,-1,99,125,102,-1,102,125,126,-1,102,126,103,-1,103,126,127,-1,103,127,104,-1,104,127,122,-1,104,122,105,-1,105,122,106,-1,
        ]
    }
}
Shape{
    appearance Appearance {
        material  Material 	{
            diffuseColor 0.34901960784313724 0.34901960784313724 0.34901960784313724
            specularColor 0.023529411764705882 0.023529411764705882 0.023529411764705882
            ambientIntensity 0.498
            transparency 0.0
            shininess 0.5
        }
    }
    geometry IndexedFaceSet {
        ccw TRUE
        solid FALSE
        coord DEF co Coordinate {
            point [
                1.2205 -0.2067 4.2126, 1.2598 -1.0138 4.2126, 1.2598 0.1673 4.2126, 0.3346 -0.2067 4.2126, 0.3346 -0.9941 4.2126, 0.1181 -1.0138 4.2126, 0.1575 -0.9941 4.2126, 0.1181 0.1673 4.2126, 0.1575 0.1476 4.2126, 1.2205 0.1476 4.2126
            ]
        }
        coordIndex [
            0,1,2,-1,0,3,1,-1,1,3,4,-1,1,4,5,-1,5,4,6,-1,5,6,7,-1,7,6,8,-1,7,8,2,-1,2,8,9,-1,2,9,0,-1,
        ]
    }
}
Shape{
    appearance Appearance {
        material  Material 	{
            diffuseColor 0.20784313725490197 0.20784313725490197 0.20784313725490197
            specularColor 0.01568627450980392 0.01568627450980392 0.01568627450980392
            ambientIntensity 0.298
            transparency 0.0
            shininess 0.5
        }
    }
    geometry IndexedFaceSet {
        ccw TRUE
        solid FALSE
        coord DEF co Coordinate {
            point [
                1.0566 0.2959 4.5148, 1.0566 0.2939 4.521, 1.0566 0.2959 5.2362, 1.0566 0.2913 4.529, 1.0566 0.2872 4.5356, 1.0566 0.2179 4.5653, 1.0566 0.2027 4.5598, 1.0566 0.1673 5.2362, 1.0566 0.1894 4.5508, 1.0566 0.1787 4.5387, 1.0566 0.1713 4.5243, 1.0566 0.1677 4.5086, 1.0566 0.1673 4.502, 1.0566 0.2829 4.5426, 1.0566 0.2772 4.5481, 1.0566 0.2707 4.5544, 1.0566 0.2645 4.5579, 1.0566 0.2578 4.5618, 1.0566 0.2498 4.5642, 1.0566 0.2436 4.566, 1.0566 0.2339 4.5668, 1.0566 0.2322 4.5669, 1.1042 0.2959 4.5148, 1.1289 0.2959 5.3147, 1.1221 0.2959 5.3138, 1.0631 0.2959 5.2675, 1.073 0.2959 5.2843, 1.0867 0.2959 5.2981, 1.0576 0.2959 5.2488, 1.1034 0.2959 5.3082, 1.1555 0.3563 4.2126, 0.2224 0.3563 4.2126, 0.1899 0.3377 4.3055, 0.2067 0.3202 4.393, 0.2107 0.316 4.4139, 0.2286 0.3057 4.4655, 0.2455 0.2994 4.4971, 0.2543 0.2975 4.5064, 1.1494 0.3056 4.4659, 1.188 0.3377 4.3055, 1.1729 0.3206 4.3909, 1.1717 0.3198 4.3949, 1.1515 0.3065 4.4617, 0.2309 0.3044 4.4721, 1.1237 0.2975 4.5066, 1.1243 0.2976 4.5061, 1.1347 0.3 4.4941, 0.2737 0.2959 4.5148, 0.3213 0.2959 4.5148, 1.1166 0.2965 4.5115, 1.1105 0.296 4.514, 0.2686 0.296 4.5142, 0.2554 0.2973 4.5075, 0.2623 0.2964 4.512, 1.2263 1.1711 4.4149, 1.2056 1.2372 4.3558, 1.1555 1.1083 4.2126, 1.1892 0.3394 4.3088, 1.206 0.3631 4.3568, 1.2785 0.7972 4.5641, 1.2765 0.8707 4.5583, 1.2604 1.0192 4.5122, 1.246 1.0937 4.471, 1.2334 1.1433 4.4351, 1.2062 0.3633 4.3573, 1.2134 0.3809 4.3781, 1.2371 0.4635 4.4458, 1.2553 0.546 4.4977, 1.263 0.5948 4.5196, 1.2678 0.6259 4.5335, 1.2745 0.6913 4.5525, 1.2782 0.7677 4.5632, 1.2765 0.8722 4.5582, 1.2703 0.9471 4.5405, 0.2967 1.4255 4.5651, 0.2778 1.4206 4.5596, 0.2224 1.1083 4.2126, 0.2736 1.4187 4.5575, 0.2593 1.4121 4.5502, 0.2512 1.4062 4.5436, 1.16 1.3682 4.5014, 1.1684 1.3532 4.4847, 1.1505 1.3851 4.5202, 1.1461 1.3894 4.5249, 1.1293 1.4052 4.5426, 1.127 1.4065 4.544, 1.107 1.418 4.5567, 1.1044 1.4188 4.5576, 1.0873 1.4244 4.5638, 1.0795 1.4255 4.565, 1.0685 1.427 4.5667, 1.0614 1.4272 4.5669, 0.3165 1.4272 4.5669, 0.2985 1.4257 4.5653, 0.2377 1.3963 4.5326, 0.2319 1.3894 4.5249, 0.2206 1.3757 4.5098, 0.2171 1.3686 4.5019, 0.2095 1.3532 4.4847, 0.1723 1.2372 4.3558, -1.1493 0.3057 4.4655, -0.2543 0.2975 4.5066, -1.1672 0.316 4.4139, -1.1712 0.3202 4.393, -0.2537 0.2976 4.5061, -1.1555 0.3563 4.2126, -1.188 0.3377 4.3055, -0.2432 0.3 4.4941, -0.2286 0.3056 4.4659, -0.2264 0.3065 4.4617, -1.147 0.3044 4.4721, -1.1324 0.2994 4.4971, -1.1236 0.2975 4.5064, -0.1899 0.3377 4.3055, -0.2224 0.3563 4.2126, -0.2051 0.3206 4.3909, -0.2063 0.3198 4.3949, -1.1042 0.2959 4.5148, -1.0566 0.2959 4.5148, -0.3213 0.2959 4.5148, -0.2737 0.2959 4.5148, -0.2613 0.2965 4.5115, -0.2675 0.296 4.514, -1.1093 0.296 4.5142, -1.1226 0.2973 4.5075, -1.1157 0.2964 4.512, -1.0566 0.2959 5.2362, -1.1036 0.2959 5.3083, -1.087 0.2959 5.2983, -1.0733 0.2959 5.2846, -1.1289 0.2959 5.3147, -1.1222 0.2959 5.3138, -1.0577 0.2959 5.2494, -1.0633 0.2959 5.268, -1.0566 0.2647 4.5582, -1.0566 0.2776 4.5485, -1.0566 0.2498 4.5645, -1.0566 0.2876 4.5359, -1.0566 0.2942 4.5212, -1.0566 0.1713 4.5243, -1.0566 0.1673 5.2362, -1.0566 0.1677 4.5086, -1.0566 0.1673 4.502, -1.0566 0.1787 4.5387, -1.0566 0.1894 4.5508, -1.0566 0.2027 4.5598, -1.0566 0.2179 4.5653, -1.0566 0.2322 4.5669, -1.0566 0.2339 4.5669, -0.3213 0.1673 4.502, -0.3213 0.2939 4.521, -0.3213 0.2913 4.529, -0.3213 0.2829 4.5426, -0.3213 0.2872 4.5356, -0.3213 0.2707 4.5544, -0.3213 0.2772 4.5481, -0.3213 0.2436 4.566, -0.3213 0.2498 4.5642, -0.3213 0.2578 4.5618, -0.3213 0.2645 4.5579, -0.3213 0.2339 4.5668, -0.3213 0.2322 4.5669, -0.3213 0.2179 4.5653, -0.3213 0.1677 4.5086, -0.3213 0.1713 4.5243, -0.3213 0.1787 4.5387, -0.3213 0.1894 4.5508, -0.3213 0.2027 4.5598, -0.3213 0.1673 5.2362, -0.3213 0.2959 5.2362, -0.3204 0.1673 5.2489, -0.3202 0.2959 5.2494, -0.3203 0.1673 5.2494, -0.3156 0.1673 5.2666, -0.3146 0.2959 5.268, -0.3147 0.1673 5.268, -0.3079 0.1673 5.2805, -0.3047 0.2959 5.2846, -0.3044 0.1673 5.2844, -0.2943 0.1673 5.2956, -0.291 0.2959 5.2983, -0.2908 0.1673 5.298, -0.2789 0.1673 5.3063, -0.2743 0.2959 5.3083, -0.2743 0.1673 5.3081, -0.2558 0.2959 5.3138, -0.2426 0.296 5.315, -0.249 0.2959 5.3147, -0.2426 0.1828 5.315, -0.2426 0.1697 5.315, -0.2627 0.1673 5.3125, -0.2557 0.1673 5.3134, -0.2426 0.1673 5.315, -0.1379 0.3738 5.315, -0.1431 0.3635 5.3149, 0.0591 0.1673 5.315, 0.0591 -0.7776 5.315, 0.0 -0.7776 5.315, -0.0591 0.1673 5.315, -0.0591 -0.7776 5.315, -0.2296 0.2984 5.315, -0.2142 0.3011 5.3149, 0.0833 0.9346 5.315, 0.102 1.0704 5.315, -0.0931 1.0166 5.315, 0.2426 0.296 5.315, 0.2296 0.2984 5.315, 0.2426 0.1673 5.315, 0.213 0.3013 5.315, 0.2025 0.3059 5.315, 0.1905 0.3112 5.315, 0.1783 0.3203 5.315, 0.1676 0.3284 5.315, 0.1431 0.3635 5.315, 0.1505 0.3485 5.315, 0.158 0.3397 5.315, 0.1188 1.1494 5.315, 0.1192 1.1516 5.315, 0.0 1.1516 5.315, -0.2026 0.3062 5.3149, -0.1893 0.312 5.3149, -0.1783 0.3203 5.3149, -0.1508 0.3482 5.3149, -0.158 0.3397 5.3149, -0.168 0.328 5.3149, 0.0805 0.8718 5.315, 0.1377 0.3743 5.315, 0.1354 0.3815 5.315, -0.1354 0.3815 5.315, -0.1311 0.3969 5.315, -0.1188 1.1494 5.315, -0.1192 1.1516 5.315, -0.0771 0.7972 5.315, 0.0771 0.7972 5.315, -0.0792 0.8718 5.315, -0.0794 0.8802 5.315, -0.102 0.5239 5.315, 0.1035 0.5155 5.315, -0.0926 0.5919 5.315, 0.0926 0.5919 5.315, -0.0833 0.6597 5.315, 0.0841 0.6511 5.315, 0.0772 0.7812 5.315, -0.0638 -0.8539 5.3023, -0.0607 -0.8169 5.3106, -0.1181 0.1673 5.1575, -0.1181 -1.0003 5.1575, -0.1121 -0.9925 5.1734, -0.0997 -0.9765 5.2065, -0.0935 -0.9629 5.2231, -0.0845 -0.9433 5.2471, -0.0782 -0.9219 5.2639, -0.0722 -0.9015 5.2799, -0.067 -0.8722 5.2936, -0.0596 -0.8035 5.3136, -1.1684 1.3532 4.4847, -1.2056 1.2372 4.3558, -1.1555 1.1083 4.2126, -0.2487 1.4052 4.5426, -0.251 1.4065 4.544, -0.2224 1.1083 4.2126, -0.2711 1.418 4.5568, -0.2735 1.4188 4.5577, -0.2908 1.4244 4.5639, -0.2985 1.4255 4.565, -0.3096 1.427 4.5667, -0.2179 1.3682 4.5014, -0.2095 1.3532 4.4847, -0.1723 1.2372 4.3558, -0.2274 1.3851 4.5202, -0.2319 1.3894 4.5249, -1.0812 1.4255 4.5651, -1.1001 1.4206 4.5596, -1.1043 1.4187 4.5575, -1.1186 1.4121 4.5502, -0.3165 1.4272 4.5669, -1.0614 1.4272 4.5669, -1.0795 1.4257 4.5653, -1.1267 1.4062 4.5436, -1.1403 1.3963 4.5326, -1.146 1.3894 4.5249, -1.1573 1.3757 4.5098, -1.1608 1.3686 4.5019, -1.1894 0.3393 4.3094, -1.1896 0.3395 4.31, -1.231 1.1544 4.4282, -1.2776 0.8488 4.5613, -1.2785 0.7972 4.5641, -1.2244 0.4169 4.4096, -1.2134 0.3809 4.3781, -1.2336 1.1433 4.4357, -1.2507 1.0713 4.4847, -1.2646 0.992 4.5242, -1.263 0.5948 4.5198, -1.2596 0.5704 4.5101, -1.2446 0.4945 4.4671, -1.2062 0.3635 4.3575, -1.2059 0.3631 4.3567, -1.2725 0.9257 4.5468, -1.2761 0.8707 4.5572, -1.2765 0.7217 4.5582, -1.2703 0.6468 4.5406
            ]
        }
        coordIndex [
            0,1,2,-1,2,1,3,-1,2,3,4,-1,5,6,7,-1,7,6,8,-1,7,8,9,-1,9,10,7,-1,7,10,11,-1,7,11,12,-1,4,13,2,-1,2,13,14,-1,2,14,15,-1,15,16,2,-1,2,16,17,-1,2,17,18,-1,18,19,2,-1,2,19,20,-1,2,20,7,-1,7,20,21,-1,7,21,5,-1,22,0,23,-1,23,0,2,-1,23,2,24,-1,25,26,27,-1,2,28,24,-1,24,28,25,-1,24,25,29,-1,29,25,27,-1,30,31,32,-1,32,33,30,-1,30,33,34,-1,30,34,35,-1,36,37,38,-1,39,30,40,-1,40,30,35,-1,40,35,41,-1,41,35,42,-1,42,35,38,-1,38,35,43,-1,38,43,36,-1,44,45,37,-1,37,45,46,-1,37,46,38,-1,47,48,37,-1,37,48,0,-1,37,0,44,-1,44,0,22,-1,44,22,49,-1,49,22,50,-1,47,37,51,-1,51,37,52,-1,51,52,53,-1,54,55,56,-1,30,39,56,-1,56,39,57,-1,56,57,58,-1,59,60,56,-1,61,62,56,-1,56,62,63,-1,56,63,54,-1,58,64,56,-1,56,64,65,-1,56,65,66,-1,66,67,56,-1,56,67,68,-1,56,68,69,-1,69,70,56,-1,56,70,71,-1,56,71,59,-1,60,72,56,-1,56,72,73,-1,56,73,61,-1,74,75,76,-1,75,77,76,-1,76,77,78,-1,76,78,79,-1,80,56,81,-1,81,56,55,-1,80,82,56,-1,56,82,83,-1,56,83,84,-1,84,85,56,-1,56,85,86,-1,56,86,87,-1,87,88,56,-1,56,88,89,-1,56,89,90,-1,90,91,56,-1,56,91,92,-1,56,92,76,-1,76,92,93,-1,76,93,74,-1,79,94,76,-1,76,94,95,-1,76,95,96,-1,96,97,76,-1,76,97,98,-1,76,98,99,-1,100,101,102,-1,102,101,103,-1,104,105,101,-1,101,105,106,-1,101,106,103,-1,104,107,105,-1,105,107,108,-1,105,108,109,-1,100,110,101,-1,101,110,111,-1,101,111,112,-1,113,114,115,-1,115,114,105,-1,115,105,116,-1,116,105,109,-1,117,118,112,-1,112,118,119,-1,112,119,101,-1,101,119,120,-1,101,120,121,-1,121,120,122,-1,117,112,123,-1,123,112,124,-1,123,124,125,-1,126,118,117,-1,127,128,129,-1,117,130,126,-1,126,130,131,-1,126,131,132,-1,132,131,127,-1,132,127,133,-1,133,127,129,-1,134,135,126,-1,134,126,136,-1,135,137,126,-1,126,137,138,-1,126,138,118,-1,139,140,141,-1,141,140,142,-1,139,143,140,-1,140,143,144,-1,140,144,145,-1,145,146,140,-1,140,146,147,-1,140,147,126,-1,126,147,148,-1,126,148,136,-1,141,142,149,-1,119,118,150,-1,150,118,138,-1,150,138,151,-1,151,138,137,-1,135,152,137,-1,137,152,153,-1,137,153,151,-1,134,154,135,-1,135,154,155,-1,135,155,152,-1,156,157,136,-1,136,157,158,-1,136,158,134,-1,134,158,159,-1,134,159,154,-1,156,136,160,-1,160,136,148,-1,160,148,161,-1,161,148,147,-1,161,147,162,-1,149,163,141,-1,141,163,164,-1,141,164,139,-1,139,164,165,-1,139,165,143,-1,143,165,166,-1,143,166,144,-1,144,166,167,-1,144,167,145,-1,145,167,162,-1,145,162,146,-1,146,162,147,-1,162,167,168,-1,119,150,169,-1,169,150,151,-1,169,151,153,-1,149,168,163,-1,163,168,164,-1,153,152,169,-1,169,152,155,-1,169,155,154,-1,167,166,168,-1,168,166,165,-1,168,165,164,-1,154,159,169,-1,169,159,158,-1,169,158,157,-1,157,156,169,-1,169,156,160,-1,169,160,168,-1,168,160,161,-1,168,161,162,-1,168,170,169,-1,169,170,171,-1,170,172,171,-1,171,172,173,-1,171,173,174,-1,173,175,174,-1,174,175,176,-1,174,176,177,-1,176,178,177,-1,177,178,179,-1,177,179,180,-1,179,181,180,-1,180,181,182,-1,180,182,183,-1,183,182,184,-1,183,184,185,-1,186,187,188,-1,188,187,189,-1,184,190,185,-1,185,190,191,-1,185,191,187,-1,187,191,192,-1,187,192,189,-1,193,194,195,-1,196,195,197,-1,197,195,198,-1,197,198,199,-1,186,188,200,-1,200,188,201,-1,202,203,204,-1,205,206,207,-1,207,206,208,-1,207,208,195,-1,195,208,209,-1,209,210,195,-1,195,210,211,-1,195,211,212,-1,213,193,214,-1,214,193,195,-1,214,195,215,-1,215,195,212,-1,216,217,218,-1,188,189,201,-1,201,189,192,-1,201,192,219,-1,219,192,198,-1,219,198,220,-1,220,198,221,-1,194,222,195,-1,195,222,223,-1,195,223,198,-1,198,223,224,-1,198,224,221,-1,202,204,225,-1,213,226,193,-1,193,226,227,-1,193,227,228,-1,228,227,229,-1,203,216,204,-1,204,216,218,-1,204,218,230,-1,230,218,231,-1,232,233,234,-1,234,233,225,-1,234,225,235,-1,235,225,204,-1,229,227,236,-1,236,227,237,-1,236,237,238,-1,238,237,239,-1,238,239,240,-1,240,239,241,-1,240,241,232,-1,232,241,242,-1,232,242,233,-1,243,244,245,-1,246,247,245,-1,245,247,248,-1,248,249,245,-1,245,249,250,-1,245,250,251,-1,251,252,245,-1,245,252,253,-1,245,253,243,-1,244,254,245,-1,245,254,199,-1,245,199,198,-1,255,256,257,-1,258,259,260,-1,260,259,261,-1,260,261,262,-1,262,263,260,-1,260,263,264,-1,260,264,265,-1,266,260,267,-1,267,260,268,-1,266,269,260,-1,260,269,270,-1,260,270,258,-1,271,272,257,-1,257,272,273,-1,257,273,274,-1,265,275,260,-1,260,275,276,-1,260,276,257,-1,257,276,277,-1,257,277,271,-1,274,278,257,-1,257,278,279,-1,257,279,280,-1,280,281,257,-1,257,281,282,-1,257,282,255,-1,106,105,283,-1,283,105,257,-1,283,257,284,-1,257,256,285,-1,286,287,257,-1,257,288,289,-1,285,290,257,-1,257,290,291,-1,257,291,292,-1,293,294,257,-1,257,294,295,-1,257,295,288,-1,289,296,257,-1,257,296,297,-1,257,297,284,-1,292,298,257,-1,257,298,299,-1,257,299,286,-1,287,300,257,-1,257,300,301,-1,257,301,293,-1,
        ]
    }
}
Shape{
    appearance Appearance {
        material  Material 	{
            diffuseColor 0.34901960784313724 0.34901960784313724 0.34901960784313724
            specularColor 0.023529411764705882 0.023529411764705882 0.023529411764705882
            ambientIntensity 0.498
            transparency 0.0
            shininess 0.5
        }
    }
    geometry IndexedFaceSet {
        ccw TRUE
        solid FALSE
        coord DEF co Coordinate {
            point [
                -0.1575 -0.2067 4.2126, -0.1181 -1.0138 4.2126, -0.1181 0.1673 4.2126, -1.0433 -0.2067 4.2126, -1.0433 -0.9941 4.2126, -1.2598 -1.0138 4.2126, -1.2205 -0.9941 4.2126, -1.2598 0.1673 4.2126, -1.2205 0.1476 4.2126, -0.1575 0.1476 4.2126
            ]
        }
        coordIndex [
            0,1,2,-1,0,3,1,-1,1,3,4,-1,1,4,5,-1,5,4,6,-1,5,6,7,-1,7,6,8,-1,7,8,2,-1,2,8,9,-1,2,9,0,-1,
        ]
    }
}
Shape{
    appearance Appearance {
        material  Material 	{
            diffuseColor 0.20784313725490197 0.20784313725490197 0.20784313725490197
            specularColor 0.01568627450980392 0.01568627450980392 0.01568627450980392
            ambientIntensity 0.298
            transparency 0.0
            shininess 0.5
        }
    }
    geometry IndexedFaceSet {
        ccw TRUE
        solid FALSE
        coord DEF co Coordinate {
            point [
                -0.9252 -1.0138 4.9213, -0.1181 -1.0138 4.9213, -0.9252 -1.0138 4.4882, -0.1181 -1.0138 4.2126, -1.2598 -1.0138 4.4882, -1.2598 -1.0138 4.2126, -1.2598 -1.0925 4.685, -0.9252 -1.0925 4.685, -1.2598 -1.0925 5.0, -0.9252 -1.0925 5.0, -1.303 -1.25 0.474, -1.3189 -1.25 0.4727, -1.2598 -1.25 0.7874, -0.8858 -1.25 0.7874, -1.003 -1.25 0.6333, -1.1181 -1.25 0.5376, -1.2105 -1.25 0.4934, 1.0958 1.425 5.0787, 1.0778 1.4272 5.0787, 1.0614 1.4272 4.5669, 1.0685 1.427 4.5667, 1.0795 1.4255 4.565, 1.1075 1.4235 5.0787, 1.0873 1.4244 4.5638, 1.1208 1.4183 5.0787, 1.1044 1.4188 4.5576, 1.1335 1.4133 5.0787, 1.107 1.418 4.5567, 1.1437 1.4061 5.0787, 1.127 1.4065 4.544, 1.1572 1.3966 5.0787, 1.1293 1.4052 4.5426, 1.1635 1.3893 5.0787, 1.1461 1.3894 4.5249, 1.1758 1.3751 5.0787, 1.1505 1.3851 4.5202, 1.1792 1.3687 5.0787, 1.16 1.3682 4.5014, 1.1684 1.3532 4.4847, 1.1876 1.3526 5.0787, 0.3002 1.4272 5.0787, 0.3165 1.4272 4.5669, 0.2145 1.3893 5.0787, 0.2047 1.3789 5.0787, 0.2206 1.3757 4.5098, 0.199 1.3685 5.0787, 0.2171 1.3686 4.5019, 0.1903 1.3526 5.0787, 0.2095 1.3532 4.4847, 0.2319 1.3894 4.5249, 0.2377 1.3963 4.5326, 0.2238 1.3993 5.0787, 0.2342 1.4061 5.0787, 0.2512 1.4062 4.5436, 0.2593 1.4121 4.5502, 0.248 1.415 5.0787, 0.2736 1.4187 4.5575, 0.2571 1.4183 5.0787, 0.2778 1.4206 4.5596, 0.2967 1.4255 4.5651, 0.2748 1.4245 5.0787, 0.2985 1.4257 4.5653, 0.2821 1.4253 5.0787, 0.1354 0.3815 5.315, 0.1645 0.3809 4.3781, 0.1535 0.4169 4.4096, 0.1334 0.4945 4.4671, 0.1183 0.5704 4.5101, 0.1035 0.5155 5.315, 0.1149 0.5948 4.5198, 0.0926 0.5919 5.315, 0.1723 1.2372 4.3558, 0.147 1.1544 4.4282, 0.1444 1.1433 4.4357, 0.1887 1.3484 5.0787, 0.1874 1.3484 5.1181, 0.1859 1.3468 5.1434, 0.1849 1.3449 5.1509, 0.18 1.3355 5.1883, 0.178 1.3309 5.1971, 0.1705 1.3134 5.2302, 0.1677 1.306 5.2383, 0.1573 1.2789 5.2682, 0.155 1.2721 5.2727, 0.144 1.24 5.294, 0.1412 1.2307 5.2974, 0.1312 1.1972 5.3096, 0.1278 1.1844 5.3111, 0.1188 1.1494 5.315, 0.1055 0.9257 4.5468, 0.1134 0.992 4.5242, 0.1192 1.1516 5.315, 0.1272 1.0713 4.4847, 0.1077 0.6468 4.5406, 0.1015 0.7217 4.5582, 0.0841 0.6511 5.315, 0.0994 0.7972 4.5641, 0.102 1.0704 5.315, 0.0833 0.9346 5.315, 0.1018 0.8707 4.5572, 0.0805 0.8718 5.315, 0.1004 0.8488 4.5613, 0.0771 0.7972 5.315, 0.0772 0.7812 5.315, -0.1874 1.3484 5.1181, -0.1887 1.3484 5.0787, -0.1645 0.3809 4.3781, -0.1354 0.3815 5.315, -0.1408 0.4635 4.4458, -0.1227 0.546 4.4977, -0.1035 0.6913 4.5525, -0.0926 0.5919 5.315, -0.0997 0.7677 4.5632, -0.0833 0.6597 5.315, -0.0994 0.7972 4.5641, -0.0771 0.7972 5.315, -0.1014 0.8707 4.5583, -0.1311 0.3969 5.315, -0.102 0.5239 5.315, -0.115 0.5948 4.5196, -0.1101 0.6259 4.5335, -0.0792 0.8718 5.315, -0.0794 0.8802 5.315, -0.1015 0.8722 4.5582, -0.0931 1.0166 5.315, -0.1077 0.9471 4.5405, -0.1188 1.1494 5.315, -0.1176 1.0192 4.5122, -0.1192 1.1516 5.315, -0.1446 1.1433 4.4351, -0.132 1.0937 4.471, -0.1268 1.1815 5.3127, -0.1277 1.1845 5.3118, -0.1403 1.2282 5.2994, -0.1412 1.2308 5.2979, -0.1537 1.2691 5.2761, -0.1549 1.2723 5.2731, -0.1659 1.3016 5.2456, -0.1677 1.3061 5.2386, -0.1767 1.3283 5.2048, -0.178 1.331 5.1973, -0.1837 1.3431 5.1635, -0.1847 1.3446 5.151, -0.1516 1.1711 4.4149, -0.1903 1.3526 5.0787, -0.1723 1.2372 4.3558, -0.2095 1.3532 4.4847, -0.2822 1.425 5.0787, -0.3002 1.4272 5.0787, -0.3165 1.4272 4.5669, -0.3096 1.427 4.5667, -0.2985 1.4255 4.565, -0.2704 1.4235 5.0787, -0.2908 1.4244 4.5639, -0.2571 1.4183 5.0787, -0.2735 1.4188 4.5577, -0.2444 1.4133 5.0787, -0.2711 1.418 4.5568, -0.2342 1.4061 5.0787, -0.251 1.4065 4.544, -0.2208 1.3966 5.0787, -0.2487 1.4052 4.5426, -0.2145 1.3893 5.0787, -0.2319 1.3894 4.5249, -0.2021 1.3751 5.0787, -0.2274 1.3851 4.5202, -0.1987 1.3687 5.0787, -0.2179 1.3682 4.5014, -1.0778 1.4272 5.0787, -1.0614 1.4272 4.5669, -1.1635 1.3893 5.0787, -1.1733 1.3789 5.0787, -1.1573 1.3757 4.5098, -1.1789 1.3685 5.0787, -1.1608 1.3686 4.5019, -1.1876 1.3526 5.0787, -1.1684 1.3532 4.4847, -1.146 1.3894 4.5249, -1.1403 1.3963 4.5326, -1.1542 1.3993 5.0787, -1.1437 1.4061 5.0787, -1.1267 1.4062 4.5436, -1.1186 1.4121 4.5502, -1.13 1.415 5.0787, -1.1043 1.4187 4.5575, -1.1209 1.4183 5.0787, -1.1001 1.4206 4.5596, -1.0812 1.4255 4.5651, -1.1031 1.4245 5.0787, -1.0795 1.4257 4.5653, -1.0958 1.4253 5.0787, -1.2598 1.4272 0.7874, -0.8773 1.1713 0.7874, -0.8773 1.0138 0.7874, -0.5007 -1.1713 0.7874, -0.8772 -1.1713 0.7874, -0.8772 -1.0138 0.7874, -0.5007 -1.0138 0.7874, -0.1575 -1.25 0.7874, -0.4921 -1.25 0.7874, -0.8772 1.0138 0.7874, -0.5007 1.0138 0.7874, -0.1575 1.4272 0.7874, -0.5007 1.1713 0.7874, -0.8772 1.1713 0.7874, -0.1575 1.624 0.7874, -0.1575 1.624 1.7323, -0.1575 1.4272 1.7323, 0.1181 1.4272 1.7323, 0.1181 1.624 1.7323, 0.1181 1.4272 0.7874, 0.1181 1.624 0.7874, 0.5007 1.1713 0.7874, 0.5007 1.0138 0.7874, 0.5008 -1.0138 0.7874, 0.5008 -1.1713 0.7874, 0.1181 -1.25 0.7874, 0.8773 -1.0138 0.7874, 1.2205 -1.25 0.7874, 0.8773 -1.1713 0.7874, 0.8858 -1.25 0.7874, 0.4921 -1.25 0.7874, 0.5008 1.0138 0.7874, 0.8773 1.0138 0.7874, 1.2205 1.4272 0.7874, 0.8773 1.1713 0.7874, 0.5008 1.1713 0.7874, -0.9252 -1.1319 5.0787, -1.2598 -1.1319 5.0787, -0.9252 -1.0925 5.0787, -0.1181 -1.0925 5.0787, -0.1181 -1.0076 5.1325, -0.1181 -1.0003 5.1575, -0.1181 0.1673 5.1575, -0.1181 -1.0138 5.0787, -0.1181 0.1673 4.2126, -0.1181 -1.0092 5.1182, 0.1181 -1.0138 5.0787, 0.1181 -1.0104 5.1183, -0.0607 -0.8169 5.3106, 0.0605 -0.817 5.3112, 0.06 -0.8125 5.3124, 0.0591 -0.7776 5.315, 0.0 -0.7776 5.315, -0.0596 -0.8035 5.3136, -0.0591 -0.7776 5.315, -0.0782 -0.9219 5.2639, 0.0782 -0.9218 5.2639, 0.073 -0.9046 5.2779, 0.0646 -0.8597 5.3002, -0.0638 -0.8539 5.3023, 0.067 -0.8723 5.2939, -0.067 -0.8722 5.2936, -0.0722 -0.9015 5.2799, 0.0858 -0.9466 5.2438, -0.0845 -0.9433 5.2471, 0.0936 -0.9629 5.2231, -0.0935 -0.9629 5.2231, 0.1004 -0.9772 5.205, -0.0997 -0.9765 5.2065, 0.1121 -0.9925 5.1734, -0.1121 -0.9925 5.1734, 0.1181 -1.0003 5.1575, 0.1181 -1.0138 4.4882, 0.1181 -1.0138 4.2126, 0.1181 0.1673 4.2126, 0.1181 -1.1319 5.0787, 0.1181 -1.0925 5.0, 0.1181 0.1673 5.1575, 0.1181 -1.0925 4.685, 0.4528 -1.1319 5.0787, 0.4528 -1.0925 5.0, 0.4528 -1.0925 5.0787, 0.4528 -1.0138 4.9213, 0.4528 -1.0925 4.685, 0.4528 -1.0138 4.4882, 1.2598 -1.0138 4.9213, 1.2598 -1.0925 5.0787, -0.1181 1.624 4.3307, -0.1181 1.4272 4.2126, -1.2598 1.624 4.3307, -1.2598 1.4272 4.2126, -0.1181 1.624 3.3465, -0.1181 1.4272 3.3465, 0.1181 1.624 3.3465, 0.1181 1.4272 3.3465, 0.1181 1.4272 4.2126, 0.1181 1.624 4.3307, 1.2598 1.624 4.3307, 1.2598 1.4272 4.2126, 1.2598 -1.0076 5.1325, 1.2598 -1.0003 5.1575, 1.2598 0.1673 5.1575, 1.2598 -1.0138 5.0787, 1.2598 -1.0138 4.2126, 1.2598 0.1673 4.2126, 1.2598 -1.0092 5.1182, -1.1894 0.3393 4.3094, -1.2105 0.3285 5.315, -1.1996 0.3203 5.315, -1.1755 0.3059 5.315, -1.1493 0.3057 4.4655, -1.1877 0.3114 5.315, -1.1672 0.316 4.4139, -1.1712 0.3202 4.393, -1.188 0.3377 4.3055, -1.1289 0.2959 5.3147, -1.1042 0.2959 4.5148, -1.1354 0.296 5.315, -1.1093 0.296 4.5142, -1.1484 0.2984 5.315, -1.1157 0.2964 4.512, -1.1226 0.2973 4.5075, -1.1236 0.2975 4.5064, -1.165 0.3013 5.315, -1.1324 0.2994 4.4971, -1.147 0.3044 4.4721, -1.2134 0.3809 4.3781, -1.2426 0.3815 5.315, -1.2062 0.3635 4.3575, -1.2399 0.3734 5.315, -1.2059 0.3631 4.3567, -1.235 0.3634 5.315, -1.1896 0.3395 4.31, -1.2275 0.3487 5.315, -1.22 0.3397 5.315, -1.1227 0.1673 5.314, -1.1222 0.2959 5.3138, -1.1354 0.1673 5.315, -1.1222 0.1673 5.3139, -1.105 0.1673 5.3092, -1.1036 0.2959 5.3083, -1.1036 0.1673 5.3084, -1.0911 0.1673 5.3015, -1.087 0.2959 5.2983, -1.0872 0.1673 5.2981, -1.076 0.1673 5.288, -1.0733 0.2959 5.2846, -1.0736 0.1673 5.2844, -1.0653 0.1673 5.2726, -1.0633 0.2959 5.268, -1.0635 0.1673 5.2679, -1.0577 0.2959 5.2494, -1.0591 0.1673 5.2564, -1.0582 0.1673 5.2494, -1.0566 0.1673 5.2362, -1.0566 0.2959 5.2362, -0.3204 0.1673 5.2489, -0.3213 0.1673 5.2362, -0.3079 0.1673 5.2805, -0.3147 0.1673 5.268, -0.3213 0.1673 4.502, -1.2598 0.1673 4.2126, -1.0566 0.1673 4.502, -1.2598 0.1673 5.1575, -0.3156 0.1673 5.2666, -0.3203 0.1673 5.2494, -0.0591 0.1673 5.315, -0.2426 0.1673 5.315, -0.2557 0.1673 5.3134, -0.2627 0.1673 5.3125, -1.3189 0.1673 5.315, -0.2743 0.1673 5.3081, -0.2789 0.1673 5.3063, -0.2908 0.1673 5.298, -0.2943 0.1673 5.2956, -0.3044 0.1673 5.2844, -1.2244 0.4169 4.4096, -1.2446 0.4945 4.4671, -1.2596 0.5704 4.5101, -1.2744 0.5155 5.315, -1.263 0.5948 4.5198, -1.2853 0.5919 5.315, -1.2056 1.2372 4.3558, -1.231 1.1544 4.4282, -1.2336 1.1433 4.4357, -1.1893 1.3484 5.0787, -1.1905 1.3484 5.1181, -1.1921 1.3468 5.1434, -1.1931 1.3449 5.1509, -1.198 1.3355 5.1883, -1.2 1.3309 5.1971, -1.2074 1.3134 5.2302, -1.2103 1.306 5.2383, -1.2207 1.2789 5.2682, -1.223 1.2721 5.2727, -1.2339 1.24 5.294, -1.2367 1.2307 5.2974, -1.2468 1.1972 5.3096, -1.2501 1.1844 5.3111, -1.2592 1.1494 5.315, -1.2725 0.9257 4.5468, -1.2646 0.992 4.5242, -1.2587 1.1516 5.315, -1.2507 1.0713 4.4847, -1.2703 0.6468 4.5406, -1.2765 0.7217 4.5582, -1.2938 0.6511 5.315, -1.2785 0.7972 4.5641, -1.276 1.0704 5.315, -1.2946 0.9346 5.315, -1.2761 0.8707 4.5572, -1.2975 0.8718 5.315, -1.2776 0.8488 4.5613, -1.3008 0.7972 5.315, -1.3007 0.7812 5.315, -1.5654 1.3484 5.1181, -1.5627 1.3446 5.151, -1.5617 1.3431 5.1635, -1.556 1.331 5.1973, -1.5547 1.3283 5.2048, -1.5457 1.3061 5.2386, -1.5438 1.3016 5.2456, -1.5329 1.2723 5.2731, -1.5317 1.2691 5.2761, -1.5191 1.2308 5.2979, -1.5183 1.2282 5.2994, -1.4972 1.1516 5.315, -1.5048 1.1815 5.3127, -1.5057 1.1845 5.3118, -1.5666 1.3484 5.0787, -1.613 0.2967 5.315, -1.6205 0.296 5.315, -1.6205 0.1673 5.315, -1.437 -0.7776 5.315, -1.3189 -0.7776 5.315, -1.437 0.1673 5.315, -1.521 0.3634 5.315, -1.5251 0.3538 5.315, -1.5616 0.3156 5.315, -1.5804 0.3058 5.315, -1.585 0.3035 5.315, -1.6075 0.298 5.315, -1.5133 0.3815 5.315, -1.509 0.3969 5.315, -1.5357 0.3395 5.315, -1.5397 0.3341 5.315, -1.5562 0.3201 5.315, -1.471 1.0166 5.315, -1.4968 1.1494 5.315, -1.4551 0.7972 5.315, -1.4571 0.8718 5.315, -1.4573 0.8802 5.315, -1.4799 0.5239 5.315, -1.4706 0.5919 5.315, -1.4613 0.6597 5.315, -1.2598 -1.0003 5.1575, -1.266 -0.9937 5.174, -1.3176 -0.8171 5.3116, -1.3114 -0.8728 5.2949, -1.3002 -0.9228 5.2651, -1.2848 -0.9639 5.2239, -1.2598 -1.0138 5.0787, -1.2598 -1.0104 5.1183, -1.4961 -1.0138 5.0787, -1.4961 -1.0092 5.1182, -1.4961 -1.0076 5.1325, -1.4961 -1.0003 5.1575, -1.4899 -0.9937 5.174, -1.4711 -0.9639 5.2239, -1.4557 -0.9228 5.2651, -1.4445 -0.8728 5.2949, -1.4383 -0.8171 5.3116, 1.4961 -1.0138 5.0787, 1.4961 -1.0104 5.1183, 1.4961 -1.0003 5.1575, 1.4899 -0.9937 5.174, 1.266 -0.9937 5.174, 1.4711 -0.9639 5.2239, 1.2848 -0.9639 5.2239, 1.4557 -0.9228 5.2651, 1.3002 -0.9228 5.2651, 1.4445 -0.8728 5.2949, 1.3114 -0.8728 5.2949, 1.4383 -0.8171 5.3116, 1.3176 -0.8171 5.3116, 1.437 -0.7776 5.315, 1.3189 -0.7776 5.315, 1.3189 0.1673 5.315, 0.2729 0.1673 5.3092, 0.2558 0.1673 5.3139, 1.1035 0.1673 5.308, 1.099 0.1673 5.3063, 1.0869 0.1673 5.2979, 1.0624 0.1673 5.2666, 1.0575 0.1673 5.2489, 1.0575 0.1673 5.2488, 1.0566 0.1673 5.2362, 1.0566 0.1673 4.502, 0.3213 0.1673 4.502, 0.3213 0.1673 5.2362, 0.3197 0.1673 5.2494, 0.2553 0.1673 5.314, 0.2426 0.1673 5.315, 0.0591 0.1673 5.315, 1.0733 0.1673 5.2841, 1.0836 0.1673 5.2956, 1.0701 0.1673 5.2805, 1.063 0.1673 5.2676, 1.1354 0.1673 5.315, 1.1222 0.1673 5.3134, 1.1152 0.1673 5.3125, 0.3189 0.1673 5.2564, 0.3144 0.1673 5.2679, 0.3126 0.1673 5.2726, 0.3044 0.1673 5.2844, 0.3019 0.1673 5.288, 0.2907 0.1673 5.2981, 0.2869 0.1673 5.3015, 0.2744 0.1673 5.3084, 1.0566 0.2959 5.2362, 1.0576 0.2959 5.2488, 1.0631 0.2959 5.2675, 1.073 0.2959 5.2843, 1.0867 0.2959 5.2981, 1.1034 0.2959 5.3082, 1.1221 0.2959 5.3138, 1.1289 0.2959 5.3147, 1.1354 0.296 5.315, 1.1429 0.2967 5.315, 1.1484 0.298 5.315, 1.1105 0.296 4.514, 1.1709 0.3035 5.315, 1.1755 0.3058 5.315, 1.1243 0.2976 4.5061, 1.1943 0.3156 5.315, 1.1997 0.3201 5.315, 1.1515 0.3065 4.4617, 1.2162 0.3341 5.315, 1.2202 0.3395 5.315, 1.1729 0.3206 4.3909, 1.2426 0.3815 5.315, 1.2134 0.3809 4.3781, 1.2349 0.3634 5.315, 1.2062 0.3633 4.3573, 1.206 0.3631 4.3568, 1.188 0.3377 4.3055, 1.1892 0.3394 4.3088, 1.2308 0.3538 5.315, 1.1717 0.3198 4.3949, 1.1347 0.3 4.4941, 1.1494 0.3056 4.4659, 1.1166 0.2965 4.5115, 1.1237 0.2975 4.5066, 1.1042 0.2959 4.5148, 1.2371 0.4635 4.4458, 1.2553 0.546 4.4977, 1.2745 0.6913 4.5525, 1.2853 0.5919 5.315, 1.2782 0.7677 4.5632, 1.2946 0.6597 5.315, 1.2785 0.7972 4.5641, 1.3008 0.7972 5.315, 1.2765 0.8707 4.5583, 1.2469 0.3969 5.315, 1.276 0.5239 5.315, 1.263 0.5948 4.5196, 1.2678 0.6259 4.5335, 1.2988 0.8718 5.315, 1.2986 0.8802 5.315, 1.2765 0.8722 4.5582, 1.2849 1.0166 5.315, 1.2703 0.9471 4.5405, 1.2592 1.1494 5.315, 1.2604 1.0192 4.5122, 1.2587 1.1516 5.315, 1.2334 1.1433 4.4351, 1.246 1.0937 4.471, 1.2511 1.1815 5.3127, 1.2503 1.1845 5.3118, 1.2377 1.2282 5.2994, 1.2368 1.2308 5.2979, 1.2242 1.2691 5.2761, 1.223 1.2723 5.2731, 1.2121 1.3016 5.2456, 1.2102 1.3061 5.2386, 1.2012 1.3283 5.2048, 1.2 1.331 5.1973, 1.1942 1.3431 5.1635, 1.1932 1.3446 5.151, 1.1905 1.3484 5.1181, 1.1893 1.3484 5.0787, 1.2263 1.1711 4.4149, 1.2056 1.2372 4.3558, 1.4972 1.1516 5.315, 1.5058 1.1844 5.3111, 1.5091 1.1972 5.3096, 1.5192 1.2307 5.2974, 1.522 1.24 5.294, 1.5329 1.2721 5.2727, 1.5352 1.2789 5.2682, 1.5456 1.306 5.2383, 1.5485 1.3134 5.2302, 1.5559 1.3309 5.1971, 1.5579 1.3355 5.1883, 1.5654 1.3484 5.1181, 1.5638 1.3468 5.1434, 1.5628 1.3449 5.1509, 1.437 0.1673 5.315, 1.6205 0.296 5.315, 1.6075 0.2984 5.315, 1.6205 0.1673 5.315, 1.5909 0.3013 5.315, 1.5805 0.3059 5.315, 1.5682 0.3114 5.315, 1.5563 0.3203 5.315, 1.5454 0.3285 5.315, 1.536 0.3397 5.315, 1.5284 0.3487 5.315, 1.521 0.3634 5.315, 1.516 0.3734 5.315, 1.5133 0.3815 5.315, 1.4967 1.1494 5.315, 1.4585 0.8718 5.315, 1.4613 0.9346 5.315, 1.4799 1.0704 5.315, 1.4551 0.7972 5.315, 1.4815 0.5155 5.315, 1.4706 0.5919 5.315, 1.4621 0.6511 5.315, 1.4552 0.7812 5.315, 1.5666 1.3484 5.0787, 0.8858 -1.4469 0.7874, 0.8488 -1.25 0.8328, 0.8488 -1.4469 0.8328, 0.8015 -1.25 0.8674, 0.8015 -1.4469 0.8674, 0.7471 -1.25 0.8891, 0.7471 -1.4469 0.8891, 0.689 -1.25 0.8965, 0.689 -1.4469 0.8965, 0.6309 -1.25 0.8891, 0.6309 -1.4469 0.8891, 0.5764 -1.25 0.8674, 0.5764 -1.4469 0.8674, 0.5292 -1.25 0.8328, 0.5292 -1.4469 0.8328, 0.4921 -1.4469 0.7874, 0.0394 -1.4469 0.4724, 0.0394 -1.25 0.4724, 0.0749 -1.4469 0.474, 0.0591 -1.25 0.4727, 0.0749 -1.25 0.474, 0.1674 -1.25 0.4934, 0.1674 -1.4469 0.4934, 0.2599 -1.25 0.5376, 0.2599 -1.4469 0.5376, 0.375 -1.25 0.6333, 0.375 -1.4469 0.6333, -0.0394 -1.25 0.4724, -0.0984 -1.25 0.4724, -0.0984 1.624 0.4724, 0.0591 1.624 0.4724, -0.0394 -1.4469 0.4724, -0.0993 -1.25 0.4769, -0.1376 -1.4469 0.4846, -0.1376 -1.25 0.4846, -0.2314 -1.4469 0.5211, -0.2314 -1.25 0.5211, -0.3267 -1.4469 0.5871, -0.3267 -1.25 0.5871, -0.4265 -1.4469 0.6933, -0.4265 -1.25 0.6933, -0.4921 -1.4469 0.7874, -0.5292 -1.25 0.8328, -0.5292 -1.4469 0.8328, -0.5764 -1.25 0.8674, -0.5764 -1.4469 0.8674, -0.6309 -1.25 0.8891, -0.6309 -1.4469 0.8891, -0.689 -1.25 0.8965, -0.689 -1.4469 0.8965, -0.7471 -1.25 0.8891, -0.7471 -1.4469 0.8891, -0.8015 -1.25 0.8674, -0.8015 -1.4469 0.8674, -0.8488 -1.25 0.8328, -0.8488 -1.4469 0.8328, -0.8858 -1.4469 0.7874, 1.2598 1.624 3.3465, 1.2598 1.4272 3.3465, 1.4961 1.624 1.7323, 1.2205 1.624 1.7323, 1.4961 1.4272 1.7323, 1.2205 1.4272 1.7323, 1.2205 1.624 0.7874, 1.2795 1.624 0.4724, 1.2795 -1.25 0.4724, 1.2787 -1.25 0.4769, 1.3386 -1.25 0.4724, 1.3386 -1.4469 0.4724, 1.2404 -1.4469 0.4846, 1.2404 -1.25 0.4846, 1.1465 -1.4469 0.5211, 1.1465 -1.25 0.5211, 1.0512 -1.4469 0.5871, 1.0512 -1.25 0.5871, 0.9514 -1.4469 0.6933, 0.9514 -1.25 0.6933, -1.2598 1.4272 1.7323, -1.2598 1.624 1.7323, -1.2598 1.624 0.7874, -1.2598 1.4272 3.3465, -1.2598 1.624 3.3465, -1.4961 1.624 3.3465, -1.4961 1.4272 3.3465, -1.3386 -1.4469 0.4724, -1.3386 -1.25 0.4724, -1.303 -1.4469 0.474, -1.2105 -1.4469 0.4934, -1.1181 -1.4469 0.5376, -1.003 -1.4469 0.6333, -1.3189 1.624 0.4724, -1.5354 1.624 1.7323, -1.5354 1.624 0.7874, -1.4764 1.624 0.4724, -1.4173 -1.25 0.4724, -1.4764 -1.25 0.4724, -1.4173 -1.4469 0.4724, -1.5354 1.4272 1.7323, 1.4961 1.624 0.7874, 1.437 1.624 0.4724, 1.437 -1.25 0.4727, 1.4173 -1.25 0.4724, 1.4173 -1.4469 0.4724, 1.4961 1.4272 3.3465, 1.4961 1.624 3.3465, 4.0146 1.1516 5.315, 4.2717 1.1516 5.315, 4.007 1.1815 5.3127, 4.2717 1.1845 5.3122, 4.0062 1.1845 5.3118, 3.9936 1.2282 5.2994, 4.2717 1.231 5.2982, 3.9927 1.2308 5.2979, 3.9801 1.2691 5.2761, 4.2717 1.2726 5.2734, 3.9789 1.2723 5.2731, 3.968 1.3016 5.2456, 4.2717 1.3068 5.2391, 3.9662 1.3061 5.2386, 3.9571 1.3283 5.2048, 4.2717 1.3317 5.1975, 3.9559 1.331 5.1973, 3.9501 1.3431 5.1635, 4.2717 1.3456 5.1511, 3.9491 1.3446 5.151, 4.2717 1.3484 5.1181, 3.9465 1.3484 5.1181, 3.9452 1.3484 5.0787, 4.2717 1.3484 5.0787, 4.0157 1.624 3.3465, 4.2717 1.624 3.3465, 4.0157 1.4272 3.3465, 4.2717 1.4272 3.3465, 3.9764 1.4272 1.7323, 4.2717 1.4272 1.7323, 3.9764 1.624 1.7323, 4.2717 1.624 1.7323, 3.9764 1.624 0.7874, 4.2717 1.624 0.4724, 4.0354 1.624 0.4724, 4.2717 -1.4469 0.4724, 4.0945 -1.4469 0.4724, 4.0945 -1.25 0.4724, 4.0354 -1.25 0.4724, 4.0157 -1.0076 5.1325, 4.0157 -1.0092 5.1182, 4.2717 -1.0104 5.1183, 4.0157 -1.0138 5.0787, 4.2717 -1.0138 5.0787, 4.0157 -1.0003 5.1575, 4.2717 -0.9937 5.174, 4.0219 -0.9937 5.174, 4.2717 -0.9639 5.2239, 4.0407 -0.9639 5.2239, 4.2717 -0.9228 5.2651, 4.0561 -0.9228 5.2651, 4.2717 -0.8728 5.2949, 4.0673 -0.8728 5.2949, 4.2717 -0.8171 5.3116, 4.0736 -0.8171 5.3116, 4.2717 -0.7776 5.315, 4.0748 -0.7776 5.315, 3.8988 0.2967 5.315, 3.8913 0.296 5.315, 3.8913 0.1673 5.315, 4.0748 0.1673 5.315, 3.9908 0.3634 5.315, 3.9868 0.3538 5.315, 3.9761 0.3395 5.315, 3.9721 0.3341 5.315, 3.9556 0.3201 5.315, 3.9503 0.3156 5.315, 3.9314 0.3058 5.315, 3.9269 0.3035 5.315, 3.9043 0.298 5.315, 4.0151 1.1494 5.315, 4.0408 1.0166 5.315, 4.0545 0.8802 5.315, 4.0319 0.5239 5.315, 4.0028 0.3969 5.315, 3.9985 0.3815 5.315, 4.0412 0.5919 5.315, 4.0505 0.6597 5.315, 4.0547 0.8718 5.315, 4.0567 0.7972 5.315, 4.2717 -1.7224 5.0787, 4.2717 -1.7224 4.1339, 4.2717 -1.4469 4.1339, 4.2717 1.624 5.0787
            ]
        }
        coordIndex [
            0,1,2,-1,2,1,3,-1,2,3,4,-1,4,3,5,-1,4,6,2,-1,2,6,7,-1,6,8,7,-1,7,8,9,-1,10,11,12,-1,12,13,14,-1,14,15,12,-1,12,15,16,-1,12,16,10,-1,17,18,19,-1,19,20,17,-1,17,20,21,-1,17,21,22,-1,22,21,23,-1,22,23,24,-1,24,23,25,-1,24,25,26,-1,26,25,27,-1,26,27,28,-1,28,27,29,-1,28,29,30,-1,30,29,31,-1,30,31,32,-1,32,31,33,-1,32,33,34,-1,34,33,35,-1,34,35,36,-1,35,37,36,-1,36,37,38,-1,36,38,39,-1,40,41,18,-1,18,41,19,-1,42,43,44,-1,44,43,45,-1,44,45,46,-1,46,45,47,-1,46,47,48,-1,44,49,42,-1,42,49,50,-1,42,50,51,-1,51,50,52,-1,50,53,52,-1,52,53,54,-1,52,54,55,-1,55,54,56,-1,55,56,57,-1,56,58,57,-1,57,58,59,-1,57,59,60,-1,60,59,61,-1,60,61,62,-1,62,61,41,-1,62,41,40,-1,63,64,65,-1,65,66,63,-1,63,66,67,-1,63,67,68,-1,68,67,69,-1,68,69,70,-1,71,48,72,-1,72,48,47,-1,72,47,73,-1,73,47,74,-1,73,74,75,-1,75,76,73,-1,73,76,77,-1,73,77,78,-1,78,79,73,-1,73,79,80,-1,73,80,81,-1,81,82,73,-1,73,82,83,-1,73,83,84,-1,84,85,73,-1,73,85,86,-1,73,86,87,-1,88,89,90,-1,87,91,73,-1,73,91,88,-1,73,88,92,-1,92,88,90,-1,69,93,70,-1,70,93,94,-1,70,94,95,-1,95,94,96,-1,88,97,89,-1,89,97,98,-1,89,98,99,-1,99,98,100,-1,99,100,101,-1,101,100,102,-1,101,102,96,-1,96,102,103,-1,96,103,95,-1,104,75,105,-1,105,75,74,-1,106,107,108,-1,108,107,109,-1,110,111,112,-1,112,111,113,-1,112,113,114,-1,114,113,115,-1,114,115,116,-1,107,117,109,-1,109,117,118,-1,109,118,119,-1,119,118,111,-1,119,111,120,-1,120,111,110,-1,115,121,116,-1,116,121,122,-1,116,122,123,-1,123,122,124,-1,123,124,125,-1,125,124,126,-1,125,126,127,-1,128,129,126,-1,126,129,130,-1,126,130,127,-1,128,131,129,-1,129,131,132,-1,129,132,133,-1,133,134,129,-1,129,134,135,-1,129,135,136,-1,136,137,129,-1,129,137,138,-1,129,138,139,-1,139,140,129,-1,129,140,141,-1,129,141,142,-1,142,104,129,-1,129,104,105,-1,129,105,143,-1,143,105,144,-1,143,144,145,-1,145,144,146,-1,147,148,149,-1,149,150,147,-1,147,150,151,-1,147,151,152,-1,152,151,153,-1,152,153,154,-1,154,153,155,-1,154,155,156,-1,156,155,157,-1,156,157,158,-1,158,157,159,-1,158,159,160,-1,160,159,161,-1,160,161,162,-1,162,161,163,-1,162,163,164,-1,164,163,165,-1,164,165,166,-1,165,167,166,-1,166,167,146,-1,166,146,144,-1,168,169,148,-1,148,169,149,-1,170,171,172,-1,172,171,173,-1,172,173,174,-1,174,173,175,-1,174,175,176,-1,172,177,170,-1,170,177,178,-1,170,178,179,-1,179,178,180,-1,178,181,180,-1,180,181,182,-1,180,182,183,-1,183,182,184,-1,183,184,185,-1,184,186,185,-1,185,186,187,-1,185,187,188,-1,188,187,189,-1,188,189,190,-1,190,189,169,-1,190,169,168,-1,191,192,193,-1,194,13,195,-1,195,13,12,-1,195,12,196,-1,197,198,194,-1,194,198,199,-1,194,199,13,-1,12,191,196,-1,196,191,193,-1,196,193,197,-1,197,193,200,-1,197,200,198,-1,198,200,201,-1,198,201,202,-1,202,201,203,-1,202,203,191,-1,191,203,204,-1,191,204,192,-1,205,202,206,-1,206,202,207,-1,207,208,206,-1,206,208,209,-1,208,210,209,-1,209,210,211,-1,210,212,213,-1,214,215,216,-1,217,218,219,-1,219,218,220,-1,219,220,215,-1,215,220,221,-1,215,221,216,-1,216,210,214,-1,214,210,213,-1,214,213,217,-1,217,213,222,-1,217,222,218,-1,218,222,223,-1,218,223,224,-1,224,223,225,-1,224,225,210,-1,210,225,226,-1,210,226,212,-1,227,9,228,-1,228,9,8,-1,227,229,9,-1,9,229,0,-1,9,0,7,-1,7,0,2,-1,1,0,230,-1,230,0,229,-1,231,232,233,-1,1,230,234,-1,3,1,235,-1,235,1,234,-1,235,234,233,-1,233,234,236,-1,233,236,231,-1,234,237,238,-1,239,240,241,-1,241,242,243,-1,239,241,244,-1,244,241,243,-1,244,243,245,-1,246,247,248,-1,240,239,249,-1,249,239,250,-1,249,250,251,-1,251,250,252,-1,251,252,248,-1,248,252,253,-1,248,253,246,-1,247,246,254,-1,254,246,255,-1,254,255,256,-1,256,255,257,-1,256,257,258,-1,258,257,259,-1,258,259,260,-1,259,261,260,-1,260,261,232,-1,260,232,262,-1,262,232,231,-1,262,231,238,-1,238,231,236,-1,238,236,234,-1,263,264,265,-1,237,266,267,-1,237,265,238,-1,238,265,268,-1,238,268,262,-1,237,267,265,-1,265,267,269,-1,265,269,263,-1,270,271,266,-1,266,271,267,-1,270,272,271,-1,271,272,273,-1,271,273,274,-1,274,273,275,-1,276,273,277,-1,277,273,272,-1,278,279,280,-1,280,279,281,-1,282,283,278,-1,278,283,279,-1,282,284,283,-1,283,284,285,-1,286,285,287,-1,287,285,284,-1,288,289,287,-1,287,289,286,-1,290,291,292,-1,276,277,293,-1,294,276,295,-1,295,276,293,-1,295,293,292,-1,292,293,296,-1,292,296,290,-1,297,298,299,-1,300,301,302,-1,302,301,303,-1,302,303,299,-1,299,303,304,-1,299,304,297,-1,297,304,305,-1,306,307,308,-1,308,307,309,-1,308,309,310,-1,310,309,311,-1,311,312,310,-1,310,312,313,-1,310,313,314,-1,314,313,315,-1,314,315,300,-1,300,315,316,-1,300,316,301,-1,317,318,319,-1,319,318,320,-1,319,320,321,-1,321,320,322,-1,321,322,323,-1,323,322,324,-1,323,324,297,-1,297,324,325,-1,297,325,298,-1,326,327,328,-1,328,327,306,-1,328,306,308,-1,326,329,327,-1,327,329,330,-1,327,330,331,-1,330,332,331,-1,331,332,333,-1,331,333,334,-1,333,335,334,-1,334,335,336,-1,334,336,337,-1,336,338,337,-1,337,338,339,-1,337,339,340,-1,340,339,341,-1,340,341,342,-1,342,341,343,-1,343,344,342,-1,342,344,345,-1,342,345,346,-1,347,348,233,-1,349,350,233,-1,233,348,235,-1,235,348,351,-1,235,351,352,-1,352,351,353,-1,352,353,354,-1,354,353,345,-1,354,345,344,-1,330,329,354,-1,350,355,233,-1,233,355,356,-1,233,356,347,-1,357,358,233,-1,233,358,359,-1,233,359,360,-1,329,326,354,-1,354,326,328,-1,354,328,361,-1,360,362,233,-1,233,362,363,-1,233,363,364,-1,364,365,233,-1,233,365,366,-1,233,366,349,-1,344,343,354,-1,354,343,341,-1,354,341,339,-1,339,338,354,-1,354,338,336,-1,354,336,335,-1,335,333,354,-1,354,333,332,-1,354,332,330,-1,318,317,367,-1,367,368,318,-1,318,368,369,-1,318,369,370,-1,370,369,371,-1,370,371,372,-1,373,176,374,-1,374,176,175,-1,374,175,375,-1,375,175,376,-1,375,376,377,-1,377,378,375,-1,375,378,379,-1,375,379,380,-1,380,381,375,-1,375,381,382,-1,375,382,383,-1,383,384,375,-1,375,384,385,-1,375,385,386,-1,386,387,375,-1,375,387,388,-1,375,388,389,-1,390,391,392,-1,389,393,375,-1,375,393,390,-1,375,390,394,-1,394,390,392,-1,371,395,372,-1,372,395,396,-1,372,396,397,-1,397,396,398,-1,390,399,391,-1,391,399,400,-1,391,400,401,-1,401,400,402,-1,401,402,403,-1,403,402,404,-1,403,404,398,-1,398,404,405,-1,398,405,397,-1,377,406,378,-1,378,406,407,-1,378,407,379,-1,379,407,380,-1,380,407,408,-1,380,408,381,-1,408,409,381,-1,381,409,410,-1,381,410,382,-1,382,410,411,-1,382,411,383,-1,383,411,384,-1,384,411,412,-1,384,412,385,-1,385,412,413,-1,385,413,386,-1,386,413,414,-1,386,414,387,-1,387,414,415,-1,387,415,388,-1,388,415,416,-1,388,416,389,-1,417,393,418,-1,418,393,389,-1,418,389,419,-1,419,389,416,-1,406,377,420,-1,420,377,376,-1,421,422,423,-1,424,425,426,-1,426,425,361,-1,361,427,428,-1,308,310,328,-1,328,310,314,-1,328,314,361,-1,361,314,300,-1,300,302,361,-1,361,302,299,-1,361,299,298,-1,298,325,361,-1,361,325,324,-1,361,324,427,-1,429,430,426,-1,426,430,431,-1,426,431,423,-1,423,431,432,-1,423,432,421,-1,324,322,427,-1,427,322,320,-1,427,320,433,-1,433,320,318,-1,433,318,434,-1,428,435,361,-1,361,435,436,-1,361,436,426,-1,426,436,437,-1,426,437,429,-1,438,390,439,-1,439,390,393,-1,439,393,417,-1,402,400,438,-1,438,400,399,-1,438,399,390,-1,440,404,441,-1,441,404,402,-1,441,402,442,-1,442,402,438,-1,434,318,443,-1,443,318,370,-1,443,370,444,-1,444,370,372,-1,444,372,445,-1,445,372,397,-1,445,397,440,-1,440,397,405,-1,440,405,404,-1,354,361,446,-1,446,361,425,-1,446,425,447,-1,447,425,448,-1,449,450,448,-1,448,450,451,-1,448,451,447,-1,4,5,352,-1,452,228,8,-1,452,352,453,-1,453,352,354,-1,453,354,446,-1,452,8,352,-1,352,8,6,-1,352,6,4,-1,454,452,455,-1,455,452,453,-1,455,453,456,-1,456,453,446,-1,456,446,457,-1,457,446,447,-1,457,447,458,-1,458,447,451,-1,458,451,459,-1,459,451,450,-1,459,450,460,-1,460,450,449,-1,460,449,461,-1,461,449,448,-1,461,448,462,-1,462,448,425,-1,462,425,424,-1,293,463,296,-1,296,463,464,-1,296,464,290,-1,290,464,465,-1,290,465,291,-1,291,465,466,-1,291,466,467,-1,467,466,468,-1,467,468,469,-1,469,468,470,-1,469,470,471,-1,471,470,472,-1,471,472,473,-1,473,472,474,-1,473,474,475,-1,475,474,476,-1,475,476,477,-1,477,478,292,-1,471,473,475,-1,292,291,477,-1,477,291,467,-1,477,467,475,-1,475,467,469,-1,475,469,471,-1,479,480,268,-1,481,482,483,-1,484,485,478,-1,478,485,486,-1,478,486,292,-1,292,486,487,-1,292,487,295,-1,295,487,488,-1,295,488,265,-1,265,488,489,-1,265,489,268,-1,268,489,490,-1,268,490,491,-1,480,492,268,-1,268,492,493,-1,268,493,494,-1,495,478,496,-1,496,478,483,-1,495,497,478,-1,478,497,498,-1,478,498,484,-1,478,499,483,-1,483,499,500,-1,483,500,481,-1,481,500,501,-1,491,502,268,-1,268,502,503,-1,268,503,504,-1,504,505,268,-1,268,505,506,-1,268,506,507,-1,507,508,268,-1,268,508,509,-1,268,509,479,-1,487,486,510,-1,510,486,511,-1,511,486,512,-1,512,486,485,-1,512,485,484,-1,484,498,512,-1,512,498,497,-1,512,497,513,-1,497,495,513,-1,513,495,496,-1,513,496,514,-1,496,483,514,-1,514,483,482,-1,514,482,515,-1,515,482,481,-1,515,481,516,-1,481,501,516,-1,516,501,500,-1,516,500,517,-1,517,500,499,-1,517,499,518,-1,519,520,521,-1,522,523,524,-1,525,526,527,-1,528,529,530,-1,531,532,533,-1,533,532,534,-1,533,534,535,-1,536,530,537,-1,537,530,529,-1,537,529,535,-1,535,529,538,-1,535,538,533,-1,528,530,526,-1,526,530,539,-1,526,539,527,-1,524,523,540,-1,525,527,523,-1,523,527,541,-1,523,541,540,-1,521,520,542,-1,522,524,520,-1,520,524,543,-1,520,543,542,-1,519,521,518,-1,518,521,544,-1,518,544,517,-1,532,531,545,-1,545,531,546,-1,547,548,549,-1,549,548,550,-1,549,550,551,-1,551,550,552,-1,551,552,553,-1,531,554,546,-1,546,554,555,-1,546,555,556,-1,556,555,548,-1,556,548,557,-1,557,548,547,-1,552,558,553,-1,553,558,559,-1,553,559,560,-1,560,559,561,-1,560,561,562,-1,562,561,563,-1,562,563,564,-1,565,566,563,-1,563,566,567,-1,563,567,564,-1,565,568,566,-1,566,568,569,-1,566,569,570,-1,570,571,566,-1,566,571,572,-1,566,572,573,-1,573,574,566,-1,566,574,575,-1,566,575,576,-1,576,577,566,-1,566,577,578,-1,566,578,579,-1,579,580,566,-1,566,580,581,-1,566,581,582,-1,582,581,39,-1,582,39,583,-1,583,39,38,-1,565,584,568,-1,568,584,585,-1,568,585,569,-1,569,585,570,-1,570,585,586,-1,570,586,571,-1,571,586,587,-1,571,587,572,-1,572,587,588,-1,572,588,573,-1,573,588,589,-1,573,589,574,-1,574,589,590,-1,574,590,575,-1,590,591,575,-1,575,591,592,-1,575,592,576,-1,576,592,593,-1,576,593,577,-1,577,593,578,-1,578,593,594,-1,578,594,579,-1,595,580,596,-1,596,580,579,-1,596,579,597,-1,597,579,594,-1,519,518,499,-1,477,476,478,-1,478,476,598,-1,598,533,538,-1,599,600,601,-1,601,600,602,-1,601,602,598,-1,598,602,603,-1,603,604,598,-1,598,604,605,-1,598,605,606,-1,606,607,598,-1,598,607,608,-1,598,608,533,-1,525,523,478,-1,478,523,522,-1,478,522,499,-1,499,522,520,-1,499,520,519,-1,608,609,533,-1,533,609,610,-1,533,610,531,-1,531,610,611,-1,531,611,554,-1,538,529,598,-1,598,529,528,-1,598,528,478,-1,478,528,526,-1,478,526,525,-1,561,612,563,-1,563,612,584,-1,563,584,565,-1,613,614,561,-1,561,614,615,-1,561,615,612,-1,552,616,558,-1,558,616,613,-1,558,613,559,-1,559,613,561,-1,554,611,555,-1,555,611,617,-1,555,617,548,-1,548,617,618,-1,548,618,550,-1,550,618,619,-1,550,619,552,-1,552,619,620,-1,552,620,616,-1,621,581,595,-1,595,581,580,-1,220,622,623,-1,623,622,624,-1,623,624,625,-1,625,624,626,-1,625,626,627,-1,627,626,628,-1,627,628,629,-1,629,628,630,-1,629,630,631,-1,631,630,632,-1,631,632,633,-1,633,632,634,-1,633,634,635,-1,635,634,636,-1,635,636,221,-1,221,636,637,-1,638,639,640,-1,640,639,641,-1,641,642,640,-1,640,642,643,-1,640,643,644,-1,644,643,645,-1,644,645,646,-1,646,645,647,-1,646,647,648,-1,648,647,221,-1,648,221,637,-1,649,650,651,-1,652,641,639,-1,638,653,639,-1,639,653,649,-1,639,649,652,-1,652,649,651,-1,649,653,654,-1,654,653,655,-1,654,655,656,-1,656,655,657,-1,656,657,658,-1,658,657,659,-1,658,659,660,-1,660,659,661,-1,660,661,662,-1,662,661,663,-1,662,663,199,-1,199,663,664,-1,664,663,665,-1,664,665,666,-1,666,665,667,-1,666,667,668,-1,668,667,669,-1,668,669,670,-1,670,669,671,-1,670,671,672,-1,672,671,673,-1,672,673,674,-1,674,673,675,-1,674,675,676,-1,676,675,677,-1,676,677,13,-1,13,677,678,-1,679,680,288,-1,288,680,289,-1,681,682,683,-1,683,682,684,-1,685,224,682,-1,682,224,684,-1,224,685,686,-1,686,687,224,-1,224,687,688,-1,224,688,218,-1,688,687,689,-1,689,690,688,-1,688,690,691,-1,688,691,692,-1,692,691,693,-1,692,693,694,-1,694,693,695,-1,694,695,696,-1,696,695,697,-1,696,697,698,-1,698,697,622,-1,698,622,220,-1,699,191,700,-1,700,191,701,-1,281,702,280,-1,280,702,703,-1,704,703,705,-1,705,703,702,-1,706,707,708,-1,708,707,11,-1,11,10,708,-1,708,10,16,-1,708,16,709,-1,709,16,15,-1,709,15,710,-1,710,15,14,-1,710,14,711,-1,711,14,13,-1,711,13,678,-1,12,11,191,-1,191,11,712,-1,191,712,701,-1,713,700,714,-1,714,700,701,-1,714,701,715,-1,715,701,712,-1,716,717,715,-1,712,11,707,-1,706,718,707,-1,707,718,716,-1,707,716,712,-1,712,716,715,-1,719,699,713,-1,713,699,700,-1,682,681,685,-1,685,681,720,-1,685,720,686,-1,686,720,721,-1,689,687,686,-1,721,722,723,-1,724,690,723,-1,723,690,689,-1,723,689,721,-1,721,689,686,-1,725,680,726,-1,726,680,679,-1,727,728,729,-1,729,728,730,-1,729,730,731,-1,731,730,732,-1,732,730,733,-1,732,733,734,-1,734,733,735,-1,735,733,736,-1,735,736,737,-1,737,736,738,-1,738,736,739,-1,738,739,740,-1,740,739,741,-1,741,739,742,-1,741,742,743,-1,743,742,744,-1,744,742,745,-1,744,745,746,-1,746,745,747,-1,746,747,748,-1,748,747,749,-1,749,747,750,-1,751,752,753,-1,753,752,754,-1,755,756,757,-1,757,756,758,-1,757,758,759,-1,759,758,760,-1,759,760,761,-1,762,763,764,-1,765,761,764,-1,764,761,760,-1,764,760,762,-1,766,767,768,-1,768,767,769,-1,768,769,770,-1,766,768,771,-1,771,768,772,-1,771,772,773,-1,773,772,774,-1,773,774,775,-1,775,774,776,-1,775,776,777,-1,777,776,778,-1,777,778,779,-1,779,778,780,-1,779,780,781,-1,781,780,782,-1,781,782,783,-1,784,785,786,-1,783,782,787,-1,787,782,728,-1,788,789,787,-1,787,789,790,-1,790,791,787,-1,787,791,792,-1,787,792,793,-1,793,794,787,-1,787,794,795,-1,787,795,786,-1,786,795,796,-1,786,796,784,-1,727,797,728,-1,728,797,798,-1,728,798,799,-1,800,801,787,-1,787,801,802,-1,787,802,788,-1,800,787,803,-1,803,787,728,-1,803,728,804,-1,799,805,728,-1,728,805,806,-1,728,806,804,-1,807,808,770,-1,770,808,809,-1,809,782,770,-1,770,782,780,-1,770,780,768,-1,752,810,754,-1,754,810,750,-1,780,778,768,-1,768,778,776,-1,768,776,772,-1,772,776,774,-1,760,758,762,-1,762,758,756,-1,762,756,809,-1,809,756,754,-1,809,754,782,-1,782,754,750,-1,782,750,728,-1,728,750,747,-1,728,747,730,-1,730,747,745,-1,730,745,733,-1,742,739,745,-1,745,739,736,-1,745,736,733,-1,
        ]
    }
}
Shape{
    appearance Appearance {
        material  Material 	{
            diffuseColor 0.34901960784313724 0.34901960784313724 0.34901960784313724
            specularColor 0.023529411764705882 0.023529411764705882 0.023529411764705882
            ambientIntensity 0.498
            transparency 0.0
            shininess 0.5
        }
    }
    geometry IndexedFaceSet {
        ccw TRUE
        solid FALSE
        coord DEF co Coordinate {
            point [
                3.5454 -0.3257 5.7087, 3.563 -0.334 5.7087, 3.563 0.0689 5.7087, 3.3797 -0.3134 5.7087, 3.3268 0.0689 5.7087, 3.3786 -0.3138 5.7087, 3.3268 -0.334 5.7087, 3.5107 -0.3151 5.7087, 3.4348 -0.3053 5.7087, 3.4448 -0.306 5.7087, 3.4919 -0.3094 5.7087, 3.6258 -0.3801 5.8658, 3.6417 -0.3642 5.9055, 3.6071 -0.3631 5.819, 3.6417 0.0689 5.9055, 3.5723 -0.3402 5.732, 3.248 0.0689 5.9055, 3.248 -0.3642 5.9055, 3.2639 -0.3801 5.8658, 3.3174 -0.3402 5.7321, 3.2835 -0.3624 5.8168, 3.3787 -0.314 4.6452, 3.3176 -0.3407 4.6457, 3.6921 -0.4948 5.7087, 3.6914 -0.495 4.6457, 3.6946 -0.5045 4.6457, 3.7008 -0.561 5.7087, 3.6913 -0.6271 4.6457, 3.6921 -0.6273 5.7087, 3.7 -0.5814 4.6457, 3.7008 -0.561 4.6457, 3.6664 -0.6889 4.6457, 3.6719 -0.6791 5.7087, 3.6673 -0.6876 4.6457, 3.6896 -0.6359 4.6457, 3.3175 -0.7818 4.6457, 3.3268 -0.788 5.7087, 3.3283 -0.7888 4.6457, 3.3444 -0.7964 5.7087, 3.3788 -0.8079 4.6457, 3.379 -0.8069 5.7087, 3.3823 -0.8092 4.6457, 3.3979 -0.8126 5.7087, 3.4389 -0.8169 4.6457, 3.4449 -0.816 5.7087, 3.4448 -0.8163 4.6457, 3.455 -0.8168 5.7087, 3.4951 -0.812 4.6457, 3.5101 -0.8086 5.7087, 3.5108 -0.8072 4.6457, 3.5111 -0.8082 5.7087, 3.5437 -0.7971 4.6457, 3.563 -0.788 5.7087, 3.5722 -0.7814 4.6457, 3.5726 -0.7823 5.7328, 3.5916 -0.7707 4.6457, 3.5873 -0.7736 5.7695, 3.6251 -0.7412 4.6457, 3.6258 -0.742 5.8658, 3.6345 -0.7329 4.6457, 3.6581 -0.7025 5.7672, 3.6662 -0.6888 5.7328, 3.2234 -0.4332 4.6457, 3.2179 -0.4429 5.7087, 3.2219 -0.4353 4.6457, 3.2135 -0.4518 5.7087, 3.1997 -0.4866 4.6457, 3.1985 -0.4951 5.7087, 3.1982 -0.4949 4.6457, 3.1951 -0.5047 5.7087, 3.1897 -0.5415 4.6457, 3.189 -0.561 5.7087, 3.189 -0.561 4.6457, 3.1892 -0.5709 5.7087, 3.1952 -0.6171 4.6457, 3.1973 -0.6263 5.7087, 3.1986 -0.627 4.6457, 3.1977 -0.6273 5.7087, 3.2138 -0.671 4.6457, 3.2179 -0.6791 5.7087, 3.2245 -0.6882 4.6457, 3.2236 -0.6888 5.7328, 3.2432 -0.7186 4.6457, 3.2323 -0.7035 5.7695, 3.265 -0.7409 4.6457, 3.2639 -0.742 5.8658, 3.2822 -0.7586 4.6457, 3.2826 -0.7589 5.819, 3.3174 -0.7819 5.732, 3.2966 -0.3522 4.6457, 3.2646 -0.3808 4.6457, 3.2554 -0.3889 4.6457, 3.247 -0.3988 5.819, 3.224 -0.4336 5.732, 3.3771 -0.3143 4.6452, 3.3465 -0.3248 4.6457, 3.4339 -0.3054 4.6441, 3.4448 -0.3061 4.6442, 3.4897 -0.309 4.6446, 3.5107 -0.3152 4.645, 3.5723 -0.3402 4.6457, 3.5611 -0.333 4.6457, 3.5433 -0.3248 4.6457, 3.6766 -0.4523 4.6457, 3.6719 -0.4429 5.7087, 3.6653 -0.4338 4.6457, 3.6662 -0.4333 5.7328, 3.6467 -0.4035 4.6457, 3.6575 -0.4186 5.7695, 3.6249 -0.381 4.6457, 3.6079 -0.3634 4.6457, 2.1675 -0.3257 5.7087, 2.185 -0.334 5.7087, 2.185 0.0689 5.7087, 2.0018 -0.3134 5.7087, 1.9488 0.0689 5.7087, 2.0007 -0.3138 5.7087, 1.9488 -0.334 5.7087, 2.1328 -0.3151 5.7087, 2.0568 -0.3053 5.7087, 2.0669 -0.306 5.7087, 2.1139 -0.3094 5.7087, 2.2479 -0.3801 5.8658, 2.2638 -0.3642 5.9055, 2.2292 -0.3631 5.819, 2.2638 0.0689 5.9055, 2.1944 -0.3402 5.732, 1.8701 0.0689 5.9055, 1.8701 -0.3642 5.9055, 1.886 -0.3801 5.8658, 1.9395 -0.3402 5.7321, 1.9055 -0.3624 5.8168, 2.0007 -0.314 4.6452, 1.9397 -0.3407 4.6457, 2.3141 -0.4948 5.7087, 2.3134 -0.495 4.6457, 2.3167 -0.5045 4.6457, 2.3228 -0.561 5.7087, 2.3133 -0.6271 4.6457, 2.3141 -0.6273 5.7087, 2.322 -0.5814 4.6457, 2.3228 -0.561 4.6457, 2.2884 -0.6889 4.6457, 2.2939 -0.6791 5.7087, 2.2894 -0.6876 4.6457, 2.3117 -0.6359 4.6457, 1.9396 -0.7818 4.6457, 1.9488 -0.788 5.7087, 1.9503 -0.7888 4.6457, 1.9664 -0.7964 5.7087, 2.0008 -0.8079 4.6457, 2.0011 -0.8069 5.7087, 2.0043 -0.8092 4.6457, 2.0199 -0.8126 5.7087, 2.0609 -0.8169 4.6457, 2.067 -0.816 5.7087, 2.0669 -0.8163 4.6457, 2.077 -0.8168 5.7087, 2.1171 -0.812 4.6457, 2.1321 -0.8086 5.7087, 2.1328 -0.8072 4.6457, 2.1332 -0.8082 5.7087, 2.1658 -0.7971 4.6457, 2.185 -0.788 5.7087, 2.1942 -0.7814 4.6457, 2.1947 -0.7823 5.7328, 2.2136 -0.7707 4.6457, 2.2094 -0.7736 5.7695, 2.2472 -0.7412 4.6457, 2.2479 -0.742 5.8658, 2.2565 -0.7329 4.6457, 2.2801 -0.7025 5.7672, 2.2882 -0.6888 5.7328, 1.8455 -0.4332 4.6457, 1.8399 -0.4429 5.7087, 1.8439 -0.4353 4.6457, 1.8355 -0.4518 5.7087, 1.8218 -0.4866 4.6457, 1.8205 -0.4951 5.7087, 1.8202 -0.4949 4.6457, 1.8172 -0.5047 5.7087, 1.8117 -0.5415 4.6457, 1.811 -0.561 5.7087, 1.811 -0.561 4.6457, 1.8112 -0.5709 5.7087, 1.8172 -0.6171 4.6457, 1.8194 -0.6263 5.7087, 1.8206 -0.627 4.6457, 1.8197 -0.6273 5.7087, 1.8358 -0.671 4.6457, 1.8399 -0.6791 5.7087, 1.8465 -0.6882 4.6457, 1.8456 -0.6888 5.7328, 1.8653 -0.7186 4.6457, 1.8543 -0.7035 5.7695, 1.887 -0.7409 4.6457, 1.886 -0.742 5.8658, 1.9043 -0.7586 4.6457, 1.9047 -0.7589 5.819, 1.9395 -0.7819 5.732, 1.9187 -0.3522 4.6457, 1.8866 -0.3808 4.6457, 1.8774 -0.3889 4.6457, 1.869 -0.3988 5.819, 1.8461 -0.4336 5.732, 1.9992 -0.3143 4.6452, 1.9685 -0.3248 4.6457, 2.0559 -0.3054 4.6441, 2.0669 -0.3061 4.6442, 2.1118 -0.309 4.6446, 2.1328 -0.3152 4.645, 2.1943 -0.3402 4.6457, 2.1831 -0.333 4.6457, 2.1654 -0.3248 4.6457, 2.2987 -0.4523 4.6457, 2.2939 -0.4429 5.7087, 2.2873 -0.4338 4.6457, 2.2882 -0.4333 5.7328, 2.2687 -0.4035 4.6457, 2.2795 -0.4186 5.7695, 2.247 -0.381 4.6457, 2.23 -0.3634 4.6457
            ]
        }
        coordIndex [
            0,1,2,-1,3,4,5,-1,5,4,6,-1,0,2,7,-1,3,8,4,-1,4,8,9,-1,4,9,2,-1,2,9,10,-1,2,10,7,-1,11,12,13,-1,13,12,14,-1,13,14,15,-1,15,14,2,-1,15,2,1,-1,16,17,18,-1,6,4,19,-1,19,4,16,-1,19,16,20,-1,20,16,18,-1,3,5,21,-1,6,19,22,-1,23,24,25,-1,23,25,26,-1,27,28,29,-1,29,28,26,-1,29,26,30,-1,30,26,25,-1,31,32,33,-1,33,32,28,-1,33,28,34,-1,34,28,27,-1,35,36,37,-1,37,36,38,-1,37,38,39,-1,39,38,40,-1,39,40,41,-1,41,40,42,-1,41,42,43,-1,43,42,44,-1,43,44,45,-1,45,44,46,-1,45,46,47,-1,47,46,48,-1,47,48,49,-1,49,48,50,-1,49,50,51,-1,51,50,52,-1,51,52,53,-1,53,52,54,-1,53,54,55,-1,55,54,56,-1,55,56,57,-1,57,56,58,-1,57,58,59,-1,59,58,60,-1,59,60,31,-1,31,60,61,-1,31,61,32,-1,62,63,64,-1,64,63,65,-1,64,65,66,-1,66,65,67,-1,66,67,68,-1,68,67,69,-1,68,69,70,-1,70,69,71,-1,70,71,72,-1,72,71,73,-1,72,73,74,-1,74,73,75,-1,74,75,76,-1,76,75,77,-1,76,77,78,-1,78,77,79,-1,78,79,80,-1,80,79,81,-1,80,81,82,-1,82,81,83,-1,82,83,84,-1,84,83,85,-1,84,85,86,-1,86,85,87,-1,86,87,35,-1,35,87,88,-1,35,88,36,-1,22,19,89,-1,89,19,20,-1,89,20,90,-1,90,20,18,-1,90,18,91,-1,91,18,92,-1,91,92,62,-1,62,92,93,-1,62,93,63,-1,21,5,94,-1,6,22,5,-1,5,22,95,-1,5,95,94,-1,3,21,8,-1,8,21,96,-1,8,96,9,-1,9,96,97,-1,9,97,10,-1,10,97,98,-1,10,98,7,-1,7,98,99,-1,7,99,0,-1,100,1,101,-1,101,1,0,-1,101,0,102,-1,102,0,99,-1,24,23,103,-1,103,23,104,-1,103,104,105,-1,105,104,106,-1,105,106,107,-1,107,106,108,-1,107,108,109,-1,109,108,11,-1,109,11,110,-1,110,11,13,-1,110,13,100,-1,100,13,15,-1,100,15,1,-1,111,112,113,-1,114,115,116,-1,116,115,117,-1,111,113,118,-1,114,119,115,-1,115,119,120,-1,115,120,113,-1,113,120,121,-1,113,121,118,-1,122,123,124,-1,124,123,125,-1,124,125,126,-1,126,125,113,-1,126,113,112,-1,127,128,129,-1,117,115,130,-1,130,115,127,-1,130,127,131,-1,131,127,129,-1,114,116,132,-1,117,130,133,-1,134,135,136,-1,134,136,137,-1,138,139,140,-1,140,139,137,-1,140,137,141,-1,141,137,136,-1,142,143,144,-1,144,143,139,-1,144,139,145,-1,145,139,138,-1,146,147,148,-1,148,147,149,-1,148,149,150,-1,150,149,151,-1,150,151,152,-1,152,151,153,-1,152,153,154,-1,154,153,155,-1,154,155,156,-1,156,155,157,-1,156,157,158,-1,158,157,159,-1,158,159,160,-1,160,159,161,-1,160,161,162,-1,162,161,163,-1,162,163,164,-1,164,163,165,-1,164,165,166,-1,166,165,167,-1,166,167,168,-1,168,167,169,-1,168,169,170,-1,170,169,171,-1,170,171,142,-1,142,171,172,-1,142,172,143,-1,173,174,175,-1,175,174,176,-1,175,176,177,-1,177,176,178,-1,177,178,179,-1,179,178,180,-1,179,180,181,-1,181,180,182,-1,181,182,183,-1,183,182,184,-1,183,184,185,-1,185,184,186,-1,185,186,187,-1,187,186,188,-1,187,188,189,-1,189,188,190,-1,189,190,191,-1,191,190,192,-1,191,192,193,-1,193,192,194,-1,193,194,195,-1,195,194,196,-1,195,196,197,-1,197,196,198,-1,197,198,146,-1,146,198,199,-1,146,199,147,-1,133,130,200,-1,200,130,131,-1,200,131,201,-1,201,131,129,-1,201,129,202,-1,202,129,203,-1,202,203,173,-1,173,203,204,-1,173,204,174,-1,132,116,205,-1,117,133,116,-1,116,133,206,-1,116,206,205,-1,114,132,119,-1,119,132,207,-1,119,207,120,-1,120,207,208,-1,120,208,121,-1,121,208,209,-1,121,209,118,-1,118,209,210,-1,118,210,111,-1,211,112,212,-1,212,112,111,-1,212,111,213,-1,213,111,210,-1,135,134,214,-1,214,134,215,-1,214,215,216,-1,216,215,217,-1,216,217,218,-1,218,217,219,-1,218,219,220,-1,220,219,122,-1,220,122,221,-1,221,122,124,-1,221,124,211,-1,211,124,126,-1,211,126,112,-1,
        ]
    }
}
Shape{
    appearance Appearance {
        material  Material 	{
            diffuseColor 0.6666666666666666 0.6666666666666666 0.6666666666666666
            specularColor 0.4666666666666667 0.4666666666666667 0.4666666666666667
            ambientIntensity 0.6667
            transparency 0.0
            shininess 0.5
        }
    }
    geometry IndexedFaceSet {
        ccw TRUE
        solid FALSE
        coord DEF co Coordinate {
            point [
                2.2244 -1.25 0.0, 2.2244 -2.0768 0.0, 1.9094 -1.25 0.0, 1.9094 -2.0768 0.0, 2.2244 -2.0768 0.1575, 1.9094 -2.0768 0.1575, 2.2244 -1.25 0.1575, 1.9094 -1.25 0.1575, 2.2244 1.25 0.1575, 2.2244 2.0768 0.1575, 1.9094 1.25 0.1575, 1.9094 2.0768 0.1575, 2.2244 2.0768 0.0, 1.9094 2.0768 0.0, 2.2244 1.25 0.0, 1.9094 1.25 0.0, 3.6024 2.0768 0.0, 3.6024 1.25 0.0, 3.2874 2.0768 0.0, 3.2874 1.25 0.0, 3.6024 2.0768 0.1575, 3.2874 2.0768 0.1575, 3.6024 1.25 0.1575, 3.2874 1.25 0.1575, 3.6024 -1.25 0.0, 3.6024 -2.0768 0.0, 3.2874 -1.25 0.0, 3.2874 -2.0768 0.0, 3.6024 -2.0768 0.1575, 3.2874 -2.0768 0.1575, 3.6024 -1.25 0.1575, 3.2874 -1.25 0.1575
            ]
        }
        coordIndex [
            0,1,2,-1,2,1,3,-1,1,4,3,-1,3,4,5,-1,4,6,5,-1,5,6,7,-1,8,9,10,-1,10,9,11,-1,9,12,11,-1,11,12,13,-1,12,14,13,-1,13,14,15,-1,16,17,18,-1,18,17,19,-1,20,16,21,-1,21,16,18,-1,22,20,23,-1,23,20,21,-1,24,25,26,-1,26,25,27,-1,25,28,27,-1,27,28,29,-1,28,30,29,-1,29,30,31,-1,
        ]
    }
}
Shape{
    appearance Appearance {
        material  Material 	{
            diffuseColor 0.20784313725490197 0.20784313725490197 0.20784313725490197
            specularColor 0.01568627450980392 0.01568627450980392 0.01568627450980392
            ambientIntensity 0.298
            transparency 0.0
            shininess 0.5
        }
    }
    geometry IndexedFaceSet {
        ccw TRUE
        solid FALSE
        coord DEF co Coordinate {
            point [
                3.9764 -0.3051 4.6432, 3.9764 -0.3248 4.6457, 3.5433 -0.3248 4.6457, 3.5107 -0.3152 4.645, 3.4897 -0.309 4.6446, 3.4448 -0.3061 4.6442, 3.3771 -0.3143 4.6452, 3.3465 -0.3248 4.6457, 3.0906 -0.3248 4.6457, 3.4339 -0.3054 4.6441, 3.3787 -0.314 4.6452, 3.0906 -0.3051 4.6436, 3.0906 -0.3101 4.6448, 3.9764 -0.2957 4.6421, 3.0906 -0.283 4.6384, 3.9764 -0.2775 4.6349, 3.0906 -0.2773 4.6354, 3.9764 -0.2685 4.6314, 3.0906 -0.2596 4.6262, 3.9764 -0.2527 4.6201, 3.0906 -0.2526 4.6202, 3.9764 -0.2447 4.6144, 3.0906 -0.238 4.6077, 3.9764 -0.2321 4.5997, 3.0906 -0.2323 4.5997, 3.9764 -0.2262 4.5928, 3.0906 -0.221 4.5839, 3.9764 -0.217 4.5751, 3.0906 -0.2175 4.5749, 3.9764 -0.214 4.5694, 3.0906 -0.2103 4.5566, 3.9764 -0.2087 4.5473, 3.0906 -0.2091 4.5472, 3.9764 -0.2075 4.5422, 3.0906 -0.2067 4.5276, 3.9764 -0.2067 4.5276
            ]
        }
        coordIndex [
            0,1,2,-1,2,3,0,-1,0,3,4,-1,0,4,5,-1,6,7,8,-1,9,10,11,-1,11,10,6,-1,11,6,12,-1,12,6,8,-1,5,9,0,-1,0,9,11,-1,0,11,13,-1,13,11,14,-1,13,14,15,-1,15,14,16,-1,15,16,17,-1,17,16,18,-1,17,18,19,-1,19,18,20,-1,19,20,21,-1,21,20,22,-1,21,22,23,-1,23,22,24,-1,23,24,25,-1,25,24,26,-1,25,26,27,-1,27,26,28,-1,27,28,29,-1,29,28,30,-1,29,30,31,-1,31,30,32,-1,31,32,33,-1,33,32,34,-1,33,34,35,-1,
        ]
    }
}
Shape{
    appearance Appearance {
        material  Material 	{
            diffuseColor 0.34901960784313724 0.34901960784313724 0.34901960784313724
            specularColor 0.023529411764705882 0.023529411764705882 0.023529411764705882
            ambientIntensity 0.498
            transparency 0.0
            shininess 0.5
        }
    }
    geometry IndexedFaceSet {
        ccw TRUE
        solid FALSE
        coord DEF co Coordinate {
            point [
                3.6258 -0.742 5.8658, 3.6417 -0.7579 5.9055, 3.6581 -0.7025 5.7672, 3.9764 -0.7579 5.9055, 3.6662 -0.6888 5.7328, 3.9764 -0.6791 5.7087, 3.6719 -0.6791 5.7087, 3.6719 -0.4429 5.7087, 3.6921 -0.4948 5.7087, 3.9764 -0.4429 5.7087, 3.7008 -0.561 5.7087, 3.6921 -0.6273 5.7087, 3.9764 -0.3642 5.9055, 3.6417 -0.3642 5.9055, 3.6258 -0.3801 5.8658, 3.6662 -0.4333 5.7328, 3.6575 -0.4186 5.7695, 3.6417 0.0689 5.9055, 3.9764 0.0689 5.9055, 3.9764 0.0689 5.4094, 3.9764 0.1476 5.2835, 2.9134 0.0689 5.4094, 2.9134 0.1476 5.2835, 3.563 0.0689 5.7087, 3.3268 0.0689 5.7087, 3.248 0.0689 5.9055, 2.9134 0.0689 5.9055, 2.9134 -0.3642 5.9055, 3.248 -0.3642 5.9055, 3.2639 -0.3801 5.8658, 3.247 -0.3988 5.819, 3.224 -0.4336 5.732, 2.9134 -0.4429 5.7087, 3.2179 -0.4429 5.7087, 2.9134 -0.6791 5.7087, 3.2179 -0.6791 5.7087, 3.1977 -0.6273 5.7087, 3.1951 -0.5047 5.7087, 3.1985 -0.4951 5.7087, 3.2135 -0.4518 5.7087, 3.1973 -0.6263 5.7087, 3.1892 -0.5709 5.7087, 3.189 -0.561 5.7087, 2.9134 -0.7579 5.9055, 3.248 -0.7579 5.9055, 3.2639 -0.742 5.8658, 3.2236 -0.6888 5.7328, 3.2323 -0.7035 5.7695, 3.248 -0.9941 5.9055, 2.9134 -0.9941 5.9055, 3.2826 -0.7589 5.819, 3.3174 -0.7819 5.732, 3.3268 -0.9941 5.7087, 3.3268 -0.788 5.7087, 3.563 -0.9941 5.7087, 3.563 -0.788 5.7087, 3.5111 -0.8082 5.7087, 3.3979 -0.8126 5.7087, 3.379 -0.8069 5.7087, 3.3444 -0.7964 5.7087, 3.5101 -0.8086 5.7087, 3.455 -0.8168 5.7087, 3.4449 -0.816 5.7087, 3.6417 -0.9941 5.9055, 3.5726 -0.7823 5.7328, 3.5873 -0.7736 5.7695, 3.8976 -0.9941 5.9055, 3.9764 -0.9154 5.9055, 3.9753 -0.9285 5.9055, 3.9108 -0.993 5.9055, 3.9294 -0.9874 5.9055, 3.946 -0.9775 5.9055, 3.9597 -0.9638 5.9055, 3.9697 -0.9471 5.9055, 3.9753 -0.9285 4.6457, 3.9764 -0.9154 4.6457, 3.9697 -0.9471 4.6457, 3.9597 -0.9638 4.6457, 3.946 -0.9775 4.6457, 3.9294 -0.9874 4.6457, 3.9108 -0.993 4.6457, 3.8976 -0.9941 4.6457
            ]
        }
        coordIndex [
            0,1,2,-1,2,1,3,-1,2,3,4,-1,4,3,5,-1,4,5,6,-1,7,8,9,-1,9,8,10,-1,9,10,5,-1,5,10,11,-1,5,11,6,-1,12,13,14,-1,7,9,15,-1,15,9,12,-1,15,12,16,-1,16,12,14,-1,17,13,18,-1,18,13,12,-1,19,20,21,-1,21,20,22,-1,17,18,23,-1,23,18,19,-1,23,19,24,-1,24,19,21,-1,24,21,25,-1,25,21,26,-1,26,27,25,-1,25,27,28,-1,29,28,30,-1,30,28,27,-1,30,27,31,-1,31,27,32,-1,31,32,33,-1,34,35,36,-1,37,38,32,-1,32,38,39,-1,32,39,33,-1,36,40,34,-1,34,40,41,-1,34,41,32,-1,32,41,42,-1,32,42,37,-1,43,44,45,-1,35,34,46,-1,46,34,43,-1,46,43,47,-1,47,43,45,-1,48,44,49,-1,49,44,43,-1,45,44,50,-1,50,44,48,-1,50,48,51,-1,51,48,52,-1,51,52,53,-1,54,55,56,-1,57,58,52,-1,52,58,59,-1,52,59,53,-1,56,60,54,-1,54,60,61,-1,54,61,52,-1,52,61,62,-1,52,62,57,-1,63,1,0,-1,55,54,64,-1,64,54,63,-1,64,63,65,-1,65,63,0,-1,1,63,3,-1,3,63,66,-1,3,66,67,-1,67,66,68,-1,68,66,69,-1,68,69,70,-1,70,71,68,-1,68,71,72,-1,68,72,73,-1,74,75,67,-1,67,68,74,-1,74,68,73,-1,74,73,76,-1,76,73,72,-1,76,72,77,-1,77,72,71,-1,77,71,78,-1,78,71,70,-1,78,70,79,-1,79,70,69,-1,79,69,80,-1,80,69,66,-1,80,66,81,-1,
        ]
    }
}
Shape{
    appearance Appearance {
        material  Material 	{
            diffuseColor 0.20784313725490197 0.20784313725490197 0.20784313725490197
            specularColor 0.01568627450980392 0.01568627450980392 0.01568627450980392
            ambientIntensity 0.298
            transparency 0.0
            shininess 0.5
        }
    }
    geometry IndexedFaceSet {
        ccw TRUE
        solid FALSE
        coord DEF co Coordinate {
            point [
                3.6249 -0.381 4.6457, 3.6079 -0.3634 4.6457, 3.9764 -0.3248 4.6457, 3.5723 -0.3402 4.6457, 3.5611 -0.333 4.6457, 3.5433 -0.3248 4.6457, 3.2966 -0.3522 4.6457, 3.0906 -0.3248 4.6457, 3.3176 -0.3407 4.6457, 3.3465 -0.3248 4.6457, 3.2646 -0.3808 4.6457, 3.2554 -0.3889 4.6457, 3.2234 -0.4332 4.6457, 3.2219 -0.4353 4.6457, 3.1997 -0.4866 4.6457, 3.1982 -0.4949 4.6457, 3.1952 -0.6171 4.6457, 3.0906 -0.9941 4.6457, 3.189 -0.561 4.6457, 3.1897 -0.5415 4.6457, 3.6664 -0.6889 4.6457, 3.6673 -0.6876 4.6457, 3.9764 -0.9154 4.6457, 3.6896 -0.6359 4.6457, 3.6766 -0.4523 4.6457, 3.6914 -0.495 4.6457, 3.6946 -0.5045 4.6457, 3.6653 -0.4338 4.6457, 3.6467 -0.4035 4.6457, 3.1986 -0.627 4.6457, 3.2138 -0.671 4.6457, 3.2245 -0.6882 4.6457, 3.2432 -0.7186 4.6457, 3.265 -0.7409 4.6457, 3.2822 -0.7586 4.6457, 3.3175 -0.7818 4.6457, 3.3283 -0.7888 4.6457, 3.3788 -0.8079 4.6457, 3.9597 -0.9638 4.6457, 3.946 -0.9775 4.6457, 3.6345 -0.7329 4.6457, 3.3823 -0.8092 4.6457, 3.4389 -0.8169 4.6457, 3.8976 -0.9941 4.6457, 3.4448 -0.8163 4.6457, 3.4951 -0.812 4.6457, 3.5108 -0.8072 4.6457, 3.5437 -0.7971 4.6457, 3.5722 -0.7814 4.6457, 3.9697 -0.9471 4.6457, 3.5916 -0.7707 4.6457, 3.6251 -0.7412 4.6457, 3.9108 -0.993 4.6457, 3.9294 -0.9874 4.6457, 3.6913 -0.6271 4.6457, 3.7 -0.5814 4.6457, 3.7008 -0.561 4.6457, 3.9753 -0.9285 4.6457, 2.5984 -0.3051 4.6432, 2.5984 -0.3248 4.6457, 2.1654 -0.3248 4.6457, 2.1328 -0.3152 4.645, 2.1118 -0.309 4.6446, 2.0669 -0.3061 4.6442, 1.9992 -0.3143 4.6452, 1.9685 -0.3248 4.6457, 1.7126 -0.3248 4.6457, 2.0559 -0.3054 4.6441, 2.0007 -0.314 4.6452, 1.7126 -0.3051 4.6436, 1.7126 -0.3101 4.6448, 2.5984 -0.2957 4.6421, 1.7126 -0.283 4.6384, 2.5984 -0.2775 4.6349, 1.7126 -0.2773 4.6354, 2.5984 -0.2685 4.6314, 1.7126 -0.2596 4.6262, 2.5984 -0.2527 4.6201, 1.7126 -0.2526 4.6202, 2.5984 -0.2447 4.6144, 1.7126 -0.238 4.6077, 2.5984 -0.2321 4.5997, 1.7126 -0.2323 4.5997, 2.5984 -0.2262 4.5928, 1.7126 -0.221 4.5839, 2.5984 -0.217 4.5751, 1.7126 -0.2175 4.5749, 2.5984 -0.214 4.5694, 1.7126 -0.2103 4.5566, 2.5984 -0.2087 4.5473, 1.7126 -0.2091 4.5472, 2.5984 -0.2075 4.5422, 1.7126 -0.2067 4.5276, 2.5984 -0.2067 4.5276
            ]
        }
        coordIndex [
            0,1,2,-1,1,3,2,-1,2,3,4,-1,2,4,5,-1,6,7,8,-1,8,7,9,-1,6,10,7,-1,7,10,11,-1,7,11,12,-1,12,13,7,-1,7,13,14,-1,7,14,15,-1,16,17,18,-1,18,17,7,-1,18,7,19,-1,19,7,15,-1,20,21,22,-1,22,21,23,-1,24,2,25,-1,25,2,26,-1,24,27,2,-1,2,27,28,-1,2,28,0,-1,16,29,17,-1,17,29,30,-1,17,30,31,-1,31,32,17,-1,17,32,33,-1,17,33,34,-1,34,35,17,-1,17,35,36,-1,17,36,37,-1,38,39,40,-1,37,41,17,-1,17,41,42,-1,17,42,43,-1,43,42,44,-1,43,44,45,-1,45,46,43,-1,43,46,47,-1,43,47,48,-1,38,40,49,-1,48,50,43,-1,43,50,51,-1,43,51,52,-1,52,51,40,-1,52,40,53,-1,53,40,39,-1,23,54,22,-1,22,54,55,-1,22,55,2,-1,2,55,56,-1,2,56,26,-1,20,22,40,-1,40,22,57,-1,40,57,49,-1,58,59,60,-1,60,61,58,-1,58,61,62,-1,58,62,63,-1,64,65,66,-1,67,68,69,-1,69,68,64,-1,69,64,70,-1,70,64,66,-1,63,67,58,-1,58,67,69,-1,58,69,71,-1,71,69,72,-1,71,72,73,-1,73,72,74,-1,73,74,75,-1,75,74,76,-1,75,76,77,-1,77,76,78,-1,77,78,79,-1,79,78,80,-1,79,80,81,-1,81,80,82,-1,81,82,83,-1,83,82,84,-1,83,84,85,-1,85,84,86,-1,85,86,87,-1,87,86,88,-1,87,88,89,-1,89,88,90,-1,89,90,91,-1,91,90,92,-1,91,92,93,-1,
        ]
    }
}
Shape{
    appearance Appearance {
        material  Material 	{
            diffuseColor 0.34901960784313724 0.34901960784313724 0.34901960784313724
            specularColor 0.023529411764705882 0.023529411764705882 0.023529411764705882
            ambientIntensity 0.498
            transparency 0.0
            shininess 0.5
        }
    }
    geometry IndexedFaceSet {
        ccw TRUE
        solid FALSE
        coord DEF co Coordinate {
            point [
                2.2479 -0.742 5.8658, 2.2638 -0.7579 5.9055, 2.2801 -0.7025 5.7672, 2.5984 -0.7579 5.9055, 2.2882 -0.6888 5.7328, 2.5984 -0.6791 5.7087, 2.2939 -0.6791 5.7087, 2.2939 -0.4429 5.7087, 2.3141 -0.4948 5.7087, 2.5984 -0.4429 5.7087, 2.3228 -0.561 5.7087, 2.3141 -0.6273 5.7087, 2.5984 -0.3642 5.9055, 2.2638 -0.3642 5.9055, 2.2479 -0.3801 5.8658, 2.2882 -0.4333 5.7328, 2.2795 -0.4186 5.7695, 2.2638 0.0689 5.9055, 2.5984 0.0689 5.9055, 2.5984 0.0689 5.4094, 2.5984 0.1476 5.2835, 1.5354 0.0689 5.4094, 1.5354 0.1476 5.2835, 2.185 0.0689 5.7087, 1.9488 0.0689 5.7087, 1.8701 0.0689 5.9055, 1.5354 0.0689 5.9055, 1.5354 -0.3642 5.9055, 1.8701 -0.3642 5.9055, 1.886 -0.3801 5.8658, 1.869 -0.3988 5.819, 1.8461 -0.4336 5.732, 1.5354 -0.4429 5.7087, 1.8399 -0.4429 5.7087, 1.5354 -0.6791 5.7087, 1.8399 -0.6791 5.7087, 1.8197 -0.6273 5.7087, 1.8172 -0.5047 5.7087, 1.8205 -0.4951 5.7087, 1.8355 -0.4518 5.7087, 1.8194 -0.6263 5.7087, 1.8112 -0.5709 5.7087, 1.811 -0.561 5.7087
            ]
        }
        coordIndex [
            0,1,2,-1,2,1,3,-1,2,3,4,-1,4,3,5,-1,4,5,6,-1,7,8,9,-1,9,8,10,-1,9,10,5,-1,5,10,11,-1,5,11,6,-1,12,13,14,-1,7,9,15,-1,15,9,12,-1,15,12,16,-1,16,12,14,-1,17,13,18,-1,18,13,12,-1,19,20,21,-1,21,20,22,-1,17,18,23,-1,23,18,19,-1,23,19,24,-1,24,19,21,-1,24,21,25,-1,25,21,26,-1,26,27,25,-1,25,27,28,-1,29,28,30,-1,30,28,27,-1,30,27,31,-1,31,27,32,-1,31,32,33,-1,34,35,36,-1,37,38,32,-1,32,38,39,-1,32,39,33,-1,36,40,34,-1,34,40,41,-1,34,41,32,-1,32,41,42,-1,32,42,37,-1,
        ]
    }
}
Shape{
    appearance Appearance {
        material  Material 	{
            diffuseColor 0.20784313725490197 0.20784313725490197 0.20784313725490197
            specularColor 0.01568627450980392 0.01568627450980392 0.01568627450980392
            ambientIntensity 0.298
            transparency 0.0
            shininess 0.5
        }
    }
    geometry IndexedFaceSet {
        ccw TRUE
        solid FALSE
        coord DEF co Coordinate {
            point [
                1.5354 -0.7579 5.9055, 1.8701 -0.7579 5.9055, 1.886 -0.742 5.8658, 1.8399 -0.6791 5.7087, 1.5354 -0.6791 5.7087, 1.8456 -0.6888 5.7328, 1.8543 -0.7035 5.7695
            ]
        }
        coordIndex [
            0,1,2,-1,3,4,5,-1,5,4,0,-1,5,0,6,-1,6,0,2,-1,
        ]
    }
}
Shape{
    appearance Appearance {
        material  Material 	{
            diffuseColor 0.34901960784313724 0.34901960784313724 0.34901960784313724
            specularColor 0.023529411764705882 0.023529411764705882 0.023529411764705882
            ambientIntensity 0.498
            transparency 0.0
            shininess 0.5
        }
    }
    geometry IndexedFaceSet {
        ccw TRUE
        solid FALSE
        coord DEF co Coordinate {
            point [
                1.8701 -0.9941 5.9055, 1.8701 -0.7579 5.9055, 1.5354 -0.9941 5.9055, 1.5354 -0.7579 5.9055, 1.886 -0.742 5.8658, 1.9047 -0.7589 5.819, 1.9395 -0.7819 5.732, 1.9488 -0.9941 5.7087, 1.9488 -0.788 5.7087, 2.185 -0.9941 5.7087, 2.185 -0.788 5.7087, 2.1332 -0.8082 5.7087, 2.0199 -0.8126 5.7087, 2.0011 -0.8069 5.7087, 1.9664 -0.7964 5.7087, 2.1321 -0.8086 5.7087, 2.077 -0.8168 5.7087, 2.067 -0.816 5.7087, 2.2638 -0.9941 5.9055, 2.2638 -0.7579 5.9055, 2.2479 -0.742 5.8658, 2.1947 -0.7823 5.7328, 2.2094 -0.7736 5.7695, 2.5984 -0.7579 5.9055, 2.5197 -0.9941 5.9055, 2.5984 -0.9154 5.9055, 2.5973 -0.9285 5.9055, 2.5329 -0.993 5.9055, 2.5917 -0.9471 5.9055, 2.5818 -0.9638 5.9055, 2.5514 -0.9874 5.9055, 2.5681 -0.9775 5.9055, 2.5973 -0.9285 4.6457, 2.5984 -0.9154 4.6457, 2.5917 -0.9471 4.6457, 2.5818 -0.9638 4.6457, 2.5681 -0.9775 4.6457, 2.5514 -0.9874 4.6457, 2.5329 -0.993 4.6457, 2.5197 -0.9941 4.6457
            ]
        }
        coordIndex [
            0,1,2,-1,2,1,3,-1,4,1,5,-1,5,1,0,-1,5,0,6,-1,6,0,7,-1,6,7,8,-1,9,10,11,-1,12,13,7,-1,7,13,14,-1,7,14,8,-1,11,15,9,-1,9,15,16,-1,9,16,7,-1,7,16,17,-1,7,17,12,-1,18,19,20,-1,10,9,21,-1,21,9,18,-1,21,18,22,-1,22,18,20,-1,19,18,23,-1,23,18,24,-1,23,24,25,-1,25,24,26,-1,26,24,27,-1,26,27,28,-1,28,27,29,-1,29,27,30,-1,29,30,31,-1,32,33,25,-1,25,26,32,-1,32,26,28,-1,32,28,34,-1,34,28,29,-1,34,29,35,-1,35,29,31,-1,35,31,36,-1,36,31,30,-1,36,30,37,-1,37,30,27,-1,37,27,38,-1,38,27,24,-1,38,24,39,-1,
        ]
    }
}
Shape{
    appearance Appearance {
        material  Material 	{
            diffuseColor 0.20784313725490197 0.20784313725490197 0.20784313725490197
            specularColor 0.01568627450980392 0.01568627450980392 0.01568627450980392
            ambientIntensity 0.298
            transparency 0.0
            shininess 0.5
        }
    }
    geometry IndexedFaceSet {
        ccw TRUE
        solid FALSE
        coord DEF co Coordinate {
            point [
                2.247 -0.381 4.6457, 2.23 -0.3634 4.6457, 2.5984 -0.3248 4.6457, 2.1943 -0.3402 4.6457, 2.1831 -0.333 4.6457, 2.1654 -0.3248 4.6457, 1.9187 -0.3522 4.6457, 1.7126 -0.3248 4.6457, 1.9397 -0.3407 4.6457, 1.9685 -0.3248 4.6457, 1.8866 -0.3808 4.6457, 1.8774 -0.3889 4.6457, 1.8455 -0.4332 4.6457, 1.8439 -0.4353 4.6457, 1.8218 -0.4866 4.6457, 1.8202 -0.4949 4.6457, 1.8172 -0.6171 4.6457, 1.7126 -0.9941 4.6457, 1.811 -0.561 4.6457, 1.8117 -0.5415 4.6457, 2.5984 -0.9154 4.6457, 2.2894 -0.6876 4.6457, 2.3117 -0.6359 4.6457, 2.2987 -0.4523 4.6457, 2.3134 -0.495 4.6457, 2.3167 -0.5045 4.6457, 2.2873 -0.4338 4.6457, 2.2687 -0.4035 4.6457, 1.8206 -0.627 4.6457, 1.8358 -0.671 4.6457, 1.8465 -0.6882 4.6457, 1.8653 -0.7186 4.6457, 1.887 -0.7409 4.6457, 1.9043 -0.7586 4.6457, 1.9396 -0.7818 4.6457, 1.9503 -0.7888 4.6457, 2.0008 -0.8079 4.6457, 2.5973 -0.9285 4.6457, 2.2565 -0.7329 4.6457, 2.2884 -0.6889 4.6457, 2.0043 -0.8092 4.6457, 2.0609 -0.8169 4.6457, 2.5197 -0.9941 4.6457, 2.0669 -0.8163 4.6457, 2.1171 -0.812 4.6457, 2.1328 -0.8072 4.6457, 2.1658 -0.7971 4.6457, 2.1942 -0.7814 4.6457, 2.3133 -0.6271 4.6457, 2.322 -0.5814 4.6457, 2.3228 -0.561 4.6457, 2.5917 -0.9471 4.6457, 2.5818 -0.9638 4.6457, 2.5681 -0.9775 4.6457, 2.2136 -0.7707 4.6457, 2.2472 -0.7412 4.6457, 2.5329 -0.993 4.6457, 2.5514 -0.9874 4.6457
            ]
        }
        coordIndex [
            0,1,2,-1,1,3,2,-1,2,3,4,-1,2,4,5,-1,6,7,8,-1,8,7,9,-1,6,10,7,-1,7,10,11,-1,7,11,12,-1,12,13,7,-1,7,13,14,-1,7,14,15,-1,16,17,18,-1,18,17,7,-1,18,7,19,-1,19,7,15,-1,20,21,22,-1,23,2,24,-1,24,2,25,-1,23,26,2,-1,2,26,27,-1,2,27,0,-1,16,28,17,-1,17,28,29,-1,17,29,30,-1,30,31,17,-1,17,31,32,-1,17,32,33,-1,33,34,17,-1,17,34,35,-1,17,35,36,-1,37,38,20,-1,20,38,39,-1,20,39,21,-1,36,40,17,-1,17,40,41,-1,17,41,42,-1,42,41,43,-1,42,43,44,-1,44,45,42,-1,42,45,46,-1,42,46,47,-1,22,48,20,-1,20,48,49,-1,20,49,2,-1,2,49,50,-1,2,50,25,-1,37,51,38,-1,38,51,52,-1,38,52,53,-1,47,54,42,-1,42,54,55,-1,42,55,56,-1,56,55,38,-1,56,38,57,-1,57,38,53,-1,
        ]
    }
}
Shape{
    appearance Appearance {
        material  Material 	{
            diffuseColor 0.6666666666666666 0.6666666666666666 0.6666666666666666
            specularColor 0.4666666666666667 0.4666666666666667 0.4666666666666667
            ambientIntensity 0.6667
            transparency 0.0
            shininess 0.5
        }
    }
    geometry IndexedFaceSet {
        ccw TRUE
        solid FALSE
        coord DEF co Coordinate {
            point [
                2.2244 -1.1713 0.2362, 1.9094 -1.1713 0.2362, 2.2244 -1.1732 0.2187, 1.9094 -1.1732 0.2187, 2.2244 -1.1791 0.2021, 1.9094 -1.1791 0.2021, 2.2244 -1.1884 0.1871, 1.9094 -1.1884 0.1871, 2.2244 -1.2009 0.1747, 1.9094 -1.2009 0.1747, 2.2244 -1.2158 0.1653, 1.9094 -1.2158 0.1653, 2.2244 -1.2325 0.1595, 1.9094 -1.2325 0.1595, 2.2244 -1.25 0.1575, 1.9094 -1.25 0.1575, 1.9095 -1.0138 0.6114, 1.9094 -1.0138 0.6114, 1.9095 -1.1713 0.6114, 1.9094 -1.1713 0.6114, 1.9094 -2.0768 0.0, 1.9094 -2.0768 0.1575, 1.9094 -1.25 0.0, 1.9094 -1.1889 0.008, 1.9094 -1.1319 0.0316, 1.9094 -1.083 0.0692, 1.9094 -1.0138 0.2362, 1.9094 -1.0218 0.1751, 1.9094 -1.0454 0.1181, 2.2244 -1.25 0.0, 2.2244 -1.1889 0.008, 2.2244 -1.1319 0.0316, 2.2244 -1.083 0.0692, 2.2244 -1.0454 0.1181, 2.2244 -1.0218 0.1751, 2.2244 -1.0138 0.2362, 2.2244 -2.0768 0.1575, 2.2244 -2.0768 0.0, 2.2244 -1.0138 0.6114, 2.2244 -1.1713 0.6114, 2.2244 1.25 0.1575, 1.9094 1.25 0.1575, 2.2244 1.2325 0.1595, 1.9094 1.2325 0.1595, 2.2244 1.2158 0.1653, 1.9094 1.2158 0.1653, 2.2244 1.2009 0.1747, 1.9094 1.2009 0.1747, 2.2244 1.1884 0.1871, 1.9094 1.1884 0.1871, 2.2244 1.1791 0.2021, 1.9094 1.1791 0.2021, 2.2244 1.1732 0.2187, 1.9094 1.1732 0.2187, 2.2244 1.1713 0.2362, 1.9094 1.1713 0.2362, 2.2244 1.0138 0.2362, 1.9094 1.0138 0.2362, 1.9094 1.0218 0.1751, 2.2244 1.0218 0.1751, 1.9094 1.0454 0.1181, 2.2244 1.0454 0.1181, 1.9094 1.083 0.0692, 2.2244 1.083 0.0692, 1.9094 1.1319 0.0316, 2.2244 1.1319 0.0316, 1.9094 1.1889 0.008, 2.2244 1.1889 0.008, 1.9094 1.25 0.0, 2.2244 1.25 0.0, 1.9094 1.0138 0.6114, 1.9094 1.1713 0.6114, 1.9094 2.0768 0.1575, 1.9094 2.0768 0.0, 2.2244 1.1713 0.6114, 2.2244 1.0138 0.6114, 2.2244 2.0768 0.0, 2.2244 2.0768 0.1575, 3.6024 1.25 0.1575, 3.2874 1.25 0.1575, 3.6024 1.2325 0.1595, 3.2874 1.2325 0.1595, 3.6024 1.2158 0.1653, 3.2874 1.2158 0.1653, 3.6024 1.2009 0.1747, 3.2874 1.2009 0.1747, 3.6024 1.1884 0.1871, 3.2874 1.1884 0.1871, 3.6024 1.1791 0.2021, 3.2874 1.1791 0.2021, 3.6024 1.1732 0.2187, 3.2874 1.1732 0.2187, 3.6024 1.1713 0.2362, 3.2874 1.1713 0.2362, 3.6024 1.1713 0.6114, 3.6024 1.0138 0.6114, 3.6024 1.0138 0.2362, 3.6024 1.0218 0.1751, 3.6024 1.0454 0.1181, 3.6024 1.083 0.0692, 3.6024 2.0768 0.0, 3.6024 2.0768 0.1575, 3.6024 1.25 0.0, 3.6024 1.1889 0.008, 3.6024 1.1319 0.0316, 3.2874 1.0138 0.2362, 3.2874 1.0218 0.1751, 3.2874 1.0454 0.1181, 3.2874 1.083 0.0692, 3.2874 1.1319 0.0316, 3.2874 1.1889 0.008, 3.2874 1.25 0.0, 3.2874 1.0138 0.6114, 3.2874 1.1713 0.6114, 3.2874 2.0768 0.1575, 3.2874 2.0768 0.0, 3.6024 -1.1713 0.2362, 3.2874 -1.1713 0.2362, 3.6024 -1.1732 0.2187, 3.2874 -1.1732 0.2187, 3.6024 -1.1791 0.2021, 3.2874 -1.1791 0.2021, 3.6024 -1.1884 0.1871, 3.2874 -1.1884 0.1871, 3.6024 -1.2009 0.1747, 3.2874 -1.2009 0.1747, 3.6024 -1.2158 0.1653, 3.2874 -1.2158 0.1653, 3.6024 -1.2325 0.1595, 3.2874 -1.2325 0.1595, 3.6024 -1.25 0.1575, 3.2874 -1.25 0.1575, 3.2874 -1.0138 0.6114, 3.2874 -1.0138 0.6114, 3.2874 -1.1713 0.6114, 3.2874 -1.1713 0.6114, 3.2874 -2.0768 0.0, 3.2874 -2.0768 0.1575, 3.2874 -1.25 0.0, 3.2874 -1.1889 0.008, 3.2874 -1.1319 0.0316, 3.2874 -1.083 0.0692, 3.2874 -1.0138 0.2362, 3.2874 -1.0218 0.1751, 3.2874 -1.0454 0.1181, 3.6024 -1.25 0.0, 3.6024 -1.1889 0.008, 3.6024 -1.1319 0.0316, 3.6024 -1.083 0.0692, 3.6024 -1.0454 0.1181, 3.6024 -1.0218 0.1751, 3.6024 -1.0138 0.2362, 3.6024 -2.0768 0.1575, 3.6024 -2.0768 0.0, 3.6024 -1.0138 0.6114, 3.6024 -1.1713 0.6114
            ]
        }
        coordIndex [
            0,1,2,-1,2,1,3,-1,2,3,4,-1,4,3,5,-1,4,5,6,-1,6,5,7,-1,6,7,8,-1,8,7,9,-1,8,9,10,-1,10,9,11,-1,10,11,12,-1,12,11,13,-1,12,13,14,-1,14,13,15,-1,16,17,18,-1,18,17,19,-1,20,21,22,-1,22,21,15,-1,22,15,23,-1,23,15,13,-1,23,13,24,-1,24,13,11,-1,24,11,25,-1,19,17,1,-1,1,17,26,-1,1,26,3,-1,3,26,27,-1,3,27,5,-1,5,27,28,-1,5,28,7,-1,7,28,25,-1,7,25,9,-1,9,25,11,-1,29,22,23,-1,29,23,30,-1,30,23,24,-1,30,24,31,-1,31,24,25,-1,31,25,32,-1,32,25,28,-1,32,28,33,-1,33,28,27,-1,33,27,34,-1,34,27,26,-1,34,26,35,-1,36,37,14,-1,14,37,29,-1,14,29,12,-1,12,29,30,-1,12,30,10,-1,10,30,31,-1,10,31,8,-1,8,31,32,-1,38,39,35,-1,35,39,0,-1,35,0,34,-1,34,0,2,-1,34,2,33,-1,33,2,4,-1,33,4,32,-1,32,4,6,-1,32,6,8,-1,40,41,42,-1,42,41,43,-1,42,43,44,-1,44,43,45,-1,44,45,46,-1,46,45,47,-1,46,47,48,-1,48,47,49,-1,48,49,50,-1,50,49,51,-1,50,51,52,-1,52,51,53,-1,52,53,54,-1,54,53,55,-1,56,57,58,-1,56,58,59,-1,59,58,60,-1,59,60,61,-1,61,60,62,-1,61,62,63,-1,63,62,64,-1,63,64,65,-1,65,64,66,-1,65,66,67,-1,67,66,68,-1,67,68,69,-1,70,71,57,-1,57,71,55,-1,57,55,58,-1,58,55,53,-1,58,53,60,-1,60,53,51,-1,60,51,62,-1,72,73,41,-1,41,73,68,-1,41,68,43,-1,43,68,66,-1,43,66,45,-1,45,66,64,-1,45,64,47,-1,47,64,62,-1,47,62,49,-1,49,62,51,-1,74,75,54,-1,54,75,56,-1,54,56,52,-1,52,56,59,-1,52,59,50,-1,50,59,61,-1,50,61,48,-1,48,61,63,-1,76,77,69,-1,69,77,40,-1,69,40,67,-1,67,40,42,-1,67,42,65,-1,65,42,44,-1,65,44,63,-1,63,44,46,-1,63,46,48,-1,78,79,80,-1,80,79,81,-1,80,81,82,-1,82,81,83,-1,82,83,84,-1,84,83,85,-1,84,85,86,-1,86,85,87,-1,86,87,88,-1,88,87,89,-1,88,89,90,-1,90,89,91,-1,90,91,92,-1,92,91,93,-1,94,95,92,-1,92,95,96,-1,92,96,90,-1,90,96,97,-1,90,97,88,-1,88,97,98,-1,88,98,86,-1,86,98,99,-1,100,101,102,-1,102,101,78,-1,102,78,103,-1,103,78,80,-1,103,80,104,-1,104,80,82,-1,104,82,99,-1,99,82,84,-1,99,84,86,-1,96,105,106,-1,96,106,97,-1,97,106,107,-1,97,107,98,-1,98,107,108,-1,98,108,99,-1,99,108,109,-1,99,109,104,-1,104,109,110,-1,104,110,103,-1,103,110,111,-1,103,111,102,-1,112,113,105,-1,105,113,93,-1,105,93,106,-1,106,93,91,-1,106,91,107,-1,107,91,89,-1,107,89,108,-1,114,115,79,-1,79,115,111,-1,79,111,81,-1,81,111,110,-1,81,110,83,-1,83,110,109,-1,83,109,85,-1,85,109,108,-1,85,108,87,-1,87,108,89,-1,116,117,118,-1,118,117,119,-1,118,119,120,-1,120,119,121,-1,120,121,122,-1,122,121,123,-1,122,123,124,-1,124,123,125,-1,124,125,126,-1,126,125,127,-1,126,127,128,-1,128,127,129,-1,128,129,130,-1,130,129,131,-1,132,133,134,-1,134,133,135,-1,136,137,138,-1,138,137,131,-1,138,131,139,-1,139,131,129,-1,139,129,140,-1,140,129,127,-1,140,127,141,-1,135,133,117,-1,117,133,142,-1,117,142,119,-1,119,142,143,-1,119,143,121,-1,121,143,144,-1,121,144,123,-1,123,144,141,-1,123,141,125,-1,125,141,127,-1,145,138,139,-1,145,139,146,-1,146,139,140,-1,146,140,147,-1,147,140,141,-1,147,141,148,-1,148,141,144,-1,148,144,149,-1,149,144,143,-1,149,143,150,-1,150,143,142,-1,150,142,151,-1,152,153,130,-1,130,153,145,-1,130,145,128,-1,128,145,146,-1,128,146,126,-1,126,146,147,-1,126,147,124,-1,124,147,148,-1,154,155,151,-1,151,155,116,-1,151,116,150,-1,150,116,118,-1,150,118,149,-1,149,118,120,-1,149,120,148,-1,148,120,122,-1,148,122,124,-1,
        ]
    }
}
Shape{
    appearance Appearance {
        material  Material 	{
            diffuseColor 0.20784313725490197 0.20784313725490197 0.20784313725490197
            specularColor 0.01568627450980392 0.01568627450980392 0.01568627450980392
            ambientIntensity 0.298
            transparency 0.0
            shininess 0.5
        }
    }
    geometry IndexedFaceSet {
        ccw TRUE
        solid FALSE
        coord DEF co Coordinate {
            point [
                3.0906 -0.238 4.6077, 3.0906 -0.2526 4.6202, 3.0906 -0.9941 4.2126, 3.0906 -0.2596 4.6262, 3.0906 -0.2067 4.2126, 3.0906 -0.2067 4.5276, 3.0906 -0.2773 4.6354, 3.0906 -0.283 4.6384, 3.0906 -0.3051 4.6436, 3.0906 -0.2091 4.5472, 3.0906 -0.2103 4.5566, 3.0906 -0.2175 4.5749, 3.0906 -0.221 4.5839, 3.0906 -0.2323 4.5997, 3.0906 -0.3101 4.6448, 3.0906 -0.3248 4.6457, 3.0906 -0.9941 4.6457, 3.9764 -0.2067 4.2126, 3.9764 -0.2067 4.5276
            ]
        }
        coordIndex [
            0,1,2,-1,2,1,3,-1,2,4,5,-1,3,6,2,-1,2,6,7,-1,2,7,8,-1,5,9,2,-1,2,9,10,-1,2,10,11,-1,11,12,2,-1,2,12,13,-1,2,13,0,-1,8,14,2,-1,2,14,15,-1,2,15,16,-1,17,18,4,-1,4,18,5,-1,
        ]
    }
}
Shape{
    appearance Appearance {
        material  Material 	{
            diffuseColor 0.34901960784313724 0.34901960784313724 0.34901960784313724
            specularColor 0.023529411764705882 0.023529411764705882 0.023529411764705882
            ambientIntensity 0.498
            transparency 0.0
            shininess 0.5
        }
    }
    geometry IndexedFaceSet {
        ccw TRUE
        solid FALSE
        coord DEF co Coordinate {
            point [
                3.9764 0.0689 5.9055, 3.9764 -0.3642 5.9055, 3.9764 0.0689 5.4094, 3.9764 -0.4429 5.7087, 3.9764 0.1476 5.2835, 3.9764 0.1476 4.2126, 3.9764 -0.7579 5.9055, 3.9764 -0.9154 5.9055, 3.9764 -0.6791 5.7087, 3.9764 -0.9154 4.6457, 3.9764 -0.3248 4.6457, 3.9764 -0.3051 4.6432, 3.9764 -0.2957 4.6421, 3.9764 -0.2775 4.6349, 3.9764 -0.2685 4.6314, 3.9764 -0.2527 4.6201, 3.9764 -0.2447 4.6144, 3.9764 -0.214 4.5694, 3.9764 -0.2087 4.5473, 3.9764 -0.2075 4.5422, 3.9764 -0.2067 4.5276, 3.9764 -0.2067 4.2126, 3.9764 -0.2321 4.5997, 3.9764 -0.2262 4.5928, 3.9764 -0.217 4.5751, 2.9134 0.1476 4.2126, 2.9134 0.1476 5.2835, 2.9134 0.0689 5.4094, 2.9134 -0.4429 5.7087, 2.9134 -0.3642 5.9055, 2.9134 0.0689 5.9055, 2.9134 -0.6791 5.7087, 2.9134 -0.9941 4.2126, 2.9134 -0.7579 5.9055, 2.9134 -0.9941 5.9055, 3.0906 -0.9941 4.6457, 3.0906 -0.9941 4.2126, 3.248 -0.9941 5.9055, 3.3268 -0.9941 5.7087, 3.563 -0.9941 5.7087, 3.8976 -0.9941 4.6457, 3.6417 -0.9941 5.9055, 3.8976 -0.9941 5.9055
            ]
        }
        coordIndex [
            0,1,2,-1,2,1,3,-1,2,3,4,-1,4,3,5,-1,6,7,8,-1,8,7,9,-1,8,9,3,-1,3,9,10,-1,10,11,3,-1,3,11,12,-1,3,12,13,-1,13,14,3,-1,3,14,15,-1,3,15,16,-1,5,17,18,-1,18,19,5,-1,5,19,20,-1,5,20,21,-1,16,22,3,-1,3,22,23,-1,3,23,5,-1,5,23,24,-1,5,24,17,-1,5,25,4,-1,4,25,26,-1,27,26,25,-1,28,29,30,-1,30,27,28,-1,28,27,25,-1,28,25,31,-1,31,25,32,-1,31,32,33,-1,33,32,34,-1,34,32,35,-1,35,32,36,-1,37,34,38,-1,38,34,35,-1,38,35,39,-1,39,35,40,-1,39,40,41,-1,41,40,42,-1,
        ]
    }
}
Shape{
    appearance Appearance {
        material  Material 	{
            diffuseColor 0.20784313725490197 0.20784313725490197 0.20784313725490197
            specularColor 0.01568627450980392 0.01568627450980392 0.01568627450980392
            ambientIntensity 0.298
            transparency 0.0
            shininess 0.5
        }
    }
    geometry IndexedFaceSet {
        ccw TRUE
        solid FALSE
        coord DEF co Coordinate {
            point [
                3.0772 0.2959 5.2362, 3.0772 0.2959 4.5148, 3.0296 0.2959 4.5148, 3.0302 0.2959 5.3083, 3.0469 0.2959 5.2983, 3.0606 0.2959 5.2846, 3.0049 0.2959 5.3147, 3.0117 0.2959 5.3138, 3.0761 0.2959 5.2494, 3.0705 0.2959 5.268, 3.9114 1.1083 4.2126, 2.9783 1.1083 4.2126, 3.9114 0.3563 4.2126, 2.9783 0.3563 4.2126, 2.4822 0.2959 4.5148, 2.4346 0.2959 4.5148, 2.5069 0.2959 5.3147, 2.4346 0.2959 5.2362, 2.5001 0.2959 5.3138, 2.4357 0.2959 5.2494, 2.4413 0.2959 5.268, 2.4512 0.2959 5.2846, 2.4649 0.2959 5.2983, 2.4816 0.2959 5.3083, 1.6004 1.1083 4.2126, 1.6004 0.3563 4.2126, 2.5335 1.1083 4.2126, 2.5335 0.3563 4.2126, 1.7126 -0.9941 4.2126, 1.7126 -0.2067 4.2126, 1.7126 -0.2067 4.5276, 1.7126 -0.238 4.6077, 1.7126 -0.2526 4.6202, 1.7126 -0.2596 4.6262, 1.7126 -0.2773 4.6354, 1.7126 -0.283 4.6384, 1.7126 -0.3051 4.6436, 1.7126 -0.3101 4.6448, 1.7126 -0.3248 4.6457, 1.7126 -0.9941 4.6457, 1.7126 -0.2091 4.5472, 1.7126 -0.2103 4.5566, 1.7126 -0.2175 4.5749, 1.7126 -0.221 4.5839, 1.7126 -0.2323 4.5997, 2.5984 -0.2067 4.2126, 2.5984 -0.2067 4.5276
            ]
        }
        coordIndex [
            0,1,2,-1,3,4,5,-1,2,6,0,-1,0,6,7,-1,0,7,8,-1,8,7,3,-1,8,3,9,-1,9,3,5,-1,10,11,12,-1,12,11,13,-1,14,15,16,-1,16,15,17,-1,16,17,18,-1,18,17,19,-1,18,19,20,-1,20,21,18,-1,18,21,22,-1,18,22,23,-1,24,25,26,-1,26,25,27,-1,28,29,30,-1,31,32,28,-1,28,32,33,-1,33,34,28,-1,28,34,35,-1,28,35,36,-1,36,37,28,-1,28,37,38,-1,28,38,39,-1,30,40,28,-1,28,40,41,-1,28,41,42,-1,42,43,28,-1,28,43,44,-1,28,44,31,-1,45,46,29,-1,29,46,30,-1,
        ]
    }
}
Shape{
    appearance Appearance {
        material  Material 	{
            diffuseColor 0.34901960784313724 0.34901960784313724 0.34901960784313724
            specularColor 0.023529411764705882 0.023529411764705882 0.023529411764705882
            ambientIntensity 0.498
            transparency 0.0
            shininess 0.5
        }
    }
    geometry IndexedFaceSet {
        ccw TRUE
        solid FALSE
        coord DEF co Coordinate {
            point [
                2.5984 0.0689 5.9055, 2.5984 -0.3642 5.9055, 2.5984 0.0689 5.4094, 2.5984 -0.4429 5.7087, 2.5984 0.1476 5.2835, 2.5984 0.1476 4.2126, 2.5984 -0.7579 5.9055, 2.5984 -0.9154 5.9055, 2.5984 -0.6791 5.7087, 2.5984 -0.9154 4.6457, 2.5984 -0.3248 4.6457, 2.5984 -0.3051 4.6432, 2.5984 -0.2957 4.6421, 2.5984 -0.2775 4.6349, 2.5984 -0.2685 4.6314, 2.5984 -0.2527 4.6201, 2.5984 -0.2447 4.6144, 2.5984 -0.214 4.5694, 2.5984 -0.2087 4.5473, 2.5984 -0.2075 4.5422, 2.5984 -0.2067 4.5276, 2.5984 -0.2067 4.2126, 2.5984 -0.2321 4.5997, 2.5984 -0.2262 4.5928, 2.5984 -0.217 4.5751, 1.5354 0.1476 4.2126, 1.5354 0.1476 5.2835, 1.5354 0.0689 5.4094, 1.5354 -0.4429 5.7087, 1.5354 -0.3642 5.9055, 1.5354 0.0689 5.9055, 1.5354 -0.6791 5.7087, 1.5354 -0.9941 4.2126, 1.5354 -0.7579 5.9055, 1.5354 -0.9941 5.9055, 1.7126 -0.9941 4.6457, 1.7126 -0.9941 4.2126, 1.8701 -0.9941 5.9055, 1.9488 -0.9941 5.7087, 2.185 -0.9941 5.7087, 2.5197 -0.9941 4.6457, 2.2638 -0.9941 5.9055, 2.5197 -0.9941 5.9055
            ]
        }
        coordIndex [
            0,1,2,-1,2,1,3,-1,2,3,4,-1,4,3,5,-1,6,7,8,-1,8,7,9,-1,8,9,3,-1,3,9,10,-1,10,11,3,-1,3,11,12,-1,3,12,13,-1,13,14,3,-1,3,14,15,-1,3,15,16,-1,5,17,18,-1,18,19,5,-1,5,19,20,-1,5,20,21,-1,16,22,3,-1,3,22,23,-1,3,23,5,-1,5,23,24,-1,5,24,17,-1,5,25,4,-1,4,25,26,-1,27,26,25,-1,28,29,30,-1,30,27,28,-1,28,27,25,-1,28,25,31,-1,31,25,32,-1,31,32,33,-1,33,32,34,-1,34,32,35,-1,35,32,36,-1,37,34,38,-1,38,34,35,-1,38,35,39,-1,39,35,40,-1,39,40,41,-1,41,40,42,-1,
        ]
    }
}
Shape{
    appearance Appearance {
        material  Material 	{
            diffuseColor 0.20784313725490197 0.20784313725490197 0.20784313725490197
            specularColor 0.01568627450980392 0.01568627450980392 0.01568627450980392
            ambientIntensity 0.298
            transparency 0.0
            shininess 0.5
        }
    }
    geometry IndexedFaceSet {
        ccw TRUE
        solid FALSE
        coord DEF co Coordinate {
            point [
                2.9445 0.3393 4.3094, 2.9235 0.3284 5.315, 2.9342 0.3203 5.315, 2.9584 0.3059 5.315, 2.9845 0.3057 4.4655, 2.9464 0.3112 5.315, 2.9666 0.316 4.4139, 2.9626 0.3202 4.393, 2.9458 0.3377 4.3055, 3.0049 0.2959 5.3147, 3.0296 0.2959 4.5148, 2.9985 0.296 5.315, 3.0245 0.296 4.5142, 2.9855 0.2984 5.315, 3.0182 0.2964 4.512, 3.0113 0.2973 4.5075, 3.0102 0.2975 4.5064, 2.9689 0.3013 5.315, 3.0014 0.2994 4.4971, 2.9868 0.3044 4.4721, 2.9204 0.3809 4.3781, 2.8913 0.3815 5.315, 2.9276 0.3635 4.3575, 2.8936 0.3743 5.315, 2.9279 0.3631 4.3567, 2.899 0.3635 5.315, 2.9442 0.3395 4.31, 2.9064 0.3485 5.315, 2.9139 0.3397 5.315, 2.8563 0.8488 4.5613, 2.8553 0.7972 4.5641, 2.9783 1.1083 4.2126, 2.9282 1.2372 4.3558, 2.9029 1.1544 4.4282, 2.9094 0.4169 4.4096, 2.9783 0.3563 4.2126, 2.9003 1.1433 4.4357, 2.8831 1.0713 4.4847, 2.8693 0.992 4.5242, 2.8574 0.7217 4.5582, 2.8636 0.6468 4.5406, 2.8708 0.5948 4.5198, 2.8742 0.5704 4.5101, 2.8893 0.4945 4.4671, 2.8614 0.9257 4.5468, 2.8577 0.8707 4.5572, 2.618 0.3738 5.315, 2.6205 0.3815 5.315, 2.5914 0.3809 4.3781, 2.6128 0.3635 5.3149, 2.5841 0.3633 4.3573, 2.5839 0.3631 4.3568, 2.6051 0.3482 5.3149, 2.5979 0.3397 5.3149, 2.5671 0.3394 4.3088, 2.566 0.3377 4.3055, 2.5508 0.3206 4.3909, 2.5879 0.328 5.3149, 2.5776 0.3203 5.3149, 2.5295 0.3065 4.4617, 2.5273 0.3056 4.4659, 2.5533 0.3062 5.3149, 2.5496 0.3198 4.3949, 2.5666 0.312 5.3149, 2.5022 0.2976 4.5061, 2.5016 0.2975 4.5066, 2.5264 0.2984 5.315, 2.5127 0.3 4.4941, 2.5417 0.3011 5.3149, 2.4946 0.2965 4.5115, 2.4884 0.296 4.514, 2.5133 0.296 5.315, 2.4822 0.2959 4.5148, 2.5069 0.2959 5.3147, 2.6043 1.1711 4.4149, 2.5836 1.2372 4.3558, 2.5335 1.1083 4.2126, 2.5335 0.3563 4.2126, 2.6565 0.7972 4.5641, 2.6545 0.8707 4.5583, 2.6383 1.0192 4.5122, 2.6239 1.0937 4.471, 2.6113 1.1433 4.4351, 2.6151 0.4635 4.4458, 2.6333 0.546 4.4977, 2.6409 0.5948 4.5196, 2.6458 0.6259 4.5335, 2.6524 0.6913 4.5525, 2.6562 0.7677 4.5632, 2.6544 0.8722 4.5582, 2.6482 0.9471 4.5405, 2.7559 1.1516 5.315, 2.8751 1.1516 5.315, 2.8837 1.1844 5.3111, 2.9433 1.3484 5.1181, 2.5685 1.3484 5.1181, 2.9418 1.3468 5.1434, 2.5712 1.3446 5.151, 2.9408 1.3449 5.1509, 2.9359 1.3355 5.1883, 2.5722 1.3431 5.1635, 2.9339 1.3309 5.1971, 2.5779 1.331 5.1973, 2.5792 1.3283 5.2048, 2.9264 1.3134 5.2302, 2.5882 1.3061 5.2386, 2.9236 1.306 5.2383, 2.9132 1.2789 5.2682, 2.59 1.3016 5.2456, 2.9109 1.2721 5.2727, 2.601 1.2723 5.2731, 2.8999 1.24 5.294, 2.6022 1.2691 5.2761, 2.8971 1.2307 5.2974, 2.6147 1.2308 5.2979, 2.8871 1.1972 5.3096, 2.6156 1.2282 5.2994, 2.6282 1.1845 5.3118, 2.6291 1.1815 5.3127, 2.6367 1.1516 5.315
            ]
        }
        coordIndex [
            0,1,2,-1,3,4,5,-1,5,4,6,-1,5,6,2,-1,2,6,7,-1,2,7,0,-1,0,7,8,-1,9,10,11,-1,11,10,12,-1,11,12,13,-1,13,12,14,-1,14,15,13,-1,13,15,16,-1,13,16,17,-1,17,16,18,-1,17,18,3,-1,3,18,19,-1,3,19,4,-1,20,21,22,-1,22,21,23,-1,22,23,24,-1,24,23,25,-1,24,25,26,-1,26,25,27,-1,26,27,0,-1,0,27,28,-1,0,28,1,-1,29,30,31,-1,31,32,33,-1,31,34,20,-1,8,35,0,-1,0,35,31,-1,0,31,26,-1,33,36,31,-1,31,36,37,-1,31,37,38,-1,30,39,31,-1,31,39,40,-1,31,40,41,-1,41,42,31,-1,31,42,43,-1,31,43,34,-1,20,22,31,-1,31,22,24,-1,31,24,26,-1,38,44,31,-1,31,44,45,-1,31,45,29,-1,46,47,48,-1,46,48,49,-1,48,50,49,-1,49,50,51,-1,49,51,52,-1,52,51,53,-1,54,55,56,-1,51,54,53,-1,53,54,56,-1,53,56,57,-1,57,56,58,-1,59,60,61,-1,56,62,58,-1,58,62,59,-1,58,59,63,-1,63,59,61,-1,64,65,66,-1,60,67,61,-1,61,67,64,-1,61,64,68,-1,68,64,66,-1,65,69,66,-1,66,69,70,-1,66,70,71,-1,71,70,72,-1,71,72,73,-1,74,75,76,-1,77,55,76,-1,76,55,54,-1,76,54,51,-1,78,79,76,-1,80,81,76,-1,76,81,82,-1,76,82,74,-1,51,50,76,-1,76,50,48,-1,76,48,83,-1,83,84,76,-1,76,84,85,-1,76,85,86,-1,86,87,76,-1,76,87,88,-1,76,88,78,-1,79,89,76,-1,76,89,90,-1,76,90,80,-1,91,92,93,-1,94,95,96,-1,96,95,97,-1,96,97,98,-1,98,97,99,-1,99,97,100,-1,99,100,101,-1,100,102,101,-1,101,102,103,-1,101,103,104,-1,104,103,105,-1,104,105,106,-1,106,105,107,-1,107,105,108,-1,107,108,109,-1,109,108,110,-1,109,110,111,-1,111,110,112,-1,111,112,113,-1,113,112,114,-1,113,114,115,-1,115,114,116,-1,115,116,93,-1,116,117,93,-1,93,117,118,-1,93,118,91,-1,91,118,119,-1,
        ]
    }
}
Shape{
    appearance Appearance {
        material  Material 	{
            diffuseColor 0.6666666666666666 0.6666666666666666 0.6666666666666666
            specularColor 0.4666666666666667 0.4666666666666667 0.4666666666666667
            ambientIntensity 0.6667
            transparency 0.0
            shininess 0.5
        }
    }
    geometry IndexedFaceSet {
        ccw TRUE
        solid FALSE
        coord DEF co Coordinate {
            point [
                2.2244 -1.0138 0.6114, 2.2552 -1.0138 0.7874, 2.2244 -1.1713 0.6114, 2.2552 -1.1713 0.7874, 1.9095 -1.1713 0.6114, 1.9094 -1.1713 0.6114, 1.9094 -1.1713 0.2362, 1.8787 -1.1713 0.7874, 2.2244 -1.1713 0.2362, 1.8787 -1.0138 0.7874, 1.9095 -1.0138 0.6114, 1.9094 -1.0138 0.2362, 1.9094 -1.0138 0.6114, 2.2244 -1.0138 0.2362, 1.9094 1.0138 0.6114, 1.8786 1.0138 0.7874, 1.9094 1.1713 0.6114, 1.8786 1.1713 0.7874, 1.8787 1.1713 0.7874, 2.2552 1.1713 0.7874, 2.2244 1.1713 0.6114, 1.9094 1.1713 0.2362, 2.2244 1.1713 0.2362, 2.2552 1.0138 0.7874, 2.2244 1.0138 0.6114, 1.8787 1.0138 0.7874, 1.9094 1.0138 0.2362, 2.2244 1.0138 0.2362, 3.2874 1.0138 0.6114, 3.2566 1.0138 0.7874, 3.2874 1.1713 0.6114, 3.2566 1.1713 0.7874, 3.2567 1.1713 0.7874, 3.6332 1.1713 0.7874, 3.6024 1.1713 0.6114, 3.2874 1.1713 0.2362, 3.6024 1.1713 0.2362, 3.6332 1.0138 0.7874, 3.6024 1.0138 0.6114, 3.2567 1.0138 0.7874, 3.2874 1.0138 0.2362, 3.6024 1.0138 0.2362, 3.6024 -1.0138 0.6114, 3.6332 -1.0138 0.7874, 3.6024 -1.1713 0.6114, 3.6332 -1.1713 0.7874, 3.2874 -1.1713 0.6114, 3.2874 -1.1713 0.6114, 3.2874 -1.1713 0.2362, 3.2567 -1.1713 0.7874, 3.6024 -1.1713 0.2362, 3.2567 -1.0138 0.7874, 3.2874 -1.0138 0.6114, 3.2874 -1.0138 0.2362, 3.2874 -1.0138 0.6114, 3.6024 -1.0138 0.2362
            ]
        }
        coordIndex [
            0,1,2,-1,2,1,3,-1,4,5,6,-1,3,7,2,-1,2,7,4,-1,2,4,8,-1,8,4,6,-1,9,10,7,-1,7,10,4,-1,10,9,1,-1,11,12,13,-1,13,12,10,-1,13,10,0,-1,0,10,1,-1,14,15,16,-1,16,15,17,-1,18,19,20,-1,17,18,16,-1,16,18,20,-1,16,20,21,-1,21,20,22,-1,23,24,19,-1,19,24,20,-1,25,15,14,-1,26,27,14,-1,14,27,24,-1,14,24,25,-1,25,24,23,-1,28,29,30,-1,30,29,31,-1,32,33,34,-1,31,32,30,-1,30,32,34,-1,30,34,35,-1,35,34,36,-1,37,38,33,-1,33,38,34,-1,39,29,28,-1,40,41,28,-1,28,41,38,-1,28,38,39,-1,39,38,37,-1,42,43,44,-1,44,43,45,-1,46,47,48,-1,45,49,44,-1,44,49,46,-1,44,46,50,-1,50,46,48,-1,51,52,49,-1,49,52,46,-1,52,51,43,-1,53,54,55,-1,55,54,52,-1,55,52,42,-1,42,52,43,-1,
        ]
    }
}
Shape{
    appearance Appearance {
        material  Material 	{
            diffuseColor 0.20784313725490197 0.20784313725490197 0.20784313725490197
            specularColor 0.01568627450980392 0.01568627450980392 0.01568627450980392
            ambientIntensity 0.298
            transparency 0.0
            shininess 0.5
        }
    }
    geometry IndexedFaceSet {
        ccw TRUE
        solid FALSE
        coord DEF co Coordinate {
            point [
                2.874 -1.0925 4.685, 2.874 -1.0925 5.0, 3.2087 -1.0925 4.685, 3.2087 -1.0925 5.0, 2.874 -1.0138 4.4882, 3.2087 -1.0138 4.4882, 3.6417 -1.25 0.7874, 3.6047 -1.25 0.8328, 3.248 -1.25 0.7874, 3.5574 -1.25 0.8674, 3.2851 -1.25 0.8328, 3.3323 -1.25 0.8674, 3.3868 -1.25 0.8891, 3.503 -1.25 0.8891, 3.4449 -1.25 0.8965, 2.8308 -1.25 0.474, 2.815 -1.25 0.4727, 2.874 -1.25 0.7874, 3.1309 -1.25 0.6333, 3.0158 -1.25 0.5376, 2.9233 -1.25 0.4934, 2.874 1.4272 0.7874, 2.815 1.624 0.4724, 2.874 1.624 0.7874, 2.6575 1.624 0.4724, 2.5984 1.624 0.7874, 2.874 1.624 1.7323, 2.5984 1.624 1.7323, 2.5984 1.4272 0.7874, 2.6575 -1.25 0.4724, 2.6566 -1.25 0.4769, 2.5984 -1.25 0.7874, 2.7165 -1.25 0.4724, 2.3294 -1.25 0.6933, 2.2638 -1.25 0.7874, 2.6183 -1.25 0.4846, 2.5245 -1.25 0.5211, 2.4292 -1.25 0.5871, 1.9071 -1.25 0.8328, 1.8701 -1.25 0.7874, 2.1795 -1.25 0.8674, 2.125 -1.25 0.8891, 1.9544 -1.25 0.8674, 2.0669 -1.25 0.8965, 2.0088 -1.25 0.8891, 2.2267 -1.25 0.8328, 3.7073 -1.25 0.6933, 3.9764 -1.25 0.7874, 4.0346 -1.25 0.4769, 3.9963 -1.25 0.4846, 3.9024 -1.25 0.5211, 3.8071 -1.25 0.5871, 3.2087 -1.0138 4.9213, 4.0157 -1.0138 4.9213, 4.0157 -1.0138 4.2126, 2.874 -1.0138 4.2126, 2.874 -1.0003 5.1575, 2.874 0.1673 5.1575, 2.815 0.1673 5.315, 2.815 -0.7776 5.315, 2.816 -0.8125 5.3124, 2.8164 -0.817 5.3112, 2.8229 -0.8723 5.2939, 2.8289 -0.9046 5.2779, 2.8341 -0.9218 5.2639, 2.8205 -0.8597 5.3002, 2.8417 -0.9466 5.2438, 2.8495 -0.9629 5.2231, 2.8563 -0.9772 5.205, 2.8681 -0.9925 5.1734, 2.9985 0.296 5.315, 2.9985 0.1673 5.315, 3.0049 0.2959 5.3147, 3.0112 0.1673 5.314, 3.0117 0.2959 5.3138, 3.0117 0.1673 5.3139, 3.0288 0.1673 5.3092, 3.0302 0.2959 5.3083, 3.0303 0.1673 5.3084, 3.0428 0.1673 5.3015, 3.0469 0.2959 5.2983, 3.0466 0.1673 5.2981, 3.0578 0.1673 5.288, 3.0606 0.2959 5.2846, 3.0603 0.1673 5.2844, 3.0685 0.1673 5.2726, 3.0705 0.2959 5.268, 3.0703 0.1673 5.2679, 3.0748 0.1673 5.2564, 3.0761 0.2959 5.2494, 3.0756 0.1673 5.2494, 3.0772 0.1673 5.2362, 3.0772 0.2959 5.2362, 3.0772 0.2498 4.5645, 3.0772 0.2647 4.5582, 3.0772 0.2776 4.5485, 3.0772 0.2876 4.5359, 3.0772 0.2942 4.5212, 3.0772 0.2959 4.5148, 3.0772 0.1713 4.5243, 3.0772 0.1677 4.5086, 3.0772 0.1673 4.502, 3.0772 0.1787 4.5387, 3.0772 0.1894 4.5508, 3.0772 0.2027 4.5598, 3.0772 0.2179 4.5653, 3.0772 0.2322 4.5669, 3.0772 0.2339 4.5669, 3.8125 0.1673 4.502, 3.8125 0.2959 4.5148, 3.8125 0.2939 4.521, 3.8125 0.2913 4.529, 3.8125 0.2829 4.5426, 3.8125 0.2872 4.5356, 3.8125 0.2707 4.5544, 3.8125 0.2772 4.5481, 3.8125 0.2436 4.566, 3.8125 0.2498 4.5642, 3.8125 0.2578 4.5618, 3.8125 0.2645 4.5579, 3.8125 0.2339 4.5668, 3.8125 0.2322 4.5669, 3.8125 0.2179 4.5653, 3.8125 0.1677 4.5086, 3.8125 0.1713 4.5243, 3.8125 0.1787 4.5387, 3.8125 0.1894 4.5508, 3.8125 0.2027 4.5598
            ]
        }
        coordIndex [
            0,1,2,-1,2,1,3,-1,4,0,5,-1,5,0,2,-1,6,7,8,-1,8,7,9,-1,10,8,11,-1,11,8,12,-1,9,13,8,-1,8,13,14,-1,8,14,12,-1,15,16,17,-1,17,8,18,-1,18,19,17,-1,17,19,20,-1,17,20,15,-1,17,16,21,-1,21,16,22,-1,21,22,23,-1,22,24,23,-1,23,24,25,-1,23,25,26,-1,26,25,27,-1,28,25,24,-1,24,29,28,-1,28,29,30,-1,28,30,31,-1,30,29,32,-1,33,34,31,-1,31,30,35,-1,35,36,31,-1,31,36,37,-1,31,37,33,-1,38,39,34,-1,40,41,42,-1,42,41,43,-1,42,43,44,-1,38,34,42,-1,42,34,45,-1,42,45,40,-1,46,6,47,-1,47,48,49,-1,49,50,47,-1,47,50,51,-1,47,51,46,-1,52,53,5,-1,5,53,54,-1,5,54,4,-1,4,54,55,-1,56,57,58,-1,58,59,56,-1,56,59,60,-1,56,60,61,-1,62,63,64,-1,61,65,62,-1,62,64,61,-1,61,64,66,-1,61,66,67,-1,67,68,61,-1,61,68,69,-1,61,69,56,-1,70,71,72,-1,72,71,73,-1,72,73,74,-1,73,75,74,-1,74,75,76,-1,74,76,77,-1,76,78,77,-1,77,78,79,-1,77,79,80,-1,79,81,80,-1,80,81,82,-1,80,82,83,-1,82,84,83,-1,83,84,85,-1,83,85,86,-1,85,87,86,-1,86,87,88,-1,86,88,89,-1,88,90,89,-1,89,90,91,-1,89,91,92,-1,93,94,92,-1,92,94,95,-1,95,96,92,-1,92,96,97,-1,92,97,98,-1,99,91,100,-1,100,91,101,-1,99,102,91,-1,91,102,103,-1,91,103,104,-1,104,105,91,-1,91,105,106,-1,91,106,92,-1,92,106,107,-1,92,107,93,-1,100,101,108,-1,109,98,110,-1,110,98,97,-1,110,97,111,-1,111,97,96,-1,95,112,96,-1,96,112,113,-1,96,113,111,-1,94,114,95,-1,95,114,115,-1,95,115,112,-1,116,117,93,-1,93,117,118,-1,93,118,94,-1,94,118,119,-1,94,119,114,-1,116,93,120,-1,120,93,107,-1,120,107,121,-1,121,107,106,-1,121,106,122,-1,108,123,100,-1,100,123,124,-1,100,124,99,-1,99,124,125,-1,99,125,102,-1,102,125,126,-1,102,126,103,-1,103,126,127,-1,103,127,104,-1,104,127,122,-1,104,122,105,-1,105,122,106,-1,
        ]
    }
}
Shape{
    appearance Appearance {
        material  Material 	{
            diffuseColor 0.34901960784313724 0.34901960784313724 0.34901960784313724
            specularColor 0.023529411764705882 0.023529411764705882 0.023529411764705882
            ambientIntensity 0.498
            transparency 0.0
            shininess 0.5
        }
    }
    geometry IndexedFaceSet {
        ccw TRUE
        solid FALSE
        coord DEF co Coordinate {
            point [
                3.9764 -0.2067 4.2126, 4.0157 -1.0138 4.2126, 4.0157 0.1673 4.2126, 3.0906 -0.2067 4.2126, 3.0906 -0.9941 4.2126, 2.874 -1.0138 4.2126, 2.9134 -0.9941 4.2126, 2.874 0.1673 4.2126, 2.9134 0.1476 4.2126, 3.9764 0.1476 4.2126
            ]
        }
        coordIndex [
            0,1,2,-1,0,3,1,-1,1,3,4,-1,1,4,5,-1,5,4,6,-1,5,6,7,-1,7,6,8,-1,7,8,2,-1,2,8,9,-1,2,9,0,-1,
        ]
    }
}
Shape{
    appearance Appearance {
        material  Material 	{
            diffuseColor 0.20784313725490197 0.20784313725490197 0.20784313725490197
            specularColor 0.01568627450980392 0.01568627450980392 0.01568627450980392
            ambientIntensity 0.298
            transparency 0.0
            shininess 0.5
        }
    }
    geometry IndexedFaceSet {
        ccw TRUE
        solid FALSE
        coord DEF co Coordinate {
            point [
                3.8125 0.2959 4.5148, 3.8125 0.2939 4.521, 3.8125 0.2959 5.2362, 3.8125 0.2913 4.529, 3.8125 0.2872 4.5356, 3.8125 0.2179 4.5653, 3.8125 0.2027 4.5598, 3.8125 0.1673 5.2362, 3.8125 0.1894 4.5508, 3.8125 0.1787 4.5387, 3.8125 0.1713 4.5243, 3.8125 0.1677 4.5086, 3.8125 0.1673 4.502, 3.8125 0.2829 4.5426, 3.8125 0.2772 4.5481, 3.8125 0.2707 4.5544, 3.8125 0.2645 4.5579, 3.8125 0.2578 4.5618, 3.8125 0.2498 4.5642, 3.8125 0.2436 4.566, 3.8125 0.2339 4.5668, 3.8125 0.2322 4.5669, 3.8289 0.2959 5.2843, 3.8426 0.2959 5.2981, 3.819 0.2959 5.2675, 3.8135 0.2959 5.2488, 3.8601 0.2959 4.5148, 3.8849 0.2959 5.3147, 3.878 0.2959 5.3138, 3.8593 0.2959 5.3082, 2.9783 0.3563 4.2126, 2.9458 0.3377 4.3055, 3.9114 0.3563 4.2126, 2.9626 0.3202 4.393, 3.9074 0.3065 4.4617, 3.9053 0.3056 4.4659, 2.9666 0.316 4.4139, 2.9845 0.3057 4.4655, 3.9439 0.3377 4.3055, 3.9288 0.3206 4.3909, 3.9276 0.3198 4.3949, 2.9868 0.3044 4.4721, 3.0014 0.2994 4.4971, 3.0102 0.2975 4.5064, 3.8796 0.2975 4.5066, 3.8802 0.2976 4.5061, 3.8906 0.3 4.4941, 3.0296 0.2959 4.5148, 3.0772 0.2959 4.5148, 3.8725 0.2965 4.5115, 3.8664 0.296 4.514, 3.0245 0.296 4.5142, 3.0113 0.2973 4.5075, 3.0182 0.2964 4.512, 3.9822 1.1711 4.4149, 3.9616 1.2372 4.3558, 3.9114 1.1083 4.2126, 3.9451 0.3394 4.3088, 3.9619 0.3631 4.3568, 4.0344 0.7972 4.5641, 4.0324 0.8707 4.5583, 3.9621 0.3633 4.3573, 3.9693 0.3809 4.3781, 3.993 0.4635 4.4458, 4.0163 1.0192 4.5122, 4.0019 1.0937 4.471, 3.9893 1.1433 4.4351, 4.0112 0.546 4.4977, 4.0189 0.5948 4.5196, 4.0237 0.6259 4.5335, 4.0304 0.6913 4.5525, 4.0341 0.7677 4.5632, 4.0324 0.8722 4.5582, 4.0262 0.9471 4.5405, 2.9654 1.3532 4.4847, 2.9282 1.2372 4.3558, 2.9783 1.1083 4.2126, 3.9159 1.3682 4.5014, 3.9064 1.3851 4.5202, 3.902 1.3894 4.5249, 3.8852 1.4052 4.5426, 3.9243 1.3532 4.4847, 3.8829 1.4065 4.544, 3.8629 1.418 4.5567, 3.8603 1.4188 4.5576, 3.8432 1.4244 4.5638, 3.8354 1.4255 4.565, 3.8244 1.427 4.5667, 3.8173 1.4272 4.5669, 3.0724 1.4272 4.5669, 3.0544 1.4257 4.5653, 3.0295 1.4187 4.5575, 3.0152 1.4121 4.5502, 3.0527 1.4255 4.5651, 3.0338 1.4206 4.5596, 3.0071 1.4062 4.5436, 2.9936 1.3963 4.5326, 2.9878 1.3894 4.5249, 2.9765 1.3757 4.5098, 2.973 1.3686 4.5019, 1.6066 0.3057 4.4655, 2.5016 0.2975 4.5066, 1.5887 0.316 4.4139, 1.5847 0.3202 4.393, 2.5022 0.2976 4.5061, 1.6004 0.3563 4.2126, 1.5679 0.3377 4.3055, 2.5127 0.3 4.4941, 2.5273 0.3056 4.4659, 2.5295 0.3065 4.4617, 2.566 0.3377 4.3055, 2.5335 0.3563 4.2126, 2.5508 0.3206 4.3909, 2.5496 0.3198 4.3949, 1.6089 0.3044 4.4721, 1.6235 0.2994 4.4971, 1.6323 0.2975 4.5064, 1.6517 0.2959 4.5148, 1.6993 0.2959 4.5148, 2.4346 0.2959 4.5148, 2.4822 0.2959 4.5148, 2.4946 0.2965 4.5115, 2.4884 0.296 4.514, 1.6466 0.296 4.5142, 1.6333 0.2973 4.5075, 1.6402 0.2964 4.512, 1.6993 0.2959 5.2362, 1.627 0.2959 5.3147, 1.6337 0.2959 5.3138, 1.6982 0.2959 5.2494, 1.6523 0.2959 5.3083, 1.6689 0.2959 5.2983, 1.6826 0.2959 5.2846, 1.6926 0.2959 5.268, 1.6993 0.2647 4.5582, 1.6993 0.2776 4.5485, 1.6993 0.2498 4.5645, 1.6993 0.2876 4.5359, 1.6993 0.2942 4.5212, 1.6993 0.1713 4.5243, 1.6993 0.1673 5.2362, 1.6993 0.1677 4.5086, 1.6993 0.1673 4.502, 1.6993 0.1787 4.5387, 1.6993 0.1894 4.5508, 1.6993 0.2027 4.5598, 1.6993 0.2179 4.5653, 1.6993 0.2322 4.5669, 1.6993 0.2339 4.5669, 2.4346 0.1673 4.502, 2.4346 0.2939 4.521, 2.4346 0.2913 4.529, 2.4346 0.2829 4.5426, 2.4346 0.2872 4.5356, 2.4346 0.2707 4.5544, 2.4346 0.2772 4.5481, 2.4346 0.2436 4.566, 2.4346 0.2498 4.5642, 2.4346 0.2578 4.5618, 2.4346 0.2645 4.5579, 2.4346 0.2339 4.5668, 2.4346 0.2322 4.5669, 2.4346 0.2179 4.5653, 2.4346 0.1677 4.5086, 2.4346 0.1713 4.5243, 2.4346 0.1787 4.5387, 2.4346 0.1894 4.5508, 2.4346 0.2027 4.5598, 2.4346 0.1673 5.2362, 2.4346 0.2959 5.2362, 2.4355 0.1673 5.2489, 2.4357 0.2959 5.2494, 2.4356 0.1673 5.2494, 2.4404 0.1673 5.2666, 2.4413 0.2959 5.268, 2.4412 0.1673 5.268, 2.448 0.1673 5.2805, 2.4512 0.2959 5.2846, 2.4515 0.1673 5.2844, 2.4616 0.1673 5.2956, 2.4649 0.2959 5.2983, 2.4651 0.1673 5.298, 2.477 0.1673 5.3063, 2.4816 0.2959 5.3083, 2.4816 0.1673 5.3081, 2.5001 0.2959 5.3138, 2.5133 0.296 5.315, 2.5069 0.2959 5.3147, 2.5133 0.1828 5.315, 2.5133 0.1697 5.315, 2.4932 0.1673 5.3125, 2.5002 0.1673 5.3134, 2.5133 0.1673 5.315, 2.618 0.3738 5.315, 2.6128 0.3635 5.3149, 2.815 0.1673 5.315, 2.815 -0.7776 5.315, 2.7559 -0.7776 5.315, 2.6969 0.1673 5.315, 2.6969 -0.7776 5.315, 2.5264 0.2984 5.315, 2.5417 0.3011 5.3149, 2.8393 0.9346 5.315, 2.8579 1.0704 5.315, 2.6628 1.0166 5.315, 2.9985 0.296 5.315, 2.9855 0.2984 5.315, 2.9985 0.1673 5.315, 2.9689 0.3013 5.315, 2.9584 0.3059 5.315, 2.9464 0.3112 5.315, 2.9342 0.3203 5.315, 2.9235 0.3284 5.315, 2.899 0.3635 5.315, 2.9064 0.3485 5.315, 2.9139 0.3397 5.315, 2.8747 1.1494 5.315, 2.8751 1.1516 5.315, 2.7559 1.1516 5.315, 2.5533 0.3062 5.3149, 2.5666 0.312 5.3149, 2.5776 0.3203 5.3149, 2.6051 0.3482 5.3149, 2.5979 0.3397 5.3149, 2.5879 0.328 5.3149, 2.8364 0.8718 5.315, 2.8936 0.3743 5.315, 2.8913 0.3815 5.315, 2.6205 0.3815 5.315, 2.6248 0.3969 5.315, 2.6371 1.1494 5.315, 2.6367 1.1516 5.315, 2.6788 0.7972 5.315, 2.833 0.7972 5.315, 2.6767 0.8718 5.315, 2.6765 0.8802 5.315, 2.6539 0.5239 5.315, 2.8595 0.5155 5.315, 2.6633 0.5919 5.315, 2.8485 0.5919 5.315, 2.6726 0.6597 5.315, 2.84 0.6511 5.315, 2.8331 0.7812 5.315, 2.6921 -0.8539 5.3023, 2.6952 -0.8169 5.3106, 2.6378 0.1673 5.1575, 2.6378 -1.0003 5.1575, 2.6438 -0.9925 5.1734, 2.6562 -0.9765 5.2065, 2.6624 -0.9629 5.2231, 2.6714 -0.9433 5.2471, 2.6777 -0.9219 5.2639, 2.6837 -0.9015 5.2799, 2.6889 -0.8722 5.2936, 2.6963 -0.8035 5.3136, 2.5335 1.1083 4.2126, 2.5836 1.2372 4.3558, 1.6004 1.1083 4.2126, 2.5464 1.3532 4.4847, 2.538 1.3682 4.5014, 2.5285 1.3851 4.5202, 2.524 1.3894 4.5249, 2.5072 1.4052 4.5426, 2.5049 1.4065 4.544, 2.4848 1.418 4.5568, 2.4824 1.4188 4.5577, 2.4651 1.4244 4.5639, 2.4574 1.4255 4.565, 1.6945 1.4272 4.5669, 1.6764 1.4257 4.5653, 1.6292 1.4062 4.5436, 1.6373 1.4121 4.5502, 1.6516 1.4187 4.5575, 1.6558 1.4206 4.5596, 1.6747 1.4255 4.5651, 1.6156 1.3963 4.5326, 1.6099 1.3894 4.5249, 1.5986 1.3757 4.5098, 1.5503 1.2372 4.3558, 1.5875 1.3532 4.4847, 1.5951 1.3686 4.5019, 2.4394 1.4272 4.5669, 2.4463 1.427 4.5667, 1.4783 0.8488 4.5613, 1.4774 0.7972 4.5641, 1.5249 1.1544 4.4282, 1.5315 0.4169 4.4096, 1.5425 0.3809 4.3781, 1.5665 0.3393 4.3094, 1.5663 0.3395 4.31, 1.5223 1.1433 4.4357, 1.5052 1.0713 4.4847, 1.4913 0.992 4.5242, 1.4794 0.7217 4.5582, 1.4856 0.6468 4.5406, 1.4929 0.5948 4.5198, 1.4963 0.5704 4.5101, 1.5113 0.4945 4.4671, 1.5497 0.3635 4.3575, 1.55 0.3631 4.3567, 1.4834 0.9257 4.5468, 1.4798 0.8707 4.5572
            ]
        }
        coordIndex [
            0,1,2,-1,2,1,3,-1,2,3,4,-1,5,6,7,-1,7,6,8,-1,7,8,9,-1,9,10,7,-1,7,10,11,-1,7,11,12,-1,4,13,2,-1,2,13,14,-1,2,14,15,-1,15,16,2,-1,2,16,17,-1,2,17,18,-1,18,19,2,-1,2,19,20,-1,2,20,7,-1,7,20,21,-1,7,21,5,-1,22,23,24,-1,24,23,25,-1,26,0,27,-1,27,0,2,-1,27,2,28,-1,28,2,25,-1,28,25,29,-1,29,25,23,-1,30,31,32,-1,32,31,33,-1,34,33,35,-1,35,33,36,-1,35,36,37,-1,38,32,39,-1,39,32,33,-1,39,33,40,-1,40,33,34,-1,37,41,35,-1,35,41,42,-1,35,42,43,-1,44,45,43,-1,43,45,46,-1,43,46,35,-1,47,48,43,-1,43,48,0,-1,43,0,44,-1,44,0,26,-1,44,26,49,-1,49,26,50,-1,47,43,51,-1,51,43,52,-1,51,52,53,-1,54,55,56,-1,32,38,56,-1,56,38,57,-1,56,57,58,-1,59,60,56,-1,58,61,56,-1,56,61,62,-1,56,62,63,-1,64,65,56,-1,56,65,66,-1,56,66,54,-1,63,67,56,-1,56,67,68,-1,56,68,69,-1,69,70,56,-1,56,70,71,-1,56,71,59,-1,60,72,56,-1,56,72,73,-1,56,73,64,-1,74,75,76,-1,77,78,76,-1,76,78,79,-1,76,79,80,-1,56,55,76,-1,76,55,81,-1,76,81,77,-1,80,82,76,-1,76,82,83,-1,76,83,84,-1,84,85,76,-1,76,85,86,-1,76,86,87,-1,87,88,76,-1,76,88,89,-1,76,89,90,-1,76,91,92,-1,90,93,76,-1,76,93,94,-1,76,94,91,-1,92,95,76,-1,76,95,96,-1,76,96,97,-1,97,98,76,-1,76,98,99,-1,76,99,74,-1,100,101,102,-1,102,101,103,-1,104,105,101,-1,101,105,106,-1,101,106,103,-1,104,107,105,-1,105,107,108,-1,105,108,109,-1,110,111,112,-1,112,111,105,-1,112,105,113,-1,113,105,109,-1,100,114,101,-1,101,114,115,-1,101,115,116,-1,117,118,116,-1,116,118,119,-1,116,119,101,-1,101,119,120,-1,101,120,121,-1,121,120,122,-1,117,116,123,-1,123,116,124,-1,123,124,125,-1,126,118,117,-1,117,127,126,-1,126,127,128,-1,126,128,129,-1,129,128,130,-1,131,132,130,-1,130,132,133,-1,130,133,129,-1,134,135,126,-1,134,126,136,-1,135,137,126,-1,126,137,138,-1,126,138,118,-1,139,140,141,-1,141,140,142,-1,139,143,140,-1,140,143,144,-1,140,144,145,-1,145,146,140,-1,140,146,147,-1,140,147,126,-1,126,147,148,-1,126,148,136,-1,141,142,149,-1,119,118,150,-1,150,118,138,-1,150,138,151,-1,151,138,137,-1,135,152,137,-1,137,152,153,-1,137,153,151,-1,134,154,135,-1,135,154,155,-1,135,155,152,-1,156,157,136,-1,136,157,158,-1,136,158,134,-1,134,158,159,-1,134,159,154,-1,156,136,160,-1,160,136,148,-1,160,148,161,-1,161,148,147,-1,161,147,162,-1,149,163,141,-1,141,163,164,-1,141,164,139,-1,139,164,165,-1,139,165,143,-1,143,165,166,-1,143,166,144,-1,144,166,167,-1,144,167,145,-1,145,167,162,-1,145,162,146,-1,146,162,147,-1,162,167,168,-1,119,150,169,-1,169,150,151,-1,169,151,153,-1,149,168,163,-1,163,168,164,-1,153,152,169,-1,169,152,155,-1,169,155,154,-1,167,166,168,-1,168,166,165,-1,168,165,164,-1,154,159,169,-1,169,159,158,-1,169,158,157,-1,157,156,169,-1,169,156,160,-1,169,160,168,-1,168,160,161,-1,168,161,162,-1,168,170,169,-1,169,170,171,-1,170,172,171,-1,171,172,173,-1,171,173,174,-1,173,175,174,-1,174,175,176,-1,174,176,177,-1,176,178,177,-1,177,178,179,-1,177,179,180,-1,179,181,180,-1,180,181,182,-1,180,182,183,-1,183,182,184,-1,183,184,185,-1,186,187,188,-1,188,187,189,-1,184,190,185,-1,185,190,191,-1,185,191,187,-1,187,191,192,-1,187,192,189,-1,193,194,195,-1,196,195,197,-1,197,195,198,-1,197,198,199,-1,186,188,200,-1,200,188,201,-1,202,203,204,-1,205,206,207,-1,207,206,208,-1,207,208,195,-1,195,208,209,-1,209,210,195,-1,195,210,211,-1,195,211,212,-1,213,193,214,-1,214,193,195,-1,214,195,215,-1,215,195,212,-1,216,217,218,-1,188,189,201,-1,201,189,192,-1,201,192,219,-1,219,192,198,-1,219,198,220,-1,220,198,221,-1,194,222,195,-1,195,222,223,-1,195,223,198,-1,198,223,224,-1,198,224,221,-1,202,204,225,-1,213,226,193,-1,193,226,227,-1,193,227,228,-1,228,227,229,-1,203,216,204,-1,204,216,218,-1,204,218,230,-1,230,218,231,-1,232,233,234,-1,234,233,225,-1,234,225,235,-1,235,225,204,-1,229,227,236,-1,236,227,237,-1,236,237,238,-1,238,237,239,-1,238,239,240,-1,240,239,241,-1,240,241,232,-1,232,241,242,-1,232,242,233,-1,243,244,245,-1,246,247,245,-1,245,247,248,-1,248,249,245,-1,245,249,250,-1,245,250,251,-1,251,252,245,-1,245,252,253,-1,245,253,243,-1,244,254,245,-1,245,254,199,-1,245,199,198,-1,255,256,257,-1,257,256,258,-1,258,259,257,-1,257,259,260,-1,257,260,261,-1,261,262,257,-1,257,262,263,-1,257,263,264,-1,264,265,257,-1,257,265,266,-1,257,266,267,-1,268,269,270,-1,271,270,272,-1,272,270,269,-1,272,269,273,-1,273,269,274,-1,270,275,267,-1,267,275,276,-1,267,276,277,-1,278,257,279,-1,279,257,267,-1,279,267,280,-1,280,267,277,-1,268,270,281,-1,281,270,267,-1,281,267,282,-1,283,284,257,-1,257,278,285,-1,257,286,287,-1,106,105,288,-1,288,105,257,-1,288,257,289,-1,285,290,257,-1,257,290,291,-1,257,291,292,-1,284,293,257,-1,257,293,294,-1,257,294,295,-1,295,296,257,-1,257,296,297,-1,257,297,286,-1,287,298,257,-1,257,298,299,-1,257,299,289,-1,292,300,257,-1,257,300,301,-1,257,301,283,-1,
        ]
    }
}
Shape{
    appearance Appearance {
        material  Material 	{
            diffuseColor 0.34901960784313724 0.34901960784313724 0.34901960784313724
            specularColor 0.023529411764705882 0.023529411764705882 0.023529411764705882
            ambientIntensity 0.498
            transparency 0.0
            shininess 0.5
        }
    }
    geometry IndexedFaceSet {
        ccw TRUE
        solid FALSE
        coord DEF co Coordinate {
            point [
                2.5984 -0.2067 4.2126, 2.6378 -1.0138 4.2126, 2.6378 0.1673 4.2126, 1.7126 -0.2067 4.2126, 1.7126 -0.9941 4.2126, 1.4961 -1.0138 4.2126, 1.5354 -0.9941 4.2126, 1.4961 0.1673 4.2126, 1.5354 0.1476 4.2126, 2.5984 0.1476 4.2126
            ]
        }
        coordIndex [
            0,1,2,-1,0,3,1,-1,1,3,4,-1,1,4,5,-1,5,4,6,-1,5,6,7,-1,7,6,8,-1,7,8,2,-1,2,8,9,-1,2,9,0,-1,
        ]
    }
}
Shape{
    appearance Appearance {
        material  Material 	{
            diffuseColor 0.20784313725490197 0.20784313725490197 0.20784313725490197
            specularColor 0.01568627450980392 0.01568627450980392 0.01568627450980392
            ambientIntensity 0.298
            transparency 0.0
            shininess 0.5
        }
    }
    geometry IndexedFaceSet {
        ccw TRUE
        solid FALSE
        coord DEF co Coordinate {
            point [
                1.8307 -1.0138 4.9213, 2.6378 -1.0138 4.9213, 1.8307 -1.0138 4.4882, 2.6378 -1.0138 4.2126, 1.4961 -1.0138 4.4882, 1.4961 -1.0138 4.2126, 1.4961 -1.0925 4.685, 1.8307 -1.0925 4.685, 1.4961 -1.0925 5.0, 1.8307 -1.0925 5.0, 1.4529 -1.25 0.474, 1.437 -1.25 0.4727, 1.4961 -1.25 0.7874, 1.8701 -1.25 0.7874, 1.7529 -1.25 0.6333, 1.6378 -1.25 0.5376, 1.5454 -1.25 0.4934, 3.8517 1.425 5.0787, 3.8337 1.4272 5.0787, 3.8173 1.4272 4.5669, 3.8244 1.427 4.5667, 3.8354 1.4255 4.565, 3.8634 1.4235 5.0787, 3.8432 1.4244 4.5638, 3.8767 1.4183 5.0787, 3.8603 1.4188 4.5576, 3.8895 1.4133 5.0787, 3.8629 1.418 4.5567, 3.8996 1.4061 5.0787, 3.8829 1.4065 4.544, 3.9131 1.3966 5.0787, 3.8852 1.4052 4.5426, 3.9194 1.3893 5.0787, 3.902 1.3894 4.5249, 3.9317 1.3751 5.0787, 3.9064 1.3851 4.5202, 3.9351 1.3687 5.0787, 3.9159 1.3682 4.5014, 3.9243 1.3532 4.4847, 3.9435 1.3526 5.0787, 3.0561 1.4272 5.0787, 3.0724 1.4272 4.5669, 2.9704 1.3893 5.0787, 2.9606 1.3789 5.0787, 2.9765 1.3757 4.5098, 2.9549 1.3685 5.0787, 2.973 1.3686 4.5019, 2.9462 1.3526 5.0787, 2.9654 1.3532 4.4847, 2.9878 1.3894 4.5249, 2.9936 1.3963 4.5326, 2.9797 1.3993 5.0787, 2.9901 1.4061 5.0787, 3.0071 1.4062 4.5436, 3.0152 1.4121 4.5502, 3.0039 1.415 5.0787, 3.0295 1.4187 4.5575, 3.013 1.4183 5.0787, 3.0338 1.4206 4.5596, 3.0527 1.4255 4.5651, 3.0307 1.4245 5.0787, 3.0544 1.4257 4.5653, 3.038 1.4253 5.0787, 2.8913 0.3815 5.315, 2.9204 0.3809 4.3781, 2.9094 0.4169 4.4096, 2.8893 0.4945 4.4671, 2.8742 0.5704 4.5101, 2.8595 0.5155 5.315, 2.8708 0.5948 4.5198, 2.8485 0.5919 5.315, 2.9282 1.2372 4.3558, 2.9029 1.1544 4.4282, 2.9003 1.1433 4.4357, 2.9446 1.3484 5.0787, 2.9433 1.3484 5.1181, 2.9418 1.3468 5.1434, 2.9408 1.3449 5.1509, 2.9359 1.3355 5.1883, 2.9339 1.3309 5.1971, 2.9264 1.3134 5.2302, 2.9236 1.306 5.2383, 2.9132 1.2789 5.2682, 2.9109 1.2721 5.2727, 2.8999 1.24 5.294, 2.8971 1.2307 5.2974, 2.8871 1.1972 5.3096, 2.8837 1.1844 5.3111, 2.8747 1.1494 5.315, 2.8614 0.9257 4.5468, 2.8693 0.992 4.5242, 2.8751 1.1516 5.315, 2.8831 1.0713 4.4847, 2.8636 0.6468 4.5406, 2.8574 0.7217 4.5582, 2.84 0.6511 5.315, 2.8553 0.7972 4.5641, 2.8579 1.0704 5.315, 2.8393 0.9346 5.315, 2.8577 0.8707 4.5572, 2.8364 0.8718 5.315, 2.8563 0.8488 4.5613, 2.833 0.7972 5.315, 2.8331 0.7812 5.315, 2.5685 1.3484 5.1181, 2.5672 1.3484 5.0787, 2.5914 0.3809 4.3781, 2.6205 0.3815 5.315, 2.6151 0.4635 4.4458, 2.6333 0.546 4.4977, 2.6524 0.6913 4.5525, 2.6633 0.5919 5.315, 2.6562 0.7677 4.5632, 2.6726 0.6597 5.315, 2.6565 0.7972 4.5641, 2.6788 0.7972 5.315, 2.6545 0.8707 4.5583, 2.6248 0.3969 5.315, 2.6539 0.5239 5.315, 2.6409 0.5948 4.5196, 2.6458 0.6259 4.5335, 2.6371 1.1494 5.315, 2.6113 1.1433 4.4351, 2.6239 1.0937 4.471, 2.6383 1.0192 4.5122, 2.6482 0.9471 4.5405, 2.6628 1.0166 5.315, 2.6544 0.8722 4.5582, 2.6765 0.8802 5.315, 2.6767 0.8718 5.315, 2.6367 1.1516 5.315, 2.6291 1.1815 5.3127, 2.6282 1.1845 5.3118, 2.6156 1.2282 5.2994, 2.6147 1.2308 5.2979, 2.6022 1.2691 5.2761, 2.601 1.2723 5.2731, 2.59 1.3016 5.2456, 2.5882 1.3061 5.2386, 2.5792 1.3283 5.2048, 2.5779 1.331 5.1973, 2.5722 1.3431 5.1635, 2.5712 1.3446 5.151, 2.6043 1.1711 4.4149, 2.5656 1.3526 5.0787, 2.5836 1.2372 4.3558, 2.5464 1.3532 4.4847, 2.4738 1.425 5.0787, 2.4557 1.4272 5.0787, 2.4394 1.4272 4.5669, 2.4463 1.427 4.5667, 2.4574 1.4255 4.565, 2.4855 1.4235 5.0787, 2.4651 1.4244 4.5639, 2.4988 1.4183 5.0787, 2.4824 1.4188 4.5577, 2.5115 1.4133 5.0787, 2.4848 1.418 4.5568, 2.5217 1.4061 5.0787, 2.5049 1.4065 4.544, 2.5351 1.3966 5.0787, 2.5072 1.4052 4.5426, 2.5414 1.3893 5.0787, 2.524 1.3894 4.5249, 2.5538 1.3751 5.0787, 2.5285 1.3851 4.5202, 2.5572 1.3687 5.0787, 2.538 1.3682 4.5014, 1.6781 1.4272 5.0787, 1.6945 1.4272 4.5669, 1.5924 1.3893 5.0787, 1.5826 1.3789 5.0787, 1.5986 1.3757 4.5098, 1.577 1.3685 5.0787, 1.5951 1.3686 4.5019, 1.5683 1.3526 5.0787, 1.5875 1.3532 4.4847, 1.6099 1.3894 4.5249, 1.6156 1.3963 4.5326, 1.6017 1.3993 5.0787, 1.6122 1.4061 5.0787, 1.6292 1.4062 4.5436, 1.6373 1.4121 4.5502, 1.6259 1.415 5.0787, 1.6516 1.4187 4.5575, 1.635 1.4183 5.0787, 1.6558 1.4206 4.5596, 1.6747 1.4255 4.5651, 1.6528 1.4245 5.0787, 1.6764 1.4257 4.5653, 1.6601 1.4253 5.0787, 1.4961 1.4272 0.7874, 1.8786 1.1713 0.7874, 1.8786 1.0138 0.7874, 2.2552 -1.1713 0.7874, 1.8787 -1.1713 0.7874, 1.8787 -1.0138 0.7874, 2.2552 -1.0138 0.7874, 2.5984 -1.25 0.7874, 2.2638 -1.25 0.7874, 1.8787 1.0138 0.7874, 2.2552 1.0138 0.7874, 2.5984 1.4272 0.7874, 2.2552 1.1713 0.7874, 1.8787 1.1713 0.7874, 2.5984 1.624 0.7874, 2.5984 1.624 1.7323, 2.5984 1.4272 1.7323, 2.874 1.4272 1.7323, 2.874 1.624 1.7323, 2.874 1.4272 0.7874, 2.874 1.624 0.7874, 3.2566 1.1713 0.7874, 3.2566 1.0138 0.7874, 3.2567 -1.0138 0.7874, 3.2567 -1.1713 0.7874, 2.874 -1.25 0.7874, 3.6332 -1.0138 0.7874, 3.9764 -1.25 0.7874, 3.6332 -1.1713 0.7874, 3.6417 -1.25 0.7874, 3.248 -1.25 0.7874, 3.2567 1.0138 0.7874, 3.6332 1.0138 0.7874, 3.9764 1.4272 0.7874, 3.6332 1.1713 0.7874, 3.2567 1.1713 0.7874, 1.8307 -1.1319 5.0787, 1.4961 -1.1319 5.0787, 1.8307 -1.0925 5.0787, 2.6378 -1.0925 5.0787, 2.6378 -1.0076 5.1325, 2.6378 -1.0003 5.1575, 2.6378 0.1673 5.1575, 2.6378 -1.0138 5.0787, 2.6378 0.1673 4.2126, 2.6378 -1.0092 5.1182, 2.874 -1.0138 5.0787, 2.874 -1.0104 5.1183, 2.6952 -0.8169 5.3106, 2.8164 -0.817 5.3112, 2.816 -0.8125 5.3124, 2.815 -0.7776 5.315, 2.7559 -0.7776 5.315, 2.6963 -0.8035 5.3136, 2.6969 -0.7776 5.315, 2.6777 -0.9219 5.2639, 2.8341 -0.9218 5.2639, 2.8289 -0.9046 5.2779, 2.8205 -0.8597 5.3002, 2.6921 -0.8539 5.3023, 2.8229 -0.8723 5.2939, 2.6889 -0.8722 5.2936, 2.6837 -0.9015 5.2799, 2.8417 -0.9466 5.2438, 2.6714 -0.9433 5.2471, 2.8495 -0.9629 5.2231, 2.6624 -0.9629 5.2231, 2.8563 -0.9772 5.205, 2.6562 -0.9765 5.2065, 2.8681 -0.9925 5.1734, 2.6438 -0.9925 5.1734, 2.874 -1.0003 5.1575, 2.874 -1.0138 4.4882, 2.874 -1.0138 4.2126, 2.874 0.1673 4.2126, 2.874 -1.1319 5.0787, 2.874 -1.0925 5.0, 2.874 0.1673 5.1575, 2.874 -1.0925 4.685, 3.2087 -1.1319 5.0787, 3.2087 -1.0925 5.0, 3.2087 -1.0925 5.0787, 3.2087 -1.0138 4.9213, 3.2087 -1.0925 4.685, 3.2087 -1.0138 4.4882, 4.0157 -1.0138 4.9213, 4.0157 -1.0925 5.0787, 2.6378 1.624 4.3307, 2.6378 1.4272 4.2126, 1.4961 1.624 4.3307, 1.4961 1.4272 4.2126, 2.6378 1.624 3.3465, 2.6378 1.4272 3.3465, 2.874 1.624 3.3465, 2.874 1.4272 3.3465, 2.874 1.4272 4.2126, 2.874 1.624 4.3307, 4.0157 1.624 4.3307, 4.0157 1.4272 4.2126, 4.0157 -1.0076 5.1325, 4.0157 -1.0003 5.1575, 4.0157 0.1673 5.1575, 4.0157 -1.0138 5.0787, 4.0157 -1.0138 4.2126, 4.0157 0.1673 4.2126, 4.0157 -1.0092 5.1182, 1.5665 0.3393 4.3094, 1.5454 0.3285 5.315, 1.5563 0.3203 5.315, 1.5805 0.3059 5.315, 1.6066 0.3057 4.4655, 1.5682 0.3114 5.315, 1.5887 0.316 4.4139, 1.5847 0.3202 4.393, 1.5679 0.3377 4.3055, 1.627 0.2959 5.3147, 1.6517 0.2959 4.5148, 1.6205 0.296 5.315, 1.6466 0.296 4.5142, 1.6075 0.2984 5.315, 1.6402 0.2964 4.512, 1.6333 0.2973 4.5075, 1.6323 0.2975 4.5064, 1.5909 0.3013 5.315, 1.6235 0.2994 4.4971, 1.6089 0.3044 4.4721, 1.5425 0.3809 4.3781, 1.5133 0.3815 5.315, 1.5497 0.3635 4.3575, 1.516 0.3734 5.315, 1.55 0.3631 4.3567, 1.521 0.3634 5.315, 1.5663 0.3395 4.31, 1.5284 0.3487 5.315, 1.536 0.3397 5.315, 1.6332 0.1673 5.314, 1.6337 0.2959 5.3138, 1.6205 0.1673 5.315, 1.6337 0.1673 5.3139, 1.6509 0.1673 5.3092, 1.6523 0.2959 5.3083, 1.6523 0.1673 5.3084, 1.6648 0.1673 5.3015, 1.6689 0.2959 5.2983, 1.6687 0.1673 5.2981, 1.6799 0.1673 5.288, 1.6826 0.2959 5.2846, 1.6823 0.1673 5.2844, 1.6906 0.1673 5.2726, 1.6926 0.2959 5.268, 1.6924 0.1673 5.2679, 1.6982 0.2959 5.2494, 1.6968 0.1673 5.2564, 1.6977 0.1673 5.2494, 1.6993 0.1673 5.2362, 1.6993 0.2959 5.2362, 1.4961 0.1673 5.1575, 2.6969 0.1673 5.315, 2.5133 0.1673 5.315, 2.5002 0.1673 5.3134, 2.4932 0.1673 5.3125, 2.448 0.1673 5.2805, 2.4412 0.1673 5.268, 2.4404 0.1673 5.2666, 2.4356 0.1673 5.2494, 2.4355 0.1673 5.2489, 2.4346 0.1673 5.2362, 2.4346 0.1673 4.502, 1.4961 0.1673 4.2126, 1.6993 0.1673 4.502, 1.437 0.1673 5.315, 2.4816 0.1673 5.3081, 2.477 0.1673 5.3063, 2.4651 0.1673 5.298, 2.4616 0.1673 5.2956, 2.4515 0.1673 5.2844, 1.5315 0.4169 4.4096, 1.5113 0.4945 4.4671, 1.4963 0.5704 4.5101, 1.4815 0.5155 5.315, 1.4929 0.5948 4.5198, 1.4706 0.5919 5.315, 1.5503 1.2372 4.3558, 1.5249 1.1544 4.4282, 1.5223 1.1433 4.4357, 1.5666 1.3484 5.0787, 1.5654 1.3484 5.1181, 1.5638 1.3468 5.1434, 1.5628 1.3449 5.1509, 1.5579 1.3355 5.1883, 1.5559 1.3309 5.1971, 1.5485 1.3134 5.2302, 1.5456 1.306 5.2383, 1.5352 1.2789 5.2682, 1.5329 1.2721 5.2727, 1.522 1.24 5.294, 1.5192 1.2307 5.2974, 1.5091 1.1972 5.3096, 1.5058 1.1844 5.3111, 1.4967 1.1494 5.315, 1.4834 0.9257 4.5468, 1.4913 0.992 4.5242, 1.4972 1.1516 5.315, 1.5052 1.0713 4.4847, 1.4856 0.6468 4.5406, 1.4794 0.7217 4.5582, 1.4621 0.6511 5.315, 1.4774 0.7972 4.5641, 1.4799 1.0704 5.315, 1.4613 0.9346 5.315, 1.4798 0.8707 4.5572, 1.4585 0.8718 5.315, 1.4783 0.8488 4.5613, 1.4551 0.7972 5.315, 1.4552 0.7812 5.315, 1.4961 -1.0003 5.1575, 1.437 -0.7776 5.315, 1.4899 -0.9937 5.174, 1.4383 -0.8171 5.3116, 1.4445 -0.8728 5.2949, 1.4557 -0.9228 5.2651, 1.4711 -0.9639 5.2239, 1.4961 -1.0138 5.0787, 1.4961 -1.0104 5.1183, 4.0748 -0.7776 5.315, 4.0748 0.1673 5.315, 4.0561 -0.9228 5.2651, 4.0673 -0.8728 5.2949, 4.0736 -0.8171 5.3116, 4.0219 -0.9937 5.174, 4.0407 -0.9639 5.2239, 3.0288 0.1673 5.3092, 3.0117 0.1673 5.3139, 3.8781 0.1673 5.3134, 3.8711 0.1673 5.3125, 3.8594 0.1673 5.308, 3.8183 0.1673 5.2666, 3.8135 0.1673 5.2489, 3.8134 0.1673 5.2488, 3.8125 0.1673 5.2362, 3.8125 0.1673 4.502, 3.0772 0.1673 4.502, 3.0772 0.1673 5.2362, 3.0756 0.1673 5.2494, 3.8549 0.1673 5.3063, 3.8428 0.1673 5.2979, 3.8395 0.1673 5.2956, 3.8292 0.1673 5.2841, 3.826 0.1673 5.2805, 3.8189 0.1673 5.2676, 3.0748 0.1673 5.2564, 3.0703 0.1673 5.2679, 3.0685 0.1673 5.2726, 3.0112 0.1673 5.314, 2.9985 0.1673 5.315, 2.815 0.1673 5.315, 3.8913 0.1673 5.315, 3.0603 0.1673 5.2844, 3.0578 0.1673 5.288, 3.0466 0.1673 5.2981, 3.0428 0.1673 5.3015, 3.0303 0.1673 5.3084, 3.8125 0.2959 5.2362, 3.8135 0.2959 5.2488, 3.819 0.2959 5.2675, 3.8289 0.2959 5.2843, 3.8426 0.2959 5.2981, 3.8593 0.2959 5.3082, 3.878 0.2959 5.3138, 3.8849 0.2959 5.3147, 3.8913 0.296 5.315, 3.8988 0.2967 5.315, 3.9043 0.298 5.315, 3.8664 0.296 4.514, 3.9269 0.3035 5.315, 3.9314 0.3058 5.315, 3.8802 0.2976 4.5061, 3.9503 0.3156 5.315, 3.9556 0.3201 5.315, 3.9074 0.3065 4.4617, 3.9721 0.3341 5.315, 3.9761 0.3395 5.315, 3.9288 0.3206 4.3909, 3.9985 0.3815 5.315, 3.9693 0.3809 4.3781, 3.9908 0.3634 5.315, 3.9621 0.3633 4.3573, 3.9619 0.3631 4.3568, 3.9439 0.3377 4.3055, 3.9451 0.3394 4.3088, 3.9868 0.3538 5.315, 3.9276 0.3198 4.3949, 3.8906 0.3 4.4941, 3.9053 0.3056 4.4659, 3.8725 0.2965 4.5115, 3.8796 0.2975 4.5066, 3.8601 0.2959 4.5148, 3.993 0.4635 4.4458, 4.0112 0.546 4.4977, 4.0304 0.6913 4.5525, 4.0412 0.5919 5.315, 4.0341 0.7677 4.5632, 4.0505 0.6597 5.315, 4.0344 0.7972 4.5641, 4.0567 0.7972 5.315, 4.0324 0.8707 4.5583, 4.0028 0.3969 5.315, 4.0319 0.5239 5.315, 4.0189 0.5948 4.5196, 4.0237 0.6259 4.5335, 4.0547 0.8718 5.315, 4.0545 0.8802 5.315, 4.0324 0.8722 4.5582, 4.0408 1.0166 5.315, 4.0262 0.9471 4.5405, 4.0151 1.1494 5.315, 4.0163 1.0192 4.5122, 4.0146 1.1516 5.315, 3.9893 1.1433 4.4351, 4.0019 1.0937 4.471, 3.9799 1.2654 5.2314, 3.968 1.3016 5.2456, 3.9662 1.3061 5.2386, 3.9571 1.3283 5.2048, 3.9559 1.331 5.1973, 3.9501 1.3431 5.1635, 3.9927 1.2308 5.2979, 3.9801 1.2691 5.2761, 3.9789 1.2723 5.2731, 4.007 1.1815 5.3127, 4.0062 1.1845 5.3118, 3.9936 1.2282 5.2994, 3.9491 1.3446 5.151, 3.9465 1.3484 5.1181, 3.9452 1.3484 5.0787, 3.9822 1.1711 4.4149, 3.9616 1.2372 4.3558, 3.6417 -1.4469 0.7874, 3.6047 -1.25 0.8328, 3.6047 -1.4469 0.8328, 3.5574 -1.25 0.8674, 3.5574 -1.4469 0.8674, 3.503 -1.25 0.8891, 3.503 -1.4469 0.8891, 3.4449 -1.25 0.8965, 3.4449 -1.4469 0.8965, 3.3868 -1.25 0.8891, 3.3868 -1.4469 0.8891, 3.3323 -1.25 0.8674, 3.3323 -1.4469 0.8674, 3.2851 -1.25 0.8328, 3.2851 -1.4469 0.8328, 3.248 -1.4469 0.7874, 2.7953 -1.4469 0.4724, 2.7953 -1.25 0.4724, 2.8308 -1.4469 0.474, 2.815 -1.25 0.4727, 2.8308 -1.25 0.474, 2.9233 -1.25 0.4934, 2.9233 -1.4469 0.4934, 3.0158 -1.25 0.5376, 3.0158 -1.4469 0.5376, 3.1309 -1.25 0.6333, 3.1309 -1.4469 0.6333, 2.7165 -1.25 0.4724, 2.6575 -1.25 0.4724, 2.6575 1.624 0.4724, 2.815 1.624 0.4724, 2.7165 -1.4469 0.4724, 2.6566 -1.25 0.4769, 2.6183 -1.4469 0.4846, 2.6183 -1.25 0.4846, 2.5245 -1.4469 0.5211, 2.5245 -1.25 0.5211, 2.4292 -1.4469 0.5871, 2.4292 -1.25 0.5871, 2.3294 -1.4469 0.6933, 2.3294 -1.25 0.6933, 2.2638 -1.4469 0.7874, 2.2267 -1.25 0.8328, 2.2267 -1.4469 0.8328, 2.1795 -1.25 0.8674, 2.1795 -1.4469 0.8674, 2.125 -1.25 0.8891, 2.125 -1.4469 0.8891, 2.0669 -1.25 0.8965, 2.0669 -1.4469 0.8965, 2.0088 -1.25 0.8891, 2.0088 -1.4469 0.8891, 1.9544 -1.25 0.8674, 1.9544 -1.4469 0.8674, 1.9071 -1.25 0.8328, 1.9071 -1.4469 0.8328, 1.8701 -1.4469 0.7874, 4.0157 1.624 3.3465, 4.0157 1.4272 3.3465, 3.9764 1.624 0.7874, 3.9764 1.624 1.7323, 3.9764 1.4272 1.7323, 4.0354 1.624 0.4724, 4.0354 -1.25 0.4724, 4.0346 -1.25 0.4769, 4.0945 -1.25 0.4724, 4.0945 -1.4469 0.4724, 3.9963 -1.4469 0.4846, 3.9963 -1.25 0.4846, 3.9024 -1.4469 0.5211, 3.9024 -1.25 0.5211, 3.8071 -1.4469 0.5871, 3.8071 -1.25 0.5871, 3.7073 -1.4469 0.6933, 3.7073 -1.25 0.6933, 1.4961 1.4272 1.7323, 1.4961 1.624 1.7323, 1.4961 1.624 0.7874, 1.4961 1.4272 3.3465, 1.4961 1.624 3.3465, 1.4173 -1.4469 0.4724, 1.4173 -1.25 0.4724, 1.4529 -1.4469 0.474, 1.5454 -1.4469 0.4934, 1.6378 -1.4469 0.5376, 1.7529 -1.4469 0.6333, 1.437 1.624 0.4724
            ]
        }
        coordIndex [
            0,1,2,-1,2,1,3,-1,2,3,4,-1,4,3,5,-1,4,6,2,-1,2,6,7,-1,6,8,7,-1,7,8,9,-1,10,11,12,-1,12,13,14,-1,14,15,12,-1,12,15,16,-1,12,16,10,-1,17,18,19,-1,19,20,17,-1,17,20,21,-1,17,21,22,-1,22,21,23,-1,22,23,24,-1,24,23,25,-1,24,25,26,-1,26,25,27,-1,26,27,28,-1,28,27,29,-1,28,29,30,-1,30,29,31,-1,30,31,32,-1,32,31,33,-1,32,33,34,-1,34,33,35,-1,34,35,36,-1,35,37,36,-1,36,37,38,-1,36,38,39,-1,40,41,18,-1,18,41,19,-1,42,43,44,-1,44,43,45,-1,44,45,46,-1,46,45,47,-1,46,47,48,-1,44,49,42,-1,42,49,50,-1,42,50,51,-1,51,50,52,-1,50,53,52,-1,52,53,54,-1,52,54,55,-1,55,54,56,-1,55,56,57,-1,56,58,57,-1,57,58,59,-1,57,59,60,-1,60,59,61,-1,60,61,62,-1,62,61,41,-1,62,41,40,-1,63,64,65,-1,65,66,63,-1,63,66,67,-1,63,67,68,-1,68,67,69,-1,68,69,70,-1,71,48,72,-1,72,48,47,-1,72,47,73,-1,73,47,74,-1,73,74,75,-1,75,76,73,-1,73,76,77,-1,73,77,78,-1,78,79,73,-1,73,79,80,-1,73,80,81,-1,81,82,73,-1,73,82,83,-1,73,83,84,-1,84,85,73,-1,73,85,86,-1,73,86,87,-1,88,89,90,-1,87,91,73,-1,73,91,88,-1,73,88,92,-1,92,88,90,-1,69,93,70,-1,70,93,94,-1,70,94,95,-1,95,94,96,-1,88,97,89,-1,89,97,98,-1,89,98,99,-1,99,98,100,-1,99,100,101,-1,101,100,102,-1,101,102,96,-1,96,102,103,-1,96,103,95,-1,104,75,105,-1,105,75,74,-1,106,107,108,-1,108,107,109,-1,110,111,112,-1,112,111,113,-1,112,113,114,-1,114,113,115,-1,114,115,116,-1,107,117,109,-1,109,117,118,-1,109,118,119,-1,119,118,111,-1,119,111,120,-1,120,111,110,-1,121,122,123,-1,123,124,121,-1,121,124,125,-1,121,125,126,-1,126,125,127,-1,126,127,128,-1,128,127,116,-1,128,116,129,-1,129,116,115,-1,130,131,132,-1,132,133,134,-1,130,132,121,-1,121,132,134,-1,121,134,135,-1,135,136,121,-1,121,136,137,-1,121,137,138,-1,138,139,121,-1,121,139,140,-1,121,140,141,-1,141,142,121,-1,121,142,104,-1,121,104,122,-1,122,104,105,-1,122,105,143,-1,143,105,144,-1,143,144,145,-1,145,144,146,-1,147,148,149,-1,149,150,147,-1,147,150,151,-1,147,151,152,-1,152,151,153,-1,152,153,154,-1,154,153,155,-1,154,155,156,-1,156,155,157,-1,156,157,158,-1,158,157,159,-1,158,159,160,-1,160,159,161,-1,160,161,162,-1,162,161,163,-1,162,163,164,-1,164,163,165,-1,164,165,166,-1,165,167,166,-1,166,167,146,-1,166,146,144,-1,168,169,148,-1,148,169,149,-1,170,171,172,-1,172,171,173,-1,172,173,174,-1,174,173,175,-1,174,175,176,-1,172,177,170,-1,170,177,178,-1,170,178,179,-1,179,178,180,-1,178,181,180,-1,180,181,182,-1,180,182,183,-1,183,182,184,-1,183,184,185,-1,184,186,185,-1,185,186,187,-1,185,187,188,-1,188,187,189,-1,188,189,190,-1,190,189,169,-1,190,169,168,-1,191,192,193,-1,194,13,195,-1,195,13,12,-1,195,12,196,-1,197,198,194,-1,194,198,199,-1,194,199,13,-1,12,191,196,-1,196,191,193,-1,196,193,197,-1,197,193,200,-1,197,200,198,-1,198,200,201,-1,198,201,202,-1,202,201,203,-1,202,203,191,-1,191,203,204,-1,191,204,192,-1,205,202,206,-1,206,202,207,-1,207,208,206,-1,206,208,209,-1,208,210,209,-1,209,210,211,-1,210,212,213,-1,214,215,216,-1,217,218,219,-1,219,218,220,-1,219,220,215,-1,215,220,221,-1,215,221,216,-1,216,210,214,-1,214,210,213,-1,214,213,217,-1,217,213,222,-1,217,222,218,-1,218,222,223,-1,218,223,224,-1,224,223,225,-1,224,225,210,-1,210,225,226,-1,210,226,212,-1,227,9,228,-1,228,9,8,-1,227,229,9,-1,9,229,0,-1,9,0,7,-1,7,0,2,-1,1,0,230,-1,230,0,229,-1,231,232,233,-1,1,230,234,-1,3,1,235,-1,235,1,234,-1,235,234,233,-1,233,234,236,-1,233,236,231,-1,234,237,238,-1,239,240,241,-1,241,242,243,-1,239,241,244,-1,244,241,243,-1,244,243,245,-1,246,247,248,-1,240,239,249,-1,249,239,250,-1,249,250,251,-1,251,250,252,-1,251,252,248,-1,248,252,253,-1,248,253,246,-1,247,246,254,-1,254,246,255,-1,254,255,256,-1,256,255,257,-1,256,257,258,-1,258,257,259,-1,258,259,260,-1,259,261,260,-1,260,261,232,-1,260,232,262,-1,262,232,231,-1,262,231,238,-1,238,231,236,-1,238,236,234,-1,263,264,265,-1,237,266,267,-1,237,265,238,-1,238,265,268,-1,238,268,262,-1,237,267,265,-1,265,267,269,-1,265,269,263,-1,270,271,266,-1,266,271,267,-1,270,272,271,-1,271,272,273,-1,271,273,274,-1,274,273,275,-1,276,273,277,-1,277,273,272,-1,278,279,280,-1,280,279,281,-1,282,283,278,-1,278,283,279,-1,282,284,283,-1,283,284,285,-1,286,285,287,-1,287,285,284,-1,288,289,287,-1,287,289,286,-1,290,291,292,-1,276,277,293,-1,294,276,295,-1,295,276,293,-1,295,293,292,-1,292,293,296,-1,292,296,290,-1,297,298,299,-1,300,301,302,-1,302,301,303,-1,302,303,299,-1,299,303,304,-1,299,304,297,-1,297,304,305,-1,306,307,308,-1,308,307,309,-1,308,309,310,-1,310,309,311,-1,311,312,310,-1,310,312,313,-1,310,313,314,-1,314,313,315,-1,314,315,300,-1,300,315,316,-1,300,316,301,-1,317,318,319,-1,319,318,320,-1,319,320,321,-1,321,320,322,-1,321,322,323,-1,323,322,324,-1,323,324,297,-1,297,324,325,-1,297,325,298,-1,326,327,328,-1,328,327,306,-1,328,306,308,-1,326,329,327,-1,327,329,330,-1,327,330,331,-1,330,332,331,-1,331,332,333,-1,331,333,334,-1,333,335,334,-1,334,335,336,-1,334,336,337,-1,336,338,337,-1,337,338,339,-1,337,339,340,-1,340,339,341,-1,340,341,342,-1,342,341,343,-1,343,344,342,-1,342,344,345,-1,342,345,346,-1,330,329,347,-1,348,349,233,-1,233,349,350,-1,233,350,351,-1,352,353,233,-1,233,353,354,-1,233,354,355,-1,355,356,233,-1,233,356,357,-1,233,357,235,-1,235,357,358,-1,235,358,359,-1,359,358,360,-1,359,360,347,-1,347,360,345,-1,347,345,344,-1,339,338,347,-1,347,338,336,-1,347,336,335,-1,335,333,347,-1,347,333,332,-1,347,332,330,-1,329,326,347,-1,347,326,328,-1,347,328,361,-1,351,362,233,-1,233,362,363,-1,233,363,364,-1,364,365,233,-1,233,365,366,-1,233,366,352,-1,344,343,347,-1,347,343,341,-1,347,341,339,-1,318,317,367,-1,367,368,318,-1,318,368,369,-1,318,369,370,-1,370,369,371,-1,370,371,372,-1,373,176,374,-1,374,176,175,-1,374,175,375,-1,375,175,376,-1,375,376,377,-1,377,378,375,-1,375,378,379,-1,375,379,380,-1,380,381,375,-1,375,381,382,-1,375,382,383,-1,383,384,375,-1,375,384,385,-1,375,385,386,-1,386,387,375,-1,375,387,388,-1,375,388,389,-1,390,391,392,-1,389,393,375,-1,375,393,390,-1,375,390,394,-1,394,390,392,-1,371,395,372,-1,372,395,396,-1,372,396,397,-1,397,396,398,-1,390,399,391,-1,391,399,400,-1,391,400,401,-1,401,400,402,-1,401,402,403,-1,403,402,404,-1,403,404,398,-1,398,404,405,-1,398,405,397,-1,347,361,406,-1,406,361,407,-1,406,407,408,-1,408,407,409,-1,410,411,409,-1,409,411,412,-1,409,412,408,-1,4,5,359,-1,413,228,8,-1,413,359,414,-1,414,359,347,-1,414,347,406,-1,413,8,359,-1,359,8,6,-1,359,6,4,-1,415,416,292,-1,417,418,419,-1,292,291,415,-1,415,291,420,-1,415,420,419,-1,419,420,421,-1,419,421,417,-1,422,423,268,-1,424,425,426,-1,427,428,416,-1,416,428,429,-1,416,429,292,-1,292,429,430,-1,292,430,295,-1,295,430,431,-1,295,431,265,-1,265,431,432,-1,265,432,268,-1,268,432,433,-1,268,433,434,-1,435,436,416,-1,416,436,437,-1,416,437,438,-1,438,439,416,-1,416,439,440,-1,416,440,427,-1,434,441,268,-1,268,441,442,-1,268,442,443,-1,423,444,268,-1,268,444,445,-1,268,445,446,-1,435,416,426,-1,426,416,447,-1,426,447,424,-1,443,448,268,-1,268,448,449,-1,268,449,450,-1,450,451,268,-1,268,451,452,-1,268,452,422,-1,430,429,453,-1,453,429,454,-1,454,429,455,-1,455,429,428,-1,455,428,427,-1,427,440,455,-1,455,440,439,-1,455,439,456,-1,439,438,456,-1,456,438,437,-1,456,437,457,-1,437,436,457,-1,457,436,435,-1,457,435,458,-1,458,435,426,-1,458,426,459,-1,426,425,459,-1,459,425,424,-1,459,424,460,-1,460,424,447,-1,460,447,461,-1,462,463,464,-1,465,466,467,-1,468,469,470,-1,471,472,473,-1,474,475,476,-1,476,475,477,-1,476,477,478,-1,479,473,480,-1,480,473,472,-1,480,472,478,-1,478,472,481,-1,478,481,476,-1,471,473,469,-1,469,473,482,-1,469,482,470,-1,467,466,483,-1,468,470,466,-1,466,470,484,-1,466,484,483,-1,464,463,485,-1,465,467,463,-1,463,467,486,-1,463,486,485,-1,462,464,461,-1,461,464,487,-1,461,487,460,-1,475,474,488,-1,488,474,489,-1,490,491,492,-1,492,491,493,-1,492,493,494,-1,494,493,495,-1,494,495,496,-1,474,497,489,-1,489,497,498,-1,489,498,499,-1,499,498,491,-1,499,491,500,-1,500,491,490,-1,495,501,496,-1,496,501,502,-1,496,502,503,-1,503,502,504,-1,503,504,505,-1,505,504,506,-1,505,506,507,-1,508,509,506,-1,506,509,510,-1,506,510,507,-1,511,512,513,-1,513,514,511,-1,511,514,515,-1,511,515,516,-1,517,518,511,-1,511,518,519,-1,511,519,512,-1,508,520,509,-1,509,520,521,-1,509,521,511,-1,511,521,522,-1,511,522,517,-1,516,523,511,-1,511,523,524,-1,511,524,509,-1,509,524,525,-1,509,525,526,-1,526,525,39,-1,526,39,527,-1,527,39,38,-1,220,528,529,-1,529,528,530,-1,529,530,531,-1,531,530,532,-1,531,532,533,-1,533,532,534,-1,533,534,535,-1,535,534,536,-1,535,536,537,-1,537,536,538,-1,537,538,539,-1,539,538,540,-1,539,540,541,-1,541,540,542,-1,541,542,221,-1,221,542,543,-1,544,545,546,-1,546,545,547,-1,547,548,546,-1,546,548,549,-1,546,549,550,-1,550,549,551,-1,550,551,552,-1,552,551,553,-1,552,553,554,-1,554,553,221,-1,554,221,543,-1,555,556,557,-1,558,547,545,-1,544,559,545,-1,545,559,555,-1,545,555,558,-1,558,555,557,-1,555,559,560,-1,560,559,561,-1,560,561,562,-1,562,561,563,-1,562,563,564,-1,564,563,565,-1,564,565,566,-1,566,565,567,-1,566,567,568,-1,568,567,569,-1,568,569,199,-1,199,569,570,-1,570,569,571,-1,570,571,572,-1,572,571,573,-1,572,573,574,-1,574,573,575,-1,574,575,576,-1,576,575,577,-1,576,577,578,-1,578,577,579,-1,578,579,580,-1,580,579,581,-1,580,581,582,-1,582,581,583,-1,582,583,13,-1,13,583,584,-1,585,586,288,-1,288,586,289,-1,587,224,588,-1,588,224,589,-1,224,587,590,-1,590,591,224,-1,224,591,592,-1,224,592,218,-1,592,591,593,-1,593,594,592,-1,592,594,595,-1,592,595,596,-1,596,595,597,-1,596,597,598,-1,598,597,599,-1,598,599,600,-1,600,599,601,-1,600,601,602,-1,602,601,528,-1,602,528,220,-1,603,191,604,-1,604,191,605,-1,281,606,280,-1,280,606,607,-1,608,609,610,-1,610,609,11,-1,11,10,610,-1,610,10,16,-1,610,16,611,-1,611,16,15,-1,611,15,612,-1,612,15,14,-1,612,14,613,-1,613,14,13,-1,613,13,584,-1,12,11,191,-1,191,11,614,-1,191,614,605,-1,
        ]
    }
}
Shape{
    appearance Appearance {
        material  Material 	{
            diffuseColor 0.34901960784313724 0.34901960784313724 0.34901960784313724
            specularColor 0.023529411764705882 0.023529411764705882 0.023529411764705882
            ambientIntensity 0.498
            transparency 0.0
            shininess 0.5
        }
    }
    geometry IndexedFaceSet {
        ccw TRUE
        solid FALSE
        coord DEF co Coordinate {
            point [
                -1.9664 -0.3257 5.7087, -1.9488 -0.334 5.7087, -1.9488 0.0689 5.7087, -2.1321 -0.3134 5.7087, -2.185 0.0689 5.7087, -2.1332 -0.3138 5.7087, -2.185 -0.334 5.7087, -2.0011 -0.3151 5.7087, -2.077 -0.3053 5.7087, -2.067 -0.306 5.7087, -2.0199 -0.3094 5.7087, -1.886 -0.3801 5.8658, -1.8701 -0.3642 5.9055, -1.9047 -0.3631 5.819, -1.8701 0.0689 5.9055, -1.9395 -0.3402 5.732, -2.2638 0.0689 5.9055, -2.2638 -0.3642 5.9055, -2.2479 -0.3801 5.8658, -2.1944 -0.3402 5.7321, -2.2283 -0.3624 5.8168, -2.1331 -0.314 4.6452, -2.1942 -0.3407 4.6457, -1.8197 -0.4948 5.7087, -1.8204 -0.495 4.6457, -1.8172 -0.5045 4.6457, -1.811 -0.561 5.7087, -1.8205 -0.6271 4.6457, -1.8197 -0.6273 5.7087, -1.8118 -0.5814 4.6457, -1.811 -0.561 4.6457, -1.8454 -0.6889 4.6457, -1.8399 -0.6791 5.7087, -1.8445 -0.6876 4.6457, -1.8222 -0.6359 4.6457, -2.1943 -0.7818 4.6457, -2.185 -0.788 5.7087, -2.1835 -0.7888 4.6457, -2.1675 -0.7964 5.7087, -2.133 -0.8079 4.6457, -2.1328 -0.8069 5.7087, -2.1295 -0.8092 4.6457, -2.1139 -0.8126 5.7087, -2.0729 -0.8169 4.6457, -2.0669 -0.816 5.7087, -2.067 -0.8163 4.6457, -2.0568 -0.8168 5.7087, -2.0167 -0.812 4.6457, -2.0018 -0.8086 5.7087, -2.001 -0.8072 4.6457, -2.0007 -0.8082 5.7087, -1.9681 -0.7971 4.6457, -1.9488 -0.788 5.7087, -1.9396 -0.7814 4.6457, -1.9392 -0.7823 5.7328, -1.9202 -0.7707 4.6457, -1.9245 -0.7736 5.7695, -1.8867 -0.7412 4.6457, -1.886 -0.742 5.8658, -1.8774 -0.7329 4.6457, -1.8537 -0.7025 5.7672, -1.8456 -0.6888 5.7328, -2.2884 -0.4332 4.6457, -2.2939 -0.4429 5.7087, -2.2899 -0.4353 4.6457, -2.2984 -0.4518 5.7087, -2.3121 -0.4866 4.6457, -2.3133 -0.4951 5.7087, -2.3136 -0.4949 4.6457, -2.3167 -0.5047 5.7087, -2.3221 -0.5415 4.6457, -2.3228 -0.561 5.7087, -2.3228 -0.561 4.6457, -2.3227 -0.5709 5.7087, -2.3166 -0.6171 4.6457, -2.3145 -0.6263 5.7087, -2.3132 -0.627 4.6457, -2.3141 -0.6273 5.7087, -2.298 -0.671 4.6457, -2.2939 -0.6791 5.7087, -2.2874 -0.6882 4.6457, -2.2882 -0.6888 5.7328, -2.2686 -0.7186 4.6457, -2.2795 -0.7035 5.7695, -2.2468 -0.7409 4.6457, -2.2479 -0.742 5.8658, -2.2296 -0.7586 4.6457, -2.2292 -0.7589 5.819, -2.1944 -0.7819 5.732, -2.2152 -0.3522 4.6457, -2.2473 -0.3808 4.6457, -2.2564 -0.3889 4.6457, -2.2648 -0.3988 5.819, -2.2878 -0.4336 5.732, -2.1347 -0.3143 4.6452, -2.1654 -0.3248 4.6457, -2.0779 -0.3054 4.6441, -2.067 -0.3061 4.6442, -2.0221 -0.309 4.6446, -2.0011 -0.3152 4.645, -1.9395 -0.3402 4.6457, -1.9507 -0.333 4.6457, -1.9685 -0.3248 4.6457, -1.8352 -0.4523 4.6457, -1.8399 -0.4429 5.7087, -1.8465 -0.4338 4.6457, -1.8456 -0.4333 5.7328, -1.8651 -0.4035 4.6457, -1.8543 -0.4186 5.7695, -1.8869 -0.381 4.6457, -1.9039 -0.3634 4.6457, -3.3444 -0.3257 5.7087, -3.3268 -0.334 5.7087, -3.3268 0.0689 5.7087, -3.5101 -0.3134 5.7087, -3.563 0.0689 5.7087, -3.5111 -0.3138 5.7087, -3.563 -0.334 5.7087, -3.379 -0.3151 5.7087, -3.455 -0.3053 5.7087, -3.4449 -0.306 5.7087, -3.3979 -0.3094 5.7087, -3.2639 -0.3801 5.8658, -3.248 -0.3642 5.9055, -3.2826 -0.3631 5.819, -3.248 0.0689 5.9055, -3.3174 -0.3402 5.732, -3.6417 0.0689 5.9055, -3.6417 -0.3642 5.9055, -3.6258 -0.3801 5.8658, -3.5724 -0.3402 5.7321, -3.6063 -0.3624 5.8168, -3.5111 -0.314 4.6452, -3.5721 -0.3407 4.6457, -3.1977 -0.4948 5.7087, -3.1984 -0.495 4.6457, -3.1951 -0.5045 4.6457, -3.189 -0.561 5.7087, -3.1985 -0.6271 4.6457, -3.1977 -0.6273 5.7087, -3.1898 -0.5814 4.6457, -3.189 -0.561 4.6457, -3.2234 -0.6889 4.6457, -3.2179 -0.6791 5.7087, -3.2224 -0.6876 4.6457, -3.2002 -0.6359 4.6457, -3.5723 -0.7818 4.6457, -3.563 -0.788 5.7087, -3.5615 -0.7888 4.6457, -3.5454 -0.7964 5.7087, -3.511 -0.8079 4.6457, -3.5107 -0.8069 5.7087, -3.5075 -0.8092 4.6457, -3.4919 -0.8126 5.7087, -3.4509 -0.8169 4.6457, -3.4448 -0.816 5.7087, -3.4449 -0.8163 4.6457, -3.4348 -0.8168 5.7087, -3.3947 -0.812 4.6457, -3.3797 -0.8086 5.7087, -3.379 -0.8072 4.6457, -3.3786 -0.8082 5.7087, -3.346 -0.7971 4.6457, -3.3268 -0.788 5.7087, -3.3176 -0.7814 4.6457, -3.3171 -0.7823 5.7328, -3.2982 -0.7707 4.6457, -3.3024 -0.7736 5.7695, -3.2646 -0.7412 4.6457, -3.2639 -0.742 5.8658, -3.2553 -0.7329 4.6457, -3.2317 -0.7025 5.7672, -3.2236 -0.6888 5.7328, -3.6664 -0.4332 4.6457, -3.6719 -0.4429 5.7087, -3.6679 -0.4353 4.6457, -3.6763 -0.4518 5.7087, -3.69 -0.4866 4.6457, -3.6913 -0.4951 5.7087, -3.6916 -0.4949 4.6457, -3.6946 -0.5047 5.7087, -3.7001 -0.5415 4.6457, -3.7008 -0.561 5.7087, -3.7008 -0.561 4.6457, -3.7006 -0.5709 5.7087, -3.6946 -0.6171 4.6457, -3.6924 -0.6263 5.7087, -3.6912 -0.627 4.6457, -3.6921 -0.6273 5.7087, -3.676 -0.671 4.6457, -3.6719 -0.6791 5.7087, -3.6653 -0.6882 4.6457, -3.6662 -0.6888 5.7328, -3.6465 -0.7186 4.6457, -3.6575 -0.7035 5.7695, -3.6248 -0.7409 4.6457, -3.6258 -0.742 5.8658, -3.6075 -0.7586 4.6457, -3.6071 -0.7589 5.819, -3.5723 -0.7819 5.732, -3.5931 -0.3522 4.6457, -3.6252 -0.3808 4.6457, -3.6344 -0.3889 4.6457, -3.6428 -0.3988 5.819, -3.6657 -0.4336 5.732, -3.5126 -0.3143 4.6452, -3.5433 -0.3248 4.6457, -3.4559 -0.3054 4.6441, -3.4449 -0.3061 4.6442, -3.4 -0.309 4.6446, -3.3791 -0.3152 4.645, -3.3175 -0.3402 4.6457, -3.3287 -0.333 4.6457, -3.3465 -0.3248 4.6457, -3.2132 -0.4523 4.6457, -3.2179 -0.4429 5.7087, -3.2245 -0.4338 4.6457, -3.2236 -0.4333 5.7328, -3.2431 -0.4035 4.6457, -3.2323 -0.4186 5.7695, -3.2649 -0.381 4.6457, -3.2818 -0.3634 4.6457
            ]
        }
        coordIndex [
            0,1,2,-1,3,4,5,-1,5,4,6,-1,0,2,7,-1,3,8,4,-1,4,8,9,-1,4,9,2,-1,2,9,10,-1,2,10,7,-1,11,12,13,-1,13,12,14,-1,13,14,15,-1,15,14,2,-1,15,2,1,-1,16,17,18,-1,6,4,19,-1,19,4,16,-1,19,16,20,-1,20,16,18,-1,3,5,21,-1,6,19,22,-1,23,24,25,-1,23,25,26,-1,27,28,29,-1,29,28,26,-1,29,26,30,-1,30,26,25,-1,31,32,33,-1,33,32,28,-1,33,28,34,-1,34,28,27,-1,35,36,37,-1,37,36,38,-1,37,38,39,-1,39,38,40,-1,39,40,41,-1,41,40,42,-1,41,42,43,-1,43,42,44,-1,43,44,45,-1,45,44,46,-1,45,46,47,-1,47,46,48,-1,47,48,49,-1,49,48,50,-1,49,50,51,-1,51,50,52,-1,51,52,53,-1,53,52,54,-1,53,54,55,-1,55,54,56,-1,55,56,57,-1,57,56,58,-1,57,58,59,-1,59,58,60,-1,59,60,31,-1,31,60,61,-1,31,61,32,-1,62,63,64,-1,64,63,65,-1,64,65,66,-1,66,65,67,-1,66,67,68,-1,68,67,69,-1,68,69,70,-1,70,69,71,-1,70,71,72,-1,72,71,73,-1,72,73,74,-1,74,73,75,-1,74,75,76,-1,76,75,77,-1,76,77,78,-1,78,77,79,-1,78,79,80,-1,80,79,81,-1,80,81,82,-1,82,81,83,-1,82,83,84,-1,84,83,85,-1,84,85,86,-1,86,85,87,-1,86,87,35,-1,35,87,88,-1,35,88,36,-1,22,19,89,-1,89,19,20,-1,89,20,90,-1,90,20,18,-1,90,18,91,-1,91,18,92,-1,91,92,62,-1,62,92,93,-1,62,93,63,-1,21,5,94,-1,6,22,5,-1,5,22,95,-1,5,95,94,-1,3,21,8,-1,8,21,96,-1,8,96,9,-1,9,96,97,-1,9,97,10,-1,10,97,98,-1,10,98,7,-1,7,98,99,-1,7,99,0,-1,100,1,101,-1,101,1,0,-1,101,0,102,-1,102,0,99,-1,24,23,103,-1,103,23,104,-1,103,104,105,-1,105,104,106,-1,105,106,107,-1,107,106,108,-1,107,108,109,-1,109,108,11,-1,109,11,110,-1,110,11,13,-1,110,13,100,-1,100,13,15,-1,100,15,1,-1,111,112,113,-1,114,115,116,-1,116,115,117,-1,111,113,118,-1,114,119,115,-1,115,119,120,-1,115,120,113,-1,113,120,121,-1,113,121,118,-1,122,123,124,-1,124,123,125,-1,124,125,126,-1,126,125,113,-1,126,113,112,-1,127,128,129,-1,117,115,130,-1,130,115,127,-1,130,127,131,-1,131,127,129,-1,114,116,132,-1,117,130,133,-1,134,135,136,-1,134,136,137,-1,138,139,140,-1,140,139,137,-1,140,137,141,-1,141,137,136,-1,142,143,144,-1,144,143,139,-1,144,139,145,-1,145,139,138,-1,146,147,148,-1,148,147,149,-1,148,149,150,-1,150,149,151,-1,150,151,152,-1,152,151,153,-1,152,153,154,-1,154,153,155,-1,154,155,156,-1,156,155,157,-1,156,157,158,-1,158,157,159,-1,158,159,160,-1,160,159,161,-1,160,161,162,-1,162,161,163,-1,162,163,164,-1,164,163,165,-1,164,165,166,-1,166,165,167,-1,166,167,168,-1,168,167,169,-1,168,169,170,-1,170,169,171,-1,170,171,142,-1,142,171,172,-1,142,172,143,-1,173,174,175,-1,175,174,176,-1,175,176,177,-1,177,176,178,-1,177,178,179,-1,179,178,180,-1,179,180,181,-1,181,180,182,-1,181,182,183,-1,183,182,184,-1,183,184,185,-1,185,184,186,-1,185,186,187,-1,187,186,188,-1,187,188,189,-1,189,188,190,-1,189,190,191,-1,191,190,192,-1,191,192,193,-1,193,192,194,-1,193,194,195,-1,195,194,196,-1,195,196,197,-1,197,196,198,-1,197,198,146,-1,146,198,199,-1,146,199,147,-1,133,130,200,-1,200,130,131,-1,200,131,201,-1,201,131,129,-1,201,129,202,-1,202,129,203,-1,202,203,173,-1,173,203,204,-1,173,204,174,-1,132,116,205,-1,117,133,116,-1,116,133,206,-1,116,206,205,-1,114,132,119,-1,119,132,207,-1,119,207,120,-1,120,207,208,-1,120,208,121,-1,121,208,209,-1,121,209,118,-1,118,209,210,-1,118,210,111,-1,211,112,212,-1,212,112,111,-1,212,111,213,-1,213,111,210,-1,135,134,214,-1,214,134,215,-1,214,215,216,-1,216,215,217,-1,216,217,218,-1,218,217,219,-1,218,219,220,-1,220,219,122,-1,220,122,221,-1,221,122,124,-1,221,124,211,-1,211,124,126,-1,211,126,112,-1,
        ]
    }
}
Shape{
    appearance Appearance {
        material  Material 	{
            diffuseColor 0.6666666666666666 0.6666666666666666 0.6666666666666666
            specularColor 0.4666666666666667 0.4666666666666667 0.4666666666666667
            ambientIntensity 0.6667
            transparency 0.0
            shininess 0.5
        }
    }
    geometry IndexedFaceSet {
        ccw TRUE
        solid FALSE
        coord DEF co Coordinate {
            point [
                -3.2874 -1.25 0.0, -3.2874 -2.0768 0.0, -3.6024 -1.25 0.0, -3.6024 -2.0768 0.0, -3.2874 -2.0768 0.1575, -3.6024 -2.0768 0.1575, -3.2874 -1.25 0.1575, -3.6024 -1.25 0.1575, -3.2874 1.25 0.1575, -3.2874 2.0768 0.1575, -3.6024 1.25 0.1575, -3.6024 2.0768 0.1575, -3.2874 2.0768 0.0, -3.6024 2.0768 0.0, -3.2874 1.25 0.0, -3.6024 1.25 0.0, -1.9094 2.0768 0.0, -1.9094 1.25 0.0, -2.2244 2.0768 0.0, -2.2244 1.25 0.0, -1.9094 2.0768 0.1575, -2.2244 2.0768 0.1575, -1.9094 1.25 0.1575, -2.2244 1.25 0.1575, -1.9094 -1.25 0.0, -1.9094 -2.0768 0.0, -2.2244 -1.25 0.0, -2.2244 -2.0768 0.0, -1.9094 -2.0768 0.1575, -2.2244 -2.0768 0.1575, -1.9094 -1.25 0.1575, -2.2244 -1.25 0.1575
            ]
        }
        coordIndex [
            0,1,2,-1,2,1,3,-1,1,4,3,-1,3,4,5,-1,4,6,5,-1,5,6,7,-1,8,9,10,-1,10,9,11,-1,9,12,11,-1,11,12,13,-1,12,14,13,-1,13,14,15,-1,16,17,18,-1,18,17,19,-1,20,16,21,-1,21,16,18,-1,22,20,23,-1,23,20,21,-1,24,25,26,-1,26,25,27,-1,25,28,27,-1,27,28,29,-1,28,30,29,-1,29,30,31,-1,
        ]
    }
}
Shape{
    appearance Appearance {
        material  Material 	{
            diffuseColor 0.20784313725490197 0.20784313725490197 0.20784313725490197
            specularColor 0.01568627450980392 0.01568627450980392 0.01568627450980392
            ambientIntensity 0.298
            transparency 0.0
            shininess 0.5
        }
    }
    geometry IndexedFaceSet {
        ccw TRUE
        solid FALSE
        coord DEF co Coordinate {
            point [
                -1.5354 -0.3051 4.6432, -1.5354 -0.3248 4.6457, -1.9685 -0.3248 4.6457, -2.0011 -0.3152 4.645, -2.0221 -0.309 4.6446, -2.067 -0.3061 4.6442, -2.1347 -0.3143 4.6452, -2.1654 -0.3248 4.6457, -2.4213 -0.3248 4.6457, -2.0779 -0.3054 4.6441, -2.1331 -0.314 4.6452, -2.4213 -0.3051 4.6436, -2.4213 -0.3101 4.6448, -1.5354 -0.2957 4.6421, -2.4213 -0.283 4.6384, -1.5354 -0.2775 4.6349, -2.4213 -0.2773 4.6354, -1.5354 -0.2685 4.6314, -2.4213 -0.2596 4.6262, -1.5354 -0.2527 4.6201, -2.4213 -0.2526 4.6202, -1.5354 -0.2447 4.6144, -2.4213 -0.238 4.6077, -1.5354 -0.2321 4.5997, -2.4213 -0.2323 4.5997, -1.5354 -0.2262 4.5928, -2.4213 -0.221 4.5839, -1.5354 -0.217 4.5751, -2.4213 -0.2175 4.5749, -1.5354 -0.214 4.5694, -2.4213 -0.2103 4.5566, -1.5354 -0.2087 4.5473, -2.4213 -0.2091 4.5472, -1.5354 -0.2075 4.5422, -2.4213 -0.2067 4.5276, -1.5354 -0.2067 4.5276
            ]
        }
        coordIndex [
            0,1,2,-1,2,3,0,-1,0,3,4,-1,0,4,5,-1,6,7,8,-1,9,10,11,-1,11,10,6,-1,11,6,12,-1,12,6,8,-1,5,9,0,-1,0,9,11,-1,0,11,13,-1,13,11,14,-1,13,14,15,-1,15,14,16,-1,15,16,17,-1,17,16,18,-1,17,18,19,-1,19,18,20,-1,19,20,21,-1,21,20,22,-1,21,22,23,-1,23,22,24,-1,23,24,25,-1,25,24,26,-1,25,26,27,-1,27,26,28,-1,27,28,29,-1,29,28,30,-1,29,30,31,-1,31,30,32,-1,31,32,33,-1,33,32,34,-1,33,34,35,-1,
        ]
    }
}
Shape{
    appearance Appearance {
        material  Material 	{
            diffuseColor 0.34901960784313724 0.34901960784313724 0.34901960784313724
            specularColor 0.023529411764705882 0.023529411764705882 0.023529411764705882
            ambientIntensity 0.498
            transparency 0.0
            shininess 0.5
        }
    }
    geometry IndexedFaceSet {
        ccw TRUE
        solid FALSE
        coord DEF co Coordinate {
            point [
                -1.886 -0.742 5.8658, -1.8701 -0.7579 5.9055, -1.8537 -0.7025 5.7672, -1.5354 -0.7579 5.9055, -1.8456 -0.6888 5.7328, -1.5354 -0.6791 5.7087, -1.8399 -0.6791 5.7087, -1.8399 -0.4429 5.7087, -1.8197 -0.4948 5.7087, -1.5354 -0.4429 5.7087, -1.811 -0.561 5.7087, -1.8197 -0.6273 5.7087, -1.5354 -0.3642 5.9055, -1.8701 -0.3642 5.9055, -1.886 -0.3801 5.8658, -1.8456 -0.4333 5.7328, -1.8543 -0.4186 5.7695, -1.8701 0.0689 5.9055, -1.5354 0.0689 5.9055, -1.5354 0.0689 5.4094, -1.5354 0.1476 5.2835, -2.5984 0.0689 5.4094, -2.5984 0.1476 5.2835, -1.9488 0.0689 5.7087, -2.185 0.0689 5.7087, -2.2638 0.0689 5.9055, -2.5984 0.0689 5.9055, -2.5984 -0.3642 5.9055, -2.2638 -0.3642 5.9055, -2.2479 -0.3801 5.8658, -2.2648 -0.3988 5.819, -2.2878 -0.4336 5.732, -2.5984 -0.4429 5.7087, -2.2939 -0.4429 5.7087, -2.5984 -0.6791 5.7087, -2.2939 -0.6791 5.7087, -2.3141 -0.6273 5.7087, -2.3167 -0.5047 5.7087, -2.3133 -0.4951 5.7087, -2.2984 -0.4518 5.7087, -2.3145 -0.6263 5.7087, -2.3227 -0.5709 5.7087, -2.3228 -0.561 5.7087, -2.5984 -0.7579 5.9055, -2.2638 -0.7579 5.9055, -2.2479 -0.742 5.8658, -2.2882 -0.6888 5.7328, -2.2795 -0.7035 5.7695, -2.2638 -0.9941 5.9055, -2.5984 -0.9941 5.9055, -2.2292 -0.7589 5.819, -2.1944 -0.7819 5.732, -2.185 -0.9941 5.7087, -2.185 -0.788 5.7087, -1.9488 -0.9941 5.7087, -1.9488 -0.788 5.7087, -2.0007 -0.8082 5.7087, -2.1139 -0.8126 5.7087, -2.1328 -0.8069 5.7087, -2.1675 -0.7964 5.7087, -2.0018 -0.8086 5.7087, -2.0568 -0.8168 5.7087, -2.0669 -0.816 5.7087, -1.8701 -0.9941 5.9055, -1.9392 -0.7823 5.7328, -1.9245 -0.7736 5.7695, -1.6142 -0.9941 5.9055, -1.5658 -0.9775 5.9055, -1.5521 -0.9638 5.9055, -1.5824 -0.9874 5.9055, -1.601 -0.993 5.9055, -1.5421 -0.9471 5.9055, -1.5365 -0.9285 5.9055, -1.5354 -0.9154 5.9055, -1.5365 -0.9285 4.6457, -1.5354 -0.9154 4.6457, -1.5421 -0.9471 4.6457, -1.5521 -0.9638 4.6457, -1.5658 -0.9775 4.6457, -1.5824 -0.9874 4.6457, -1.601 -0.993 4.6457, -1.6142 -0.9941 4.6457
            ]
        }
        coordIndex [
            0,1,2,-1,2,1,3,-1,2,3,4,-1,4,3,5,-1,4,5,6,-1,7,8,9,-1,9,8,10,-1,9,10,5,-1,5,10,11,-1,5,11,6,-1,12,13,14,-1,7,9,15,-1,15,9,12,-1,15,12,16,-1,16,12,14,-1,17,13,18,-1,18,13,12,-1,19,20,21,-1,21,20,22,-1,17,18,23,-1,23,18,19,-1,23,19,24,-1,24,19,21,-1,24,21,25,-1,25,21,26,-1,26,27,25,-1,25,27,28,-1,29,28,30,-1,30,28,27,-1,30,27,31,-1,31,27,32,-1,31,32,33,-1,34,35,36,-1,37,38,32,-1,32,38,39,-1,32,39,33,-1,36,40,34,-1,34,40,41,-1,34,41,32,-1,32,41,42,-1,32,42,37,-1,43,44,45,-1,35,34,46,-1,46,34,43,-1,46,43,47,-1,47,43,45,-1,48,44,49,-1,49,44,43,-1,45,44,50,-1,50,44,48,-1,50,48,51,-1,51,48,52,-1,51,52,53,-1,54,55,56,-1,57,58,52,-1,52,58,59,-1,52,59,53,-1,56,60,54,-1,54,60,61,-1,54,61,52,-1,52,61,62,-1,52,62,57,-1,63,1,0,-1,55,54,64,-1,64,54,63,-1,64,63,65,-1,65,63,0,-1,1,63,3,-1,3,63,66,-1,67,68,69,-1,69,68,70,-1,68,71,70,-1,70,71,72,-1,70,72,66,-1,66,72,73,-1,66,73,3,-1,74,75,73,-1,73,72,74,-1,74,72,71,-1,74,71,76,-1,76,71,68,-1,76,68,77,-1,77,68,67,-1,77,67,78,-1,78,67,69,-1,78,69,79,-1,79,69,70,-1,79,70,80,-1,80,70,66,-1,80,66,81,-1,
        ]
    }
}
Shape{
    appearance Appearance {
        material  Material 	{
            diffuseColor 0.20784313725490197 0.20784313725490197 0.20784313725490197
            specularColor 0.01568627450980392 0.01568627450980392 0.01568627450980392
            ambientIntensity 0.298
            transparency 0.0
            shininess 0.5
        }
    }
    geometry IndexedFaceSet {
        ccw TRUE
        solid FALSE
        coord DEF co Coordinate {
            point [
                -1.8869 -0.381 4.6457, -1.9039 -0.3634 4.6457, -1.5354 -0.3248 4.6457, -1.9395 -0.3402 4.6457, -1.9507 -0.333 4.6457, -1.9685 -0.3248 4.6457, -2.2152 -0.3522 4.6457, -2.4213 -0.3248 4.6457, -2.1942 -0.3407 4.6457, -2.1654 -0.3248 4.6457, -2.2473 -0.3808 4.6457, -2.2564 -0.3889 4.6457, -2.2884 -0.4332 4.6457, -2.2899 -0.4353 4.6457, -2.3121 -0.4866 4.6457, -2.3136 -0.4949 4.6457, -2.3166 -0.6171 4.6457, -2.4213 -0.9941 4.6457, -2.3228 -0.561 4.6457, -2.3221 -0.5415 4.6457, -1.8454 -0.6889 4.6457, -1.8445 -0.6876 4.6457, -1.5354 -0.9154 4.6457, -1.8222 -0.6359 4.6457, -1.8352 -0.4523 4.6457, -1.8204 -0.495 4.6457, -1.8172 -0.5045 4.6457, -1.8465 -0.4338 4.6457, -1.8651 -0.4035 4.6457, -2.3132 -0.627 4.6457, -2.298 -0.671 4.6457, -2.2874 -0.6882 4.6457, -2.2686 -0.7186 4.6457, -2.2468 -0.7409 4.6457, -2.2296 -0.7586 4.6457, -2.1943 -0.7818 4.6457, -2.1835 -0.7888 4.6457, -2.133 -0.8079 4.6457, -1.8774 -0.7329 4.6457, -1.601 -0.993 4.6457, -1.8867 -0.7412 4.6457, -1.6142 -0.9941 4.6457, -1.5421 -0.9471 4.6457, -1.5521 -0.9638 4.6457, -2.1295 -0.8092 4.6457, -2.0729 -0.8169 4.6457, -2.067 -0.8163 4.6457, -2.0167 -0.812 4.6457, -2.001 -0.8072 4.6457, -1.9681 -0.7971 4.6457, -1.9396 -0.7814 4.6457, -1.9202 -0.7707 4.6457, -1.5365 -0.9285 4.6457, -1.8205 -0.6271 4.6457, -1.8118 -0.5814 4.6457, -1.811 -0.561 4.6457, -1.5658 -0.9775 4.6457, -1.5824 -0.9874 4.6457, -2.9134 -0.3051 4.6432, -2.9134 -0.3248 4.6457, -3.3465 -0.3248 4.6457, -3.3791 -0.3152 4.645, -3.4 -0.309 4.6446, -3.4449 -0.3061 4.6442, -3.5126 -0.3143 4.6452, -3.5433 -0.3248 4.6457, -3.7992 -0.3248 4.6457, -3.4559 -0.3054 4.6441, -3.5111 -0.314 4.6452, -3.7992 -0.3051 4.6436, -3.7992 -0.3101 4.6448, -2.9134 -0.2957 4.6421, -3.7992 -0.283 4.6384, -2.9134 -0.2775 4.6349, -3.7992 -0.2773 4.6354, -2.9134 -0.2685 4.6314, -3.7992 -0.2596 4.6262, -2.9134 -0.2527 4.6201, -3.7992 -0.2526 4.6202, -2.9134 -0.2447 4.6144, -3.7992 -0.238 4.6077, -2.9134 -0.2321 4.5997, -3.7992 -0.2323 4.5997, -2.9134 -0.2262 4.5928, -3.7992 -0.221 4.5839, -2.9134 -0.217 4.5751, -3.7992 -0.2175 4.5749, -2.9134 -0.214 4.5694, -3.7992 -0.2103 4.5566, -2.9134 -0.2087 4.5473, -3.7992 -0.2091 4.5472, -2.9134 -0.2075 4.5422, -3.7992 -0.2067 4.5276, -2.9134 -0.2067 4.5276
            ]
        }
        coordIndex [
            0,1,2,-1,1,3,2,-1,2,3,4,-1,2,4,5,-1,6,7,8,-1,8,7,9,-1,6,10,7,-1,7,10,11,-1,7,11,12,-1,12,13,7,-1,7,13,14,-1,7,14,15,-1,16,17,18,-1,18,17,7,-1,18,7,19,-1,19,7,15,-1,20,21,22,-1,22,21,23,-1,24,2,25,-1,25,2,26,-1,24,27,2,-1,2,27,28,-1,2,28,0,-1,16,29,17,-1,17,29,30,-1,17,30,31,-1,31,32,17,-1,17,32,33,-1,17,33,34,-1,34,35,17,-1,17,35,36,-1,17,36,37,-1,38,39,40,-1,40,39,41,-1,42,43,38,-1,37,44,17,-1,17,44,45,-1,17,45,41,-1,41,45,46,-1,46,47,41,-1,41,47,48,-1,41,48,49,-1,49,50,41,-1,41,50,51,-1,41,51,40,-1,20,22,38,-1,38,22,52,-1,38,52,42,-1,23,53,22,-1,22,53,54,-1,22,54,2,-1,2,54,55,-1,2,55,26,-1,43,56,38,-1,38,56,57,-1,38,57,39,-1,58,59,60,-1,60,61,58,-1,58,61,62,-1,58,62,63,-1,64,65,66,-1,67,68,69,-1,69,68,64,-1,69,64,70,-1,70,64,66,-1,63,67,58,-1,58,67,69,-1,58,69,71,-1,71,69,72,-1,71,72,73,-1,73,72,74,-1,73,74,75,-1,75,74,76,-1,75,76,77,-1,77,76,78,-1,77,78,79,-1,79,78,80,-1,79,80,81,-1,81,80,82,-1,81,82,83,-1,83,82,84,-1,83,84,85,-1,85,84,86,-1,85,86,87,-1,87,86,88,-1,87,88,89,-1,89,88,90,-1,89,90,91,-1,91,90,92,-1,91,92,93,-1,
        ]
    }
}
Shape{
    appearance Appearance {
        material  Material 	{
            diffuseColor 0.34901960784313724 0.34901960784313724 0.34901960784313724
            specularColor 0.023529411764705882 0.023529411764705882 0.023529411764705882
            ambientIntensity 0.498
            transparency 0.0
            shininess 0.5
        }
    }
    geometry IndexedFaceSet {
        ccw TRUE
        solid FALSE
        coord DEF co Coordinate {
            point [
                -3.2639 -0.742 5.8658, -3.248 -0.7579 5.9055, -3.2317 -0.7025 5.7672, -2.9134 -0.7579 5.9055, -3.2236 -0.6888 5.7328, -2.9134 -0.6791 5.7087, -3.2179 -0.6791 5.7087, -3.2179 -0.4429 5.7087, -3.1977 -0.4948 5.7087, -2.9134 -0.4429 5.7087, -3.189 -0.561 5.7087, -3.1977 -0.6273 5.7087, -2.9134 -0.3642 5.9055, -3.248 -0.3642 5.9055, -3.2639 -0.3801 5.8658, -3.2236 -0.4333 5.7328, -3.2323 -0.4186 5.7695, -3.248 0.0689 5.9055, -2.9134 0.0689 5.9055, -2.9134 0.0689 5.4094, -2.9134 0.1476 5.2835, -3.9764 0.0689 5.4094, -3.9764 0.1476 5.2835, -3.3268 0.0689 5.7087, -3.563 0.0689 5.7087, -3.6417 0.0689 5.9055, -3.9764 0.0689 5.9055, -3.9764 -0.3642 5.9055, -3.6417 -0.3642 5.9055, -3.6258 -0.3801 5.8658, -3.6428 -0.3988 5.819, -3.6657 -0.4336 5.732, -3.9764 -0.4429 5.7087, -3.6719 -0.4429 5.7087, -3.9764 -0.6791 5.7087, -3.6719 -0.6791 5.7087, -3.6921 -0.6273 5.7087, -3.6946 -0.5047 5.7087, -3.6913 -0.4951 5.7087, -3.6763 -0.4518 5.7087, -3.6924 -0.6263 5.7087, -3.7006 -0.5709 5.7087, -3.7008 -0.561 5.7087
            ]
        }
        coordIndex [
            0,1,2,-1,2,1,3,-1,2,3,4,-1,4,3,5,-1,4,5,6,-1,7,8,9,-1,9,8,10,-1,9,10,5,-1,5,10,11,-1,5,11,6,-1,12,13,14,-1,7,9,15,-1,15,9,12,-1,15,12,16,-1,16,12,14,-1,17,13,18,-1,18,13,12,-1,19,20,21,-1,21,20,22,-1,17,18,23,-1,23,18,19,-1,23,19,24,-1,24,19,21,-1,24,21,25,-1,25,21,26,-1,26,27,25,-1,25,27,28,-1,29,28,30,-1,30,28,27,-1,30,27,31,-1,31,27,32,-1,31,32,33,-1,34,35,36,-1,37,38,32,-1,32,38,39,-1,32,39,33,-1,36,40,34,-1,34,40,41,-1,34,41,32,-1,32,41,42,-1,32,42,37,-1,
        ]
    }
}
Shape{
    appearance Appearance {
        material  Material 	{
            diffuseColor 0.20784313725490197 0.20784313725490197 0.20784313725490197
            specularColor 0.01568627450980392 0.01568627450980392 0.01568627450980392
            ambientIntensity 0.298
            transparency 0.0
            shininess 0.5
        }
    }
    geometry IndexedFaceSet {
        ccw TRUE
        solid FALSE
        coord DEF co Coordinate {
            point [
                -3.9764 -0.7579 5.9055, -3.6417 -0.7579 5.9055, -3.6258 -0.742 5.8658, -3.6719 -0.6791 5.7087, -3.9764 -0.6791 5.7087, -3.6662 -0.6888 5.7328, -3.6575 -0.7035 5.7695
            ]
        }
        coordIndex [
            0,1,2,-1,3,4,5,-1,5,4,0,-1,5,0,6,-1,6,0,2,-1,
        ]
    }
}
Shape{
    appearance Appearance {
        material  Material 	{
            diffuseColor 0.34901960784313724 0.34901960784313724 0.34901960784313724
            specularColor 0.023529411764705882 0.023529411764705882 0.023529411764705882
            ambientIntensity 0.498
            transparency 0.0
            shininess 0.5
        }
    }
    geometry IndexedFaceSet {
        ccw TRUE
        solid FALSE
        coord DEF co Coordinate {
            point [
                -3.6417 -0.9941 5.9055, -3.6417 -0.7579 5.9055, -3.9764 -0.9941 5.9055, -3.9764 -0.7579 5.9055, -3.6258 -0.742 5.8658, -3.6071 -0.7589 5.819, -3.5723 -0.7819 5.732, -3.563 -0.9941 5.7087, -3.563 -0.788 5.7087, -3.3268 -0.9941 5.7087, -3.3268 -0.788 5.7087, -3.3786 -0.8082 5.7087, -3.4919 -0.8126 5.7087, -3.5107 -0.8069 5.7087, -3.5454 -0.7964 5.7087, -3.3797 -0.8086 5.7087, -3.4348 -0.8168 5.7087, -3.4448 -0.816 5.7087, -3.248 -0.9941 5.9055, -3.248 -0.7579 5.9055, -3.2639 -0.742 5.8658, -3.3171 -0.7823 5.7328, -3.3024 -0.7736 5.7695, -2.9134 -0.7579 5.9055, -2.9921 -0.9941 5.9055, -2.9134 -0.9154 5.9055, -2.9145 -0.9285 5.9055, -2.9789 -0.993 5.9055, -2.9201 -0.9471 5.9055, -2.93 -0.9638 5.9055, -2.9604 -0.9874 5.9055, -2.9437 -0.9775 5.9055, -2.9145 -0.9285 4.6457, -2.9134 -0.9154 4.6457, -2.9201 -0.9471 4.6457, -2.93 -0.9638 4.6457, -2.9437 -0.9775 4.6457, -2.9604 -0.9874 4.6457, -2.9789 -0.993 4.6457, -2.9921 -0.9941 4.6457
            ]
        }
        coordIndex [
            0,1,2,-1,2,1,3,-1,4,1,5,-1,5,1,0,-1,5,0,6,-1,6,0,7,-1,6,7,8,-1,9,10,11,-1,12,13,7,-1,7,13,14,-1,7,14,8,-1,11,15,9,-1,9,15,16,-1,9,16,7,-1,7,16,17,-1,7,17,12,-1,18,19,20,-1,10,9,21,-1,21,9,18,-1,21,18,22,-1,22,18,20,-1,19,18,23,-1,23,18,24,-1,23,24,25,-1,25,24,26,-1,26,24,27,-1,26,27,28,-1,28,27,29,-1,29,27,30,-1,29,30,31,-1,32,33,25,-1,25,26,32,-1,32,26,28,-1,32,28,34,-1,34,28,29,-1,34,29,35,-1,35,29,31,-1,35,31,36,-1,36,31,30,-1,36,30,37,-1,37,30,27,-1,37,27,38,-1,38,27,24,-1,38,24,39,-1,
        ]
    }
}
Shape{
    appearance Appearance {
        material  Material 	{
            diffuseColor 0.20784313725490197 0.20784313725490197 0.20784313725490197
            specularColor 0.01568627450980392 0.01568627450980392 0.01568627450980392
            ambientIntensity 0.298
            transparency 0.0
            shininess 0.5
        }
    }
    geometry IndexedFaceSet {
        ccw TRUE
        solid FALSE
        coord DEF co Coordinate {
            point [
                -3.2649 -0.381 4.6457, -3.2818 -0.3634 4.6457, -2.9134 -0.3248 4.6457, -3.3175 -0.3402 4.6457, -3.3287 -0.333 4.6457, -3.3465 -0.3248 4.6457, -3.5931 -0.3522 4.6457, -3.7992 -0.3248 4.6457, -3.5721 -0.3407 4.6457, -3.5433 -0.3248 4.6457, -3.6252 -0.3808 4.6457, -3.6344 -0.3889 4.6457, -3.6664 -0.4332 4.6457, -3.6679 -0.4353 4.6457, -3.69 -0.4866 4.6457, -3.6916 -0.4949 4.6457, -3.6946 -0.6171 4.6457, -3.7992 -0.9941 4.6457, -3.7008 -0.561 4.6457, -3.7001 -0.5415 4.6457, -2.9134 -0.9154 4.6457, -3.2224 -0.6876 4.6457, -3.2002 -0.6359 4.6457, -3.2132 -0.4523 4.6457, -3.1984 -0.495 4.6457, -3.1951 -0.5045 4.6457, -3.2245 -0.4338 4.6457, -3.2431 -0.4035 4.6457, -3.6912 -0.627 4.6457, -3.676 -0.671 4.6457, -3.6653 -0.6882 4.6457, -3.6465 -0.7186 4.6457, -3.6248 -0.7409 4.6457, -3.6075 -0.7586 4.6457, -3.5723 -0.7818 4.6457, -3.5615 -0.7888 4.6457, -3.511 -0.8079 4.6457, -2.9145 -0.9285 4.6457, -3.2553 -0.7329 4.6457, -3.2234 -0.6889 4.6457, -3.5075 -0.8092 4.6457, -3.4509 -0.8169 4.6457, -2.9921 -0.9941 4.6457, -3.4449 -0.8163 4.6457, -3.3947 -0.812 4.6457, -3.379 -0.8072 4.6457, -3.346 -0.7971 4.6457, -3.3176 -0.7814 4.6457, -3.1985 -0.6271 4.6457, -3.1898 -0.5814 4.6457, -3.189 -0.561 4.6457, -2.9201 -0.9471 4.6457, -2.93 -0.9638 4.6457, -2.9437 -0.9775 4.6457, -3.2982 -0.7707 4.6457, -3.2646 -0.7412 4.6457, -2.9789 -0.993 4.6457, -2.9604 -0.9874 4.6457
            ]
        }
        coordIndex [
            0,1,2,-1,1,3,2,-1,2,3,4,-1,2,4,5,-1,6,7,8,-1,8,7,9,-1,6,10,7,-1,7,10,11,-1,7,11,12,-1,12,13,7,-1,7,13,14,-1,7,14,15,-1,16,17,18,-1,18,17,7,-1,18,7,19,-1,19,7,15,-1,20,21,22,-1,23,2,24,-1,24,2,25,-1,23,26,2,-1,2,26,27,-1,2,27,0,-1,16,28,17,-1,17,28,29,-1,17,29,30,-1,30,31,17,-1,17,31,32,-1,17,32,33,-1,33,34,17,-1,17,34,35,-1,17,35,36,-1,37,38,20,-1,20,38,39,-1,20,39,21,-1,36,40,17,-1,17,40,41,-1,17,41,42,-1,42,41,43,-1,42,43,44,-1,44,45,42,-1,42,45,46,-1,42,46,47,-1,22,48,20,-1,20,48,49,-1,20,49,2,-1,2,49,50,-1,2,50,25,-1,37,51,38,-1,38,51,52,-1,38,52,53,-1,47,54,42,-1,42,54,55,-1,42,55,56,-1,56,55,38,-1,56,38,57,-1,57,38,53,-1,
        ]
    }
}
Shape{
    appearance Appearance {
        material  Material 	{
            diffuseColor 0.6666666666666666 0.6666666666666666 0.6666666666666666
            specularColor 0.4666666666666667 0.4666666666666667 0.4666666666666667
            ambientIntensity 0.6667
            transparency 0.0
            shininess 0.5
        }
    }
    geometry IndexedFaceSet {
        ccw TRUE
        solid FALSE
        coord DEF co Coordinate {
            point [
                -3.2874 -1.1713 0.2362, -3.6024 -1.1713 0.2362, -3.2874 -1.1732 0.2187, -3.6024 -1.1732 0.2187, -3.2874 -1.1791 0.2021, -3.6024 -1.1791 0.2021, -3.2874 -1.1884 0.1871, -3.6024 -1.1884 0.1871, -3.2874 -1.2009 0.1747, -3.6024 -1.2009 0.1747, -3.2874 -1.2158 0.1653, -3.6024 -1.2158 0.1653, -3.2874 -1.2325 0.1595, -3.6024 -1.2325 0.1595, -3.2874 -1.25 0.1575, -3.6024 -1.25 0.1575, -3.6023 -1.0138 0.6114, -3.6024 -1.0138 0.6114, -3.6023 -1.1713 0.6114, -3.6024 -1.1713 0.6114, -3.6024 -2.0768 0.0, -3.6024 -2.0768 0.1575, -3.6024 -1.25 0.0, -3.6024 -1.1889 0.008, -3.6024 -1.1319 0.0316, -3.6024 -1.083 0.0692, -3.6024 -1.0138 0.2362, -3.6024 -1.0218 0.1751, -3.6024 -1.0454 0.1181, -3.2874 -1.25 0.0, -3.2874 -1.1889 0.008, -3.2874 -1.1319 0.0316, -3.2874 -1.083 0.0692, -3.2874 -1.0454 0.1181, -3.2874 -1.0218 0.1751, -3.2874 -1.0138 0.2362, -3.2874 -2.0768 0.1575, -3.2874 -2.0768 0.0, -3.2874 -1.0138 0.6114, -3.2874 -1.1713 0.6114, -3.2874 1.25 0.1575, -3.6024 1.25 0.1575, -3.2874 1.2325 0.1595, -3.6024 1.2325 0.1595, -3.2874 1.2158 0.1653, -3.6024 1.2158 0.1653, -3.2874 1.2009 0.1747, -3.6024 1.2009 0.1747, -3.2874 1.1884 0.1871, -3.6024 1.1884 0.1871, -3.2874 1.1791 0.2021, -3.6024 1.1791 0.2021, -3.2874 1.1732 0.2187, -3.6024 1.1732 0.2187, -3.2874 1.1713 0.2362, -3.6024 1.1713 0.2362, -3.2874 1.0138 0.2362, -3.6024 1.0138 0.2362, -3.6024 1.0218 0.1751, -3.2874 1.0218 0.1751, -3.6024 1.0454 0.1181, -3.2874 1.0454 0.1181, -3.6024 1.083 0.0692, -3.2874 1.083 0.0692, -3.6024 1.1319 0.0316, -3.2874 1.1319 0.0316, -3.6024 1.1889 0.008, -3.2874 1.1889 0.008, -3.6024 1.25 0.0, -3.2874 1.25 0.0, -3.6024 1.0138 0.6114, -3.6024 1.1713 0.6114, -3.6024 2.0768 0.1575, -3.6024 2.0768 0.0, -3.2874 1.1713 0.6114, -3.2874 1.0138 0.6114, -3.2874 2.0768 0.0, -3.2874 2.0768 0.1575, -1.9094 1.25 0.1575, -2.2244 1.25 0.1575, -1.9094 1.2325 0.1595, -2.2244 1.2325 0.1595, -1.9094 1.2158 0.1653, -2.2244 1.2158 0.1653, -1.9094 1.2009 0.1747, -2.2244 1.2009 0.1747, -1.9094 1.1884 0.1871, -2.2244 1.1884 0.1871, -1.9094 1.1791 0.2021, -2.2244 1.1791 0.2021, -1.9094 1.1732 0.2187, -2.2244 1.1732 0.2187, -1.9094 1.1713 0.2362, -2.2244 1.1713 0.2362, -1.9094 1.1713 0.6114, -1.9094 1.0138 0.6114, -1.9094 1.0138 0.2362, -1.9094 1.0218 0.1751, -1.9094 1.0454 0.1181, -1.9094 1.083 0.0692, -1.9094 2.0768 0.0, -1.9094 2.0768 0.1575, -1.9094 1.25 0.0, -1.9094 1.1889 0.008, -1.9094 1.1319 0.0316, -2.2244 1.0138 0.2362, -2.2244 1.0218 0.1751, -2.2244 1.0454 0.1181, -2.2244 1.083 0.0692, -2.2244 1.1319 0.0316, -2.2244 1.1889 0.008, -2.2244 1.25 0.0, -2.2244 1.0138 0.6114, -2.2244 1.1713 0.6114, -2.2244 2.0768 0.1575, -2.2244 2.0768 0.0, -1.9094 -1.1713 0.2362, -2.2244 -1.1713 0.2362, -1.9094 -1.1732 0.2187, -2.2244 -1.1732 0.2187, -1.9094 -1.1791 0.2021, -2.2244 -1.1791 0.2021, -1.9094 -1.1884 0.1871, -2.2244 -1.1884 0.1871, -1.9094 -1.2009 0.1747, -2.2244 -1.2009 0.1747, -1.9094 -1.2158 0.1653, -2.2244 -1.2158 0.1653, -1.9094 -1.2325 0.1595, -2.2244 -1.2325 0.1595, -1.9094 -1.25 0.1575, -2.2244 -1.25 0.1575, -2.2244 -1.0138 0.6114, -2.2244 -1.0138 0.6114, -2.2244 -1.1713 0.6114, -2.2244 -1.1713 0.6114, -2.2244 -2.0768 0.0, -2.2244 -2.0768 0.1575, -2.2244 -1.25 0.0, -2.2244 -1.1889 0.008, -2.2244 -1.1319 0.0316, -2.2244 -1.083 0.0692, -2.2244 -1.0138 0.2362, -2.2244 -1.0218 0.1751, -2.2244 -1.0454 0.1181, -1.9094 -1.25 0.0, -1.9094 -1.1889 0.008, -1.9094 -1.1319 0.0316, -1.9094 -1.083 0.0692, -1.9094 -1.0454 0.1181, -1.9094 -1.0218 0.1751, -1.9094 -1.0138 0.2362, -1.9094 -2.0768 0.1575, -1.9094 -2.0768 0.0, -1.9094 -1.0138 0.6114, -1.9094 -1.1713 0.6114
            ]
        }
        coordIndex [
            0,1,2,-1,2,1,3,-1,2,3,4,-1,4,3,5,-1,4,5,6,-1,6,5,7,-1,6,7,8,-1,8,7,9,-1,8,9,10,-1,10,9,11,-1,10,11,12,-1,12,11,13,-1,12,13,14,-1,14,13,15,-1,16,17,18,-1,18,17,19,-1,20,21,22,-1,22,21,15,-1,22,15,23,-1,23,15,13,-1,23,13,24,-1,24,13,11,-1,24,11,25,-1,19,17,1,-1,1,17,26,-1,1,26,3,-1,3,26,27,-1,3,27,5,-1,5,27,28,-1,5,28,7,-1,7,28,25,-1,7,25,9,-1,9,25,11,-1,29,22,23,-1,29,23,30,-1,30,23,24,-1,30,24,31,-1,31,24,25,-1,31,25,32,-1,32,25,28,-1,32,28,33,-1,33,28,27,-1,33,27,34,-1,34,27,26,-1,34,26,35,-1,36,37,14,-1,14,37,29,-1,14,29,12,-1,12,29,30,-1,12,30,10,-1,10,30,31,-1,10,31,8,-1,8,31,32,-1,38,39,35,-1,35,39,0,-1,35,0,34,-1,34,0,2,-1,34,2,33,-1,33,2,4,-1,33,4,32,-1,32,4,6,-1,32,6,8,-1,40,41,42,-1,42,41,43,-1,42,43,44,-1,44,43,45,-1,44,45,46,-1,46,45,47,-1,46,47,48,-1,48,47,49,-1,48,49,50,-1,50,49,51,-1,50,51,52,-1,52,51,53,-1,52,53,54,-1,54,53,55,-1,56,57,58,-1,56,58,59,-1,59,58,60,-1,59,60,61,-1,61,60,62,-1,61,62,63,-1,63,62,64,-1,63,64,65,-1,65,64,66,-1,65,66,67,-1,67,66,68,-1,67,68,69,-1,70,71,57,-1,57,71,55,-1,57,55,58,-1,58,55,53,-1,58,53,60,-1,60,53,51,-1,60,51,62,-1,72,73,41,-1,41,73,68,-1,41,68,43,-1,43,68,66,-1,43,66,45,-1,45,66,64,-1,45,64,47,-1,47,64,62,-1,47,62,49,-1,49,62,51,-1,74,75,54,-1,54,75,56,-1,54,56,52,-1,52,56,59,-1,52,59,50,-1,50,59,61,-1,50,61,48,-1,48,61,63,-1,76,77,69,-1,69,77,40,-1,69,40,67,-1,67,40,42,-1,67,42,65,-1,65,42,44,-1,65,44,63,-1,63,44,46,-1,63,46,48,-1,78,79,80,-1,80,79,81,-1,80,81,82,-1,82,81,83,-1,82,83,84,-1,84,83,85,-1,84,85,86,-1,86,85,87,-1,86,87,88,-1,88,87,89,-1,88,89,90,-1,90,89,91,-1,90,91,92,-1,92,91,93,-1,94,95,92,-1,92,95,96,-1,92,96,90,-1,90,96,97,-1,90,97,88,-1,88,97,98,-1,88,98,86,-1,86,98,99,-1,100,101,102,-1,102,101,78,-1,102,78,103,-1,103,78,80,-1,103,80,104,-1,104,80,82,-1,104,82,99,-1,99,82,84,-1,99,84,86,-1,96,105,106,-1,96,106,97,-1,97,106,107,-1,97,107,98,-1,98,107,108,-1,98,108,99,-1,99,108,109,-1,99,109,104,-1,104,109,110,-1,104,110,103,-1,103,110,111,-1,103,111,102,-1,112,113,105,-1,105,113,93,-1,105,93,106,-1,106,93,91,-1,106,91,107,-1,107,91,89,-1,107,89,108,-1,114,115,79,-1,79,115,111,-1,79,111,81,-1,81,111,110,-1,81,110,83,-1,83,110,109,-1,83,109,85,-1,85,109,108,-1,85,108,87,-1,87,108,89,-1,116,117,118,-1,118,117,119,-1,118,119,120,-1,120,119,121,-1,120,121,122,-1,122,121,123,-1,122,123,124,-1,124,123,125,-1,124,125,126,-1,126,125,127,-1,126,127,128,-1,128,127,129,-1,128,129,130,-1,130,129,131,-1,132,133,134,-1,134,133,135,-1,136,137,138,-1,138,137,131,-1,138,131,139,-1,139,131,129,-1,139,129,140,-1,140,129,127,-1,140,127,141,-1,135,133,117,-1,117,133,142,-1,117,142,119,-1,119,142,143,-1,119,143,121,-1,121,143,144,-1,121,144,123,-1,123,144,141,-1,123,141,125,-1,125,141,127,-1,145,138,139,-1,145,139,146,-1,146,139,140,-1,146,140,147,-1,147,140,141,-1,147,141,148,-1,148,141,144,-1,148,144,149,-1,149,144,143,-1,149,143,150,-1,150,143,142,-1,150,142,151,-1,152,153,130,-1,130,153,145,-1,130,145,128,-1,128,145,146,-1,128,146,126,-1,126,146,147,-1,126,147,124,-1,124,147,148,-1,154,155,151,-1,151,155,116,-1,151,116,150,-1,150,116,118,-1,150,118,149,-1,149,118,120,-1,149,120,148,-1,148,120,122,-1,148,122,124,-1,
        ]
    }
}
Shape{
    appearance Appearance {
        material  Material 	{
            diffuseColor 0.20784313725490197 0.20784313725490197 0.20784313725490197
            specularColor 0.01568627450980392 0.01568627450980392 0.01568627450980392
            ambientIntensity 0.298
            transparency 0.0
            shininess 0.5
        }
    }
    geometry IndexedFaceSet {
        ccw TRUE
        solid FALSE
        coord DEF co Coordinate {
            point [
                -2.4213 -0.238 4.6077, -2.4213 -0.2526 4.6202, -2.4213 -0.9941 4.2126, -2.4213 -0.2596 4.6262, -2.4213 -0.2067 4.2126, -2.4213 -0.2067 4.5276, -2.4213 -0.2773 4.6354, -2.4213 -0.283 4.6384, -2.4213 -0.3051 4.6436, -2.4213 -0.2091 4.5472, -2.4213 -0.2103 4.5566, -2.4213 -0.2175 4.5749, -2.4213 -0.221 4.5839, -2.4213 -0.2323 4.5997, -2.4213 -0.3101 4.6448, -2.4213 -0.3248 4.6457, -2.4213 -0.9941 4.6457, -1.5354 -0.2067 4.2126, -1.5354 -0.2067 4.5276
            ]
        }
        coordIndex [
            0,1,2,-1,2,1,3,-1,2,4,5,-1,3,6,2,-1,2,6,7,-1,2,7,8,-1,5,9,2,-1,2,9,10,-1,2,10,11,-1,11,12,2,-1,2,12,13,-1,2,13,0,-1,8,14,2,-1,2,14,15,-1,2,15,16,-1,17,18,4,-1,4,18,5,-1,
        ]
    }
}
Shape{
    appearance Appearance {
        material  Material 	{
            diffuseColor 0.34901960784313724 0.34901960784313724 0.34901960784313724
            specularColor 0.023529411764705882 0.023529411764705882 0.023529411764705882
            ambientIntensity 0.498
            transparency 0.0
            shininess 0.5
        }
    }
    geometry IndexedFaceSet {
        ccw TRUE
        solid FALSE
        coord DEF co Coordinate {
            point [
                -1.5354 0.0689 5.9055, -1.5354 -0.3642 5.9055, -1.5354 0.0689 5.4094, -1.5354 -0.4429 5.7087, -1.5354 0.1476 5.2835, -1.5354 0.1476 4.2126, -1.5354 -0.7579 5.9055, -1.5354 -0.9154 5.9055, -1.5354 -0.6791 5.7087, -1.5354 -0.9154 4.6457, -1.5354 -0.3248 4.6457, -1.5354 -0.3051 4.6432, -1.5354 -0.2957 4.6421, -1.5354 -0.2775 4.6349, -1.5354 -0.2685 4.6314, -1.5354 -0.2527 4.6201, -1.5354 -0.2447 4.6144, -1.5354 -0.214 4.5694, -1.5354 -0.2087 4.5473, -1.5354 -0.2075 4.5422, -1.5354 -0.2067 4.5276, -1.5354 -0.2067 4.2126, -1.5354 -0.2321 4.5997, -1.5354 -0.2262 4.5928, -1.5354 -0.217 4.5751, -2.5984 0.1476 4.2126, -2.5984 0.1476 5.2835, -2.5984 0.0689 5.4094, -2.5984 -0.4429 5.7087, -2.5984 -0.3642 5.9055, -2.5984 0.0689 5.9055, -2.5984 -0.6791 5.7087, -2.5984 -0.9941 4.2126, -2.5984 -0.7579 5.9055, -2.5984 -0.9941 5.9055, -2.4213 -0.9941 4.6457, -2.4213 -0.9941 4.2126, -2.2638 -0.9941 5.9055, -2.185 -0.9941 5.7087, -1.9488 -0.9941 5.7087, -1.6142 -0.9941 4.6457, -1.8701 -0.9941 5.9055, -1.6142 -0.9941 5.9055
            ]
        }
        coordIndex [
            0,1,2,-1,2,1,3,-1,2,3,4,-1,4,3,5,-1,6,7,8,-1,8,7,9,-1,8,9,3,-1,3,9,10,-1,10,11,3,-1,3,11,12,-1,3,12,13,-1,13,14,3,-1,3,14,15,-1,3,15,16,-1,5,17,18,-1,18,19,5,-1,5,19,20,-1,5,20,21,-1,16,22,3,-1,3,22,23,-1,3,23,5,-1,5,23,24,-1,5,24,17,-1,5,25,4,-1,4,25,26,-1,27,26,25,-1,28,29,30,-1,30,27,28,-1,28,27,25,-1,28,25,31,-1,31,25,32,-1,31,32,33,-1,33,32,34,-1,34,32,35,-1,35,32,36,-1,37,34,38,-1,38,34,35,-1,38,35,39,-1,39,35,40,-1,39,40,41,-1,41,40,42,-1,
        ]
    }
}
Shape{
    appearance Appearance {
        material  Material 	{
            diffuseColor 0.20784313725490197 0.20784313725490197 0.20784313725490197
            specularColor 0.01568627450980392 0.01568627450980392 0.01568627450980392
            ambientIntensity 0.298
            transparency 0.0
            shininess 0.5
        }
    }
    geometry IndexedFaceSet {
        ccw TRUE
        solid FALSE
        coord DEF co Coordinate {
            point [
                -2.4346 0.2959 5.2362, -2.4346 0.2959 4.5148, -2.4822 0.2959 4.5148, -2.4512 0.2959 5.2846, -2.4413 0.2959 5.268, -2.4357 0.2959 5.2494, -2.4649 0.2959 5.2983, -2.5069 0.2959 5.3147, -2.5001 0.2959 5.3138, -2.4816 0.2959 5.3083, -1.6004 1.1083 4.2126, -2.5335 1.1083 4.2126, -1.6004 0.3563 4.2126, -2.5335 0.3563 4.2126, -3.0469 0.2959 5.2983, -3.0761 0.2959 5.2494, -3.0606 0.2959 5.2846, -3.0705 0.2959 5.268, -3.0296 0.2959 4.5148, -3.0772 0.2959 4.5148, -3.0049 0.2959 5.3147, -3.0772 0.2959 5.2362, -3.0117 0.2959 5.3138, -3.0302 0.2959 5.3083, -3.9114 1.1083 4.2126, -3.9114 0.3563 4.2126, -2.9783 1.1083 4.2126, -2.9783 0.3563 4.2126, -3.7992 -0.9941 4.2126, -3.7992 -0.2067 4.2126, -3.7992 -0.2067 4.5276, -3.7992 -0.238 4.6077, -3.7992 -0.2526 4.6202, -3.7992 -0.2596 4.6262, -3.7992 -0.2773 4.6354, -3.7992 -0.283 4.6384, -3.7992 -0.3051 4.6436, -3.7992 -0.3101 4.6448, -3.7992 -0.3248 4.6457, -3.7992 -0.9941 4.6457, -3.7992 -0.2091 4.5472, -3.7992 -0.2103 4.5566, -3.7992 -0.2175 4.5749, -3.7992 -0.221 4.5839, -3.7992 -0.2323 4.5997, -2.9134 -0.2067 4.2126, -2.9134 -0.2067 4.5276
            ]
        }
        coordIndex [
            0,1,2,-1,3,4,5,-1,3,5,6,-1,2,7,0,-1,0,7,8,-1,0,8,5,-1,5,8,9,-1,5,9,6,-1,10,11,12,-1,12,11,13,-1,14,15,16,-1,16,15,17,-1,18,19,20,-1,20,19,21,-1,20,21,22,-1,22,21,15,-1,22,15,23,-1,23,15,14,-1,24,25,26,-1,26,25,27,-1,28,29,30,-1,31,32,28,-1,28,32,33,-1,33,34,28,-1,28,34,35,-1,28,35,36,-1,36,37,28,-1,28,37,38,-1,28,38,39,-1,30,40,28,-1,28,40,41,-1,28,41,42,-1,42,43,28,-1,28,43,44,-1,28,44,31,-1,45,46,29,-1,29,46,30,-1,
        ]
    }
}
Shape{
    appearance Appearance {
        material  Material 	{
            diffuseColor 0.34901960784313724 0.34901960784313724 0.34901960784313724
            specularColor 0.023529411764705882 0.023529411764705882 0.023529411764705882
            ambientIntensity 0.498
            transparency 0.0
            shininess 0.5
        }
    }
    geometry IndexedFaceSet {
        ccw TRUE
        solid FALSE
        coord DEF co Coordinate {
            point [
                -2.9134 0.0689 5.9055, -2.9134 -0.3642 5.9055, -2.9134 0.0689 5.4094, -2.9134 -0.4429 5.7087, -2.9134 0.1476 5.2835, -2.9134 0.1476 4.2126, -2.9134 -0.7579 5.9055, -2.9134 -0.9154 5.9055, -2.9134 -0.6791 5.7087, -2.9134 -0.9154 4.6457, -2.9134 -0.3248 4.6457, -2.9134 -0.3051 4.6432, -2.9134 -0.2957 4.6421, -2.9134 -0.2775 4.6349, -2.9134 -0.2685 4.6314, -2.9134 -0.2527 4.6201, -2.9134 -0.2447 4.6144, -2.9134 -0.214 4.5694, -2.9134 -0.2087 4.5473, -2.9134 -0.2075 4.5422, -2.9134 -0.2067 4.5276, -2.9134 -0.2067 4.2126, -2.9134 -0.2321 4.5997, -2.9134 -0.2262 4.5928, -2.9134 -0.217 4.5751, -3.9764 0.1476 4.2126, -3.9764 0.1476 5.2835, -3.9764 0.0689 5.4094, -3.9764 -0.4429 5.7087, -3.9764 -0.3642 5.9055, -3.9764 0.0689 5.9055, -3.9764 -0.6791 5.7087, -3.9764 -0.9941 4.2126, -3.9764 -0.7579 5.9055, -3.9764 -0.9941 5.9055, -3.7992 -0.9941 4.6457, -3.7992 -0.9941 4.2126, -3.6417 -0.9941 5.9055, -3.563 -0.9941 5.7087, -3.3268 -0.9941 5.7087, -2.9921 -0.9941 4.6457, -3.248 -0.9941 5.9055, -2.9921 -0.9941 5.9055
            ]
        }
        coordIndex [
            0,1,2,-1,2,1,3,-1,2,3,4,-1,4,3,5,-1,6,7,8,-1,8,7,9,-1,8,9,3,-1,3,9,10,-1,10,11,3,-1,3,11,12,-1,3,12,13,-1,13,14,3,-1,3,14,15,-1,3,15,16,-1,5,17,18,-1,18,19,5,-1,5,19,20,-1,5,20,21,-1,16,22,3,-1,3,22,23,-1,3,23,5,-1,5,23,24,-1,5,24,17,-1,5,25,4,-1,4,25,26,-1,27,26,25,-1,28,29,30,-1,30,27,28,-1,28,27,25,-1,28,25,31,-1,31,25,32,-1,31,32,33,-1,33,32,34,-1,34,32,35,-1,35,32,36,-1,37,34,38,-1,38,34,35,-1,38,35,39,-1,39,35,40,-1,39,40,41,-1,41,40,42,-1,
        ]
    }
}
Shape{
    appearance Appearance {
        material  Material 	{
            diffuseColor 0.20784313725490197 0.20784313725490197 0.20784313725490197
            specularColor 0.01568627450980392 0.01568627450980392 0.01568627450980392
            ambientIntensity 0.298
            transparency 0.0
            shininess 0.5
        }
    }
    geometry IndexedFaceSet {
        ccw TRUE
        solid FALSE
        coord DEF co Coordinate {
            point [
                -2.5674 0.3393 4.3094, -2.5884 0.3284 5.315, -2.5776 0.3203 5.315, -2.5534 0.3059 5.315, -2.5273 0.3057 4.4655, -2.5654 0.3112 5.315, -2.5452 0.316 4.4139, -2.5492 0.3202 4.393, -2.566 0.3377 4.3055, -2.5069 0.2959 5.3147, -2.4822 0.2959 4.5148, -2.5133 0.296 5.315, -2.4873 0.296 4.5142, -2.5264 0.2984 5.315, -2.4936 0.2964 4.512, -2.5006 0.2973 4.5075, -2.5016 0.2975 4.5064, -2.5429 0.3013 5.315, -2.5104 0.2994 4.4971, -2.525 0.3044 4.4721, -2.5914 0.3809 4.3781, -2.6205 0.3815 5.315, -2.5842 0.3635 4.3575, -2.6182 0.3743 5.315, -2.5839 0.3631 4.3567, -2.6128 0.3635 5.315, -2.5676 0.3395 4.31, -2.6054 0.3485 5.315, -2.5979 0.3397 5.315, -2.6555 0.8488 4.5613, -2.6565 0.7972 4.5641, -2.5335 1.1083 4.2126, -2.5836 1.2372 4.3558, -2.6089 1.1544 4.4282, -2.6024 0.4169 4.4096, -2.5335 0.3563 4.2126, -2.6115 1.1433 4.4357, -2.6287 1.0713 4.4847, -2.6425 0.992 4.5242, -2.6544 0.7217 4.5582, -2.6482 0.6468 4.5406, -2.641 0.5948 4.5198, -2.6376 0.5704 4.5101, -2.6225 0.4945 4.4671, -2.6504 0.9257 4.5468, -2.6541 0.8707 4.5572, -2.8938 0.3738 5.315, -2.8913 0.3815 5.315, -2.9204 0.3809 4.3781, -2.899 0.3635 5.3149, -2.9277 0.3633 4.3573, -2.9279 0.3631 4.3568, -2.9067 0.3482 5.3149, -2.9139 0.3397 5.3149, -2.9447 0.3394 4.3088, -2.9458 0.3377 4.3055, -2.961 0.3206 4.3909, -2.9239 0.328 5.3149, -2.9342 0.3203 5.3149, -2.9823 0.3065 4.4617, -2.9845 0.3056 4.4659, -2.9585 0.3062 5.3149, -2.9622 0.3198 4.3949, -2.9452 0.312 5.3149, -3.0096 0.2976 4.5061, -3.0102 0.2975 4.5066, -2.9855 0.2984 5.315, -2.9991 0.3 4.4941, -2.9701 0.3011 5.3149, -3.0172 0.2965 4.5115, -3.0234 0.296 4.514, -2.9985 0.296 5.315, -3.0296 0.2959 4.5148, -3.0049 0.2959 5.3147, -2.9075 1.1711 4.4149, -2.9282 1.2372 4.3558, -2.9783 1.1083 4.2126, -2.9783 0.3563 4.2126, -2.8553 0.7972 4.5641, -2.8573 0.8707 4.5583, -2.8735 1.0192 4.5122, -2.8879 1.0937 4.471, -2.9005 1.1433 4.4351, -2.8967 0.4635 4.4458, -2.8786 0.546 4.4977, -2.8709 0.5948 4.5196, -2.866 0.6259 4.5335, -2.8594 0.6913 4.5525, -2.8556 0.7677 4.5632, -2.8574 0.8722 4.5582, -2.8636 0.9471 4.5405, -2.7559 1.1516 5.315, -2.6367 1.1516 5.315, -2.6281 1.1844 5.3111, -2.5685 1.3484 5.1181, -2.9433 1.3484 5.1181, -2.57 1.3468 5.1434, -2.9406 1.3446 5.151, -2.571 1.3449 5.1509, -2.576 1.3355 5.1883, -2.9396 1.3431 5.1635, -2.5779 1.3309 5.1971, -2.9339 1.331 5.1973, -2.9326 1.3283 5.2048, -2.5854 1.3134 5.2302, -2.9236 1.3061 5.2386, -2.5882 1.306 5.2383, -2.5986 1.2789 5.2682, -2.9218 1.3016 5.2456, -2.601 1.2721 5.2727, -2.9108 1.2723 5.2731, -2.6119 1.24 5.294, -2.9096 1.2691 5.2761, -2.6147 1.2307 5.2974, -2.8971 1.2308 5.2979, -2.6247 1.1972 5.3096, -2.8962 1.2282 5.2994, -2.8836 1.1845 5.3118, -2.8827 1.1815 5.3127, -2.8751 1.1516 5.315
            ]
        }
        coordIndex [
            0,1,2,-1,3,4,5,-1,5,4,6,-1,5,6,2,-1,2,6,7,-1,2,7,0,-1,0,7,8,-1,9,10,11,-1,11,10,12,-1,11,12,13,-1,13,12,14,-1,14,15,13,-1,13,15,16,-1,13,16,17,-1,17,16,18,-1,17,18,3,-1,3,18,19,-1,3,19,4,-1,20,21,22,-1,22,21,23,-1,22,23,24,-1,24,23,25,-1,24,25,26,-1,26,25,27,-1,26,27,0,-1,0,27,28,-1,0,28,1,-1,29,30,31,-1,31,32,33,-1,31,34,20,-1,8,35,0,-1,0,35,31,-1,0,31,26,-1,33,36,31,-1,31,36,37,-1,31,37,38,-1,30,39,31,-1,31,39,40,-1,31,40,41,-1,41,42,31,-1,31,42,43,-1,31,43,34,-1,20,22,31,-1,31,22,24,-1,31,24,26,-1,38,44,31,-1,31,44,45,-1,31,45,29,-1,46,47,48,-1,46,48,49,-1,48,50,49,-1,49,50,51,-1,49,51,52,-1,52,51,53,-1,54,55,56,-1,51,54,53,-1,53,54,56,-1,53,56,57,-1,57,56,58,-1,59,60,61,-1,56,62,58,-1,58,62,59,-1,58,59,63,-1,63,59,61,-1,64,65,66,-1,60,67,61,-1,61,67,64,-1,61,64,68,-1,68,64,66,-1,65,69,66,-1,66,69,70,-1,66,70,71,-1,71,70,72,-1,71,72,73,-1,74,75,76,-1,77,55,76,-1,76,55,54,-1,76,54,51,-1,78,79,76,-1,80,81,76,-1,76,81,82,-1,76,82,74,-1,51,50,76,-1,76,50,48,-1,76,48,83,-1,83,84,76,-1,76,84,85,-1,76,85,86,-1,86,87,76,-1,76,87,88,-1,76,88,78,-1,79,89,76,-1,76,89,90,-1,76,90,80,-1,91,92,93,-1,94,95,96,-1,96,95,97,-1,96,97,98,-1,98,97,99,-1,99,97,100,-1,99,100,101,-1,100,102,101,-1,101,102,103,-1,101,103,104,-1,104,103,105,-1,104,105,106,-1,106,105,107,-1,107,105,108,-1,107,108,109,-1,109,108,110,-1,109,110,111,-1,111,110,112,-1,111,112,113,-1,113,112,114,-1,113,114,115,-1,115,114,116,-1,115,116,93,-1,116,117,93,-1,93,117,118,-1,93,118,91,-1,91,118,119,-1,
        ]
    }
}
Shape{
    appearance Appearance {
        material  Material 	{
            diffuseColor 0.6666666666666666 0.6666666666666666 0.6666666666666666
            specularColor 0.4666666666666667 0.4666666666666667 0.4666666666666667
            ambientIntensity 0.6667
            transparency 0.0
            shininess 0.5
        }
    }
    geometry IndexedFaceSet {
        ccw TRUE
        solid FALSE
        coord DEF co Coordinate {
            point [
                -3.2874 -1.0138 0.6114, -3.2566 -1.0138 0.7874, -3.2874 -1.1713 0.6114, -3.2566 -1.1713 0.7874, -3.6023 -1.1713 0.6114, -3.6024 -1.1713 0.6114, -3.6024 -1.1713 0.2362, -3.6331 -1.1713 0.7874, -3.2874 -1.1713 0.2362, -3.6331 -1.0138 0.7874, -3.6023 -1.0138 0.6114, -3.6024 -1.0138 0.2362, -3.6024 -1.0138 0.6114, -3.2874 -1.0138 0.2362, -3.6024 1.0138 0.6114, -3.6332 1.0138 0.7874, -3.6024 1.1713 0.6114, -3.6332 1.1713 0.7874, -3.6331 1.1713 0.7874, -3.2566 1.1713 0.7874, -3.2874 1.1713 0.6114, -3.6024 1.1713 0.2362, -3.2874 1.1713 0.2362, -3.2566 1.0138 0.7874, -3.2874 1.0138 0.6114, -3.6331 1.0138 0.7874, -3.6024 1.0138 0.2362, -3.2874 1.0138 0.2362, -2.2244 1.0138 0.6114, -2.2552 1.0138 0.7874, -2.2244 1.1713 0.6114, -2.2552 1.1713 0.7874, -2.2551 1.1713 0.7874, -1.8786 1.1713 0.7874, -1.9094 1.1713 0.6114, -2.2244 1.1713 0.2362, -1.9094 1.1713 0.2362, -1.8786 1.0138 0.7874, -1.9094 1.0138 0.6114, -2.2551 1.0138 0.7874, -2.2244 1.0138 0.2362, -1.9094 1.0138 0.2362, -1.9094 -1.0138 0.6114, -1.8786 -1.0138 0.7874, -1.9094 -1.1713 0.6114, -1.8786 -1.1713 0.7874, -2.2244 -1.1713 0.6114, -2.2244 -1.1713 0.6114, -2.2244 -1.1713 0.2362, -2.2551 -1.1713 0.7874, -1.9094 -1.1713 0.2362, -2.2551 -1.0138 0.7874, -2.2244 -1.0138 0.6114, -2.2244 -1.0138 0.2362, -2.2244 -1.0138 0.6114, -1.9094 -1.0138 0.2362
            ]
        }
        coordIndex [
            0,1,2,-1,2,1,3,-1,4,5,6,-1,3,7,2,-1,2,7,4,-1,2,4,8,-1,8,4,6,-1,9,10,7,-1,7,10,4,-1,10,9,1,-1,11,12,13,-1,13,12,10,-1,13,10,0,-1,0,10,1,-1,14,15,16,-1,16,15,17,-1,18,19,20,-1,17,18,16,-1,16,18,20,-1,16,20,21,-1,21,20,22,-1,23,24,19,-1,19,24,20,-1,25,15,14,-1,26,27,14,-1,14,27,24,-1,14,24,25,-1,25,24,23,-1,28,29,30,-1,30,29,31,-1,32,33,34,-1,31,32,30,-1,30,32,34,-1,30,34,35,-1,35,34,36,-1,37,38,33,-1,33,38,34,-1,39,29,28,-1,40,41,28,-1,28,41,38,-1,28,38,39,-1,39,38,37,-1,42,43,44,-1,44,43,45,-1,46,47,48,-1,45,49,44,-1,44,49,46,-1,44,46,50,-1,50,46,48,-1,51,52,49,-1,49,52,46,-1,52,51,43,-1,53,54,55,-1,55,54,52,-1,55,52,42,-1,42,52,43,-1,
        ]
    }
}
Shape{
    appearance Appearance {
        material  Material 	{
            diffuseColor 0.20784313725490197 0.20784313725490197 0.20784313725490197
            specularColor 0.01568627450980392 0.01568627450980392 0.01568627450980392
            ambientIntensity 0.298
            transparency 0.0
            shininess 0.5
        }
    }
    geometry IndexedFaceSet {
        ccw TRUE
        solid FALSE
        coord DEF co Coordinate {
            point [
                -2.6378 -1.0925 4.685, -2.6378 -1.0925 5.0, -2.3031 -1.0925 4.685, -2.3031 -1.0925 5.0, -2.6378 -1.0138 4.4882, -2.3031 -1.0138 4.4882, -1.8701 -1.25 0.7874, -1.9071 -1.25 0.8328, -2.2638 -1.25 0.7874, -1.9544 -1.25 0.8674, -2.2267 -1.25 0.8328, -2.1795 -1.25 0.8674, -2.125 -1.25 0.8891, -2.0088 -1.25 0.8891, -2.0669 -1.25 0.8965, -2.681 -1.25 0.474, -2.6968 -1.25 0.4727, -2.6378 -1.25 0.7874, -2.3809 -1.25 0.6333, -2.496 -1.25 0.5376, -2.5885 -1.25 0.4934, -2.6378 1.4272 0.7874, -2.6968 1.624 0.4724, -2.6378 1.624 0.7874, -2.8543 1.624 0.4724, -2.9134 1.624 0.7874, -2.6378 1.624 1.7323, -2.9134 1.624 1.7323, -2.9134 1.4272 0.7874, -2.8543 -1.25 0.4724, -2.8552 -1.25 0.4769, -2.9134 -1.25 0.7874, -2.7953 -1.25 0.4724, -3.1824 -1.25 0.6933, -3.248 -1.25 0.7874, -2.8935 -1.25 0.4846, -2.9873 -1.25 0.5211, -3.0826 -1.25 0.5871, -3.6047 -1.25 0.8328, -3.6417 -1.25 0.7874, -3.4449 -1.25 0.8965, -3.503 -1.25 0.8891, -3.3868 -1.25 0.8891, -3.5574 -1.25 0.8674, -3.3323 -1.25 0.8674, -3.2851 -1.25 0.8328, -1.8045 -1.25 0.6933, -1.5354 -1.25 0.7874, -1.4772 -1.25 0.4769, -1.5155 -1.25 0.4846, -1.6094 -1.25 0.5211, -1.7047 -1.25 0.5871, -2.3031 -1.0138 4.9213, -1.4961 -1.0138 4.9213, -1.4961 -1.0138 4.2126, -2.6378 -1.0138 4.2126, -2.6378 -1.0003 5.1575, -2.6378 0.1673 5.1575, -2.6969 0.1673 5.315, -2.6969 -0.7776 5.315, -2.6959 -0.8125 5.3124, -2.6954 -0.817 5.3112, -2.6889 -0.8723 5.2939, -2.6829 -0.9046 5.2779, -2.6777 -0.9218 5.2639, -2.6913 -0.8597 5.3002, -2.6701 -0.9466 5.2438, -2.6624 -0.9629 5.2231, -2.6555 -0.9772 5.205, -2.6438 -0.9925 5.1734, -2.5133 0.296 5.315, -2.5133 0.1673 5.315, -2.5069 0.2959 5.3147, -2.5006 0.1673 5.314, -2.5001 0.2959 5.3138, -2.5001 0.1673 5.3139, -2.483 0.1673 5.3092, -2.4816 0.2959 5.3083, -2.4815 0.1673 5.3084, -2.469 0.1673 5.3015, -2.4649 0.2959 5.2983, -2.4652 0.1673 5.2981, -2.454 0.1673 5.288, -2.4512 0.2959 5.2846, -2.4515 0.1673 5.2844, -2.4433 0.1673 5.2726, -2.4413 0.2959 5.268, -2.4415 0.1673 5.2679, -2.437 0.1673 5.2564, -2.4357 0.2959 5.2494, -2.4362 0.1673 5.2494, -2.4346 0.1673 5.2362, -2.4346 0.2959 5.2362, -2.4346 0.2498 4.5645, -2.4346 0.2647 4.5582, -2.4346 0.2776 4.5485, -2.4346 0.2876 4.5359, -2.4346 0.2942 4.5212, -2.4346 0.2959 4.5148, -2.4346 0.1713 4.5243, -2.4346 0.1677 4.5086, -2.4346 0.1673 4.502, -2.4346 0.1787 4.5387, -2.4346 0.1894 4.5508, -2.4346 0.2027 4.5598, -2.4346 0.2179 4.5653, -2.4346 0.2322 4.5669, -2.4346 0.2339 4.5669, -1.6993 0.1673 4.502, -1.6993 0.2959 4.5148, -1.6993 0.2939 4.521, -1.6993 0.2913 4.529, -1.6993 0.2829 4.5426, -1.6993 0.2872 4.5356, -1.6993 0.2707 4.5544, -1.6993 0.2772 4.5481, -1.6993 0.2436 4.566, -1.6993 0.2498 4.5642, -1.6993 0.2578 4.5618, -1.6993 0.2645 4.5579, -1.6993 0.2339 4.5668, -1.6993 0.2322 4.5669, -1.6993 0.2179 4.5653, -1.6993 0.1677 4.5086, -1.6993 0.1713 4.5243, -1.6993 0.1787 4.5387, -1.6993 0.1894 4.5508, -1.6993 0.2027 4.5598
            ]
        }
        coordIndex [
            0,1,2,-1,2,1,3,-1,4,0,5,-1,5,0,2,-1,6,7,8,-1,8,7,9,-1,10,8,11,-1,11,8,12,-1,9,13,8,-1,8,13,14,-1,8,14,12,-1,15,16,17,-1,17,8,18,-1,18,19,17,-1,17,19,20,-1,17,20,15,-1,17,16,21,-1,21,16,22,-1,21,22,23,-1,22,24,23,-1,23,24,25,-1,23,25,26,-1,26,25,27,-1,28,25,24,-1,24,29,28,-1,28,29,30,-1,28,30,31,-1,30,29,32,-1,33,34,31,-1,31,30,35,-1,35,36,31,-1,31,36,37,-1,31,37,33,-1,38,39,34,-1,40,41,42,-1,42,41,43,-1,42,43,44,-1,38,34,43,-1,43,34,45,-1,43,45,44,-1,46,6,47,-1,47,48,49,-1,49,50,47,-1,47,50,51,-1,47,51,46,-1,52,53,5,-1,5,53,54,-1,5,54,4,-1,4,54,55,-1,56,57,58,-1,58,59,56,-1,56,59,60,-1,56,60,61,-1,62,63,64,-1,61,65,62,-1,62,64,61,-1,61,64,66,-1,61,66,67,-1,67,68,61,-1,61,68,69,-1,61,69,56,-1,70,71,72,-1,72,71,73,-1,72,73,74,-1,73,75,74,-1,74,75,76,-1,74,76,77,-1,76,78,77,-1,77,78,79,-1,77,79,80,-1,79,81,80,-1,80,81,82,-1,80,82,83,-1,82,84,83,-1,83,84,85,-1,83,85,86,-1,85,87,86,-1,86,87,88,-1,86,88,89,-1,88,90,89,-1,89,90,91,-1,89,91,92,-1,93,94,92,-1,92,94,95,-1,95,96,92,-1,92,96,97,-1,92,97,98,-1,99,91,100,-1,100,91,101,-1,99,102,91,-1,91,102,103,-1,91,103,104,-1,104,105,91,-1,91,105,106,-1,91,106,92,-1,92,106,107,-1,92,107,93,-1,100,101,108,-1,109,98,110,-1,110,98,97,-1,110,97,111,-1,111,97,96,-1,95,112,96,-1,96,112,113,-1,96,113,111,-1,94,114,95,-1,95,114,115,-1,95,115,112,-1,116,117,93,-1,93,117,118,-1,93,118,94,-1,94,118,119,-1,94,119,114,-1,116,93,120,-1,120,93,107,-1,120,107,121,-1,121,107,106,-1,121,106,122,-1,108,123,100,-1,100,123,124,-1,100,124,99,-1,99,124,125,-1,99,125,102,-1,102,125,126,-1,102,126,103,-1,103,126,127,-1,103,127,104,-1,104,127,122,-1,104,122,105,-1,105,122,106,-1,
        ]
    }
}
Shape{
    appearance Appearance {
        material  Material 	{
            diffuseColor 0.34901960784313724 0.34901960784313724 0.34901960784313724
            specularColor 0.023529411764705882 0.023529411764705882 0.023529411764705882
            ambientIntensity 0.498
            transparency 0.0
            shininess 0.5
        }
    }
    geometry IndexedFaceSet {
        ccw TRUE
        solid FALSE
        coord DEF co Coordinate {
            point [
                -1.5354 -0.2067 4.2126, -1.4961 -1.0138 4.2126, -1.4961 0.1673 4.2126, -2.4213 -0.2067 4.2126, -2.4213 -0.9941 4.2126, -2.6378 -1.0138 4.2126, -2.5984 -0.9941 4.2126, -2.6378 0.1673 4.2126, -2.5984 0.1476 4.2126, -1.5354 0.1476 4.2126
            ]
        }
        coordIndex [
            0,1,2,-1,0,3,1,-1,1,3,4,-1,1,4,5,-1,5,4,6,-1,5,6,7,-1,7,6,8,-1,7,8,2,-1,2,8,9,-1,2,9,0,-1,
        ]
    }
}
Shape{
    appearance Appearance {
        material  Material 	{
            diffuseColor 0.20784313725490197 0.20784313725490197 0.20784313725490197
            specularColor 0.01568627450980392 0.01568627450980392 0.01568627450980392
            ambientIntensity 0.298
            transparency 0.0
            shininess 0.5
        }
    }
    geometry IndexedFaceSet {
        ccw TRUE
        solid FALSE
        coord DEF co Coordinate {
            point [
                -1.6993 0.2959 4.5148, -1.6993 0.2939 4.521, -1.6993 0.2959 5.2362, -1.6993 0.2913 4.529, -1.6993 0.2872 4.5356, -1.6993 0.2179 4.5653, -1.6993 0.2027 4.5598, -1.6993 0.1673 5.2362, -1.6993 0.1894 4.5508, -1.6993 0.1787 4.5387, -1.6993 0.1713 4.5243, -1.6993 0.1677 4.5086, -1.6993 0.1673 4.502, -1.6993 0.2829 4.5426, -1.6993 0.2772 4.5481, -1.6993 0.2707 4.5544, -1.6993 0.2645 4.5579, -1.6993 0.2578 4.5618, -1.6993 0.2498 4.5642, -1.6993 0.2436 4.566, -1.6993 0.2339 4.5668, -1.6993 0.2322 4.5669, -1.6517 0.2959 4.5148, -1.627 0.2959 5.3147, -1.6338 0.2959 5.3138, -1.6983 0.2959 5.2488, -1.6928 0.2959 5.2675, -1.6525 0.2959 5.3082, -1.6829 0.2959 5.2843, -1.6692 0.2959 5.2981, -1.6004 0.3563 4.2126, -2.5335 0.3563 4.2126, -2.566 0.3377 4.3055, -2.5492 0.3202 4.393, -2.5452 0.316 4.4139, -2.5273 0.3057 4.4655, -2.5016 0.2975 4.5064, -1.6065 0.3056 4.4659, -1.6044 0.3065 4.4617, -2.525 0.3044 4.4721, -2.5104 0.2994 4.4971, -1.6322 0.2975 4.5066, -1.6316 0.2976 4.5061, -1.6212 0.3 4.4941, -1.5679 0.3377 4.3055, -1.583 0.3206 4.3909, -1.5842 0.3198 4.3949, -2.4822 0.2959 4.5148, -2.4346 0.2959 4.5148, -1.6393 0.2965 4.5115, -1.6454 0.296 4.514, -2.4873 0.296 4.5142, -2.5006 0.2973 4.5075, -2.4936 0.2964 4.512, -1.5296 1.1711 4.4149, -1.5503 1.2372 4.3558, -1.6004 1.1083 4.2126, -1.5667 0.3394 4.3088, -1.5499 0.3631 4.3568, -1.4774 0.7972 4.5641, -1.4794 0.8707 4.5583, -1.4955 1.0192 4.5122, -1.51 1.0937 4.471, -1.5225 1.1433 4.4351, -1.5498 0.3633 4.3573, -1.5425 0.3809 4.3781, -1.5188 0.4635 4.4458, -1.5006 0.546 4.4977, -1.493 0.5948 4.5196, -1.4881 0.6259 4.5335, -1.4814 0.6913 4.5525, -1.4777 0.7677 4.5632, -1.4794 0.8722 4.5582, -1.4856 0.9471 4.5405, -1.5959 1.3682 4.5014, -1.5875 1.3532 4.4847, -1.6054 1.3851 4.5202, -1.6099 1.3894 4.5249, -1.6266 1.4052 4.5426, -1.6289 1.4065 4.544, -1.6489 1.418 4.5567, -1.6515 1.4188 4.5576, -2.4781 1.4206 4.5596, -2.4823 1.4187 4.5575, -2.5388 1.3686 4.5019, -1.6686 1.4244 4.5638, -1.6765 1.4255 4.565, -1.6874 1.427 4.5667, -2.4574 1.4257 4.5653, -2.5335 1.1083 4.2126, -2.4394 1.4272 4.5669, -1.6945 1.4272 4.5669, -2.5836 1.2372 4.3558, -2.5464 1.3532 4.4847, -2.4592 1.4255 4.5651, -2.4966 1.4121 4.5502, -2.5047 1.4062 4.5436, -2.5182 1.3963 4.5326, -2.524 1.3894 4.5249, -2.5353 1.3757 4.5098, -3.8601 0.2959 4.5148, -3.8125 0.2959 4.5148, -3.8796 0.2975 4.5064, -3.0096 0.2976 4.5061, -3.9114 0.3563 4.2126, -3.0102 0.2975 4.5066, -3.9439 0.3377 4.3055, -3.9271 0.3202 4.393, -2.9991 0.3 4.4941, -2.9845 0.3056 4.4659, -2.9823 0.3065 4.4617, -3.9231 0.316 4.4139, -3.9052 0.3057 4.4655, -3.9029 0.3044 4.4721, -3.0234 0.296 4.514, -3.0172 0.2965 4.5115, -3.0296 0.2959 4.5148, -3.0772 0.2959 4.5148, -2.9458 0.3377 4.3055, -2.9783 0.3563 4.2126, -2.961 0.3206 4.3909, -2.9622 0.3198 4.3949, -3.8883 0.2994 4.4971, -3.8652 0.296 4.5142, -3.8785 0.2973 4.5075, -3.8716 0.2964 4.512, -3.8137 0.2959 5.2494, -3.8125 0.2959 5.2362, -3.8781 0.2959 5.3138, -3.8849 0.2959 5.3147, -3.8595 0.2959 5.3083, -3.8429 0.2959 5.2983, -3.8292 0.2959 5.2846, -3.8192 0.2959 5.268, -3.8125 0.2647 4.5582, -3.8125 0.2776 4.5485, -3.8125 0.2498 4.5645, -3.8125 0.2876 4.5359, -3.8125 0.2942 4.5212, -3.8125 0.1713 4.5243, -3.8125 0.1673 5.2362, -3.8125 0.1677 4.5086, -3.8125 0.1673 4.502, -3.8125 0.1787 4.5387, -3.8125 0.1894 4.5508, -3.8125 0.2027 4.5598, -3.8125 0.2179 4.5653, -3.8125 0.2322 4.5669, -3.8125 0.2339 4.5669, -3.0772 0.1673 4.502, -3.0772 0.2939 4.521, -3.0772 0.2913 4.529, -3.0772 0.2829 4.5426, -3.0772 0.2872 4.5356, -3.0772 0.2707 4.5544, -3.0772 0.2772 4.5481, -3.0772 0.2436 4.566, -3.0772 0.2498 4.5642, -3.0772 0.2578 4.5618, -3.0772 0.2645 4.5579, -3.0772 0.2339 4.5668, -3.0772 0.2322 4.5669, -3.0772 0.2179 4.5653, -3.0772 0.1677 4.5086, -3.0772 0.1713 4.5243, -3.0772 0.1787 4.5387, -3.0772 0.1894 4.5508, -3.0772 0.2027 4.5598, -3.0772 0.1673 5.2362, -3.0772 0.2959 5.2362, -3.0763 0.1673 5.2489, -3.0761 0.2959 5.2494, -3.0762 0.1673 5.2494, -3.0715 0.1673 5.2666, -3.0705 0.2959 5.268, -3.0706 0.1673 5.268, -3.0638 0.1673 5.2805, -3.0606 0.2959 5.2846, -3.0603 0.1673 5.2844, -3.0502 0.1673 5.2956, -3.0469 0.2959 5.2983, -3.0467 0.1673 5.298, -3.0348 0.1673 5.3063, -3.0302 0.2959 5.3083, -3.0302 0.1673 5.3081, -3.0117 0.2959 5.3138, -2.9985 0.296 5.315, -3.0049 0.2959 5.3147, -2.9985 0.1828 5.315, -2.9985 0.1697 5.315, -3.0186 0.1673 5.3125, -3.0116 0.1673 5.3134, -2.9985 0.1673 5.315, -2.8938 0.3738 5.315, -2.899 0.3635 5.3149, -2.6969 0.1673 5.315, -2.6969 -0.7776 5.315, -2.7559 -0.7776 5.315, -2.815 0.1673 5.315, -2.815 -0.7776 5.315, -2.9855 0.2984 5.315, -2.9701 0.3011 5.3149, -2.6726 0.9346 5.315, -2.6539 1.0704 5.315, -2.849 1.0166 5.315, -2.5133 0.296 5.315, -2.5264 0.2984 5.315, -2.5133 0.1673 5.315, -2.5429 0.3013 5.315, -2.5534 0.3059 5.315, -2.5654 0.3112 5.315, -2.5776 0.3203 5.315, -2.5884 0.3284 5.315, -2.6128 0.3635 5.315, -2.6054 0.3485 5.315, -2.5979 0.3397 5.315, -2.6371 1.1494 5.315, -2.6367 1.1516 5.315, -2.7559 1.1516 5.315, -2.9585 0.3062 5.3149, -2.9452 0.312 5.3149, -2.9342 0.3203 5.3149, -2.9067 0.3482 5.3149, -2.9139 0.3397 5.3149, -2.9239 0.328 5.3149, -2.6754 0.8718 5.315, -2.6182 0.3743 5.315, -2.6205 0.3815 5.315, -2.8913 0.3815 5.315, -2.887 0.3969 5.315, -2.8747 1.1494 5.315, -2.8751 1.1516 5.315, -2.833 0.7972 5.315, -2.6788 0.7972 5.315, -2.8351 0.8718 5.315, -2.8353 0.8802 5.315, -2.8579 0.5239 5.315, -2.6524 0.5155 5.315, -2.8486 0.5919 5.315, -2.6633 0.5919 5.315, -2.8392 0.6597 5.315, -2.6718 0.6511 5.315, -2.6787 0.7812 5.315, -2.8197 -0.8539 5.3023, -2.8166 -0.8169 5.3106, -2.874 0.1673 5.1575, -2.874 -1.0003 5.1575, -2.868 -0.9925 5.1734, -2.8556 -0.9765 5.2065, -2.8494 -0.9629 5.2231, -2.8404 -0.9433 5.2471, -2.8341 -0.9219 5.2639, -2.8281 -0.9015 5.2799, -2.823 -0.8722 5.2936, -2.8155 -0.8035 5.3136, -3.0046 1.4052 4.5426, -3.0069 1.4065 4.544, -2.9783 1.1083 4.2126, -3.027 1.418 4.5568, -3.0294 1.4188 4.5577, -3.0467 1.4244 4.5639, -2.9738 1.3682 4.5014, -2.9654 1.3532 4.4847, -2.9282 1.2372 4.3558, -2.9833 1.3851 4.5202, -2.9878 1.3894 4.5249, -3.8602 1.4187 4.5575, -3.8746 1.4121 4.5502, -3.8826 1.4062 4.5436, -3.0544 1.4255 4.565, -3.0655 1.427 4.5667, -3.0724 1.4272 4.5669, -3.9616 1.2372 4.3558, -3.9114 1.1083 4.2126, -3.9243 1.3532 4.4847, -3.9167 1.3686 4.5019, -3.8354 1.4257 4.5653, -3.856 1.4206 4.5596, -3.8371 1.4255 4.5651, -3.8962 1.3963 4.5326, -3.9019 1.3894 4.5249, -3.8173 1.4272 4.5669, -3.9132 1.3757 4.5098, -3.9453 0.3393 4.3094, -4.0335 0.8488 4.5613, -4.0344 0.7972 4.5641, -3.9869 1.1544 4.4282, -3.9895 1.1433 4.4357, -4.0066 1.0713 4.4847, -4.0205 0.992 4.5242, -4.0284 0.9257 4.5468, -4.032 0.8707 4.5572, -4.0324 0.7217 4.5582, -4.0262 0.6468 4.5406, -4.019 0.5948 4.5198, -4.0155 0.5704 4.5101, -4.0005 0.4945 4.4671, -3.9804 0.4169 4.4096, -3.9693 0.3809 4.3781, -3.9621 0.3635 4.3575, -3.9618 0.3631 4.3567, -3.9455 0.3395 4.31
            ]
        }
        coordIndex [
            0,1,2,-1,2,1,3,-1,2,3,4,-1,5,6,7,-1,7,6,8,-1,7,8,9,-1,9,10,7,-1,7,10,11,-1,7,11,12,-1,4,13,2,-1,2,13,14,-1,2,14,15,-1,15,16,2,-1,2,16,17,-1,2,17,18,-1,18,19,2,-1,2,19,20,-1,2,20,7,-1,7,20,21,-1,7,21,5,-1,22,0,23,-1,23,0,2,-1,23,2,24,-1,2,25,24,-1,24,25,26,-1,24,26,27,-1,27,26,28,-1,27,28,29,-1,30,31,32,-1,32,33,30,-1,30,33,34,-1,30,34,35,-1,36,37,38,-1,35,39,30,-1,30,39,40,-1,30,40,36,-1,41,42,36,-1,36,42,43,-1,36,43,37,-1,44,30,45,-1,45,30,36,-1,45,36,46,-1,46,36,38,-1,47,48,36,-1,36,48,0,-1,36,0,41,-1,41,0,22,-1,41,22,49,-1,49,22,50,-1,47,36,51,-1,51,36,52,-1,51,52,53,-1,54,55,56,-1,30,44,56,-1,56,44,57,-1,56,57,58,-1,59,60,56,-1,61,62,56,-1,56,62,63,-1,56,63,54,-1,58,64,56,-1,56,64,65,-1,56,65,66,-1,66,67,56,-1,56,67,68,-1,56,68,69,-1,69,70,56,-1,56,70,71,-1,56,71,59,-1,60,72,56,-1,56,72,73,-1,56,73,61,-1,74,56,75,-1,75,56,55,-1,74,76,56,-1,56,76,77,-1,56,77,78,-1,78,79,56,-1,56,79,80,-1,56,80,81,-1,82,83,84,-1,81,85,56,-1,56,85,86,-1,56,86,87,-1,88,89,90,-1,90,89,56,-1,90,56,91,-1,91,56,87,-1,92,89,93,-1,93,89,88,-1,93,88,84,-1,84,88,94,-1,84,94,82,-1,83,95,96,-1,96,97,98,-1,83,96,84,-1,84,96,98,-1,84,98,99,-1,100,101,102,-1,103,104,105,-1,105,104,106,-1,105,106,107,-1,103,108,104,-1,104,108,109,-1,104,109,110,-1,107,111,105,-1,105,111,112,-1,105,112,113,-1,114,115,116,-1,116,115,105,-1,116,105,117,-1,118,119,120,-1,120,119,104,-1,120,104,121,-1,121,104,110,-1,101,117,102,-1,102,117,105,-1,102,105,122,-1,122,105,113,-1,100,102,123,-1,123,102,124,-1,123,124,125,-1,126,127,128,-1,101,100,127,-1,127,100,129,-1,127,129,128,-1,130,131,132,-1,130,132,128,-1,128,132,133,-1,128,133,126,-1,134,135,127,-1,134,127,136,-1,135,137,127,-1,127,137,138,-1,127,138,101,-1,139,140,141,-1,141,140,142,-1,139,143,140,-1,140,143,144,-1,140,144,145,-1,145,146,140,-1,140,146,147,-1,140,147,127,-1,127,147,148,-1,127,148,136,-1,141,142,149,-1,117,101,150,-1,150,101,138,-1,150,138,151,-1,151,138,137,-1,135,152,137,-1,137,152,153,-1,137,153,151,-1,134,154,135,-1,135,154,155,-1,135,155,152,-1,156,157,136,-1,136,157,158,-1,136,158,134,-1,134,158,159,-1,134,159,154,-1,156,136,160,-1,160,136,148,-1,160,148,161,-1,161,148,147,-1,161,147,162,-1,149,163,141,-1,141,163,164,-1,141,164,139,-1,139,164,165,-1,139,165,143,-1,143,165,166,-1,143,166,144,-1,144,166,167,-1,144,167,145,-1,145,167,162,-1,145,162,146,-1,146,162,147,-1,162,167,168,-1,117,150,169,-1,169,150,151,-1,169,151,153,-1,149,168,163,-1,163,168,164,-1,153,152,169,-1,169,152,155,-1,169,155,154,-1,167,166,168,-1,168,166,165,-1,168,165,164,-1,154,159,169,-1,169,159,158,-1,169,158,157,-1,157,156,169,-1,169,156,160,-1,169,160,168,-1,168,160,161,-1,168,161,162,-1,168,170,169,-1,169,170,171,-1,170,172,171,-1,171,172,173,-1,171,173,174,-1,173,175,174,-1,174,175,176,-1,174,176,177,-1,176,178,177,-1,177,178,179,-1,177,179,180,-1,179,181,180,-1,180,181,182,-1,180,182,183,-1,183,182,184,-1,183,184,185,-1,186,187,188,-1,188,187,189,-1,184,190,185,-1,185,190,191,-1,185,191,187,-1,187,191,192,-1,187,192,189,-1,193,194,195,-1,196,195,197,-1,197,195,198,-1,197,198,199,-1,186,188,200,-1,200,188,201,-1,202,203,204,-1,205,206,207,-1,207,206,208,-1,207,208,195,-1,195,208,209,-1,209,210,195,-1,195,210,211,-1,195,211,212,-1,213,193,214,-1,214,193,195,-1,214,195,215,-1,215,195,212,-1,216,217,218,-1,188,189,201,-1,201,189,192,-1,201,192,219,-1,219,192,198,-1,219,198,220,-1,220,198,221,-1,194,222,195,-1,195,222,223,-1,195,223,198,-1,198,223,224,-1,198,224,221,-1,202,204,225,-1,213,226,193,-1,193,226,227,-1,193,227,228,-1,228,227,229,-1,203,216,204,-1,204,216,218,-1,204,218,230,-1,230,218,231,-1,232,233,234,-1,234,233,225,-1,234,225,235,-1,235,225,204,-1,229,227,236,-1,236,227,237,-1,236,237,238,-1,238,237,239,-1,238,239,240,-1,240,239,241,-1,240,241,232,-1,232,241,242,-1,232,242,233,-1,243,244,245,-1,246,247,245,-1,245,247,248,-1,248,249,245,-1,245,249,250,-1,245,250,251,-1,251,252,245,-1,245,252,253,-1,245,253,243,-1,244,254,245,-1,245,254,199,-1,245,199,198,-1,255,256,257,-1,256,258,257,-1,257,258,259,-1,257,259,260,-1,261,257,262,-1,262,257,263,-1,261,264,257,-1,257,264,265,-1,257,265,255,-1,266,267,268,-1,260,269,257,-1,257,269,270,-1,257,270,271,-1,272,273,274,-1,274,273,257,-1,274,257,275,-1,275,257,271,-1,266,276,277,-1,277,276,278,-1,266,268,276,-1,276,268,279,-1,276,279,280,-1,271,281,275,-1,275,281,276,-1,275,276,282,-1,282,276,280,-1,283,106,104,-1,284,285,104,-1,272,286,273,-1,273,286,287,-1,273,287,104,-1,104,287,288,-1,104,288,289,-1,289,290,104,-1,104,290,291,-1,104,291,284,-1,285,292,104,-1,104,292,293,-1,104,293,294,-1,295,296,294,-1,294,296,297,-1,294,297,298,-1,298,299,294,-1,294,299,300,-1,294,300,104,-1,104,300,301,-1,104,301,283,-1,
        ]
    }
}
Shape{
    appearance Appearance {
        material  Material 	{
            diffuseColor 0.34901960784313724 0.34901960784313724 0.34901960784313724
            specularColor 0.023529411764705882 0.023529411764705882 0.023529411764705882
            ambientIntensity 0.498
            transparency 0.0
            shininess 0.5
        }
    }
    geometry IndexedFaceSet {
        ccw TRUE
        solid FALSE
        coord DEF co Coordinate {
            point [
                -2.9134 -0.2067 4.2126, -2.874 -1.0138 4.2126, -2.874 0.1673 4.2126, -3.7992 -0.2067 4.2126, -3.7992 -0.9941 4.2126, -4.0157 -1.0138 4.2126, -3.9764 -0.9941 4.2126, -4.0157 0.1673 4.2126, -3.9764 0.1476 4.2126, -2.9134 0.1476 4.2126
            ]
        }
        coordIndex [
            0,1,2,-1,0,3,1,-1,1,3,4,-1,1,4,5,-1,5,4,6,-1,5,6,7,-1,7,6,8,-1,7,8,2,-1,2,8,9,-1,2,9,0,-1,
        ]
    }
}
Shape{
    appearance Appearance {
        material  Material 	{
            diffuseColor 0.20784313725490197 0.20784313725490197 0.20784313725490197
            specularColor 0.01568627450980392 0.01568627450980392 0.01568627450980392
            ambientIntensity 0.298
            transparency 0.0
            shininess 0.5
        }
    }
    geometry IndexedFaceSet {
        ccw TRUE
        solid FALSE
        coord DEF co Coordinate {
            point [
                -3.6811 -1.0138 4.9213, -2.874 -1.0138 4.9213, -3.6811 -1.0138 4.4882, -2.874 -1.0138 4.2126, -4.0157 -1.0138 4.4882, -4.0157 -1.0138 4.2126, -4.0157 -1.0925 4.685, -3.6811 -1.0925 4.685, -4.0157 -1.0925 5.0, -3.6811 -1.0925 5.0, -4.0589 -1.25 0.474, -4.0748 -1.25 0.4727, -4.0157 -1.25 0.7874, -3.6417 -1.25 0.7874, -3.7589 -1.25 0.6333, -3.874 -1.25 0.5376, -3.9664 -1.25 0.4934, -1.6601 1.425 5.0787, -1.6781 1.4272 5.0787, -1.6945 1.4272 4.5669, -1.6874 1.427 4.5667, -1.6765 1.4255 4.565, -1.6484 1.4235 5.0787, -1.6686 1.4244 4.5638, -1.6351 1.4183 5.0787, -1.6515 1.4188 4.5576, -1.6224 1.4133 5.0787, -1.6489 1.418 4.5567, -1.6122 1.4061 5.0787, -1.6289 1.4065 4.544, -1.5987 1.3966 5.0787, -1.6266 1.4052 4.5426, -1.5924 1.3893 5.0787, -1.6099 1.3894 4.5249, -1.5801 1.3751 5.0787, -1.6054 1.3851 4.5202, -1.5767 1.3687 5.0787, -1.5959 1.3682 4.5014, -1.5875 1.3532 4.4847, -1.5683 1.3526 5.0787, -2.4557 1.4272 5.0787, -2.4394 1.4272 4.5669, -2.5415 1.3893 5.0787, -2.5512 1.3789 5.0787, -2.5353 1.3757 4.5098, -2.5569 1.3685 5.0787, -2.5388 1.3686 4.5019, -2.5656 1.3526 5.0787, -2.5464 1.3532 4.4847, -2.524 1.3894 4.5249, -2.5182 1.3963 4.5326, -2.5321 1.3993 5.0787, -2.5217 1.4061 5.0787, -2.5047 1.4062 4.5436, -2.4966 1.4121 4.5502, -2.5079 1.415 5.0787, -2.4823 1.4187 4.5575, -2.4988 1.4183 5.0787, -2.4781 1.4206 4.5596, -2.4592 1.4255 4.5651, -2.4811 1.4245 5.0787, -2.4574 1.4257 4.5653, -2.4738 1.4253 5.0787, -2.6205 0.3815 5.315, -2.5914 0.3809 4.3781, -2.6024 0.4169 4.4096, -2.6225 0.4945 4.4671, -2.6376 0.5704 4.5101, -2.6524 0.5155 5.315, -2.641 0.5948 4.5198, -2.6633 0.5919 5.315, -2.5836 1.2372 4.3558, -2.6089 1.1544 4.4282, -2.6115 1.1433 4.4357, -2.5672 1.3484 5.0787, -2.5685 1.3484 5.1181, -2.57 1.3468 5.1434, -2.571 1.3449 5.1509, -2.576 1.3355 5.1883, -2.5779 1.3309 5.1971, -2.5854 1.3134 5.2302, -2.5882 1.306 5.2383, -2.5986 1.2789 5.2682, -2.601 1.2721 5.2727, -2.6119 1.24 5.294, -2.6147 1.2307 5.2974, -2.6247 1.1972 5.3096, -2.6281 1.1844 5.3111, -2.6371 1.1494 5.315, -2.6504 0.9257 4.5468, -2.6425 0.992 4.5242, -2.6367 1.1516 5.315, -2.6287 1.0713 4.4847, -2.6482 0.6468 4.5406, -2.6544 0.7217 4.5582, -2.6718 0.6511 5.315, -2.6565 0.7972 4.5641, -2.6539 1.0704 5.315, -2.6726 0.9346 5.315, -2.6541 0.8707 4.5572, -2.6754 0.8718 5.315, -2.6555 0.8488 4.5613, -2.6788 0.7972 5.315, -2.6787 0.7812 5.315, -2.9433 1.3484 5.1181, -2.9446 1.3484 5.0787, -2.9204 0.3809 4.3781, -2.8913 0.3815 5.315, -2.8967 0.4635 4.4458, -2.8786 0.546 4.4977, -2.8594 0.6913 4.5525, -2.8486 0.5919 5.315, -2.8556 0.7677 4.5632, -2.8392 0.6597 5.315, -2.8553 0.7972 4.5641, -2.833 0.7972 5.315, -2.8573 0.8707 4.5583, -2.887 0.3969 5.315, -2.8579 0.5239 5.315, -2.8709 0.5948 4.5196, -2.866 0.6259 4.5335, -2.8747 1.1494 5.315, -2.9005 1.1433 4.4351, -2.8879 1.0937 4.471, -2.8735 1.0192 4.5122, -2.8636 0.9471 4.5405, -2.849 1.0166 5.315, -2.8574 0.8722 4.5582, -2.8353 0.8802 5.315, -2.8351 0.8718 5.315, -2.8751 1.1516 5.315, -2.8827 1.1815 5.3127, -2.8836 1.1845 5.3118, -2.8962 1.2282 5.2994, -2.8971 1.2308 5.2979, -2.9096 1.2691 5.2761, -2.9108 1.2723 5.2731, -2.9218 1.3016 5.2456, -2.9236 1.3061 5.2386, -2.9326 1.3283 5.2048, -2.9339 1.331 5.1973, -2.9396 1.3431 5.1635, -2.9406 1.3446 5.151, -2.9075 1.1711 4.4149, -2.9462 1.3526 5.0787, -2.9282 1.2372 4.3558, -2.9654 1.3532 4.4847, -3.0381 1.425 5.0787, -3.0561 1.4272 5.0787, -3.0724 1.4272 4.5669, -3.0655 1.427 4.5667, -3.0544 1.4255 4.565, -3.0263 1.4235 5.0787, -3.0467 1.4244 4.5639, -3.013 1.4183 5.0787, -3.0294 1.4188 4.5577, -3.0003 1.4133 5.0787, -3.027 1.418 4.5568, -2.9901 1.4061 5.0787, -3.0069 1.4065 4.544, -2.9767 1.3966 5.0787, -3.0046 1.4052 4.5426, -2.9704 1.3893 5.0787, -2.9878 1.3894 4.5249, -2.958 1.3751 5.0787, -2.9833 1.3851 4.5202, -2.9546 1.3687 5.0787, -2.9738 1.3682 4.5014, -3.8337 1.4272 5.0787, -3.8173 1.4272 4.5669, -3.9194 1.3893 5.0787, -3.9292 1.3789 5.0787, -3.9132 1.3757 4.5098, -3.9348 1.3685 5.0787, -3.9167 1.3686 4.5019, -3.9435 1.3526 5.0787, -3.9243 1.3532 4.4847, -3.9019 1.3894 4.5249, -3.8962 1.3963 4.5326, -3.9101 1.3993 5.0787, -3.8996 1.4061 5.0787, -3.8826 1.4062 4.5436, -3.8746 1.4121 4.5502, -3.8859 1.415 5.0787, -3.8602 1.4187 4.5575, -3.8768 1.4183 5.0787, -3.856 1.4206 4.5596, -3.8371 1.4255 4.5651, -3.859 1.4245 5.0787, -3.8354 1.4257 4.5653, -3.8518 1.4253 5.0787, -4.0157 1.4272 0.7874, -3.6332 1.1713 0.7874, -3.6332 1.0138 0.7874, -2.9134 -1.25 0.7874, -3.2566 -1.1713 0.7874, -3.2566 -1.0138 0.7874, -3.248 -1.25 0.7874, -3.6331 -1.1713 0.7874, -3.6331 -1.0138 0.7874, -3.6331 1.0138 0.7874, -3.2566 1.0138 0.7874, -2.9134 1.4272 0.7874, -3.2566 1.1713 0.7874, -3.6331 1.1713 0.7874, -2.9134 1.624 0.7874, -2.9134 1.624 1.7323, -2.9134 1.4272 1.7323, -2.6378 1.4272 1.7323, -2.6378 1.624 1.7323, -2.6378 1.4272 0.7874, -2.6378 1.624 0.7874, -2.2552 1.1713 0.7874, -2.2552 1.0138 0.7874, -2.2551 -1.0138 0.7874, -2.2551 -1.1713 0.7874, -2.6378 -1.25 0.7874, -1.8786 -1.0138 0.7874, -1.5354 -1.25 0.7874, -1.8786 -1.1713 0.7874, -1.8701 -1.25 0.7874, -2.2638 -1.25 0.7874, -2.2551 1.0138 0.7874, -1.8786 1.0138 0.7874, -1.5354 1.4272 0.7874, -1.8786 1.1713 0.7874, -2.2551 1.1713 0.7874, -3.6811 -1.1319 5.0787, -4.0157 -1.1319 5.0787, -3.6811 -1.0925 5.0787, -2.874 -1.0925 5.0787, -2.874 -1.0076 5.1325, -2.874 -1.0003 5.1575, -2.874 0.1673 5.1575, -2.874 -1.0138 5.0787, -2.874 0.1673 4.2126, -2.874 -1.0092 5.1182, -2.6378 -1.0138 5.0787, -2.6378 -1.0104 5.1183, -2.8166 -0.8169 5.3106, -2.6954 -0.817 5.3112, -2.6959 -0.8125 5.3124, -2.6969 -0.7776 5.315, -2.7559 -0.7776 5.315, -2.8155 -0.8035 5.3136, -2.815 -0.7776 5.315, -2.8341 -0.9219 5.2639, -2.6777 -0.9218 5.2639, -2.6829 -0.9046 5.2779, -2.6913 -0.8597 5.3002, -2.8197 -0.8539 5.3023, -2.6889 -0.8723 5.2939, -2.823 -0.8722 5.2936, -2.8281 -0.9015 5.2799, -2.6701 -0.9466 5.2438, -2.8404 -0.9433 5.2471, -2.6624 -0.9629 5.2231, -2.8494 -0.9629 5.2231, -2.6555 -0.9772 5.205, -2.8556 -0.9765 5.2065, -2.6438 -0.9925 5.1734, -2.868 -0.9925 5.1734, -2.6378 -1.0003 5.1575, -2.6378 -1.0138 4.4882, -2.6378 -1.0138 4.2126, -2.6378 0.1673 4.2126, -2.6378 -1.1319 5.0787, -2.6378 -1.0925 5.0, -2.6378 0.1673 5.1575, -2.6378 -1.0925 4.685, -2.3031 -1.1319 5.0787, -2.3031 -1.0925 5.0, -2.3031 -1.0925 5.0787, -2.3031 -1.0138 4.9213, -2.3031 -1.0925 4.685, -2.3031 -1.0138 4.4882, -1.4961 -1.0138 4.9213, -1.4961 -1.0925 5.0787, -2.874 1.624 4.3307, -2.874 1.4272 4.2126, -4.0157 1.624 4.3307, -4.0157 1.4272 4.2126, -2.874 1.624 3.3465, -2.874 1.4272 3.3465, -2.6378 1.624 3.3465, -2.6378 1.4272 3.3465, -2.6378 1.4272 4.2126, -2.6378 1.624 4.3307, -1.4961 1.624 4.3307, -1.4961 1.4272 4.2126, -1.4961 -1.0076 5.1325, -1.4961 -1.0003 5.1575, -1.4961 0.1673 5.1575, -1.4961 -1.0138 5.0787, -1.4961 -1.0138 4.2126, -1.4961 0.1673 4.2126, -1.4961 -1.0092 5.1182, -3.9453 0.3393 4.3094, -3.9664 0.3285 5.315, -3.9555 0.3203 5.315, -3.9314 0.3059 5.315, -3.9052 0.3057 4.4655, -3.9436 0.3114 5.315, -3.9231 0.316 4.4139, -3.9271 0.3202 4.393, -3.9439 0.3377 4.3055, -3.8849 0.2959 5.3147, -3.8601 0.2959 4.5148, -3.8913 0.296 5.315, -3.8652 0.296 4.5142, -3.9043 0.2984 5.315, -3.8716 0.2964 4.512, -3.8785 0.2973 4.5075, -3.8796 0.2975 4.5064, -3.9209 0.3013 5.315, -3.8883 0.2994 4.4971, -3.9029 0.3044 4.4721, -3.9693 0.3809 4.3781, -3.9985 0.3815 5.315, -3.9621 0.3635 4.3575, -3.9958 0.3734 5.315, -3.9618 0.3631 4.3567, -3.9909 0.3634 5.315, -3.9455 0.3395 4.31, -3.9834 0.3487 5.315, -3.9759 0.3397 5.315, -3.8786 0.1673 5.314, -3.8781 0.2959 5.3138, -3.8913 0.1673 5.315, -3.8781 0.1673 5.3139, -3.8609 0.1673 5.3092, -3.8595 0.2959 5.3083, -3.8595 0.1673 5.3084, -3.847 0.1673 5.3015, -3.8429 0.2959 5.2983, -3.8431 0.1673 5.2981, -3.8319 0.1673 5.288, -3.8292 0.2959 5.2846, -3.8295 0.1673 5.2844, -3.8212 0.1673 5.2726, -3.8192 0.2959 5.268, -3.8194 0.1673 5.2679, -3.8137 0.2959 5.2494, -3.815 0.1673 5.2564, -3.8141 0.1673 5.2494, -3.8125 0.1673 5.2362, -3.8125 0.2959 5.2362, -3.0638 0.1673 5.2805, -3.0706 0.1673 5.268, -3.0715 0.1673 5.2666, -3.0762 0.1673 5.2494, -4.0157 0.1673 5.1575, -3.0763 0.1673 5.2489, -3.0772 0.1673 5.2362, -3.0772 0.1673 4.502, -4.0157 0.1673 4.2126, -3.8125 0.1673 4.502, -4.0748 0.1673 5.315, -2.815 0.1673 5.315, -2.9985 0.1673 5.315, -3.0116 0.1673 5.3134, -3.0186 0.1673 5.3125, -3.0302 0.1673 5.3081, -3.0348 0.1673 5.3063, -3.0467 0.1673 5.298, -3.0502 0.1673 5.2956, -3.0603 0.1673 5.2844, -3.9804 0.4169 4.4096, -4.0005 0.4945 4.4671, -4.0155 0.5704 4.5101, -4.0303 0.5155 5.315, -4.019 0.5948 4.5198, -4.0412 0.5919 5.315, -3.9616 1.2372 4.3558, -3.9869 1.1544 4.4282, -3.9895 1.1433 4.4357, -3.9452 1.3484 5.0787, -3.9465 1.3484 5.1181, -3.948 1.3468 5.1434, -3.949 1.3449 5.1509, -3.9539 1.3355 5.1883, -3.9559 1.3309 5.1971, -3.9633 1.3134 5.2302, -3.9662 1.306 5.2383, -3.9766 1.2789 5.2682, -3.9789 1.2721 5.2727, -3.9898 1.24 5.294, -3.9927 1.2307 5.2974, -4.0027 1.1972 5.3096, -4.006 1.1844 5.3111, -4.0151 1.1494 5.315, -4.0284 0.9257 4.5468, -4.0205 0.992 4.5242, -4.0146 1.1516 5.315, -4.0066 1.0713 4.4847, -4.0262 0.6468 4.5406, -4.0324 0.7217 4.5582, -4.0497 0.6511 5.315, -4.0344 0.7972 4.5641, -4.0319 1.0704 5.315, -4.0505 0.9346 5.315, -4.032 0.8707 4.5572, -4.0534 0.8718 5.315, -4.0335 0.8488 4.5613, -4.0567 0.7972 5.315, -4.0566 0.7812 5.315, -4.0157 -1.0003 5.1575, -4.0748 -0.7776 5.315, -4.0247 -0.9904 5.1812, -4.0415 -0.9622 5.226, -4.0726 -0.8301 5.309, -4.066 -0.8801 5.2916, -4.0555 -0.9248 5.2634, -4.0157 -1.0138 5.0787, -4.0157 -1.0079 5.1313, -1.437 -0.7776 5.315, -1.437 0.1673 5.315, -1.4557 -0.9228 5.2651, -1.4445 -0.8728 5.2949, -1.4383 -0.8171 5.3116, -1.4899 -0.9937 5.174, -1.4711 -0.9639 5.2239, -1.6984 0.1673 5.2488, -1.6993 0.1673 5.2362, -1.6993 0.1673 4.502, -2.4346 0.1673 4.502, -1.6205 0.1673 5.315, -1.6337 0.1673 5.3134, -1.6407 0.1673 5.3125, -1.6524 0.1673 5.308, -1.6569 0.1673 5.3063, -1.669 0.1673 5.2979, -1.6723 0.1673 5.2956, -1.6827 0.1673 5.2841, -1.6858 0.1673 5.2805, -1.693 0.1673 5.2676, -2.4346 0.1673 5.2362, -2.4362 0.1673 5.2494, -2.437 0.1673 5.2564, -2.4415 0.1673 5.2679, -2.4433 0.1673 5.2726, -2.4515 0.1673 5.2844, -2.454 0.1673 5.288, -2.4652 0.1673 5.2981, -2.469 0.1673 5.3015, -2.4815 0.1673 5.3084, -2.483 0.1673 5.3092, -2.5001 0.1673 5.3139, -2.5006 0.1673 5.314, -2.5133 0.1673 5.315, -2.6969 0.1673 5.315, -1.6935 0.1673 5.2666, -1.6984 0.1673 5.2489, -1.6993 0.2959 5.2362, -1.6983 0.2959 5.2488, -1.6928 0.2959 5.2675, -1.6829 0.2959 5.2843, -1.6692 0.2959 5.2981, -1.6525 0.2959 5.3082, -1.6338 0.2959 5.3138, -1.627 0.2959 5.3147, -1.6205 0.296 5.315, -1.613 0.2967 5.315, -1.6075 0.298 5.315, -1.6454 0.296 4.514, -1.585 0.3035 5.315, -1.5804 0.3058 5.315, -1.6316 0.2976 4.5061, -1.5616 0.3156 5.315, -1.5562 0.3201 5.315, -1.6044 0.3065 4.4617, -1.5397 0.3341 5.315, -1.5357 0.3395 5.315, -1.583 0.3206 4.3909, -1.5133 0.3815 5.315, -1.5425 0.3809 4.3781, -1.521 0.3634 5.315, -1.5498 0.3633 4.3573, -1.5499 0.3631 4.3568, -1.5679 0.3377 4.3055, -1.5667 0.3394 4.3088, -1.5251 0.3538 5.315, -1.5842 0.3198 4.3949, -1.6212 0.3 4.4941, -1.6065 0.3056 4.4659, -1.6393 0.2965 4.5115, -1.6322 0.2975 4.5066, -1.6517 0.2959 4.5148, -1.5188 0.4635 4.4458, -1.5006 0.546 4.4977, -1.4814 0.6913 4.5525, -1.4706 0.5919 5.315, -1.4777 0.7677 4.5632, -1.4613 0.6597 5.315, -1.4774 0.7972 4.5641, -1.4551 0.7972 5.315, -1.4794 0.8707 4.5583, -1.509 0.3969 5.315, -1.4799 0.5239 5.315, -1.493 0.5948 4.5196, -1.4881 0.6259 4.5335, -1.51 1.0937 4.471, -1.4955 1.0192 4.5122, -1.4968 1.1494 5.315, -1.4856 0.9471 4.5405, -1.471 1.0166 5.315, -1.4794 0.8722 4.5582, -1.4573 0.8802 5.315, -1.4571 0.8718 5.315, -1.5048 1.1815 5.3127, -1.5057 1.1845 5.3118, -1.5225 1.1433 4.4351, -1.4972 1.1516 5.315, -1.5547 1.3283 5.2048, -1.556 1.331 5.1973, -1.5398 1.2882 5.2245, -1.5617 1.3431 5.1635, -1.5329 1.2723 5.2731, -1.5438 1.3016 5.2456, -1.5457 1.3061 5.2386, -1.5183 1.2282 5.2994, -1.5191 1.2308 5.2979, -1.5317 1.2691 5.2761, -1.5627 1.3446 5.151, -1.5654 1.3484 5.1181, -1.5666 1.3484 5.0787, -1.5296 1.1711 4.4149, -1.5503 1.2372 4.3558, -1.8701 -1.4469 0.7874, -1.9071 -1.25 0.8328, -1.9071 -1.4469 0.8328, -1.9544 -1.25 0.8674, -1.9544 -1.4469 0.8674, -2.0088 -1.25 0.8891, -2.0088 -1.4469 0.8891, -2.0669 -1.25 0.8965, -2.0669 -1.4469 0.8965, -2.125 -1.25 0.8891, -2.125 -1.4469 0.8891, -2.1795 -1.25 0.8674, -2.1795 -1.4469 0.8674, -2.2267 -1.25 0.8328, -2.2267 -1.4469 0.8328, -2.2638 -1.4469 0.7874, -2.7165 -1.4469 0.4724, -2.7165 -1.25 0.4724, -2.681 -1.4469 0.474, -2.6968 -1.25 0.4727, -2.681 -1.25 0.474, -2.5885 -1.25 0.4934, -2.5885 -1.4469 0.4934, -2.496 -1.25 0.5376, -2.496 -1.4469 0.5376, -2.3809 -1.25 0.6333, -2.3809 -1.4469 0.6333, -2.7953 -1.25 0.4724, -2.8543 -1.25 0.4724, -2.8543 1.624 0.4724, -2.6968 1.624 0.4724, -2.7953 -1.4469 0.4724, -2.8552 -1.25 0.4769, -2.8935 -1.4469 0.4846, -2.8935 -1.25 0.4846, -2.9873 -1.4469 0.5211, -2.9873 -1.25 0.5211, -3.0826 -1.4469 0.5871, -3.0826 -1.25 0.5871, -3.1824 -1.4469 0.6933, -3.1824 -1.25 0.6933, -3.248 -1.4469 0.7874, -3.2851 -1.25 0.8328, -3.2851 -1.4469 0.8328, -3.3323 -1.25 0.8674, -3.3323 -1.4469 0.8674, -3.3868 -1.25 0.8891, -3.3868 -1.4469 0.8891, -3.4449 -1.25 0.8965, -3.4449 -1.4469 0.8965, -3.503 -1.25 0.8891, -3.503 -1.4469 0.8891, -3.5574 -1.25 0.8674, -3.5574 -1.4469 0.8674, -3.6047 -1.25 0.8328, -3.6047 -1.4469 0.8328, -3.6417 -1.4469 0.7874, -1.4961 1.624 3.3465, -1.4961 1.4272 3.3465, -1.5354 1.624 0.7874, -1.5354 1.624 1.7323, -1.5354 1.4272 1.7323, -1.4764 1.624 0.4724, -1.4764 -1.25 0.4724, -1.4772 -1.25 0.4769, -1.4173 -1.25 0.4724, -1.4173 -1.4469 0.4724, -1.5155 -1.4469 0.4846, -1.5155 -1.25 0.4846, -1.6094 -1.4469 0.5211, -1.6094 -1.25 0.5211, -1.7047 -1.4469 0.5871, -1.7047 -1.25 0.5871, -1.8045 -1.4469 0.6933, -1.8045 -1.25 0.6933, -4.0157 1.4272 1.7323, -4.0157 1.624 1.7323, -4.0157 1.624 0.7874, -4.0157 1.4272 3.3465, -4.0157 1.624 3.3465, -4.0945 -1.4469 0.4724, -4.0945 -1.25 0.4724, -4.0589 -1.4469 0.474, -3.9664 -1.4469 0.4934, -3.874 -1.4469 0.5376, -3.7589 -1.4469 0.6333, -4.0748 1.624 0.4724
            ]
        }
        coordIndex [
            0,1,2,-1,2,1,3,-1,2,3,4,-1,4,3,5,-1,4,6,2,-1,2,6,7,-1,6,8,7,-1,7,8,9,-1,10,11,12,-1,12,13,14,-1,14,15,12,-1,12,15,16,-1,12,16,10,-1,17,18,19,-1,19,20,17,-1,17,20,21,-1,17,21,22,-1,22,21,23,-1,22,23,24,-1,24,23,25,-1,24,25,26,-1,26,25,27,-1,26,27,28,-1,28,27,29,-1,28,29,30,-1,30,29,31,-1,30,31,32,-1,32,31,33,-1,32,33,34,-1,34,33,35,-1,34,35,36,-1,35,37,36,-1,36,37,38,-1,36,38,39,-1,40,41,18,-1,18,41,19,-1,42,43,44,-1,44,43,45,-1,44,45,46,-1,46,45,47,-1,46,47,48,-1,44,49,42,-1,42,49,50,-1,42,50,51,-1,51,50,52,-1,50,53,52,-1,52,53,54,-1,52,54,55,-1,55,54,56,-1,55,56,57,-1,56,58,57,-1,57,58,59,-1,57,59,60,-1,60,59,61,-1,60,61,62,-1,62,61,41,-1,62,41,40,-1,63,64,65,-1,65,66,63,-1,63,66,67,-1,63,67,68,-1,68,67,69,-1,68,69,70,-1,71,48,72,-1,72,48,47,-1,72,47,73,-1,73,47,74,-1,73,74,75,-1,75,76,73,-1,73,76,77,-1,73,77,78,-1,78,79,73,-1,73,79,80,-1,73,80,81,-1,81,82,73,-1,73,82,83,-1,73,83,84,-1,84,85,73,-1,73,85,86,-1,73,86,87,-1,88,89,90,-1,87,91,73,-1,73,91,88,-1,73,88,92,-1,92,88,90,-1,69,93,70,-1,70,93,94,-1,70,94,95,-1,95,94,96,-1,88,97,89,-1,89,97,98,-1,89,98,99,-1,99,98,100,-1,99,100,101,-1,101,100,102,-1,101,102,96,-1,96,102,103,-1,96,103,95,-1,104,75,105,-1,105,75,74,-1,106,107,108,-1,108,107,109,-1,110,111,112,-1,112,111,113,-1,112,113,114,-1,114,113,115,-1,114,115,116,-1,107,117,109,-1,109,117,118,-1,109,118,119,-1,119,118,111,-1,119,111,120,-1,120,111,110,-1,121,122,123,-1,123,124,121,-1,121,124,125,-1,121,125,126,-1,126,125,127,-1,126,127,128,-1,128,127,116,-1,128,116,129,-1,129,116,115,-1,130,131,132,-1,132,133,134,-1,130,132,121,-1,121,132,134,-1,121,134,135,-1,135,136,121,-1,121,136,137,-1,121,137,138,-1,138,139,121,-1,121,139,140,-1,121,140,141,-1,141,142,121,-1,121,142,104,-1,121,104,122,-1,122,104,105,-1,122,105,143,-1,143,105,144,-1,143,144,145,-1,145,144,146,-1,147,148,149,-1,149,150,147,-1,147,150,151,-1,147,151,152,-1,152,151,153,-1,152,153,154,-1,154,153,155,-1,154,155,156,-1,156,155,157,-1,156,157,158,-1,158,157,159,-1,158,159,160,-1,160,159,161,-1,160,161,162,-1,162,161,163,-1,162,163,164,-1,164,163,165,-1,164,165,166,-1,165,167,166,-1,166,167,146,-1,166,146,144,-1,168,169,148,-1,148,169,149,-1,170,171,172,-1,172,171,173,-1,172,173,174,-1,174,173,175,-1,174,175,176,-1,172,177,170,-1,170,177,178,-1,170,178,179,-1,179,178,180,-1,178,181,180,-1,180,181,182,-1,180,182,183,-1,183,182,184,-1,183,184,185,-1,184,186,185,-1,185,186,187,-1,185,187,188,-1,188,187,189,-1,188,189,190,-1,190,189,169,-1,190,169,168,-1,191,192,193,-1,194,195,196,-1,194,197,195,-1,195,197,13,-1,195,13,198,-1,198,13,12,-1,198,12,199,-1,12,191,199,-1,199,191,193,-1,199,193,196,-1,196,193,200,-1,196,200,194,-1,194,200,201,-1,194,201,202,-1,202,201,203,-1,202,203,191,-1,191,203,204,-1,191,204,192,-1,205,202,206,-1,206,202,207,-1,207,208,206,-1,206,208,209,-1,208,210,209,-1,209,210,211,-1,210,212,213,-1,214,215,216,-1,217,218,219,-1,219,218,220,-1,219,220,215,-1,215,220,221,-1,215,221,216,-1,216,210,214,-1,214,210,213,-1,214,213,217,-1,217,213,222,-1,217,222,218,-1,218,222,223,-1,218,223,224,-1,224,223,225,-1,224,225,210,-1,210,225,226,-1,210,226,212,-1,227,9,228,-1,228,9,8,-1,227,229,9,-1,9,229,0,-1,9,0,7,-1,7,0,2,-1,1,0,230,-1,230,0,229,-1,231,232,233,-1,1,230,234,-1,3,1,235,-1,235,1,234,-1,235,234,233,-1,233,234,236,-1,233,236,231,-1,234,237,238,-1,239,240,241,-1,241,242,243,-1,239,241,244,-1,244,241,243,-1,244,243,245,-1,246,247,248,-1,240,239,249,-1,249,239,250,-1,249,250,251,-1,251,250,252,-1,251,252,248,-1,248,252,253,-1,248,253,246,-1,247,246,254,-1,254,246,255,-1,254,255,256,-1,256,255,257,-1,256,257,258,-1,258,257,259,-1,258,259,260,-1,259,261,260,-1,260,261,232,-1,260,232,262,-1,262,232,231,-1,262,231,238,-1,238,231,236,-1,238,236,234,-1,263,264,265,-1,237,266,267,-1,237,265,238,-1,238,265,268,-1,238,268,262,-1,237,267,265,-1,265,267,269,-1,265,269,263,-1,270,271,266,-1,266,271,267,-1,270,272,271,-1,271,272,273,-1,271,273,274,-1,274,273,275,-1,276,273,277,-1,277,273,272,-1,278,279,280,-1,280,279,281,-1,282,283,278,-1,278,283,279,-1,282,284,283,-1,283,284,285,-1,286,285,287,-1,287,285,284,-1,288,289,287,-1,287,289,286,-1,290,291,292,-1,276,277,293,-1,294,276,295,-1,295,276,293,-1,295,293,292,-1,292,293,296,-1,292,296,290,-1,297,298,299,-1,300,301,302,-1,302,301,303,-1,302,303,299,-1,299,303,304,-1,299,304,297,-1,297,304,305,-1,306,307,308,-1,308,307,309,-1,308,309,310,-1,310,309,311,-1,311,312,310,-1,310,312,313,-1,310,313,314,-1,314,313,315,-1,314,315,300,-1,300,315,316,-1,300,316,301,-1,317,318,319,-1,319,318,320,-1,319,320,321,-1,321,320,322,-1,321,322,323,-1,323,322,324,-1,323,324,297,-1,297,324,325,-1,297,325,298,-1,326,327,328,-1,328,327,306,-1,328,306,308,-1,326,329,327,-1,327,329,330,-1,327,330,331,-1,330,332,331,-1,331,332,333,-1,331,333,334,-1,333,335,334,-1,334,335,336,-1,334,336,337,-1,336,338,337,-1,337,338,339,-1,337,339,340,-1,340,339,341,-1,340,341,342,-1,342,341,343,-1,343,344,342,-1,342,344,345,-1,342,345,346,-1,347,348,233,-1,233,348,349,-1,233,349,350,-1,330,329,351,-1,350,352,233,-1,233,352,353,-1,233,353,235,-1,235,353,354,-1,235,354,355,-1,355,354,356,-1,355,356,351,-1,351,356,345,-1,351,345,344,-1,344,343,351,-1,351,343,341,-1,351,341,339,-1,329,326,351,-1,351,326,328,-1,351,328,357,-1,358,359,233,-1,233,359,360,-1,233,360,361,-1,339,338,351,-1,351,338,336,-1,351,336,335,-1,335,333,351,-1,351,333,332,-1,351,332,330,-1,361,362,233,-1,233,362,363,-1,233,363,364,-1,364,365,233,-1,233,365,366,-1,233,366,347,-1,318,317,367,-1,367,368,318,-1,318,368,369,-1,318,369,370,-1,370,369,371,-1,370,371,372,-1,373,176,374,-1,374,176,175,-1,374,175,375,-1,375,175,376,-1,375,376,377,-1,377,378,375,-1,375,378,379,-1,375,379,380,-1,380,381,375,-1,375,381,382,-1,375,382,383,-1,383,384,375,-1,375,384,385,-1,375,385,386,-1,386,387,375,-1,375,387,388,-1,375,388,389,-1,390,391,392,-1,389,393,375,-1,375,393,390,-1,375,390,394,-1,394,390,392,-1,371,395,372,-1,372,395,396,-1,372,396,397,-1,397,396,398,-1,390,399,391,-1,391,399,400,-1,391,400,401,-1,401,400,402,-1,401,402,403,-1,403,402,404,-1,403,404,398,-1,398,404,405,-1,398,405,397,-1,351,357,406,-1,406,357,407,-1,406,407,408,-1,408,407,409,-1,410,411,407,-1,407,411,412,-1,407,412,409,-1,4,5,355,-1,413,228,8,-1,413,355,414,-1,414,355,351,-1,414,351,406,-1,413,8,355,-1,355,8,6,-1,355,6,4,-1,415,416,292,-1,417,418,419,-1,292,291,415,-1,415,291,420,-1,415,420,419,-1,419,420,421,-1,419,421,417,-1,422,423,292,-1,292,423,295,-1,295,423,424,-1,295,424,265,-1,265,424,425,-1,265,425,268,-1,292,416,426,-1,426,427,292,-1,292,427,428,-1,292,428,429,-1,429,430,292,-1,292,430,431,-1,292,431,432,-1,432,433,292,-1,292,433,434,-1,292,434,435,-1,425,436,268,-1,268,436,437,-1,268,437,438,-1,438,439,268,-1,268,439,440,-1,268,440,441,-1,441,442,268,-1,268,442,443,-1,268,443,444,-1,444,445,268,-1,268,445,446,-1,268,446,447,-1,447,448,268,-1,268,448,449,-1,268,449,450,-1,435,451,292,-1,292,451,452,-1,292,452,422,-1,423,422,453,-1,453,422,454,-1,454,422,455,-1,455,422,452,-1,455,452,451,-1,451,435,455,-1,455,435,434,-1,455,434,456,-1,434,433,456,-1,456,433,432,-1,456,432,457,-1,432,431,457,-1,457,431,430,-1,457,430,458,-1,458,430,429,-1,458,429,459,-1,429,428,459,-1,459,428,427,-1,459,427,460,-1,460,427,426,-1,460,426,461,-1,462,463,464,-1,465,466,467,-1,468,469,470,-1,471,472,473,-1,474,475,476,-1,476,475,477,-1,476,477,478,-1,479,473,480,-1,480,473,472,-1,480,472,478,-1,478,472,481,-1,478,481,476,-1,471,473,469,-1,469,473,482,-1,469,482,470,-1,467,466,483,-1,468,470,466,-1,466,470,484,-1,466,484,483,-1,464,463,485,-1,465,467,463,-1,463,467,486,-1,463,486,485,-1,462,464,461,-1,461,464,487,-1,461,487,460,-1,475,474,488,-1,488,474,489,-1,490,491,492,-1,492,491,493,-1,492,493,494,-1,494,493,495,-1,494,495,496,-1,474,497,489,-1,489,497,498,-1,489,498,499,-1,499,498,491,-1,499,491,500,-1,500,491,490,-1,501,502,503,-1,503,502,504,-1,503,504,505,-1,505,504,506,-1,505,506,507,-1,507,506,496,-1,507,496,508,-1,508,496,495,-1,509,510,511,-1,501,503,511,-1,511,503,512,-1,511,512,509,-1,513,514,515,-1,515,514,516,-1,517,518,515,-1,515,518,519,-1,515,519,513,-1,510,520,511,-1,511,520,521,-1,511,521,515,-1,515,521,522,-1,515,522,517,-1,516,523,515,-1,515,523,524,-1,515,524,511,-1,511,524,525,-1,511,525,526,-1,526,525,39,-1,526,39,527,-1,527,39,38,-1,220,528,529,-1,529,528,530,-1,529,530,531,-1,531,530,532,-1,531,532,533,-1,533,532,534,-1,533,534,535,-1,535,534,536,-1,535,536,537,-1,537,536,538,-1,537,538,539,-1,539,538,540,-1,539,540,541,-1,541,540,542,-1,541,542,221,-1,221,542,543,-1,544,545,546,-1,546,545,547,-1,547,548,546,-1,546,548,549,-1,546,549,550,-1,550,549,551,-1,550,551,552,-1,552,551,553,-1,552,553,554,-1,554,553,221,-1,554,221,543,-1,555,556,557,-1,558,547,545,-1,544,559,545,-1,545,559,555,-1,545,555,558,-1,558,555,557,-1,555,559,560,-1,560,559,561,-1,560,561,562,-1,562,561,563,-1,562,563,564,-1,564,563,565,-1,564,565,566,-1,566,565,567,-1,566,567,568,-1,568,567,569,-1,568,569,197,-1,197,569,570,-1,570,569,571,-1,570,571,572,-1,572,571,573,-1,572,573,574,-1,574,573,575,-1,574,575,576,-1,576,575,577,-1,576,577,578,-1,578,577,579,-1,578,579,580,-1,580,579,581,-1,580,581,582,-1,582,581,583,-1,582,583,13,-1,13,583,584,-1,585,586,288,-1,288,586,289,-1,587,224,588,-1,588,224,589,-1,224,587,590,-1,590,591,224,-1,224,591,592,-1,224,592,218,-1,592,591,593,-1,593,594,592,-1,592,594,595,-1,592,595,596,-1,596,595,597,-1,596,597,598,-1,598,597,599,-1,598,599,600,-1,600,599,601,-1,600,601,602,-1,602,601,528,-1,602,528,220,-1,603,191,604,-1,604,191,605,-1,281,606,280,-1,280,606,607,-1,608,609,610,-1,610,609,11,-1,11,10,610,-1,610,10,16,-1,610,16,611,-1,611,16,15,-1,611,15,612,-1,612,15,14,-1,612,14,613,-1,613,14,13,-1,613,13,584,-1,12,11,191,-1,191,11,614,-1,191,614,605,-1,
        ]
    }
}
Shape{
    appearance Appearance {
        material  Material 	{
            diffuseColor 1.0 1.0 1.0
            specularColor 0.5019607843137255 0.5019607843137255 0.5019607843137255
            ambientIntensity 1.0
            transparency 0.0
            shininess 0.5
        }
    }
    geometry IndexedFaceSet {
        ccw TRUE
        solid FALSE
        coord DEF co Coordinate {
            point [
                0.3545 -1.4508 3.7492, 0.3619 -1.4508 3.7543, 0.3521 -1.4508 3.7517, 0.3589 -1.4508 3.7573, 0.3465 -1.4508 3.7554, 0.3517 -1.4508 3.7622, 0.3402 -1.4508 3.7576, 0.3431 -1.4508 3.7654, 0.3313 -1.4508 3.7585, 0.3317 -1.4508 3.7668, 0.3205 -1.4508 3.7585, 0.3112 -1.4508 3.7668, 0.3205 -1.4508 3.7031, 0.3112 -1.4508 3.6949, 0.3309 -1.4508 3.7031, 0.3309 -1.4508 3.6949, 0.3399 -1.4508 3.704, 0.3421 -1.4508 3.6961, 0.3461 -1.4508 3.7062, 0.3505 -1.4508 3.6991, 0.3509 -1.4508 3.7093, 0.3576 -1.4508 3.7038, 0.3523 -1.4508 3.7106, 0.3589 -1.4508 3.7049, 0.356 -1.4508 3.7153, 0.364 -1.4508 3.7109, 0.3584 -1.4508 3.7207, 0.3676 -1.4508 3.7183, 0.3598 -1.4508 3.7274, 0.3694 -1.4508 3.7266, 0.36 -1.4508 3.7315, 0.3697 -1.4508 3.7317, 0.3591 -1.4508 3.7396, 0.3687 -1.4508 3.7408, 0.3572 -1.4508 3.7451, 0.3662 -1.4508 3.7479, 0.3589 -1.4469 3.7049, 0.364 -1.4469 3.7109, 0.3676 -1.4469 3.7183, 0.3694 -1.4469 3.7266, 0.3697 -1.4469 3.7317, 0.3687 -1.4469 3.7408, 0.3662 -1.4469 3.7479, 0.3619 -1.4469 3.7543, 0.3589 -1.4469 3.7573, 0.3517 -1.4469 3.7622, 0.3431 -1.4469 3.7654, 0.3317 -1.4469 3.7668, 0.3112 -1.4469 3.7668, 0.3112 -1.4469 3.6949, 0.3309 -1.4469 3.6949, 0.3421 -1.4469 3.6961, 0.3505 -1.4469 3.6991, 0.3576 -1.4469 3.7038, 0.3521 -1.4469 3.7517, 0.3545 -1.4469 3.7492, 0.3572 -1.4469 3.7451, 0.3591 -1.4469 3.7396, 0.36 -1.4469 3.7315, 0.3313 -1.4469 3.7585, 0.3402 -1.4469 3.7576, 0.3465 -1.4469 3.7554, 0.3205 -1.4469 3.7585, 0.3205 -1.4469 3.7031, 0.3309 -1.4469 3.7031, 0.3523 -1.4469 3.7106, 0.3509 -1.4469 3.7093, 0.3461 -1.4469 3.7062, 0.3399 -1.4469 3.704, 0.3598 -1.4469 3.7274, 0.3584 -1.4469 3.7207, 0.356 -1.4469 3.7153
            ]
        }
        coordIndex [
            0,1,2,-1,2,1,3,-1,2,3,4,-1,4,3,5,-1,4,5,6,-1,6,5,7,-1,6,7,8,-1,8,7,9,-1,8,9,10,-1,10,9,11,-1,10,11,12,-1,12,11,13,-1,12,13,14,-1,14,13,15,-1,14,15,16,-1,16,15,17,-1,16,17,18,-1,18,17,19,-1,18,19,20,-1,20,19,21,-1,20,21,22,-1,22,21,23,-1,22,23,24,-1,24,23,25,-1,24,25,26,-1,26,25,27,-1,26,27,28,-1,28,27,29,-1,28,29,30,-1,30,29,31,-1,30,31,32,-1,32,31,33,-1,32,33,34,-1,34,33,35,-1,34,35,0,-1,0,35,1,-1,23,36,37,-1,23,37,25,-1,25,37,38,-1,25,38,27,-1,27,38,39,-1,27,39,29,-1,29,39,40,-1,29,40,31,-1,31,40,41,-1,31,41,33,-1,33,41,42,-1,33,42,35,-1,35,42,43,-1,35,43,1,-1,1,43,44,-1,1,44,3,-1,3,44,45,-1,3,45,5,-1,5,45,46,-1,5,46,7,-1,7,46,47,-1,7,47,9,-1,11,9,48,-1,48,9,47,-1,13,11,49,-1,49,11,48,-1,15,13,50,-1,50,13,49,-1,15,50,51,-1,15,51,17,-1,17,51,52,-1,17,52,19,-1,19,52,53,-1,19,53,21,-1,21,53,36,-1,21,36,23,-1,2,54,55,-1,2,55,0,-1,0,55,56,-1,0,56,34,-1,34,56,57,-1,34,57,32,-1,32,57,58,-1,32,58,30,-1,8,59,60,-1,8,60,6,-1,6,60,61,-1,6,61,4,-1,4,61,54,-1,4,54,2,-1,8,10,59,-1,59,10,62,-1,10,12,62,-1,62,12,63,-1,12,14,63,-1,63,14,64,-1,22,65,66,-1,22,66,20,-1,20,66,67,-1,20,67,18,-1,18,67,68,-1,18,68,16,-1,16,68,64,-1,16,64,14,-1,30,58,69,-1,30,69,28,-1,28,69,70,-1,28,70,26,-1,26,70,71,-1,26,71,24,-1,24,71,65,-1,24,65,22,-1,
        ]
    }
}
Shape{
    appearance Appearance {
        material  Material 	{
            diffuseColor 0.20784313725490197 0.20784313725490197 0.20784313725490197
            specularColor 0.01568627450980392 0.01568627450980392 0.01568627450980392
            ambientIntensity 0.298
            transparency 0.0
            shininess 0.5
        }
    }
    geometry IndexedFaceSet {
        ccw TRUE
        solid FALSE
        coord DEF co Coordinate {
            point [
                0.3205 -1.4469 3.7585, 0.3205 -1.4469 3.7031, 0.3313 -1.4469 3.7585, 0.3309 -1.4469 3.7031, 0.3399 -1.4469 3.704, 0.3461 -1.4469 3.7062, 0.3509 -1.4469 3.7093, 0.3523 -1.4469 3.7106, 0.356 -1.4469 3.7153, 0.3584 -1.4469 3.7207, 0.3598 -1.4469 3.7274, 0.36 -1.4469 3.7315, 0.3591 -1.4469 3.7396, 0.3572 -1.4469 3.7451, 0.3545 -1.4469 3.7492, 0.3521 -1.4469 3.7517, 0.3402 -1.4469 3.7576, 0.3465 -1.4469 3.7554
            ]
        }
        coordIndex [
            0,1,2,-1,2,1,3,-1,2,3,4,-1,4,5,2,-1,2,5,6,-1,2,6,7,-1,7,8,2,-1,2,8,9,-1,2,9,10,-1,10,11,2,-1,2,11,12,-1,2,12,13,-1,13,14,2,-1,2,14,15,-1,2,15,16,-1,16,15,17,-1,
        ]
    }
}
Shape{
    appearance Appearance {
        material  Material 	{
            diffuseColor 1.0 1.0 1.0
            specularColor 0.5019607843137255 0.5019607843137255 0.5019607843137255
            ambientIntensity 1.0
            transparency 0.0
            shininess 0.5
        }
    }
    geometry IndexedFaceSet {
        ccw TRUE
        solid FALSE
        coord DEF co Coordinate {
            point [
                0.2258 -1.4508 3.7076, 0.2258 -1.4469 3.7076, 0.2252 -1.4469 3.7052, 0.2252 -1.4508 3.7052, 0.2247 -1.4469 3.7034, 0.2247 -1.4508 3.7034, 0.2245 -1.4508 3.7034, 0.2245 -1.4469 3.7034, 0.2234 -1.4508 3.7076, 0.2234 -1.4469 3.7076, 0.21 -1.4469 3.7462, 0.21 -1.4508 3.7462, 0.2143 -1.4469 3.7337, 0.1999 -1.4508 3.7462, 0.1999 -1.4469 3.7462, 0.2201 -1.4469 3.695, 0.2201 -1.4508 3.695, 0.2143 -1.4469 3.7095, 0.2161 -1.4469 3.6856, 0.2161 -1.4508 3.6856, 0.2198 -1.4469 3.6943, 0.2143 -1.4469 3.6824, 0.2143 -1.4469 3.6824, 0.2127 -1.4508 3.6805, 0.2143 -1.4508 3.6824, 0.2127 -1.4469 3.6805, 0.211 -1.4469 3.6794, 0.211 -1.4508 3.6794, 0.209 -1.4469 3.6786, 0.209 -1.4508 3.6786, 0.2069 -1.4469 3.6784, 0.2069 -1.4508 3.6784, 0.2036 -1.4469 3.6788, 0.2036 -1.4508 3.6788, 0.2018 -1.4469 3.6794, 0.2018 -1.4508 3.6794, 0.2018 -1.4508 3.6714, 0.2018 -1.4469 3.6714, 0.2056 -1.4469 3.6708, 0.2056 -1.4508 3.6708, 0.2076 -1.4469 3.6707, 0.2076 -1.4508 3.6707, 0.2112 -1.4469 3.6711, 0.2112 -1.4508 3.6711, 0.2143 -1.4469 3.6723, 0.2148 -1.4508 3.6725, 0.2148 -1.4469 3.6725, 0.2179 -1.4469 3.6747, 0.2179 -1.4508 3.6747, 0.2185 -1.4469 3.6752, 0.2185 -1.4508 3.6752, 0.2218 -1.4469 3.6792, 0.2218 -1.4508 3.6792, 0.2259 -1.4469 3.6871, 0.2259 -1.4508 3.6871, 0.2492 -1.4469 3.7462, 0.2492 -1.4508 3.7462, 0.2287 -1.4469 3.6943, 0.2399 -1.4508 3.7462, 0.2399 -1.4469 3.7462, 0.1745 -1.4469 3.6937, 0.1803 -1.4469 3.6943, 0.1745 -1.4508 3.6937, 0.1818 -1.4508 3.6944, 0.1818 -1.4469 3.6944, 0.1867 -1.4469 3.6961, 0.1867 -1.4508 3.6961, 0.1894 -1.4469 3.6977, 0.1894 -1.4508 3.6977, 0.192 -1.4469 3.7, 0.192 -1.4508 3.7, 0.1937 -1.4469 3.7024, 0.1937 -1.4508 3.7024, 0.1948 -1.4469 3.7052, 0.1948 -1.4508 3.7052, 0.1952 -1.4469 3.7088, 0.1952 -1.4508 3.7088, 0.1949 -1.4469 3.7122, 0.1949 -1.4508 3.7122, 0.1939 -1.4469 3.7149, 0.1939 -1.4508 3.7149, 0.1922 -1.4469 3.7173, 0.1922 -1.4508 3.7173, 0.1901 -1.4469 3.7192, 0.1901 -1.4508 3.7192, 0.1841 -1.4469 3.7226, 0.1841 -1.4508 3.7226, 0.1806 -1.4469 3.724, 0.1806 -1.4508 3.724, 0.175 -1.4469 3.7264, 0.175 -1.4508 3.7264, 0.1718 -1.4469 3.7284, 0.1718 -1.4508 3.7284, 0.171 -1.4469 3.7294, 0.171 -1.4508 3.7294, 0.1703 -1.4469 3.7306, 0.1703 -1.4508 3.7306, 0.17 -1.4469 3.732, 0.17 -1.4508 3.732, 0.1699 -1.4469 3.7332, 0.1699 -1.4508 3.7332, 0.17 -1.4469 3.7346, 0.17 -1.4508 3.7346, 0.1705 -1.4469 3.7358, 0.1705 -1.4508 3.7358, 0.1713 -1.4469 3.737, 0.1713 -1.4508 3.737, 0.1726 -1.4469 3.7382, 0.1726 -1.4508 3.7382, 0.1746 -1.4469 3.7392, 0.1746 -1.4508 3.7392, 0.177 -1.4469 3.7399, 0.177 -1.4508 3.7399, 0.1797 -1.4469 3.7401, 0.1797 -1.4508 3.7401, 0.1856 -1.4469 3.7394, 0.1856 -1.4508 3.7394, 0.1907 -1.4469 3.7376, 0.1907 -1.4508 3.7376, 0.1928 -1.4469 3.7364, 0.1928 -1.4508 3.7364, 0.1928 -1.4508 3.7451, 0.1928 -1.4469 3.7451, 0.1856 -1.4469 3.7471, 0.1856 -1.4508 3.7471, 0.1806 -1.4469 3.7474, 0.1806 -1.4508 3.7474, 0.174 -1.4469 3.7467, 0.174 -1.4508 3.7467, 0.169 -1.4469 3.7449, 0.169 -1.4508 3.7449, 0.1664 -1.4469 3.7433, 0.1664 -1.4508 3.7433, 0.1647 -1.4469 3.7418, 0.1637 -1.4508 3.7409, 0.1637 -1.4469 3.7409, 0.162 -1.4469 3.7385, 0.162 -1.4508 3.7385, 0.161 -1.4469 3.7356, 0.161 -1.4508 3.7356, 0.1606 -1.4469 3.7324, 0.1606 -1.4508 3.7324, 0.161 -1.4469 3.7289, 0.161 -1.4508 3.7289, 0.162 -1.4469 3.7261, 0.162 -1.4508 3.7261, 0.1632 -1.4469 3.7242, 0.1632 -1.4508 3.7242, 0.1742 -1.4469 3.7174, 0.1742 -1.4508 3.7174, 0.1689 -1.4508 3.7199, 0.1646 -1.4469 3.7227, 0.1646 -1.4508 3.7227, 0.1647 -1.4469 3.7226, 0.1689 -1.4469 3.7199, 0.1802 -1.4469 3.715, 0.1802 -1.4508 3.715, 0.1837 -1.4469 3.7128, 0.1837 -1.4508 3.7128, 0.1848 -1.4469 3.7117, 0.1848 -1.4508 3.7117, 0.1855 -1.4469 3.7105, 0.1855 -1.4508 3.7105, 0.1859 -1.4469 3.7091, 0.1859 -1.4508 3.7091, 0.186 -1.4469 3.708, 0.186 -1.4508 3.708, 0.1858 -1.4469 3.7062, 0.1858 -1.4508 3.7062, 0.1853 -1.4469 3.705, 0.1853 -1.4508 3.705, 0.1846 -1.4469 3.7038, 0.1846 -1.4508 3.7038, 0.1835 -1.4469 3.7029, 0.1835 -1.4508 3.7029, 0.1827 -1.4469 3.7024, 0.1827 -1.4508 3.7024, 0.1804 -1.4469 3.7015, 0.1804 -1.4508 3.7015, 0.1758 -1.4469 3.701, 0.1758 -1.4508 3.701, 0.1754 -1.4469 3.701, 0.1754 -1.4508 3.701, 0.1605 -1.4469 3.706, 0.1605 -1.4508 3.706, 0.1641 -1.4508 3.7038, 0.1697 -1.4469 3.7017, 0.1697 -1.4508 3.7017, 0.1647 -1.4469 3.7036, 0.1641 -1.4469 3.7038, 0.1605 -1.4508 3.6967, 0.1605 -1.4469 3.6967, 0.167 -1.4508 3.6944, 0.1647 -1.4469 3.6952, 0.1685 -1.4469 3.6943, 0.167 -1.4469 3.6944, 0.1393 -1.4508 3.6949, 0.1483 -1.4508 3.6949, 0.1393 -1.4508 3.7028, 0.1483 -1.4508 3.7279, 0.1393 -1.4508 3.7275, 0.1198 -1.4508 3.7168, 0.122 -1.4508 3.7178, 0.1391 -1.4508 3.7028, 0.1343 -1.4508 3.7041, 0.1377 -1.4508 3.7007, 0.1318 -1.4508 3.7024, 0.1273 -1.4508 3.719, 0.1393 -1.4508 3.7206, 0.1393 -1.4508 3.7157, 0.1393 -1.4508 3.7151, 0.1387 -1.4508 3.7111, 0.1374 -1.4508 3.7079, 0.1355 -1.4508 3.7052, 0.139 -1.4508 3.7315, 0.1477 -1.4508 3.7346, 0.1381 -1.4508 3.7347, 0.1463 -1.4508 3.7387, 0.137 -1.4508 3.7366, 0.1445 -1.4508 3.7417, 0.1357 -1.4508 3.738, 0.1421 -1.4508 3.744, 0.1341 -1.4508 3.739, 0.1391 -1.4508 3.7457, 0.132 -1.4508 3.7398, 0.1353 -1.4508 3.7469, 0.1289 -1.4508 3.7401, 0.1298 -1.4508 3.7474, 0.1235 -1.4508 3.7395, 0.1213 -1.4508 3.7465, 0.1179 -1.4508 3.7376, 0.1145 -1.4508 3.744, 0.1121 -1.4508 3.7339, 0.1121 -1.4508 3.7426, 0.1181 -1.4508 3.7041, 0.1115 -1.4508 3.6977, 0.1188 -1.4508 3.7034, 0.1145 -1.4508 3.6956, 0.1206 -1.4508 3.7021, 0.118 -1.4508 3.6943, 0.1227 -1.4508 3.7014, 0.1234 -1.4508 3.6937, 0.1257 -1.4508 3.701, 0.128 -1.4508 3.6942, 0.1291 -1.4508 3.7014, 0.1317 -1.4508 3.6955, 0.1348 -1.4508 3.6976, 0.1163 -1.4508 3.7108, 0.1071 -1.4508 3.7099, 0.1162 -1.4508 3.7094, 0.1071 -1.4508 3.7086, 0.1164 -1.4508 3.7073, 0.1075 -1.4508 3.7045, 0.117 -1.4508 3.7056, 0.1086 -1.4508 3.7015, 0.1105 -1.4508 3.6987, 0.1241 -1.4508 3.7254, 0.1175 -1.4508 3.7238, 0.1186 -1.4508 3.7159, 0.1136 -1.4508 3.7218, 0.1175 -1.4508 3.7145, 0.1108 -1.4508 3.7195, 0.1167 -1.4508 3.7128, 0.109 -1.4508 3.7169, 0.1077 -1.4508 3.7138, 0.1289 -1.4469 3.7401, 0.132 -1.4469 3.7398, 0.1341 -1.4469 3.739, 0.1357 -1.4469 3.738, 0.137 -1.4469 3.7366, 0.1381 -1.4469 3.7347, 0.139 -1.4469 3.7315, 0.1393 -1.4469 3.7275, 0.1241 -1.4469 3.7254, 0.1175 -1.4469 3.7238, 0.1136 -1.4469 3.7218, 0.1108 -1.4469 3.7195, 0.109 -1.4469 3.7169, 0.1077 -1.4469 3.7138, 0.1071 -1.4469 3.7099, 0.1071 -1.4469 3.7086, 0.1075 -1.4469 3.7045, 0.1086 -1.4469 3.7015, 0.1105 -1.4469 3.6987, 0.1115 -1.4469 3.6977, 0.1234 -1.4469 3.6937, 0.1181 -1.4469 3.6943, 0.118 -1.4469 3.6943, 0.1145 -1.4469 3.6956, 0.128 -1.4469 3.6942, 0.1283 -1.4469 3.6943, 0.1317 -1.4469 3.6955, 0.1348 -1.4469 3.6976, 0.1377 -1.4469 3.7007, 0.1391 -1.4469 3.7028, 0.1393 -1.4469 3.7028, 0.1393 -1.4469 3.6949, 0.1483 -1.4469 3.6949, 0.1483 -1.4469 3.7279, 0.1477 -1.4469 3.7346, 0.1463 -1.4469 3.7387, 0.1445 -1.4469 3.7417, 0.1421 -1.4469 3.744, 0.1391 -1.4469 3.7457, 0.1353 -1.4469 3.7469, 0.1298 -1.4469 3.7474, 0.1213 -1.4469 3.7465, 0.1145 -1.4469 3.744, 0.1121 -1.4469 3.7426, 0.1121 -1.4469 3.7339, 0.1179 -1.4469 3.7376, 0.1235 -1.4469 3.7395, 0.1355 -1.4469 3.7052, 0.1343 -1.4469 3.7041, 0.1318 -1.4469 3.7024, 0.1291 -1.4469 3.7014, 0.1257 -1.4469 3.701, 0.1393 -1.4469 3.7157, 0.1393 -1.4469 3.7151, 0.1387 -1.4469 3.7111, 0.1374 -1.4469 3.7079, 0.1393 -1.4469 3.7206, 0.1273 -1.4469 3.719, 0.1186 -1.4469 3.7159, 0.1198 -1.4469 3.7168, 0.122 -1.4469 3.7178, 0.1162 -1.4469 3.7094, 0.1163 -1.4469 3.7108, 0.1167 -1.4469 3.7128, 0.1175 -1.4469 3.7145, 0.1188 -1.4469 3.7034, 0.1181 -1.4469 3.7041, 0.117 -1.4469 3.7056, 0.1164 -1.4469 3.7073, 0.1227 -1.4469 3.7014, 0.1206 -1.4469 3.7021
            ]
        }
        coordIndex [
            0,1,2,-1,0,2,3,-1,3,2,4,-1,3,4,5,-1,6,5,7,-1,7,5,4,-1,8,6,9,-1,9,6,7,-1,10,11,12,-1,12,11,8,-1,12,8,9,-1,13,11,14,-1,14,11,10,-1,15,16,17,-1,17,16,13,-1,17,13,14,-1,18,19,20,-1,20,19,16,-1,20,16,15,-1,19,18,21,-1,22,23,21,-1,21,23,24,-1,21,24,19,-1,22,25,23,-1,23,25,26,-1,23,26,27,-1,27,26,28,-1,27,28,29,-1,29,28,30,-1,29,30,31,-1,31,30,32,-1,31,32,33,-1,33,32,34,-1,33,34,35,-1,36,35,37,-1,37,35,34,-1,36,37,38,-1,36,38,39,-1,39,38,40,-1,39,40,41,-1,41,40,42,-1,41,42,43,-1,43,42,44,-1,43,44,45,-1,44,46,45,-1,45,46,47,-1,45,47,48,-1,48,47,49,-1,48,49,50,-1,50,49,51,-1,50,51,52,-1,52,51,53,-1,52,53,54,-1,55,56,57,-1,57,56,54,-1,57,54,53,-1,58,56,59,-1,59,56,55,-1,0,58,1,-1,1,58,59,-1,3,5,54,-1,56,58,54,-1,54,58,0,-1,54,0,3,-1,11,13,8,-1,8,13,16,-1,8,16,6,-1,52,24,50,-1,50,24,23,-1,35,36,33,-1,33,36,39,-1,33,39,31,-1,31,39,41,-1,31,41,29,-1,29,41,43,-1,29,43,27,-1,27,43,45,-1,27,45,23,-1,23,45,48,-1,23,48,50,-1,5,6,54,-1,54,6,16,-1,54,16,52,-1,52,16,19,-1,52,19,24,-1,60,61,62,-1,62,61,63,-1,61,64,63,-1,63,64,65,-1,63,65,66,-1,66,65,67,-1,66,67,68,-1,68,67,69,-1,68,69,70,-1,70,69,71,-1,70,71,72,-1,72,71,73,-1,72,73,74,-1,74,73,75,-1,74,75,76,-1,76,75,77,-1,76,77,78,-1,78,77,79,-1,78,79,80,-1,80,79,81,-1,80,81,82,-1,82,81,83,-1,82,83,84,-1,84,83,85,-1,84,85,86,-1,86,85,87,-1,86,87,88,-1,88,87,89,-1,88,89,90,-1,90,89,91,-1,90,91,92,-1,92,91,93,-1,92,93,94,-1,94,93,95,-1,94,95,96,-1,96,95,97,-1,96,97,98,-1,98,97,99,-1,98,99,100,-1,100,99,101,-1,100,101,102,-1,102,101,103,-1,102,103,104,-1,104,103,105,-1,104,105,106,-1,106,105,107,-1,106,107,108,-1,108,107,109,-1,108,109,110,-1,110,109,111,-1,110,111,112,-1,112,111,113,-1,112,113,114,-1,114,113,115,-1,114,115,116,-1,116,115,117,-1,116,117,118,-1,118,117,119,-1,118,119,120,-1,121,120,122,-1,122,120,119,-1,121,122,123,-1,121,123,124,-1,124,123,125,-1,124,125,126,-1,126,125,127,-1,126,127,128,-1,128,127,129,-1,128,129,130,-1,130,129,131,-1,130,131,132,-1,131,133,132,-1,132,133,134,-1,133,135,134,-1,134,135,136,-1,134,136,137,-1,137,136,138,-1,137,138,139,-1,139,138,140,-1,139,140,141,-1,141,140,142,-1,141,142,143,-1,143,142,144,-1,143,144,145,-1,145,144,146,-1,145,146,147,-1,148,149,150,-1,147,146,151,-1,147,151,152,-1,152,151,153,-1,152,153,150,-1,150,153,154,-1,150,154,148,-1,149,148,155,-1,149,155,156,-1,156,155,157,-1,156,157,158,-1,158,157,159,-1,158,159,160,-1,160,159,161,-1,160,161,162,-1,162,161,163,-1,162,163,164,-1,164,163,165,-1,164,165,166,-1,166,165,167,-1,166,167,168,-1,168,167,169,-1,168,169,170,-1,170,169,171,-1,170,171,172,-1,172,171,173,-1,172,173,174,-1,174,173,175,-1,174,175,176,-1,176,175,177,-1,176,177,178,-1,178,177,179,-1,178,179,180,-1,180,179,181,-1,180,181,182,-1,183,184,185,-1,182,181,186,-1,182,186,187,-1,187,186,188,-1,187,188,185,-1,185,188,189,-1,185,189,183,-1,190,184,191,-1,191,184,183,-1,190,191,192,-1,192,191,193,-1,60,62,194,-1,194,62,192,-1,194,192,195,-1,195,192,193,-1,106,108,130,-1,130,108,128,-1,156,88,149,-1,149,88,90,-1,66,68,172,-1,172,68,70,-1,172,70,170,-1,170,70,72,-1,170,72,168,-1,168,72,74,-1,168,74,166,-1,166,74,76,-1,166,76,164,-1,164,76,78,-1,164,78,162,-1,162,78,80,-1,162,80,160,-1,160,80,82,-1,160,82,158,-1,158,82,84,-1,158,84,156,-1,156,84,86,-1,156,86,88,-1,62,182,192,-1,192,182,187,-1,192,187,190,-1,190,187,185,-1,190,185,184,-1,108,110,128,-1,128,110,112,-1,128,112,126,-1,126,112,114,-1,126,114,124,-1,124,114,116,-1,124,116,121,-1,121,116,118,-1,121,118,120,-1,172,174,66,-1,66,174,176,-1,66,176,63,-1,63,176,178,-1,63,178,62,-1,62,178,180,-1,62,180,182,-1,130,132,106,-1,106,132,134,-1,106,134,104,-1,104,134,137,-1,104,137,102,-1,102,137,139,-1,102,139,100,-1,100,139,141,-1,100,141,98,-1,98,141,143,-1,98,143,96,-1,96,143,145,-1,96,145,94,-1,94,145,147,-1,94,147,92,-1,92,147,152,-1,92,152,90,-1,90,152,150,-1,90,150,149,-1,196,197,198,-1,198,197,199,-1,200,201,202,-1,203,204,205,-1,205,204,206,-1,207,208,199,-1,199,208,209,-1,209,210,199,-1,199,210,211,-1,199,211,198,-1,198,211,212,-1,198,212,203,-1,203,212,213,-1,203,213,204,-1,202,207,200,-1,200,207,199,-1,200,199,214,-1,214,199,215,-1,214,215,216,-1,216,215,217,-1,216,217,218,-1,218,217,219,-1,218,219,220,-1,220,219,221,-1,220,221,222,-1,222,221,223,-1,222,223,224,-1,224,223,225,-1,224,225,226,-1,226,225,227,-1,226,227,228,-1,228,227,229,-1,228,229,230,-1,230,229,231,-1,230,231,232,-1,232,231,233,-1,234,235,236,-1,236,235,237,-1,236,237,238,-1,238,237,239,-1,238,239,240,-1,240,239,241,-1,240,241,242,-1,242,241,243,-1,242,243,244,-1,244,243,245,-1,244,245,206,-1,206,245,246,-1,206,246,205,-1,247,248,249,-1,249,248,250,-1,249,250,251,-1,251,250,252,-1,251,252,253,-1,253,252,254,-1,253,254,234,-1,234,254,255,-1,234,255,235,-1,200,256,201,-1,201,256,257,-1,201,257,258,-1,258,257,259,-1,258,259,260,-1,260,259,261,-1,260,261,262,-1,262,261,263,-1,262,263,247,-1,247,263,264,-1,247,264,248,-1,226,265,266,-1,226,266,224,-1,224,266,267,-1,224,267,222,-1,222,267,268,-1,222,268,220,-1,220,268,269,-1,220,269,218,-1,218,269,270,-1,218,270,216,-1,216,270,271,-1,216,271,214,-1,214,271,272,-1,214,272,200,-1,256,200,273,-1,273,200,272,-1,256,273,274,-1,256,274,257,-1,257,274,275,-1,257,275,259,-1,259,275,276,-1,259,276,261,-1,261,276,277,-1,261,277,263,-1,263,277,278,-1,263,278,264,-1,264,278,279,-1,264,279,248,-1,248,279,280,-1,248,280,250,-1,250,280,281,-1,250,281,252,-1,252,281,282,-1,252,282,254,-1,254,282,283,-1,254,283,255,-1,255,283,284,-1,255,284,235,-1,285,241,286,-1,286,241,239,-1,286,239,287,-1,287,239,237,-1,287,237,288,-1,288,237,235,-1,288,235,284,-1,241,285,289,-1,241,289,243,-1,243,289,290,-1,243,290,245,-1,290,291,245,-1,245,291,292,-1,245,292,246,-1,246,292,293,-1,246,293,205,-1,205,293,294,-1,205,294,203,-1,198,203,295,-1,295,203,294,-1,196,198,296,-1,296,198,295,-1,197,196,297,-1,297,196,296,-1,199,197,298,-1,298,197,297,-1,199,298,299,-1,199,299,215,-1,215,299,300,-1,215,300,217,-1,217,300,301,-1,217,301,219,-1,219,301,302,-1,219,302,221,-1,221,302,303,-1,221,303,223,-1,223,303,304,-1,223,304,225,-1,225,304,305,-1,225,305,227,-1,227,305,306,-1,227,306,229,-1,229,306,307,-1,229,307,231,-1,231,307,308,-1,231,308,233,-1,232,233,309,-1,309,233,308,-1,232,309,310,-1,232,310,230,-1,230,310,311,-1,230,311,228,-1,228,311,265,-1,228,265,226,-1,213,312,313,-1,213,313,204,-1,204,313,314,-1,204,314,206,-1,206,314,315,-1,206,315,244,-1,244,315,316,-1,244,316,242,-1,209,317,318,-1,209,318,210,-1,210,318,319,-1,210,319,211,-1,211,319,320,-1,211,320,212,-1,212,320,312,-1,212,312,213,-1,209,208,317,-1,317,208,321,-1,208,207,321,-1,321,207,322,-1,258,323,324,-1,258,324,201,-1,201,324,325,-1,201,325,202,-1,202,325,322,-1,202,322,207,-1,249,326,327,-1,249,327,247,-1,247,327,328,-1,247,328,262,-1,262,328,329,-1,262,329,260,-1,260,329,323,-1,260,323,258,-1,236,330,331,-1,236,331,234,-1,234,331,332,-1,234,332,253,-1,253,332,333,-1,253,333,251,-1,251,333,326,-1,251,326,249,-1,242,316,334,-1,242,334,240,-1,240,334,335,-1,240,335,238,-1,238,335,330,-1,238,330,236,-1,
        ]
    }
}
Shape{
    appearance Appearance {
        material  Material 	{
            diffuseColor 0.20784313725490197 0.20784313725490197 0.20784313725490197
            specularColor 0.01568627450980392 0.01568627450980392 0.01568627450980392
            ambientIntensity 0.298
            transparency 0.0
            shininess 0.5
        }
    }
    geometry IndexedFaceSet {
        ccw TRUE
        solid FALSE
        coord DEF co Coordinate {
            point [
                0.1393 -1.4469 3.7206, 0.1273 -1.4469 3.719, 0.1393 -1.4469 3.7157, 0.122 -1.4469 3.7178, 0.1198 -1.4469 3.7168, 0.1186 -1.4469 3.7159, 0.1393 -1.4469 3.7151, 0.1387 -1.4469 3.7111, 0.1175 -1.4469 3.7145, 0.1374 -1.4469 3.7079, 0.1181 -1.4469 3.7041, 0.1188 -1.4469 3.7034, 0.1343 -1.4469 3.7041, 0.117 -1.4469 3.7056, 0.1318 -1.4469 3.7024, 0.1291 -1.4469 3.7014, 0.1257 -1.4469 3.701, 0.1167 -1.4469 3.7128, 0.1163 -1.4469 3.7108, 0.1355 -1.4469 3.7052, 0.1162 -1.4469 3.7094, 0.1164 -1.4469 3.7073, 0.1206 -1.4469 3.7021, 0.1227 -1.4469 3.7014
            ]
        }
        coordIndex [
            0,1,2,-1,2,1,3,-1,3,4,2,-1,2,4,5,-1,2,5,6,-1,6,5,7,-1,7,5,8,-1,7,8,9,-1,10,11,12,-1,10,12,13,-1,14,12,15,-1,15,12,16,-1,8,17,9,-1,9,17,18,-1,9,18,19,-1,19,18,20,-1,19,20,12,-1,12,20,21,-1,12,21,13,-1,11,22,12,-1,12,22,23,-1,12,23,16,-1,
        ]
    }
}
Shape{
    appearance Appearance {
        material  Material 	{
            diffuseColor 1.0 1.0 1.0
            specularColor 0.5019607843137255 0.5019607843137255 0.5019607843137255
            ambientIntensity 1.0
            transparency 0.0
            shininess 0.5
        }
    }
    geometry IndexedFaceSet {
        ccw TRUE
        solid FALSE
        coord DEF co Coordinate {
            point [
                -0.2715 -1.4508 3.8186, -0.2602 -1.4508 3.8247, -0.2627 -1.4508 3.8562, -0.1727 -1.4508 3.6824, -0.1666 -1.4508 3.6938, -0.1635 -1.4508 3.7064, -0.0489 -1.4508 3.7321, -0.0578 -1.4508 3.7278, -0.0497 -1.4508 3.6975, -0.2338 -1.4508 3.7052, -0.2347 -1.4508 3.71, -0.2624 -1.4508 3.7299, -0.2424 -1.4508 3.8587, -0.0916 -1.4508 3.7549, -0.1075 -1.4508 3.782, -0.1632 -1.4508 3.7171, -0.176 -1.4508 3.7463, -0.1632 -1.4508 3.712, -0.1905 -1.4508 3.6668, -0.1803 -1.4508 3.6739, -0.2307 -1.4508 3.8577, -0.2148 -1.4508 3.8204, -0.2084 -1.4508 3.8343, -0.2629 -1.4508 3.6956, -0.2694 -1.4508 3.6976, -0.2734 -1.4508 3.7367, -0.2318 -1.4508 3.7009, -0.25 -1.4508 3.6751, -0.2576 -1.4508 3.6844, -0.0645 -1.4508 3.6946, -0.0676 -1.4508 3.7258, -0.0947 -1.4508 3.6946, -0.0906 -1.4508 3.7258, -0.0976 -1.4508 3.6951, -0.2202 -1.4508 3.8699, -0.1975 -1.4508 3.8484, -0.2082 -1.4508 3.8802, -0.1835 -1.4508 3.8593, -0.1958 -1.4508 3.8879, -0.2476 -1.4508 3.8277, -0.2419 -1.4508 3.8281, -0.2366 -1.4508 3.8584, -0.2301 -1.4508 3.8266, -0.2187 -1.4508 3.8225, -0.1986 -1.4508 3.6999, -0.2014 -1.4508 3.6968, -0.2053 -1.4508 3.694, -0.2019 -1.4508 3.6624, -0.2097 -1.4508 3.6922, -0.2143 -1.4508 3.6609, -0.2148 -1.4508 3.6916, -0.216 -1.4508 3.6609, -0.2157 -1.4508 3.6916, -0.2281 -1.4508 3.6627, -0.2203 -1.4508 3.6923, -0.2399 -1.4508 3.6676, -0.2249 -1.4508 3.6943, -0.2288 -1.4508 3.6973, -0.1962 -1.4508 3.7186, -0.195 -1.4508 3.7139, -0.195 -1.4508 3.7092, -0.1963 -1.4508 3.7043, -0.0748 -1.4508 3.8056, -0.0707 -1.4508 3.8056, -0.0497 -1.4508 3.8332, -0.0606 -1.4508 3.8043, -0.0452 -1.4508 3.8316, -0.0517 -1.4508 3.8007, -0.0302 -1.4508 3.8235, -0.0438 -1.4508 3.7951, -0.0167 -1.4508 3.8114, -0.039 -1.4508 3.7898, -0.0067 -1.4508 3.7966, -0.0339 -1.4508 3.7812, -0.0009 -1.4508 3.7809, -0.0312 -1.4508 3.7715, 0.0009 -1.4508 3.7662, -0.0308 -1.4508 3.7657, 0.0008 -1.4508 3.7624, -0.0321 -1.4508 3.7553, -0.1722 -1.4508 3.897, -0.167 -1.4508 3.8665, -0.1468 -1.4508 3.9001, -0.2915 -1.4508 3.7894, -0.3251 -1.4508 3.7807, -0.2931 -1.4508 3.7769, -0.3253 -1.4508 3.7759, -0.2925 -1.4508 3.7694, -0.3228 -1.4508 3.7557, -0.2889 -1.4508 3.7568, -0.3154 -1.4508 3.7367, -0.2826 -1.4508 3.7461, -0.3038 -1.4508 3.7202, -0.2879 -1.4508 3.7066, -0.2345 -1.4508 3.715, -0.233 -1.4508 3.7198, -0.2568 -1.4508 3.7408, -0.2303 -1.4508 3.724, -0.2484 -1.4508 3.7504, -0.2283 -1.4508 3.7262, -0.238 -1.4508 3.7577, -0.2243 -1.4508 3.729, -0.2267 -1.4508 3.7621, -0.2198 -1.4508 3.7308, -0.2143 -1.4508 3.7636, -0.2148 -1.4508 3.7314, -0.2085 -1.4508 3.7633, -0.2106 -1.4508 3.731, -0.1962 -1.4508 3.7604, -0.2058 -1.4508 3.7293, -0.1852 -1.4508 3.7546, -0.2017 -1.4508 3.7265, -0.1984 -1.4508 3.7228, -0.0339 -1.4508 3.7046, -0.0203 -1.4508 3.7152, -0.0413 -1.4508 3.7385, -0.018 -1.4508 3.7176, -0.0358 -1.4508 3.7462, -0.009 -1.4508 3.7297, -0.0021 -1.4508 3.7457, -0.0773 -1.4508 3.8736, -0.0921 -1.4508 3.8447, -0.0606 -1.4508 3.8542, -0.082 -1.4508 3.8297, -0.0759 -1.4508 3.8125, -0.2816 -1.4508 3.8488, -0.2978 -1.4508 3.8374, -0.28 -1.4508 3.811, -0.3012 -1.4508 3.8342, -0.2871 -1.4508 3.8008, -0.3136 -1.4508 3.8183, -0.3217 -1.4508 3.7999, -0.0932 -1.4508 3.7263, -0.1055 -1.4508 3.7, -0.1043 -1.4508 3.6988, -0.15 -1.4508 3.8694, -0.1463 -1.4508 3.8695, -0.1258 -1.4508 3.8979, -0.1313 -1.4508 3.8679, -0.1001 -1.4508 3.8889, -0.1151 -1.4508 3.8623, -0.1005 -1.4508 3.8528, -0.0916 -1.4508 3.7259, -0.101 -1.4508 3.6964, -0.1095 -1.4508 3.7105, -0.109 -1.4508 3.7067, -0.1077 -1.4508 3.7032, -0.0976 -1.4508 3.7258, -0.1012 -1.4508 3.7244, -0.1094 -1.4508 3.7125, -0.1043 -1.4508 3.7222, -0.1064 -1.4508 3.7199, -0.1084 -1.4508 3.7164, -0.0937 -1.4508 3.7263, -0.0146 -1.4469 3.8083, -0.0067 -1.4469 3.7966, -0.0033 -1.4469 3.7872, -0.0009 -1.4469 3.7809, 0.0009 -1.4469 3.7662, -0.0167 -1.4469 3.8114, -0.0302 -1.4469 3.8235, -0.0452 -1.4469 3.8316, -0.0497 -1.4469 3.8332, -0.0606 -1.4469 3.8542, -0.0773 -1.4469 3.8736, -0.0891 -1.4469 3.8814, -0.1001 -1.4469 3.8889, -0.1258 -1.4469 3.8979, -0.1468 -1.4469 3.9001, -0.1722 -1.4469 3.897, -0.1958 -1.4469 3.8879, -0.2062 -1.4469 3.8814, -0.2082 -1.4469 3.8802, -0.2202 -1.4469 3.8699, -0.2307 -1.4469 3.8577, -0.2366 -1.4469 3.8584, -0.2424 -1.4469 3.8587, -0.2627 -1.4469 3.8562, -0.2816 -1.4469 3.8488, -0.2978 -1.4469 3.8374, -0.3012 -1.4469 3.8342, -0.3136 -1.4469 3.8183, -0.318 -1.4469 3.8083, -0.3217 -1.4469 3.7999, -0.324 -1.4469 3.7872, -0.3251 -1.4469 3.7807, -0.3253 -1.4469 3.7759, -0.3228 -1.4469 3.7557, -0.3154 -1.4469 3.7367, -0.3038 -1.4469 3.7202, -0.2879 -1.4469 3.7066, -0.2694 -1.4469 3.6976, -0.2629 -1.4469 3.6956, -0.2622 -1.4469 3.6943, -0.2576 -1.4469 3.6844, -0.25 -1.4469 3.6751, -0.2399 -1.4469 3.6676, -0.2355 -1.4469 3.6658, -0.2281 -1.4469 3.6627, -0.216 -1.4469 3.6609, -0.2143 -1.4469 3.6609, -0.1632 -1.4469 3.712, -0.2019 -1.4469 3.6624, -0.1932 -1.4469 3.6658, -0.1905 -1.4469 3.6668, -0.1803 -1.4469 3.6739, -0.1727 -1.4469 3.6824, -0.1666 -1.4469 3.6938, -0.1665 -1.4469 3.6943, -0.1635 -1.4469 3.7064, -0.1632 -1.4469 3.7171, -0.0916 -1.4469 3.7549, -0.1075 -1.4469 3.782, -0.176 -1.4469 3.7463, -0.1852 -1.4469 3.7546, -0.1962 -1.4469 3.7604, -0.2085 -1.4469 3.7633, -0.2143 -1.4469 3.7636, -0.2267 -1.4469 3.7621, -0.238 -1.4469 3.7577, -0.2484 -1.4469 3.7504, -0.2568 -1.4469 3.7408, -0.2624 -1.4469 3.7299, -0.2734 -1.4469 3.7367, -0.2826 -1.4469 3.7461, -0.2889 -1.4469 3.7568, -0.2925 -1.4469 3.7694, -0.2931 -1.4469 3.7769, -0.2918 -1.4469 3.7872, -0.2915 -1.4469 3.7894, -0.2871 -1.4469 3.8008, -0.2818 -1.4469 3.8083, -0.28 -1.4469 3.811, -0.2715 -1.4469 3.8186, -0.2602 -1.4469 3.8247, -0.2476 -1.4469 3.8277, -0.2419 -1.4469 3.8281, -0.2301 -1.4469 3.8266, -0.2187 -1.4469 3.8225, -0.2148 -1.4469 3.8204, -0.2084 -1.4469 3.8343, -0.1975 -1.4469 3.8484, -0.1835 -1.4469 3.8593, -0.167 -1.4469 3.8665, -0.15 -1.4469 3.8694, -0.1463 -1.4469 3.8695, -0.1313 -1.4469 3.8679, -0.1151 -1.4469 3.8623, -0.1005 -1.4469 3.8528, -0.0921 -1.4469 3.8447, -0.082 -1.4469 3.8297, -0.0759 -1.4469 3.8125, -0.0752 -1.4469 3.8083, -0.0748 -1.4469 3.8056, -0.0707 -1.4469 3.8056, -0.0606 -1.4469 3.8043, -0.0517 -1.4469 3.8007, -0.0438 -1.4469 3.7951, -0.039 -1.4469 3.7898, -0.0375 -1.4469 3.7872, -0.0339 -1.4469 3.7812, -0.0312 -1.4469 3.7715, -0.0308 -1.4469 3.7657, -0.0321 -1.4469 3.7553, -0.0358 -1.4469 3.7462, -0.0413 -1.4469 3.7385, -0.0489 -1.4469 3.7321, -0.0578 -1.4469 3.7278, -0.0676 -1.4469 3.7258, -0.0906 -1.4469 3.7258, -0.0916 -1.4469 3.7259, -0.0932 -1.4469 3.7263, -0.0937 -1.4469 3.7263, -0.0976 -1.4469 3.7258, -0.1012 -1.4469 3.7244, -0.1043 -1.4469 3.7222, -0.1064 -1.4469 3.7199, -0.1084 -1.4469 3.7164, -0.1094 -1.4469 3.7125, -0.1095 -1.4469 3.7105, -0.109 -1.4469 3.7067, -0.1077 -1.4469 3.7032, -0.1055 -1.4469 3.7, -0.1043 -1.4469 3.6988, -0.101 -1.4469 3.6964, -0.0976 -1.4469 3.6951, -0.0947 -1.4469 3.6946, -0.0645 -1.4469 3.6946, -0.0497 -1.4469 3.6975, -0.0339 -1.4469 3.7046, -0.0203 -1.4469 3.7152, -0.018 -1.4469 3.7176, -0.009 -1.4469 3.7297, -0.0021 -1.4469 3.7457, 0.0008 -1.4469 3.7624, -0.2148 -1.4469 3.7314, -0.2106 -1.4469 3.731, -0.2058 -1.4469 3.7293, -0.2017 -1.4469 3.7265, -0.1984 -1.4469 3.7228, -0.1962 -1.4469 3.7186, -0.195 -1.4469 3.7139, -0.195 -1.4469 3.7092, -0.1963 -1.4469 3.7043, -0.1986 -1.4469 3.6999, -0.2014 -1.4469 3.6968, -0.2053 -1.4469 3.694, -0.2097 -1.4469 3.6922, -0.2148 -1.4469 3.6916, -0.2157 -1.4469 3.6916, -0.2203 -1.4469 3.6923, -0.2249 -1.4469 3.6943, -0.2288 -1.4469 3.6973, -0.2318 -1.4469 3.7009, -0.2338 -1.4469 3.7052, -0.2347 -1.4469 3.71, -0.2345 -1.4469 3.715, -0.233 -1.4469 3.7198, -0.2303 -1.4469 3.724, -0.2283 -1.4469 3.7262, -0.2243 -1.4469 3.729, -0.2198 -1.4469 3.7308
            ]
        }
        coordIndex [
            0,1,2,-1,3,4,5,-1,6,7,8,-1,9,10,11,-1,2,1,12,-1,13,14,15,-1,15,14,16,-1,15,16,17,-1,17,16,18,-1,17,18,5,-1,5,18,19,-1,5,19,3,-1,20,21,22,-1,23,11,24,-1,24,11,25,-1,26,9,27,-1,27,9,11,-1,27,11,28,-1,28,11,23,-1,8,7,29,-1,29,7,30,-1,29,30,31,-1,31,30,32,-1,31,32,33,-1,20,22,34,-1,34,22,35,-1,34,35,36,-1,36,35,37,-1,36,37,38,-1,1,39,12,-1,12,39,40,-1,12,40,41,-1,41,40,42,-1,41,42,20,-1,20,42,43,-1,20,43,21,-1,44,45,18,-1,18,45,46,-1,18,46,47,-1,47,46,48,-1,47,48,49,-1,49,48,50,-1,49,50,51,-1,51,50,52,-1,51,52,53,-1,53,52,54,-1,53,54,55,-1,55,54,56,-1,55,56,27,-1,27,56,57,-1,27,57,26,-1,58,59,16,-1,16,59,60,-1,16,60,18,-1,18,60,61,-1,18,61,44,-1,62,63,64,-1,64,63,65,-1,64,65,66,-1,66,65,67,-1,66,67,68,-1,68,67,69,-1,68,69,70,-1,70,69,71,-1,70,71,72,-1,72,71,73,-1,72,73,74,-1,74,73,75,-1,74,75,76,-1,76,75,77,-1,76,77,78,-1,78,77,79,-1,38,37,80,-1,80,37,81,-1,80,81,82,-1,83,84,85,-1,85,84,86,-1,85,86,87,-1,87,86,88,-1,87,88,89,-1,89,88,90,-1,89,90,91,-1,91,90,92,-1,91,92,25,-1,25,92,93,-1,25,93,24,-1,10,94,11,-1,11,94,95,-1,11,95,96,-1,96,95,97,-1,96,97,98,-1,98,97,99,-1,98,99,100,-1,100,99,101,-1,100,101,102,-1,102,101,103,-1,102,103,104,-1,104,103,105,-1,104,105,106,-1,106,105,107,-1,106,107,108,-1,108,107,109,-1,108,109,110,-1,110,109,111,-1,110,111,16,-1,16,111,112,-1,16,112,58,-1,8,113,6,-1,6,113,114,-1,6,114,115,-1,115,114,116,-1,115,116,117,-1,117,116,118,-1,117,118,79,-1,79,118,119,-1,79,119,78,-1,120,121,122,-1,122,121,123,-1,122,123,64,-1,64,123,124,-1,64,124,62,-1,2,125,0,-1,0,125,126,-1,0,126,127,-1,127,126,128,-1,127,128,129,-1,129,128,130,-1,129,130,83,-1,83,130,131,-1,83,131,84,-1,132,133,134,-1,81,135,82,-1,82,135,136,-1,82,136,137,-1,137,136,138,-1,137,138,139,-1,139,138,140,-1,139,140,120,-1,120,140,141,-1,120,141,121,-1,32,142,33,-1,33,142,132,-1,33,132,143,-1,143,132,134,-1,144,145,132,-1,132,145,146,-1,132,146,133,-1,147,148,149,-1,148,150,149,-1,149,150,151,-1,149,151,152,-1,144,132,149,-1,149,132,153,-1,149,153,147,-1,154,70,155,-1,155,70,72,-1,155,72,156,-1,156,72,74,-1,156,74,157,-1,157,74,76,-1,157,76,158,-1,154,159,70,-1,70,159,160,-1,70,160,68,-1,68,160,161,-1,68,161,66,-1,66,161,162,-1,66,162,64,-1,64,162,163,-1,64,163,122,-1,122,163,164,-1,122,164,120,-1,139,120,165,-1,165,120,164,-1,165,166,139,-1,139,166,167,-1,139,167,137,-1,137,167,168,-1,137,168,82,-1,82,168,169,-1,82,169,80,-1,80,169,170,-1,80,170,38,-1,38,170,36,-1,36,170,171,-1,36,171,172,-1,36,172,173,-1,36,173,34,-1,34,173,174,-1,34,174,20,-1,20,174,175,-1,20,175,41,-1,41,175,176,-1,41,176,12,-1,12,176,177,-1,12,177,2,-1,2,177,178,-1,2,178,125,-1,125,178,179,-1,125,179,126,-1,126,179,180,-1,126,180,128,-1,131,130,181,-1,181,130,128,-1,181,128,180,-1,181,182,131,-1,131,182,183,-1,131,183,84,-1,84,183,184,-1,184,185,84,-1,84,185,186,-1,84,186,86,-1,86,186,187,-1,86,187,88,-1,88,187,188,-1,88,188,90,-1,90,188,189,-1,90,189,92,-1,92,189,190,-1,92,190,93,-1,93,190,191,-1,93,191,24,-1,24,191,192,-1,24,192,23,-1,23,192,193,-1,23,193,28,-1,193,194,28,-1,28,194,195,-1,28,195,27,-1,27,195,196,-1,27,196,55,-1,55,196,197,-1,55,197,53,-1,197,198,53,-1,53,198,199,-1,53,199,51,-1,51,199,200,-1,51,200,49,-1,201,17,5,-1,49,200,202,-1,203,18,202,-1,202,18,47,-1,202,47,49,-1,203,204,18,-1,18,204,205,-1,18,205,19,-1,19,205,206,-1,19,206,3,-1,3,206,207,-1,3,207,4,-1,4,207,208,-1,4,208,5,-1,5,208,209,-1,5,209,201,-1,15,17,210,-1,210,17,201,-1,13,15,211,-1,211,15,210,-1,14,13,212,-1,212,13,211,-1,16,14,213,-1,213,14,212,-1,16,213,214,-1,16,214,110,-1,110,214,215,-1,110,215,108,-1,108,215,216,-1,108,216,106,-1,106,216,217,-1,106,217,104,-1,104,217,218,-1,104,218,102,-1,102,218,219,-1,102,219,100,-1,100,219,220,-1,100,220,98,-1,98,220,221,-1,98,221,96,-1,96,221,222,-1,96,222,11,-1,11,222,223,-1,11,223,25,-1,25,223,224,-1,25,224,91,-1,91,224,225,-1,91,225,89,-1,89,225,226,-1,89,226,87,-1,87,226,227,-1,87,227,85,-1,85,227,228,-1,85,228,83,-1,83,228,229,-1,83,229,230,-1,231,127,230,-1,230,127,129,-1,230,129,83,-1,231,232,127,-1,127,232,233,-1,127,233,0,-1,0,233,234,-1,0,234,1,-1,1,234,235,-1,1,235,39,-1,39,235,236,-1,39,236,40,-1,40,236,237,-1,40,237,42,-1,42,237,238,-1,42,238,43,-1,43,238,239,-1,43,239,21,-1,21,239,240,-1,21,240,22,-1,22,240,241,-1,22,241,35,-1,35,241,242,-1,35,242,37,-1,37,242,243,-1,37,243,81,-1,81,243,244,-1,81,244,135,-1,135,244,245,-1,135,245,136,-1,136,245,246,-1,136,246,138,-1,138,246,247,-1,138,247,140,-1,140,247,248,-1,140,248,141,-1,141,248,249,-1,141,249,121,-1,121,249,250,-1,121,250,123,-1,123,250,251,-1,123,251,124,-1,124,251,62,-1,62,251,252,-1,62,252,253,-1,63,62,254,-1,254,62,253,-1,63,254,255,-1,63,255,65,-1,65,255,256,-1,65,256,67,-1,67,256,257,-1,67,257,69,-1,69,257,258,-1,69,258,71,-1,71,258,259,-1,71,259,73,-1,259,260,73,-1,73,260,261,-1,73,261,75,-1,75,261,262,-1,75,262,77,-1,77,262,263,-1,77,263,79,-1,79,263,264,-1,79,264,117,-1,117,264,265,-1,117,265,115,-1,115,265,266,-1,115,266,6,-1,6,266,267,-1,6,267,7,-1,7,267,268,-1,7,268,30,-1,32,30,269,-1,269,30,268,-1,32,269,270,-1,32,270,142,-1,142,270,271,-1,142,271,132,-1,132,271,272,-1,132,272,153,-1,153,272,273,-1,153,273,147,-1,147,273,274,-1,147,274,148,-1,148,274,275,-1,148,275,150,-1,150,275,276,-1,150,276,151,-1,151,276,277,-1,151,277,152,-1,152,277,278,-1,152,278,149,-1,149,278,279,-1,149,279,144,-1,144,279,280,-1,144,280,145,-1,145,280,281,-1,145,281,146,-1,146,281,282,-1,146,282,133,-1,133,282,283,-1,133,283,134,-1,134,283,284,-1,134,284,143,-1,143,284,285,-1,143,285,33,-1,33,285,286,-1,33,286,31,-1,29,31,287,-1,287,31,286,-1,29,287,288,-1,29,288,8,-1,8,288,289,-1,8,289,113,-1,113,289,290,-1,113,290,114,-1,114,290,291,-1,114,291,116,-1,116,291,292,-1,116,292,118,-1,118,292,293,-1,118,293,119,-1,119,293,294,-1,119,294,78,-1,78,294,158,-1,78,158,76,-1,105,295,296,-1,105,296,107,-1,107,296,297,-1,107,297,109,-1,109,297,298,-1,109,298,111,-1,111,298,299,-1,111,299,112,-1,112,299,300,-1,112,300,58,-1,58,300,301,-1,58,301,59,-1,59,301,302,-1,59,302,60,-1,60,302,303,-1,60,303,61,-1,61,303,304,-1,61,304,44,-1,44,304,305,-1,44,305,45,-1,45,305,306,-1,45,306,46,-1,46,306,307,-1,46,307,48,-1,48,307,308,-1,48,308,50,-1,50,308,309,-1,50,309,52,-1,52,309,310,-1,52,310,54,-1,54,310,311,-1,54,311,56,-1,56,311,312,-1,56,312,57,-1,57,312,313,-1,57,313,26,-1,26,313,314,-1,26,314,9,-1,9,314,315,-1,9,315,10,-1,10,315,316,-1,10,316,94,-1,94,316,317,-1,94,317,95,-1,95,317,318,-1,95,318,97,-1,97,318,319,-1,97,319,99,-1,99,319,320,-1,99,320,101,-1,101,320,321,-1,101,321,103,-1,103,321,295,-1,103,295,105,-1,
        ]
    }
}
Shape{
    appearance Appearance {
        material  Material 	{
            diffuseColor 0.20784313725490197 0.20784313725490197 0.20784313725490197
            specularColor 0.01568627450980392 0.01568627450980392 0.01568627450980392
            ambientIntensity 0.298
            transparency 0.0
            shininess 0.5
        }
    }
    geometry IndexedFaceSet {
        ccw TRUE
        solid FALSE
        coord DEF co Coordinate {
            point [
                -0.2157 -1.4469 3.6916, -0.2283 -1.4469 3.7262, -0.2303 -1.4469 3.724, -0.2097 -1.4469 3.6922, -0.2053 -1.4469 3.694, -0.2106 -1.4469 3.731, -0.2148 -1.4469 3.7314, -0.2198 -1.4469 3.7308, -0.2243 -1.4469 3.729, -0.2338 -1.4469 3.7052, -0.2318 -1.4469 3.7009, -0.2288 -1.4469 3.6973, -0.2148 -1.4469 3.6916, -0.233 -1.4469 3.7198, -0.2345 -1.4469 3.715, -0.2347 -1.4469 3.71, -0.2249 -1.4469 3.6943, -0.2203 -1.4469 3.6923, -0.2014 -1.4469 3.6968, -0.1986 -1.4469 3.6999, -0.1963 -1.4469 3.7043, -0.195 -1.4469 3.7092, -0.195 -1.4469 3.7139, -0.1962 -1.4469 3.7186, -0.1984 -1.4469 3.7228, -0.2017 -1.4469 3.7265, -0.2058 -1.4469 3.7293
            ]
        }
        coordIndex [
            0,1,2,-1,3,4,5,-1,6,7,0,-1,0,7,8,-1,0,8,1,-1,9,10,2,-1,2,10,11,-1,6,0,5,-1,5,0,12,-1,5,12,3,-1,13,14,2,-1,2,14,15,-1,2,15,9,-1,11,16,2,-1,2,16,17,-1,2,17,0,-1,4,18,5,-1,5,18,19,-1,5,19,20,-1,20,21,5,-1,5,21,22,-1,5,22,23,-1,23,24,5,-1,5,24,25,-1,5,25,26,-1,
        ]
    }
}
Shape{
    appearance Appearance {
        material  Material 	{
            diffuseColor 1.0 1.0 1.0
            specularColor 0.5019607843137255 0.5019607843137255 0.5019607843137255
            ambientIntensity 1.0
            transparency 0.0
            shininess 0.5
        }
    }
    geometry IndexedFaceSet {
        ccw TRUE
        solid FALSE
        coord DEF co Coordinate {
            point [
                0.2645 -1.4508 3.8633, 0.2718 -1.4508 3.8683, 0.262 -1.4508 3.8658, 0.2688 -1.4508 3.8713, 0.2565 -1.4508 3.8694, 0.2617 -1.4508 3.8762, 0.2502 -1.4508 3.8716, 0.2531 -1.4508 3.8795, 0.2413 -1.4508 3.8726, 0.2416 -1.4508 3.8808, 0.2304 -1.4508 3.8726, 0.2211 -1.4508 3.8808, 0.2304 -1.4508 3.8171, 0.2211 -1.4508 3.8089, 0.2408 -1.4508 3.8171, 0.2409 -1.4508 3.8089, 0.2498 -1.4508 3.8181, 0.2521 -1.4508 3.8102, 0.256 -1.4508 3.8203, 0.2605 -1.4508 3.8132, 0.2608 -1.4508 3.8234, 0.2675 -1.4508 3.8179, 0.2622 -1.4508 3.8246, 0.2688 -1.4508 3.819, 0.266 -1.4508 3.8294, 0.2739 -1.4508 3.825, 0.2684 -1.4508 3.8348, 0.2776 -1.4508 3.8324, 0.2697 -1.4508 3.8415, 0.2794 -1.4508 3.8407, 0.2699 -1.4508 3.8456, 0.2797 -1.4508 3.8458, 0.2691 -1.4508 3.8537, 0.2787 -1.4508 3.8549, 0.2671 -1.4508 3.8591, 0.2761 -1.4508 3.8619, 0.2688 -1.4469 3.819, 0.2739 -1.4469 3.825, 0.2776 -1.4469 3.8324, 0.2794 -1.4469 3.8407, 0.2797 -1.4469 3.8458, 0.2787 -1.4469 3.8549, 0.2761 -1.4469 3.8619, 0.2718 -1.4469 3.8683, 0.2688 -1.4469 3.8713, 0.2617 -1.4469 3.8762, 0.2531 -1.4469 3.8795, 0.2416 -1.4469 3.8808, 0.2211 -1.4469 3.8808, 0.2211 -1.4469 3.8089, 0.2409 -1.4469 3.8089, 0.2521 -1.4469 3.8102, 0.2605 -1.4469 3.8132, 0.2675 -1.4469 3.8179, 0.262 -1.4469 3.8658, 0.2645 -1.4469 3.8633, 0.2671 -1.4469 3.8591, 0.2691 -1.4469 3.8537, 0.2699 -1.4469 3.8456, 0.2413 -1.4469 3.8726, 0.2502 -1.4469 3.8716, 0.2565 -1.4469 3.8694, 0.2304 -1.4469 3.8726, 0.2304 -1.4469 3.8171, 0.2408 -1.4469 3.8171, 0.2622 -1.4469 3.8246, 0.2608 -1.4469 3.8234, 0.256 -1.4469 3.8203, 0.2498 -1.4469 3.8181, 0.2697 -1.4469 3.8415, 0.2684 -1.4469 3.8348, 0.266 -1.4469 3.8294
            ]
        }
        coordIndex [
            0,1,2,-1,2,1,3,-1,2,3,4,-1,4,3,5,-1,4,5,6,-1,6,5,7,-1,6,7,8,-1,8,7,9,-1,8,9,10,-1,10,9,11,-1,10,11,12,-1,12,11,13,-1,12,13,14,-1,14,13,15,-1,14,15,16,-1,16,15,17,-1,16,17,18,-1,18,17,19,-1,18,19,20,-1,20,19,21,-1,20,21,22,-1,22,21,23,-1,22,23,24,-1,24,23,25,-1,24,25,26,-1,26,25,27,-1,26,27,28,-1,28,27,29,-1,28,29,30,-1,30,29,31,-1,30,31,32,-1,32,31,33,-1,32,33,34,-1,34,33,35,-1,34,35,0,-1,0,35,1,-1,23,36,37,-1,23,37,25,-1,25,37,38,-1,25,38,27,-1,27,38,39,-1,27,39,29,-1,29,39,40,-1,29,40,31,-1,31,40,41,-1,31,41,33,-1,33,41,42,-1,33,42,35,-1,35,42,43,-1,35,43,1,-1,1,43,44,-1,1,44,3,-1,3,44,45,-1,3,45,5,-1,5,45,46,-1,5,46,7,-1,7,46,47,-1,7,47,9,-1,11,9,48,-1,48,9,47,-1,13,11,49,-1,49,11,48,-1,15,13,50,-1,50,13,49,-1,15,50,51,-1,15,51,17,-1,17,51,52,-1,17,52,19,-1,19,52,53,-1,19,53,21,-1,21,53,36,-1,21,36,23,-1,2,54,55,-1,2,55,0,-1,0,55,56,-1,0,56,34,-1,34,56,57,-1,34,57,32,-1,32,57,58,-1,32,58,30,-1,8,59,60,-1,8,60,6,-1,6,60,61,-1,6,61,4,-1,4,61,54,-1,4,54,2,-1,8,10,59,-1,59,10,62,-1,10,12,62,-1,62,12,63,-1,12,14,63,-1,63,14,64,-1,22,65,66,-1,22,66,20,-1,20,66,67,-1,20,67,18,-1,18,67,68,-1,18,68,16,-1,16,68,64,-1,16,64,14,-1,30,58,69,-1,30,69,28,-1,28,69,70,-1,28,70,26,-1,26,70,71,-1,26,71,24,-1,24,71,65,-1,24,65,22,-1,
        ]
    }
}
Shape{
    appearance Appearance {
        material  Material 	{
            diffuseColor 0.20784313725490197 0.20784313725490197 0.20784313725490197
            specularColor 0.01568627450980392 0.01568627450980392 0.01568627450980392
            ambientIntensity 0.298
            transparency 0.0
            shininess 0.5
        }
    }
    geometry IndexedFaceSet {
        ccw TRUE
        solid FALSE
        coord DEF co Coordinate {
            point [
                0.2304 -1.4469 3.8726, 0.2304 -1.4469 3.8171, 0.2413 -1.4469 3.8726, 0.2408 -1.4469 3.8171, 0.2498 -1.4469 3.8181, 0.256 -1.4469 3.8203, 0.2608 -1.4469 3.8234, 0.2622 -1.4469 3.8246, 0.266 -1.4469 3.8294, 0.2684 -1.4469 3.8348, 0.2697 -1.4469 3.8415, 0.2699 -1.4469 3.8456, 0.2691 -1.4469 3.8537, 0.2671 -1.4469 3.8591, 0.2645 -1.4469 3.8633, 0.262 -1.4469 3.8658, 0.2502 -1.4469 3.8716, 0.2565 -1.4469 3.8694
            ]
        }
        coordIndex [
            0,1,2,-1,2,1,3,-1,2,3,4,-1,4,5,2,-1,2,5,6,-1,2,6,7,-1,7,8,2,-1,2,8,9,-1,2,9,10,-1,10,11,2,-1,2,11,12,-1,2,12,13,-1,13,14,2,-1,2,14,15,-1,2,15,16,-1,16,15,17,-1,
        ]
    }
}
Shape{
    appearance Appearance {
        material  Material 	{
            diffuseColor 1.0 1.0 1.0
            specularColor 0.5019607843137255 0.5019607843137255 0.5019607843137255
            ambientIntensity 1.0
            transparency 0.0
            shininess 0.5
        }
    }
    geometry IndexedFaceSet {
        ccw TRUE
        solid FALSE
        coord DEF co Coordinate {
            point [
                0.1359 -1.4508 3.816, 0.1359 -1.4469 3.816, 0.1292 -1.4469 3.8167, 0.1292 -1.4508 3.8167, 0.124 -1.4469 3.8186, 0.124 -1.4508 3.8186, 0.1192 -1.4469 3.8219, 0.1192 -1.4508 3.8219, 0.1174 -1.4469 3.8236, 0.1174 -1.4508 3.8236, 0.1138 -1.4469 3.8287, 0.1138 -1.4508 3.8287, 0.1115 -1.4469 3.8346, 0.1115 -1.4508 3.8346, 0.1104 -1.4469 3.8434, 0.1104 -1.4508 3.8434, 0.1104 -1.4469 3.8441, 0.1104 -1.4508 3.8441, 0.1113 -1.4469 3.8531, 0.1113 -1.4508 3.8531, 0.1136 -1.4469 3.8595, 0.1136 -1.4508 3.8595, 0.117 -1.4469 3.8646, 0.117 -1.4508 3.8646, 0.1179 -1.4469 3.8657, 0.1179 -1.4508 3.8657, 0.1225 -1.4469 3.8695, 0.1225 -1.4508 3.8695, 0.1281 -1.4469 3.8722, 0.1281 -1.4508 3.8722, 0.1343 -1.4469 3.8735, 0.1343 -1.4508 3.8735, 0.1375 -1.4469 3.8737, 0.1375 -1.4508 3.8737, 0.1545 -1.4469 3.8694, 0.1545 -1.4508 3.8694, 0.1533 -1.4508 3.87, 0.146 -1.4469 3.8727, 0.146 -1.4508 3.8727, 0.1514 -1.4469 3.8707, 0.1533 -1.4469 3.87, 0.1545 -1.4508 3.8791, 0.1545 -1.4469 3.8791, 0.1374 -1.4469 3.8821, 0.1374 -1.4508 3.8821, 0.1381 -1.4508 3.8821, 0.1514 -1.4469 3.88, 0.1474 -1.4508 3.8812, 0.1474 -1.4469 3.8812, 0.1448 -1.4469 3.8814, 0.1381 -1.4469 3.8821, 0.1278 -1.4508 3.881, 0.132 -1.4469 3.8814, 0.1278 -1.4469 3.881, 0.1202 -1.4469 3.8782, 0.1202 -1.4508 3.8782, 0.1131 -1.4469 3.8734, 0.1131 -1.4508 3.8734, 0.111 -1.4469 3.8715, 0.111 -1.4508 3.8715, 0.106 -1.4469 3.865, 0.1039 -1.4469 3.8601, 0.1025 -1.4508 3.8571, 0.106 -1.4508 3.865, 0.1025 -1.4469 3.8571, 0.1008 -1.4469 3.8478, 0.1008 -1.4508 3.8478, 0.1006 -1.4469 3.8435, 0.1006 -1.4508 3.8435, 0.1018 -1.4469 3.8329, 0.1018 -1.4508 3.8329, 0.1039 -1.4469 3.8271, 0.1046 -1.4508 3.8251, 0.1046 -1.4469 3.8251, 0.1087 -1.4469 3.8188, 0.1087 -1.4508 3.8188, 0.1099 -1.4469 3.8175, 0.1099 -1.4508 3.8175, 0.1346 -1.4469 3.8077, 0.1346 -1.4508 3.8077, 0.1298 -1.4508 3.808, 0.1153 -1.4469 3.813, 0.1153 -1.4508 3.813, 0.122 -1.4469 3.8097, 0.122 -1.4508 3.8097, 0.1281 -1.4469 3.8083, 0.1298 -1.4469 3.808, 0.1403 -1.4469 3.8083, 0.1464 -1.4508 3.809, 0.1464 -1.4469 3.809, 0.1545 -1.4508 3.8119, 0.1514 -1.4469 3.8108, 0.1545 -1.4469 3.8119, 0.1545 -1.4508 3.8208, 0.1545 -1.4469 3.8208, 0.1514 -1.4469 3.8195, 0.1471 -1.4508 3.8175, 0.1471 -1.4469 3.8175, 0.1389 -1.4469 3.8161, 0.1389 -1.4508 3.8161, 0.3938 -1.4508 3.7227, 0.3909 -1.4508 3.7145, 0.4179 -1.4508 3.7227, 0.4208 -1.4508 3.7145, 0.4046 -1.4508 3.7525, 0.4011 -1.4508 3.7668, 0.3737 -1.4508 3.6949, 0.384 -1.4508 3.6949, 0.4052 -1.4508 3.7547, 0.4057 -1.4508 3.7576, 0.411 -1.4508 3.7668, 0.406 -1.4508 3.7576, 0.4065 -1.4508 3.7545, 0.4071 -1.4508 3.7525, 0.4384 -1.4508 3.6949, 0.4281 -1.4508 3.6949, 0.4011 -1.4469 3.7668, 0.411 -1.4469 3.7668, 0.3737 -1.4469 3.6949, 0.384 -1.4469 3.6949, 0.3909 -1.4469 3.7145, 0.4208 -1.4469 3.7145, 0.4281 -1.4469 3.6949, 0.4384 -1.4469 3.6949, 0.4046 -1.4469 3.7525, 0.4052 -1.4469 3.7547, 0.4057 -1.4469 3.7576, 0.3938 -1.4469 3.7227, 0.4179 -1.4469 3.7227, 0.4071 -1.4469 3.7525, 0.406 -1.4469 3.7576, 0.4065 -1.4469 3.7545
            ]
        }
        coordIndex [
            0,1,2,-1,0,2,3,-1,3,2,4,-1,3,4,5,-1,5,4,6,-1,5,6,7,-1,7,6,8,-1,7,8,9,-1,9,8,10,-1,9,10,11,-1,11,10,12,-1,11,12,13,-1,13,12,14,-1,13,14,15,-1,15,14,16,-1,15,16,17,-1,17,16,18,-1,17,18,19,-1,19,18,20,-1,19,20,21,-1,21,20,22,-1,21,22,23,-1,23,22,24,-1,23,24,25,-1,25,24,26,-1,25,26,27,-1,27,26,28,-1,27,28,29,-1,29,28,30,-1,29,30,31,-1,31,30,32,-1,31,32,33,-1,34,35,36,-1,33,32,37,-1,33,37,38,-1,38,37,39,-1,38,39,36,-1,36,39,40,-1,36,40,34,-1,41,35,42,-1,42,35,34,-1,43,44,45,-1,41,42,46,-1,41,46,47,-1,46,48,47,-1,47,48,49,-1,47,49,45,-1,45,49,50,-1,45,50,43,-1,44,43,51,-1,51,43,52,-1,52,53,51,-1,51,53,54,-1,51,54,55,-1,55,54,56,-1,55,56,57,-1,57,56,58,-1,57,58,59,-1,59,58,60,-1,61,62,60,-1,60,62,63,-1,60,63,59,-1,61,64,62,-1,62,64,65,-1,62,65,66,-1,66,65,67,-1,66,67,68,-1,68,67,69,-1,68,69,70,-1,70,69,71,-1,70,71,72,-1,71,73,72,-1,72,73,74,-1,72,74,75,-1,75,74,76,-1,75,76,77,-1,78,79,80,-1,77,76,81,-1,77,81,82,-1,82,81,83,-1,82,83,84,-1,84,83,85,-1,84,85,80,-1,80,85,86,-1,80,86,78,-1,79,78,87,-1,79,87,88,-1,88,87,89,-1,88,89,90,-1,90,89,91,-1,90,91,92,-1,93,90,94,-1,94,90,92,-1,93,94,95,-1,93,95,96,-1,95,97,96,-1,96,97,98,-1,96,98,99,-1,99,98,1,-1,99,1,0,-1,36,35,41,-1,11,13,70,-1,19,21,63,-1,70,13,68,-1,63,21,59,-1,36,41,38,-1,38,41,47,-1,38,47,33,-1,33,47,45,-1,33,45,31,-1,31,45,44,-1,31,44,29,-1,29,44,51,-1,29,51,27,-1,90,93,88,-1,88,93,96,-1,88,96,79,-1,51,55,27,-1,27,55,57,-1,27,57,25,-1,25,57,59,-1,25,59,23,-1,23,59,21,-1,70,72,11,-1,11,72,75,-1,11,75,9,-1,9,75,77,-1,9,77,7,-1,7,77,82,-1,7,82,5,-1,5,82,84,-1,5,84,3,-1,3,84,80,-1,3,80,0,-1,0,80,79,-1,0,79,99,-1,99,79,96,-1,13,15,68,-1,68,15,17,-1,68,17,66,-1,66,17,19,-1,66,19,62,-1,62,19,63,-1,100,101,102,-1,102,101,103,-1,104,105,100,-1,100,105,106,-1,100,106,101,-1,101,106,107,-1,104,108,105,-1,105,108,109,-1,105,109,110,-1,110,109,111,-1,110,111,112,-1,112,113,110,-1,110,113,102,-1,110,102,114,-1,114,102,103,-1,114,103,115,-1,105,110,116,-1,116,110,117,-1,106,105,118,-1,118,105,116,-1,107,106,119,-1,119,106,118,-1,101,107,120,-1,120,107,119,-1,103,101,121,-1,121,101,120,-1,115,103,122,-1,122,103,121,-1,114,115,123,-1,123,115,122,-1,110,114,117,-1,117,114,123,-1,104,124,125,-1,104,125,108,-1,108,125,126,-1,108,126,109,-1,104,100,124,-1,124,100,127,-1,100,102,127,-1,127,102,128,-1,102,113,128,-1,128,113,129,-1,111,130,131,-1,111,131,112,-1,112,131,129,-1,112,129,113,-1,111,109,130,-1,130,109,126,-1,
        ]
    }
}
Shape{
    appearance Appearance {
        material  Material 	{
            diffuseColor 0.20784313725490197 0.20784313725490197 0.20784313725490197
            specularColor 0.01568627450980392 0.01568627450980392 0.01568627450980392
            ambientIntensity 0.298
            transparency 0.0
            shininess 0.5
        }
    }
    geometry IndexedFaceSet {
        ccw TRUE
        solid FALSE
        coord DEF co Coordinate {
            point [
                0.406 -1.4469 3.7576, 0.4057 -1.4469 3.7576, 0.4065 -1.4469 3.7545, 0.4052 -1.4469 3.7547, 0.4071 -1.4469 3.7525, 0.4046 -1.4469 3.7525, 0.4179 -1.4469 3.7227, 0.3938 -1.4469 3.7227
            ]
        }
        coordIndex [
            0,1,2,-1,2,1,3,-1,2,3,4,-1,4,3,5,-1,4,5,6,-1,6,5,7,-1,
        ]
    }
}
Shape{
    appearance Appearance {
        material  Material 	{
            diffuseColor 1.0 1.0 1.0
            specularColor 0.5019607843137255 0.5019607843137255 0.5019607843137255
            ambientIntensity 1.0
            transparency 0.0
            shininess 0.5
        }
    }
    geometry IndexedFaceSet {
        ccw TRUE
        solid FALSE
        coord DEF co Coordinate {
            point [
                0.2682 -1.4469 3.7031, 0.2682 -1.4508 3.7031, 0.2817 -1.4469 3.7031, 0.2976 -1.4508 3.7031, 0.2976 -1.4469 3.7031, 0.2682 -1.4508 3.7273, 0.2682 -1.4469 3.7273, 0.2939 -1.4469 3.7273, 0.2939 -1.4508 3.7273, 0.2817 -1.4469 3.7273, 0.2939 -1.4508 3.7355, 0.2939 -1.4469 3.7355, 0.2682 -1.4469 3.7355, 0.2682 -1.4508 3.7355, 0.2817 -1.4469 3.7355, 0.2682 -1.4508 3.7585, 0.2682 -1.4469 3.7585, 0.296 -1.4469 3.7585, 0.296 -1.4508 3.7585, 0.2817 -1.4469 3.7585, 0.296 -1.4508 3.7668, 0.296 -1.4469 3.7668, 0.2589 -1.4469 3.7668, 0.2589 -1.4508 3.7668, 0.2817 -1.4469 3.7668, 0.2589 -1.4508 3.6949, 0.2589 -1.4469 3.6949, 0.2976 -1.4469 3.6949, 0.2976 -1.4508 3.6949, 0.2817 -1.4469 3.6949, 0.0691 -1.4508 3.7031, 0.0985 -1.4508 3.7031, 0.0691 -1.4469 3.7031, 0.0985 -1.4469 3.7031, 0.0691 -1.4508 3.7273, 0.0691 -1.4469 3.7273, 0.0948 -1.4508 3.7273, 0.0948 -1.4469 3.7273, 0.0948 -1.4508 3.7355, 0.0948 -1.4469 3.7355, 0.0691 -1.4508 3.7355, 0.0691 -1.4469 3.7355, 0.0691 -1.4508 3.7585, 0.0691 -1.4469 3.7585, 0.0968 -1.4508 3.7585, 0.0968 -1.4469 3.7585, 0.0968 -1.4508 3.7668, 0.0968 -1.4469 3.7668, 0.0598 -1.4508 3.7668, 0.0598 -1.4469 3.7668, 0.0598 -1.4508 3.6949, 0.0598 -1.4469 3.6949, 0.0985 -1.4508 3.6949, 0.0985 -1.4469 3.6949, 0.3038 -1.4508 3.8367, 0.3008 -1.4508 3.8286, 0.3279 -1.4508 3.8367, 0.3308 -1.4508 3.8286, 0.3145 -1.4508 3.8666, 0.311 -1.4508 3.8808, 0.2837 -1.4508 3.8089, 0.2939 -1.4508 3.8089, 0.3151 -1.4508 3.8688, 0.3157 -1.4508 3.8717, 0.321 -1.4508 3.8808, 0.3159 -1.4508 3.8717, 0.3165 -1.4508 3.8686, 0.317 -1.4508 3.8666, 0.3484 -1.4508 3.8089, 0.3381 -1.4508 3.8089, 0.311 -1.4469 3.8808, 0.321 -1.4469 3.8808, 0.2837 -1.4469 3.8089, 0.3044 -1.4469 3.8633, 0.2939 -1.4469 3.8089, 0.3008 -1.4469 3.8286, 0.3308 -1.4469 3.8286, 0.3044 -1.4469 3.8286, 0.3381 -1.4469 3.8089, 0.3484 -1.4469 3.8089, 0.3145 -1.4469 3.8666, 0.3151 -1.4469 3.8688, 0.3157 -1.4469 3.8717, 0.3038 -1.4469 3.8367, 0.3279 -1.4469 3.8367, 0.317 -1.4469 3.8666, 0.3159 -1.4469 3.8717, 0.3165 -1.4469 3.8686
            ]
        }
        coordIndex [
            0,1,2,-1,2,1,3,-1,2,3,4,-1,5,1,6,-1,6,1,0,-1,7,8,9,-1,9,8,5,-1,9,5,6,-1,10,8,11,-1,11,8,7,-1,12,13,14,-1,14,13,10,-1,14,10,11,-1,15,13,16,-1,16,13,12,-1,17,18,19,-1,19,18,15,-1,19,15,16,-1,20,18,21,-1,21,18,17,-1,22,23,24,-1,24,23,20,-1,24,20,21,-1,25,23,26,-1,26,23,22,-1,27,28,29,-1,29,28,25,-1,29,25,26,-1,3,28,4,-1,4,28,27,-1,25,28,3,-1,3,1,25,-1,25,1,5,-1,25,5,23,-1,18,20,15,-1,15,20,23,-1,15,23,13,-1,13,23,5,-1,13,5,10,-1,10,5,8,-1,30,31,32,-1,32,31,33,-1,34,30,35,-1,35,30,32,-1,36,34,37,-1,37,34,35,-1,38,36,39,-1,39,36,37,-1,40,38,41,-1,41,38,39,-1,42,40,43,-1,43,40,41,-1,44,42,45,-1,45,42,43,-1,46,44,47,-1,47,44,45,-1,48,46,49,-1,49,46,47,-1,50,48,51,-1,51,48,49,-1,52,50,53,-1,53,50,51,-1,31,52,33,-1,33,52,53,-1,50,52,31,-1,31,30,50,-1,50,30,34,-1,50,34,48,-1,44,46,42,-1,42,46,48,-1,42,48,40,-1,40,48,34,-1,40,34,38,-1,38,34,36,-1,54,55,56,-1,56,55,57,-1,58,59,54,-1,54,59,60,-1,54,60,55,-1,55,60,61,-1,58,62,59,-1,59,62,63,-1,59,63,64,-1,64,63,65,-1,64,65,66,-1,66,67,64,-1,64,67,56,-1,64,56,68,-1,68,56,57,-1,68,57,69,-1,59,64,70,-1,70,64,71,-1,72,60,73,-1,73,60,59,-1,73,59,70,-1,61,60,74,-1,74,60,72,-1,55,61,75,-1,75,61,74,-1,76,57,77,-1,77,57,55,-1,77,55,75,-1,69,57,78,-1,78,57,76,-1,68,69,79,-1,79,69,78,-1,64,68,71,-1,71,68,79,-1,58,80,81,-1,58,81,62,-1,62,81,82,-1,62,82,63,-1,58,54,80,-1,80,54,83,-1,54,56,83,-1,83,56,84,-1,56,67,84,-1,84,67,85,-1,65,86,87,-1,65,87,66,-1,66,87,85,-1,66,85,67,-1,65,63,86,-1,86,63,82,-1,
        ]
    }
}
Shape{
    appearance Appearance {
        material  Material 	{
            diffuseColor 0.20784313725490197 0.20784313725490197 0.20784313725490197
            specularColor 0.01568627450980392 0.01568627450980392 0.01568627450980392
            ambientIntensity 0.298
            transparency 0.0
            shininess 0.5
        }
    }
    geometry IndexedFaceSet {
        ccw TRUE
        solid FALSE
        coord DEF co Coordinate {
            point [
                0.3159 -1.4469 3.8717, 0.3157 -1.4469 3.8717, 0.3165 -1.4469 3.8686, 0.3151 -1.4469 3.8688, 0.317 -1.4469 3.8666, 0.3145 -1.4469 3.8666, 0.3279 -1.4469 3.8367, 0.3038 -1.4469 3.8367
            ]
        }
        coordIndex [
            0,1,2,-1,2,1,3,-1,2,3,4,-1,4,3,5,-1,4,5,6,-1,6,5,7,-1,
        ]
    }
}
Shape{
    appearance Appearance {
        material  Material 	{
            diffuseColor 1.0 1.0 1.0
            specularColor 0.5019607843137255 0.5019607843137255 0.5019607843137255
            ambientIntensity 1.0
            transparency 0.0
            shininess 0.5
        }
    }
    geometry IndexedFaceSet {
        ccw TRUE
        solid FALSE
        coord DEF co Coordinate {
            point [
                0.1782 -1.4469 3.8171, 0.1782 -1.4508 3.8171, 0.1976 -1.4469 3.8171, 0.2075 -1.4508 3.8171, 0.2075 -1.4469 3.8171, 0.1782 -1.4508 3.8413, 0.1782 -1.4469 3.8413, 0.2039 -1.4508 3.8413, 0.1976 -1.4469 3.8413, 0.2039 -1.4469 3.8413, 0.2039 -1.4508 3.8496, 0.2039 -1.4469 3.8496, 0.1782 -1.4469 3.8496, 0.1782 -1.4508 3.8496, 0.1976 -1.4469 3.8496, 0.1782 -1.4508 3.8726, 0.1782 -1.4469 3.8726, 0.2059 -1.4508 3.8726, 0.1976 -1.4469 3.8726, 0.2059 -1.4469 3.8726, 0.2059 -1.4508 3.8808, 0.2059 -1.4469 3.8808, 0.1689 -1.4469 3.8808, 0.1689 -1.4508 3.8808, 0.1976 -1.4469 3.8808, 0.1689 -1.4508 3.8089, 0.1689 -1.4469 3.8089, 0.2075 -1.4508 3.8089, 0.1976 -1.4469 3.8089, 0.2075 -1.4469 3.8089, 0.0691 -1.4508 3.8171, 0.0977 -1.4508 3.8171, 0.0691 -1.4469 3.8171, 0.0977 -1.4469 3.8171, 0.0691 -1.4508 3.8808, 0.0691 -1.4469 3.8808, 0.0598 -1.4508 3.8808, 0.0598 -1.4469 3.8808, 0.0598 -1.4508 3.8089, 0.0598 -1.4469 3.8089, 0.0977 -1.4508 3.8089, 0.0977 -1.4469 3.8089
            ]
        }
        coordIndex [
            0,1,2,-1,2,1,3,-1,2,3,4,-1,5,1,6,-1,6,1,0,-1,5,6,7,-1,7,6,8,-1,7,8,9,-1,10,7,11,-1,11,7,9,-1,12,13,14,-1,14,13,10,-1,14,10,11,-1,15,13,16,-1,16,13,12,-1,15,16,17,-1,17,16,18,-1,17,18,19,-1,20,17,21,-1,21,17,19,-1,22,23,24,-1,24,23,20,-1,24,20,21,-1,25,23,26,-1,26,23,22,-1,25,26,27,-1,27,26,28,-1,27,28,29,-1,3,27,4,-1,4,27,29,-1,25,27,3,-1,3,1,25,-1,25,1,5,-1,25,5,23,-1,17,20,15,-1,15,20,23,-1,15,23,13,-1,13,23,5,-1,13,5,10,-1,10,5,7,-1,30,31,32,-1,32,31,33,-1,34,30,35,-1,35,30,32,-1,36,34,37,-1,37,34,35,-1,38,36,39,-1,39,36,37,-1,40,38,41,-1,41,38,39,-1,31,40,33,-1,33,40,41,-1,34,36,30,-1,30,36,38,-1,30,38,31,-1,31,38,40,-1,
        ]
    }
}