ISO-10303-21;
HEADER;
FILE_DESCRIPTION(('FreeCAD Model'),'2;1');
FILE_NAME('Open CASCADE Shape Model','2026-05-05T12:43:33',('Author'),(
    ''),'Open CASCADE STEP processor 7.8','FreeCAD','Unknown');
FILE_SCHEMA(('AUTOMOTIVE_DESIGN { 1 0 10303 214 1 1 1 1 }'));
ENDSEC;
DATA;
#1 = APPLICATION_PROTOCOL_DEFINITION('international standard',
  'automotive_design',2000,#2);
#2 = APPLICATION_CONTEXT(
  'core data for automotive mechanical design processes');
#3 = SHAPE_DEFINITION_REPRESENTATION(#4,#10);
#4 = PRODUCT_DEFINITION_SHAPE('','',#5);
#5 = PRODUCT_DEFINITION('design','',#6,#9);
#6 = PRODUCT_DEFINITION_FORMATION('','',#7);
#7 = PRODUCT('Back','Back','',(#8));
#8 = PRODUCT_CONTEXT('',#2,'mechanical');
#9 = PRODUCT_DEFINITION_CONTEXT('part definition',#2,'design');
#10 = SHAPE_REPRESENTATION('',(#11,#15),#19);
#11 = AXIS2_PLACEMENT_3D('',#12,#13,#14);
#12 = CARTESIAN_POINT('',(0.,0.,0.));
#13 = DIRECTION('',(0.,0.,1.));
#14 = DIRECTION('',(1.,0.,-0.));
#15 = AXIS2_PLACEMENT_3D('',#16,#17,#18);
#16 = CARTESIAN_POINT('',(0.,0.,0.));
#17 = DIRECTION('',(0.,0.,1.));
#18 = DIRECTION('',(1.,0.,0.));
#19 = ( GEOMETRIC_REPRESENTATION_CONTEXT(3) 
GLOBAL_UNCERTAINTY_ASSIGNED_CONTEXT((#23)) GLOBAL_UNIT_ASSIGNED_CONTEXT(
(#20,#21,#22)) REPRESENTATION_CONTEXT('Context #1',
  '3D Context with UNIT and UNCERTAINTY') );
#20 = ( LENGTH_UNIT() NAMED_UNIT(*) SI_UNIT(.MILLI.,.METRE.) );
#21 = ( NAMED_UNIT(*) PLANE_ANGLE_UNIT() SI_UNIT($,.RADIAN.) );
#22 = ( NAMED_UNIT(*) SI_UNIT($,.STERADIAN.) SOLID_ANGLE_UNIT() );
#23 = UNCERTAINTY_MEASURE_WITH_UNIT(LENGTH_MEASURE(5.E-05),#20,
  'distance_accuracy_value','confusion accuracy');
#24 = PRODUCT_RELATED_PRODUCT_CATEGORY('part',$,(#7));
#25 = SHAPE_DEFINITION_REPRESENTATION(#26,#32);
#26 = PRODUCT_DEFINITION_SHAPE('','',#27);
#27 = PRODUCT_DEFINITION('design','',#28,#31);
#28 = PRODUCT_DEFINITION_FORMATION('','',#29);
#29 = PRODUCT('Body001','Body001','',(#30));
#30 = PRODUCT_CONTEXT('',#2,'mechanical');
#31 = PRODUCT_DEFINITION_CONTEXT('part definition',#2,'design');
#32 = ADVANCED_BREP_SHAPE_REPRESENTATION('',(#11,#33),#2295);
#33 = MANIFOLD_SOLID_BREP('',#34);
#34 = CLOSED_SHELL('',(#35,#273,#306,#337,#610,#635,#659,#684,#708,#732,
    #757,#781,#805,#829,#853,#878,#902,#926,#951,#975,#999,#1023,#1047,
    #1072,#1096,#1120,#1145,#1169,#1186,#1211,#1235,#1260,#1377,#1402,
    #1426,#1451,#1468,#1523,#1547,#1582,#1607,#1631,#1656,#1681,#1705,
    #1730,#1765,#1789,#1814,#1849,#1866,#1891,#1916,#1941,#1966,#1983,
    #2000,#2017,#2034,#2046,#2071,#2096,#2121,#2146,#2171,#2196,#2227,
    #2244,#2261,#2278));
#35 = ADVANCED_FACE('',(#36),#268,.T.);
#36 = FACE_BOUND('',#37,.T.);
#37 = EDGE_LOOP('',(#38,#48,#56,#64,#73,#81,#89,#97,#106,#114,#122,#130,
    #139,#147,#155,#163,#172,#180,#188,#196,#205,#213,#221,#229,#238,
    #246,#254,#262));
#38 = ORIENTED_EDGE('',*,*,#39,.F.);
#39 = EDGE_CURVE('',#40,#42,#44,.T.);
#40 = VERTEX_POINT('',#41);
#41 = CARTESIAN_POINT('',(52.500000000001,-1.054711873396E-14,-52.5));
#42 = VERTEX_POINT('',#43);
#43 = CARTESIAN_POINT('',(52.500000000001,19.,-52.5));
#44 = LINE('',#45,#46);
#45 = CARTESIAN_POINT('',(52.500000000001,-1.054711873396E-14,-52.5));
#46 = VECTOR('',#47,1.);
#47 = DIRECTION('',(0.,1.,-2.22044604925E-16));
#48 = ORIENTED_EDGE('',*,*,#49,.F.);
#49 = EDGE_CURVE('',#50,#40,#52,.T.);
#50 = VERTEX_POINT('',#51);
#51 = CARTESIAN_POINT('',(39.881624,-1.165734175856E-14,-52.5));
#52 = LINE('',#53,#54);
#53 = CARTESIAN_POINT('',(-52.5,-1.165734175856E-14,-52.5));
#54 = VECTOR('',#55,1.);
#55 = DIRECTION('',(1.,0.,0.));
#56 = ORIENTED_EDGE('',*,*,#57,.T.);
#57 = EDGE_CURVE('',#50,#58,#60,.T.);
#58 = VERTEX_POINT('',#59);
#59 = CARTESIAN_POINT('',(39.881624,4.,-52.5));
#60 = LINE('',#61,#62);
#61 = CARTESIAN_POINT('',(39.881624,-1.165734175856E-14,-52.5));
#62 = VECTOR('',#63,1.);
#63 = DIRECTION('',(0.,1.,0.));
#64 = ORIENTED_EDGE('',*,*,#65,.F.);
#65 = EDGE_CURVE('',#66,#58,#68,.T.);
#66 = VERTEX_POINT('',#67);
#67 = CARTESIAN_POINT('',(31.881624,4.,-52.5));
#68 = CIRCLE('',#69,4.);
#69 = AXIS2_PLACEMENT_3D('',#70,#71,#72);
#70 = CARTESIAN_POINT('',(35.881624,4.,-52.5));
#71 = DIRECTION('',(0.,0.,-1.));
#72 = DIRECTION('',(1.,0.,0.));
#73 = ORIENTED_EDGE('',*,*,#74,.F.);
#74 = EDGE_CURVE('',#75,#66,#77,.T.);
#75 = VERTEX_POINT('',#76);
#76 = CARTESIAN_POINT('',(31.881624,-1.965782959335E-13,-52.5));
#77 = LINE('',#78,#79);
#78 = CARTESIAN_POINT('',(31.881624,-1.967581388027E-13,-52.5));
#79 = VECTOR('',#80,1.);
#80 = DIRECTION('',(-4.618527782441E-14,1.,-0.));
#81 = ORIENTED_EDGE('',*,*,#82,.F.);
#82 = EDGE_CURVE('',#83,#75,#85,.T.);
#83 = VERTEX_POINT('',#84);
#84 = CARTESIAN_POINT('',(21.881623925187,-1.2287271347E-14,-52.5));
#85 = LINE('',#86,#87);
#86 = CARTESIAN_POINT('',(-52.5,-1.165734175856E-14,-52.5));
#87 = VECTOR('',#88,1.);
#88 = DIRECTION('',(1.,0.,0.));
#89 = ORIENTED_EDGE('',*,*,#90,.T.);
#90 = EDGE_CURVE('',#83,#91,#93,.T.);
#91 = VERTEX_POINT('',#92);
#92 = CARTESIAN_POINT('',(21.881623925187,4.,-52.5));
#93 = LINE('',#94,#95);
#94 = CARTESIAN_POINT('',(21.881623925187,-1.2287271347E-14,-52.5));
#95 = VECTOR('',#96,1.);
#96 = DIRECTION('',(0.,1.,0.));
#97 = ORIENTED_EDGE('',*,*,#98,.F.);
#98 = EDGE_CURVE('',#99,#91,#101,.T.);
#99 = VERTEX_POINT('',#100);
#100 = CARTESIAN_POINT('',(13.881623925187,4.,-52.5));
#101 = CIRCLE('',#102,4.);
#102 = AXIS2_PLACEMENT_3D('',#103,#104,#105);
#103 = CARTESIAN_POINT('',(17.881623925187,4.,-52.5));
#104 = DIRECTION('',(0.,0.,-1.));
#105 = DIRECTION('',(1.,0.,0.));
#106 = ORIENTED_EDGE('',*,*,#107,.F.);
#107 = EDGE_CURVE('',#108,#99,#110,.T.);
#108 = VERTEX_POINT('',#109);
#109 = CARTESIAN_POINT('',(13.881623925187,-6.818129960022E-15,-52.5));
#110 = LINE('',#111,#112);
#111 = CARTESIAN_POINT('',(13.881623925187,-6.818129960022E-15,-52.5));
#112 = VECTOR('',#113,1.);
#113 = DIRECTION('',(-5.329070518201E-15,1.,-0.));
#114 = ORIENTED_EDGE('',*,*,#115,.F.);
#115 = EDGE_CURVE('',#116,#108,#118,.T.);
#116 = VERTEX_POINT('',#117);
#117 = CARTESIAN_POINT('',(4.881623925187,9.631197633859E-07,-52.5));
#118 = LINE('',#119,#120);
#119 = CARTESIAN_POINT('',(-52.5,-1.165734175856E-14,-52.5));
#120 = VECTOR('',#121,1.);
#121 = DIRECTION('',(1.,0.,0.));
#122 = ORIENTED_EDGE('',*,*,#123,.T.);
#123 = EDGE_CURVE('',#116,#124,#126,.T.);
#124 = VERTEX_POINT('',#125);
#125 = CARTESIAN_POINT('',(4.881623925187,3.00000096312,-52.5));
#126 = LINE('',#127,#128);
#127 = CARTESIAN_POINT('',(4.881623925187,9.631197633859E-07,-52.5));
#128 = VECTOR('',#129,1.);
#129 = DIRECTION('',(0.,1.,0.));
#130 = ORIENTED_EDGE('',*,*,#131,.F.);
#131 = EDGE_CURVE('',#132,#124,#134,.T.);
#132 = VERTEX_POINT('',#133);
#133 = CARTESIAN_POINT('',(-1.118376074813,3.00000096312,-52.5));
#134 = CIRCLE('',#135,3.);
#135 = AXIS2_PLACEMENT_3D('',#136,#137,#138);
#136 = CARTESIAN_POINT('',(1.881623925187,3.00000096312,-52.5));
#137 = DIRECTION('',(0.,0.,-1.));
#138 = DIRECTION('',(1.,0.,0.));
#139 = ORIENTED_EDGE('',*,*,#140,.F.);
#140 = EDGE_CURVE('',#141,#132,#143,.T.);
#141 = VERTEX_POINT('',#142);
#142 = CARTESIAN_POINT('',(-1.118376074813,9.631198273347E-07,-52.5));
#143 = LINE('',#144,#145);
#144 = CARTESIAN_POINT('',(-1.118376074813,9.631198273347E-07,-52.5));
#145 = VECTOR('',#146,1.);
#146 = DIRECTION('',(-1.036208156317E-15,1.,-0.));
#147 = ORIENTED_EDGE('',*,*,#148,.F.);
#148 = EDGE_CURVE('',#149,#141,#151,.T.);
#149 = VERTEX_POINT('',#150);
#150 = CARTESIAN_POINT('',(-10.65587099999,1.289445641758E-13,-52.5));
#151 = LINE('',#152,#153);
#152 = CARTESIAN_POINT('',(-52.5,-1.165734175856E-14,-52.5));
#153 = VECTOR('',#154,1.);
#154 = DIRECTION('',(1.,0.,0.));
#155 = ORIENTED_EDGE('',*,*,#156,.T.);
#156 = EDGE_CURVE('',#149,#157,#159,.T.);
#157 = VERTEX_POINT('',#158);
#158 = CARTESIAN_POINT('',(-10.655871,3.,-52.5));
#159 = LINE('',#160,#161);
#160 = CARTESIAN_POINT('',(-10.65587099999,1.289445641758E-13,-52.5));
#161 = VECTOR('',#162,1.);
#162 = DIRECTION('',(0.,1.,0.));
#163 = ORIENTED_EDGE('',*,*,#164,.F.);
#164 = EDGE_CURVE('',#165,#157,#167,.T.);
#165 = VERTEX_POINT('',#166);
#166 = CARTESIAN_POINT('',(-16.655871,3.,-52.5));
#167 = CIRCLE('',#168,3.);
#168 = AXIS2_PLACEMENT_3D('',#169,#170,#171);
#169 = CARTESIAN_POINT('',(-13.655871,3.,-52.5));
#170 = DIRECTION('',(0.,0.,-1.));
#171 = DIRECTION('',(1.,0.,0.));
#172 = ORIENTED_EDGE('',*,*,#173,.F.);
#173 = EDGE_CURVE('',#174,#165,#176,.T.);
#174 = VERTEX_POINT('',#175);
#175 = CARTESIAN_POINT('',(-16.655871,-1.227580455648E-14,-52.5));
#176 = LINE('',#177,#178);
#177 = CARTESIAN_POINT('',(-16.655871,-1.227580455648E-14,-52.5));
#178 = VECTOR('',#179,1.);
#179 = DIRECTION('',(-4.618527782441E-14,1.,-0.));
#180 = ORIENTED_EDGE('',*,*,#181,.F.);
#181 = EDGE_CURVE('',#182,#174,#184,.T.);
#182 = VERTEX_POINT('',#183);
#183 = CARTESIAN_POINT('',(-25.655871,1.289446269413E-13,-52.5));
#184 = LINE('',#185,#186);
#185 = CARTESIAN_POINT('',(-52.5,-1.165734175856E-14,-52.5));
#186 = VECTOR('',#187,1.);
#187 = DIRECTION('',(1.,0.,0.));
#188 = ORIENTED_EDGE('',*,*,#189,.T.);
#189 = EDGE_CURVE('',#182,#190,#192,.T.);
#190 = VERTEX_POINT('',#191);
#191 = CARTESIAN_POINT('',(-25.655871,3.,-52.5));
#192 = LINE('',#193,#194);
#193 = CARTESIAN_POINT('',(-25.655871,1.289446269413E-13,-52.5));
#194 = VECTOR('',#195,1.);
#195 = DIRECTION('',(0.,1.,0.));
#196 = ORIENTED_EDGE('',*,*,#197,.F.);
#197 = EDGE_CURVE('',#198,#190,#200,.T.);
#198 = VERTEX_POINT('',#199);
#199 = CARTESIAN_POINT('',(-31.655871,3.,-52.5));
#200 = CIRCLE('',#201,3.);
#201 = AXIS2_PLACEMENT_3D('',#202,#203,#204);
#202 = CARTESIAN_POINT('',(-28.655871,3.,-52.5));
#203 = DIRECTION('',(0.,0.,-1.));
#204 = DIRECTION('',(1.,0.,0.));
#205 = ORIENTED_EDGE('',*,*,#206,.F.);
#206 = EDGE_CURVE('',#207,#198,#209,.T.);
#207 = VERTEX_POINT('',#208);
#208 = CARTESIAN_POINT('',(-31.655871,-1.227574179099E-14,-52.5));
#209 = LINE('',#210,#211);
#210 = CARTESIAN_POINT('',(-31.655871,-1.227574179099E-14,-52.5));
#211 = VECTOR('',#212,1.);
#212 = DIRECTION('',(-4.736951571734E-14,1.,-0.));
#213 = ORIENTED_EDGE('',*,*,#214,.F.);
#214 = EDGE_CURVE('',#215,#207,#217,.T.);
#215 = VERTEX_POINT('',#216);
#216 = CARTESIAN_POINT('',(-40.65587050805,-1.202473579637E-14,-52.5));
#217 = LINE('',#218,#219);
#218 = CARTESIAN_POINT('',(-52.5,-1.165734175856E-14,-52.5));
#219 = VECTOR('',#220,1.);
#220 = DIRECTION('',(1.,0.,0.));
#221 = ORIENTED_EDGE('',*,*,#222,.T.);
#222 = EDGE_CURVE('',#215,#223,#225,.T.);
#223 = VERTEX_POINT('',#224);
#224 = CARTESIAN_POINT('',(-40.65587050805,3.,-52.5));
#225 = LINE('',#226,#227);
#226 = CARTESIAN_POINT('',(-40.65587050805,-1.202473579637E-14,-52.5));
#227 = VECTOR('',#228,1.);
#228 = DIRECTION('',(0.,1.,0.));
#229 = ORIENTED_EDGE('',*,*,#230,.F.);
#230 = EDGE_CURVE('',#231,#223,#233,.T.);
#231 = VERTEX_POINT('',#232);
#232 = CARTESIAN_POINT('',(-46.65587050805,3.,-52.5));
#233 = CIRCLE('',#234,3.);
#234 = AXIS2_PLACEMENT_3D('',#235,#236,#237);
#235 = CARTESIAN_POINT('',(-43.65587050805,3.,-52.5));
#236 = DIRECTION('',(0.,0.,-1.));
#237 = DIRECTION('',(1.,0.,0.));
#238 = ORIENTED_EDGE('',*,*,#239,.F.);
#239 = EDGE_CURVE('',#240,#231,#242,.T.);
#240 = VERTEX_POINT('',#241);
#241 = CARTESIAN_POINT('',(-46.65587050805,-1.202473579831E-14,-52.5));
#242 = LINE('',#243,#244);
#243 = CARTESIAN_POINT('',(-46.65587050805,-1.202473579831E-14,-52.5));
#244 = VECTOR('',#245,1.);
#245 = DIRECTION('',(0.,1.,0.));
#246 = ORIENTED_EDGE('',*,*,#247,.F.);
#247 = EDGE_CURVE('',#248,#240,#250,.T.);
#248 = VERTEX_POINT('',#249);
#249 = CARTESIAN_POINT('',(-52.5,-1.054711873394E-14,-52.5));
#250 = LINE('',#251,#252);
#251 = CARTESIAN_POINT('',(-52.5,-1.165734175856E-14,-52.5));
#252 = VECTOR('',#253,1.);
#253 = DIRECTION('',(1.,0.,0.));
#254 = ORIENTED_EDGE('',*,*,#255,.T.);
#255 = EDGE_CURVE('',#248,#256,#258,.T.);
#256 = VERTEX_POINT('',#257);
#257 = CARTESIAN_POINT('',(-52.5,19.,-52.5));
#258 = LINE('',#259,#260);
#259 = CARTESIAN_POINT('',(-52.5,-1.054711873394E-14,-52.5));
#260 = VECTOR('',#261,1.);
#261 = DIRECTION('',(0.,1.,-2.22044604925E-16));
#262 = ORIENTED_EDGE('',*,*,#263,.T.);
#263 = EDGE_CURVE('',#256,#42,#264,.T.);
#264 = LINE('',#265,#266);
#265 = CARTESIAN_POINT('',(-52.5,19.,-52.5));
#266 = VECTOR('',#267,1.);
#267 = DIRECTION('',(1.,0.,0.));
#268 = PLANE('',#269);
#269 = AXIS2_PLACEMENT_3D('',#270,#271,#272);
#270 = CARTESIAN_POINT('',(-52.5,-1.165734175856E-14,-52.5));
#271 = DIRECTION('',(0.,-2.22044604925E-16,-1.));
#272 = DIRECTION('',(1.,0.,0.));
#273 = ADVANCED_FACE('',(#274),#301,.T.);
#274 = FACE_BOUND('',#275,.T.);
#275 = EDGE_LOOP('',(#276,#277,#286,#294));
#276 = ORIENTED_EDGE('',*,*,#39,.T.);
#277 = ORIENTED_EDGE('',*,*,#278,.T.);
#278 = EDGE_CURVE('',#42,#279,#281,.T.);
#279 = VERTEX_POINT('',#280);
#280 = CARTESIAN_POINT('',(62.5,19.,-42.5));
#281 = CIRCLE('',#282,10.);
#282 = AXIS2_PLACEMENT_3D('',#283,#284,#285);
#283 = CARTESIAN_POINT('',(52.5,19.,-42.5));
#284 = DIRECTION('',(0.,-1.,0.));
#285 = DIRECTION('',(1.357136625302E-13,0.,-1.));
#286 = ORIENTED_EDGE('',*,*,#287,.F.);
#287 = EDGE_CURVE('',#288,#279,#290,.T.);
#288 = VERTEX_POINT('',#289);
#289 = CARTESIAN_POINT('',(62.5,-9.436895709314E-15,-42.5));
#290 = LINE('',#291,#292);
#291 = CARTESIAN_POINT('',(62.5,-9.436895709314E-15,-42.5));
#292 = VECTOR('',#293,1.);
#293 = DIRECTION('',(0.,1.,-2.22044604925E-16));
#294 = ORIENTED_EDGE('',*,*,#295,.F.);
#295 = EDGE_CURVE('',#40,#288,#296,.T.);
#296 = CIRCLE('',#297,10.);
#297 = AXIS2_PLACEMENT_3D('',#298,#299,#300);
#298 = CARTESIAN_POINT('',(52.5,-9.436895709314E-15,-42.5));
#299 = DIRECTION('',(0.,-1.,0.));
#300 = DIRECTION('',(1.,0.,0.));
#301 = CYLINDRICAL_SURFACE('',#302,10.);
#302 = AXIS2_PLACEMENT_3D('',#303,#304,#305);
#303 = CARTESIAN_POINT('',(52.5,-9.436895709314E-15,-42.5));
#304 = DIRECTION('',(0.,-1.,0.));
#305 = DIRECTION('',(1.,0.,0.));
#306 = ADVANCED_FACE('',(#307),#332,.T.);
#307 = FACE_BOUND('',#308,.F.);
#308 = EDGE_LOOP('',(#309,#317,#318,#326));
#309 = ORIENTED_EDGE('',*,*,#310,.F.);
#310 = EDGE_CURVE('',#256,#311,#313,.T.);
#311 = VERTEX_POINT('',#312);
#312 = CARTESIAN_POINT('',(-52.5,20.,-51.5));
#313 = LINE('',#314,#315);
#314 = CARTESIAN_POINT('',(-52.5,19.5,-52.));
#315 = VECTOR('',#316,1.);
#316 = DIRECTION('',(0.,0.707106781187,0.707106781187));
#317 = ORIENTED_EDGE('',*,*,#263,.T.);
#318 = ORIENTED_EDGE('',*,*,#319,.T.);
#319 = EDGE_CURVE('',#42,#320,#322,.T.);
#320 = VERTEX_POINT('',#321);
#321 = CARTESIAN_POINT('',(52.500000000001,20.,-51.5));
#322 = LINE('',#323,#324);
#323 = CARTESIAN_POINT('',(52.500000000001,19.5,-52.));
#324 = VECTOR('',#325,1.);
#325 = DIRECTION('',(0.,0.707106781187,0.707106781187));
#326 = ORIENTED_EDGE('',*,*,#327,.F.);
#327 = EDGE_CURVE('',#311,#320,#328,.T.);
#328 = LINE('',#329,#330);
#329 = CARTESIAN_POINT('',(-52.5,20.,-51.5));
#330 = VECTOR('',#331,1.);
#331 = DIRECTION('',(1.,0.,0.));
#332 = PLANE('',#333);
#333 = AXIS2_PLACEMENT_3D('',#334,#335,#336);
#334 = CARTESIAN_POINT('',(-52.5,19.5,-52.));
#335 = DIRECTION('',(0.,0.707106781187,-0.707106781187));
#336 = DIRECTION('',(-1.,-0.,-0.));
#337 = ADVANCED_FACE('',(#338,#561,#572,#583,#594),#605,.T.);
#338 = FACE_BOUND('',#339,.T.);
#339 = EDGE_LOOP('',(#340,#351,#359,#368,#376,#383,#384,#392,#400,#408,
    #417,#426,#435,#443,#452,#461,#469,#478,#487,#496,#504,#513,#522,
    #531,#539,#547,#553,#554,#555));
#340 = ORIENTED_EDGE('',*,*,#341,.T.);
#341 = EDGE_CURVE('',#342,#344,#346,.T.);
#342 = VERTEX_POINT('',#343);
#343 = CARTESIAN_POINT('',(62.5,9.436895709314E-15,42.5));
#344 = VERTEX_POINT('',#345);
#345 = CARTESIAN_POINT('',(52.500000000001,1.054711873394E-14,52.5));
#346 = CIRCLE('',#347,10.);
#347 = AXIS2_PLACEMENT_3D('',#348,#349,#350);
#348 = CARTESIAN_POINT('',(52.5,9.436895709314E-15,42.5));
#349 = DIRECTION('',(0.,-1.,0.));
#350 = DIRECTION('',(1.,0.,0.));
#351 = ORIENTED_EDGE('',*,*,#352,.T.);
#352 = EDGE_CURVE('',#344,#353,#355,.T.);
#353 = VERTEX_POINT('',#354);
#354 = CARTESIAN_POINT('',(-52.5,1.054711873394E-14,52.5));
#355 = LINE('',#356,#357);
#356 = CARTESIAN_POINT('',(52.500000000001,1.165734175856E-14,52.5));
#357 = VECTOR('',#358,1.);
#358 = DIRECTION('',(-1.,0.,0.));
#359 = ORIENTED_EDGE('',*,*,#360,.T.);
#360 = EDGE_CURVE('',#353,#361,#363,.T.);
#361 = VERTEX_POINT('',#362);
#362 = CARTESIAN_POINT('',(-62.5,9.436895709314E-15,42.5));
#363 = CIRCLE('',#364,10.);
#364 = AXIS2_PLACEMENT_3D('',#365,#366,#367);
#365 = CARTESIAN_POINT('',(-52.5,9.436895709314E-15,42.5));
#366 = DIRECTION('',(0.,-1.,0.));
#367 = DIRECTION('',(1.,0.,0.));
#368 = ORIENTED_EDGE('',*,*,#369,.T.);
#369 = EDGE_CURVE('',#361,#370,#372,.T.);
#370 = VERTEX_POINT('',#371);
#371 = CARTESIAN_POINT('',(-62.5,-9.436895709314E-15,-42.5));
#372 = LINE('',#373,#374);
#373 = CARTESIAN_POINT('',(-62.5,9.436895709314E-15,42.5));
#374 = VECTOR('',#375,1.);
#375 = DIRECTION('',(0.,-2.22044604925E-16,-1.));
#376 = ORIENTED_EDGE('',*,*,#377,.T.);
#377 = EDGE_CURVE('',#370,#248,#378,.T.);
#378 = CIRCLE('',#379,10.);
#379 = AXIS2_PLACEMENT_3D('',#380,#381,#382);
#380 = CARTESIAN_POINT('',(-52.5,-9.436895709314E-15,-42.5));
#381 = DIRECTION('',(0.,-1.,0.));
#382 = DIRECTION('',(1.,0.,0.));
#383 = ORIENTED_EDGE('',*,*,#247,.T.);
#384 = ORIENTED_EDGE('',*,*,#385,.T.);
#385 = EDGE_CURVE('',#240,#386,#388,.T.);
#386 = VERTEX_POINT('',#387);
#387 = CARTESIAN_POINT('',(-46.65587050805,-1.095286035874E-14,-47.5));
#388 = LINE('',#389,#390);
#389 = CARTESIAN_POINT('',(-46.65587050805,-1.202473579831E-14,-52.5));
#390 = VECTOR('',#391,1.);
#391 = DIRECTION('',(0.,0.,1.));
#392 = ORIENTED_EDGE('',*,*,#393,.F.);
#393 = EDGE_CURVE('',#394,#386,#396,.T.);
#394 = VERTEX_POINT('',#395);
#395 = CARTESIAN_POINT('',(-52.5,-9.436895709314E-15,-47.5));
#396 = LINE('',#397,#398);
#397 = CARTESIAN_POINT('',(-52.5,-1.054711873394E-14,-47.5));
#398 = VECTOR('',#399,1.);
#399 = DIRECTION('',(1.,0.,0.));
#400 = ORIENTED_EDGE('',*,*,#401,.T.);
#401 = EDGE_CURVE('',#394,#402,#404,.T.);
#402 = VERTEX_POINT('',#403);
#403 = CARTESIAN_POINT('',(-52.5,-5.051514762044E-15,-46.5));
#404 = LINE('',#405,#406);
#405 = CARTESIAN_POINT('',(-52.5,-9.436895709314E-15,-47.5));
#406 = VECTOR('',#407,1.);
#407 = DIRECTION('',(0.,2.22044604925E-16,1.));
#408 = ORIENTED_EDGE('',*,*,#409,.F.);
#409 = EDGE_CURVE('',#410,#402,#412,.T.);
#410 = VERTEX_POINT('',#411);
#411 = CARTESIAN_POINT('',(-56.5,0.,-42.5));
#412 = CIRCLE('',#413,4.);
#413 = AXIS2_PLACEMENT_3D('',#414,#415,#416);
#414 = CARTESIAN_POINT('',(-52.5,0.,-42.5));
#415 = DIRECTION('',(0.,1.,-2.22044604925E-16));
#416 = DIRECTION('',(-1.,0.,0.));
#417 = ORIENTED_EDGE('',*,*,#418,.F.);
#418 = EDGE_CURVE('',#419,#410,#421,.T.);
#419 = VERTEX_POINT('',#420);
#420 = CARTESIAN_POINT('',(-54.85964099105,-4.586959892839E-15,
    -45.72987529067));
#421 = CIRCLE('',#422,4.);
#422 = AXIS2_PLACEMENT_3D('',#423,#424,#425);
#423 = CARTESIAN_POINT('',(-52.5,0.,-42.5));
#424 = DIRECTION('',(0.,1.,-2.22044604925E-16));
#425 = DIRECTION('',(-1.,0.,0.));
#426 = ORIENTED_EDGE('',*,*,#427,.F.);
#427 = EDGE_CURVE('',#428,#419,#430,.T.);
#428 = VERTEX_POINT('',#429);
#429 = CARTESIAN_POINT('',(-60.5,-8.456743402802E-15,-38.08578643762));
#430 = CIRCLE('',#431,8.);
#431 = AXIS2_PLACEMENT_3D('',#432,#433,#434);
#432 = CARTESIAN_POINT('',(-52.5,-8.456743402802E-15,-38.08578643762));
#433 = DIRECTION('',(0.,-1.,0.));
#434 = DIRECTION('',(1.,0.,0.));
#435 = ORIENTED_EDGE('',*,*,#436,.F.);
#436 = EDGE_CURVE('',#437,#428,#439,.T.);
#437 = VERTEX_POINT('',#438);
#438 = CARTESIAN_POINT('',(-60.5,4.250570839621E-15,40.392869249429));
#439 = LINE('',#440,#441);
#440 = CARTESIAN_POINT('',(-60.5,9.436895709314E-15,42.5));
#441 = VECTOR('',#442,1.);
#442 = DIRECTION('',(0.,-2.22044604925E-16,-1.));
#443 = ORIENTED_EDGE('',*,*,#444,.F.);
#444 = EDGE_CURVE('',#445,#437,#447,.T.);
#445 = VERTEX_POINT('',#446);
#446 = CARTESIAN_POINT('',(-60.01739130434,5.022268412749E-15,
    45.236572304419));
#447 = CIRCLE('',#448,4.);
#448 = AXIS2_PLACEMENT_3D('',#449,#450,#451);
#449 = CARTESIAN_POINT('',(-57.1,0.,42.5));
#450 = DIRECTION('',(0.,1.,-2.22044604925E-16));
#451 = DIRECTION('',(-1.,0.,0.));
#452 = ORIENTED_EDGE('',*,*,#453,.F.);
#453 = EDGE_CURVE('',#454,#445,#456,.T.);
#454 = VERTEX_POINT('',#455);
#455 = CARTESIAN_POINT('',(-52.5,1.010302952409E-14,50.5));
#456 = CIRCLE('',#457,8.);
#457 = AXIS2_PLACEMENT_3D('',#458,#459,#460);
#458 = CARTESIAN_POINT('',(-52.5,9.436895709314E-15,42.5));
#459 = DIRECTION('',(0.,-1.,0.));
#460 = DIRECTION('',(1.,0.,0.));
#461 = ORIENTED_EDGE('',*,*,#462,.F.);
#462 = EDGE_CURVE('',#463,#454,#465,.T.);
#463 = VERTEX_POINT('',#464);
#464 = CARTESIAN_POINT('',(52.500000000001,1.010302952409E-14,50.5));
#465 = LINE('',#466,#467);
#466 = CARTESIAN_POINT('',(52.500000000001,1.121325254871E-14,50.5));
#467 = VECTOR('',#468,1.);
#468 = DIRECTION('',(-1.,0.,0.));
#469 = ORIENTED_EDGE('',*,*,#470,.F.);
#470 = EDGE_CURVE('',#471,#463,#473,.T.);
#471 = VERTEX_POINT('',#472);
#472 = CARTESIAN_POINT('',(60.017391304348,5.022268412749E-15,
    45.23657230442));
#473 = CIRCLE('',#474,8.);
#474 = AXIS2_PLACEMENT_3D('',#475,#476,#477);
#475 = CARTESIAN_POINT('',(52.5,9.436895709314E-15,42.5));
#476 = DIRECTION('',(0.,-1.,0.));
#477 = DIRECTION('',(1.,0.,0.));
#478 = ORIENTED_EDGE('',*,*,#479,.F.);
#479 = EDGE_CURVE('',#480,#471,#482,.T.);
#480 = VERTEX_POINT('',#481);
#481 = CARTESIAN_POINT('',(53.1,0.,42.5));
#482 = CIRCLE('',#483,4.);
#483 = AXIS2_PLACEMENT_3D('',#484,#485,#486);
#484 = CARTESIAN_POINT('',(57.1,0.,42.5));
#485 = DIRECTION('',(0.,1.,-2.22044604925E-16));
#486 = DIRECTION('',(-1.,0.,0.));
#487 = ORIENTED_EDGE('',*,*,#488,.F.);
#488 = EDGE_CURVE('',#489,#480,#491,.T.);
#489 = VERTEX_POINT('',#490);
#490 = CARTESIAN_POINT('',(60.5,4.250570839621E-15,40.39286924943));
#491 = CIRCLE('',#492,4.);
#492 = AXIS2_PLACEMENT_3D('',#493,#494,#495);
#493 = CARTESIAN_POINT('',(57.1,0.,42.5));
#494 = DIRECTION('',(0.,1.,-2.22044604925E-16));
#495 = DIRECTION('',(-1.,0.,0.));
#496 = ORIENTED_EDGE('',*,*,#497,.F.);
#497 = EDGE_CURVE('',#498,#489,#500,.T.);
#498 = VERTEX_POINT('',#499);
#499 = CARTESIAN_POINT('',(60.5,-8.456743402802E-15,-38.08578643762));
#500 = LINE('',#501,#502);
#501 = CARTESIAN_POINT('',(60.5,-9.436895709314E-15,-42.5));
#502 = VECTOR('',#503,1.);
#503 = DIRECTION('',(0.,2.22044604925E-16,1.));
#504 = ORIENTED_EDGE('',*,*,#505,.F.);
#505 = EDGE_CURVE('',#506,#498,#508,.T.);
#506 = VERTEX_POINT('',#507);
#507 = CARTESIAN_POINT('',(54.859640991057,-4.586959892839E-15,
    -45.72987529067));
#508 = CIRCLE('',#509,8.);
#509 = AXIS2_PLACEMENT_3D('',#510,#511,#512);
#510 = CARTESIAN_POINT('',(52.5,-8.456743402802E-15,-38.08578643762));
#511 = DIRECTION('',(0.,-1.,0.));
#512 = DIRECTION('',(1.,0.,0.));
#513 = ORIENTED_EDGE('',*,*,#514,.F.);
#514 = EDGE_CURVE('',#515,#506,#517,.T.);
#515 = VERTEX_POINT('',#516);
#516 = CARTESIAN_POINT('',(48.5,0.,-42.5));
#517 = CIRCLE('',#518,4.);
#518 = AXIS2_PLACEMENT_3D('',#519,#520,#521);
#519 = CARTESIAN_POINT('',(52.5,0.,-42.5));
#520 = DIRECTION('',(0.,1.,-2.22044604925E-16));
#521 = DIRECTION('',(-1.,0.,0.));
#522 = ORIENTED_EDGE('',*,*,#523,.F.);
#523 = EDGE_CURVE('',#524,#515,#526,.T.);
#524 = VERTEX_POINT('',#525);
#525 = CARTESIAN_POINT('',(52.500000000001,-5.051514762054E-15,-46.5));
#526 = CIRCLE('',#527,4.);
#527 = AXIS2_PLACEMENT_3D('',#528,#529,#530);
#528 = CARTESIAN_POINT('',(52.5,0.,-42.5));
#529 = DIRECTION('',(0.,1.,-2.22044604925E-16));
#530 = DIRECTION('',(-1.,0.,0.));
#531 = ORIENTED_EDGE('',*,*,#532,.F.);
#532 = EDGE_CURVE('',#533,#524,#535,.T.);
#533 = VERTEX_POINT('',#534);
#534 = CARTESIAN_POINT('',(52.500000000001,-9.436895709333E-15,-47.5));
#535 = LINE('',#536,#537);
#536 = CARTESIAN_POINT('',(52.500000000001,-9.436895709333E-15,-47.5));
#537 = VECTOR('',#538,1.);
#538 = DIRECTION('',(0.,2.22044604925E-16,1.));
#539 = ORIENTED_EDGE('',*,*,#540,.F.);
#540 = EDGE_CURVE('',#541,#533,#543,.T.);
#541 = VERTEX_POINT('',#542);
#542 = CARTESIAN_POINT('',(39.881624,-1.076916333886E-14,-47.5));
#543 = LINE('',#544,#545);
#544 = CARTESIAN_POINT('',(-52.5,-1.054711873394E-14,-47.5));
#545 = VECTOR('',#546,1.);
#546 = DIRECTION('',(1.,0.,0.));
#547 = ORIENTED_EDGE('',*,*,#548,.F.);
#548 = EDGE_CURVE('',#50,#541,#549,.T.);
#549 = LINE('',#550,#551);
#550 = CARTESIAN_POINT('',(39.881624,-1.143529715364E-14,-50.5));
#551 = VECTOR('',#552,1.);
#552 = DIRECTION('',(0.,2.22044604925E-16,1.));
#553 = ORIENTED_EDGE('',*,*,#49,.T.);
#554 = ORIENTED_EDGE('',*,*,#295,.T.);
#555 = ORIENTED_EDGE('',*,*,#556,.T.);
#556 = EDGE_CURVE('',#288,#342,#557,.T.);
#557 = LINE('',#558,#559);
#558 = CARTESIAN_POINT('',(62.5,-9.436895709314E-15,-42.5));
#559 = VECTOR('',#560,1.);
#560 = DIRECTION('',(0.,2.22044604925E-16,1.));
#561 = FACE_BOUND('',#562,.T.);
#562 = EDGE_LOOP('',(#563));
#563 = ORIENTED_EDGE('',*,*,#564,.F.);
#564 = EDGE_CURVE('',#565,#565,#567,.T.);
#565 = VERTEX_POINT('',#566);
#566 = CARTESIAN_POINT('',(-55.4,0.,42.5));
#567 = CIRCLE('',#568,1.7);
#568 = AXIS2_PLACEMENT_3D('',#569,#570,#571);
#569 = CARTESIAN_POINT('',(-57.1,0.,42.5));
#570 = DIRECTION('',(0.,-1.,2.22044604925E-16));
#571 = DIRECTION('',(1.,0.,0.));
#572 = FACE_BOUND('',#573,.T.);
#573 = EDGE_LOOP('',(#574));
#574 = ORIENTED_EDGE('',*,*,#575,.F.);
#575 = EDGE_CURVE('',#576,#576,#578,.T.);
#576 = VERTEX_POINT('',#577);
#577 = CARTESIAN_POINT('',(58.8,0.,42.5));
#578 = CIRCLE('',#579,1.7);
#579 = AXIS2_PLACEMENT_3D('',#580,#581,#582);
#580 = CARTESIAN_POINT('',(57.1,0.,42.5));
#581 = DIRECTION('',(0.,-1.,2.22044604925E-16));
#582 = DIRECTION('',(1.,0.,0.));
#583 = FACE_BOUND('',#584,.T.);
#584 = EDGE_LOOP('',(#585));
#585 = ORIENTED_EDGE('',*,*,#586,.F.);
#586 = EDGE_CURVE('',#587,#587,#589,.T.);
#587 = VERTEX_POINT('',#588);
#588 = CARTESIAN_POINT('',(-50.8,0.,-42.5));
#589 = CIRCLE('',#590,1.7);
#590 = AXIS2_PLACEMENT_3D('',#591,#592,#593);
#591 = CARTESIAN_POINT('',(-52.5,0.,-42.5));
#592 = DIRECTION('',(0.,-1.,2.22044604925E-16));
#593 = DIRECTION('',(1.,0.,0.));
#594 = FACE_BOUND('',#595,.T.);
#595 = EDGE_LOOP('',(#596));
#596 = ORIENTED_EDGE('',*,*,#597,.F.);
#597 = EDGE_CURVE('',#598,#598,#600,.T.);
#598 = VERTEX_POINT('',#599);
#599 = CARTESIAN_POINT('',(54.2,0.,-42.5));
#600 = CIRCLE('',#601,1.7);
#601 = AXIS2_PLACEMENT_3D('',#602,#603,#604);
#602 = CARTESIAN_POINT('',(52.5,0.,-42.5));
#603 = DIRECTION('',(0.,-1.,2.22044604925E-16));
#604 = DIRECTION('',(1.,0.,0.));
#605 = PLANE('',#606);
#606 = AXIS2_PLACEMENT_3D('',#607,#608,#609);
#607 = CARTESIAN_POINT('',(0.867825375658,2.491547253818E-15,
    11.003273666315));
#608 = DIRECTION('',(-0.,-1.,-0.));
#609 = DIRECTION('',(0.,0.,-1.));
#610 = ADVANCED_FACE('',(#611),#630,.T.);
#611 = FACE_BOUND('',#612,.T.);
#612 = EDGE_LOOP('',(#613,#621,#628,#629));
#613 = ORIENTED_EDGE('',*,*,#614,.T.);
#614 = EDGE_CURVE('',#370,#615,#617,.T.);
#615 = VERTEX_POINT('',#616);
#616 = CARTESIAN_POINT('',(-62.5,19.,-42.5));
#617 = LINE('',#618,#619);
#618 = CARTESIAN_POINT('',(-62.5,-9.436895709314E-15,-42.5));
#619 = VECTOR('',#620,1.);
#620 = DIRECTION('',(0.,1.,-2.22044604925E-16));
#621 = ORIENTED_EDGE('',*,*,#622,.T.);
#622 = EDGE_CURVE('',#615,#256,#623,.T.);
#623 = CIRCLE('',#624,10.);
#624 = AXIS2_PLACEMENT_3D('',#625,#626,#627);
#625 = CARTESIAN_POINT('',(-52.5,19.,-42.5));
#626 = DIRECTION('',(0.,-1.,-0.));
#627 = DIRECTION('',(-1.,0.,-7.105427357601E-16));
#628 = ORIENTED_EDGE('',*,*,#255,.F.);
#629 = ORIENTED_EDGE('',*,*,#377,.F.);
#630 = CYLINDRICAL_SURFACE('',#631,10.);
#631 = AXIS2_PLACEMENT_3D('',#632,#633,#634);
#632 = CARTESIAN_POINT('',(-52.5,-9.436895709314E-15,-42.5));
#633 = DIRECTION('',(0.,-1.,0.));
#634 = DIRECTION('',(1.,0.,0.));
#635 = ADVANCED_FACE('',(#636),#654,.T.);
#636 = FACE_BOUND('',#637,.T.);
#637 = EDGE_LOOP('',(#638,#639,#640,#648));
#638 = ORIENTED_EDGE('',*,*,#57,.F.);
#639 = ORIENTED_EDGE('',*,*,#548,.T.);
#640 = ORIENTED_EDGE('',*,*,#641,.T.);
#641 = EDGE_CURVE('',#541,#642,#644,.T.);
#642 = VERTEX_POINT('',#643);
#643 = CARTESIAN_POINT('',(39.881624,4.,-47.5));
#644 = LINE('',#645,#646);
#645 = CARTESIAN_POINT('',(39.881624,-1.054711873394E-14,-47.5));
#646 = VECTOR('',#647,1.);
#647 = DIRECTION('',(0.,1.,-2.22044604925E-16));
#648 = ORIENTED_EDGE('',*,*,#649,.F.);
#649 = EDGE_CURVE('',#58,#642,#650,.T.);
#650 = LINE('',#651,#652);
#651 = CARTESIAN_POINT('',(39.881624,4.,-50.5));
#652 = VECTOR('',#653,1.);
#653 = DIRECTION('',(0.,2.22044604925E-16,1.));
#654 = PLANE('',#655);
#655 = AXIS2_PLACEMENT_3D('',#656,#657,#658);
#656 = CARTESIAN_POINT('',(39.881624,2.,-50.));
#657 = DIRECTION('',(-1.,-1.282924384011E-14,-0.));
#658 = DIRECTION('',(1.282924384011E-14,-1.,0.));
#659 = ADVANCED_FACE('',(#660),#679,.F.);
#660 = FACE_BOUND('',#661,.F.);
#661 = EDGE_LOOP('',(#662,#663,#664,#672));
#662 = ORIENTED_EDGE('',*,*,#649,.F.);
#663 = ORIENTED_EDGE('',*,*,#65,.F.);
#664 = ORIENTED_EDGE('',*,*,#665,.T.);
#665 = EDGE_CURVE('',#66,#666,#668,.T.);
#666 = VERTEX_POINT('',#667);
#667 = CARTESIAN_POINT('',(31.881624,4.,-47.5));
#668 = LINE('',#669,#670);
#669 = CARTESIAN_POINT('',(31.881624,4.,-52.5));
#670 = VECTOR('',#671,1.);
#671 = DIRECTION('',(0.,0.,1.));
#672 = ORIENTED_EDGE('',*,*,#673,.T.);
#673 = EDGE_CURVE('',#666,#642,#674,.T.);
#674 = CIRCLE('',#675,4.);
#675 = AXIS2_PLACEMENT_3D('',#676,#677,#678);
#676 = CARTESIAN_POINT('',(35.881624,4.,-47.5));
#677 = DIRECTION('',(0.,0.,-1.));
#678 = DIRECTION('',(1.,0.,0.));
#679 = CYLINDRICAL_SURFACE('',#680,4.);
#680 = AXIS2_PLACEMENT_3D('',#681,#682,#683);
#681 = CARTESIAN_POINT('',(35.881624,4.,-52.5));
#682 = DIRECTION('',(0.,0.,-1.));
#683 = DIRECTION('',(1.,0.,0.));
#684 = ADVANCED_FACE('',(#685),#703,.T.);
#685 = FACE_BOUND('',#686,.T.);
#686 = EDGE_LOOP('',(#687,#688,#696,#702));
#687 = ORIENTED_EDGE('',*,*,#239,.T.);
#688 = ORIENTED_EDGE('',*,*,#689,.T.);
#689 = EDGE_CURVE('',#231,#690,#692,.T.);
#690 = VERTEX_POINT('',#691);
#691 = CARTESIAN_POINT('',(-46.65587050805,3.,-47.5));
#692 = LINE('',#693,#694);
#693 = CARTESIAN_POINT('',(-46.65587050805,3.,-52.5));
#694 = VECTOR('',#695,1.);
#695 = DIRECTION('',(0.,0.,1.));
#696 = ORIENTED_EDGE('',*,*,#697,.F.);
#697 = EDGE_CURVE('',#386,#690,#698,.T.);
#698 = LINE('',#699,#700);
#699 = CARTESIAN_POINT('',(-46.65587050805,-1.073081575381E-14,-47.5));
#700 = VECTOR('',#701,1.);
#701 = DIRECTION('',(0.,1.,-2.22044604925E-16));
#702 = ORIENTED_EDGE('',*,*,#385,.F.);
#703 = PLANE('',#704);
#704 = AXIS2_PLACEMENT_3D('',#705,#706,#707);
#705 = CARTESIAN_POINT('',(-46.65587050805,1.5,-50.));
#706 = DIRECTION('',(1.,0.,0.));
#707 = DIRECTION('',(0.,0.,1.));
#708 = ADVANCED_FACE('',(#709),#727,.T.);
#709 = FACE_BOUND('',#710,.T.);
#710 = EDGE_LOOP('',(#711,#712,#713,#721));
#711 = ORIENTED_EDGE('',*,*,#74,.T.);
#712 = ORIENTED_EDGE('',*,*,#665,.T.);
#713 = ORIENTED_EDGE('',*,*,#714,.F.);
#714 = EDGE_CURVE('',#715,#666,#717,.T.);
#715 = VERTEX_POINT('',#716);
#716 = CARTESIAN_POINT('',(31.881624,-1.032296404263E-13,-47.5));
#717 = LINE('',#718,#719);
#718 = CARTESIAN_POINT('',(31.881624,1.845496856601E-12,-47.5));
#719 = VECTOR('',#720,1.);
#720 = DIRECTION('',(-4.618527782441E-14,1.,-2.22044604925E-16));
#721 = ORIENTED_EDGE('',*,*,#722,.F.);
#722 = EDGE_CURVE('',#75,#715,#723,.T.);
#723 = LINE('',#724,#725);
#724 = CARTESIAN_POINT('',(31.881624,-1.965782959335E-13,-52.5));
#725 = VECTOR('',#726,1.);
#726 = DIRECTION('',(0.,0.,1.));
#727 = PLANE('',#728);
#728 = AXIS2_PLACEMENT_3D('',#729,#730,#731);
#729 = CARTESIAN_POINT('',(31.881624,2.,-50.));
#730 = DIRECTION('',(1.,4.618527782441E-14,0.));
#731 = DIRECTION('',(-4.618527782441E-14,1.,0.));
#732 = ADVANCED_FACE('',(#733),#752,.F.);
#733 = FACE_BOUND('',#734,.F.);
#734 = EDGE_LOOP('',(#735,#743,#744,#745));
#735 = ORIENTED_EDGE('',*,*,#736,.F.);
#736 = EDGE_CURVE('',#223,#737,#739,.T.);
#737 = VERTEX_POINT('',#738);
#738 = CARTESIAN_POINT('',(-40.65587050805,3.,-47.5));
#739 = LINE('',#740,#741);
#740 = CARTESIAN_POINT('',(-40.65587050805,3.,-50.5));
#741 = VECTOR('',#742,1.);
#742 = DIRECTION('',(0.,2.22044604925E-16,1.));
#743 = ORIENTED_EDGE('',*,*,#230,.F.);
#744 = ORIENTED_EDGE('',*,*,#689,.T.);
#745 = ORIENTED_EDGE('',*,*,#746,.T.);
#746 = EDGE_CURVE('',#690,#737,#747,.T.);
#747 = CIRCLE('',#748,3.);
#748 = AXIS2_PLACEMENT_3D('',#749,#750,#751);
#749 = CARTESIAN_POINT('',(-43.65587050805,3.,-47.5));
#750 = DIRECTION('',(0.,0.,-1.));
#751 = DIRECTION('',(1.,0.,0.));
#752 = CYLINDRICAL_SURFACE('',#753,3.);
#753 = AXIS2_PLACEMENT_3D('',#754,#755,#756);
#754 = CARTESIAN_POINT('',(-43.65587050805,3.,-52.5));
#755 = DIRECTION('',(0.,0.,-1.));
#756 = DIRECTION('',(1.,0.,0.));
#757 = ADVANCED_FACE('',(#758),#776,.T.);
#758 = FACE_BOUND('',#759,.T.);
#759 = EDGE_LOOP('',(#760,#761,#769,#775));
#760 = ORIENTED_EDGE('',*,*,#722,.T.);
#761 = ORIENTED_EDGE('',*,*,#762,.F.);
#762 = EDGE_CURVE('',#763,#715,#765,.T.);
#763 = VERTEX_POINT('',#764);
#764 = CARTESIAN_POINT('',(21.881623925187,-1.108412813308E-14,-47.5));
#765 = LINE('',#766,#767);
#766 = CARTESIAN_POINT('',(-52.5,-1.054711873394E-14,-47.5));
#767 = VECTOR('',#768,1.);
#768 = DIRECTION('',(1.,0.,0.));
#769 = ORIENTED_EDGE('',*,*,#770,.F.);
#770 = EDGE_CURVE('',#83,#763,#771,.T.);
#771 = LINE('',#772,#773);
#772 = CARTESIAN_POINT('',(21.881623925187,-1.175026194786E-14,-50.5));
#773 = VECTOR('',#774,1.);
#774 = DIRECTION('',(0.,2.22044604925E-16,1.));
#775 = ORIENTED_EDGE('',*,*,#82,.T.);
#776 = PLANE('',#777);
#777 = AXIS2_PLACEMENT_3D('',#778,#779,#780);
#778 = CARTESIAN_POINT('',(26.881623962593,-3.282384811195E-14,-50.));
#779 = DIRECTION('',(-4.300123853401E-15,-1.,1.983556640342E-15));
#780 = DIRECTION('',(-1.,4.300123853401E-15,0.));
#781 = ADVANCED_FACE('',(#782),#800,.T.);
#782 = FACE_BOUND('',#783,.T.);
#783 = EDGE_LOOP('',(#784,#785,#793,#799));
#784 = ORIENTED_EDGE('',*,*,#222,.F.);
#785 = ORIENTED_EDGE('',*,*,#786,.T.);
#786 = EDGE_CURVE('',#215,#787,#789,.T.);
#787 = VERTEX_POINT('',#788);
#788 = CARTESIAN_POINT('',(-40.65587050805,-1.095286035776E-14,-47.5));
#789 = LINE('',#790,#791);
#790 = CARTESIAN_POINT('',(-40.65587050805,-1.161899417254E-14,-50.5));
#791 = VECTOR('',#792,1.);
#792 = DIRECTION('',(0.,2.22044604925E-16,1.));
#793 = ORIENTED_EDGE('',*,*,#794,.T.);
#794 = EDGE_CURVE('',#787,#737,#795,.T.);
#795 = LINE('',#796,#797);
#796 = CARTESIAN_POINT('',(-40.65587050805,-1.073081575284E-14,-47.5));
#797 = VECTOR('',#798,1.);
#798 = DIRECTION('',(0.,1.,-2.22044604925E-16));
#799 = ORIENTED_EDGE('',*,*,#736,.F.);
#800 = PLANE('',#801);
#801 = AXIS2_PLACEMENT_3D('',#802,#803,#804);
#802 = CARTESIAN_POINT('',(-40.65587050805,1.5,-50.));
#803 = DIRECTION('',(-1.,-0.,-0.));
#804 = DIRECTION('',(0.,0.,-1.));
#805 = ADVANCED_FACE('',(#806),#824,.T.);
#806 = FACE_BOUND('',#807,.T.);
#807 = EDGE_LOOP('',(#808,#809,#810,#818));
#808 = ORIENTED_EDGE('',*,*,#90,.F.);
#809 = ORIENTED_EDGE('',*,*,#770,.T.);
#810 = ORIENTED_EDGE('',*,*,#811,.T.);
#811 = EDGE_CURVE('',#763,#812,#814,.T.);
#812 = VERTEX_POINT('',#813);
#813 = CARTESIAN_POINT('',(21.881623925187,4.,-47.5));
#814 = LINE('',#815,#816);
#815 = CARTESIAN_POINT('',(21.881623925187,-1.086208352816E-14,-47.5));
#816 = VECTOR('',#817,1.);
#817 = DIRECTION('',(0.,1.,-2.22044604925E-16));
#818 = ORIENTED_EDGE('',*,*,#819,.F.);
#819 = EDGE_CURVE('',#91,#812,#820,.T.);
#820 = LINE('',#821,#822);
#821 = CARTESIAN_POINT('',(21.881623925187,4.,-50.5));
#822 = VECTOR('',#823,1.);
#823 = DIRECTION('',(0.,2.22044604925E-16,1.));
#824 = PLANE('',#825);
#825 = AXIS2_PLACEMENT_3D('',#826,#827,#828);
#826 = CARTESIAN_POINT('',(21.881623925187,2.,-50.));
#827 = DIRECTION('',(-1.,-1.480297366167E-15,-0.));
#828 = DIRECTION('',(1.480297366167E-15,-1.,0.));
#829 = ADVANCED_FACE('',(#830),#848,.T.);
#830 = FACE_BOUND('',#831,.T.);
#831 = EDGE_LOOP('',(#832,#833,#841,#847));
#832 = ORIENTED_EDGE('',*,*,#214,.T.);
#833 = ORIENTED_EDGE('',*,*,#834,.T.);
#834 = EDGE_CURVE('',#207,#835,#837,.T.);
#835 = VERTEX_POINT('',#836);
#836 = CARTESIAN_POINT('',(-31.655871,-1.107836335508E-14,-47.5));
#837 = LINE('',#838,#839);
#838 = CARTESIAN_POINT('',(-31.655871,-1.227574179099E-14,-52.5));
#839 = VECTOR('',#840,1.);
#840 = DIRECTION('',(0.,0.,1.));
#841 = ORIENTED_EDGE('',*,*,#842,.F.);
#842 = EDGE_CURVE('',#787,#835,#843,.T.);
#843 = LINE('',#844,#845);
#844 = CARTESIAN_POINT('',(-52.5,-1.054711873394E-14,-47.5));
#845 = VECTOR('',#846,1.);
#846 = DIRECTION('',(1.,0.,0.));
#847 = ORIENTED_EDGE('',*,*,#786,.F.);
#848 = PLANE('',#849);
#849 = AXIS2_PLACEMENT_3D('',#850,#851,#852);
#850 = CARTESIAN_POINT('',(-36.15587075402,-1.130475615676E-14,-50.));
#851 = DIRECTION('',(0.,-1.,2.261171063781E-16));
#852 = DIRECTION('',(0.,-2.261171063781E-16,-1.));
#853 = ADVANCED_FACE('',(#854),#873,.F.);
#854 = FACE_BOUND('',#855,.F.);
#855 = EDGE_LOOP('',(#856,#857,#858,#866));
#856 = ORIENTED_EDGE('',*,*,#819,.F.);
#857 = ORIENTED_EDGE('',*,*,#98,.F.);
#858 = ORIENTED_EDGE('',*,*,#859,.T.);
#859 = EDGE_CURVE('',#99,#860,#862,.T.);
#860 = VERTEX_POINT('',#861);
#861 = CARTESIAN_POINT('',(13.881623925187,4.,-47.5));
#862 = LINE('',#863,#864);
#863 = CARTESIAN_POINT('',(13.881623925187,4.,-52.5));
#864 = VECTOR('',#865,1.);
#865 = DIRECTION('',(0.,0.,1.));
#866 = ORIENTED_EDGE('',*,*,#867,.T.);
#867 = EDGE_CURVE('',#860,#812,#868,.T.);
#868 = CIRCLE('',#869,4.);
#869 = AXIS2_PLACEMENT_3D('',#870,#871,#872);
#870 = CARTESIAN_POINT('',(17.881623925187,4.,-47.5));
#871 = DIRECTION('',(0.,0.,-1.));
#872 = DIRECTION('',(1.,0.,0.));
#873 = CYLINDRICAL_SURFACE('',#874,4.);
#874 = AXIS2_PLACEMENT_3D('',#875,#876,#877);
#875 = CARTESIAN_POINT('',(17.881623925187,4.,-52.5));
#876 = DIRECTION('',(0.,0.,-1.));
#877 = DIRECTION('',(1.,0.,0.));
#878 = ADVANCED_FACE('',(#879),#897,.T.);
#879 = FACE_BOUND('',#880,.T.);
#880 = EDGE_LOOP('',(#881,#882,#890,#896));
#881 = ORIENTED_EDGE('',*,*,#206,.T.);
#882 = ORIENTED_EDGE('',*,*,#883,.T.);
#883 = EDGE_CURVE('',#198,#884,#886,.T.);
#884 = VERTEX_POINT('',#885);
#885 = CARTESIAN_POINT('',(-31.655871,3.,-47.5));
#886 = LINE('',#887,#888);
#887 = CARTESIAN_POINT('',(-31.655871,3.,-52.5));
#888 = VECTOR('',#889,1.);
#889 = DIRECTION('',(0.,0.,1.));
#890 = ORIENTED_EDGE('',*,*,#891,.F.);
#891 = EDGE_CURVE('',#835,#884,#892,.T.);
#892 = LINE('',#893,#894);
#893 = CARTESIAN_POINT('',(-31.655871,4.828318293897E-13,-47.5));
#894 = VECTOR('',#895,1.);
#895 = DIRECTION('',(-4.736951571734E-14,1.,-2.22044604925E-16));
#896 = ORIENTED_EDGE('',*,*,#834,.F.);
#897 = PLANE('',#898);
#898 = AXIS2_PLACEMENT_3D('',#899,#900,#901);
#899 = CARTESIAN_POINT('',(-31.655871,1.5,-50.));
#900 = DIRECTION('',(1.,4.736951571734E-14,0.));
#901 = DIRECTION('',(-4.736951571734E-14,1.,0.));
#902 = ADVANCED_FACE('',(#903),#921,.T.);
#903 = FACE_BOUND('',#904,.T.);
#904 = EDGE_LOOP('',(#905,#906,#907,#915));
#905 = ORIENTED_EDGE('',*,*,#107,.T.);
#906 = ORIENTED_EDGE('',*,*,#859,.T.);
#907 = ORIENTED_EDGE('',*,*,#908,.F.);
#908 = EDGE_CURVE('',#909,#860,#911,.T.);
#909 = VERTEX_POINT('',#910);
#910 = CARTESIAN_POINT('',(13.881623925187,-8.349557439593E-15,-47.5));
#911 = LINE('',#912,#913);
#912 = CARTESIAN_POINT('',(13.881623925187,1.687486646703E-13,-47.5));
#913 = VECTOR('',#914,1.);
#914 = DIRECTION('',(-5.329070518201E-15,1.,-2.22044604925E-16));
#915 = ORIENTED_EDGE('',*,*,#916,.F.);
#916 = EDGE_CURVE('',#108,#909,#917,.T.);
#917 = LINE('',#918,#919);
#918 = CARTESIAN_POINT('',(13.881623925187,-6.818129960022E-15,-52.5));
#919 = VECTOR('',#920,1.);
#920 = DIRECTION('',(0.,0.,1.));
#921 = PLANE('',#922);
#922 = AXIS2_PLACEMENT_3D('',#923,#924,#925);
#923 = CARTESIAN_POINT('',(13.881623925187,2.,-50.));
#924 = DIRECTION('',(1.,5.329070518201E-15,0.));
#925 = DIRECTION('',(-5.329070518201E-15,1.,0.));
#926 = ADVANCED_FACE('',(#927),#946,.F.);
#927 = FACE_BOUND('',#928,.F.);
#928 = EDGE_LOOP('',(#929,#937,#938,#939));
#929 = ORIENTED_EDGE('',*,*,#930,.F.);
#930 = EDGE_CURVE('',#190,#931,#933,.T.);
#931 = VERTEX_POINT('',#932);
#932 = CARTESIAN_POINT('',(-25.655871,3.,-47.5));
#933 = LINE('',#934,#935);
#934 = CARTESIAN_POINT('',(-25.655871,3.,-50.5));
#935 = VECTOR('',#936,1.);
#936 = DIRECTION('',(0.,2.22044604925E-16,1.));
#937 = ORIENTED_EDGE('',*,*,#197,.F.);
#938 = ORIENTED_EDGE('',*,*,#883,.T.);
#939 = ORIENTED_EDGE('',*,*,#940,.T.);
#940 = EDGE_CURVE('',#884,#931,#941,.T.);
#941 = CIRCLE('',#942,3.);
#942 = AXIS2_PLACEMENT_3D('',#943,#944,#945);
#943 = CARTESIAN_POINT('',(-28.655871,3.,-47.5));
#944 = DIRECTION('',(0.,0.,-1.));
#945 = DIRECTION('',(1.,0.,0.));
#946 = CYLINDRICAL_SURFACE('',#947,3.);
#947 = AXIS2_PLACEMENT_3D('',#948,#949,#950);
#948 = CARTESIAN_POINT('',(-28.655871,3.,-52.5));
#949 = DIRECTION('',(0.,0.,-1.));
#950 = DIRECTION('',(1.,0.,0.));
#951 = ADVANCED_FACE('',(#952),#970,.T.);
#952 = FACE_BOUND('',#953,.T.);
#953 = EDGE_LOOP('',(#954,#955,#963,#969));
#954 = ORIENTED_EDGE('',*,*,#916,.T.);
#955 = ORIENTED_EDGE('',*,*,#956,.F.);
#956 = EDGE_CURVE('',#957,#909,#959,.T.);
#957 = VERTEX_POINT('',#958);
#958 = CARTESIAN_POINT('',(4.881623925187,4.815598767525E-07,-47.5));
#959 = LINE('',#960,#961);
#960 = CARTESIAN_POINT('',(-52.5,-1.054711873394E-14,-47.5));
#961 = VECTOR('',#962,1.);
#962 = DIRECTION('',(1.,0.,0.));
#963 = ORIENTED_EDGE('',*,*,#964,.F.);
#964 = EDGE_CURVE('',#116,#957,#965,.T.);
#965 = LINE('',#966,#967);
#966 = CARTESIAN_POINT('',(4.881623925187,4.815598760863E-07,-50.5));
#967 = VECTOR('',#968,1.);
#968 = DIRECTION('',(0.,2.22044604925E-16,1.));
#969 = ORIENTED_EDGE('',*,*,#115,.T.);
#970 = PLANE('',#971);
#971 = AXIS2_PLACEMENT_3D('',#972,#973,#974);
#972 = CARTESIAN_POINT('',(9.381623925187,1.203899613038E-07,-50.));
#973 = DIRECTION('',(-2.675332695011E-08,-1.,-9.96330785183E-09));
#974 = DIRECTION('',(-1.,2.675332695011E-08,0.));
#975 = ADVANCED_FACE('',(#976),#994,.T.);
#976 = FACE_BOUND('',#977,.T.);
#977 = EDGE_LOOP('',(#978,#979,#987,#993));
#978 = ORIENTED_EDGE('',*,*,#189,.F.);
#979 = ORIENTED_EDGE('',*,*,#980,.T.);
#980 = EDGE_CURVE('',#182,#981,#983,.T.);
#981 = VERTEX_POINT('',#982);
#982 = CARTESIAN_POINT('',(-25.655871,5.953182101108E-14,-47.5));
#983 = LINE('',#984,#985);
#984 = CARTESIAN_POINT('',(-25.655871,5.886568719631E-14,-50.5));
#985 = VECTOR('',#986,1.);
#986 = DIRECTION('',(0.,2.22044604925E-16,1.));
#987 = ORIENTED_EDGE('',*,*,#988,.T.);
#988 = EDGE_CURVE('',#981,#931,#989,.T.);
#989 = LINE('',#990,#991);
#990 = CARTESIAN_POINT('',(-25.655871,5.975386561601E-14,-47.5));
#991 = VECTOR('',#992,1.);
#992 = DIRECTION('',(0.,1.,-2.22044604925E-16));
#993 = ORIENTED_EDGE('',*,*,#930,.F.);
#994 = PLANE('',#995);
#995 = AXIS2_PLACEMENT_3D('',#996,#997,#998);
#996 = CARTESIAN_POINT('',(-25.655871,1.5,-50.));
#997 = DIRECTION('',(-1.,-1.480297366167E-14,-0.));
#998 = DIRECTION('',(1.480297366167E-14,-1.,0.));
#999 = ADVANCED_FACE('',(#1000),#1018,.T.);
#1000 = FACE_BOUND('',#1001,.T.);
#1001 = EDGE_LOOP('',(#1002,#1003,#1004,#1012));
#1002 = ORIENTED_EDGE('',*,*,#123,.F.);
#1003 = ORIENTED_EDGE('',*,*,#964,.T.);
#1004 = ORIENTED_EDGE('',*,*,#1005,.T.);
#1005 = EDGE_CURVE('',#957,#1006,#1008,.T.);
#1006 = VERTEX_POINT('',#1007);
#1007 = CARTESIAN_POINT('',(4.881623925187,3.00000096312,-47.5));
#1008 = LINE('',#1009,#1010);
#1009 = CARTESIAN_POINT('',(4.881623925187,4.815598769745E-07,-47.5));
#1010 = VECTOR('',#1011,1.);
#1011 = DIRECTION('',(0.,1.,-2.22044604925E-16));
#1012 = ORIENTED_EDGE('',*,*,#1013,.F.);
#1013 = EDGE_CURVE('',#124,#1006,#1014,.T.);
#1014 = LINE('',#1015,#1016);
#1015 = CARTESIAN_POINT('',(4.881623925187,3.00000096312,-50.5));
#1016 = VECTOR('',#1017,1.);
#1017 = DIRECTION('',(0.,2.22044604925E-16,1.));
#1018 = PLANE('',#1019);
#1019 = AXIS2_PLACEMENT_3D('',#1020,#1021,#1022);
#1020 = CARTESIAN_POINT('',(4.881623925187,1.500000872827,-50.));
#1021 = DIRECTION('',(-1.,-3.700743192651E-16,-0.));
#1022 = DIRECTION('',(3.700743192651E-16,-1.,0.));
#1023 = ADVANCED_FACE('',(#1024),#1042,.T.);
#1024 = FACE_BOUND('',#1025,.T.);
#1025 = EDGE_LOOP('',(#1026,#1027,#1035,#1041));
#1026 = ORIENTED_EDGE('',*,*,#181,.T.);
#1027 = ORIENTED_EDGE('',*,*,#1028,.T.);
#1028 = EDGE_CURVE('',#174,#1029,#1031,.T.);
#1029 = VERTEX_POINT('',#1030);
#1030 = CARTESIAN_POINT('',(-16.655871,-1.107839473782E-14,-47.5));
#1031 = LINE('',#1032,#1033);
#1032 = CARTESIAN_POINT('',(-16.655871,-1.227580455648E-14,-52.5));
#1033 = VECTOR('',#1034,1.);
#1034 = DIRECTION('',(0.,0.,1.));
#1035 = ORIENTED_EDGE('',*,*,#1036,.F.);
#1036 = EDGE_CURVE('',#981,#1029,#1037,.T.);
#1037 = LINE('',#1038,#1039);
#1038 = CARTESIAN_POINT('',(-52.5,-1.054711873394E-14,-47.5));
#1039 = VECTOR('',#1040,1.);
#1040 = DIRECTION('',(1.,0.,0.));
#1041 = ORIENTED_EDGE('',*,*,#980,.F.);
#1042 = PLANE('',#1043);
#1043 = AXIS2_PLACEMENT_3D('',#1044,#1045,#1046);
#1044 = CARTESIAN_POINT('',(-21.155871,6.316406346878E-15,-50.));
#1045 = DIRECTION('',(-3.922789763828E-15,-1.,-1.232185996955E-15));
#1046 = DIRECTION('',(-1.,3.922789763828E-15,0.));
#1047 = ADVANCED_FACE('',(#1048),#1067,.F.);
#1048 = FACE_BOUND('',#1049,.F.);
#1049 = EDGE_LOOP('',(#1050,#1051,#1052,#1060));
#1050 = ORIENTED_EDGE('',*,*,#1013,.F.);
#1051 = ORIENTED_EDGE('',*,*,#131,.F.);
#1052 = ORIENTED_EDGE('',*,*,#1053,.T.);
#1053 = EDGE_CURVE('',#132,#1054,#1056,.T.);
#1054 = VERTEX_POINT('',#1055);
#1055 = CARTESIAN_POINT('',(-1.118376074813,3.00000096312,-47.5));
#1056 = LINE('',#1057,#1058);
#1057 = CARTESIAN_POINT('',(-1.118376074813,3.00000096312,-52.5));
#1058 = VECTOR('',#1059,1.);
#1059 = DIRECTION('',(0.,0.,1.));
#1060 = ORIENTED_EDGE('',*,*,#1061,.T.);
#1061 = EDGE_CURVE('',#1054,#1006,#1062,.T.);
#1062 = CIRCLE('',#1063,3.);
#1063 = AXIS2_PLACEMENT_3D('',#1064,#1065,#1066);
#1064 = CARTESIAN_POINT('',(1.881623925187,3.00000096312,-47.5));
#1065 = DIRECTION('',(0.,0.,-1.));
#1066 = DIRECTION('',(1.,0.,0.));
#1067 = CYLINDRICAL_SURFACE('',#1068,3.);
#1068 = AXIS2_PLACEMENT_3D('',#1069,#1070,#1071);
#1069 = CARTESIAN_POINT('',(1.881623925187,3.00000096312,-52.5));
#1070 = DIRECTION('',(0.,0.,-1.));
#1071 = DIRECTION('',(1.,0.,0.));
#1072 = ADVANCED_FACE('',(#1073),#1091,.T.);
#1073 = FACE_BOUND('',#1074,.T.);
#1074 = EDGE_LOOP('',(#1075,#1076,#1084,#1090));
#1075 = ORIENTED_EDGE('',*,*,#173,.T.);
#1076 = ORIENTED_EDGE('',*,*,#1077,.T.);
#1077 = EDGE_CURVE('',#165,#1078,#1080,.T.);
#1078 = VERTEX_POINT('',#1079);
#1079 = CARTESIAN_POINT('',(-16.655871,3.,-47.5));
#1080 = LINE('',#1081,#1082);
#1081 = CARTESIAN_POINT('',(-16.655871,3.,-52.5));
#1082 = VECTOR('',#1083,1.);
#1083 = DIRECTION('',(0.,0.,1.));
#1084 = ORIENTED_EDGE('',*,*,#1085,.F.);
#1085 = EDGE_CURVE('',#1029,#1078,#1086,.T.);
#1086 = LINE('',#1087,#1088);
#1087 = CARTESIAN_POINT('',(-16.655871,8.168791779865E-13,-47.5));
#1088 = VECTOR('',#1089,1.);
#1089 = DIRECTION('',(-4.618527782441E-14,1.,-2.22044604925E-16));
#1090 = ORIENTED_EDGE('',*,*,#1028,.F.);
#1091 = PLANE('',#1092);
#1092 = AXIS2_PLACEMENT_3D('',#1093,#1094,#1095);
#1093 = CARTESIAN_POINT('',(-16.655871,1.5,-50.));
#1094 = DIRECTION('',(1.,4.618527782441E-14,0.));
#1095 = DIRECTION('',(-4.618527782441E-14,1.,0.));
#1096 = ADVANCED_FACE('',(#1097),#1115,.T.);
#1097 = FACE_BOUND('',#1098,.T.);
#1098 = EDGE_LOOP('',(#1099,#1100,#1101,#1109));
#1099 = ORIENTED_EDGE('',*,*,#140,.T.);
#1100 = ORIENTED_EDGE('',*,*,#1053,.T.);
#1101 = ORIENTED_EDGE('',*,*,#1102,.F.);
#1102 = EDGE_CURVE('',#1103,#1054,#1105,.T.);
#1103 = VERTEX_POINT('',#1104);
#1104 = CARTESIAN_POINT('',(-1.118376074813,4.815599087269E-07,-47.5));
#1105 = LINE('',#1106,#1107);
#1106 = CARTESIAN_POINT('',(-1.118376074813,4.8155993557E-07,-47.5));
#1107 = VECTOR('',#1108,1.);
#1108 = DIRECTION('',(-1.036208156317E-15,1.,-2.22044604925E-16));
#1109 = ORIENTED_EDGE('',*,*,#1110,.F.);
#1110 = EDGE_CURVE('',#141,#1103,#1111,.T.);
#1111 = LINE('',#1112,#1113);
#1112 = CARTESIAN_POINT('',(-1.118376074813,9.631198273347E-07,-52.5));
#1113 = VECTOR('',#1114,1.);
#1114 = DIRECTION('',(0.,0.,1.));
#1115 = PLANE('',#1116);
#1116 = AXIS2_PLACEMENT_3D('',#1117,#1118,#1119);
#1117 = CARTESIAN_POINT('',(-1.118376074813,1.500000872827,-50.));
#1118 = DIRECTION('',(1.,1.063963670449E-15,0.));
#1119 = DIRECTION('',(-1.063963670449E-15,1.,0.));
#1120 = ADVANCED_FACE('',(#1121),#1140,.F.);
#1121 = FACE_BOUND('',#1122,.F.);
#1122 = EDGE_LOOP('',(#1123,#1131,#1132,#1133));
#1123 = ORIENTED_EDGE('',*,*,#1124,.F.);
#1124 = EDGE_CURVE('',#157,#1125,#1127,.T.);
#1125 = VERTEX_POINT('',#1126);
#1126 = CARTESIAN_POINT('',(-10.655871,3.,-47.5));
#1127 = LINE('',#1128,#1129);
#1128 = CARTESIAN_POINT('',(-10.655871,3.,-50.5));
#1129 = VECTOR('',#1130,1.);
#1130 = DIRECTION('',(0.,2.22044604925E-16,1.));
#1131 = ORIENTED_EDGE('',*,*,#164,.F.);
#1132 = ORIENTED_EDGE('',*,*,#1077,.T.);
#1133 = ORIENTED_EDGE('',*,*,#1134,.T.);
#1134 = EDGE_CURVE('',#1078,#1125,#1135,.T.);
#1135 = CIRCLE('',#1136,3.);
#1136 = AXIS2_PLACEMENT_3D('',#1137,#1138,#1139);
#1137 = CARTESIAN_POINT('',(-13.655871,3.,-47.5));
#1138 = DIRECTION('',(0.,0.,-1.));
#1139 = DIRECTION('',(1.,0.,0.));
#1140 = CYLINDRICAL_SURFACE('',#1141,3.);
#1141 = AXIS2_PLACEMENT_3D('',#1142,#1143,#1144);
#1142 = CARTESIAN_POINT('',(-13.655871,3.,-52.5));
#1143 = DIRECTION('',(0.,0.,-1.));
#1144 = DIRECTION('',(1.,0.,0.));
#1145 = ADVANCED_FACE('',(#1146),#1164,.T.);
#1146 = FACE_BOUND('',#1147,.T.);
#1147 = EDGE_LOOP('',(#1148,#1149,#1157,#1163));
#1148 = ORIENTED_EDGE('',*,*,#1110,.T.);
#1149 = ORIENTED_EDGE('',*,*,#1150,.F.);
#1150 = EDGE_CURVE('',#1151,#1103,#1153,.T.);
#1151 = VERTEX_POINT('',#1152);
#1152 = CARTESIAN_POINT('',(-10.655871,5.953178962834E-14,-47.5));
#1153 = LINE('',#1154,#1155);
#1154 = CARTESIAN_POINT('',(-52.5,-1.054711873394E-14,-47.5));
#1155 = VECTOR('',#1156,1.);
#1156 = DIRECTION('',(1.,0.,0.));
#1157 = ORIENTED_EDGE('',*,*,#1158,.F.);
#1158 = EDGE_CURVE('',#149,#1151,#1159,.T.);
#1159 = LINE('',#1160,#1161);
#1160 = CARTESIAN_POINT('',(-10.655871,5.886565581356E-14,-50.5));
#1161 = VECTOR('',#1162,1.);
#1162 = DIRECTION('',(0.,2.22044604925E-16,1.));
#1163 = ORIENTED_EDGE('',*,*,#148,.T.);
#1164 = PLANE('',#1165);
#1165 = AXIS2_PLACEMENT_3D('',#1166,#1167,#1168);
#1166 = CARTESIAN_POINT('',(-5.887123537406,1.159388058572E-07,-50.));
#1167 = DIRECTION('',(2.431220862383E-08,-1.,-9.522096251299E-09));
#1168 = DIRECTION('',(-1.,-2.431220862383E-08,0.));
#1169 = ADVANCED_FACE('',(#1170),#1181,.T.);
#1170 = FACE_BOUND('',#1171,.T.);
#1171 = EDGE_LOOP('',(#1172,#1173,#1174,#1180));
#1172 = ORIENTED_EDGE('',*,*,#156,.F.);
#1173 = ORIENTED_EDGE('',*,*,#1158,.T.);
#1174 = ORIENTED_EDGE('',*,*,#1175,.T.);
#1175 = EDGE_CURVE('',#1151,#1125,#1176,.T.);
#1176 = LINE('',#1177,#1178);
#1177 = CARTESIAN_POINT('',(-10.655871,5.975383423326E-14,-47.5));
#1178 = VECTOR('',#1179,1.);
#1179 = DIRECTION('',(0.,1.,-2.22044604925E-16));
#1180 = ORIENTED_EDGE('',*,*,#1124,.F.);
#1181 = PLANE('',#1182);
#1182 = AXIS2_PLACEMENT_3D('',#1183,#1184,#1185);
#1183 = CARTESIAN_POINT('',(-10.655871,1.5,-50.));
#1184 = DIRECTION('',(-1.,-1.42108547152E-14,-2.664535259101E-16));
#1185 = DIRECTION('',(1.42108547152E-14,-1.,0.));
#1186 = ADVANCED_FACE('',(#1187),#1206,.T.);
#1187 = FACE_BOUND('',#1188,.F.);
#1188 = EDGE_LOOP('',(#1189,#1190,#1191,#1199));
#1189 = ORIENTED_EDGE('',*,*,#319,.F.);
#1190 = ORIENTED_EDGE('',*,*,#278,.T.);
#1191 = ORIENTED_EDGE('',*,*,#1192,.T.);
#1192 = EDGE_CURVE('',#279,#1193,#1195,.T.);
#1193 = VERTEX_POINT('',#1194);
#1194 = CARTESIAN_POINT('',(61.5,20.,-42.5));
#1195 = LINE('',#1196,#1197);
#1196 = CARTESIAN_POINT('',(62.5,19.,-42.5));
#1197 = VECTOR('',#1198,1.);
#1198 = DIRECTION('',(-0.707106781187,0.707106781187,-4.59131783967E-16)
  );
#1199 = ORIENTED_EDGE('',*,*,#1200,.F.);
#1200 = EDGE_CURVE('',#320,#1193,#1201,.T.);
#1201 = CIRCLE('',#1202,9.);
#1202 = AXIS2_PLACEMENT_3D('',#1203,#1204,#1205);
#1203 = CARTESIAN_POINT('',(52.5,20.,-42.5));
#1204 = DIRECTION('',(0.,-1.,0.));
#1205 = DIRECTION('',(1.357136625302E-13,0.,-1.));
#1206 = CONICAL_SURFACE('',#1207,10.,0.785398163397);
#1207 = AXIS2_PLACEMENT_3D('',#1208,#1209,#1210);
#1208 = CARTESIAN_POINT('',(52.5,19.,-42.5));
#1209 = DIRECTION('',(-0.,-1.,-0.));
#1210 = DIRECTION('',(1.357136625302E-13,0.,-1.));
#1211 = ADVANCED_FACE('',(#1212),#1230,.T.);
#1212 = FACE_BOUND('',#1213,.T.);
#1213 = EDGE_LOOP('',(#1214,#1215,#1223,#1229));
#1214 = ORIENTED_EDGE('',*,*,#287,.T.);
#1215 = ORIENTED_EDGE('',*,*,#1216,.T.);
#1216 = EDGE_CURVE('',#279,#1217,#1219,.T.);
#1217 = VERTEX_POINT('',#1218);
#1218 = CARTESIAN_POINT('',(62.5,19.,42.5));
#1219 = LINE('',#1220,#1221);
#1220 = CARTESIAN_POINT('',(62.5,19.,-42.5));
#1221 = VECTOR('',#1222,1.);
#1222 = DIRECTION('',(0.,2.22044604925E-16,1.));
#1223 = ORIENTED_EDGE('',*,*,#1224,.F.);
#1224 = EDGE_CURVE('',#342,#1217,#1225,.T.);
#1225 = LINE('',#1226,#1227);
#1226 = CARTESIAN_POINT('',(62.5,9.436895709314E-15,42.5));
#1227 = VECTOR('',#1228,1.);
#1228 = DIRECTION('',(0.,1.,-2.22044604925E-16));
#1229 = ORIENTED_EDGE('',*,*,#556,.F.);
#1230 = PLANE('',#1231);
#1231 = AXIS2_PLACEMENT_3D('',#1232,#1233,#1234);
#1232 = CARTESIAN_POINT('',(62.5,-9.436895709314E-15,-42.5));
#1233 = DIRECTION('',(1.,0.,0.));
#1234 = DIRECTION('',(0.,2.22044604925E-16,1.));
#1235 = ADVANCED_FACE('',(#1236),#1255,.T.);
#1236 = FACE_BOUND('',#1237,.F.);
#1237 = EDGE_LOOP('',(#1238,#1246,#1247,#1248));
#1238 = ORIENTED_EDGE('',*,*,#1239,.F.);
#1239 = EDGE_CURVE('',#615,#1240,#1242,.T.);
#1240 = VERTEX_POINT('',#1241);
#1241 = CARTESIAN_POINT('',(-61.5,20.,-42.5));
#1242 = LINE('',#1243,#1244);
#1243 = CARTESIAN_POINT('',(-62.,19.5,-42.5));
#1244 = VECTOR('',#1245,1.);
#1245 = DIRECTION('',(0.707106781187,0.707106781187,-1.570092458684E-16)
  );
#1246 = ORIENTED_EDGE('',*,*,#622,.T.);
#1247 = ORIENTED_EDGE('',*,*,#310,.T.);
#1248 = ORIENTED_EDGE('',*,*,#1249,.F.);
#1249 = EDGE_CURVE('',#1240,#311,#1250,.T.);
#1250 = CIRCLE('',#1251,9.);
#1251 = AXIS2_PLACEMENT_3D('',#1252,#1253,#1254);
#1252 = CARTESIAN_POINT('',(-52.5,20.,-42.5));
#1253 = DIRECTION('',(0.,-1.,-0.));
#1254 = DIRECTION('',(-1.,0.,-7.105427357601E-16));
#1255 = CONICAL_SURFACE('',#1256,10.,0.785398163397);
#1256 = AXIS2_PLACEMENT_3D('',#1257,#1258,#1259);
#1257 = CARTESIAN_POINT('',(-52.5,19.,-42.5));
#1258 = DIRECTION('',(-0.,-1.,-0.));
#1259 = DIRECTION('',(-1.,0.,-7.105427357601E-16));
#1260 = ADVANCED_FACE('',(#1261,#1306,#1317,#1328,#1339,#1350,#1361),
  #1372,.T.);
#1261 = FACE_BOUND('',#1262,.T.);
#1262 = EDGE_LOOP('',(#1263,#1264,#1265,#1273,#1282,#1290,#1299,#1305));
#1263 = ORIENTED_EDGE('',*,*,#327,.F.);
#1264 = ORIENTED_EDGE('',*,*,#1249,.F.);
#1265 = ORIENTED_EDGE('',*,*,#1266,.F.);
#1266 = EDGE_CURVE('',#1267,#1240,#1269,.T.);
#1267 = VERTEX_POINT('',#1268);
#1268 = CARTESIAN_POINT('',(-61.5,20.,42.5));
#1269 = LINE('',#1270,#1271);
#1270 = CARTESIAN_POINT('',(-61.5,20.,42.5));
#1271 = VECTOR('',#1272,1.);
#1272 = DIRECTION('',(0.,-2.22044604925E-16,-1.));
#1273 = ORIENTED_EDGE('',*,*,#1274,.F.);
#1274 = EDGE_CURVE('',#1275,#1267,#1277,.T.);
#1275 = VERTEX_POINT('',#1276);
#1276 = CARTESIAN_POINT('',(-52.5,20.,51.5));
#1277 = CIRCLE('',#1278,9.);
#1278 = AXIS2_PLACEMENT_3D('',#1279,#1280,#1281);
#1279 = CARTESIAN_POINT('',(-52.5,20.,42.5));
#1280 = DIRECTION('',(0.,-1.,0.));
#1281 = DIRECTION('',(7.105427357601E-16,0.,1.));
#1282 = ORIENTED_EDGE('',*,*,#1283,.F.);
#1283 = EDGE_CURVE('',#1284,#1275,#1286,.T.);
#1284 = VERTEX_POINT('',#1285);
#1285 = CARTESIAN_POINT('',(52.500000000001,20.,51.5));
#1286 = LINE('',#1287,#1288);
#1287 = CARTESIAN_POINT('',(52.500000000001,20.,51.5));
#1288 = VECTOR('',#1289,1.);
#1289 = DIRECTION('',(-1.,0.,0.));
#1290 = ORIENTED_EDGE('',*,*,#1291,.F.);
#1291 = EDGE_CURVE('',#1292,#1284,#1294,.T.);
#1292 = VERTEX_POINT('',#1293);
#1293 = CARTESIAN_POINT('',(61.5,20.,42.5));
#1294 = CIRCLE('',#1295,9.);
#1295 = AXIS2_PLACEMENT_3D('',#1296,#1297,#1298);
#1296 = CARTESIAN_POINT('',(52.5,20.,42.5));
#1297 = DIRECTION('',(0.,-1.,0.));
#1298 = DIRECTION('',(1.,0.,-7.105427357601E-16));
#1299 = ORIENTED_EDGE('',*,*,#1300,.F.);
#1300 = EDGE_CURVE('',#1193,#1292,#1301,.T.);
#1301 = LINE('',#1302,#1303);
#1302 = CARTESIAN_POINT('',(61.5,20.,-42.5));
#1303 = VECTOR('',#1304,1.);
#1304 = DIRECTION('',(0.,2.22044604925E-16,1.));
#1305 = ORIENTED_EDGE('',*,*,#1200,.F.);
#1306 = FACE_BOUND('',#1307,.T.);
#1307 = EDGE_LOOP('',(#1308));
#1308 = ORIENTED_EDGE('',*,*,#1309,.F.);
#1309 = EDGE_CURVE('',#1310,#1310,#1312,.T.);
#1310 = VERTEX_POINT('',#1311);
#1311 = CARTESIAN_POINT('',(-49.,20.,-42.5));
#1312 = CIRCLE('',#1313,3.5);
#1313 = AXIS2_PLACEMENT_3D('',#1314,#1315,#1316);
#1314 = CARTESIAN_POINT('',(-52.5,20.,-42.5));
#1315 = DIRECTION('',(0.,1.,-2.22044604925E-16));
#1316 = DIRECTION('',(1.,0.,0.));
#1317 = FACE_BOUND('',#1318,.T.);
#1318 = EDGE_LOOP('',(#1319));
#1319 = ORIENTED_EDGE('',*,*,#1320,.F.);
#1320 = EDGE_CURVE('',#1321,#1321,#1323,.T.);
#1321 = VERTEX_POINT('',#1322);
#1322 = CARTESIAN_POINT('',(-53.6,20.,42.5));
#1323 = CIRCLE('',#1324,3.5);
#1324 = AXIS2_PLACEMENT_3D('',#1325,#1326,#1327);
#1325 = CARTESIAN_POINT('',(-57.1,20.,42.5));
#1326 = DIRECTION('',(0.,1.,-2.22044604925E-16));
#1327 = DIRECTION('',(1.,0.,0.));
#1328 = FACE_BOUND('',#1329,.T.);
#1329 = EDGE_LOOP('',(#1330));
#1330 = ORIENTED_EDGE('',*,*,#1331,.F.);
#1331 = EDGE_CURVE('',#1332,#1332,#1334,.T.);
#1332 = VERTEX_POINT('',#1333);
#1333 = CARTESIAN_POINT('',(-32.27343565777,20.,22.04206404513));
#1334 = CIRCLE('',#1335,3.);
#1335 = AXIS2_PLACEMENT_3D('',#1336,#1337,#1338);
#1336 = CARTESIAN_POINT('',(-29.27343565777,20.,22.04206404513));
#1337 = DIRECTION('',(0.,1.,-2.22044604925E-16));
#1338 = DIRECTION('',(-1.,0.,0.));
#1339 = FACE_BOUND('',#1340,.T.);
#1340 = EDGE_LOOP('',(#1341));
#1341 = ORIENTED_EDGE('',*,*,#1342,.F.);
#1342 = EDGE_CURVE('',#1343,#1343,#1345,.T.);
#1343 = VERTEX_POINT('',#1344);
#1344 = CARTESIAN_POINT('',(56.,20.,-42.5));
#1345 = CIRCLE('',#1346,3.5);
#1346 = AXIS2_PLACEMENT_3D('',#1347,#1348,#1349);
#1347 = CARTESIAN_POINT('',(52.5,20.,-42.5));
#1348 = DIRECTION('',(0.,1.,-2.22044604925E-16));
#1349 = DIRECTION('',(1.,0.,0.));
#1350 = FACE_BOUND('',#1351,.T.);
#1351 = EDGE_LOOP('',(#1352));
#1352 = ORIENTED_EDGE('',*,*,#1353,.F.);
#1353 = EDGE_CURVE('',#1354,#1354,#1356,.T.);
#1354 = VERTEX_POINT('',#1355);
#1355 = CARTESIAN_POINT('',(26.273435657771,20.,22.04206404513));
#1356 = CIRCLE('',#1357,3.);
#1357 = AXIS2_PLACEMENT_3D('',#1358,#1359,#1360);
#1358 = CARTESIAN_POINT('',(29.273435657771,20.,22.04206404513));
#1359 = DIRECTION('',(0.,1.,-2.22044604925E-16));
#1360 = DIRECTION('',(-1.,0.,0.));
#1361 = FACE_BOUND('',#1362,.T.);
#1362 = EDGE_LOOP('',(#1363));
#1363 = ORIENTED_EDGE('',*,*,#1364,.F.);
#1364 = EDGE_CURVE('',#1365,#1365,#1367,.T.);
#1365 = VERTEX_POINT('',#1366);
#1366 = CARTESIAN_POINT('',(60.6,20.,42.5));
#1367 = CIRCLE('',#1368,3.5);
#1368 = AXIS2_PLACEMENT_3D('',#1369,#1370,#1371);
#1369 = CARTESIAN_POINT('',(57.1,20.,42.5));
#1370 = DIRECTION('',(0.,1.,-2.22044604925E-16));
#1371 = DIRECTION('',(1.,0.,0.));
#1372 = PLANE('',#1373);
#1373 = AXIS2_PLACEMENT_3D('',#1374,#1375,#1376);
#1374 = CARTESIAN_POINT('',(-2.674279116251E-14,20.,-6.306931887785E-14)
  );
#1375 = DIRECTION('',(0.,1.,0.));
#1376 = DIRECTION('',(0.,0.,1.));
#1377 = ADVANCED_FACE('',(#1378),#1397,.T.);
#1378 = FACE_BOUND('',#1379,.T.);
#1379 = EDGE_LOOP('',(#1380,#1381,#1390,#1396));
#1380 = ORIENTED_EDGE('',*,*,#1224,.T.);
#1381 = ORIENTED_EDGE('',*,*,#1382,.T.);
#1382 = EDGE_CURVE('',#1217,#1383,#1385,.T.);
#1383 = VERTEX_POINT('',#1384);
#1384 = CARTESIAN_POINT('',(52.500000000001,19.,52.5));
#1385 = CIRCLE('',#1386,10.);
#1386 = AXIS2_PLACEMENT_3D('',#1387,#1388,#1389);
#1387 = CARTESIAN_POINT('',(52.5,19.,42.5));
#1388 = DIRECTION('',(0.,-1.,0.));
#1389 = DIRECTION('',(1.,0.,-7.105427357601E-16));
#1390 = ORIENTED_EDGE('',*,*,#1391,.F.);
#1391 = EDGE_CURVE('',#344,#1383,#1392,.T.);
#1392 = LINE('',#1393,#1394);
#1393 = CARTESIAN_POINT('',(52.500000000001,1.054711873394E-14,52.5));
#1394 = VECTOR('',#1395,1.);
#1395 = DIRECTION('',(0.,1.,-2.22044604925E-16));
#1396 = ORIENTED_EDGE('',*,*,#341,.F.);
#1397 = CYLINDRICAL_SURFACE('',#1398,10.);
#1398 = AXIS2_PLACEMENT_3D('',#1399,#1400,#1401);
#1399 = CARTESIAN_POINT('',(52.5,9.436895709314E-15,42.5));
#1400 = DIRECTION('',(0.,-1.,0.));
#1401 = DIRECTION('',(1.,0.,0.));
#1402 = ADVANCED_FACE('',(#1403),#1421,.T.);
#1403 = FACE_BOUND('',#1404,.T.);
#1404 = EDGE_LOOP('',(#1405,#1406,#1414,#1420));
#1405 = ORIENTED_EDGE('',*,*,#1391,.T.);
#1406 = ORIENTED_EDGE('',*,*,#1407,.T.);
#1407 = EDGE_CURVE('',#1383,#1408,#1410,.T.);
#1408 = VERTEX_POINT('',#1409);
#1409 = CARTESIAN_POINT('',(-52.5,19.,52.5));
#1410 = LINE('',#1411,#1412);
#1411 = CARTESIAN_POINT('',(52.500000000001,19.,52.5));
#1412 = VECTOR('',#1413,1.);
#1413 = DIRECTION('',(-1.,0.,0.));
#1414 = ORIENTED_EDGE('',*,*,#1415,.F.);
#1415 = EDGE_CURVE('',#353,#1408,#1416,.T.);
#1416 = LINE('',#1417,#1418);
#1417 = CARTESIAN_POINT('',(-52.5,1.054711873394E-14,52.5));
#1418 = VECTOR('',#1419,1.);
#1419 = DIRECTION('',(0.,1.,-2.22044604925E-16));
#1420 = ORIENTED_EDGE('',*,*,#352,.F.);
#1421 = PLANE('',#1422);
#1422 = AXIS2_PLACEMENT_3D('',#1423,#1424,#1425);
#1423 = CARTESIAN_POINT('',(52.500000000001,1.165734175856E-14,52.5));
#1424 = DIRECTION('',(0.,2.22044604925E-16,1.));
#1425 = DIRECTION('',(-1.,0.,0.));
#1426 = ADVANCED_FACE('',(#1427),#1446,.T.);
#1427 = FACE_BOUND('',#1428,.T.);
#1428 = EDGE_LOOP('',(#1429,#1430,#1439,#1445));
#1429 = ORIENTED_EDGE('',*,*,#1415,.T.);
#1430 = ORIENTED_EDGE('',*,*,#1431,.T.);
#1431 = EDGE_CURVE('',#1408,#1432,#1434,.T.);
#1432 = VERTEX_POINT('',#1433);
#1433 = CARTESIAN_POINT('',(-62.5,19.,42.5));
#1434 = CIRCLE('',#1435,10.);
#1435 = AXIS2_PLACEMENT_3D('',#1436,#1437,#1438);
#1436 = CARTESIAN_POINT('',(-52.5,19.,42.5));
#1437 = DIRECTION('',(0.,-1.,0.));
#1438 = DIRECTION('',(7.105427357601E-16,0.,1.));
#1439 = ORIENTED_EDGE('',*,*,#1440,.F.);
#1440 = EDGE_CURVE('',#361,#1432,#1441,.T.);
#1441 = LINE('',#1442,#1443);
#1442 = CARTESIAN_POINT('',(-62.5,9.436895709314E-15,42.5));
#1443 = VECTOR('',#1444,1.);
#1444 = DIRECTION('',(0.,1.,-2.22044604925E-16));
#1445 = ORIENTED_EDGE('',*,*,#360,.F.);
#1446 = CYLINDRICAL_SURFACE('',#1447,10.);
#1447 = AXIS2_PLACEMENT_3D('',#1448,#1449,#1450);
#1448 = CARTESIAN_POINT('',(-52.5,9.436895709314E-15,42.5));
#1449 = DIRECTION('',(0.,-1.,0.));
#1450 = DIRECTION('',(1.,0.,0.));
#1451 = ADVANCED_FACE('',(#1452),#1463,.T.);
#1452 = FACE_BOUND('',#1453,.T.);
#1453 = EDGE_LOOP('',(#1454,#1455,#1461,#1462));
#1454 = ORIENTED_EDGE('',*,*,#1440,.T.);
#1455 = ORIENTED_EDGE('',*,*,#1456,.T.);
#1456 = EDGE_CURVE('',#1432,#615,#1457,.T.);
#1457 = LINE('',#1458,#1459);
#1458 = CARTESIAN_POINT('',(-62.5,19.,42.5));
#1459 = VECTOR('',#1460,1.);
#1460 = DIRECTION('',(0.,-2.22044604925E-16,-1.));
#1461 = ORIENTED_EDGE('',*,*,#614,.F.);
#1462 = ORIENTED_EDGE('',*,*,#369,.F.);
#1463 = PLANE('',#1464);
#1464 = AXIS2_PLACEMENT_3D('',#1465,#1466,#1467);
#1465 = CARTESIAN_POINT('',(-62.5,9.436895709314E-15,42.5));
#1466 = DIRECTION('',(-1.,0.,0.));
#1467 = DIRECTION('',(0.,-2.22044604925E-16,-1.));
#1468 = ADVANCED_FACE('',(#1469),#1518,.F.);
#1469 = FACE_BOUND('',#1470,.F.);
#1470 = EDGE_LOOP('',(#1471,#1481,#1487,#1488,#1489,#1490,#1491,#1492,
    #1493,#1494,#1495,#1496,#1497,#1498,#1499,#1500,#1501,#1502,#1503,
    #1504,#1505,#1506,#1507,#1508,#1509,#1510,#1511,#1512));
#1471 = ORIENTED_EDGE('',*,*,#1472,.T.);
#1472 = EDGE_CURVE('',#1473,#1475,#1477,.T.);
#1473 = VERTEX_POINT('',#1474);
#1474 = CARTESIAN_POINT('',(-52.5,18.,-47.5));
#1475 = VERTEX_POINT('',#1476);
#1476 = CARTESIAN_POINT('',(52.500000000001,18.,-47.5));
#1477 = LINE('',#1478,#1479);
#1478 = CARTESIAN_POINT('',(-26.25,18.,-47.5));
#1479 = VECTOR('',#1480,1.);
#1480 = DIRECTION('',(1.,0.,0.));
#1481 = ORIENTED_EDGE('',*,*,#1482,.F.);
#1482 = EDGE_CURVE('',#533,#1475,#1483,.T.);
#1483 = LINE('',#1484,#1485);
#1484 = CARTESIAN_POINT('',(52.500000000001,-8.770761894539E-15,-47.5));
#1485 = VECTOR('',#1486,1.);
#1486 = DIRECTION('',(0.,1.,0.));
#1487 = ORIENTED_EDGE('',*,*,#540,.F.);
#1488 = ORIENTED_EDGE('',*,*,#641,.T.);
#1489 = ORIENTED_EDGE('',*,*,#673,.F.);
#1490 = ORIENTED_EDGE('',*,*,#714,.F.);
#1491 = ORIENTED_EDGE('',*,*,#762,.F.);
#1492 = ORIENTED_EDGE('',*,*,#811,.T.);
#1493 = ORIENTED_EDGE('',*,*,#867,.F.);
#1494 = ORIENTED_EDGE('',*,*,#908,.F.);
#1495 = ORIENTED_EDGE('',*,*,#956,.F.);
#1496 = ORIENTED_EDGE('',*,*,#1005,.T.);
#1497 = ORIENTED_EDGE('',*,*,#1061,.F.);
#1498 = ORIENTED_EDGE('',*,*,#1102,.F.);
#1499 = ORIENTED_EDGE('',*,*,#1150,.F.);
#1500 = ORIENTED_EDGE('',*,*,#1175,.T.);
#1501 = ORIENTED_EDGE('',*,*,#1134,.F.);
#1502 = ORIENTED_EDGE('',*,*,#1085,.F.);
#1503 = ORIENTED_EDGE('',*,*,#1036,.F.);
#1504 = ORIENTED_EDGE('',*,*,#988,.T.);
#1505 = ORIENTED_EDGE('',*,*,#940,.F.);
#1506 = ORIENTED_EDGE('',*,*,#891,.F.);
#1507 = ORIENTED_EDGE('',*,*,#842,.F.);
#1508 = ORIENTED_EDGE('',*,*,#794,.T.);
#1509 = ORIENTED_EDGE('',*,*,#746,.F.);
#1510 = ORIENTED_EDGE('',*,*,#697,.F.);
#1511 = ORIENTED_EDGE('',*,*,#393,.F.);
#1512 = ORIENTED_EDGE('',*,*,#1513,.T.);
#1513 = EDGE_CURVE('',#394,#1473,#1514,.T.);
#1514 = LINE('',#1515,#1516);
#1515 = CARTESIAN_POINT('',(-52.5,-8.770761894539E-15,-47.5));
#1516 = VECTOR('',#1517,1.);
#1517 = DIRECTION('',(0.,1.,0.));
#1518 = PLANE('',#1519);
#1519 = AXIS2_PLACEMENT_3D('',#1520,#1521,#1522);
#1520 = CARTESIAN_POINT('',(-52.5,-1.054711873394E-14,-47.5));
#1521 = DIRECTION('',(0.,-2.22044604925E-16,-1.));
#1522 = DIRECTION('',(1.,0.,0.));
#1523 = ADVANCED_FACE('',(#1524),#1542,.F.);
#1524 = FACE_BOUND('',#1525,.F.);
#1525 = EDGE_LOOP('',(#1526,#1527,#1528,#1536));
#1526 = ORIENTED_EDGE('',*,*,#1513,.F.);
#1527 = ORIENTED_EDGE('',*,*,#401,.T.);
#1528 = ORIENTED_EDGE('',*,*,#1529,.T.);
#1529 = EDGE_CURVE('',#402,#1530,#1532,.T.);
#1530 = VERTEX_POINT('',#1531);
#1531 = CARTESIAN_POINT('',(-52.5,18.,-46.5));
#1532 = LINE('',#1533,#1534);
#1533 = CARTESIAN_POINT('',(-52.5,20.,-46.5));
#1534 = VECTOR('',#1535,1.);
#1535 = DIRECTION('',(0.,1.,-2.22044604925E-16));
#1536 = ORIENTED_EDGE('',*,*,#1537,.F.);
#1537 = EDGE_CURVE('',#1473,#1530,#1538,.T.);
#1538 = LINE('',#1539,#1540);
#1539 = CARTESIAN_POINT('',(-52.5,18.,-47.5));
#1540 = VECTOR('',#1541,1.);
#1541 = DIRECTION('',(0.,2.22044604925E-16,1.));
#1542 = PLANE('',#1543);
#1543 = AXIS2_PLACEMENT_3D('',#1544,#1545,#1546);
#1544 = CARTESIAN_POINT('',(-52.5,-8.770761894539E-15,-47.5));
#1545 = DIRECTION('',(-1.,0.,0.));
#1546 = DIRECTION('',(0.,1.,0.));
#1547 = ADVANCED_FACE('',(#1548),#1577,.T.);
#1548 = FACE_BOUND('',#1549,.T.);
#1549 = EDGE_LOOP('',(#1550,#1551,#1552,#1561,#1570,#1576));
#1550 = ORIENTED_EDGE('',*,*,#409,.T.);
#1551 = ORIENTED_EDGE('',*,*,#1529,.T.);
#1552 = ORIENTED_EDGE('',*,*,#1553,.F.);
#1553 = EDGE_CURVE('',#1554,#1530,#1556,.T.);
#1554 = VERTEX_POINT('',#1555);
#1555 = CARTESIAN_POINT('',(-56.5,18.,-42.5));
#1556 = CIRCLE('',#1557,4.);
#1557 = AXIS2_PLACEMENT_3D('',#1558,#1559,#1560);
#1558 = CARTESIAN_POINT('',(-52.5,18.,-42.5));
#1559 = DIRECTION('',(0.,1.,-2.22044604925E-16));
#1560 = DIRECTION('',(-1.,0.,0.));
#1561 = ORIENTED_EDGE('',*,*,#1562,.F.);
#1562 = EDGE_CURVE('',#1563,#1554,#1565,.T.);
#1563 = VERTEX_POINT('',#1564);
#1564 = CARTESIAN_POINT('',(-54.85964099105,18.,-45.72987529067));
#1565 = CIRCLE('',#1566,4.);
#1566 = AXIS2_PLACEMENT_3D('',#1567,#1568,#1569);
#1567 = CARTESIAN_POINT('',(-52.5,18.,-42.5));
#1568 = DIRECTION('',(0.,1.,-2.22044604925E-16));
#1569 = DIRECTION('',(-1.,0.,0.));
#1570 = ORIENTED_EDGE('',*,*,#1571,.F.);
#1571 = EDGE_CURVE('',#419,#1563,#1572,.T.);
#1572 = LINE('',#1573,#1574);
#1573 = CARTESIAN_POINT('',(-54.85964099105,20.,-45.72987529067));
#1574 = VECTOR('',#1575,1.);
#1575 = DIRECTION('',(0.,1.,-2.22044604925E-16));
#1576 = ORIENTED_EDGE('',*,*,#418,.T.);
#1577 = CYLINDRICAL_SURFACE('',#1578,4.);
#1578 = AXIS2_PLACEMENT_3D('',#1579,#1580,#1581);
#1579 = CARTESIAN_POINT('',(-52.5,20.,-42.5));
#1580 = DIRECTION('',(0.,1.,-2.22044604925E-16));
#1581 = DIRECTION('',(-1.,0.,0.));
#1582 = ADVANCED_FACE('',(#1583),#1602,.F.);
#1583 = FACE_BOUND('',#1584,.F.);
#1584 = EDGE_LOOP('',(#1585,#1586,#1587,#1595));
#1585 = ORIENTED_EDGE('',*,*,#1571,.F.);
#1586 = ORIENTED_EDGE('',*,*,#427,.F.);
#1587 = ORIENTED_EDGE('',*,*,#1588,.T.);
#1588 = EDGE_CURVE('',#428,#1589,#1591,.T.);
#1589 = VERTEX_POINT('',#1590);
#1590 = CARTESIAN_POINT('',(-60.5,18.,-38.08578643762));
#1591 = LINE('',#1592,#1593);
#1592 = CARTESIAN_POINT('',(-60.5,-8.456743402802E-15,-38.08578643762));
#1593 = VECTOR('',#1594,1.);
#1594 = DIRECTION('',(0.,1.,0.));
#1595 = ORIENTED_EDGE('',*,*,#1596,.T.);
#1596 = EDGE_CURVE('',#1589,#1563,#1597,.T.);
#1597 = CIRCLE('',#1598,8.);
#1598 = AXIS2_PLACEMENT_3D('',#1599,#1600,#1601);
#1599 = CARTESIAN_POINT('',(-52.5,18.,-38.08578643762));
#1600 = DIRECTION('',(0.,-1.,0.));
#1601 = DIRECTION('',(1.,0.,0.));
#1602 = CYLINDRICAL_SURFACE('',#1603,8.);
#1603 = AXIS2_PLACEMENT_3D('',#1604,#1605,#1606);
#1604 = CARTESIAN_POINT('',(-52.5,-8.456743402802E-15,-38.08578643762));
#1605 = DIRECTION('',(0.,-1.,0.));
#1606 = DIRECTION('',(1.,0.,0.));
#1607 = ADVANCED_FACE('',(#1608),#1626,.F.);
#1608 = FACE_BOUND('',#1609,.F.);
#1609 = EDGE_LOOP('',(#1610,#1611,#1619,#1625));
#1610 = ORIENTED_EDGE('',*,*,#436,.F.);
#1611 = ORIENTED_EDGE('',*,*,#1612,.T.);
#1612 = EDGE_CURVE('',#437,#1613,#1615,.T.);
#1613 = VERTEX_POINT('',#1614);
#1614 = CARTESIAN_POINT('',(-60.5,18.,40.39286924943));
#1615 = LINE('',#1616,#1617);
#1616 = CARTESIAN_POINT('',(-60.5,20.,40.392869249429));
#1617 = VECTOR('',#1618,1.);
#1618 = DIRECTION('',(0.,1.,-2.22044604925E-16));
#1619 = ORIENTED_EDGE('',*,*,#1620,.T.);
#1620 = EDGE_CURVE('',#1613,#1589,#1621,.T.);
#1621 = LINE('',#1622,#1623);
#1622 = CARTESIAN_POINT('',(-60.5,18.,21.25));
#1623 = VECTOR('',#1624,1.);
#1624 = DIRECTION('',(0.,0.,-1.));
#1625 = ORIENTED_EDGE('',*,*,#1588,.F.);
#1626 = PLANE('',#1627);
#1627 = AXIS2_PLACEMENT_3D('',#1628,#1629,#1630);
#1628 = CARTESIAN_POINT('',(-60.5,9.436895709314E-15,42.5));
#1629 = DIRECTION('',(-1.,0.,0.));
#1630 = DIRECTION('',(0.,-2.22044604925E-16,-1.));
#1631 = ADVANCED_FACE('',(#1632),#1651,.T.);
#1632 = FACE_BOUND('',#1633,.T.);
#1633 = EDGE_LOOP('',(#1634,#1642,#1643,#1644));
#1634 = ORIENTED_EDGE('',*,*,#1635,.T.);
#1635 = EDGE_CURVE('',#1636,#445,#1638,.T.);
#1636 = VERTEX_POINT('',#1637);
#1637 = CARTESIAN_POINT('',(-60.01739130434,18.,45.236572304419));
#1638 = LINE('',#1639,#1640);
#1639 = CARTESIAN_POINT('',(-60.01739130434,9.436895709314E-15,
    45.23657230442));
#1640 = VECTOR('',#1641,1.);
#1641 = DIRECTION('',(0.,-1.,0.));
#1642 = ORIENTED_EDGE('',*,*,#444,.T.);
#1643 = ORIENTED_EDGE('',*,*,#1612,.T.);
#1644 = ORIENTED_EDGE('',*,*,#1645,.F.);
#1645 = EDGE_CURVE('',#1636,#1613,#1646,.T.);
#1646 = CIRCLE('',#1647,4.);
#1647 = AXIS2_PLACEMENT_3D('',#1648,#1649,#1650);
#1648 = CARTESIAN_POINT('',(-57.1,18.,42.5));
#1649 = DIRECTION('',(0.,1.,-2.22044604925E-16));
#1650 = DIRECTION('',(-1.,0.,0.));
#1651 = CYLINDRICAL_SURFACE('',#1652,4.);
#1652 = AXIS2_PLACEMENT_3D('',#1653,#1654,#1655);
#1653 = CARTESIAN_POINT('',(-57.1,20.,42.5));
#1654 = DIRECTION('',(0.,1.,-2.22044604925E-16));
#1655 = DIRECTION('',(-1.,0.,0.));
#1656 = ADVANCED_FACE('',(#1657),#1676,.F.);
#1657 = FACE_BOUND('',#1658,.F.);
#1658 = EDGE_LOOP('',(#1659,#1660,#1661,#1669));
#1659 = ORIENTED_EDGE('',*,*,#1635,.T.);
#1660 = ORIENTED_EDGE('',*,*,#453,.F.);
#1661 = ORIENTED_EDGE('',*,*,#1662,.T.);
#1662 = EDGE_CURVE('',#454,#1663,#1665,.T.);
#1663 = VERTEX_POINT('',#1664);
#1664 = CARTESIAN_POINT('',(-52.5,18.,50.5));
#1665 = LINE('',#1666,#1667);
#1666 = CARTESIAN_POINT('',(-52.5,9.436895709314E-15,50.5));
#1667 = VECTOR('',#1668,1.);
#1668 = DIRECTION('',(0.,1.,0.));
#1669 = ORIENTED_EDGE('',*,*,#1670,.T.);
#1670 = EDGE_CURVE('',#1663,#1636,#1671,.T.);
#1671 = CIRCLE('',#1672,8.);
#1672 = AXIS2_PLACEMENT_3D('',#1673,#1674,#1675);
#1673 = CARTESIAN_POINT('',(-52.5,18.,42.5));
#1674 = DIRECTION('',(0.,-1.,0.));
#1675 = DIRECTION('',(1.,0.,0.));
#1676 = CYLINDRICAL_SURFACE('',#1677,8.);
#1677 = AXIS2_PLACEMENT_3D('',#1678,#1679,#1680);
#1678 = CARTESIAN_POINT('',(-52.5,9.436895709314E-15,42.5));
#1679 = DIRECTION('',(0.,-1.,0.));
#1680 = DIRECTION('',(1.,0.,0.));
#1681 = ADVANCED_FACE('',(#1682),#1700,.F.);
#1682 = FACE_BOUND('',#1683,.F.);
#1683 = EDGE_LOOP('',(#1684,#1685,#1686,#1694));
#1684 = ORIENTED_EDGE('',*,*,#1662,.F.);
#1685 = ORIENTED_EDGE('',*,*,#462,.F.);
#1686 = ORIENTED_EDGE('',*,*,#1687,.T.);
#1687 = EDGE_CURVE('',#463,#1688,#1690,.T.);
#1688 = VERTEX_POINT('',#1689);
#1689 = CARTESIAN_POINT('',(52.500000000001,18.,50.5));
#1690 = LINE('',#1691,#1692);
#1691 = CARTESIAN_POINT('',(52.500000000001,9.436895709314E-15,50.5));
#1692 = VECTOR('',#1693,1.);
#1693 = DIRECTION('',(0.,1.,0.));
#1694 = ORIENTED_EDGE('',*,*,#1695,.T.);
#1695 = EDGE_CURVE('',#1688,#1663,#1696,.T.);
#1696 = LINE('',#1697,#1698);
#1697 = CARTESIAN_POINT('',(26.250000000001,18.,50.5));
#1698 = VECTOR('',#1699,1.);
#1699 = DIRECTION('',(-1.,0.,0.));
#1700 = PLANE('',#1701);
#1701 = AXIS2_PLACEMENT_3D('',#1702,#1703,#1704);
#1702 = CARTESIAN_POINT('',(52.500000000001,1.121325254871E-14,50.5));
#1703 = DIRECTION('',(0.,2.22044604925E-16,1.));
#1704 = DIRECTION('',(-1.,0.,0.));
#1705 = ADVANCED_FACE('',(#1706),#1725,.F.);
#1706 = FACE_BOUND('',#1707,.F.);
#1707 = EDGE_LOOP('',(#1708,#1709,#1717,#1724));
#1708 = ORIENTED_EDGE('',*,*,#470,.F.);
#1709 = ORIENTED_EDGE('',*,*,#1710,.F.);
#1710 = EDGE_CURVE('',#1711,#471,#1713,.T.);
#1711 = VERTEX_POINT('',#1712);
#1712 = CARTESIAN_POINT('',(60.017391304348,18.,45.23657230442));
#1713 = LINE('',#1714,#1715);
#1714 = CARTESIAN_POINT('',(60.017391304348,9.436895709314E-15,
    45.23657230442));
#1715 = VECTOR('',#1716,1.);
#1716 = DIRECTION('',(0.,-1.,0.));
#1717 = ORIENTED_EDGE('',*,*,#1718,.T.);
#1718 = EDGE_CURVE('',#1711,#1688,#1719,.T.);
#1719 = CIRCLE('',#1720,8.);
#1720 = AXIS2_PLACEMENT_3D('',#1721,#1722,#1723);
#1721 = CARTESIAN_POINT('',(52.5,18.,42.5));
#1722 = DIRECTION('',(0.,-1.,0.));
#1723 = DIRECTION('',(1.,0.,0.));
#1724 = ORIENTED_EDGE('',*,*,#1687,.F.);
#1725 = CYLINDRICAL_SURFACE('',#1726,8.);
#1726 = AXIS2_PLACEMENT_3D('',#1727,#1728,#1729);
#1727 = CARTESIAN_POINT('',(52.5,9.436895709314E-15,42.5));
#1728 = DIRECTION('',(0.,-1.,0.));
#1729 = DIRECTION('',(1.,0.,0.));
#1730 = ADVANCED_FACE('',(#1731),#1760,.T.);
#1731 = FACE_BOUND('',#1732,.T.);
#1732 = EDGE_LOOP('',(#1733,#1744,#1750,#1751,#1752,#1753));
#1733 = ORIENTED_EDGE('',*,*,#1734,.F.);
#1734 = EDGE_CURVE('',#1735,#1737,#1739,.T.);
#1735 = VERTEX_POINT('',#1736);
#1736 = CARTESIAN_POINT('',(60.5,18.,40.392869249429));
#1737 = VERTEX_POINT('',#1738);
#1738 = CARTESIAN_POINT('',(53.1,18.,42.5));
#1739 = CIRCLE('',#1740,4.);
#1740 = AXIS2_PLACEMENT_3D('',#1741,#1742,#1743);
#1741 = CARTESIAN_POINT('',(57.1,18.,42.5));
#1742 = DIRECTION('',(0.,1.,-2.22044604925E-16));
#1743 = DIRECTION('',(-1.,0.,0.));
#1744 = ORIENTED_EDGE('',*,*,#1745,.F.);
#1745 = EDGE_CURVE('',#489,#1735,#1746,.T.);
#1746 = LINE('',#1747,#1748);
#1747 = CARTESIAN_POINT('',(60.5,20.,40.392869249429));
#1748 = VECTOR('',#1749,1.);
#1749 = DIRECTION('',(0.,1.,-2.22044604925E-16));
#1750 = ORIENTED_EDGE('',*,*,#488,.T.);
#1751 = ORIENTED_EDGE('',*,*,#479,.T.);
#1752 = ORIENTED_EDGE('',*,*,#1710,.F.);
#1753 = ORIENTED_EDGE('',*,*,#1754,.F.);
#1754 = EDGE_CURVE('',#1737,#1711,#1755,.T.);
#1755 = CIRCLE('',#1756,4.);
#1756 = AXIS2_PLACEMENT_3D('',#1757,#1758,#1759);
#1757 = CARTESIAN_POINT('',(57.1,18.,42.5));
#1758 = DIRECTION('',(0.,1.,-2.22044604925E-16));
#1759 = DIRECTION('',(-1.,0.,0.));
#1760 = CYLINDRICAL_SURFACE('',#1761,4.);
#1761 = AXIS2_PLACEMENT_3D('',#1762,#1763,#1764);
#1762 = CARTESIAN_POINT('',(57.1,20.,42.5));
#1763 = DIRECTION('',(0.,1.,-2.22044604925E-16));
#1764 = DIRECTION('',(-1.,0.,0.));
#1765 = ADVANCED_FACE('',(#1766),#1784,.F.);
#1766 = FACE_BOUND('',#1767,.F.);
#1767 = EDGE_LOOP('',(#1768,#1769,#1777,#1783));
#1768 = ORIENTED_EDGE('',*,*,#497,.F.);
#1769 = ORIENTED_EDGE('',*,*,#1770,.T.);
#1770 = EDGE_CURVE('',#498,#1771,#1773,.T.);
#1771 = VERTEX_POINT('',#1772);
#1772 = CARTESIAN_POINT('',(60.5,18.,-38.08578643762));
#1773 = LINE('',#1774,#1775);
#1774 = CARTESIAN_POINT('',(60.5,-8.456743402802E-15,-38.08578643762));
#1775 = VECTOR('',#1776,1.);
#1776 = DIRECTION('',(0.,1.,0.));
#1777 = ORIENTED_EDGE('',*,*,#1778,.T.);
#1778 = EDGE_CURVE('',#1771,#1735,#1779,.T.);
#1779 = LINE('',#1780,#1781);
#1780 = CARTESIAN_POINT('',(60.5,18.,-21.25));
#1781 = VECTOR('',#1782,1.);
#1782 = DIRECTION('',(0.,0.,1.));
#1783 = ORIENTED_EDGE('',*,*,#1745,.F.);
#1784 = PLANE('',#1785);
#1785 = AXIS2_PLACEMENT_3D('',#1786,#1787,#1788);
#1786 = CARTESIAN_POINT('',(60.5,-9.436895709314E-15,-42.5));
#1787 = DIRECTION('',(1.,0.,0.));
#1788 = DIRECTION('',(0.,2.22044604925E-16,1.));
#1789 = ADVANCED_FACE('',(#1790),#1809,.F.);
#1790 = FACE_BOUND('',#1791,.F.);
#1791 = EDGE_LOOP('',(#1792,#1793,#1794,#1802));
#1792 = ORIENTED_EDGE('',*,*,#1770,.F.);
#1793 = ORIENTED_EDGE('',*,*,#505,.F.);
#1794 = ORIENTED_EDGE('',*,*,#1795,.T.);
#1795 = EDGE_CURVE('',#506,#1796,#1798,.T.);
#1796 = VERTEX_POINT('',#1797);
#1797 = CARTESIAN_POINT('',(54.859640991056,18.,-45.72987529067));
#1798 = LINE('',#1799,#1800);
#1799 = CARTESIAN_POINT('',(54.859640991056,20.,-45.72987529067));
#1800 = VECTOR('',#1801,1.);
#1801 = DIRECTION('',(0.,1.,-2.22044604925E-16));
#1802 = ORIENTED_EDGE('',*,*,#1803,.T.);
#1803 = EDGE_CURVE('',#1796,#1771,#1804,.T.);
#1804 = CIRCLE('',#1805,8.);
#1805 = AXIS2_PLACEMENT_3D('',#1806,#1807,#1808);
#1806 = CARTESIAN_POINT('',(52.5,18.,-38.08578643762));
#1807 = DIRECTION('',(0.,-1.,0.));
#1808 = DIRECTION('',(1.,0.,0.));
#1809 = CYLINDRICAL_SURFACE('',#1810,8.);
#1810 = AXIS2_PLACEMENT_3D('',#1811,#1812,#1813);
#1811 = CARTESIAN_POINT('',(52.5,-8.456743402802E-15,-38.08578643762));
#1812 = DIRECTION('',(0.,-1.,0.));
#1813 = DIRECTION('',(1.,0.,0.));
#1814 = ADVANCED_FACE('',(#1815),#1844,.T.);
#1815 = FACE_BOUND('',#1816,.T.);
#1816 = EDGE_LOOP('',(#1817,#1818,#1819,#1828,#1837,#1843));
#1817 = ORIENTED_EDGE('',*,*,#514,.T.);
#1818 = ORIENTED_EDGE('',*,*,#1795,.T.);
#1819 = ORIENTED_EDGE('',*,*,#1820,.F.);
#1820 = EDGE_CURVE('',#1821,#1796,#1823,.T.);
#1821 = VERTEX_POINT('',#1822);
#1822 = CARTESIAN_POINT('',(48.5,18.,-42.5));
#1823 = CIRCLE('',#1824,4.);
#1824 = AXIS2_PLACEMENT_3D('',#1825,#1826,#1827);
#1825 = CARTESIAN_POINT('',(52.5,18.,-42.5));
#1826 = DIRECTION('',(0.,1.,-2.22044604925E-16));
#1827 = DIRECTION('',(-1.,0.,0.));
#1828 = ORIENTED_EDGE('',*,*,#1829,.F.);
#1829 = EDGE_CURVE('',#1830,#1821,#1832,.T.);
#1830 = VERTEX_POINT('',#1831);
#1831 = CARTESIAN_POINT('',(52.500000000001,18.,-46.5));
#1832 = CIRCLE('',#1833,4.);
#1833 = AXIS2_PLACEMENT_3D('',#1834,#1835,#1836);
#1834 = CARTESIAN_POINT('',(52.5,18.,-42.5));
#1835 = DIRECTION('',(0.,1.,-2.22044604925E-16));
#1836 = DIRECTION('',(-1.,0.,0.));
#1837 = ORIENTED_EDGE('',*,*,#1838,.F.);
#1838 = EDGE_CURVE('',#524,#1830,#1839,.T.);
#1839 = LINE('',#1840,#1841);
#1840 = CARTESIAN_POINT('',(52.500000000001,20.,-46.5));
#1841 = VECTOR('',#1842,1.);
#1842 = DIRECTION('',(0.,1.,-2.22044604925E-16));
#1843 = ORIENTED_EDGE('',*,*,#523,.T.);
#1844 = CYLINDRICAL_SURFACE('',#1845,4.);
#1845 = AXIS2_PLACEMENT_3D('',#1846,#1847,#1848);
#1846 = CARTESIAN_POINT('',(52.5,20.,-42.5));
#1847 = DIRECTION('',(0.,1.,-2.22044604925E-16));
#1848 = DIRECTION('',(-1.,0.,0.));
#1849 = ADVANCED_FACE('',(#1850),#1861,.T.);
#1850 = FACE_BOUND('',#1851,.T.);
#1851 = EDGE_LOOP('',(#1852,#1853,#1854,#1855));
#1852 = ORIENTED_EDGE('',*,*,#1482,.F.);
#1853 = ORIENTED_EDGE('',*,*,#532,.T.);
#1854 = ORIENTED_EDGE('',*,*,#1838,.T.);
#1855 = ORIENTED_EDGE('',*,*,#1856,.F.);
#1856 = EDGE_CURVE('',#1475,#1830,#1857,.T.);
#1857 = LINE('',#1858,#1859);
#1858 = CARTESIAN_POINT('',(52.500000000001,18.,-47.5));
#1859 = VECTOR('',#1860,1.);
#1860 = DIRECTION('',(0.,2.22044604925E-16,1.));
#1861 = PLANE('',#1862);
#1862 = AXIS2_PLACEMENT_3D('',#1863,#1864,#1865);
#1863 = CARTESIAN_POINT('',(52.500000000001,-8.770761894539E-15,-47.5));
#1864 = DIRECTION('',(-1.,0.,0.));
#1865 = DIRECTION('',(0.,1.,0.));
#1866 = ADVANCED_FACE('',(#1867),#1886,.F.);
#1867 = FACE_BOUND('',#1868,.T.);
#1868 = EDGE_LOOP('',(#1869,#1877,#1884,#1885));
#1869 = ORIENTED_EDGE('',*,*,#1870,.F.);
#1870 = EDGE_CURVE('',#1871,#565,#1873,.T.);
#1871 = VERTEX_POINT('',#1872);
#1872 = CARTESIAN_POINT('',(-55.4,14.2,42.5));
#1873 = LINE('',#1874,#1875);
#1874 = CARTESIAN_POINT('',(-55.4,14.2,42.5));
#1875 = VECTOR('',#1876,1.);
#1876 = DIRECTION('',(-6.938893903907E-17,-1.,2.22044604925E-16));
#1877 = ORIENTED_EDGE('',*,*,#1878,.T.);
#1878 = EDGE_CURVE('',#1871,#1871,#1879,.T.);
#1879 = CIRCLE('',#1880,1.7);
#1880 = AXIS2_PLACEMENT_3D('',#1881,#1882,#1883);
#1881 = CARTESIAN_POINT('',(-57.1,14.2,42.5));
#1882 = DIRECTION('',(0.,1.,-2.22044604925E-16));
#1883 = DIRECTION('',(1.,0.,0.));
#1884 = ORIENTED_EDGE('',*,*,#1870,.T.);
#1885 = ORIENTED_EDGE('',*,*,#564,.T.);
#1886 = CYLINDRICAL_SURFACE('',#1887,1.7);
#1887 = AXIS2_PLACEMENT_3D('',#1888,#1889,#1890);
#1888 = CARTESIAN_POINT('',(-57.1,14.2,42.5));
#1889 = DIRECTION('',(0.,-1.,2.22044604925E-16));
#1890 = DIRECTION('',(1.,0.,0.));
#1891 = ADVANCED_FACE('',(#1892),#1911,.F.);
#1892 = FACE_BOUND('',#1893,.T.);
#1893 = EDGE_LOOP('',(#1894,#1902,#1909,#1910));
#1894 = ORIENTED_EDGE('',*,*,#1895,.F.);
#1895 = EDGE_CURVE('',#1896,#576,#1898,.T.);
#1896 = VERTEX_POINT('',#1897);
#1897 = CARTESIAN_POINT('',(58.8,14.2,42.5));
#1898 = LINE('',#1899,#1900);
#1899 = CARTESIAN_POINT('',(58.8,14.2,42.5));
#1900 = VECTOR('',#1901,1.);
#1901 = DIRECTION('',(-6.938893903907E-17,-1.,2.22044604925E-16));
#1902 = ORIENTED_EDGE('',*,*,#1903,.T.);
#1903 = EDGE_CURVE('',#1896,#1896,#1904,.T.);
#1904 = CIRCLE('',#1905,1.7);
#1905 = AXIS2_PLACEMENT_3D('',#1906,#1907,#1908);
#1906 = CARTESIAN_POINT('',(57.1,14.2,42.5));
#1907 = DIRECTION('',(0.,1.,-2.22044604925E-16));
#1908 = DIRECTION('',(1.,0.,0.));
#1909 = ORIENTED_EDGE('',*,*,#1895,.T.);
#1910 = ORIENTED_EDGE('',*,*,#575,.T.);
#1911 = CYLINDRICAL_SURFACE('',#1912,1.7);
#1912 = AXIS2_PLACEMENT_3D('',#1913,#1914,#1915);
#1913 = CARTESIAN_POINT('',(57.1,14.2,42.5));
#1914 = DIRECTION('',(0.,-1.,2.22044604925E-16));
#1915 = DIRECTION('',(1.,0.,0.));
#1916 = ADVANCED_FACE('',(#1917),#1936,.F.);
#1917 = FACE_BOUND('',#1918,.T.);
#1918 = EDGE_LOOP('',(#1919,#1927,#1934,#1935));
#1919 = ORIENTED_EDGE('',*,*,#1920,.F.);
#1920 = EDGE_CURVE('',#1921,#587,#1923,.T.);
#1921 = VERTEX_POINT('',#1922);
#1922 = CARTESIAN_POINT('',(-50.8,14.2,-42.5));
#1923 = LINE('',#1924,#1925);
#1924 = CARTESIAN_POINT('',(-50.8,14.2,-42.5));
#1925 = VECTOR('',#1926,1.);
#1926 = DIRECTION('',(-6.938893903907E-17,-1.,2.22044604925E-16));
#1927 = ORIENTED_EDGE('',*,*,#1928,.T.);
#1928 = EDGE_CURVE('',#1921,#1921,#1929,.T.);
#1929 = CIRCLE('',#1930,1.7);
#1930 = AXIS2_PLACEMENT_3D('',#1931,#1932,#1933);
#1931 = CARTESIAN_POINT('',(-52.5,14.2,-42.5));
#1932 = DIRECTION('',(0.,1.,-2.22044604925E-16));
#1933 = DIRECTION('',(1.,0.,0.));
#1934 = ORIENTED_EDGE('',*,*,#1920,.T.);
#1935 = ORIENTED_EDGE('',*,*,#586,.T.);
#1936 = CYLINDRICAL_SURFACE('',#1937,1.7);
#1937 = AXIS2_PLACEMENT_3D('',#1938,#1939,#1940);
#1938 = CARTESIAN_POINT('',(-52.5,14.2,-42.5));
#1939 = DIRECTION('',(0.,-1.,2.22044604925E-16));
#1940 = DIRECTION('',(1.,0.,0.));
#1941 = ADVANCED_FACE('',(#1942),#1961,.F.);
#1942 = FACE_BOUND('',#1943,.T.);
#1943 = EDGE_LOOP('',(#1944,#1952,#1959,#1960));
#1944 = ORIENTED_EDGE('',*,*,#1945,.F.);
#1945 = EDGE_CURVE('',#1946,#598,#1948,.T.);
#1946 = VERTEX_POINT('',#1947);
#1947 = CARTESIAN_POINT('',(54.2,14.2,-42.5));
#1948 = LINE('',#1949,#1950);
#1949 = CARTESIAN_POINT('',(54.2,14.2,-42.5));
#1950 = VECTOR('',#1951,1.);
#1951 = DIRECTION('',(-6.938893903907E-17,-1.,2.22044604925E-16));
#1952 = ORIENTED_EDGE('',*,*,#1953,.T.);
#1953 = EDGE_CURVE('',#1946,#1946,#1954,.T.);
#1954 = CIRCLE('',#1955,1.7);
#1955 = AXIS2_PLACEMENT_3D('',#1956,#1957,#1958);
#1956 = CARTESIAN_POINT('',(52.5,14.2,-42.5));
#1957 = DIRECTION('',(0.,1.,-2.22044604925E-16));
#1958 = DIRECTION('',(1.,0.,0.));
#1959 = ORIENTED_EDGE('',*,*,#1945,.T.);
#1960 = ORIENTED_EDGE('',*,*,#597,.T.);
#1961 = CYLINDRICAL_SURFACE('',#1962,1.7);
#1962 = AXIS2_PLACEMENT_3D('',#1963,#1964,#1965);
#1963 = CARTESIAN_POINT('',(52.5,14.2,-42.5));
#1964 = DIRECTION('',(0.,-1.,2.22044604925E-16));
#1965 = DIRECTION('',(1.,0.,0.));
#1966 = ADVANCED_FACE('',(#1967),#1978,.T.);
#1967 = FACE_BOUND('',#1968,.F.);
#1968 = EDGE_LOOP('',(#1969,#1970,#1971,#1977));
#1969 = ORIENTED_EDGE('',*,*,#1192,.F.);
#1970 = ORIENTED_EDGE('',*,*,#1216,.T.);
#1971 = ORIENTED_EDGE('',*,*,#1972,.T.);
#1972 = EDGE_CURVE('',#1217,#1292,#1973,.T.);
#1973 = LINE('',#1974,#1975);
#1974 = CARTESIAN_POINT('',(62.,19.5,42.5));
#1975 = VECTOR('',#1976,1.);
#1976 = DIRECTION('',(-0.707106781187,0.707106781187,-1.570092458684E-16
    ));
#1977 = ORIENTED_EDGE('',*,*,#1300,.F.);
#1978 = PLANE('',#1979);
#1979 = AXIS2_PLACEMENT_3D('',#1980,#1981,#1982);
#1980 = CARTESIAN_POINT('',(62.,19.5,-42.5));
#1981 = DIRECTION('',(0.707106781187,0.707106781187,0.));
#1982 = DIRECTION('',(1.110223024625E-16,-1.110223024625E-16,-1.));
#1983 = ADVANCED_FACE('',(#1984),#1995,.T.);
#1984 = FACE_BOUND('',#1985,.F.);
#1985 = EDGE_LOOP('',(#1986,#1992,#1993,#1994));
#1986 = ORIENTED_EDGE('',*,*,#1987,.F.);
#1987 = EDGE_CURVE('',#1432,#1267,#1988,.T.);
#1988 = LINE('',#1989,#1990);
#1989 = CARTESIAN_POINT('',(-62.5,19.,42.5));
#1990 = VECTOR('',#1991,1.);
#1991 = DIRECTION('',(0.707106781187,0.707106781187,-7.469965198545E-17)
  );
#1992 = ORIENTED_EDGE('',*,*,#1456,.T.);
#1993 = ORIENTED_EDGE('',*,*,#1239,.T.);
#1994 = ORIENTED_EDGE('',*,*,#1266,.F.);
#1995 = PLANE('',#1996);
#1996 = AXIS2_PLACEMENT_3D('',#1997,#1998,#1999);
#1997 = CARTESIAN_POINT('',(-62.,19.5,42.5));
#1998 = DIRECTION('',(-0.707106781187,0.707106781187,0.));
#1999 = DIRECTION('',(1.110223024625E-16,1.110223024625E-16,1.));
#2000 = ADVANCED_FACE('',(#2001),#2012,.T.);
#2001 = FACE_BOUND('',#2002,.F.);
#2002 = EDGE_LOOP('',(#2003,#2009,#2010,#2011));
#2003 = ORIENTED_EDGE('',*,*,#2004,.F.);
#2004 = EDGE_CURVE('',#1408,#1275,#2005,.T.);
#2005 = LINE('',#2006,#2007);
#2006 = CARTESIAN_POINT('',(-52.5,19.5,52.));
#2007 = VECTOR('',#2008,1.);
#2008 = DIRECTION('',(0.,0.707106781187,-0.707106781187));
#2009 = ORIENTED_EDGE('',*,*,#1431,.T.);
#2010 = ORIENTED_EDGE('',*,*,#1987,.T.);
#2011 = ORIENTED_EDGE('',*,*,#1274,.F.);
#2012 = CONICAL_SURFACE('',#2013,10.,0.785398163397);
#2013 = AXIS2_PLACEMENT_3D('',#2014,#2015,#2016);
#2014 = CARTESIAN_POINT('',(-52.5,19.,42.5));
#2015 = DIRECTION('',(-0.,-1.,-0.));
#2016 = DIRECTION('',(7.105427357601E-16,0.,1.));
#2017 = ADVANCED_FACE('',(#2018),#2029,.T.);
#2018 = FACE_BOUND('',#2019,.F.);
#2019 = EDGE_LOOP('',(#2020,#2021,#2022,#2028));
#2020 = ORIENTED_EDGE('',*,*,#1972,.F.);
#2021 = ORIENTED_EDGE('',*,*,#1382,.T.);
#2022 = ORIENTED_EDGE('',*,*,#2023,.T.);
#2023 = EDGE_CURVE('',#1383,#1284,#2024,.T.);
#2024 = LINE('',#2025,#2026);
#2025 = CARTESIAN_POINT('',(52.500000000001,19.,52.5));
#2026 = VECTOR('',#2027,1.);
#2027 = DIRECTION('',(-7.653820238989E-14,0.707106781187,-0.707106781187
    ));
#2028 = ORIENTED_EDGE('',*,*,#1291,.F.);
#2029 = CONICAL_SURFACE('',#2030,10.,0.785398163397);
#2030 = AXIS2_PLACEMENT_3D('',#2031,#2032,#2033);
#2031 = CARTESIAN_POINT('',(52.5,19.,42.5));
#2032 = DIRECTION('',(-0.,-1.,-0.));
#2033 = DIRECTION('',(1.,0.,-7.105427357601E-16));
#2034 = ADVANCED_FACE('',(#2035),#2041,.T.);
#2035 = FACE_BOUND('',#2036,.F.);
#2036 = EDGE_LOOP('',(#2037,#2038,#2039,#2040));
#2037 = ORIENTED_EDGE('',*,*,#2023,.F.);
#2038 = ORIENTED_EDGE('',*,*,#1407,.T.);
#2039 = ORIENTED_EDGE('',*,*,#2004,.T.);
#2040 = ORIENTED_EDGE('',*,*,#1283,.F.);
#2041 = PLANE('',#2042);
#2042 = AXIS2_PLACEMENT_3D('',#2043,#2044,#2045);
#2043 = CARTESIAN_POINT('',(52.500000000001,19.5,52.));
#2044 = DIRECTION('',(0.,0.707106781187,0.707106781187));
#2045 = DIRECTION('',(1.,0.,0.));
#2046 = ADVANCED_FACE('',(#2047),#2066,.F.);
#2047 = FACE_BOUND('',#2048,.T.);
#2048 = EDGE_LOOP('',(#2049,#2057,#2058,#2059));
#2049 = ORIENTED_EDGE('',*,*,#2050,.F.);
#2050 = EDGE_CURVE('',#1310,#2051,#2053,.T.);
#2051 = VERTEX_POINT('',#2052);
#2052 = CARTESIAN_POINT('',(-49.,16.,-42.5));
#2053 = LINE('',#2054,#2055);
#2054 = CARTESIAN_POINT('',(-49.,20.,-42.5));
#2055 = VECTOR('',#2056,1.);
#2056 = DIRECTION('',(0.,-1.,2.22044604925E-16));
#2057 = ORIENTED_EDGE('',*,*,#1309,.T.);
#2058 = ORIENTED_EDGE('',*,*,#2050,.T.);
#2059 = ORIENTED_EDGE('',*,*,#2060,.F.);
#2060 = EDGE_CURVE('',#2051,#2051,#2061,.T.);
#2061 = CIRCLE('',#2062,3.5);
#2062 = AXIS2_PLACEMENT_3D('',#2063,#2064,#2065);
#2063 = CARTESIAN_POINT('',(-52.5,16.,-42.5));
#2064 = DIRECTION('',(0.,1.,-2.22044604925E-16));
#2065 = DIRECTION('',(1.,0.,0.));
#2066 = CYLINDRICAL_SURFACE('',#2067,3.5);
#2067 = AXIS2_PLACEMENT_3D('',#2068,#2069,#2070);
#2068 = CARTESIAN_POINT('',(-52.5,20.,-42.5));
#2069 = DIRECTION('',(0.,-1.,2.22044604925E-16));
#2070 = DIRECTION('',(1.,0.,0.));
#2071 = ADVANCED_FACE('',(#2072),#2091,.F.);
#2072 = FACE_BOUND('',#2073,.T.);
#2073 = EDGE_LOOP('',(#2074,#2082,#2083,#2084));
#2074 = ORIENTED_EDGE('',*,*,#2075,.F.);
#2075 = EDGE_CURVE('',#1321,#2076,#2078,.T.);
#2076 = VERTEX_POINT('',#2077);
#2077 = CARTESIAN_POINT('',(-53.6,16.,42.5));
#2078 = LINE('',#2079,#2080);
#2079 = CARTESIAN_POINT('',(-53.6,20.,42.5));
#2080 = VECTOR('',#2081,1.);
#2081 = DIRECTION('',(0.,-1.,2.22044604925E-16));
#2082 = ORIENTED_EDGE('',*,*,#1320,.T.);
#2083 = ORIENTED_EDGE('',*,*,#2075,.T.);
#2084 = ORIENTED_EDGE('',*,*,#2085,.F.);
#2085 = EDGE_CURVE('',#2076,#2076,#2086,.T.);
#2086 = CIRCLE('',#2087,3.5);
#2087 = AXIS2_PLACEMENT_3D('',#2088,#2089,#2090);
#2088 = CARTESIAN_POINT('',(-57.1,16.,42.5));
#2089 = DIRECTION('',(0.,1.,-2.22044604925E-16));
#2090 = DIRECTION('',(1.,0.,0.));
#2091 = CYLINDRICAL_SURFACE('',#2092,3.5);
#2092 = AXIS2_PLACEMENT_3D('',#2093,#2094,#2095);
#2093 = CARTESIAN_POINT('',(-57.1,20.,42.5));
#2094 = DIRECTION('',(0.,-1.,2.22044604925E-16));
#2095 = DIRECTION('',(1.,0.,0.));
#2096 = ADVANCED_FACE('',(#2097),#2116,.F.);
#2097 = FACE_BOUND('',#2098,.T.);
#2098 = EDGE_LOOP('',(#2099,#2108,#2114,#2115));
#2099 = ORIENTED_EDGE('',*,*,#2100,.F.);
#2100 = EDGE_CURVE('',#2101,#2101,#2103,.T.);
#2101 = VERTEX_POINT('',#2102);
#2102 = CARTESIAN_POINT('',(-32.27343565777,18.,22.04206404513));
#2103 = CIRCLE('',#2104,3.);
#2104 = AXIS2_PLACEMENT_3D('',#2105,#2106,#2107);
#2105 = CARTESIAN_POINT('',(-29.27343565777,18.,22.04206404513));
#2106 = DIRECTION('',(0.,1.,-2.22044604925E-16));
#2107 = DIRECTION('',(-1.,0.,0.));
#2108 = ORIENTED_EDGE('',*,*,#2109,.T.);
#2109 = EDGE_CURVE('',#2101,#1332,#2110,.T.);
#2110 = LINE('',#2111,#2112);
#2111 = CARTESIAN_POINT('',(-32.27343565777,4.894321402633E-15,
    22.04206404513));
#2112 = VECTOR('',#2113,1.);
#2113 = DIRECTION('',(5.329070518201E-17,1.,-2.22044604925E-16));
#2114 = ORIENTED_EDGE('',*,*,#1331,.T.);
#2115 = ORIENTED_EDGE('',*,*,#2109,.F.);
#2116 = CYLINDRICAL_SURFACE('',#2117,3.);
#2117 = AXIS2_PLACEMENT_3D('',#2118,#2119,#2120);
#2118 = CARTESIAN_POINT('',(-29.27343565777,4.894321402633E-15,
    22.04206404513));
#2119 = DIRECTION('',(0.,1.,-2.22044604925E-16));
#2120 = DIRECTION('',(-1.,0.,0.));
#2121 = ADVANCED_FACE('',(#2122),#2141,.F.);
#2122 = FACE_BOUND('',#2123,.T.);
#2123 = EDGE_LOOP('',(#2124,#2132,#2133,#2134));
#2124 = ORIENTED_EDGE('',*,*,#2125,.F.);
#2125 = EDGE_CURVE('',#1343,#2126,#2128,.T.);
#2126 = VERTEX_POINT('',#2127);
#2127 = CARTESIAN_POINT('',(56.,16.,-42.5));
#2128 = LINE('',#2129,#2130);
#2129 = CARTESIAN_POINT('',(56.,20.,-42.5));
#2130 = VECTOR('',#2131,1.);
#2131 = DIRECTION('',(0.,-1.,2.22044604925E-16));
#2132 = ORIENTED_EDGE('',*,*,#1342,.T.);
#2133 = ORIENTED_EDGE('',*,*,#2125,.T.);
#2134 = ORIENTED_EDGE('',*,*,#2135,.F.);
#2135 = EDGE_CURVE('',#2126,#2126,#2136,.T.);
#2136 = CIRCLE('',#2137,3.5);
#2137 = AXIS2_PLACEMENT_3D('',#2138,#2139,#2140);
#2138 = CARTESIAN_POINT('',(52.5,16.,-42.5));
#2139 = DIRECTION('',(0.,1.,-2.22044604925E-16));
#2140 = DIRECTION('',(1.,0.,0.));
#2141 = CYLINDRICAL_SURFACE('',#2142,3.5);
#2142 = AXIS2_PLACEMENT_3D('',#2143,#2144,#2145);
#2143 = CARTESIAN_POINT('',(52.5,20.,-42.5));
#2144 = DIRECTION('',(0.,-1.,2.22044604925E-16));
#2145 = DIRECTION('',(1.,0.,0.));
#2146 = ADVANCED_FACE('',(#2147),#2166,.F.);
#2147 = FACE_BOUND('',#2148,.T.);
#2148 = EDGE_LOOP('',(#2149,#2158,#2164,#2165));
#2149 = ORIENTED_EDGE('',*,*,#2150,.F.);
#2150 = EDGE_CURVE('',#2151,#2151,#2153,.T.);
#2151 = VERTEX_POINT('',#2152);
#2152 = CARTESIAN_POINT('',(26.273435657771,18.,22.04206404513));
#2153 = CIRCLE('',#2154,3.);
#2154 = AXIS2_PLACEMENT_3D('',#2155,#2156,#2157);
#2155 = CARTESIAN_POINT('',(29.273435657771,18.,22.04206404513));
#2156 = DIRECTION('',(0.,1.,-2.22044604925E-16));
#2157 = DIRECTION('',(-1.,0.,0.));
#2158 = ORIENTED_EDGE('',*,*,#2159,.T.);
#2159 = EDGE_CURVE('',#2151,#1354,#2160,.T.);
#2160 = LINE('',#2161,#2162);
#2161 = CARTESIAN_POINT('',(26.273435657771,4.894321402633E-15,
    22.04206404513));
#2162 = VECTOR('',#2163,1.);
#2163 = DIRECTION('',(5.329070518201E-17,1.,-2.22044604925E-16));
#2164 = ORIENTED_EDGE('',*,*,#1353,.T.);
#2165 = ORIENTED_EDGE('',*,*,#2159,.F.);
#2166 = CYLINDRICAL_SURFACE('',#2167,3.);
#2167 = AXIS2_PLACEMENT_3D('',#2168,#2169,#2170);
#2168 = CARTESIAN_POINT('',(29.273435657771,4.894321402633E-15,
    22.04206404513));
#2169 = DIRECTION('',(0.,1.,-2.22044604925E-16));
#2170 = DIRECTION('',(-1.,0.,0.));
#2171 = ADVANCED_FACE('',(#2172),#2191,.F.);
#2172 = FACE_BOUND('',#2173,.T.);
#2173 = EDGE_LOOP('',(#2174,#2182,#2183,#2184));
#2174 = ORIENTED_EDGE('',*,*,#2175,.F.);
#2175 = EDGE_CURVE('',#1365,#2176,#2178,.T.);
#2176 = VERTEX_POINT('',#2177);
#2177 = CARTESIAN_POINT('',(60.6,16.,42.5));
#2178 = LINE('',#2179,#2180);
#2179 = CARTESIAN_POINT('',(60.6,20.,42.5));
#2180 = VECTOR('',#2181,1.);
#2181 = DIRECTION('',(0.,-1.,2.22044604925E-16));
#2182 = ORIENTED_EDGE('',*,*,#1364,.T.);
#2183 = ORIENTED_EDGE('',*,*,#2175,.T.);
#2184 = ORIENTED_EDGE('',*,*,#2185,.F.);
#2185 = EDGE_CURVE('',#2176,#2176,#2186,.T.);
#2186 = CIRCLE('',#2187,3.5);
#2187 = AXIS2_PLACEMENT_3D('',#2188,#2189,#2190);
#2188 = CARTESIAN_POINT('',(57.1,16.,42.5));
#2189 = DIRECTION('',(0.,1.,-2.22044604925E-16));
#2190 = DIRECTION('',(1.,0.,0.));
#2191 = CYLINDRICAL_SURFACE('',#2192,3.5);
#2192 = AXIS2_PLACEMENT_3D('',#2193,#2194,#2195);
#2193 = CARTESIAN_POINT('',(57.1,20.,42.5));
#2194 = DIRECTION('',(0.,-1.,2.22044604925E-16));
#2195 = DIRECTION('',(1.,0.,0.));
#2196 = ADVANCED_FACE('',(#2197,#2216,#2219),#2222,.F.);
#2197 = FACE_BOUND('',#2198,.F.);
#2198 = EDGE_LOOP('',(#2199,#2200,#2201,#2202,#2203,#2204,#2205,#2206,
    #2207,#2208,#2209,#2210,#2211,#2212,#2213,#2214,#2215));
#2199 = ORIENTED_EDGE('',*,*,#1718,.F.);
#2200 = ORIENTED_EDGE('',*,*,#1754,.F.);
#2201 = ORIENTED_EDGE('',*,*,#1734,.F.);
#2202 = ORIENTED_EDGE('',*,*,#1778,.F.);
#2203 = ORIENTED_EDGE('',*,*,#1803,.F.);
#2204 = ORIENTED_EDGE('',*,*,#1820,.F.);
#2205 = ORIENTED_EDGE('',*,*,#1829,.F.);
#2206 = ORIENTED_EDGE('',*,*,#1856,.F.);
#2207 = ORIENTED_EDGE('',*,*,#1472,.F.);
#2208 = ORIENTED_EDGE('',*,*,#1537,.T.);
#2209 = ORIENTED_EDGE('',*,*,#1553,.F.);
#2210 = ORIENTED_EDGE('',*,*,#1562,.F.);
#2211 = ORIENTED_EDGE('',*,*,#1596,.F.);
#2212 = ORIENTED_EDGE('',*,*,#1620,.F.);
#2213 = ORIENTED_EDGE('',*,*,#1645,.F.);
#2214 = ORIENTED_EDGE('',*,*,#1670,.F.);
#2215 = ORIENTED_EDGE('',*,*,#1695,.F.);
#2216 = FACE_BOUND('',#2217,.F.);
#2217 = EDGE_LOOP('',(#2218));
#2218 = ORIENTED_EDGE('',*,*,#2100,.F.);
#2219 = FACE_BOUND('',#2220,.F.);
#2220 = EDGE_LOOP('',(#2221));
#2221 = ORIENTED_EDGE('',*,*,#2150,.F.);
#2222 = PLANE('',#2223);
#2223 = AXIS2_PLACEMENT_3D('',#2224,#2225,#2226);
#2224 = CARTESIAN_POINT('',(-2.674279116251E-14,18.,-6.306931887785E-14)
  );
#2225 = DIRECTION('',(0.,1.,0.));
#2226 = DIRECTION('',(0.,0.,1.));
#2227 = ADVANCED_FACE('',(#2228),#2239,.F.);
#2228 = FACE_BOUND('',#2229,.T.);
#2229 = EDGE_LOOP('',(#2230,#2231,#2237,#2238));
#2230 = ORIENTED_EDGE('',*,*,#2085,.T.);
#2231 = ORIENTED_EDGE('',*,*,#2232,.T.);
#2232 = EDGE_CURVE('',#2076,#1871,#2233,.T.);
#2233 = LINE('',#2234,#2235);
#2234 = CARTESIAN_POINT('',(-53.6,16.,42.5));
#2235 = VECTOR('',#2236,1.);
#2236 = DIRECTION('',(-0.707106781187,-0.707106781187,1.570092458684E-16
    ));
#2237 = ORIENTED_EDGE('',*,*,#1878,.F.);
#2238 = ORIENTED_EDGE('',*,*,#2232,.F.);
#2239 = CONICAL_SURFACE('',#2240,3.5,0.785398163397);
#2240 = AXIS2_PLACEMENT_3D('',#2241,#2242,#2243);
#2241 = CARTESIAN_POINT('',(-57.1,16.,42.5));
#2242 = DIRECTION('',(0.,1.,-2.22044604925E-16));
#2243 = DIRECTION('',(1.,0.,0.));
#2244 = ADVANCED_FACE('',(#2245),#2256,.F.);
#2245 = FACE_BOUND('',#2246,.T.);
#2246 = EDGE_LOOP('',(#2247,#2248,#2254,#2255));
#2247 = ORIENTED_EDGE('',*,*,#2185,.T.);
#2248 = ORIENTED_EDGE('',*,*,#2249,.T.);
#2249 = EDGE_CURVE('',#2176,#1896,#2250,.T.);
#2250 = LINE('',#2251,#2252);
#2251 = CARTESIAN_POINT('',(60.6,16.,42.5));
#2252 = VECTOR('',#2253,1.);
#2253 = DIRECTION('',(-0.707106781187,-0.707106781187,1.570092458684E-16
    ));
#2254 = ORIENTED_EDGE('',*,*,#1903,.F.);
#2255 = ORIENTED_EDGE('',*,*,#2249,.F.);
#2256 = CONICAL_SURFACE('',#2257,3.5,0.785398163397);
#2257 = AXIS2_PLACEMENT_3D('',#2258,#2259,#2260);
#2258 = CARTESIAN_POINT('',(57.1,16.,42.5));
#2259 = DIRECTION('',(0.,1.,-2.22044604925E-16));
#2260 = DIRECTION('',(1.,0.,0.));
#2261 = ADVANCED_FACE('',(#2262),#2273,.F.);
#2262 = FACE_BOUND('',#2263,.T.);
#2263 = EDGE_LOOP('',(#2264,#2265,#2271,#2272));
#2264 = ORIENTED_EDGE('',*,*,#2060,.T.);
#2265 = ORIENTED_EDGE('',*,*,#2266,.T.);
#2266 = EDGE_CURVE('',#2051,#1921,#2267,.T.);
#2267 = LINE('',#2268,#2269);
#2268 = CARTESIAN_POINT('',(-49.,16.,-42.5));
#2269 = VECTOR('',#2270,1.);
#2270 = DIRECTION('',(-0.707106781187,-0.707106781187,1.570092458684E-16
    ));
#2271 = ORIENTED_EDGE('',*,*,#1928,.F.);
#2272 = ORIENTED_EDGE('',*,*,#2266,.F.);
#2273 = CONICAL_SURFACE('',#2274,3.5,0.785398163397);
#2274 = AXIS2_PLACEMENT_3D('',#2275,#2276,#2277);
#2275 = CARTESIAN_POINT('',(-52.5,16.,-42.5));
#2276 = DIRECTION('',(0.,1.,-2.22044604925E-16));
#2277 = DIRECTION('',(1.,0.,0.));
#2278 = ADVANCED_FACE('',(#2279),#2290,.F.);
#2279 = FACE_BOUND('',#2280,.T.);
#2280 = EDGE_LOOP('',(#2281,#2282,#2288,#2289));
#2281 = ORIENTED_EDGE('',*,*,#2135,.T.);
#2282 = ORIENTED_EDGE('',*,*,#2283,.T.);
#2283 = EDGE_CURVE('',#2126,#1946,#2284,.T.);
#2284 = LINE('',#2285,#2286);
#2285 = CARTESIAN_POINT('',(56.,16.,-42.5));
#2286 = VECTOR('',#2287,1.);
#2287 = DIRECTION('',(-0.707106781187,-0.707106781187,1.570092458684E-16
    ));
#2288 = ORIENTED_EDGE('',*,*,#1953,.F.);
#2289 = ORIENTED_EDGE('',*,*,#2283,.F.);
#2290 = CONICAL_SURFACE('',#2291,3.5,0.785398163397);
#2291 = AXIS2_PLACEMENT_3D('',#2292,#2293,#2294);
#2292 = CARTESIAN_POINT('',(52.5,16.,-42.5));
#2293 = DIRECTION('',(0.,1.,-2.22044604925E-16));
#2294 = DIRECTION('',(1.,0.,0.));
#2295 = ( GEOMETRIC_REPRESENTATION_CONTEXT(3) 
GLOBAL_UNCERTAINTY_ASSIGNED_CONTEXT((#2299)) 
GLOBAL_UNIT_ASSIGNED_CONTEXT((#2296,#2297,#2298)) REPRESENTATION_CONTEXT
('Context #1','3D Context with UNIT and UNCERTAINTY') );
#2296 = ( LENGTH_UNIT() NAMED_UNIT(*) SI_UNIT(.MILLI.,.METRE.) );
#2297 = ( NAMED_UNIT(*) PLANE_ANGLE_UNIT() SI_UNIT($,.RADIAN.) );
#2298 = ( NAMED_UNIT(*) SI_UNIT($,.STERADIAN.) SOLID_ANGLE_UNIT() );
#2299 = UNCERTAINTY_MEASURE_WITH_UNIT(LENGTH_MEASURE(5.E-05),#2296,
  'distance_accuracy_value','confusion accuracy');
#2300 = CONTEXT_DEPENDENT_SHAPE_REPRESENTATION(#2301,#2303);
#2301 = ( REPRESENTATION_RELATIONSHIP('','',#32,#10) 
REPRESENTATION_RELATIONSHIP_WITH_TRANSFORMATION(#2302) 
SHAPE_REPRESENTATION_RELATIONSHIP() );
#2302 = ITEM_DEFINED_TRANSFORMATION('','',#11,#15);
#2303 = PRODUCT_DEFINITION_SHAPE('Placement','Placement of an item',
  #2304);
#2304 = NEXT_ASSEMBLY_USAGE_OCCURRENCE('3','Body001','',#5,#27,$);
#2305 = PRODUCT_RELATED_PRODUCT_CATEGORY('part',$,(#29));
#2306 = MECHANICAL_DESIGN_GEOMETRIC_PRESENTATION_REPRESENTATION('',(
    #2307),#2295);
#2307 = STYLED_ITEM('color',(#2308),#33);
#2308 = PRESENTATION_STYLE_ASSIGNMENT((#2309,#2315));
#2309 = SURFACE_STYLE_USAGE(.BOTH.,#2310);
#2310 = SURFACE_SIDE_STYLE('',(#2311));
#2311 = SURFACE_STYLE_FILL_AREA(#2312);
#2312 = FILL_AREA_STYLE('',(#2313));
#2313 = FILL_AREA_STYLE_COLOUR('',#2314);
#2314 = COLOUR_RGB('',0.447058818107,0.474509808674,0.501960817233);
#2315 = CURVE_STYLE('',#2316,POSITIVE_LENGTH_MEASURE(0.1),#2317);
#2316 = DRAUGHTING_PRE_DEFINED_CURVE_FONT('continuous');
#2317 = COLOUR_RGB('',9.803921802644E-02,9.803921802644E-02,
  9.803921802644E-02);
ENDSEC;
END-ISO-10303-21;
