ISO-10303-21;
HEADER;
FILE_DESCRIPTION(('FreeCAD Model'),'2;1');
FILE_NAME('Open CASCADE Shape Model','2026-04-29T23:51:34',(''),(''),
  'Open CASCADE STEP processor 7.8','FreeCAD','Unknown');
FILE_SCHEMA(('AUTOMOTIVE_DESIGN { 1 0 10303 214 1 1 1 1 }'));
ENDSEC;
DATA;
#1 = APPLICATION_PROTOCOL_DEFINITION('international standard',
  'automotive_design',2000,#2);
#2 = APPLICATION_CONTEXT(
  'core data for automotive mechanical design processes');
#3 = SHAPE_DEFINITION_REPRESENTATION(#4,#10);
#4 = PRODUCT_DEFINITION_SHAPE('','',#5);
#5 = PRODUCT_DEFINITION('design','',#6,#9);
#6 = PRODUCT_DEFINITION_FORMATION('','',#7);
#7 = PRODUCT('FrontPanel','FrontPanel','',(#8));
#8 = PRODUCT_CONTEXT('',#2,'mechanical');
#9 = PRODUCT_DEFINITION_CONTEXT('part definition',#2,'design');
#10 = ADVANCED_BREP_SHAPE_REPRESENTATION('',(#11,#15),#5979);
#11 = AXIS2_PLACEMENT_3D('',#12,#13,#14);
#12 = CARTESIAN_POINT('',(0.,0.,0.));
#13 = DIRECTION('',(0.,0.,1.));
#14 = DIRECTION('',(1.,0.,-0.));
#15 = MANIFOLD_SOLID_BREP('',#16);
#16 = CLOSED_SHELL('',(#17,#263,#296,#327,#624,#649,#673,#698,#722,#746,
    #771,#795,#812,#844,#868,#892,#909,#941,#965,#989,#1006,#1038,#1062,
    #1086,#1103,#1135,#1159,#1183,#1200,#1225,#1249,#1274,#1414,#1557,
    #1610,#1652,#1820,#1844,#1878,#1915,#1947,#1971,#2075,#2107,#2150,
    #2179,#2211,#2235,#2387,#2422,#2475,#2500,#2524,#2549,#2566,#2583,
    #2600,#2617,#2634,#2646,#2671,#2696,#2721,#2746,#2771,#2802,#2826,
    #2850,#2867,#2910,#2946,#2970,#3030,#3054,#3120,#3144,#3213,#3237,
    #3280,#3309,#3326,#3351,#3362,#3379,#3403,#3428,#3452,#3533,#3557,
    #3808,#3832,#3857,#3881,#3923,#3947,#3972,#3996,#4038,#4062,#4119,
    #4156,#4181,#4217,#4241,#4266,#4283,#4307,#4331,#4348,#4384,#4395,
    #4406,#4424,#4470,#4495,#4530,#4554,#4588,#4612,#4654,#4678,#4712,
    #4729,#4746,#4770,#4795,#4812,#4829,#4845,#4857,#4882,#4904,#4921,
    #4938,#4950,#4962,#4983,#5008,#5031,#5043,#5055,#5080,#5089,#5106,
    #5123,#5135,#5188,#5212,#5282,#5306,#5346,#5358,#5382,#5452,#5476,
    #5522,#5547,#5564,#5581,#5593,#5618,#5627,#5644,#5656,#5665,#5682,
    #5691,#5700,#5709,#5721,#5741,#5753,#5773,#5785,#5805,#5825,#5834,
    #5843,#5868,#5893,#5918,#5943,#5952,#5961,#5970));
#17 = ADVANCED_FACE('',(#18,#118,#153,#188,#223),#258,.T.);
#18 = FACE_BOUND('',#19,.T.);
#19 = EDGE_LOOP('',(#20,#30,#38,#46,#55,#63,#71,#79,#88,#96,#104,#112));
#20 = ORIENTED_EDGE('',*,*,#21,.F.);
#21 = EDGE_CURVE('',#22,#24,#26,.T.);
#22 = VERTEX_POINT('',#23);
#23 = CARTESIAN_POINT('',(49.5,-50.,28.));
#24 = VERTEX_POINT('',#25);
#25 = CARTESIAN_POINT('',(49.5,-50.,-0.5));
#26 = LINE('',#27,#28);
#27 = CARTESIAN_POINT('',(49.5,-50.,28.));
#28 = VECTOR('',#29,1.);
#29 = DIRECTION('',(-0.,-0.,-1.));
#30 = ORIENTED_EDGE('',*,*,#31,.F.);
#31 = EDGE_CURVE('',#32,#22,#34,.T.);
#32 = VERTEX_POINT('',#33);
#33 = CARTESIAN_POINT('',(20.646864257562,-50.,27.999887118535));
#34 = LINE('',#35,#36);
#35 = CARTESIAN_POINT('',(-49.5,-50.,28.));
#36 = VECTOR('',#37,1.);
#37 = DIRECTION('',(1.,0.,0.));
#38 = ORIENTED_EDGE('',*,*,#39,.T.);
#39 = EDGE_CURVE('',#32,#40,#42,.T.);
#40 = VERTEX_POINT('',#41);
#41 = CARTESIAN_POINT('',(20.646864257562,-50.,25.199887118535));
#42 = LINE('',#43,#44);
#43 = CARTESIAN_POINT('',(20.646864257562,-50.,27.999887118535));
#44 = VECTOR('',#45,1.);
#45 = DIRECTION('',(0.,-2.22044604925E-16,-1.));
#46 = ORIENTED_EDGE('',*,*,#47,.F.);
#47 = EDGE_CURVE('',#48,#40,#50,.T.);
#48 = VERTEX_POINT('',#49);
#49 = CARTESIAN_POINT('',(15.644022403359,-50.,25.202428236041));
#50 = CIRCLE('',#51,2.501421572462);
#51 = AXIS2_PLACEMENT_3D('',#52,#53,#54);
#52 = CARTESIAN_POINT('',(18.1454426851,-50.,25.199887118535));
#53 = DIRECTION('',(0.,-1.,2.22044604925E-16));
#54 = DIRECTION('',(1.,0.,0.));
#55 = ORIENTED_EDGE('',*,*,#56,.F.);
#56 = EDGE_CURVE('',#57,#48,#59,.T.);
#57 = VERTEX_POINT('',#58);
#58 = CARTESIAN_POINT('',(15.646864257562,-50.,27.999887118535));
#59 = LINE('',#60,#61);
#60 = CARTESIAN_POINT('',(15.646864257562,-50.,27.999887118535));
#61 = VECTOR('',#62,1.);
#62 = DIRECTION('',(-1.015869349859E-03,-2.22044490351E-16,
    -0.999999484005));
#63 = ORIENTED_EDGE('',*,*,#64,.F.);
#64 = EDGE_CURVE('',#65,#57,#67,.T.);
#65 = VERTEX_POINT('',#66);
#66 = CARTESIAN_POINT('',(-10.33363611637,-50.,27.999887134008));
#67 = LINE('',#68,#69);
#68 = CARTESIAN_POINT('',(-49.5,-50.,28.));
#69 = VECTOR('',#70,1.);
#70 = DIRECTION('',(1.,0.,0.));
#71 = ORIENTED_EDGE('',*,*,#72,.T.);
#72 = EDGE_CURVE('',#65,#73,#75,.T.);
#73 = VERTEX_POINT('',#74);
#74 = CARTESIAN_POINT('',(-10.33363611637,-50.,25.199887134008));
#75 = LINE('',#76,#77);
#76 = CARTESIAN_POINT('',(-10.33363611637,-50.,27.999887134008));
#77 = VECTOR('',#78,1.);
#78 = DIRECTION('',(0.,-2.22044604925E-16,-1.));
#79 = ORIENTED_EDGE('',*,*,#80,.F.);
#80 = EDGE_CURVE('',#81,#73,#83,.T.);
#81 = VERTEX_POINT('',#82);
#82 = CARTESIAN_POINT('',(-15.33647911322,-50.,25.202429274748));
#83 = CIRCLE('',#84,2.501422144304);
#84 = AXIS2_PLACEMENT_3D('',#85,#86,#87);
#85 = CARTESIAN_POINT('',(-12.83505826068,-50.,25.199887134008));
#86 = DIRECTION('',(0.,-1.,2.22044604925E-16));
#87 = DIRECTION('',(1.,0.,0.));
#88 = ORIENTED_EDGE('',*,*,#89,.F.);
#89 = EDGE_CURVE('',#90,#81,#92,.T.);
#90 = VERTEX_POINT('',#91);
#91 = CARTESIAN_POINT('',(-15.33363611637,-50.,27.999887134008));
#92 = LINE('',#93,#94);
#93 = CARTESIAN_POINT('',(-15.33363611637,-50.,27.999887134008));
#94 = VECTOR('',#95,1.);
#95 = DIRECTION('',(-1.016278178645E-03,-2.220444902588E-16,
    -0.999999483589));
#96 = ORIENTED_EDGE('',*,*,#97,.F.);
#97 = EDGE_CURVE('',#98,#90,#100,.T.);
#98 = VERTEX_POINT('',#99);
#99 = CARTESIAN_POINT('',(-49.5,-50.,28.));
#100 = LINE('',#101,#102);
#101 = CARTESIAN_POINT('',(-49.5,-50.,28.));
#102 = VECTOR('',#103,1.);
#103 = DIRECTION('',(1.,0.,0.));
#104 = ORIENTED_EDGE('',*,*,#105,.T.);
#105 = EDGE_CURVE('',#98,#106,#108,.T.);
#106 = VERTEX_POINT('',#107);
#107 = CARTESIAN_POINT('',(-49.5,-50.,-0.5));
#108 = LINE('',#109,#110);
#109 = CARTESIAN_POINT('',(-49.5,-50.,28.));
#110 = VECTOR('',#111,1.);
#111 = DIRECTION('',(-0.,-0.,-1.));
#112 = ORIENTED_EDGE('',*,*,#113,.T.);
#113 = EDGE_CURVE('',#106,#24,#114,.T.);
#114 = LINE('',#115,#116);
#115 = CARTESIAN_POINT('',(-49.5,-50.,-0.5));
#116 = VECTOR('',#117,1.);
#117 = DIRECTION('',(1.,0.,0.));
#118 = FACE_BOUND('',#119,.T.);
#119 = EDGE_LOOP('',(#120,#131,#139,#147));
#120 = ORIENTED_EDGE('',*,*,#121,.F.);
#121 = EDGE_CURVE('',#122,#124,#126,.T.);
#122 = VERTEX_POINT('',#123);
#123 = CARTESIAN_POINT('',(-45.36612185958,-50.,25.206912808455));
#124 = VERTEX_POINT('',#125);
#125 = CARTESIAN_POINT('',(-40.35465162409,-50.,25.196225601918));
#126 = CIRCLE('',#127,2.505746513242);
#127 = AXIS2_PLACEMENT_3D('',#128,#129,#130);
#128 = CARTESIAN_POINT('',(-42.86039813733,-50.,25.196225601918));
#129 = DIRECTION('',(0.,-1.,2.22044604925E-16));
#130 = DIRECTION('',(1.,0.,0.));
#131 = ORIENTED_EDGE('',*,*,#132,.F.);
#132 = EDGE_CURVE('',#133,#122,#135,.T.);
#133 = VERTEX_POINT('',#134);
#134 = CARTESIAN_POINT('',(-45.35465162409,-50.,27.896225601918));
#135 = LINE('',#136,#137);
#136 = CARTESIAN_POINT('',(-45.35465162409,-50.,27.896225601918));
#137 = VECTOR('',#138,1.);
#138 = DIRECTION('',(-4.265078867571E-03,-2.220425853205E-16,
    -0.99999090451));
#139 = ORIENTED_EDGE('',*,*,#140,.T.);
#140 = EDGE_CURVE('',#133,#141,#143,.T.);
#141 = VERTEX_POINT('',#142);
#142 = CARTESIAN_POINT('',(-40.35465162409,-50.,27.896225601918));
#143 = LINE('',#144,#145);
#144 = CARTESIAN_POINT('',(-45.35465162409,-50.,27.896225601918));
#145 = VECTOR('',#146,1.);
#146 = DIRECTION('',(1.,0.,0.));
#147 = ORIENTED_EDGE('',*,*,#148,.T.);
#148 = EDGE_CURVE('',#141,#124,#149,.T.);
#149 = LINE('',#150,#151);
#150 = CARTESIAN_POINT('',(-40.35465162409,-50.,27.896225601918));
#151 = VECTOR('',#152,1.);
#152 = DIRECTION('',(0.,-2.22044604925E-16,-1.));
#153 = FACE_BOUND('',#154,.T.);
#154 = EDGE_LOOP('',(#155,#166,#174,#182));
#155 = ORIENTED_EDGE('',*,*,#156,.F.);
#156 = EDGE_CURVE('',#157,#159,#161,.T.);
#157 = VERTEX_POINT('',#158);
#158 = CARTESIAN_POINT('',(-29.90166595291,-50.,25.202429275212));
#159 = VERTEX_POINT('',#160);
#160 = CARTESIAN_POINT('',(-24.89633191304,-50.,25.197653517585));
#161 = CIRCLE('',#162,2.502669298287);
#162 = AXIS2_PLACEMENT_3D('',#163,#164,#165);
#163 = CARTESIAN_POINT('',(-27.39900121133,-50.,25.197653517585));
#164 = DIRECTION('',(0.,-1.,2.22044604925E-16));
#165 = DIRECTION('',(1.,0.,0.));
#166 = ORIENTED_EDGE('',*,*,#167,.F.);
#167 = EDGE_CURVE('',#168,#157,#170,.T.);
#168 = VERTEX_POINT('',#169);
#169 = CARTESIAN_POINT('',(-29.89633191304,-50.,27.997653517585));
#170 = LINE('',#171,#172);
#171 = CARTESIAN_POINT('',(-29.89633191304,-50.,27.997653517585));
#172 = VECTOR('',#173,1.);
#173 = DIRECTION('',(-1.90826555892E-03,-2.220442006395E-16,
    -0.99999817926));
#174 = ORIENTED_EDGE('',*,*,#175,.T.);
#175 = EDGE_CURVE('',#168,#176,#178,.T.);
#176 = VERTEX_POINT('',#177);
#177 = CARTESIAN_POINT('',(-24.89633191304,-50.,27.997653517585));
#178 = LINE('',#179,#180);
#179 = CARTESIAN_POINT('',(-29.89633191304,-50.,27.997653517585));
#180 = VECTOR('',#181,1.);
#181 = DIRECTION('',(1.,0.,0.));
#182 = ORIENTED_EDGE('',*,*,#183,.T.);
#183 = EDGE_CURVE('',#176,#159,#184,.T.);
#184 = LINE('',#185,#186);
#185 = CARTESIAN_POINT('',(-24.89633191304,-50.,27.997653517585));
#186 = VECTOR('',#187,1.);
#187 = DIRECTION('',(0.,-2.22044604925E-16,-1.));
#188 = FACE_BOUND('',#189,.T.);
#189 = EDGE_LOOP('',(#190,#201,#209,#217));
#190 = ORIENTED_EDGE('',*,*,#191,.F.);
#191 = EDGE_CURVE('',#192,#194,#196,.T.);
#192 = VERTEX_POINT('',#193);
#193 = CARTESIAN_POINT('',(-2.951822398057E-02,-50.,25.20198816639));
#194 = VERTEX_POINT('',#195);
#195 = CARTESIAN_POINT('',(4.975814674553,-50.,25.197213433473));
#196 = CIRCLE('',#197,2.502668726645);
#197 = AXIS2_PLACEMENT_3D('',#198,#199,#200);
#198 = CARTESIAN_POINT('',(2.473145947908,-50.,25.197213433473));
#199 = DIRECTION('',(0.,-1.,2.22044604925E-16));
#200 = DIRECTION('',(1.,0.,0.));
#201 = ORIENTED_EDGE('',*,*,#202,.F.);
#202 = EDGE_CURVE('',#203,#192,#205,.T.);
#203 = VERTEX_POINT('',#204);
#204 = CARTESIAN_POINT('',(-2.41853254468E-02,-50.,27.997213433473));
#205 = LINE('',#206,#207);
#206 = CARTESIAN_POINT('',(-2.41853254468E-02,-50.,27.997213433473));
#207 = VECTOR('',#208,1.);
#208 = DIRECTION('',(-1.907856547704E-03,-2.220442008127E-16,
    -0.99999818004));
#209 = ORIENTED_EDGE('',*,*,#210,.T.);
#210 = EDGE_CURVE('',#203,#211,#213,.T.);
#211 = VERTEX_POINT('',#212);
#212 = CARTESIAN_POINT('',(4.975814674553,-50.,27.997213433473));
#213 = LINE('',#214,#215);
#214 = CARTESIAN_POINT('',(-2.41853254468E-02,-50.,27.997213433473));
#215 = VECTOR('',#216,1.);
#216 = DIRECTION('',(1.,0.,0.));
#217 = ORIENTED_EDGE('',*,*,#218,.T.);
#218 = EDGE_CURVE('',#211,#194,#219,.T.);
#219 = LINE('',#220,#221);
#220 = CARTESIAN_POINT('',(4.975814674553,-50.,27.997213433473));
#221 = VECTOR('',#222,1.);
#222 = DIRECTION('',(0.,-2.22044604925E-16,-1.));
#223 = FACE_BOUND('',#224,.T.);
#224 = EDGE_LOOP('',(#225,#236,#244,#252));
#225 = ORIENTED_EDGE('',*,*,#226,.F.);
#226 = EDGE_CURVE('',#227,#229,#231,.T.);
#227 = VERTEX_POINT('',#228);
#228 = CARTESIAN_POINT('',(29.779660881534,-50.,25.202428236505));
#229 = VERTEX_POINT('',#230);
#230 = CARTESIAN_POINT('',(34.784993780068,-50.,25.197653503588));
#231 = CIRCLE('',#232,2.502668726646);
#232 = AXIS2_PLACEMENT_3D('',#233,#234,#235);
#233 = CARTESIAN_POINT('',(32.282325053422,-50.,25.197653503588));
#234 = DIRECTION('',(0.,-1.,2.22044604925E-16));
#235 = DIRECTION('',(1.,0.,0.));
#236 = ORIENTED_EDGE('',*,*,#237,.F.);
#237 = EDGE_CURVE('',#238,#227,#240,.T.);
#238 = VERTEX_POINT('',#239);
#239 = CARTESIAN_POINT('',(29.784993780068,-50.,27.997653503588));
#240 = LINE('',#241,#242);
#241 = CARTESIAN_POINT('',(29.784993780068,-50.,27.997653503588));
#242 = VECTOR('',#243,1.);
#243 = DIRECTION('',(-1.907856547859E-03,-2.220442008127E-16,
    -0.99999818004));
#244 = ORIENTED_EDGE('',*,*,#245,.T.);
#245 = EDGE_CURVE('',#238,#246,#248,.T.);
#246 = VERTEX_POINT('',#247);
#247 = CARTESIAN_POINT('',(34.784993780068,-50.,27.997653503588));
#248 = LINE('',#249,#250);
#249 = CARTESIAN_POINT('',(29.784993780068,-50.,27.997653503588));
#250 = VECTOR('',#251,1.);
#251 = DIRECTION('',(1.,0.,0.));
#252 = ORIENTED_EDGE('',*,*,#253,.T.);
#253 = EDGE_CURVE('',#246,#229,#254,.T.);
#254 = LINE('',#255,#256);
#255 = CARTESIAN_POINT('',(34.784993780068,-50.,27.997653503588));
#256 = VECTOR('',#257,1.);
#257 = DIRECTION('',(0.,-2.22044604925E-16,-1.));
#258 = PLANE('',#259);
#259 = AXIS2_PLACEMENT_3D('',#260,#261,#262);
#260 = CARTESIAN_POINT('',(-49.5,-50.,28.));
#261 = DIRECTION('',(0.,-1.,0.));
#262 = DIRECTION('',(1.,0.,0.));
#263 = ADVANCED_FACE('',(#264),#291,.T.);
#264 = FACE_BOUND('',#265,.T.);
#265 = EDGE_LOOP('',(#266,#267,#276,#284));
#266 = ORIENTED_EDGE('',*,*,#21,.T.);
#267 = ORIENTED_EDGE('',*,*,#268,.T.);
#268 = EDGE_CURVE('',#24,#269,#271,.T.);
#269 = VERTEX_POINT('',#270);
#270 = CARTESIAN_POINT('',(57.5,-42.,-0.5));
#271 = CIRCLE('',#272,8.);
#272 = AXIS2_PLACEMENT_3D('',#273,#274,#275);
#273 = CARTESIAN_POINT('',(49.5,-42.,-0.5));
#274 = DIRECTION('',(-0.,0.,1.));
#275 = DIRECTION('',(0.,-1.,0.));
#276 = ORIENTED_EDGE('',*,*,#277,.F.);
#277 = EDGE_CURVE('',#278,#269,#280,.T.);
#278 = VERTEX_POINT('',#279);
#279 = CARTESIAN_POINT('',(57.5,-42.,28.));
#280 = LINE('',#281,#282);
#281 = CARTESIAN_POINT('',(57.5,-42.,28.));
#282 = VECTOR('',#283,1.);
#283 = DIRECTION('',(-0.,-0.,-1.));
#284 = ORIENTED_EDGE('',*,*,#285,.F.);
#285 = EDGE_CURVE('',#22,#278,#286,.T.);
#286 = CIRCLE('',#287,8.);
#287 = AXIS2_PLACEMENT_3D('',#288,#289,#290);
#288 = CARTESIAN_POINT('',(49.5,-42.,28.));
#289 = DIRECTION('',(0.,0.,1.));
#290 = DIRECTION('',(1.,0.,0.));
#291 = CYLINDRICAL_SURFACE('',#292,8.);
#292 = AXIS2_PLACEMENT_3D('',#293,#294,#295);
#293 = CARTESIAN_POINT('',(49.5,-42.,28.));
#294 = DIRECTION('',(0.,0.,1.));
#295 = DIRECTION('',(1.,0.,0.));
#296 = ADVANCED_FACE('',(#297),#322,.F.);
#297 = FACE_BOUND('',#298,.F.);
#298 = EDGE_LOOP('',(#299,#307,#308,#316));
#299 = ORIENTED_EDGE('',*,*,#300,.F.);
#300 = EDGE_CURVE('',#106,#301,#303,.T.);
#301 = VERTEX_POINT('',#302);
#302 = CARTESIAN_POINT('',(-49.5,-48.5,-2.));
#303 = LINE('',#304,#305);
#304 = CARTESIAN_POINT('',(-49.5,-50.,-0.5));
#305 = VECTOR('',#306,1.);
#306 = DIRECTION('',(3.573162945485E-16,0.707106781187,-0.707106781187)
  );
#307 = ORIENTED_EDGE('',*,*,#113,.T.);
#308 = ORIENTED_EDGE('',*,*,#309,.T.);
#309 = EDGE_CURVE('',#24,#310,#312,.T.);
#310 = VERTEX_POINT('',#311);
#311 = CARTESIAN_POINT('',(49.5,-48.5,-2.));
#312 = LINE('',#313,#314);
#313 = CARTESIAN_POINT('',(49.5,-49.25,-1.25));
#314 = VECTOR('',#315,1.);
#315 = DIRECTION('',(0.,0.707106781187,-0.707106781187));
#316 = ORIENTED_EDGE('',*,*,#317,.F.);
#317 = EDGE_CURVE('',#301,#310,#318,.T.);
#318 = LINE('',#319,#320);
#319 = CARTESIAN_POINT('',(-49.5,-48.5,-2.));
#320 = VECTOR('',#321,1.);
#321 = DIRECTION('',(1.,0.,0.));
#322 = PLANE('',#323);
#323 = AXIS2_PLACEMENT_3D('',#324,#325,#326);
#324 = CARTESIAN_POINT('',(-49.5,-49.25,-1.25));
#325 = DIRECTION('',(0.,0.707106781187,0.707106781187));
#326 = DIRECTION('',(1.,0.,0.));
#327 = ADVANCED_FACE('',(#328),#619,.T.);
#328 = FACE_BOUND('',#329,.T.);
#329 = EDGE_LOOP('',(#330,#331,#339,#347,#355,#364,#373,#382,#390,#398,
    #407,#416,#425,#434,#442,#450,#458,#467,#476,#485,#494,#503,#511,
    #519,#528,#537,#546,#554,#562,#568,#569,#570,#578,#587,#595,#604,
    #612));
#330 = ORIENTED_EDGE('',*,*,#97,.T.);
#331 = ORIENTED_EDGE('',*,*,#332,.T.);
#332 = EDGE_CURVE('',#90,#333,#335,.T.);
#333 = VERTEX_POINT('',#334);
#334 = CARTESIAN_POINT('',(-15.33363611637,-46.8,27.999943567004));
#335 = LINE('',#336,#337);
#336 = CARTESIAN_POINT('',(-15.33363611637,-50.,27.999887134008));
#337 = VECTOR('',#338,1.);
#338 = DIRECTION('',(0.,1.,-2.22044604925E-16));
#339 = ORIENTED_EDGE('',*,*,#340,.F.);
#340 = EDGE_CURVE('',#341,#333,#343,.T.);
#341 = VERTEX_POINT('',#342);
#342 = CARTESIAN_POINT('',(-49.5,-46.8,28.));
#343 = LINE('',#344,#345);
#344 = CARTESIAN_POINT('',(-49.5,-46.8,28.));
#345 = VECTOR('',#346,1.);
#346 = DIRECTION('',(1.,0.,0.));
#347 = ORIENTED_EDGE('',*,*,#348,.F.);
#348 = EDGE_CURVE('',#349,#341,#351,.T.);
#349 = VERTEX_POINT('',#350);
#350 = CARTESIAN_POINT('',(-49.5,-48.,28.));
#351 = LINE('',#352,#353);
#352 = CARTESIAN_POINT('',(-49.5,-48.,28.));
#353 = VECTOR('',#354,1.);
#354 = DIRECTION('',(0.,1.,0.));
#355 = ORIENTED_EDGE('',*,*,#356,.F.);
#356 = EDGE_CURVE('',#357,#349,#359,.T.);
#357 = VERTEX_POINT('',#358);
#358 = CARTESIAN_POINT('',(-53.1,-46.8,28.));
#359 = CIRCLE('',#360,6.);
#360 = AXIS2_PLACEMENT_3D('',#361,#362,#363);
#361 = CARTESIAN_POINT('',(-49.5,-42.,28.));
#362 = DIRECTION('',(0.,0.,1.));
#363 = DIRECTION('',(1.,0.,0.));
#364 = ORIENTED_EDGE('',*,*,#365,.F.);
#365 = EDGE_CURVE('',#366,#357,#368,.T.);
#366 = VERTEX_POINT('',#367);
#367 = CARTESIAN_POINT('',(-53.74264068711,-46.24264068711,28.));
#368 = CIRCLE('',#369,6.);
#369 = AXIS2_PLACEMENT_3D('',#370,#371,#372);
#370 = CARTESIAN_POINT('',(-49.5,-42.,28.));
#371 = DIRECTION('',(0.,0.,1.));
#372 = DIRECTION('',(1.,0.,0.));
#373 = ORIENTED_EDGE('',*,*,#374,.F.);
#374 = EDGE_CURVE('',#375,#366,#377,.T.);
#375 = VERTEX_POINT('',#376);
#376 = CARTESIAN_POINT('',(-55.5,-42.,28.));
#377 = CIRCLE('',#378,6.);
#378 = AXIS2_PLACEMENT_3D('',#379,#380,#381);
#379 = CARTESIAN_POINT('',(-49.5,-42.,28.));
#380 = DIRECTION('',(0.,0.,1.));
#381 = DIRECTION('',(1.,0.,0.));
#382 = ORIENTED_EDGE('',*,*,#383,.F.);
#383 = EDGE_CURVE('',#384,#375,#386,.T.);
#384 = VERTEX_POINT('',#385);
#385 = CARTESIAN_POINT('',(-55.5,53.,28.));
#386 = LINE('',#387,#388);
#387 = CARTESIAN_POINT('',(-55.5,53.,28.));
#388 = VECTOR('',#389,1.);
#389 = DIRECTION('',(0.,-1.,0.));
#390 = ORIENTED_EDGE('',*,*,#391,.T.);
#391 = EDGE_CURVE('',#384,#392,#394,.T.);
#392 = VERTEX_POINT('',#393);
#393 = CARTESIAN_POINT('',(-54.79289321881,52.292893218813,28.));
#394 = LINE('',#395,#396);
#395 = CARTESIAN_POINT('',(-55.5,53.,28.));
#396 = VECTOR('',#397,1.);
#397 = DIRECTION('',(0.707106781187,-0.707106781187,0.));
#398 = ORIENTED_EDGE('',*,*,#399,.F.);
#399 = EDGE_CURVE('',#400,#392,#402,.T.);
#400 = VERTEX_POINT('',#401);
#401 = CARTESIAN_POINT('',(-54.61473645645,53.744148301947,28.));
#402 = CIRCLE('',#403,6.);
#403 = AXIS2_PLACEMENT_3D('',#404,#405,#406);
#404 = CARTESIAN_POINT('',(-48.79289321881,52.292893218813,28.));
#405 = DIRECTION('',(0.,0.,1.));
#406 = DIRECTION('',(1.,0.,0.));
#407 = ORIENTED_EDGE('',*,*,#408,.T.);
#408 = EDGE_CURVE('',#400,#409,#411,.T.);
#409 = VERTEX_POINT('',#410);
#410 = CARTESIAN_POINT('',(-53.74264068711,57.242640687119,28.));
#411 = CIRCLE('',#412,3.5);
#412 = AXIS2_PLACEMENT_3D('',#413,#414,#415);
#413 = CARTESIAN_POINT('',(-51.26776695296,54.767766952966,28.));
#414 = DIRECTION('',(0.,0.,-1.));
#415 = DIRECTION('',(1.,0.,0.));
#416 = ORIENTED_EDGE('',*,*,#417,.T.);
#417 = EDGE_CURVE('',#409,#418,#420,.T.);
#418 = VERTEX_POINT('',#419);
#419 = CARTESIAN_POINT('',(-50.24414830194,58.114736456455,28.));
#420 = CIRCLE('',#421,3.5);
#421 = AXIS2_PLACEMENT_3D('',#422,#423,#424);
#422 = CARTESIAN_POINT('',(-51.26776695296,54.767766952966,28.));
#423 = DIRECTION('',(0.,0.,-1.));
#424 = DIRECTION('',(1.,0.,0.));
#425 = ORIENTED_EDGE('',*,*,#426,.F.);
#426 = EDGE_CURVE('',#427,#418,#429,.T.);
#427 = VERTEX_POINT('',#428);
#428 = CARTESIAN_POINT('',(-48.79289321881,58.292893218813,28.));
#429 = CIRCLE('',#430,6.);
#430 = AXIS2_PLACEMENT_3D('',#431,#432,#433);
#431 = CARTESIAN_POINT('',(-48.79289321881,52.292893218813,28.));
#432 = DIRECTION('',(0.,0.,1.));
#433 = DIRECTION('',(1.,0.,0.));
#434 = ORIENTED_EDGE('',*,*,#435,.F.);
#435 = EDGE_CURVE('',#436,#427,#438,.T.);
#436 = VERTEX_POINT('',#437);
#437 = CARTESIAN_POINT('',(-49.5,59.,28.));
#438 = LINE('',#439,#440);
#439 = CARTESIAN_POINT('',(-49.5,59.,28.));
#440 = VECTOR('',#441,1.);
#441 = DIRECTION('',(0.707106781187,-0.707106781187,0.));
#442 = ORIENTED_EDGE('',*,*,#443,.F.);
#443 = EDGE_CURVE('',#444,#436,#446,.T.);
#444 = VERTEX_POINT('',#445);
#445 = CARTESIAN_POINT('',(49.5,59.,28.));
#446 = LINE('',#447,#448);
#447 = CARTESIAN_POINT('',(49.5,59.,28.));
#448 = VECTOR('',#449,1.);
#449 = DIRECTION('',(-1.,0.,0.));
#450 = ORIENTED_EDGE('',*,*,#451,.T.);
#451 = EDGE_CURVE('',#444,#452,#454,.T.);
#452 = VERTEX_POINT('',#453);
#453 = CARTESIAN_POINT('',(48.792893218813,58.292893218813,28.));
#454 = LINE('',#455,#456);
#455 = CARTESIAN_POINT('',(49.5,59.,28.));
#456 = VECTOR('',#457,1.);
#457 = DIRECTION('',(-0.707106781187,-0.707106781187,0.));
#458 = ORIENTED_EDGE('',*,*,#459,.F.);
#459 = EDGE_CURVE('',#460,#452,#462,.T.);
#460 = VERTEX_POINT('',#461);
#461 = CARTESIAN_POINT('',(50.244148301947,58.114736456455,28.));
#462 = CIRCLE('',#463,6.);
#463 = AXIS2_PLACEMENT_3D('',#464,#465,#466);
#464 = CARTESIAN_POINT('',(48.792893218813,52.292893218813,28.));
#465 = DIRECTION('',(0.,0.,1.));
#466 = DIRECTION('',(1.,0.,0.));
#467 = ORIENTED_EDGE('',*,*,#468,.T.);
#468 = EDGE_CURVE('',#460,#469,#471,.T.);
#469 = VERTEX_POINT('',#470);
#470 = CARTESIAN_POINT('',(53.742640722787,57.242640651451,28.));
#471 = CIRCLE('',#472,3.5);
#472 = AXIS2_PLACEMENT_3D('',#473,#474,#475);
#473 = CARTESIAN_POINT('',(51.267766952966,54.767766952966,28.));
#474 = DIRECTION('',(0.,0.,-1.));
#475 = DIRECTION('',(1.,0.,0.));
#476 = ORIENTED_EDGE('',*,*,#477,.T.);
#477 = EDGE_CURVE('',#469,#478,#480,.T.);
#478 = VERTEX_POINT('',#479);
#479 = CARTESIAN_POINT('',(54.767766952966,54.767766952966,28.));
#480 = CIRCLE('',#481,3.5);
#481 = AXIS2_PLACEMENT_3D('',#482,#483,#484);
#482 = CARTESIAN_POINT('',(51.267766952966,54.767766952966,28.));
#483 = DIRECTION('',(0.,0.,-1.));
#484 = DIRECTION('',(1.,0.,0.));
#485 = ORIENTED_EDGE('',*,*,#486,.T.);
#486 = EDGE_CURVE('',#478,#487,#489,.T.);
#487 = VERTEX_POINT('',#488);
#488 = CARTESIAN_POINT('',(54.614736456455,53.744148301947,28.));
#489 = CIRCLE('',#490,3.5);
#490 = AXIS2_PLACEMENT_3D('',#491,#492,#493);
#491 = CARTESIAN_POINT('',(51.267766952966,54.767766952966,28.));
#492 = DIRECTION('',(0.,0.,-1.));
#493 = DIRECTION('',(1.,0.,0.));
#494 = ORIENTED_EDGE('',*,*,#495,.F.);
#495 = EDGE_CURVE('',#496,#487,#498,.T.);
#496 = VERTEX_POINT('',#497);
#497 = CARTESIAN_POINT('',(54.792893218813,52.292893218813,28.));
#498 = CIRCLE('',#499,6.);
#499 = AXIS2_PLACEMENT_3D('',#500,#501,#502);
#500 = CARTESIAN_POINT('',(48.792893218813,52.292893218813,28.));
#501 = DIRECTION('',(0.,0.,1.));
#502 = DIRECTION('',(1.,0.,0.));
#503 = ORIENTED_EDGE('',*,*,#504,.F.);
#504 = EDGE_CURVE('',#505,#496,#507,.T.);
#505 = VERTEX_POINT('',#506);
#506 = CARTESIAN_POINT('',(55.5,53.,28.));
#507 = LINE('',#508,#509);
#508 = CARTESIAN_POINT('',(55.5,53.,28.));
#509 = VECTOR('',#510,1.);
#510 = DIRECTION('',(-0.707106781187,-0.707106781187,0.));
#511 = ORIENTED_EDGE('',*,*,#512,.F.);
#512 = EDGE_CURVE('',#513,#505,#515,.T.);
#513 = VERTEX_POINT('',#514);
#514 = CARTESIAN_POINT('',(55.5,-42.,28.));
#515 = LINE('',#516,#517);
#516 = CARTESIAN_POINT('',(55.5,-42.,28.));
#517 = VECTOR('',#518,1.);
#518 = DIRECTION('',(0.,1.,0.));
#519 = ORIENTED_EDGE('',*,*,#520,.F.);
#520 = EDGE_CURVE('',#521,#513,#523,.T.);
#521 = VERTEX_POINT('',#522);
#522 = CARTESIAN_POINT('',(53.742640687121,-46.24264068712,28.));
#523 = CIRCLE('',#524,6.);
#524 = AXIS2_PLACEMENT_3D('',#525,#526,#527);
#525 = CARTESIAN_POINT('',(49.5,-42.,28.));
#526 = DIRECTION('',(0.,0.,1.));
#527 = DIRECTION('',(1.,0.,0.));
#528 = ORIENTED_EDGE('',*,*,#529,.F.);
#529 = EDGE_CURVE('',#530,#521,#532,.T.);
#530 = VERTEX_POINT('',#531);
#531 = CARTESIAN_POINT('',(53.1,-46.8,28.));
#532 = CIRCLE('',#533,6.);
#533 = AXIS2_PLACEMENT_3D('',#534,#535,#536);
#534 = CARTESIAN_POINT('',(49.5,-42.,28.));
#535 = DIRECTION('',(0.,0.,1.));
#536 = DIRECTION('',(1.,0.,0.));
#537 = ORIENTED_EDGE('',*,*,#538,.F.);
#538 = EDGE_CURVE('',#539,#530,#541,.T.);
#539 = VERTEX_POINT('',#540);
#540 = CARTESIAN_POINT('',(49.5,-48.,28.));
#541 = CIRCLE('',#542,6.);
#542 = AXIS2_PLACEMENT_3D('',#543,#544,#545);
#543 = CARTESIAN_POINT('',(49.5,-42.,28.));
#544 = DIRECTION('',(0.,0.,1.));
#545 = DIRECTION('',(1.,0.,0.));
#546 = ORIENTED_EDGE('',*,*,#547,.T.);
#547 = EDGE_CURVE('',#539,#548,#550,.T.);
#548 = VERTEX_POINT('',#549);
#549 = CARTESIAN_POINT('',(49.5,-46.8,28.));
#550 = LINE('',#551,#552);
#551 = CARTESIAN_POINT('',(49.5,-48.,28.));
#552 = VECTOR('',#553,1.);
#553 = DIRECTION('',(0.,1.,0.));
#554 = ORIENTED_EDGE('',*,*,#555,.F.);
#555 = EDGE_CURVE('',#556,#548,#558,.T.);
#556 = VERTEX_POINT('',#557);
#557 = CARTESIAN_POINT('',(20.646864257562,-46.8,27.999943559267));
#558 = LINE('',#559,#560);
#559 = CARTESIAN_POINT('',(-49.5,-46.8,28.));
#560 = VECTOR('',#561,1.);
#561 = DIRECTION('',(1.,0.,0.));
#562 = ORIENTED_EDGE('',*,*,#563,.F.);
#563 = EDGE_CURVE('',#32,#556,#564,.T.);
#564 = LINE('',#565,#566);
#565 = CARTESIAN_POINT('',(20.646864257562,-48.,27.999943559267));
#566 = VECTOR('',#567,1.);
#567 = DIRECTION('',(0.,1.,0.));
#568 = ORIENTED_EDGE('',*,*,#31,.T.);
#569 = ORIENTED_EDGE('',*,*,#285,.T.);
#570 = ORIENTED_EDGE('',*,*,#571,.T.);
#571 = EDGE_CURVE('',#278,#572,#574,.T.);
#572 = VERTEX_POINT('',#573);
#573 = CARTESIAN_POINT('',(57.5,53.,28.));
#574 = LINE('',#575,#576);
#575 = CARTESIAN_POINT('',(57.5,-42.,28.));
#576 = VECTOR('',#577,1.);
#577 = DIRECTION('',(0.,1.,0.));
#578 = ORIENTED_EDGE('',*,*,#579,.T.);
#579 = EDGE_CURVE('',#572,#580,#582,.T.);
#580 = VERTEX_POINT('',#581);
#581 = CARTESIAN_POINT('',(49.5,61.,28.));
#582 = CIRCLE('',#583,8.);
#583 = AXIS2_PLACEMENT_3D('',#584,#585,#586);
#584 = CARTESIAN_POINT('',(49.5,53.,28.));
#585 = DIRECTION('',(0.,0.,1.));
#586 = DIRECTION('',(1.,0.,0.));
#587 = ORIENTED_EDGE('',*,*,#588,.T.);
#588 = EDGE_CURVE('',#580,#589,#591,.T.);
#589 = VERTEX_POINT('',#590);
#590 = CARTESIAN_POINT('',(-49.5,61.,28.));
#591 = LINE('',#592,#593);
#592 = CARTESIAN_POINT('',(49.5,61.,28.));
#593 = VECTOR('',#594,1.);
#594 = DIRECTION('',(-1.,0.,0.));
#595 = ORIENTED_EDGE('',*,*,#596,.T.);
#596 = EDGE_CURVE('',#589,#597,#599,.T.);
#597 = VERTEX_POINT('',#598);
#598 = CARTESIAN_POINT('',(-57.5,53.,28.));
#599 = CIRCLE('',#600,8.);
#600 = AXIS2_PLACEMENT_3D('',#601,#602,#603);
#601 = CARTESIAN_POINT('',(-49.5,53.,28.));
#602 = DIRECTION('',(0.,0.,1.));
#603 = DIRECTION('',(1.,0.,0.));
#604 = ORIENTED_EDGE('',*,*,#605,.T.);
#605 = EDGE_CURVE('',#597,#606,#608,.T.);
#606 = VERTEX_POINT('',#607);
#607 = CARTESIAN_POINT('',(-57.5,-42.,28.));
#608 = LINE('',#609,#610);
#609 = CARTESIAN_POINT('',(-57.5,53.,28.));
#610 = VECTOR('',#611,1.);
#611 = DIRECTION('',(0.,-1.,0.));
#612 = ORIENTED_EDGE('',*,*,#613,.T.);
#613 = EDGE_CURVE('',#606,#98,#614,.T.);
#614 = CIRCLE('',#615,8.);
#615 = AXIS2_PLACEMENT_3D('',#616,#617,#618);
#616 = CARTESIAN_POINT('',(-49.5,-42.,28.));
#617 = DIRECTION('',(0.,0.,1.));
#618 = DIRECTION('',(1.,0.,0.));
#619 = PLANE('',#620);
#620 = AXIS2_PLACEMENT_3D('',#621,#622,#623);
#621 = CARTESIAN_POINT('',(-0.215092132119,10.247927632989,
    27.99999932805));
#622 = DIRECTION('',(-7.13299082841E-10,-1.534173117604E-08,1.));
#623 = DIRECTION('',(0.,1.,1.534173117604E-08));
#624 = ADVANCED_FACE('',(#625),#644,.T.);
#625 = FACE_BOUND('',#626,.T.);
#626 = EDGE_LOOP('',(#627,#635,#642,#643));
#627 = ORIENTED_EDGE('',*,*,#628,.T.);
#628 = EDGE_CURVE('',#606,#629,#631,.T.);
#629 = VERTEX_POINT('',#630);
#630 = CARTESIAN_POINT('',(-57.5,-42.,-0.5));
#631 = LINE('',#632,#633);
#632 = CARTESIAN_POINT('',(-57.5,-42.,28.));
#633 = VECTOR('',#634,1.);
#634 = DIRECTION('',(-0.,-0.,-1.));
#635 = ORIENTED_EDGE('',*,*,#636,.T.);
#636 = EDGE_CURVE('',#629,#106,#637,.T.);
#637 = CIRCLE('',#638,8.);
#638 = AXIS2_PLACEMENT_3D('',#639,#640,#641);
#639 = CARTESIAN_POINT('',(-49.5,-42.,-0.5));
#640 = DIRECTION('',(0.,0.,1.));
#641 = DIRECTION('',(-1.,5.329070518201E-15,0.));
#642 = ORIENTED_EDGE('',*,*,#105,.F.);
#643 = ORIENTED_EDGE('',*,*,#613,.F.);
#644 = CYLINDRICAL_SURFACE('',#645,8.);
#645 = AXIS2_PLACEMENT_3D('',#646,#647,#648);
#646 = CARTESIAN_POINT('',(-49.5,-42.,28.));
#647 = DIRECTION('',(0.,0.,1.));
#648 = DIRECTION('',(1.,0.,0.));
#649 = ADVANCED_FACE('',(#650),#668,.T.);
#650 = FACE_BOUND('',#651,.T.);
#651 = EDGE_LOOP('',(#652,#653,#654,#662));
#652 = ORIENTED_EDGE('',*,*,#39,.F.);
#653 = ORIENTED_EDGE('',*,*,#563,.T.);
#654 = ORIENTED_EDGE('',*,*,#655,.T.);
#655 = EDGE_CURVE('',#556,#656,#658,.T.);
#656 = VERTEX_POINT('',#657);
#657 = CARTESIAN_POINT('',(20.646864257562,-46.8,25.199887118535));
#658 = LINE('',#659,#660);
#659 = CARTESIAN_POINT('',(20.646864257562,-46.8,27.999943559267));
#660 = VECTOR('',#661,1.);
#661 = DIRECTION('',(0.,0.,-1.));
#662 = ORIENTED_EDGE('',*,*,#663,.F.);
#663 = EDGE_CURVE('',#40,#656,#664,.T.);
#664 = LINE('',#665,#666);
#665 = CARTESIAN_POINT('',(20.646864257562,-48.,25.199887118535));
#666 = VECTOR('',#667,1.);
#667 = DIRECTION('',(0.,1.,0.));
#668 = PLANE('',#669);
#669 = AXIS2_PLACEMENT_3D('',#670,#671,#672);
#670 = CARTESIAN_POINT('',(20.646864257562,-48.4,26.599892762608));
#671 = DIRECTION('',(-1.,-8.75841862335E-16,-2.537675148488E-16));
#672 = DIRECTION('',(8.75841862335E-16,-1.,0.));
#673 = ADVANCED_FACE('',(#674),#693,.F.);
#674 = FACE_BOUND('',#675,.F.);
#675 = EDGE_LOOP('',(#676,#677,#678,#686));
#676 = ORIENTED_EDGE('',*,*,#663,.F.);
#677 = ORIENTED_EDGE('',*,*,#47,.F.);
#678 = ORIENTED_EDGE('',*,*,#679,.T.);
#679 = EDGE_CURVE('',#48,#680,#682,.T.);
#680 = VERTEX_POINT('',#681);
#681 = CARTESIAN_POINT('',(15.644022403359,-46.8,25.202428236041));
#682 = LINE('',#683,#684);
#683 = CARTESIAN_POINT('',(15.644022403359,-50.,25.202428236041));
#684 = VECTOR('',#685,1.);
#685 = DIRECTION('',(0.,1.,-2.22044604925E-16));
#686 = ORIENTED_EDGE('',*,*,#687,.T.);
#687 = EDGE_CURVE('',#680,#656,#688,.T.);
#688 = CIRCLE('',#689,2.501421572462);
#689 = AXIS2_PLACEMENT_3D('',#690,#691,#692);
#690 = CARTESIAN_POINT('',(18.1454426851,-46.8,25.199887118535));
#691 = DIRECTION('',(0.,-1.,2.22044604925E-16));
#692 = DIRECTION('',(1.,0.,0.));
#693 = CYLINDRICAL_SURFACE('',#694,2.501421572462);
#694 = AXIS2_PLACEMENT_3D('',#695,#696,#697);
#695 = CARTESIAN_POINT('',(18.1454426851,-50.,25.199887118535));
#696 = DIRECTION('',(0.,-1.,2.22044604925E-16));
#697 = DIRECTION('',(1.,0.,0.));
#698 = ADVANCED_FACE('',(#699),#717,.T.);
#699 = FACE_BOUND('',#700,.T.);
#700 = EDGE_LOOP('',(#701,#702,#710,#716));
#701 = ORIENTED_EDGE('',*,*,#89,.T.);
#702 = ORIENTED_EDGE('',*,*,#703,.T.);
#703 = EDGE_CURVE('',#81,#704,#706,.T.);
#704 = VERTEX_POINT('',#705);
#705 = CARTESIAN_POINT('',(-15.33647911322,-46.8,25.202429274748));
#706 = LINE('',#707,#708);
#707 = CARTESIAN_POINT('',(-15.33647911322,-50.,25.202429274748));
#708 = VECTOR('',#709,1.);
#709 = DIRECTION('',(0.,1.,-2.22044604925E-16));
#710 = ORIENTED_EDGE('',*,*,#711,.F.);
#711 = EDGE_CURVE('',#333,#704,#712,.T.);
#712 = LINE('',#713,#714);
#713 = CARTESIAN_POINT('',(-15.3336537029,-46.8,27.982582310882));
#714 = VECTOR('',#715,1.);
#715 = DIRECTION('',(-1.016278178645E-03,-0.,-0.999999483589));
#716 = ORIENTED_EDGE('',*,*,#332,.F.);
#717 = PLANE('',#718);
#718 = AXIS2_PLACEMENT_3D('',#719,#720,#721);
#719 = CARTESIAN_POINT('',(-15.3350576148,-48.4,26.601163850068));
#720 = DIRECTION('',(0.999999483593,2.988737929087E-09,
    -1.016274076538E-03));
#721 = DIRECTION('',(1.016274076538E-03,0.,0.999999483593));
#722 = ADVANCED_FACE('',(#723),#741,.T.);
#723 = FACE_BOUND('',#724,.T.);
#724 = EDGE_LOOP('',(#725,#726,#727,#735));
#725 = ORIENTED_EDGE('',*,*,#56,.T.);
#726 = ORIENTED_EDGE('',*,*,#679,.T.);
#727 = ORIENTED_EDGE('',*,*,#728,.F.);
#728 = EDGE_CURVE('',#729,#680,#731,.T.);
#729 = VERTEX_POINT('',#730);
#730 = CARTESIAN_POINT('',(15.646864257562,-46.8,27.999943559267));
#731 = LINE('',#732,#733);
#732 = CARTESIAN_POINT('',(15.646830699425,-46.8,27.966853224964));
#733 = VECTOR('',#734,1.);
#734 = DIRECTION('',(-1.015869349859E-03,-0.,-0.999999484005));
#735 = ORIENTED_EDGE('',*,*,#736,.F.);
#736 = EDGE_CURVE('',#57,#729,#737,.T.);
#737 = LINE('',#738,#739);
#738 = CARTESIAN_POINT('',(15.646864257562,-50.,27.999887118535));
#739 = VECTOR('',#740,1.);
#740 = DIRECTION('',(0.,1.,-2.22044604925E-16));
#741 = PLANE('',#742);
#742 = AXIS2_PLACEMENT_3D('',#743,#744,#745);
#743 = CARTESIAN_POINT('',(15.645443330461,-48.4,26.601163323751));
#744 = DIRECTION('',(0.999999484009,2.987945383696E-09,
    -1.015865248842E-03));
#745 = DIRECTION('',(1.015865248842E-03,0.,0.999999484009));
#746 = ADVANCED_FACE('',(#747),#766,.F.);
#747 = FACE_BOUND('',#748,.F.);
#748 = EDGE_LOOP('',(#749,#757,#758,#759));
#749 = ORIENTED_EDGE('',*,*,#750,.F.);
#750 = EDGE_CURVE('',#73,#751,#753,.T.);
#751 = VERTEX_POINT('',#752);
#752 = CARTESIAN_POINT('',(-10.33363611637,-46.8,25.199887134008));
#753 = LINE('',#754,#755);
#754 = CARTESIAN_POINT('',(-10.33363611637,-48.,25.199887134008));
#755 = VECTOR('',#756,1.);
#756 = DIRECTION('',(0.,1.,0.));
#757 = ORIENTED_EDGE('',*,*,#80,.F.);
#758 = ORIENTED_EDGE('',*,*,#703,.T.);
#759 = ORIENTED_EDGE('',*,*,#760,.T.);
#760 = EDGE_CURVE('',#704,#751,#761,.T.);
#761 = CIRCLE('',#762,2.501422144304);
#762 = AXIS2_PLACEMENT_3D('',#763,#764,#765);
#763 = CARTESIAN_POINT('',(-12.83505826068,-46.8,25.199887134008));
#764 = DIRECTION('',(0.,-1.,2.22044604925E-16));
#765 = DIRECTION('',(1.,0.,0.));
#766 = CYLINDRICAL_SURFACE('',#767,2.501422144304);
#767 = AXIS2_PLACEMENT_3D('',#768,#769,#770);
#768 = CARTESIAN_POINT('',(-12.83505826068,-50.,25.199887134008));
#769 = DIRECTION('',(0.,-1.,2.22044604925E-16));
#770 = DIRECTION('',(1.,0.,0.));
#771 = ADVANCED_FACE('',(#772),#790,.T.);
#772 = FACE_BOUND('',#773,.T.);
#773 = EDGE_LOOP('',(#774,#775,#783,#789));
#774 = ORIENTED_EDGE('',*,*,#736,.T.);
#775 = ORIENTED_EDGE('',*,*,#776,.F.);
#776 = EDGE_CURVE('',#777,#729,#779,.T.);
#777 = VERTEX_POINT('',#778);
#778 = CARTESIAN_POINT('',(-10.33363611637,-46.8,27.999943567004));
#779 = LINE('',#780,#781);
#780 = CARTESIAN_POINT('',(-49.5,-46.8,28.));
#781 = VECTOR('',#782,1.);
#782 = DIRECTION('',(1.,0.,0.));
#783 = ORIENTED_EDGE('',*,*,#784,.F.);
#784 = EDGE_CURVE('',#65,#777,#785,.T.);
#785 = LINE('',#786,#787);
#786 = CARTESIAN_POINT('',(-10.33363611637,-48.,27.999943567004));
#787 = VECTOR('',#788,1.);
#788 = DIRECTION('',(0.,1.,0.));
#789 = ORIENTED_EDGE('',*,*,#64,.T.);
#790 = PLANE('',#791);
#791 = AXIS2_PLACEMENT_3D('',#792,#793,#794);
#792 = CARTESIAN_POINT('',(2.656614070592,-48.4,27.999989942883));
#793 = DIRECTION('',(5.306544180584E-11,-9.557190031085E-07,1.));
#794 = DIRECTION('',(0.,1.,9.557190031085E-07));
#795 = ADVANCED_FACE('',(#796),#807,.T.);
#796 = FACE_BOUND('',#797,.T.);
#797 = EDGE_LOOP('',(#798,#799,#800,#806));
#798 = ORIENTED_EDGE('',*,*,#72,.F.);
#799 = ORIENTED_EDGE('',*,*,#784,.T.);
#800 = ORIENTED_EDGE('',*,*,#801,.T.);
#801 = EDGE_CURVE('',#777,#751,#802,.T.);
#802 = LINE('',#803,#804);
#803 = CARTESIAN_POINT('',(-10.33363611637,-46.8,27.999943567004));
#804 = VECTOR('',#805,1.);
#805 = DIRECTION('',(0.,0.,-1.));
#806 = ORIENTED_EDGE('',*,*,#750,.F.);
#807 = PLANE('',#808);
#808 = AXIS2_PLACEMENT_3D('',#809,#810,#811);
#809 = CARTESIAN_POINT('',(-10.33363611637,-48.4,26.599892777307));
#810 = DIRECTION('',(-1.,4.379209312186E-16,0.));
#811 = DIRECTION('',(-4.379209312186E-16,-1.,0.));
#812 = ADVANCED_FACE('',(#813),#839,.F.);
#813 = FACE_BOUND('',#814,.F.);
#814 = EDGE_LOOP('',(#815,#823,#824,#832));
#815 = ORIENTED_EDGE('',*,*,#816,.F.);
#816 = EDGE_CURVE('',#124,#817,#819,.T.);
#817 = VERTEX_POINT('',#818);
#818 = CARTESIAN_POINT('',(-40.35465162409,-46.8,25.196225601918));
#819 = LINE('',#820,#821);
#820 = CARTESIAN_POINT('',(-40.35465162409,-48.,25.196225601918));
#821 = VECTOR('',#822,1.);
#822 = DIRECTION('',(0.,1.,0.));
#823 = ORIENTED_EDGE('',*,*,#121,.F.);
#824 = ORIENTED_EDGE('',*,*,#825,.T.);
#825 = EDGE_CURVE('',#122,#826,#828,.T.);
#826 = VERTEX_POINT('',#827);
#827 = CARTESIAN_POINT('',(-45.36612185958,-46.8,25.206912808455));
#828 = LINE('',#829,#830);
#829 = CARTESIAN_POINT('',(-45.36612185958,-50.,25.206912808455));
#830 = VECTOR('',#831,1.);
#831 = DIRECTION('',(0.,1.,-2.22044604925E-16));
#832 = ORIENTED_EDGE('',*,*,#833,.T.);
#833 = EDGE_CURVE('',#826,#817,#834,.T.);
#834 = CIRCLE('',#835,2.505746513242);
#835 = AXIS2_PLACEMENT_3D('',#836,#837,#838);
#836 = CARTESIAN_POINT('',(-42.86039813733,-46.8,25.196225601918));
#837 = DIRECTION('',(0.,-1.,2.22044604925E-16));
#838 = DIRECTION('',(1.,0.,0.));
#839 = CYLINDRICAL_SURFACE('',#840,2.505746513242);
#840 = AXIS2_PLACEMENT_3D('',#841,#842,#843);
#841 = CARTESIAN_POINT('',(-42.86039813733,-50.,25.196225601918));
#842 = DIRECTION('',(0.,-1.,2.22044604925E-16));
#843 = DIRECTION('',(1.,0.,0.));
#844 = ADVANCED_FACE('',(#845),#863,.T.);
#845 = FACE_BOUND('',#846,.T.);
#846 = EDGE_LOOP('',(#847,#848,#856,#862));
#847 = ORIENTED_EDGE('',*,*,#148,.F.);
#848 = ORIENTED_EDGE('',*,*,#849,.T.);
#849 = EDGE_CURVE('',#141,#850,#852,.T.);
#850 = VERTEX_POINT('',#851);
#851 = CARTESIAN_POINT('',(-40.35465162409,-46.8,27.896225601918));
#852 = LINE('',#853,#854);
#853 = CARTESIAN_POINT('',(-40.35465162409,-50.,27.896225601918));
#854 = VECTOR('',#855,1.);
#855 = DIRECTION('',(0.,1.,-2.22044604925E-16));
#856 = ORIENTED_EDGE('',*,*,#857,.T.);
#857 = EDGE_CURVE('',#850,#817,#858,.T.);
#858 = LINE('',#859,#860);
#859 = CARTESIAN_POINT('',(-40.35465162409,-46.8,27.948112800959));
#860 = VECTOR('',#861,1.);
#861 = DIRECTION('',(0.,0.,-1.));
#862 = ORIENTED_EDGE('',*,*,#816,.F.);
#863 = PLANE('',#864);
#864 = AXIS2_PLACEMENT_3D('',#865,#866,#867);
#865 = CARTESIAN_POINT('',(-40.35465162409,-48.4,26.546225601918));
#866 = DIRECTION('',(-1.,-0.,-0.));
#867 = DIRECTION('',(0.,0.,-1.));
#868 = ADVANCED_FACE('',(#869),#887,.T.);
#869 = FACE_BOUND('',#870,.T.);
#870 = EDGE_LOOP('',(#871,#872,#880,#886));
#871 = ORIENTED_EDGE('',*,*,#140,.F.);
#872 = ORIENTED_EDGE('',*,*,#873,.T.);
#873 = EDGE_CURVE('',#133,#874,#876,.T.);
#874 = VERTEX_POINT('',#875);
#875 = CARTESIAN_POINT('',(-45.35465162409,-46.8,27.896225601918));
#876 = LINE('',#877,#878);
#877 = CARTESIAN_POINT('',(-45.35465162409,-50.,27.896225601918));
#878 = VECTOR('',#879,1.);
#879 = DIRECTION('',(0.,1.,-2.22044604925E-16));
#880 = ORIENTED_EDGE('',*,*,#881,.T.);
#881 = EDGE_CURVE('',#874,#850,#882,.T.);
#882 = LINE('',#883,#884);
#883 = CARTESIAN_POINT('',(-47.42732581204,-46.8,27.896225601918));
#884 = VECTOR('',#885,1.);
#885 = DIRECTION('',(1.,0.,0.));
#886 = ORIENTED_EDGE('',*,*,#849,.F.);
#887 = PLANE('',#888);
#888 = AXIS2_PLACEMENT_3D('',#889,#890,#891);
#889 = CARTESIAN_POINT('',(-42.85465162409,-48.4,27.896225601918));
#890 = DIRECTION('',(-0.,-0.,-1.));
#891 = DIRECTION('',(-1.,0.,0.));
#892 = ADVANCED_FACE('',(#893),#904,.T.);
#893 = FACE_BOUND('',#894,.T.);
#894 = EDGE_LOOP('',(#895,#896,#897,#903));
#895 = ORIENTED_EDGE('',*,*,#132,.T.);
#896 = ORIENTED_EDGE('',*,*,#825,.T.);
#897 = ORIENTED_EDGE('',*,*,#898,.F.);
#898 = EDGE_CURVE('',#874,#826,#899,.T.);
#899 = LINE('',#900,#901);
#900 = CARTESIAN_POINT('',(-45.35446802691,-46.8,27.939271818611));
#901 = VECTOR('',#902,1.);
#902 = DIRECTION('',(-4.265078867571E-03,-0.,-0.99999090451));
#903 = ORIENTED_EDGE('',*,*,#873,.F.);
#904 = PLANE('',#905);
#905 = AXIS2_PLACEMENT_3D('',#906,#907,#908);
#906 = CARTESIAN_POINT('',(-45.36038674184,-48.4,26.551569205186));
#907 = DIRECTION('',(0.99999090451,0.,-4.265078867571E-03));
#908 = DIRECTION('',(4.265078867571E-03,0.,0.99999090451));
#909 = ADVANCED_FACE('',(#910),#936,.F.);
#910 = FACE_BOUND('',#911,.F.);
#911 = EDGE_LOOP('',(#912,#920,#921,#929));
#912 = ORIENTED_EDGE('',*,*,#913,.F.);
#913 = EDGE_CURVE('',#159,#914,#916,.T.);
#914 = VERTEX_POINT('',#915);
#915 = CARTESIAN_POINT('',(-24.89633191304,-46.8,25.197653517585));
#916 = LINE('',#917,#918);
#917 = CARTESIAN_POINT('',(-24.89633191304,-48.,25.197653517585));
#918 = VECTOR('',#919,1.);
#919 = DIRECTION('',(0.,1.,0.));
#920 = ORIENTED_EDGE('',*,*,#156,.F.);
#921 = ORIENTED_EDGE('',*,*,#922,.T.);
#922 = EDGE_CURVE('',#157,#923,#925,.T.);
#923 = VERTEX_POINT('',#924);
#924 = CARTESIAN_POINT('',(-29.90166595291,-46.8,25.202429275212));
#925 = LINE('',#926,#927);
#926 = CARTESIAN_POINT('',(-29.90166595291,-50.,25.202429275212));
#927 = VECTOR('',#928,1.);
#928 = DIRECTION('',(0.,1.,-2.22044604925E-16));
#929 = ORIENTED_EDGE('',*,*,#930,.T.);
#930 = EDGE_CURVE('',#923,#914,#931,.T.);
#931 = CIRCLE('',#932,2.502669298287);
#932 = AXIS2_PLACEMENT_3D('',#933,#934,#935);
#933 = CARTESIAN_POINT('',(-27.39900121133,-46.8,25.197653517585));
#934 = DIRECTION('',(0.,-1.,2.22044604925E-16));
#935 = DIRECTION('',(1.,0.,0.));
#936 = CYLINDRICAL_SURFACE('',#937,2.502669298287);
#937 = AXIS2_PLACEMENT_3D('',#938,#939,#940);
#938 = CARTESIAN_POINT('',(-27.39900121133,-50.,25.197653517585));
#939 = DIRECTION('',(0.,-1.,2.22044604925E-16));
#940 = DIRECTION('',(1.,0.,0.));
#941 = ADVANCED_FACE('',(#942),#960,.T.);
#942 = FACE_BOUND('',#943,.T.);
#943 = EDGE_LOOP('',(#944,#945,#953,#959));
#944 = ORIENTED_EDGE('',*,*,#183,.F.);
#945 = ORIENTED_EDGE('',*,*,#946,.T.);
#946 = EDGE_CURVE('',#176,#947,#949,.T.);
#947 = VERTEX_POINT('',#948);
#948 = CARTESIAN_POINT('',(-24.89633191304,-46.8,27.997653517585));
#949 = LINE('',#950,#951);
#950 = CARTESIAN_POINT('',(-24.89633191304,-50.,27.997653517585));
#951 = VECTOR('',#952,1.);
#952 = DIRECTION('',(0.,1.,-2.22044604925E-16));
#953 = ORIENTED_EDGE('',*,*,#954,.T.);
#954 = EDGE_CURVE('',#947,#914,#955,.T.);
#955 = LINE('',#956,#957);
#956 = CARTESIAN_POINT('',(-24.89633191304,-46.8,27.998826758793));
#957 = VECTOR('',#958,1.);
#958 = DIRECTION('',(0.,0.,-1.));
#959 = ORIENTED_EDGE('',*,*,#913,.F.);
#960 = PLANE('',#961);
#961 = AXIS2_PLACEMENT_3D('',#962,#963,#964);
#962 = CARTESIAN_POINT('',(-24.89633191304,-48.4,26.597653517585));
#963 = DIRECTION('',(-1.,-0.,-0.));
#964 = DIRECTION('',(0.,0.,-1.));
#965 = ADVANCED_FACE('',(#966),#984,.T.);
#966 = FACE_BOUND('',#967,.T.);
#967 = EDGE_LOOP('',(#968,#969,#977,#983));
#968 = ORIENTED_EDGE('',*,*,#175,.F.);
#969 = ORIENTED_EDGE('',*,*,#970,.T.);
#970 = EDGE_CURVE('',#168,#971,#973,.T.);
#971 = VERTEX_POINT('',#972);
#972 = CARTESIAN_POINT('',(-29.89633191304,-46.8,27.997653517585));
#973 = LINE('',#974,#975);
#974 = CARTESIAN_POINT('',(-29.89633191304,-50.,27.997653517585));
#975 = VECTOR('',#976,1.);
#976 = DIRECTION('',(0.,1.,-2.22044604925E-16));
#977 = ORIENTED_EDGE('',*,*,#978,.T.);
#978 = EDGE_CURVE('',#971,#947,#979,.T.);
#979 = LINE('',#980,#981);
#980 = CARTESIAN_POINT('',(-39.69816595652,-46.8,27.997653517585));
#981 = VECTOR('',#982,1.);
#982 = DIRECTION('',(1.,0.,0.));
#983 = ORIENTED_EDGE('',*,*,#946,.F.);
#984 = PLANE('',#985);
#985 = AXIS2_PLACEMENT_3D('',#986,#987,#988);
#986 = CARTESIAN_POINT('',(-27.39633191304,-48.4,27.997653517585));
#987 = DIRECTION('',(-0.,-0.,-1.));
#988 = DIRECTION('',(-1.,0.,0.));
#989 = ADVANCED_FACE('',(#990),#1001,.T.);
#990 = FACE_BOUND('',#991,.T.);
#991 = EDGE_LOOP('',(#992,#993,#994,#1000));
#992 = ORIENTED_EDGE('',*,*,#167,.T.);
#993 = ORIENTED_EDGE('',*,*,#922,.T.);
#994 = ORIENTED_EDGE('',*,*,#995,.F.);
#995 = EDGE_CURVE('',#971,#923,#996,.T.);
#996 = LINE('',#997,#998);
#997 = CARTESIAN_POINT('',(-29.89636536735,-46.8,27.980122286257));
#998 = VECTOR('',#999,1.);
#999 = DIRECTION('',(-1.90826555892E-03,-0.,-0.99999817926));
#1000 = ORIENTED_EDGE('',*,*,#970,.F.);
#1001 = PLANE('',#1002);
#1002 = AXIS2_PLACEMENT_3D('',#1003,#1004,#1005);
#1003 = CARTESIAN_POINT('',(-29.89899893298,-48.4,26.600041396399));
#1004 = DIRECTION('',(0.99999817926,0.,-1.90826555892E-03));
#1005 = DIRECTION('',(1.90826555892E-03,0.,0.99999817926));
#1006 = ADVANCED_FACE('',(#1007),#1033,.F.);
#1007 = FACE_BOUND('',#1008,.F.);
#1008 = EDGE_LOOP('',(#1009,#1017,#1018,#1026));
#1009 = ORIENTED_EDGE('',*,*,#1010,.F.);
#1010 = EDGE_CURVE('',#194,#1011,#1013,.T.);
#1011 = VERTEX_POINT('',#1012);
#1012 = CARTESIAN_POINT('',(4.975814674553,-46.8,25.197213433473));
#1013 = LINE('',#1014,#1015);
#1014 = CARTESIAN_POINT('',(4.975814674553,-48.,25.197213433473));
#1015 = VECTOR('',#1016,1.);
#1016 = DIRECTION('',(0.,1.,0.));
#1017 = ORIENTED_EDGE('',*,*,#191,.F.);
#1018 = ORIENTED_EDGE('',*,*,#1019,.T.);
#1019 = EDGE_CURVE('',#192,#1020,#1022,.T.);
#1020 = VERTEX_POINT('',#1021);
#1021 = CARTESIAN_POINT('',(-2.951822398057E-02,-46.8,25.20198816639));
#1022 = LINE('',#1023,#1024);
#1023 = CARTESIAN_POINT('',(-2.951822398057E-02,-50.,25.20198816639));
#1024 = VECTOR('',#1025,1.);
#1025 = DIRECTION('',(0.,1.,-2.22044604925E-16));
#1026 = ORIENTED_EDGE('',*,*,#1027,.T.);
#1027 = EDGE_CURVE('',#1020,#1011,#1028,.T.);
#1028 = CIRCLE('',#1029,2.502668726645);
#1029 = AXIS2_PLACEMENT_3D('',#1030,#1031,#1032);
#1030 = CARTESIAN_POINT('',(2.473145947908,-46.8,25.197213433473));
#1031 = DIRECTION('',(0.,-1.,2.22044604925E-16));
#1032 = DIRECTION('',(1.,0.,0.));
#1033 = CYLINDRICAL_SURFACE('',#1034,2.502668726645);
#1034 = AXIS2_PLACEMENT_3D('',#1035,#1036,#1037);
#1035 = CARTESIAN_POINT('',(2.473145947908,-50.,25.197213433473));
#1036 = DIRECTION('',(0.,-1.,2.22044604925E-16));
#1037 = DIRECTION('',(1.,0.,0.));
#1038 = ADVANCED_FACE('',(#1039),#1057,.T.);
#1039 = FACE_BOUND('',#1040,.T.);
#1040 = EDGE_LOOP('',(#1041,#1042,#1050,#1056));
#1041 = ORIENTED_EDGE('',*,*,#218,.F.);
#1042 = ORIENTED_EDGE('',*,*,#1043,.T.);
#1043 = EDGE_CURVE('',#211,#1044,#1046,.T.);
#1044 = VERTEX_POINT('',#1045);
#1045 = CARTESIAN_POINT('',(4.975814674553,-46.8,27.997213433473));
#1046 = LINE('',#1047,#1048);
#1047 = CARTESIAN_POINT('',(4.975814674553,-50.,27.997213433473));
#1048 = VECTOR('',#1049,1.);
#1049 = DIRECTION('',(0.,1.,-2.22044604925E-16));
#1050 = ORIENTED_EDGE('',*,*,#1051,.T.);
#1051 = EDGE_CURVE('',#1044,#1011,#1052,.T.);
#1052 = LINE('',#1053,#1054);
#1053 = CARTESIAN_POINT('',(4.975814674553,-46.8,27.998606716737));
#1054 = VECTOR('',#1055,1.);
#1055 = DIRECTION('',(0.,0.,-1.));
#1056 = ORIENTED_EDGE('',*,*,#1010,.F.);
#1057 = PLANE('',#1058);
#1058 = AXIS2_PLACEMENT_3D('',#1059,#1060,#1061);
#1059 = CARTESIAN_POINT('',(4.975814674553,-48.4,26.597213433473));
#1060 = DIRECTION('',(-1.,3.454027187723E-16,0.));
#1061 = DIRECTION('',(-3.454027187723E-16,-1.,0.));
#1062 = ADVANCED_FACE('',(#1063),#1081,.T.);
#1063 = FACE_BOUND('',#1064,.T.);
#1064 = EDGE_LOOP('',(#1065,#1066,#1074,#1080));
#1065 = ORIENTED_EDGE('',*,*,#210,.F.);
#1066 = ORIENTED_EDGE('',*,*,#1067,.T.);
#1067 = EDGE_CURVE('',#203,#1068,#1070,.T.);
#1068 = VERTEX_POINT('',#1069);
#1069 = CARTESIAN_POINT('',(-2.41853254468E-02,-46.8,27.997213433473));
#1070 = LINE('',#1071,#1072);
#1071 = CARTESIAN_POINT('',(-2.41853254468E-02,-50.,27.997213433473));
#1072 = VECTOR('',#1073,1.);
#1073 = DIRECTION('',(0.,1.,-2.22044604925E-16));
#1074 = ORIENTED_EDGE('',*,*,#1075,.T.);
#1075 = EDGE_CURVE('',#1068,#1044,#1076,.T.);
#1076 = LINE('',#1077,#1078);
#1077 = CARTESIAN_POINT('',(-24.76209266272,-46.8,27.997213433473));
#1078 = VECTOR('',#1079,1.);
#1079 = DIRECTION('',(1.,0.,0.));
#1080 = ORIENTED_EDGE('',*,*,#1043,.F.);
#1081 = PLANE('',#1082);
#1082 = AXIS2_PLACEMENT_3D('',#1083,#1084,#1085);
#1083 = CARTESIAN_POINT('',(2.475814674553,-48.4,27.997213433473));
#1084 = DIRECTION('',(-0.,-0.,-1.));
#1085 = DIRECTION('',(-1.,0.,0.));
#1086 = ADVANCED_FACE('',(#1087),#1098,.T.);
#1087 = FACE_BOUND('',#1088,.T.);
#1088 = EDGE_LOOP('',(#1089,#1090,#1091,#1097));
#1089 = ORIENTED_EDGE('',*,*,#202,.T.);
#1090 = ORIENTED_EDGE('',*,*,#1019,.T.);
#1091 = ORIENTED_EDGE('',*,*,#1092,.F.);
#1092 = EDGE_CURVE('',#1068,#1020,#1093,.T.);
#1093 = LINE('',#1094,#1095);
#1094 = CARTESIAN_POINT('',(-2.427271118677E-02,-46.8,27.951410419071));
#1095 = VECTOR('',#1096,1.);
#1096 = DIRECTION('',(-1.907856547704E-03,-0.,-0.99999818004));
#1097 = ORIENTED_EDGE('',*,*,#1067,.F.);
#1098 = PLANE('',#1099);
#1099 = AXIS2_PLACEMENT_3D('',#1100,#1101,#1102);
#1100 = CARTESIAN_POINT('',(-2.685177471369E-02,-48.4,26.599600799932));
#1101 = DIRECTION('',(0.99999818004,-5.043696071237E-16,
    -1.907856547704E-03));
#1102 = DIRECTION('',(1.907856547704E-03,-1.925929944387E-34,
    0.99999818004));
#1103 = ADVANCED_FACE('',(#1104),#1130,.F.);
#1104 = FACE_BOUND('',#1105,.F.);
#1105 = EDGE_LOOP('',(#1106,#1114,#1115,#1123));
#1106 = ORIENTED_EDGE('',*,*,#1107,.F.);
#1107 = EDGE_CURVE('',#229,#1108,#1110,.T.);
#1108 = VERTEX_POINT('',#1109);
#1109 = CARTESIAN_POINT('',(34.784993780068,-46.8,25.197653503588));
#1110 = LINE('',#1111,#1112);
#1111 = CARTESIAN_POINT('',(34.784993780068,-48.,25.197653503588));
#1112 = VECTOR('',#1113,1.);
#1113 = DIRECTION('',(0.,1.,0.));
#1114 = ORIENTED_EDGE('',*,*,#226,.F.);
#1115 = ORIENTED_EDGE('',*,*,#1116,.T.);
#1116 = EDGE_CURVE('',#227,#1117,#1119,.T.);
#1117 = VERTEX_POINT('',#1118);
#1118 = CARTESIAN_POINT('',(29.779660881534,-46.8,25.202428236505));
#1119 = LINE('',#1120,#1121);
#1120 = CARTESIAN_POINT('',(29.779660881534,-50.,25.202428236505));
#1121 = VECTOR('',#1122,1.);
#1122 = DIRECTION('',(0.,1.,-2.22044604925E-16));
#1123 = ORIENTED_EDGE('',*,*,#1124,.T.);
#1124 = EDGE_CURVE('',#1117,#1108,#1125,.T.);
#1125 = CIRCLE('',#1126,2.502668726646);
#1126 = AXIS2_PLACEMENT_3D('',#1127,#1128,#1129);
#1127 = CARTESIAN_POINT('',(32.282325053422,-46.8,25.197653503588));
#1128 = DIRECTION('',(0.,-1.,2.22044604925E-16));
#1129 = DIRECTION('',(1.,0.,0.));
#1130 = CYLINDRICAL_SURFACE('',#1131,2.502668726646);
#1131 = AXIS2_PLACEMENT_3D('',#1132,#1133,#1134);
#1132 = CARTESIAN_POINT('',(32.282325053422,-50.,25.197653503588));
#1133 = DIRECTION('',(0.,-1.,2.22044604925E-16));
#1134 = DIRECTION('',(1.,0.,0.));
#1135 = ADVANCED_FACE('',(#1136),#1154,.T.);
#1136 = FACE_BOUND('',#1137,.T.);
#1137 = EDGE_LOOP('',(#1138,#1139,#1147,#1153));
#1138 = ORIENTED_EDGE('',*,*,#253,.F.);
#1139 = ORIENTED_EDGE('',*,*,#1140,.T.);
#1140 = EDGE_CURVE('',#246,#1141,#1143,.T.);
#1141 = VERTEX_POINT('',#1142);
#1142 = CARTESIAN_POINT('',(34.784993780068,-46.8,27.997653503588));
#1143 = LINE('',#1144,#1145);
#1144 = CARTESIAN_POINT('',(34.784993780068,-48.,27.997653503588));
#1145 = VECTOR('',#1146,1.);
#1146 = DIRECTION('',(0.,1.,0.));
#1147 = ORIENTED_EDGE('',*,*,#1148,.T.);
#1148 = EDGE_CURVE('',#1141,#1108,#1149,.T.);
#1149 = LINE('',#1150,#1151);
#1150 = CARTESIAN_POINT('',(34.784993780068,-46.8,27.998826751794));
#1151 = VECTOR('',#1152,1.);
#1152 = DIRECTION('',(0.,0.,-1.));
#1153 = ORIENTED_EDGE('',*,*,#1107,.F.);
#1154 = PLANE('',#1155);
#1155 = AXIS2_PLACEMENT_3D('',#1156,#1157,#1158);
#1156 = CARTESIAN_POINT('',(34.784993780068,-48.4,26.597653503588));
#1157 = DIRECTION('',(-1.,-1.381610875089E-15,-0.));
#1158 = DIRECTION('',(1.381610875089E-15,-1.,0.));
#1159 = ADVANCED_FACE('',(#1160),#1178,.T.);
#1160 = FACE_BOUND('',#1161,.T.);
#1161 = EDGE_LOOP('',(#1162,#1163,#1171,#1177));
#1162 = ORIENTED_EDGE('',*,*,#245,.F.);
#1163 = ORIENTED_EDGE('',*,*,#1164,.T.);
#1164 = EDGE_CURVE('',#238,#1165,#1167,.T.);
#1165 = VERTEX_POINT('',#1166);
#1166 = CARTESIAN_POINT('',(29.784993780068,-46.8,27.997653503588));
#1167 = LINE('',#1168,#1169);
#1168 = CARTESIAN_POINT('',(29.784993780068,-50.,27.997653503588));
#1169 = VECTOR('',#1170,1.);
#1170 = DIRECTION('',(0.,1.,-2.22044604925E-16));
#1171 = ORIENTED_EDGE('',*,*,#1172,.T.);
#1172 = EDGE_CURVE('',#1165,#1141,#1173,.T.);
#1173 = LINE('',#1174,#1175);
#1174 = CARTESIAN_POINT('',(-9.857503109966,-46.8,27.997653503588));
#1175 = VECTOR('',#1176,1.);
#1176 = DIRECTION('',(1.,0.,0.));
#1177 = ORIENTED_EDGE('',*,*,#1140,.F.);
#1178 = PLANE('',#1179);
#1179 = AXIS2_PLACEMENT_3D('',#1180,#1181,#1182);
#1180 = CARTESIAN_POINT('',(32.284993780068,-48.4,27.997653503588));
#1181 = DIRECTION('',(-0.,-0.,-1.));
#1182 = DIRECTION('',(-1.,0.,0.));
#1183 = ADVANCED_FACE('',(#1184),#1195,.T.);
#1184 = FACE_BOUND('',#1185,.T.);
#1185 = EDGE_LOOP('',(#1186,#1187,#1188,#1194));
#1186 = ORIENTED_EDGE('',*,*,#237,.T.);
#1187 = ORIENTED_EDGE('',*,*,#1116,.T.);
#1188 = ORIENTED_EDGE('',*,*,#1189,.F.);
#1189 = EDGE_CURVE('',#1165,#1117,#1190,.T.);
#1190 = LINE('',#1191,#1192);
#1191 = CARTESIAN_POINT('',(29.78485172307,-46.8,27.923194687906));
#1192 = VECTOR('',#1193,1.);
#1193 = DIRECTION('',(-1.907856547859E-03,-0.,-0.99999818004));
#1194 = ORIENTED_EDGE('',*,*,#1164,.F.);
#1195 = PLANE('',#1196);
#1196 = AXIS2_PLACEMENT_3D('',#1197,#1198,#1199);
#1197 = CARTESIAN_POINT('',(29.782327330801,-48.4,26.600040870047));
#1198 = DIRECTION('',(0.99999818004,-6.902965658727E-16,
    -1.907856547859E-03));
#1199 = DIRECTION('',(1.907856547859E-03,0.,0.99999818004));
#1200 = ADVANCED_FACE('',(#1201),#1220,.T.);
#1201 = FACE_BOUND('',#1202,.F.);
#1202 = EDGE_LOOP('',(#1203,#1204,#1205,#1213));
#1203 = ORIENTED_EDGE('',*,*,#309,.F.);
#1204 = ORIENTED_EDGE('',*,*,#268,.T.);
#1205 = ORIENTED_EDGE('',*,*,#1206,.T.);
#1206 = EDGE_CURVE('',#269,#1207,#1209,.T.);
#1207 = VERTEX_POINT('',#1208);
#1208 = CARTESIAN_POINT('',(56.,-42.,-2.));
#1209 = LINE('',#1210,#1211);
#1210 = CARTESIAN_POINT('',(56.75,-42.,-1.25));
#1211 = VECTOR('',#1212,1.);
#1212 = DIRECTION('',(-0.707106781187,0.,-0.707106781187));
#1213 = ORIENTED_EDGE('',*,*,#1214,.F.);
#1214 = EDGE_CURVE('',#310,#1207,#1215,.T.);
#1215 = CIRCLE('',#1216,6.5);
#1216 = AXIS2_PLACEMENT_3D('',#1217,#1218,#1219);
#1217 = CARTESIAN_POINT('',(49.5,-42.,-2.));
#1218 = DIRECTION('',(-0.,0.,1.));
#1219 = DIRECTION('',(0.,-1.,0.));
#1220 = CONICAL_SURFACE('',#1221,8.,0.785398163397);
#1221 = AXIS2_PLACEMENT_3D('',#1222,#1223,#1224);
#1222 = CARTESIAN_POINT('',(49.5,-42.,-0.5));
#1223 = DIRECTION('',(0.,0.,1.));
#1224 = DIRECTION('',(0.,-1.,0.));
#1225 = ADVANCED_FACE('',(#1226),#1244,.T.);
#1226 = FACE_BOUND('',#1227,.T.);
#1227 = EDGE_LOOP('',(#1228,#1229,#1237,#1243));
#1228 = ORIENTED_EDGE('',*,*,#277,.T.);
#1229 = ORIENTED_EDGE('',*,*,#1230,.T.);
#1230 = EDGE_CURVE('',#269,#1231,#1233,.T.);
#1231 = VERTEX_POINT('',#1232);
#1232 = CARTESIAN_POINT('',(57.5,53.,-0.5));
#1233 = LINE('',#1234,#1235);
#1234 = CARTESIAN_POINT('',(57.5,-42.,-0.5));
#1235 = VECTOR('',#1236,1.);
#1236 = DIRECTION('',(0.,1.,0.));
#1237 = ORIENTED_EDGE('',*,*,#1238,.F.);
#1238 = EDGE_CURVE('',#572,#1231,#1239,.T.);
#1239 = LINE('',#1240,#1241);
#1240 = CARTESIAN_POINT('',(57.5,53.,28.));
#1241 = VECTOR('',#1242,1.);
#1242 = DIRECTION('',(-0.,-0.,-1.));
#1243 = ORIENTED_EDGE('',*,*,#571,.F.);
#1244 = PLANE('',#1245);
#1245 = AXIS2_PLACEMENT_3D('',#1246,#1247,#1248);
#1246 = CARTESIAN_POINT('',(57.5,-42.,28.));
#1247 = DIRECTION('',(1.,0.,0.));
#1248 = DIRECTION('',(0.,1.,0.));
#1249 = ADVANCED_FACE('',(#1250),#1269,.T.);
#1250 = FACE_BOUND('',#1251,.F.);
#1251 = EDGE_LOOP('',(#1252,#1260,#1261,#1262));
#1252 = ORIENTED_EDGE('',*,*,#1253,.F.);
#1253 = EDGE_CURVE('',#629,#1254,#1256,.T.);
#1254 = VERTEX_POINT('',#1255);
#1255 = CARTESIAN_POINT('',(-56.,-42.,-2.));
#1256 = LINE('',#1257,#1258);
#1257 = CARTESIAN_POINT('',(-56.75,-42.,-1.25));
#1258 = VECTOR('',#1259,1.);
#1259 = DIRECTION('',(0.707106781187,0.,-0.707106781187));
#1260 = ORIENTED_EDGE('',*,*,#636,.T.);
#1261 = ORIENTED_EDGE('',*,*,#300,.T.);
#1262 = ORIENTED_EDGE('',*,*,#1263,.F.);
#1263 = EDGE_CURVE('',#1254,#301,#1264,.T.);
#1264 = CIRCLE('',#1265,6.5);
#1265 = AXIS2_PLACEMENT_3D('',#1266,#1267,#1268);
#1266 = CARTESIAN_POINT('',(-49.5,-42.,-2.));
#1267 = DIRECTION('',(0.,0.,1.));
#1268 = DIRECTION('',(-1.,5.329070518201E-15,0.));
#1269 = CONICAL_SURFACE('',#1270,8.,0.785398163397);
#1270 = AXIS2_PLACEMENT_3D('',#1271,#1272,#1273);
#1271 = CARTESIAN_POINT('',(-49.5,-42.,-0.5));
#1272 = DIRECTION('',(0.,0.,1.));
#1273 = DIRECTION('',(-1.,5.329070518201E-15,0.));
#1274 = ADVANCED_FACE('',(#1275,#1320,#1331,#1342,#1353,#1364,#1375),
  #1409,.F.);
#1275 = FACE_BOUND('',#1276,.F.);
#1276 = EDGE_LOOP('',(#1277,#1285,#1294,#1302,#1311,#1317,#1318,#1319));
#1277 = ORIENTED_EDGE('',*,*,#1278,.T.);
#1278 = EDGE_CURVE('',#1207,#1279,#1281,.T.);
#1279 = VERTEX_POINT('',#1280);
#1280 = CARTESIAN_POINT('',(56.,53.,-2.));
#1281 = LINE('',#1282,#1283);
#1282 = CARTESIAN_POINT('',(56.,-42.,-2.));
#1283 = VECTOR('',#1284,1.);
#1284 = DIRECTION('',(0.,1.,0.));
#1285 = ORIENTED_EDGE('',*,*,#1286,.T.);
#1286 = EDGE_CURVE('',#1279,#1287,#1289,.T.);
#1287 = VERTEX_POINT('',#1288);
#1288 = CARTESIAN_POINT('',(49.5,59.5,-2.));
#1289 = CIRCLE('',#1290,6.5);
#1290 = AXIS2_PLACEMENT_3D('',#1291,#1292,#1293);
#1291 = CARTESIAN_POINT('',(49.5,53.,-2.));
#1292 = DIRECTION('',(0.,0.,1.));
#1293 = DIRECTION('',(1.,0.,0.));
#1294 = ORIENTED_EDGE('',*,*,#1295,.T.);
#1295 = EDGE_CURVE('',#1287,#1296,#1298,.T.);
#1296 = VERTEX_POINT('',#1297);
#1297 = CARTESIAN_POINT('',(-49.5,59.5,-2.));
#1298 = LINE('',#1299,#1300);
#1299 = CARTESIAN_POINT('',(49.5,59.5,-2.));
#1300 = VECTOR('',#1301,1.);
#1301 = DIRECTION('',(-1.,0.,0.));
#1302 = ORIENTED_EDGE('',*,*,#1303,.T.);
#1303 = EDGE_CURVE('',#1296,#1304,#1306,.T.);
#1304 = VERTEX_POINT('',#1305);
#1305 = CARTESIAN_POINT('',(-56.,53.,-2.));
#1306 = CIRCLE('',#1307,6.5);
#1307 = AXIS2_PLACEMENT_3D('',#1308,#1309,#1310);
#1308 = CARTESIAN_POINT('',(-49.5,53.,-2.));
#1309 = DIRECTION('',(0.,-0.,1.));
#1310 = DIRECTION('',(0.,1.,0.));
#1311 = ORIENTED_EDGE('',*,*,#1312,.T.);
#1312 = EDGE_CURVE('',#1304,#1254,#1313,.T.);
#1313 = LINE('',#1314,#1315);
#1314 = CARTESIAN_POINT('',(-56.,53.,-2.));
#1315 = VECTOR('',#1316,1.);
#1316 = DIRECTION('',(0.,-1.,0.));
#1317 = ORIENTED_EDGE('',*,*,#1263,.T.);
#1318 = ORIENTED_EDGE('',*,*,#317,.T.);
#1319 = ORIENTED_EDGE('',*,*,#1214,.T.);
#1320 = FACE_BOUND('',#1321,.F.);
#1321 = EDGE_LOOP('',(#1322));
#1322 = ORIENTED_EDGE('',*,*,#1323,.F.);
#1323 = EDGE_CURVE('',#1324,#1324,#1326,.T.);
#1324 = VERTEX_POINT('',#1325);
#1325 = CARTESIAN_POINT('',(-26.5,-33.875,-2.));
#1326 = CIRCLE('',#1327,3.5);
#1327 = AXIS2_PLACEMENT_3D('',#1328,#1329,#1330);
#1328 = CARTESIAN_POINT('',(-30.,-33.875,-2.));
#1329 = DIRECTION('',(0.,0.,1.));
#1330 = DIRECTION('',(1.,0.,0.));
#1331 = FACE_BOUND('',#1332,.F.);
#1332 = EDGE_LOOP('',(#1333));
#1333 = ORIENTED_EDGE('',*,*,#1334,.F.);
#1334 = EDGE_CURVE('',#1335,#1335,#1337,.T.);
#1335 = VERTEX_POINT('',#1336);
#1336 = CARTESIAN_POINT('',(-11.5,-41.375,-2.));
#1337 = CIRCLE('',#1338,3.5);
#1338 = AXIS2_PLACEMENT_3D('',#1339,#1340,#1341);
#1339 = CARTESIAN_POINT('',(-15.,-41.375,-2.));
#1340 = DIRECTION('',(0.,0.,1.));
#1341 = DIRECTION('',(1.,0.,0.));
#1342 = FACE_BOUND('',#1343,.F.);
#1343 = EDGE_LOOP('',(#1344));
#1344 = ORIENTED_EDGE('',*,*,#1345,.F.);
#1345 = EDGE_CURVE('',#1346,#1346,#1348,.T.);
#1346 = VERTEX_POINT('',#1347);
#1347 = CARTESIAN_POINT('',(-11.5,-26.375,-2.));
#1348 = CIRCLE('',#1349,3.5);
#1349 = AXIS2_PLACEMENT_3D('',#1350,#1351,#1352);
#1350 = CARTESIAN_POINT('',(-15.,-26.375,-2.));
#1351 = DIRECTION('',(0.,0.,1.));
#1352 = DIRECTION('',(1.,0.,0.));
#1353 = FACE_BOUND('',#1354,.F.);
#1354 = EDGE_LOOP('',(#1355));
#1355 = ORIENTED_EDGE('',*,*,#1356,.F.);
#1356 = EDGE_CURVE('',#1357,#1357,#1359,.T.);
#1357 = VERTEX_POINT('',#1358);
#1358 = CARTESIAN_POINT('',(3.5,-33.875,-2.));
#1359 = CIRCLE('',#1360,3.5);
#1360 = AXIS2_PLACEMENT_3D('',#1361,#1362,#1363);
#1361 = CARTESIAN_POINT('',(-3.685531714794E-31,-33.875,-2.));
#1362 = DIRECTION('',(0.,0.,1.));
#1363 = DIRECTION('',(1.,0.,0.));
#1364 = FACE_BOUND('',#1365,.F.);
#1365 = EDGE_LOOP('',(#1366));
#1366 = ORIENTED_EDGE('',*,*,#1367,.F.);
#1367 = EDGE_CURVE('',#1368,#1368,#1370,.T.);
#1368 = VERTEX_POINT('',#1369);
#1369 = CARTESIAN_POINT('',(33.5,-33.875,-2.));
#1370 = CIRCLE('',#1371,3.5);
#1371 = AXIS2_PLACEMENT_3D('',#1372,#1373,#1374);
#1372 = CARTESIAN_POINT('',(30.,-33.875,-2.));
#1373 = DIRECTION('',(0.,0.,1.));
#1374 = DIRECTION('',(1.,0.,0.));
#1375 = FACE_BOUND('',#1376,.F.);
#1376 = EDGE_LOOP('',(#1377,#1387,#1395,#1403));
#1377 = ORIENTED_EDGE('',*,*,#1378,.F.);
#1378 = EDGE_CURVE('',#1379,#1381,#1383,.T.);
#1379 = VERTEX_POINT('',#1380);
#1380 = CARTESIAN_POINT('',(-38.5,-12.,-2.));
#1381 = VERTEX_POINT('',#1382);
#1382 = CARTESIAN_POINT('',(38.5,-12.,-2.));
#1383 = LINE('',#1384,#1385);
#1384 = CARTESIAN_POINT('',(-37.5,-12.,-2.));
#1385 = VECTOR('',#1386,1.);
#1386 = DIRECTION('',(1.,0.,0.));
#1387 = ORIENTED_EDGE('',*,*,#1388,.F.);
#1388 = EDGE_CURVE('',#1389,#1379,#1391,.T.);
#1389 = VERTEX_POINT('',#1390);
#1390 = CARTESIAN_POINT('',(-38.5,40.,-2.));
#1391 = LINE('',#1392,#1393);
#1392 = CARTESIAN_POINT('',(-38.5,39.,-2.));
#1393 = VECTOR('',#1394,1.);
#1394 = DIRECTION('',(0.,-1.,0.));
#1395 = ORIENTED_EDGE('',*,*,#1396,.F.);
#1396 = EDGE_CURVE('',#1397,#1389,#1399,.T.);
#1397 = VERTEX_POINT('',#1398);
#1398 = CARTESIAN_POINT('',(38.5,40.,-2.));
#1399 = LINE('',#1400,#1401);
#1400 = CARTESIAN_POINT('',(37.5,40.,-2.));
#1401 = VECTOR('',#1402,1.);
#1402 = DIRECTION('',(-1.,0.,0.));
#1403 = ORIENTED_EDGE('',*,*,#1404,.F.);
#1404 = EDGE_CURVE('',#1381,#1397,#1405,.T.);
#1405 = LINE('',#1406,#1407);
#1406 = CARTESIAN_POINT('',(38.5,-11.,-2.));
#1407 = VECTOR('',#1408,1.);
#1408 = DIRECTION('',(0.,1.,0.));
#1409 = PLANE('',#1410);
#1410 = AXIS2_PLACEMENT_3D('',#1411,#1412,#1413);
#1411 = CARTESIAN_POINT('',(2.645059241065E-15,8.590040478689,-2.));
#1412 = DIRECTION('',(0.,0.,1.));
#1413 = DIRECTION('',(1.,0.,0.));
#1414 = ADVANCED_FACE('',(#1415,#1528,#1534,#1540,#1546),#1552,.T.);
#1415 = FACE_BOUND('',#1416,.T.);
#1416 = EDGE_LOOP('',(#1417,#1418,#1419,#1420,#1421,#1422,#1423,#1424,
    #1425,#1426,#1434,#1442,#1450,#1458,#1466,#1474,#1482,#1490,#1498,
    #1506,#1514,#1522));
#1417 = ORIENTED_EDGE('',*,*,#340,.T.);
#1418 = ORIENTED_EDGE('',*,*,#711,.T.);
#1419 = ORIENTED_EDGE('',*,*,#760,.T.);
#1420 = ORIENTED_EDGE('',*,*,#801,.F.);
#1421 = ORIENTED_EDGE('',*,*,#776,.T.);
#1422 = ORIENTED_EDGE('',*,*,#728,.T.);
#1423 = ORIENTED_EDGE('',*,*,#687,.T.);
#1424 = ORIENTED_EDGE('',*,*,#655,.F.);
#1425 = ORIENTED_EDGE('',*,*,#555,.T.);
#1426 = ORIENTED_EDGE('',*,*,#1427,.T.);
#1427 = EDGE_CURVE('',#548,#1428,#1430,.T.);
#1428 = VERTEX_POINT('',#1429);
#1429 = CARTESIAN_POINT('',(49.519750148561,-46.8,28.));
#1430 = LINE('',#1431,#1432);
#1431 = CARTESIAN_POINT('',(45.5,-46.8,28.));
#1432 = VECTOR('',#1433,1.);
#1433 = DIRECTION('',(1.,0.,0.));
#1434 = ORIENTED_EDGE('',*,*,#1435,.T.);
#1435 = EDGE_CURVE('',#1428,#1436,#1438,.T.);
#1436 = VERTEX_POINT('',#1437);
#1437 = CARTESIAN_POINT('',(49.519750148561,-46.8,0.));
#1438 = LINE('',#1439,#1440);
#1439 = CARTESIAN_POINT('',(49.519750148561,-46.8,0.));
#1440 = VECTOR('',#1441,1.);
#1441 = DIRECTION('',(-0.,-0.,-1.));
#1442 = ORIENTED_EDGE('',*,*,#1443,.T.);
#1443 = EDGE_CURVE('',#1436,#1444,#1446,.T.);
#1444 = VERTEX_POINT('',#1445);
#1445 = CARTESIAN_POINT('',(44.17825,-46.8,0.));
#1446 = LINE('',#1447,#1448);
#1447 = CARTESIAN_POINT('',(-24.75,-46.8,0.));
#1448 = VECTOR('',#1449,1.);
#1449 = DIRECTION('',(-1.,0.,0.));
#1450 = ORIENTED_EDGE('',*,*,#1451,.T.);
#1451 = EDGE_CURVE('',#1444,#1452,#1454,.T.);
#1452 = VERTEX_POINT('',#1453);
#1453 = CARTESIAN_POINT('',(44.17825,-46.8,16.6));
#1454 = LINE('',#1455,#1456);
#1455 = CARTESIAN_POINT('',(44.17825,-46.8,0.));
#1456 = VECTOR('',#1457,1.);
#1457 = DIRECTION('',(0.,0.,1.));
#1458 = ORIENTED_EDGE('',*,*,#1459,.T.);
#1459 = EDGE_CURVE('',#1452,#1460,#1462,.T.);
#1460 = VERTEX_POINT('',#1461);
#1461 = CARTESIAN_POINT('',(40.97825,-46.8,16.6));
#1462 = LINE('',#1463,#1464);
#1463 = CARTESIAN_POINT('',(20.566933090193,-46.8,16.6));
#1464 = VECTOR('',#1465,1.);
#1465 = DIRECTION('',(-1.,0.,0.));
#1466 = ORIENTED_EDGE('',*,*,#1467,.F.);
#1467 = EDGE_CURVE('',#1468,#1460,#1470,.T.);
#1468 = VERTEX_POINT('',#1469);
#1469 = CARTESIAN_POINT('',(40.97825,-46.8,0.));
#1470 = LINE('',#1471,#1472);
#1471 = CARTESIAN_POINT('',(40.97825,-46.8,0.));
#1472 = VECTOR('',#1473,1.);
#1473 = DIRECTION('',(0.,0.,1.));
#1474 = ORIENTED_EDGE('',*,*,#1475,.T.);
#1475 = EDGE_CURVE('',#1468,#1476,#1478,.T.);
#1476 = VERTEX_POINT('',#1477);
#1477 = CARTESIAN_POINT('',(-40.02275,-46.8,0.));
#1478 = LINE('',#1479,#1480);
#1479 = CARTESIAN_POINT('',(-24.75,-46.8,0.));
#1480 = VECTOR('',#1481,1.);
#1481 = DIRECTION('',(-1.,0.,0.));
#1482 = ORIENTED_EDGE('',*,*,#1483,.T.);
#1483 = EDGE_CURVE('',#1476,#1484,#1486,.T.);
#1484 = VERTEX_POINT('',#1485);
#1485 = CARTESIAN_POINT('',(-40.02275,-46.8,16.6));
#1486 = LINE('',#1487,#1488);
#1487 = CARTESIAN_POINT('',(-40.02275,-46.8,0.));
#1488 = VECTOR('',#1489,1.);
#1489 = DIRECTION('',(0.,0.,1.));
#1490 = ORIENTED_EDGE('',*,*,#1491,.T.);
#1491 = EDGE_CURVE('',#1484,#1492,#1494,.T.);
#1492 = VERTEX_POINT('',#1493);
#1493 = CARTESIAN_POINT('',(-43.22275,-46.8,16.6));
#1494 = LINE('',#1495,#1496);
#1495 = CARTESIAN_POINT('',(-21.5335669098,-46.8,16.6));
#1496 = VECTOR('',#1497,1.);
#1497 = DIRECTION('',(-1.,0.,0.));
#1498 = ORIENTED_EDGE('',*,*,#1499,.F.);
#1499 = EDGE_CURVE('',#1500,#1492,#1502,.T.);
#1500 = VERTEX_POINT('',#1501);
#1501 = CARTESIAN_POINT('',(-43.22275,-46.8,0.));
#1502 = LINE('',#1503,#1504);
#1503 = CARTESIAN_POINT('',(-43.22275,-46.8,0.));
#1504 = VECTOR('',#1505,1.);
#1505 = DIRECTION('',(0.,0.,1.));
#1506 = ORIENTED_EDGE('',*,*,#1507,.F.);
#1507 = EDGE_CURVE('',#1508,#1500,#1510,.T.);
#1508 = VERTEX_POINT('',#1509);
#1509 = CARTESIAN_POINT('',(-49.51975014856,-46.8,0.));
#1510 = LINE('',#1511,#1512);
#1511 = CARTESIAN_POINT('',(-53.5,-46.8,0.));
#1512 = VECTOR('',#1513,1.);
#1513 = DIRECTION('',(1.,0.,0.));
#1514 = ORIENTED_EDGE('',*,*,#1515,.F.);
#1515 = EDGE_CURVE('',#1516,#1508,#1518,.T.);
#1516 = VERTEX_POINT('',#1517);
#1517 = CARTESIAN_POINT('',(-49.51975014856,-46.8,28.));
#1518 = LINE('',#1519,#1520);
#1519 = CARTESIAN_POINT('',(-49.51975014856,-46.8,0.));
#1520 = VECTOR('',#1521,1.);
#1521 = DIRECTION('',(-0.,-0.,-1.));
#1522 = ORIENTED_EDGE('',*,*,#1523,.T.);
#1523 = EDGE_CURVE('',#1516,#341,#1524,.T.);
#1524 = LINE('',#1525,#1526);
#1525 = CARTESIAN_POINT('',(-53.5,-46.8,28.));
#1526 = VECTOR('',#1527,1.);
#1527 = DIRECTION('',(1.,0.,0.));
#1528 = FACE_BOUND('',#1529,.T.);
#1529 = EDGE_LOOP('',(#1530,#1531,#1532,#1533));
#1530 = ORIENTED_EDGE('',*,*,#930,.T.);
#1531 = ORIENTED_EDGE('',*,*,#954,.F.);
#1532 = ORIENTED_EDGE('',*,*,#978,.F.);
#1533 = ORIENTED_EDGE('',*,*,#995,.T.);
#1534 = FACE_BOUND('',#1535,.T.);
#1535 = EDGE_LOOP('',(#1536,#1537,#1538,#1539));
#1536 = ORIENTED_EDGE('',*,*,#1124,.T.);
#1537 = ORIENTED_EDGE('',*,*,#1148,.F.);
#1538 = ORIENTED_EDGE('',*,*,#1172,.F.);
#1539 = ORIENTED_EDGE('',*,*,#1189,.T.);
#1540 = FACE_BOUND('',#1541,.T.);
#1541 = EDGE_LOOP('',(#1542,#1543,#1544,#1545));
#1542 = ORIENTED_EDGE('',*,*,#1027,.T.);
#1543 = ORIENTED_EDGE('',*,*,#1051,.F.);
#1544 = ORIENTED_EDGE('',*,*,#1075,.F.);
#1545 = ORIENTED_EDGE('',*,*,#1092,.T.);
#1546 = FACE_BOUND('',#1547,.T.);
#1547 = EDGE_LOOP('',(#1548,#1549,#1550,#1551));
#1548 = ORIENTED_EDGE('',*,*,#833,.T.);
#1549 = ORIENTED_EDGE('',*,*,#857,.F.);
#1550 = ORIENTED_EDGE('',*,*,#881,.F.);
#1551 = ORIENTED_EDGE('',*,*,#898,.T.);
#1552 = PLANE('',#1553);
#1553 = AXIS2_PLACEMENT_3D('',#1554,#1555,#1556);
#1554 = CARTESIAN_POINT('',(0.222025234733,-46.8,13.629601951225));
#1555 = DIRECTION('',(0.,1.,0.));
#1556 = DIRECTION('',(0.,0.,1.));
#1557 = ADVANCED_FACE('',(#1558,#1594),#1605,.T.);
#1558 = FACE_BOUND('',#1559,.T.);
#1559 = EDGE_LOOP('',(#1560,#1561,#1562,#1563,#1572,#1579,#1588));
#1560 = ORIENTED_EDGE('',*,*,#356,.T.);
#1561 = ORIENTED_EDGE('',*,*,#348,.T.);
#1562 = ORIENTED_EDGE('',*,*,#1523,.F.);
#1563 = ORIENTED_EDGE('',*,*,#1564,.F.);
#1564 = EDGE_CURVE('',#1565,#1516,#1567,.T.);
#1565 = VERTEX_POINT('',#1566);
#1566 = CARTESIAN_POINT('',(-47.76776695296,-43.76776695296,28.));
#1567 = CIRCLE('',#1568,3.5);
#1568 = AXIS2_PLACEMENT_3D('',#1569,#1570,#1571);
#1569 = CARTESIAN_POINT('',(-51.26776695296,-43.76776695296,28.));
#1570 = DIRECTION('',(0.,0.,-1.));
#1571 = DIRECTION('',(1.,0.,0.));
#1572 = ORIENTED_EDGE('',*,*,#1573,.F.);
#1573 = EDGE_CURVE('',#366,#1565,#1574,.T.);
#1574 = CIRCLE('',#1575,3.5);
#1575 = AXIS2_PLACEMENT_3D('',#1576,#1577,#1578);
#1576 = CARTESIAN_POINT('',(-51.26776695296,-43.76776695296,28.));
#1577 = DIRECTION('',(0.,0.,-1.));
#1578 = DIRECTION('',(1.,0.,0.));
#1579 = ORIENTED_EDGE('',*,*,#1580,.F.);
#1580 = EDGE_CURVE('',#1581,#366,#1583,.T.);
#1581 = VERTEX_POINT('',#1582);
#1582 = CARTESIAN_POINT('',(-53.01578375737,-46.8,28.));
#1583 = CIRCLE('',#1584,3.5);
#1584 = AXIS2_PLACEMENT_3D('',#1585,#1586,#1587);
#1585 = CARTESIAN_POINT('',(-51.26776695296,-43.76776695296,28.));
#1586 = DIRECTION('',(0.,0.,-1.));
#1587 = DIRECTION('',(1.,0.,0.));
#1588 = ORIENTED_EDGE('',*,*,#1589,.F.);
#1589 = EDGE_CURVE('',#357,#1581,#1590,.T.);
#1590 = LINE('',#1591,#1592);
#1591 = CARTESIAN_POINT('',(-53.5,-46.8,28.));
#1592 = VECTOR('',#1593,1.);
#1593 = DIRECTION('',(1.,0.,0.));
#1594 = FACE_BOUND('',#1595,.T.);
#1595 = EDGE_LOOP('',(#1596));
#1596 = ORIENTED_EDGE('',*,*,#1597,.F.);
#1597 = EDGE_CURVE('',#1598,#1598,#1600,.T.);
#1598 = VERTEX_POINT('',#1599);
#1599 = CARTESIAN_POINT('',(-50.01776695296,-43.76776695296,28.));
#1600 = CIRCLE('',#1601,1.25);
#1601 = AXIS2_PLACEMENT_3D('',#1602,#1603,#1604);
#1602 = CARTESIAN_POINT('',(-51.26776695296,-43.76776695296,28.));
#1603 = DIRECTION('',(0.,0.,1.));
#1604 = DIRECTION('',(1.,0.,0.));
#1605 = PLANE('',#1606);
#1606 = AXIS2_PLACEMENT_3D('',#1607,#1608,#1609);
#1607 = CARTESIAN_POINT('',(-51.12163023077,-44.27099934032,28.));
#1608 = DIRECTION('',(0.,0.,1.));
#1609 = DIRECTION('',(1.,0.,0.));
#1610 = ADVANCED_FACE('',(#1611),#1647,.F.);
#1611 = FACE_BOUND('',#1612,.F.);
#1612 = EDGE_LOOP('',(#1613,#1621,#1622,#1623,#1631,#1640));
#1613 = ORIENTED_EDGE('',*,*,#1614,.T.);
#1614 = EDGE_CURVE('',#1615,#357,#1617,.T.);
#1615 = VERTEX_POINT('',#1616);
#1616 = CARTESIAN_POINT('',(-53.1,-46.8,0.));
#1617 = LINE('',#1618,#1619);
#1618 = CARTESIAN_POINT('',(-53.1,-46.8,28.));
#1619 = VECTOR('',#1620,1.);
#1620 = DIRECTION('',(0.,0.,1.));
#1621 = ORIENTED_EDGE('',*,*,#365,.F.);
#1622 = ORIENTED_EDGE('',*,*,#374,.F.);
#1623 = ORIENTED_EDGE('',*,*,#1624,.T.);
#1624 = EDGE_CURVE('',#375,#1625,#1627,.T.);
#1625 = VERTEX_POINT('',#1626);
#1626 = CARTESIAN_POINT('',(-55.5,-42.,0.));
#1627 = LINE('',#1628,#1629);
#1628 = CARTESIAN_POINT('',(-55.5,-42.,28.));
#1629 = VECTOR('',#1630,1.);
#1630 = DIRECTION('',(-0.,-0.,-1.));
#1631 = ORIENTED_EDGE('',*,*,#1632,.T.);
#1632 = EDGE_CURVE('',#1625,#1633,#1635,.T.);
#1633 = VERTEX_POINT('',#1634);
#1634 = CARTESIAN_POINT('',(-53.7426407231,-46.24264065113,0.));
#1635 = CIRCLE('',#1636,6.);
#1636 = AXIS2_PLACEMENT_3D('',#1637,#1638,#1639);
#1637 = CARTESIAN_POINT('',(-49.5,-42.,0.));
#1638 = DIRECTION('',(0.,0.,1.));
#1639 = DIRECTION('',(1.,0.,0.));
#1640 = ORIENTED_EDGE('',*,*,#1641,.T.);
#1641 = EDGE_CURVE('',#1633,#1615,#1642,.T.);
#1642 = CIRCLE('',#1643,6.);
#1643 = AXIS2_PLACEMENT_3D('',#1644,#1645,#1646);
#1644 = CARTESIAN_POINT('',(-49.5,-42.,0.));
#1645 = DIRECTION('',(0.,0.,1.));
#1646 = DIRECTION('',(1.,0.,0.));
#1647 = CYLINDRICAL_SURFACE('',#1648,6.);
#1648 = AXIS2_PLACEMENT_3D('',#1649,#1650,#1651);
#1649 = CARTESIAN_POINT('',(-49.5,-42.,28.));
#1650 = DIRECTION('',(0.,0.,1.));
#1651 = DIRECTION('',(1.,0.,0.));
#1652 = ADVANCED_FACE('',(#1653),#1815,.F.);
#1653 = FACE_BOUND('',#1654,.F.);
#1654 = EDGE_LOOP('',(#1655,#1663,#1664,#1665,#1673,#1681,#1689,#1697,
    #1705,#1713,#1721,#1729,#1737,#1745,#1753,#1761,#1769,#1777,#1785,
    #1793,#1801,#1809));
#1655 = ORIENTED_EDGE('',*,*,#1656,.F.);
#1656 = EDGE_CURVE('',#1625,#1657,#1659,.T.);
#1657 = VERTEX_POINT('',#1658);
#1658 = CARTESIAN_POINT('',(-55.5,-24.79228,0.));
#1659 = LINE('',#1660,#1661);
#1660 = CARTESIAN_POINT('',(-55.5,30.795020239345,0.));
#1661 = VECTOR('',#1662,1.);
#1662 = DIRECTION('',(0.,1.,0.));
#1663 = ORIENTED_EDGE('',*,*,#1624,.F.);
#1664 = ORIENTED_EDGE('',*,*,#383,.F.);
#1665 = ORIENTED_EDGE('',*,*,#1666,.T.);
#1666 = EDGE_CURVE('',#384,#1667,#1669,.T.);
#1667 = VERTEX_POINT('',#1668);
#1668 = CARTESIAN_POINT('',(-55.5,53.,16.6));
#1669 = LINE('',#1670,#1671);
#1670 = CARTESIAN_POINT('',(-55.5,53.,28.));
#1671 = VECTOR('',#1672,1.);
#1672 = DIRECTION('',(-0.,-0.,-1.));
#1673 = ORIENTED_EDGE('',*,*,#1674,.F.);
#1674 = EDGE_CURVE('',#1675,#1667,#1677,.T.);
#1675 = VERTEX_POINT('',#1676);
#1676 = CARTESIAN_POINT('',(-55.5,50.97592,16.6));
#1677 = LINE('',#1678,#1679);
#1678 = CARTESIAN_POINT('',(-55.5,34.201236918524,16.6));
#1679 = VECTOR('',#1680,1.);
#1680 = DIRECTION('',(0.,1.,0.));
#1681 = ORIENTED_EDGE('',*,*,#1682,.F.);
#1682 = EDGE_CURVE('',#1683,#1675,#1685,.T.);
#1683 = VERTEX_POINT('',#1684);
#1684 = CARTESIAN_POINT('',(-55.5,50.97592,0.));
#1685 = LINE('',#1686,#1687);
#1686 = CARTESIAN_POINT('',(-55.5,50.97592,0.));
#1687 = VECTOR('',#1688,1.);
#1688 = DIRECTION('',(0.,0.,1.));
#1689 = ORIENTED_EDGE('',*,*,#1690,.F.);
#1690 = EDGE_CURVE('',#1691,#1683,#1693,.T.);
#1691 = VERTEX_POINT('',#1692);
#1692 = CARTESIAN_POINT('',(-55.5,38.65,0.));
#1693 = LINE('',#1694,#1695);
#1694 = CARTESIAN_POINT('',(-55.5,30.795020239345,0.));
#1695 = VECTOR('',#1696,1.);
#1696 = DIRECTION('',(0.,1.,0.));
#1697 = ORIENTED_EDGE('',*,*,#1698,.T.);
#1698 = EDGE_CURVE('',#1691,#1699,#1701,.T.);
#1699 = VERTEX_POINT('',#1700);
#1700 = CARTESIAN_POINT('',(-55.5,38.65,4.8));
#1701 = LINE('',#1702,#1703);
#1702 = CARTESIAN_POINT('',(-55.5,38.65,0.));
#1703 = VECTOR('',#1704,1.);
#1704 = DIRECTION('',(0.,0.,1.));
#1705 = ORIENTED_EDGE('',*,*,#1706,.T.);
#1706 = EDGE_CURVE('',#1699,#1707,#1709,.T.);
#1707 = VERTEX_POINT('',#1708);
#1708 = CARTESIAN_POINT('',(-55.5,37.45,4.8));
#1709 = LINE('',#1710,#1711);
#1710 = CARTESIAN_POINT('',(-55.5,38.65,4.8));
#1711 = VECTOR('',#1712,1.);
#1712 = DIRECTION('',(0.,-1.,0.));
#1713 = ORIENTED_EDGE('',*,*,#1714,.F.);
#1714 = EDGE_CURVE('',#1715,#1707,#1717,.T.);
#1715 = VERTEX_POINT('',#1716);
#1716 = CARTESIAN_POINT('',(-55.5,37.45,0.));
#1717 = LINE('',#1718,#1719);
#1718 = CARTESIAN_POINT('',(-55.5,37.45,0.));
#1719 = VECTOR('',#1720,1.);
#1720 = DIRECTION('',(0.,0.,1.));
#1721 = ORIENTED_EDGE('',*,*,#1722,.F.);
#1722 = EDGE_CURVE('',#1723,#1715,#1725,.T.);
#1723 = VERTEX_POINT('',#1724);
#1724 = CARTESIAN_POINT('',(-55.5,-9.75,0.));
#1725 = LINE('',#1726,#1727);
#1726 = CARTESIAN_POINT('',(-55.5,30.795020239345,0.));
#1727 = VECTOR('',#1728,1.);
#1728 = DIRECTION('',(0.,1.,0.));
#1729 = ORIENTED_EDGE('',*,*,#1730,.T.);
#1730 = EDGE_CURVE('',#1723,#1731,#1733,.T.);
#1731 = VERTEX_POINT('',#1732);
#1732 = CARTESIAN_POINT('',(-55.5,-9.75,4.8));
#1733 = LINE('',#1734,#1735);
#1734 = CARTESIAN_POINT('',(-55.5,-9.75,0.));
#1735 = VECTOR('',#1736,1.);
#1736 = DIRECTION('',(0.,0.,1.));
#1737 = ORIENTED_EDGE('',*,*,#1738,.T.);
#1738 = EDGE_CURVE('',#1731,#1739,#1741,.T.);
#1739 = VERTEX_POINT('',#1740);
#1740 = CARTESIAN_POINT('',(-55.5,-10.95,4.8));
#1741 = LINE('',#1742,#1743);
#1742 = CARTESIAN_POINT('',(-55.5,-9.75,4.8));
#1743 = VECTOR('',#1744,1.);
#1744 = DIRECTION('',(0.,-1.,0.));
#1745 = ORIENTED_EDGE('',*,*,#1746,.F.);
#1746 = EDGE_CURVE('',#1747,#1739,#1749,.T.);
#1747 = VERTEX_POINT('',#1748);
#1748 = CARTESIAN_POINT('',(-55.5,-10.95,0.));
#1749 = LINE('',#1750,#1751);
#1750 = CARTESIAN_POINT('',(-55.5,-10.95,0.));
#1751 = VECTOR('',#1752,1.);
#1752 = DIRECTION('',(0.,0.,1.));
#1753 = ORIENTED_EDGE('',*,*,#1754,.F.);
#1754 = EDGE_CURVE('',#1755,#1747,#1757,.T.);
#1755 = VERTEX_POINT('',#1756);
#1756 = CARTESIAN_POINT('',(-55.5,-16.75,0.));
#1757 = LINE('',#1758,#1759);
#1758 = CARTESIAN_POINT('',(-55.5,30.795020239345,0.));
#1759 = VECTOR('',#1760,1.);
#1760 = DIRECTION('',(0.,1.,0.));
#1761 = ORIENTED_EDGE('',*,*,#1762,.T.);
#1762 = EDGE_CURVE('',#1755,#1763,#1765,.T.);
#1763 = VERTEX_POINT('',#1764);
#1764 = CARTESIAN_POINT('',(-55.5,-16.75,4.8));
#1765 = LINE('',#1766,#1767);
#1766 = CARTESIAN_POINT('',(-55.5,-16.75,0.));
#1767 = VECTOR('',#1768,1.);
#1768 = DIRECTION('',(0.,0.,1.));
#1769 = ORIENTED_EDGE('',*,*,#1770,.T.);
#1770 = EDGE_CURVE('',#1763,#1771,#1773,.T.);
#1771 = VERTEX_POINT('',#1772);
#1772 = CARTESIAN_POINT('',(-55.5,-19.75,4.8));
#1773 = LINE('',#1774,#1775);
#1774 = CARTESIAN_POINT('',(-55.5,-16.75,4.8));
#1775 = VECTOR('',#1776,1.);
#1776 = DIRECTION('',(0.,-1.,0.));
#1777 = ORIENTED_EDGE('',*,*,#1778,.F.);
#1778 = EDGE_CURVE('',#1779,#1771,#1781,.T.);
#1779 = VERTEX_POINT('',#1780);
#1780 = CARTESIAN_POINT('',(-55.5,-19.75,0.));
#1781 = LINE('',#1782,#1783);
#1782 = CARTESIAN_POINT('',(-55.5,-19.75,0.));
#1783 = VECTOR('',#1784,1.);
#1784 = DIRECTION('',(0.,0.,1.));
#1785 = ORIENTED_EDGE('',*,*,#1786,.F.);
#1786 = EDGE_CURVE('',#1787,#1779,#1789,.T.);
#1787 = VERTEX_POINT('',#1788);
#1788 = CARTESIAN_POINT('',(-55.5,-21.59228,0.));
#1789 = LINE('',#1790,#1791);
#1790 = CARTESIAN_POINT('',(-55.5,30.795020239345,0.));
#1791 = VECTOR('',#1792,1.);
#1792 = DIRECTION('',(0.,1.,0.));
#1793 = ORIENTED_EDGE('',*,*,#1794,.T.);
#1794 = EDGE_CURVE('',#1787,#1795,#1797,.T.);
#1795 = VERTEX_POINT('',#1796);
#1796 = CARTESIAN_POINT('',(-55.5,-21.59228,16.6));
#1797 = LINE('',#1798,#1799);
#1798 = CARTESIAN_POINT('',(-55.5,-21.59228,0.));
#1799 = VECTOR('',#1800,1.);
#1800 = DIRECTION('',(0.,0.,1.));
#1801 = ORIENTED_EDGE('',*,*,#1802,.F.);
#1802 = EDGE_CURVE('',#1803,#1795,#1805,.T.);
#1803 = VERTEX_POINT('',#1804);
#1804 = CARTESIAN_POINT('',(-55.5,-24.79228,16.6));
#1805 = LINE('',#1806,#1807);
#1806 = CARTESIAN_POINT('',(-55.5,-3.682863081476,16.6));
#1807 = VECTOR('',#1808,1.);
#1808 = DIRECTION('',(0.,1.,0.));
#1809 = ORIENTED_EDGE('',*,*,#1810,.F.);
#1810 = EDGE_CURVE('',#1657,#1803,#1811,.T.);
#1811 = LINE('',#1812,#1813);
#1812 = CARTESIAN_POINT('',(-55.5,-24.79228,0.));
#1813 = VECTOR('',#1814,1.);
#1814 = DIRECTION('',(0.,0.,1.));
#1815 = PLANE('',#1816);
#1816 = AXIS2_PLACEMENT_3D('',#1817,#1818,#1819);
#1817 = CARTESIAN_POINT('',(-55.5,53.,28.));
#1818 = DIRECTION('',(-1.,0.,0.));
#1819 = DIRECTION('',(0.,-1.,0.));
#1820 = ADVANCED_FACE('',(#1821),#1839,.F.);
#1821 = FACE_BOUND('',#1822,.F.);
#1822 = EDGE_LOOP('',(#1823,#1824,#1832,#1838));
#1823 = ORIENTED_EDGE('',*,*,#391,.T.);
#1824 = ORIENTED_EDGE('',*,*,#1825,.T.);
#1825 = EDGE_CURVE('',#392,#1826,#1828,.T.);
#1826 = VERTEX_POINT('',#1827);
#1827 = CARTESIAN_POINT('',(-54.79289321881,52.292893218813,16.6));
#1828 = LINE('',#1829,#1830);
#1829 = CARTESIAN_POINT('',(-54.79289321881,52.292893218813,28.));
#1830 = VECTOR('',#1831,1.);
#1831 = DIRECTION('',(-0.,-0.,-1.));
#1832 = ORIENTED_EDGE('',*,*,#1833,.F.);
#1833 = EDGE_CURVE('',#1667,#1826,#1834,.T.);
#1834 = LINE('',#1835,#1836);
#1835 = CARTESIAN_POINT('',(-55.5,53.,16.6));
#1836 = VECTOR('',#1837,1.);
#1837 = DIRECTION('',(0.707106781187,-0.707106781187,0.));
#1838 = ORIENTED_EDGE('',*,*,#1666,.F.);
#1839 = PLANE('',#1840);
#1840 = AXIS2_PLACEMENT_3D('',#1841,#1842,#1843);
#1841 = CARTESIAN_POINT('',(-55.5,53.,28.));
#1842 = DIRECTION('',(0.707106781187,0.707106781187,0.));
#1843 = DIRECTION('',(0.,0.,-1.));
#1844 = ADVANCED_FACE('',(#1845),#1873,.F.);
#1845 = FACE_BOUND('',#1846,.F.);
#1846 = EDGE_LOOP('',(#1847,#1848,#1856,#1865,#1872));
#1847 = ORIENTED_EDGE('',*,*,#399,.F.);
#1848 = ORIENTED_EDGE('',*,*,#1849,.T.);
#1849 = EDGE_CURVE('',#400,#1850,#1852,.T.);
#1850 = VERTEX_POINT('',#1851);
#1851 = CARTESIAN_POINT('',(-54.61473645645,53.744148301947,16.6));
#1852 = LINE('',#1853,#1854);
#1853 = CARTESIAN_POINT('',(-54.61473645645,53.744148301947,0.));
#1854 = VECTOR('',#1855,1.);
#1855 = DIRECTION('',(-0.,-0.,-1.));
#1856 = ORIENTED_EDGE('',*,*,#1857,.T.);
#1857 = EDGE_CURVE('',#1850,#1858,#1860,.T.);
#1858 = VERTEX_POINT('',#1859);
#1859 = CARTESIAN_POINT('',(-54.67653258179,53.468813218813,16.6));
#1860 = CIRCLE('',#1861,6.);
#1861 = AXIS2_PLACEMENT_3D('',#1862,#1863,#1864);
#1862 = CARTESIAN_POINT('',(-48.79289321881,52.292893218813,16.6));
#1863 = DIRECTION('',(0.,0.,1.));
#1864 = DIRECTION('',(1.,0.,0.));
#1865 = ORIENTED_EDGE('',*,*,#1866,.T.);
#1866 = EDGE_CURVE('',#1858,#1826,#1867,.T.);
#1867 = CIRCLE('',#1868,6.);
#1868 = AXIS2_PLACEMENT_3D('',#1869,#1870,#1871);
#1869 = CARTESIAN_POINT('',(-48.79289321881,52.292893218813,16.6));
#1870 = DIRECTION('',(0.,0.,1.));
#1871 = DIRECTION('',(1.,0.,0.));
#1872 = ORIENTED_EDGE('',*,*,#1825,.F.);
#1873 = CYLINDRICAL_SURFACE('',#1874,6.);
#1874 = AXIS2_PLACEMENT_3D('',#1875,#1876,#1877);
#1875 = CARTESIAN_POINT('',(-48.79289321881,52.292893218813,28.));
#1876 = DIRECTION('',(0.,0.,1.));
#1877 = DIRECTION('',(1.,0.,0.));
#1878 = ADVANCED_FACE('',(#1879,#1899),#1910,.T.);
#1879 = FACE_BOUND('',#1880,.T.);
#1880 = EDGE_LOOP('',(#1881,#1882,#1891,#1898));
#1881 = ORIENTED_EDGE('',*,*,#408,.F.);
#1882 = ORIENTED_EDGE('',*,*,#1883,.F.);
#1883 = EDGE_CURVE('',#1884,#400,#1886,.T.);
#1884 = VERTEX_POINT('',#1885);
#1885 = CARTESIAN_POINT('',(-47.76776695296,54.767766952966,28.));
#1886 = CIRCLE('',#1887,3.5);
#1887 = AXIS2_PLACEMENT_3D('',#1888,#1889,#1890);
#1888 = CARTESIAN_POINT('',(-51.26776695296,54.767766952966,28.));
#1889 = DIRECTION('',(0.,0.,-1.));
#1890 = DIRECTION('',(1.,0.,0.));
#1891 = ORIENTED_EDGE('',*,*,#1892,.F.);
#1892 = EDGE_CURVE('',#418,#1884,#1893,.T.);
#1893 = CIRCLE('',#1894,3.5);
#1894 = AXIS2_PLACEMENT_3D('',#1895,#1896,#1897);
#1895 = CARTESIAN_POINT('',(-51.26776695296,54.767766952966,28.));
#1896 = DIRECTION('',(0.,0.,-1.));
#1897 = DIRECTION('',(1.,0.,0.));
#1898 = ORIENTED_EDGE('',*,*,#417,.F.);
#1899 = FACE_BOUND('',#1900,.T.);
#1900 = EDGE_LOOP('',(#1901));
#1901 = ORIENTED_EDGE('',*,*,#1902,.F.);
#1902 = EDGE_CURVE('',#1903,#1903,#1905,.T.);
#1903 = VERTEX_POINT('',#1904);
#1904 = CARTESIAN_POINT('',(-49.56776695296,54.767766952966,28.));
#1905 = CIRCLE('',#1906,1.7);
#1906 = AXIS2_PLACEMENT_3D('',#1907,#1908,#1909);
#1907 = CARTESIAN_POINT('',(-51.26776695296,54.767766952966,28.));
#1908 = DIRECTION('',(0.,0.,1.));
#1909 = DIRECTION('',(1.,0.,0.));
#1910 = PLANE('',#1911);
#1911 = AXIS2_PLACEMENT_3D('',#1912,#1913,#1914);
#1912 = CARTESIAN_POINT('',(2.645059241065E-15,8.590040478689,28.));
#1913 = DIRECTION('',(0.,0.,1.));
#1914 = DIRECTION('',(1.,0.,0.));
#1915 = ADVANCED_FACE('',(#1916),#1942,.F.);
#1916 = FACE_BOUND('',#1917,.F.);
#1917 = EDGE_LOOP('',(#1918,#1919,#1927,#1936));
#1918 = ORIENTED_EDGE('',*,*,#426,.F.);
#1919 = ORIENTED_EDGE('',*,*,#1920,.T.);
#1920 = EDGE_CURVE('',#427,#1921,#1923,.T.);
#1921 = VERTEX_POINT('',#1922);
#1922 = CARTESIAN_POINT('',(-48.79289321881,58.292893218813,0.));
#1923 = LINE('',#1924,#1925);
#1924 = CARTESIAN_POINT('',(-48.79289321881,58.292893218813,28.));
#1925 = VECTOR('',#1926,1.);
#1926 = DIRECTION('',(-0.,-0.,-1.));
#1927 = ORIENTED_EDGE('',*,*,#1928,.T.);
#1928 = EDGE_CURVE('',#1921,#1929,#1931,.T.);
#1929 = VERTEX_POINT('',#1930);
#1930 = CARTESIAN_POINT('',(-50.24414830194,58.114736456455,0.));
#1931 = CIRCLE('',#1932,6.);
#1932 = AXIS2_PLACEMENT_3D('',#1933,#1934,#1935);
#1933 = CARTESIAN_POINT('',(-48.79289321881,52.292893218813,0.));
#1934 = DIRECTION('',(0.,0.,1.));
#1935 = DIRECTION('',(1.,0.,0.));
#1936 = ORIENTED_EDGE('',*,*,#1937,.F.);
#1937 = EDGE_CURVE('',#418,#1929,#1938,.T.);
#1938 = LINE('',#1939,#1940);
#1939 = CARTESIAN_POINT('',(-50.24414830194,58.114736456455,0.));
#1940 = VECTOR('',#1941,1.);
#1941 = DIRECTION('',(-0.,-0.,-1.));
#1942 = CYLINDRICAL_SURFACE('',#1943,6.);
#1943 = AXIS2_PLACEMENT_3D('',#1944,#1945,#1946);
#1944 = CARTESIAN_POINT('',(-48.79289321881,52.292893218813,28.));
#1945 = DIRECTION('',(0.,0.,1.));
#1946 = DIRECTION('',(1.,0.,0.));
#1947 = ADVANCED_FACE('',(#1948),#1966,.T.);
#1948 = FACE_BOUND('',#1949,.T.);
#1949 = EDGE_LOOP('',(#1950,#1958,#1964,#1965));
#1950 = ORIENTED_EDGE('',*,*,#1951,.F.);
#1951 = EDGE_CURVE('',#1952,#1921,#1954,.T.);
#1952 = VERTEX_POINT('',#1953);
#1953 = CARTESIAN_POINT('',(-49.5,59.,0.));
#1954 = LINE('',#1955,#1956);
#1955 = CARTESIAN_POINT('',(-49.5,59.,0.));
#1956 = VECTOR('',#1957,1.);
#1957 = DIRECTION('',(0.707106781187,-0.707106781187,0.));
#1958 = ORIENTED_EDGE('',*,*,#1959,.F.);
#1959 = EDGE_CURVE('',#436,#1952,#1960,.T.);
#1960 = LINE('',#1961,#1962);
#1961 = CARTESIAN_POINT('',(-49.5,59.,28.));
#1962 = VECTOR('',#1963,1.);
#1963 = DIRECTION('',(-0.,-0.,-1.));
#1964 = ORIENTED_EDGE('',*,*,#435,.T.);
#1965 = ORIENTED_EDGE('',*,*,#1920,.T.);
#1966 = PLANE('',#1967);
#1967 = AXIS2_PLACEMENT_3D('',#1968,#1969,#1970);
#1968 = CARTESIAN_POINT('',(-49.5,59.,28.));
#1969 = DIRECTION('',(0.707106781187,0.707106781187,0.));
#1970 = DIRECTION('',(0.,0.,-1.));
#1971 = ADVANCED_FACE('',(#1972),#2070,.F.);
#1972 = FACE_BOUND('',#1973,.F.);
#1973 = EDGE_LOOP('',(#1974,#1982,#1983,#1984,#1992,#2000,#2008,#2016,
    #2024,#2032,#2040,#2048,#2056,#2064));
#1974 = ORIENTED_EDGE('',*,*,#1975,.F.);
#1975 = EDGE_CURVE('',#1952,#1976,#1978,.T.);
#1976 = VERTEX_POINT('',#1977);
#1977 = CARTESIAN_POINT('',(-44.65,59.,0.));
#1978 = LINE('',#1979,#1980);
#1979 = CARTESIAN_POINT('',(24.75,59.,0.));
#1980 = VECTOR('',#1981,1.);
#1981 = DIRECTION('',(1.,0.,0.));
#1982 = ORIENTED_EDGE('',*,*,#1959,.F.);
#1983 = ORIENTED_EDGE('',*,*,#443,.F.);
#1984 = ORIENTED_EDGE('',*,*,#1985,.T.);
#1985 = EDGE_CURVE('',#444,#1986,#1988,.T.);
#1986 = VERTEX_POINT('',#1987);
#1987 = CARTESIAN_POINT('',(49.5,59.,4.8));
#1988 = LINE('',#1989,#1990);
#1989 = CARTESIAN_POINT('',(49.5,59.,28.));
#1990 = VECTOR('',#1991,1.);
#1991 = DIRECTION('',(-0.,-0.,-1.));
#1992 = ORIENTED_EDGE('',*,*,#1993,.T.);
#1993 = EDGE_CURVE('',#1986,#1994,#1996,.T.);
#1994 = VERTEX_POINT('',#1995);
#1995 = CARTESIAN_POINT('',(49.35,59.,4.8));
#1996 = LINE('',#1997,#1998);
#1997 = CARTESIAN_POINT('',(50.55,59.,4.8));
#1998 = VECTOR('',#1999,1.);
#1999 = DIRECTION('',(-1.,0.,0.));
#2000 = ORIENTED_EDGE('',*,*,#2001,.F.);
#2001 = EDGE_CURVE('',#2002,#1994,#2004,.T.);
#2002 = VERTEX_POINT('',#2003);
#2003 = CARTESIAN_POINT('',(49.35,59.,0.));
#2004 = LINE('',#2005,#2006);
#2005 = CARTESIAN_POINT('',(49.35,59.,0.));
#2006 = VECTOR('',#2007,1.);
#2007 = DIRECTION('',(0.,0.,1.));
#2008 = ORIENTED_EDGE('',*,*,#2009,.F.);
#2009 = EDGE_CURVE('',#2010,#2002,#2012,.T.);
#2010 = VERTEX_POINT('',#2011);
#2011 = CARTESIAN_POINT('',(0.6,59.,0.));
#2012 = LINE('',#2013,#2014);
#2013 = CARTESIAN_POINT('',(24.75,59.,0.));
#2014 = VECTOR('',#2015,1.);
#2015 = DIRECTION('',(1.,0.,0.));
#2016 = ORIENTED_EDGE('',*,*,#2017,.T.);
#2017 = EDGE_CURVE('',#2010,#2018,#2020,.T.);
#2018 = VERTEX_POINT('',#2019);
#2019 = CARTESIAN_POINT('',(0.6,59.,4.8));
#2020 = LINE('',#2021,#2022);
#2021 = CARTESIAN_POINT('',(0.6,59.,0.));
#2022 = VECTOR('',#2023,1.);
#2023 = DIRECTION('',(0.,0.,1.));
#2024 = ORIENTED_EDGE('',*,*,#2025,.T.);
#2025 = EDGE_CURVE('',#2018,#2026,#2028,.T.);
#2026 = VERTEX_POINT('',#2027);
#2027 = CARTESIAN_POINT('',(-0.6,59.,4.8));
#2028 = LINE('',#2029,#2030);
#2029 = CARTESIAN_POINT('',(0.6,59.,4.8));
#2030 = VECTOR('',#2031,1.);
#2031 = DIRECTION('',(-1.,0.,0.));
#2032 = ORIENTED_EDGE('',*,*,#2033,.F.);
#2033 = EDGE_CURVE('',#2034,#2026,#2036,.T.);
#2034 = VERTEX_POINT('',#2035);
#2035 = CARTESIAN_POINT('',(-0.6,59.,0.));
#2036 = LINE('',#2037,#2038);
#2037 = CARTESIAN_POINT('',(-0.6,59.,0.));
#2038 = VECTOR('',#2039,1.);
#2039 = DIRECTION('',(0.,0.,1.));
#2040 = ORIENTED_EDGE('',*,*,#2041,.F.);
#2041 = EDGE_CURVE('',#2042,#2034,#2044,.T.);
#2042 = VERTEX_POINT('',#2043);
#2043 = CARTESIAN_POINT('',(-43.45,59.,0.));
#2044 = LINE('',#2045,#2046);
#2045 = CARTESIAN_POINT('',(24.75,59.,0.));
#2046 = VECTOR('',#2047,1.);
#2047 = DIRECTION('',(1.,0.,0.));
#2048 = ORIENTED_EDGE('',*,*,#2049,.T.);
#2049 = EDGE_CURVE('',#2042,#2050,#2052,.T.);
#2050 = VERTEX_POINT('',#2051);
#2051 = CARTESIAN_POINT('',(-43.45,59.,4.8));
#2052 = LINE('',#2053,#2054);
#2053 = CARTESIAN_POINT('',(-43.45,59.,0.));
#2054 = VECTOR('',#2055,1.);
#2055 = DIRECTION('',(0.,0.,1.));
#2056 = ORIENTED_EDGE('',*,*,#2057,.T.);
#2057 = EDGE_CURVE('',#2050,#2058,#2060,.T.);
#2058 = VERTEX_POINT('',#2059);
#2059 = CARTESIAN_POINT('',(-44.65,59.,4.8));
#2060 = LINE('',#2061,#2062);
#2061 = CARTESIAN_POINT('',(-43.45,59.,4.8));
#2062 = VECTOR('',#2063,1.);
#2063 = DIRECTION('',(-1.,0.,0.));
#2064 = ORIENTED_EDGE('',*,*,#2065,.F.);
#2065 = EDGE_CURVE('',#1976,#2058,#2066,.T.);
#2066 = LINE('',#2067,#2068);
#2067 = CARTESIAN_POINT('',(-44.65,59.,0.));
#2068 = VECTOR('',#2069,1.);
#2069 = DIRECTION('',(0.,0.,1.));
#2070 = PLANE('',#2071);
#2071 = AXIS2_PLACEMENT_3D('',#2072,#2073,#2074);
#2072 = CARTESIAN_POINT('',(49.5,59.,28.));
#2073 = DIRECTION('',(0.,1.,0.));
#2074 = DIRECTION('',(-1.,0.,0.));
#2075 = ADVANCED_FACE('',(#2076),#2102,.F.);
#2076 = FACE_BOUND('',#2077,.F.);
#2077 = EDGE_LOOP('',(#2078,#2079,#2087,#2095,#2101));
#2078 = ORIENTED_EDGE('',*,*,#451,.T.);
#2079 = ORIENTED_EDGE('',*,*,#2080,.T.);
#2080 = EDGE_CURVE('',#452,#2081,#2083,.T.);
#2081 = VERTEX_POINT('',#2082);
#2082 = CARTESIAN_POINT('',(48.792893218813,58.292893218813,4.8));
#2083 = LINE('',#2084,#2085);
#2084 = CARTESIAN_POINT('',(48.792893218813,58.292893218813,28.));
#2085 = VECTOR('',#2086,1.);
#2086 = DIRECTION('',(-0.,-0.,-1.));
#2087 = ORIENTED_EDGE('',*,*,#2088,.F.);
#2088 = EDGE_CURVE('',#2089,#2081,#2091,.T.);
#2089 = VERTEX_POINT('',#2090);
#2090 = CARTESIAN_POINT('',(49.35,58.85,4.8));
#2091 = LINE('',#2092,#2093);
#2092 = CARTESIAN_POINT('',(49.5,59.,4.8));
#2093 = VECTOR('',#2094,1.);
#2094 = DIRECTION('',(-0.707106781187,-0.707106781187,0.));
#2095 = ORIENTED_EDGE('',*,*,#2096,.F.);
#2096 = EDGE_CURVE('',#1986,#2089,#2097,.T.);
#2097 = LINE('',#2098,#2099);
#2098 = CARTESIAN_POINT('',(49.5,59.,4.8));
#2099 = VECTOR('',#2100,1.);
#2100 = DIRECTION('',(-0.707106781187,-0.707106781187,0.));
#2101 = ORIENTED_EDGE('',*,*,#1985,.F.);
#2102 = PLANE('',#2103);
#2103 = AXIS2_PLACEMENT_3D('',#2104,#2105,#2106);
#2104 = CARTESIAN_POINT('',(49.5,59.,28.));
#2105 = DIRECTION('',(0.707106781187,-0.707106781187,0.));
#2106 = DIRECTION('',(0.,0.,-1.));
#2107 = ADVANCED_FACE('',(#2108),#2145,.F.);
#2108 = FACE_BOUND('',#2109,.F.);
#2109 = EDGE_LOOP('',(#2110,#2111,#2119,#2128,#2137,#2144));
#2110 = ORIENTED_EDGE('',*,*,#459,.F.);
#2111 = ORIENTED_EDGE('',*,*,#2112,.T.);
#2112 = EDGE_CURVE('',#460,#2113,#2115,.T.);
#2113 = VERTEX_POINT('',#2114);
#2114 = CARTESIAN_POINT('',(50.244148301947,58.114736456455,4.8));
#2115 = LINE('',#2116,#2117);
#2116 = CARTESIAN_POINT('',(50.244148301947,58.114736456455,0.));
#2117 = VECTOR('',#2118,1.);
#2118 = DIRECTION('',(-0.,-0.,-1.));
#2119 = ORIENTED_EDGE('',*,*,#2120,.T.);
#2120 = EDGE_CURVE('',#2113,#2121,#2123,.T.);
#2121 = VERTEX_POINT('',#2122);
#2122 = CARTESIAN_POINT('',(49.842893218813,58.200303819068,4.8));
#2123 = CIRCLE('',#2124,6.);
#2124 = AXIS2_PLACEMENT_3D('',#2125,#2126,#2127);
#2125 = CARTESIAN_POINT('',(48.792893218813,52.292893218813,4.8));
#2126 = DIRECTION('',(0.,0.,1.));
#2127 = DIRECTION('',(1.,0.,0.));
#2128 = ORIENTED_EDGE('',*,*,#2129,.T.);
#2129 = EDGE_CURVE('',#2121,#2130,#2132,.T.);
#2130 = VERTEX_POINT('',#2131);
#2131 = CARTESIAN_POINT('',(49.35,58.266973234544,4.8));
#2132 = CIRCLE('',#2133,6.);
#2133 = AXIS2_PLACEMENT_3D('',#2134,#2135,#2136);
#2134 = CARTESIAN_POINT('',(48.792893218813,52.292893218813,4.8));
#2135 = DIRECTION('',(0.,0.,1.));
#2136 = DIRECTION('',(1.,0.,0.));
#2137 = ORIENTED_EDGE('',*,*,#2138,.T.);
#2138 = EDGE_CURVE('',#2130,#2081,#2139,.T.);
#2139 = CIRCLE('',#2140,6.);
#2140 = AXIS2_PLACEMENT_3D('',#2141,#2142,#2143);
#2141 = CARTESIAN_POINT('',(48.792893218813,52.292893218813,4.8));
#2142 = DIRECTION('',(0.,0.,1.));
#2143 = DIRECTION('',(1.,0.,0.));
#2144 = ORIENTED_EDGE('',*,*,#2080,.F.);
#2145 = CYLINDRICAL_SURFACE('',#2146,6.);
#2146 = AXIS2_PLACEMENT_3D('',#2147,#2148,#2149);
#2147 = CARTESIAN_POINT('',(48.792893218813,52.292893218813,28.));
#2148 = DIRECTION('',(0.,0.,1.));
#2149 = DIRECTION('',(1.,0.,0.));
#2150 = ADVANCED_FACE('',(#2151,#2163),#2174,.T.);
#2151 = FACE_BOUND('',#2152,.T.);
#2152 = EDGE_LOOP('',(#2153,#2154,#2155,#2156));
#2153 = ORIENTED_EDGE('',*,*,#486,.F.);
#2154 = ORIENTED_EDGE('',*,*,#477,.F.);
#2155 = ORIENTED_EDGE('',*,*,#468,.F.);
#2156 = ORIENTED_EDGE('',*,*,#2157,.F.);
#2157 = EDGE_CURVE('',#487,#460,#2158,.T.);
#2158 = CIRCLE('',#2159,3.5);
#2159 = AXIS2_PLACEMENT_3D('',#2160,#2161,#2162);
#2160 = CARTESIAN_POINT('',(51.267766952966,54.767766952966,28.));
#2161 = DIRECTION('',(0.,0.,-1.));
#2162 = DIRECTION('',(1.,0.,0.));
#2163 = FACE_BOUND('',#2164,.T.);
#2164 = EDGE_LOOP('',(#2165));
#2165 = ORIENTED_EDGE('',*,*,#2166,.F.);
#2166 = EDGE_CURVE('',#2167,#2167,#2169,.T.);
#2167 = VERTEX_POINT('',#2168);
#2168 = CARTESIAN_POINT('',(52.967766952966,54.767766952966,28.));
#2169 = CIRCLE('',#2170,1.7);
#2170 = AXIS2_PLACEMENT_3D('',#2171,#2172,#2173);
#2171 = CARTESIAN_POINT('',(51.267766952966,54.767766952966,28.));
#2172 = DIRECTION('',(0.,0.,1.));
#2173 = DIRECTION('',(1.,0.,0.));
#2174 = PLANE('',#2175);
#2175 = AXIS2_PLACEMENT_3D('',#2176,#2177,#2178);
#2176 = CARTESIAN_POINT('',(2.645059241065E-15,8.590040478689,28.));
#2177 = DIRECTION('',(0.,0.,1.));
#2178 = DIRECTION('',(1.,0.,0.));
#2179 = ADVANCED_FACE('',(#2180),#2206,.F.);
#2180 = FACE_BOUND('',#2181,.F.);
#2181 = EDGE_LOOP('',(#2182,#2183,#2191,#2200));
#2182 = ORIENTED_EDGE('',*,*,#495,.F.);
#2183 = ORIENTED_EDGE('',*,*,#2184,.T.);
#2184 = EDGE_CURVE('',#496,#2185,#2187,.T.);
#2185 = VERTEX_POINT('',#2186);
#2186 = CARTESIAN_POINT('',(54.792893218813,52.292893218813,0.));
#2187 = LINE('',#2188,#2189);
#2188 = CARTESIAN_POINT('',(54.792893218813,52.292893218813,28.));
#2189 = VECTOR('',#2190,1.);
#2190 = DIRECTION('',(-0.,-0.,-1.));
#2191 = ORIENTED_EDGE('',*,*,#2192,.T.);
#2192 = EDGE_CURVE('',#2185,#2193,#2195,.T.);
#2193 = VERTEX_POINT('',#2194);
#2194 = CARTESIAN_POINT('',(54.614736456455,53.744148301948,0.));
#2195 = CIRCLE('',#2196,6.);
#2196 = AXIS2_PLACEMENT_3D('',#2197,#2198,#2199);
#2197 = CARTESIAN_POINT('',(48.792893218813,52.292893218813,0.));
#2198 = DIRECTION('',(0.,0.,1.));
#2199 = DIRECTION('',(1.,0.,0.));
#2200 = ORIENTED_EDGE('',*,*,#2201,.F.);
#2201 = EDGE_CURVE('',#487,#2193,#2202,.T.);
#2202 = LINE('',#2203,#2204);
#2203 = CARTESIAN_POINT('',(54.614736456455,53.744148301947,0.));
#2204 = VECTOR('',#2205,1.);
#2205 = DIRECTION('',(-0.,-0.,-1.));
#2206 = CYLINDRICAL_SURFACE('',#2207,6.);
#2207 = AXIS2_PLACEMENT_3D('',#2208,#2209,#2210);
#2208 = CARTESIAN_POINT('',(48.792893218813,52.292893218813,28.));
#2209 = DIRECTION('',(0.,0.,1.));
#2210 = DIRECTION('',(1.,0.,0.));
#2211 = ADVANCED_FACE('',(#2212),#2230,.T.);
#2212 = FACE_BOUND('',#2213,.T.);
#2213 = EDGE_LOOP('',(#2214,#2222,#2228,#2229));
#2214 = ORIENTED_EDGE('',*,*,#2215,.F.);
#2215 = EDGE_CURVE('',#2216,#2185,#2218,.T.);
#2216 = VERTEX_POINT('',#2217);
#2217 = CARTESIAN_POINT('',(55.5,53.,0.));
#2218 = LINE('',#2219,#2220);
#2219 = CARTESIAN_POINT('',(55.5,53.,0.));
#2220 = VECTOR('',#2221,1.);
#2221 = DIRECTION('',(-0.707106781187,-0.707106781187,0.));
#2222 = ORIENTED_EDGE('',*,*,#2223,.F.);
#2223 = EDGE_CURVE('',#505,#2216,#2224,.T.);
#2224 = LINE('',#2225,#2226);
#2225 = CARTESIAN_POINT('',(55.5,53.,28.));
#2226 = VECTOR('',#2227,1.);
#2227 = DIRECTION('',(-0.,-0.,-1.));
#2228 = ORIENTED_EDGE('',*,*,#504,.T.);
#2229 = ORIENTED_EDGE('',*,*,#2184,.T.);
#2230 = PLANE('',#2231);
#2231 = AXIS2_PLACEMENT_3D('',#2232,#2233,#2234);
#2232 = CARTESIAN_POINT('',(55.5,53.,28.));
#2233 = DIRECTION('',(0.707106781187,-0.707106781187,0.));
#2234 = DIRECTION('',(0.,0.,-1.));
#2235 = ADVANCED_FACE('',(#2236),#2382,.F.);
#2236 = FACE_BOUND('',#2237,.F.);
#2237 = EDGE_LOOP('',(#2238,#2246,#2247,#2248,#2256,#2264,#2272,#2280,
    #2288,#2296,#2304,#2312,#2320,#2328,#2336,#2344,#2352,#2360,#2368,
    #2376));
#2238 = ORIENTED_EDGE('',*,*,#2239,.F.);
#2239 = EDGE_CURVE('',#2216,#2240,#2242,.T.);
#2240 = VERTEX_POINT('',#2241);
#2241 = CARTESIAN_POINT('',(55.5,38.65,0.));
#2242 = LINE('',#2243,#2244);
#2243 = CARTESIAN_POINT('',(55.5,-16.70497976065,0.));
#2244 = VECTOR('',#2245,1.);
#2245 = DIRECTION('',(0.,-1.,0.));
#2246 = ORIENTED_EDGE('',*,*,#2223,.F.);
#2247 = ORIENTED_EDGE('',*,*,#512,.F.);
#2248 = ORIENTED_EDGE('',*,*,#2249,.T.);
#2249 = EDGE_CURVE('',#513,#2250,#2252,.T.);
#2250 = VERTEX_POINT('',#2251);
#2251 = CARTESIAN_POINT('',(55.5,-42.,0.));
#2252 = LINE('',#2253,#2254);
#2253 = CARTESIAN_POINT('',(55.5,-42.,28.));
#2254 = VECTOR('',#2255,1.);
#2255 = DIRECTION('',(-0.,-0.,-1.));
#2256 = ORIENTED_EDGE('',*,*,#2257,.F.);
#2257 = EDGE_CURVE('',#2258,#2250,#2260,.T.);
#2258 = VERTEX_POINT('',#2259);
#2259 = CARTESIAN_POINT('',(55.5,-24.41128,0.));
#2260 = LINE('',#2261,#2262);
#2261 = CARTESIAN_POINT('',(55.5,-16.70497976065,0.));
#2262 = VECTOR('',#2263,1.);
#2263 = DIRECTION('',(0.,-1.,0.));
#2264 = ORIENTED_EDGE('',*,*,#2265,.T.);
#2265 = EDGE_CURVE('',#2258,#2266,#2268,.T.);
#2266 = VERTEX_POINT('',#2267);
#2267 = CARTESIAN_POINT('',(55.5,-24.41128,16.6));
#2268 = LINE('',#2269,#2270);
#2269 = CARTESIAN_POINT('',(55.5,-24.41128,0.));
#2270 = VECTOR('',#2271,1.);
#2271 = DIRECTION('',(0.,0.,1.));
#2272 = ORIENTED_EDGE('',*,*,#2273,.F.);
#2273 = EDGE_CURVE('',#2274,#2266,#2276,.T.);
#2274 = VERTEX_POINT('',#2275);
#2275 = CARTESIAN_POINT('',(55.5,-21.21128,16.6));
#2276 = LINE('',#2277,#2278);
#2277 = CARTESIAN_POINT('',(55.5,-5.092363081476,16.6));
#2278 = VECTOR('',#2279,1.);
#2279 = DIRECTION('',(0.,-1.,0.));
#2280 = ORIENTED_EDGE('',*,*,#2281,.F.);
#2281 = EDGE_CURVE('',#2282,#2274,#2284,.T.);
#2282 = VERTEX_POINT('',#2283);
#2283 = CARTESIAN_POINT('',(55.5,-21.21128,0.));
#2284 = LINE('',#2285,#2286);
#2285 = CARTESIAN_POINT('',(55.5,-21.21128,0.));
#2286 = VECTOR('',#2287,1.);
#2287 = DIRECTION('',(0.,0.,1.));
#2288 = ORIENTED_EDGE('',*,*,#2289,.F.);
#2289 = EDGE_CURVE('',#2290,#2282,#2292,.T.);
#2290 = VERTEX_POINT('',#2291);
#2291 = CARTESIAN_POINT('',(55.5,-19.75,0.));
#2292 = LINE('',#2293,#2294);
#2293 = CARTESIAN_POINT('',(55.5,-16.70497976065,0.));
#2294 = VECTOR('',#2295,1.);
#2295 = DIRECTION('',(0.,-1.,0.));
#2296 = ORIENTED_EDGE('',*,*,#2297,.T.);
#2297 = EDGE_CURVE('',#2290,#2298,#2300,.T.);
#2298 = VERTEX_POINT('',#2299);
#2299 = CARTESIAN_POINT('',(55.5,-19.75,4.8));
#2300 = LINE('',#2301,#2302);
#2301 = CARTESIAN_POINT('',(55.5,-19.75,0.));
#2302 = VECTOR('',#2303,1.);
#2303 = DIRECTION('',(0.,0.,1.));
#2304 = ORIENTED_EDGE('',*,*,#2305,.T.);
#2305 = EDGE_CURVE('',#2298,#2306,#2308,.T.);
#2306 = VERTEX_POINT('',#2307);
#2307 = CARTESIAN_POINT('',(55.5,-16.75,4.8));
#2308 = LINE('',#2309,#2310);
#2309 = CARTESIAN_POINT('',(55.5,-19.75,4.8));
#2310 = VECTOR('',#2311,1.);
#2311 = DIRECTION('',(0.,1.,0.));
#2312 = ORIENTED_EDGE('',*,*,#2313,.F.);
#2313 = EDGE_CURVE('',#2314,#2306,#2316,.T.);
#2314 = VERTEX_POINT('',#2315);
#2315 = CARTESIAN_POINT('',(55.5,-16.75,0.));
#2316 = LINE('',#2317,#2318);
#2317 = CARTESIAN_POINT('',(55.5,-16.75,0.));
#2318 = VECTOR('',#2319,1.);
#2319 = DIRECTION('',(0.,0.,1.));
#2320 = ORIENTED_EDGE('',*,*,#2321,.F.);
#2321 = EDGE_CURVE('',#2322,#2314,#2324,.T.);
#2322 = VERTEX_POINT('',#2323);
#2323 = CARTESIAN_POINT('',(55.5,-10.95,0.));
#2324 = LINE('',#2325,#2326);
#2325 = CARTESIAN_POINT('',(55.5,-16.70497976065,0.));
#2326 = VECTOR('',#2327,1.);
#2327 = DIRECTION('',(0.,-1.,0.));
#2328 = ORIENTED_EDGE('',*,*,#2329,.T.);
#2329 = EDGE_CURVE('',#2322,#2330,#2332,.T.);
#2330 = VERTEX_POINT('',#2331);
#2331 = CARTESIAN_POINT('',(55.5,-10.95,4.8));
#2332 = LINE('',#2333,#2334);
#2333 = CARTESIAN_POINT('',(55.5,-10.95,0.));
#2334 = VECTOR('',#2335,1.);
#2335 = DIRECTION('',(0.,0.,1.));
#2336 = ORIENTED_EDGE('',*,*,#2337,.F.);
#2337 = EDGE_CURVE('',#2338,#2330,#2340,.T.);
#2338 = VERTEX_POINT('',#2339);
#2339 = CARTESIAN_POINT('',(55.5,-9.75,4.8));
#2340 = LINE('',#2341,#2342);
#2341 = CARTESIAN_POINT('',(55.5,-9.75,4.8));
#2342 = VECTOR('',#2343,1.);
#2343 = DIRECTION('',(0.,-1.,0.));
#2344 = ORIENTED_EDGE('',*,*,#2345,.F.);
#2345 = EDGE_CURVE('',#2346,#2338,#2348,.T.);
#2346 = VERTEX_POINT('',#2347);
#2347 = CARTESIAN_POINT('',(55.5,-9.75,0.));
#2348 = LINE('',#2349,#2350);
#2349 = CARTESIAN_POINT('',(55.5,-9.75,0.));
#2350 = VECTOR('',#2351,1.);
#2351 = DIRECTION('',(0.,0.,1.));
#2352 = ORIENTED_EDGE('',*,*,#2353,.F.);
#2353 = EDGE_CURVE('',#2354,#2346,#2356,.T.);
#2354 = VERTEX_POINT('',#2355);
#2355 = CARTESIAN_POINT('',(55.5,37.45,0.));
#2356 = LINE('',#2357,#2358);
#2357 = CARTESIAN_POINT('',(55.5,-16.70497976065,0.));
#2358 = VECTOR('',#2359,1.);
#2359 = DIRECTION('',(0.,-1.,0.));
#2360 = ORIENTED_EDGE('',*,*,#2361,.T.);
#2361 = EDGE_CURVE('',#2354,#2362,#2364,.T.);
#2362 = VERTEX_POINT('',#2363);
#2363 = CARTESIAN_POINT('',(55.5,37.45,4.8));
#2364 = LINE('',#2365,#2366);
#2365 = CARTESIAN_POINT('',(55.5,37.45,0.));
#2366 = VECTOR('',#2367,1.);
#2367 = DIRECTION('',(0.,0.,1.));
#2368 = ORIENTED_EDGE('',*,*,#2369,.T.);
#2369 = EDGE_CURVE('',#2362,#2370,#2372,.T.);
#2370 = VERTEX_POINT('',#2371);
#2371 = CARTESIAN_POINT('',(55.5,38.65,4.8));
#2372 = LINE('',#2373,#2374);
#2373 = CARTESIAN_POINT('',(55.5,37.45,4.8));
#2374 = VECTOR('',#2375,1.);
#2375 = DIRECTION('',(0.,1.,0.));
#2376 = ORIENTED_EDGE('',*,*,#2377,.F.);
#2377 = EDGE_CURVE('',#2240,#2370,#2378,.T.);
#2378 = LINE('',#2379,#2380);
#2379 = CARTESIAN_POINT('',(55.5,38.65,0.));
#2380 = VECTOR('',#2381,1.);
#2381 = DIRECTION('',(0.,0.,1.));
#2382 = PLANE('',#2383);
#2383 = AXIS2_PLACEMENT_3D('',#2384,#2385,#2386);
#2384 = CARTESIAN_POINT('',(55.5,-42.,28.));
#2385 = DIRECTION('',(1.,0.,0.));
#2386 = DIRECTION('',(0.,1.,0.));
#2387 = ADVANCED_FACE('',(#2388),#2417,.F.);
#2388 = FACE_BOUND('',#2389,.F.);
#2389 = EDGE_LOOP('',(#2390,#2391,#2392,#2400,#2409,#2416));
#2390 = ORIENTED_EDGE('',*,*,#520,.F.);
#2391 = ORIENTED_EDGE('',*,*,#529,.F.);
#2392 = ORIENTED_EDGE('',*,*,#2393,.F.);
#2393 = EDGE_CURVE('',#2394,#530,#2396,.T.);
#2394 = VERTEX_POINT('',#2395);
#2395 = CARTESIAN_POINT('',(53.1,-46.8,0.));
#2396 = LINE('',#2397,#2398);
#2397 = CARTESIAN_POINT('',(53.1,-46.8,28.));
#2398 = VECTOR('',#2399,1.);
#2399 = DIRECTION('',(0.,0.,1.));
#2400 = ORIENTED_EDGE('',*,*,#2401,.T.);
#2401 = EDGE_CURVE('',#2394,#2402,#2404,.T.);
#2402 = VERTEX_POINT('',#2403);
#2403 = CARTESIAN_POINT('',(53.742640683904,-46.24264069033,0.));
#2404 = CIRCLE('',#2405,6.);
#2405 = AXIS2_PLACEMENT_3D('',#2406,#2407,#2408);
#2406 = CARTESIAN_POINT('',(49.5,-42.,0.));
#2407 = DIRECTION('',(0.,0.,1.));
#2408 = DIRECTION('',(1.,0.,0.));
#2409 = ORIENTED_EDGE('',*,*,#2410,.T.);
#2410 = EDGE_CURVE('',#2402,#2250,#2411,.T.);
#2411 = CIRCLE('',#2412,6.);
#2412 = AXIS2_PLACEMENT_3D('',#2413,#2414,#2415);
#2413 = CARTESIAN_POINT('',(49.5,-42.,0.));
#2414 = DIRECTION('',(0.,0.,1.));
#2415 = DIRECTION('',(1.,0.,0.));
#2416 = ORIENTED_EDGE('',*,*,#2249,.F.);
#2417 = CYLINDRICAL_SURFACE('',#2418,6.);
#2418 = AXIS2_PLACEMENT_3D('',#2419,#2420,#2421);
#2419 = CARTESIAN_POINT('',(49.5,-42.,28.));
#2420 = DIRECTION('',(0.,0.,1.));
#2421 = DIRECTION('',(1.,0.,0.));
#2422 = ADVANCED_FACE('',(#2423,#2459),#2470,.T.);
#2423 = FACE_BOUND('',#2424,.T.);
#2424 = EDGE_LOOP('',(#2425,#2426,#2427,#2435,#2442,#2451,#2458));
#2425 = ORIENTED_EDGE('',*,*,#547,.F.);
#2426 = ORIENTED_EDGE('',*,*,#538,.T.);
#2427 = ORIENTED_EDGE('',*,*,#2428,.F.);
#2428 = EDGE_CURVE('',#2429,#530,#2431,.T.);
#2429 = VERTEX_POINT('',#2430);
#2430 = CARTESIAN_POINT('',(53.015783757377,-46.8,28.));
#2431 = LINE('',#2432,#2433);
#2432 = CARTESIAN_POINT('',(45.5,-46.8,28.));
#2433 = VECTOR('',#2434,1.);
#2434 = DIRECTION('',(1.,0.,0.));
#2435 = ORIENTED_EDGE('',*,*,#2436,.F.);
#2436 = EDGE_CURVE('',#521,#2429,#2437,.T.);
#2437 = CIRCLE('',#2438,3.5);
#2438 = AXIS2_PLACEMENT_3D('',#2439,#2440,#2441);
#2439 = CARTESIAN_POINT('',(51.267766952969,-43.76776695296,28.));
#2440 = DIRECTION('',(0.,0.,-1.));
#2441 = DIRECTION('',(1.,0.,0.));
#2442 = ORIENTED_EDGE('',*,*,#2443,.F.);
#2443 = EDGE_CURVE('',#2444,#521,#2446,.T.);
#2444 = VERTEX_POINT('',#2445);
#2445 = CARTESIAN_POINT('',(54.767766952969,-43.76776695296,28.));
#2446 = CIRCLE('',#2447,3.5);
#2447 = AXIS2_PLACEMENT_3D('',#2448,#2449,#2450);
#2448 = CARTESIAN_POINT('',(51.267766952969,-43.76776695296,28.));
#2449 = DIRECTION('',(0.,0.,-1.));
#2450 = DIRECTION('',(1.,0.,0.));
#2451 = ORIENTED_EDGE('',*,*,#2452,.F.);
#2452 = EDGE_CURVE('',#1428,#2444,#2453,.T.);
#2453 = CIRCLE('',#2454,3.5);
#2454 = AXIS2_PLACEMENT_3D('',#2455,#2456,#2457);
#2455 = CARTESIAN_POINT('',(51.267766952969,-43.76776695296,28.));
#2456 = DIRECTION('',(0.,0.,-1.));
#2457 = DIRECTION('',(1.,0.,0.));
#2458 = ORIENTED_EDGE('',*,*,#1427,.F.);
#2459 = FACE_BOUND('',#2460,.T.);
#2460 = EDGE_LOOP('',(#2461));
#2461 = ORIENTED_EDGE('',*,*,#2462,.F.);
#2462 = EDGE_CURVE('',#2463,#2463,#2465,.T.);
#2463 = VERTEX_POINT('',#2464);
#2464 = CARTESIAN_POINT('',(52.517766952969,-43.76776695296,28.));
#2465 = CIRCLE('',#2466,1.25);
#2466 = AXIS2_PLACEMENT_3D('',#2467,#2468,#2469);
#2467 = CARTESIAN_POINT('',(51.267766952969,-43.76776695296,28.));
#2468 = DIRECTION('',(0.,0.,1.));
#2469 = DIRECTION('',(1.,0.,0.));
#2470 = PLANE('',#2471);
#2471 = AXIS2_PLACEMENT_3D('',#2472,#2473,#2474);
#2472 = CARTESIAN_POINT('',(51.301313589048,-44.27709614033,28.));
#2473 = DIRECTION('',(0.,0.,1.));
#2474 = DIRECTION('',(1.,0.,0.));
#2475 = ADVANCED_FACE('',(#2476),#2495,.T.);
#2476 = FACE_BOUND('',#2477,.T.);
#2477 = EDGE_LOOP('',(#2478,#2479,#2488,#2494));
#2478 = ORIENTED_EDGE('',*,*,#1238,.T.);
#2479 = ORIENTED_EDGE('',*,*,#2480,.T.);
#2480 = EDGE_CURVE('',#1231,#2481,#2483,.T.);
#2481 = VERTEX_POINT('',#2482);
#2482 = CARTESIAN_POINT('',(49.5,61.,-0.5));
#2483 = CIRCLE('',#2484,8.);
#2484 = AXIS2_PLACEMENT_3D('',#2485,#2486,#2487);
#2485 = CARTESIAN_POINT('',(49.5,53.,-0.5));
#2486 = DIRECTION('',(0.,0.,1.));
#2487 = DIRECTION('',(1.,0.,0.));
#2488 = ORIENTED_EDGE('',*,*,#2489,.F.);
#2489 = EDGE_CURVE('',#580,#2481,#2490,.T.);
#2490 = LINE('',#2491,#2492);
#2491 = CARTESIAN_POINT('',(49.5,61.,28.));
#2492 = VECTOR('',#2493,1.);
#2493 = DIRECTION('',(-0.,-0.,-1.));
#2494 = ORIENTED_EDGE('',*,*,#579,.F.);
#2495 = CYLINDRICAL_SURFACE('',#2496,8.);
#2496 = AXIS2_PLACEMENT_3D('',#2497,#2498,#2499);
#2497 = CARTESIAN_POINT('',(49.5,53.,28.));
#2498 = DIRECTION('',(0.,0.,1.));
#2499 = DIRECTION('',(1.,0.,0.));
#2500 = ADVANCED_FACE('',(#2501),#2519,.T.);
#2501 = FACE_BOUND('',#2502,.T.);
#2502 = EDGE_LOOP('',(#2503,#2504,#2512,#2518));
#2503 = ORIENTED_EDGE('',*,*,#2489,.T.);
#2504 = ORIENTED_EDGE('',*,*,#2505,.T.);
#2505 = EDGE_CURVE('',#2481,#2506,#2508,.T.);
#2506 = VERTEX_POINT('',#2507);
#2507 = CARTESIAN_POINT('',(-49.5,61.,-0.5));
#2508 = LINE('',#2509,#2510);
#2509 = CARTESIAN_POINT('',(49.5,61.,-0.5));
#2510 = VECTOR('',#2511,1.);
#2511 = DIRECTION('',(-1.,0.,0.));
#2512 = ORIENTED_EDGE('',*,*,#2513,.F.);
#2513 = EDGE_CURVE('',#589,#2506,#2514,.T.);
#2514 = LINE('',#2515,#2516);
#2515 = CARTESIAN_POINT('',(-49.5,61.,28.));
#2516 = VECTOR('',#2517,1.);
#2517 = DIRECTION('',(-0.,-0.,-1.));
#2518 = ORIENTED_EDGE('',*,*,#588,.F.);
#2519 = PLANE('',#2520);
#2520 = AXIS2_PLACEMENT_3D('',#2521,#2522,#2523);
#2521 = CARTESIAN_POINT('',(49.5,61.,28.));
#2522 = DIRECTION('',(0.,1.,0.));
#2523 = DIRECTION('',(-1.,0.,0.));
#2524 = ADVANCED_FACE('',(#2525),#2544,.T.);
#2525 = FACE_BOUND('',#2526,.T.);
#2526 = EDGE_LOOP('',(#2527,#2528,#2537,#2543));
#2527 = ORIENTED_EDGE('',*,*,#2513,.T.);
#2528 = ORIENTED_EDGE('',*,*,#2529,.T.);
#2529 = EDGE_CURVE('',#2506,#2530,#2532,.T.);
#2530 = VERTEX_POINT('',#2531);
#2531 = CARTESIAN_POINT('',(-57.5,53.,-0.5));
#2532 = CIRCLE('',#2533,8.);
#2533 = AXIS2_PLACEMENT_3D('',#2534,#2535,#2536);
#2534 = CARTESIAN_POINT('',(-49.5,53.,-0.5));
#2535 = DIRECTION('',(0.,-0.,1.));
#2536 = DIRECTION('',(0.,1.,0.));
#2537 = ORIENTED_EDGE('',*,*,#2538,.F.);
#2538 = EDGE_CURVE('',#597,#2530,#2539,.T.);
#2539 = LINE('',#2540,#2541);
#2540 = CARTESIAN_POINT('',(-57.5,53.,28.));
#2541 = VECTOR('',#2542,1.);
#2542 = DIRECTION('',(-0.,-0.,-1.));
#2543 = ORIENTED_EDGE('',*,*,#596,.F.);
#2544 = CYLINDRICAL_SURFACE('',#2545,8.);
#2545 = AXIS2_PLACEMENT_3D('',#2546,#2547,#2548);
#2546 = CARTESIAN_POINT('',(-49.5,53.,28.));
#2547 = DIRECTION('',(0.,0.,1.));
#2548 = DIRECTION('',(1.,0.,0.));
#2549 = ADVANCED_FACE('',(#2550),#2561,.T.);
#2550 = FACE_BOUND('',#2551,.T.);
#2551 = EDGE_LOOP('',(#2552,#2553,#2559,#2560));
#2552 = ORIENTED_EDGE('',*,*,#2538,.T.);
#2553 = ORIENTED_EDGE('',*,*,#2554,.T.);
#2554 = EDGE_CURVE('',#2530,#629,#2555,.T.);
#2555 = LINE('',#2556,#2557);
#2556 = CARTESIAN_POINT('',(-57.5,53.,-0.5));
#2557 = VECTOR('',#2558,1.);
#2558 = DIRECTION('',(0.,-1.,0.));
#2559 = ORIENTED_EDGE('',*,*,#628,.F.);
#2560 = ORIENTED_EDGE('',*,*,#605,.F.);
#2561 = PLANE('',#2562);
#2562 = AXIS2_PLACEMENT_3D('',#2563,#2564,#2565);
#2563 = CARTESIAN_POINT('',(-57.5,53.,28.));
#2564 = DIRECTION('',(-1.,0.,0.));
#2565 = DIRECTION('',(0.,-1.,0.));
#2566 = ADVANCED_FACE('',(#2567),#2578,.F.);
#2567 = FACE_BOUND('',#2568,.F.);
#2568 = EDGE_LOOP('',(#2569,#2570,#2571,#2577));
#2569 = ORIENTED_EDGE('',*,*,#1206,.F.);
#2570 = ORIENTED_EDGE('',*,*,#1230,.T.);
#2571 = ORIENTED_EDGE('',*,*,#2572,.T.);
#2572 = EDGE_CURVE('',#1231,#1279,#2573,.T.);
#2573 = LINE('',#2574,#2575);
#2574 = CARTESIAN_POINT('',(56.75,53.,-1.25));
#2575 = VECTOR('',#2576,1.);
#2576 = DIRECTION('',(-0.707106781187,0.,-0.707106781187));
#2577 = ORIENTED_EDGE('',*,*,#1278,.F.);
#2578 = PLANE('',#2579);
#2579 = AXIS2_PLACEMENT_3D('',#2580,#2581,#2582);
#2580 = CARTESIAN_POINT('',(56.75,-42.,-1.25));
#2581 = DIRECTION('',(-0.707106781187,0.,0.707106781187));
#2582 = DIRECTION('',(0.,1.,0.));
#2583 = ADVANCED_FACE('',(#2584),#2595,.F.);
#2584 = FACE_BOUND('',#2585,.F.);
#2585 = EDGE_LOOP('',(#2586,#2592,#2593,#2594));
#2586 = ORIENTED_EDGE('',*,*,#2587,.F.);
#2587 = EDGE_CURVE('',#2530,#1304,#2588,.T.);
#2588 = LINE('',#2589,#2590);
#2589 = CARTESIAN_POINT('',(-57.5,53.,-0.5));
#2590 = VECTOR('',#2591,1.);
#2591 = DIRECTION('',(0.707106781187,5.60903504845E-15,-0.707106781187)
  );
#2592 = ORIENTED_EDGE('',*,*,#2554,.T.);
#2593 = ORIENTED_EDGE('',*,*,#1253,.T.);
#2594 = ORIENTED_EDGE('',*,*,#1312,.F.);
#2595 = PLANE('',#2596);
#2596 = AXIS2_PLACEMENT_3D('',#2597,#2598,#2599);
#2597 = CARTESIAN_POINT('',(-56.75,53.,-1.25));
#2598 = DIRECTION('',(0.707106781187,0.,0.707106781187));
#2599 = DIRECTION('',(0.,-1.,0.));
#2600 = ADVANCED_FACE('',(#2601),#2612,.T.);
#2601 = FACE_BOUND('',#2602,.F.);
#2602 = EDGE_LOOP('',(#2603,#2604,#2605,#2611));
#2603 = ORIENTED_EDGE('',*,*,#2572,.F.);
#2604 = ORIENTED_EDGE('',*,*,#2480,.T.);
#2605 = ORIENTED_EDGE('',*,*,#2606,.T.);
#2606 = EDGE_CURVE('',#2481,#1287,#2607,.T.);
#2607 = LINE('',#2608,#2609);
#2608 = CARTESIAN_POINT('',(49.5,61.,-0.5));
#2609 = VECTOR('',#2610,1.);
#2610 = DIRECTION('',(-2.003070486802E-16,-0.707106781187,
    -0.707106781187));
#2611 = ORIENTED_EDGE('',*,*,#1286,.F.);
#2612 = CONICAL_SURFACE('',#2613,8.,0.785398163397);
#2613 = AXIS2_PLACEMENT_3D('',#2614,#2615,#2616);
#2614 = CARTESIAN_POINT('',(49.5,53.,-0.5));
#2615 = DIRECTION('',(0.,0.,1.));
#2616 = DIRECTION('',(1.,0.,0.));
#2617 = ADVANCED_FACE('',(#2618),#2629,.F.);
#2618 = FACE_BOUND('',#2619,.F.);
#2619 = EDGE_LOOP('',(#2620,#2621,#2622,#2628));
#2620 = ORIENTED_EDGE('',*,*,#2606,.F.);
#2621 = ORIENTED_EDGE('',*,*,#2505,.T.);
#2622 = ORIENTED_EDGE('',*,*,#2623,.T.);
#2623 = EDGE_CURVE('',#2506,#1296,#2624,.T.);
#2624 = LINE('',#2625,#2626);
#2625 = CARTESIAN_POINT('',(-49.5,60.25,-1.25));
#2626 = VECTOR('',#2627,1.);
#2627 = DIRECTION('',(-0.,-0.707106781187,-0.707106781187));
#2628 = ORIENTED_EDGE('',*,*,#1295,.F.);
#2629 = PLANE('',#2630);
#2630 = AXIS2_PLACEMENT_3D('',#2631,#2632,#2633);
#2631 = CARTESIAN_POINT('',(49.5,60.25,-1.25));
#2632 = DIRECTION('',(0.,-0.707106781187,0.707106781187));
#2633 = DIRECTION('',(-1.,0.,0.));
#2634 = ADVANCED_FACE('',(#2635),#2641,.T.);
#2635 = FACE_BOUND('',#2636,.F.);
#2636 = EDGE_LOOP('',(#2637,#2638,#2639,#2640));
#2637 = ORIENTED_EDGE('',*,*,#2623,.F.);
#2638 = ORIENTED_EDGE('',*,*,#2529,.T.);
#2639 = ORIENTED_EDGE('',*,*,#2587,.T.);
#2640 = ORIENTED_EDGE('',*,*,#1303,.F.);
#2641 = CONICAL_SURFACE('',#2642,8.,0.785398163397);
#2642 = AXIS2_PLACEMENT_3D('',#2643,#2644,#2645);
#2643 = CARTESIAN_POINT('',(-49.5,53.,-0.5));
#2644 = DIRECTION('',(0.,0.,1.));
#2645 = DIRECTION('',(0.,1.,0.));
#2646 = ADVANCED_FACE('',(#2647),#2666,.F.);
#2647 = FACE_BOUND('',#2648,.F.);
#2648 = EDGE_LOOP('',(#2649,#2658,#2664,#2665));
#2649 = ORIENTED_EDGE('',*,*,#2650,.F.);
#2650 = EDGE_CURVE('',#2651,#2651,#2653,.T.);
#2651 = VERTEX_POINT('',#2652);
#2652 = CARTESIAN_POINT('',(-26.5,-33.875,0.));
#2653 = CIRCLE('',#2654,3.5);
#2654 = AXIS2_PLACEMENT_3D('',#2655,#2656,#2657);
#2655 = CARTESIAN_POINT('',(-30.,-33.875,0.));
#2656 = DIRECTION('',(0.,0.,1.));
#2657 = DIRECTION('',(1.,0.,0.));
#2658 = ORIENTED_EDGE('',*,*,#2659,.T.);
#2659 = EDGE_CURVE('',#2651,#1324,#2660,.T.);
#2660 = LINE('',#2661,#2662);
#2661 = CARTESIAN_POINT('',(-26.5,-33.875,0.));
#2662 = VECTOR('',#2663,1.);
#2663 = DIRECTION('',(-0.,-0.,-1.));
#2664 = ORIENTED_EDGE('',*,*,#1323,.T.);
#2665 = ORIENTED_EDGE('',*,*,#2659,.F.);
#2666 = CYLINDRICAL_SURFACE('',#2667,3.5);
#2667 = AXIS2_PLACEMENT_3D('',#2668,#2669,#2670);
#2668 = CARTESIAN_POINT('',(-30.,-33.875,0.));
#2669 = DIRECTION('',(0.,0.,1.));
#2670 = DIRECTION('',(1.,0.,0.));
#2671 = ADVANCED_FACE('',(#2672),#2691,.F.);
#2672 = FACE_BOUND('',#2673,.F.);
#2673 = EDGE_LOOP('',(#2674,#2683,#2689,#2690));
#2674 = ORIENTED_EDGE('',*,*,#2675,.F.);
#2675 = EDGE_CURVE('',#2676,#2676,#2678,.T.);
#2676 = VERTEX_POINT('',#2677);
#2677 = CARTESIAN_POINT('',(-11.5,-41.375,0.));
#2678 = CIRCLE('',#2679,3.5);
#2679 = AXIS2_PLACEMENT_3D('',#2680,#2681,#2682);
#2680 = CARTESIAN_POINT('',(-15.,-41.375,0.));
#2681 = DIRECTION('',(0.,0.,1.));
#2682 = DIRECTION('',(1.,0.,0.));
#2683 = ORIENTED_EDGE('',*,*,#2684,.T.);
#2684 = EDGE_CURVE('',#2676,#1335,#2685,.T.);
#2685 = LINE('',#2686,#2687);
#2686 = CARTESIAN_POINT('',(-11.5,-41.375,0.));
#2687 = VECTOR('',#2688,1.);
#2688 = DIRECTION('',(-0.,-0.,-1.));
#2689 = ORIENTED_EDGE('',*,*,#1334,.T.);
#2690 = ORIENTED_EDGE('',*,*,#2684,.F.);
#2691 = CYLINDRICAL_SURFACE('',#2692,3.5);
#2692 = AXIS2_PLACEMENT_3D('',#2693,#2694,#2695);
#2693 = CARTESIAN_POINT('',(-15.,-41.375,0.));
#2694 = DIRECTION('',(0.,0.,1.));
#2695 = DIRECTION('',(1.,0.,0.));
#2696 = ADVANCED_FACE('',(#2697),#2716,.F.);
#2697 = FACE_BOUND('',#2698,.F.);
#2698 = EDGE_LOOP('',(#2699,#2708,#2714,#2715));
#2699 = ORIENTED_EDGE('',*,*,#2700,.F.);
#2700 = EDGE_CURVE('',#2701,#2701,#2703,.T.);
#2701 = VERTEX_POINT('',#2702);
#2702 = CARTESIAN_POINT('',(-11.5,-26.375,0.));
#2703 = CIRCLE('',#2704,3.5);
#2704 = AXIS2_PLACEMENT_3D('',#2705,#2706,#2707);
#2705 = CARTESIAN_POINT('',(-15.,-26.375,0.));
#2706 = DIRECTION('',(0.,0.,1.));
#2707 = DIRECTION('',(1.,0.,0.));
#2708 = ORIENTED_EDGE('',*,*,#2709,.T.);
#2709 = EDGE_CURVE('',#2701,#1346,#2710,.T.);
#2710 = LINE('',#2711,#2712);
#2711 = CARTESIAN_POINT('',(-11.5,-26.375,0.));
#2712 = VECTOR('',#2713,1.);
#2713 = DIRECTION('',(-0.,-0.,-1.));
#2714 = ORIENTED_EDGE('',*,*,#1345,.T.);
#2715 = ORIENTED_EDGE('',*,*,#2709,.F.);
#2716 = CYLINDRICAL_SURFACE('',#2717,3.5);
#2717 = AXIS2_PLACEMENT_3D('',#2718,#2719,#2720);
#2718 = CARTESIAN_POINT('',(-15.,-26.375,0.));
#2719 = DIRECTION('',(0.,0.,1.));
#2720 = DIRECTION('',(1.,0.,0.));
#2721 = ADVANCED_FACE('',(#2722),#2741,.F.);
#2722 = FACE_BOUND('',#2723,.F.);
#2723 = EDGE_LOOP('',(#2724,#2733,#2739,#2740));
#2724 = ORIENTED_EDGE('',*,*,#2725,.F.);
#2725 = EDGE_CURVE('',#2726,#2726,#2728,.T.);
#2726 = VERTEX_POINT('',#2727);
#2727 = CARTESIAN_POINT('',(3.5,-33.875,0.));
#2728 = CIRCLE('',#2729,3.5);
#2729 = AXIS2_PLACEMENT_3D('',#2730,#2731,#2732);
#2730 = CARTESIAN_POINT('',(-3.685531714794E-31,-33.875,0.));
#2731 = DIRECTION('',(0.,0.,1.));
#2732 = DIRECTION('',(1.,0.,0.));
#2733 = ORIENTED_EDGE('',*,*,#2734,.T.);
#2734 = EDGE_CURVE('',#2726,#1357,#2735,.T.);
#2735 = LINE('',#2736,#2737);
#2736 = CARTESIAN_POINT('',(3.5,-33.875,0.));
#2737 = VECTOR('',#2738,1.);
#2738 = DIRECTION('',(-0.,-0.,-1.));
#2739 = ORIENTED_EDGE('',*,*,#1356,.T.);
#2740 = ORIENTED_EDGE('',*,*,#2734,.F.);
#2741 = CYLINDRICAL_SURFACE('',#2742,3.5);
#2742 = AXIS2_PLACEMENT_3D('',#2743,#2744,#2745);
#2743 = CARTESIAN_POINT('',(-3.685531714794E-31,-33.875,0.));
#2744 = DIRECTION('',(0.,0.,1.));
#2745 = DIRECTION('',(1.,0.,0.));
#2746 = ADVANCED_FACE('',(#2747),#2766,.F.);
#2747 = FACE_BOUND('',#2748,.F.);
#2748 = EDGE_LOOP('',(#2749,#2758,#2764,#2765));
#2749 = ORIENTED_EDGE('',*,*,#2750,.F.);
#2750 = EDGE_CURVE('',#2751,#2751,#2753,.T.);
#2751 = VERTEX_POINT('',#2752);
#2752 = CARTESIAN_POINT('',(33.5,-33.875,0.));
#2753 = CIRCLE('',#2754,3.5);
#2754 = AXIS2_PLACEMENT_3D('',#2755,#2756,#2757);
#2755 = CARTESIAN_POINT('',(30.,-33.875,0.));
#2756 = DIRECTION('',(0.,0.,1.));
#2757 = DIRECTION('',(1.,0.,0.));
#2758 = ORIENTED_EDGE('',*,*,#2759,.T.);
#2759 = EDGE_CURVE('',#2751,#1368,#2760,.T.);
#2760 = LINE('',#2761,#2762);
#2761 = CARTESIAN_POINT('',(33.5,-33.875,0.));
#2762 = VECTOR('',#2763,1.);
#2763 = DIRECTION('',(-0.,-0.,-1.));
#2764 = ORIENTED_EDGE('',*,*,#1367,.T.);
#2765 = ORIENTED_EDGE('',*,*,#2759,.F.);
#2766 = CYLINDRICAL_SURFACE('',#2767,3.5);
#2767 = AXIS2_PLACEMENT_3D('',#2768,#2769,#2770);
#2768 = CARTESIAN_POINT('',(30.,-33.875,0.));
#2769 = DIRECTION('',(0.,0.,1.));
#2770 = DIRECTION('',(1.,0.,0.));
#2771 = ADVANCED_FACE('',(#2772),#2797,.T.);
#2772 = FACE_BOUND('',#2773,.F.);
#2773 = EDGE_LOOP('',(#2774,#2782,#2783,#2791));
#2774 = ORIENTED_EDGE('',*,*,#2775,.F.);
#2775 = EDGE_CURVE('',#1379,#2776,#2778,.T.);
#2776 = VERTEX_POINT('',#2777);
#2777 = CARTESIAN_POINT('',(-37.5,-11.,-1.));
#2778 = LINE('',#2779,#2780);
#2779 = CARTESIAN_POINT('',(-29.5,-3.,7.));
#2780 = VECTOR('',#2781,1.);
#2781 = DIRECTION('',(0.57735026919,0.57735026919,0.57735026919));
#2782 = ORIENTED_EDGE('',*,*,#1378,.T.);
#2783 = ORIENTED_EDGE('',*,*,#2784,.T.);
#2784 = EDGE_CURVE('',#1381,#2785,#2787,.T.);
#2785 = VERTEX_POINT('',#2786);
#2786 = CARTESIAN_POINT('',(37.5,-11.,-1.));
#2787 = LINE('',#2788,#2789);
#2788 = CARTESIAN_POINT('',(25.333333333333,1.166666666667,
    11.166666666667));
#2789 = VECTOR('',#2790,1.);
#2790 = DIRECTION('',(-0.57735026919,0.57735026919,0.57735026919));
#2791 = ORIENTED_EDGE('',*,*,#2792,.F.);
#2792 = EDGE_CURVE('',#2776,#2785,#2793,.T.);
#2793 = LINE('',#2794,#2795);
#2794 = CARTESIAN_POINT('',(-37.5,-11.,-1.));
#2795 = VECTOR('',#2796,1.);
#2796 = DIRECTION('',(1.,0.,0.));
#2797 = PLANE('',#2798);
#2798 = AXIS2_PLACEMENT_3D('',#2799,#2800,#2801);
#2799 = CARTESIAN_POINT('',(-37.5,-11.5,-1.5));
#2800 = DIRECTION('',(0.,0.707106781187,-0.707106781187));
#2801 = DIRECTION('',(-1.,-0.,-0.));
#2802 = ADVANCED_FACE('',(#2803),#2821,.T.);
#2803 = FACE_BOUND('',#2804,.F.);
#2804 = EDGE_LOOP('',(#2805,#2813,#2814,#2815));
#2805 = ORIENTED_EDGE('',*,*,#2806,.F.);
#2806 = EDGE_CURVE('',#1389,#2807,#2809,.T.);
#2807 = VERTEX_POINT('',#2808);
#2808 = CARTESIAN_POINT('',(-37.5,39.,-1.));
#2809 = LINE('',#2810,#2811);
#2810 = CARTESIAN_POINT('',(-25.33333333333,26.833333333333,
    11.166666666667));
#2811 = VECTOR('',#2812,1.);
#2812 = DIRECTION('',(0.57735026919,-0.57735026919,0.57735026919));
#2813 = ORIENTED_EDGE('',*,*,#1388,.T.);
#2814 = ORIENTED_EDGE('',*,*,#2775,.T.);
#2815 = ORIENTED_EDGE('',*,*,#2816,.F.);
#2816 = EDGE_CURVE('',#2807,#2776,#2817,.T.);
#2817 = LINE('',#2818,#2819);
#2818 = CARTESIAN_POINT('',(-37.5,39.,-1.));
#2819 = VECTOR('',#2820,1.);
#2820 = DIRECTION('',(0.,-1.,0.));
#2821 = PLANE('',#2822);
#2822 = AXIS2_PLACEMENT_3D('',#2823,#2824,#2825);
#2823 = CARTESIAN_POINT('',(-38.,39.,-1.5));
#2824 = DIRECTION('',(0.707106781187,0.,-0.707106781187));
#2825 = DIRECTION('',(0.,1.,0.));
#2826 = ADVANCED_FACE('',(#2827),#2845,.T.);
#2827 = FACE_BOUND('',#2828,.F.);
#2828 = EDGE_LOOP('',(#2829,#2830,#2831,#2839));
#2829 = ORIENTED_EDGE('',*,*,#2784,.F.);
#2830 = ORIENTED_EDGE('',*,*,#1404,.T.);
#2831 = ORIENTED_EDGE('',*,*,#2832,.T.);
#2832 = EDGE_CURVE('',#1397,#2833,#2835,.T.);
#2833 = VERTEX_POINT('',#2834);
#2834 = CARTESIAN_POINT('',(37.5,39.,-1.));
#2835 = LINE('',#2836,#2837);
#2836 = CARTESIAN_POINT('',(29.5,31.,7.));
#2837 = VECTOR('',#2838,1.);
#2838 = DIRECTION('',(-0.57735026919,-0.57735026919,0.57735026919));
#2839 = ORIENTED_EDGE('',*,*,#2840,.F.);
#2840 = EDGE_CURVE('',#2785,#2833,#2841,.T.);
#2841 = LINE('',#2842,#2843);
#2842 = CARTESIAN_POINT('',(37.5,-11.,-1.));
#2843 = VECTOR('',#2844,1.);
#2844 = DIRECTION('',(0.,1.,0.));
#2845 = PLANE('',#2846);
#2846 = AXIS2_PLACEMENT_3D('',#2847,#2848,#2849);
#2847 = CARTESIAN_POINT('',(38.,-11.,-1.5));
#2848 = DIRECTION('',(-0.707106781187,0.,-0.707106781187));
#2849 = DIRECTION('',(-0.,-1.,-0.));
#2850 = ADVANCED_FACE('',(#2851),#2862,.T.);
#2851 = FACE_BOUND('',#2852,.F.);
#2852 = EDGE_LOOP('',(#2853,#2854,#2855,#2856));
#2853 = ORIENTED_EDGE('',*,*,#2832,.F.);
#2854 = ORIENTED_EDGE('',*,*,#1396,.T.);
#2855 = ORIENTED_EDGE('',*,*,#2806,.T.);
#2856 = ORIENTED_EDGE('',*,*,#2857,.F.);
#2857 = EDGE_CURVE('',#2833,#2807,#2858,.T.);
#2858 = LINE('',#2859,#2860);
#2859 = CARTESIAN_POINT('',(37.5,39.,-1.));
#2860 = VECTOR('',#2861,1.);
#2861 = DIRECTION('',(-1.,0.,0.));
#2862 = PLANE('',#2863);
#2863 = AXIS2_PLACEMENT_3D('',#2864,#2865,#2866);
#2864 = CARTESIAN_POINT('',(37.5,39.5,-1.5));
#2865 = DIRECTION('',(0.,-0.707106781187,-0.707106781187));
#2866 = DIRECTION('',(1.,0.,0.));
#2867 = ADVANCED_FACE('',(#2868),#2905,.T.);
#2868 = FACE_BOUND('',#2869,.F.);
#2869 = EDGE_LOOP('',(#2870,#2879,#2885,#2886,#2887,#2888,#2889,#2898));
#2870 = ORIENTED_EDGE('',*,*,#2871,.F.);
#2871 = EDGE_CURVE('',#2872,#2402,#2874,.T.);
#2872 = VERTEX_POINT('',#2873);
#2873 = CARTESIAN_POINT('',(53.015783757377,-46.8,0.));
#2874 = CIRCLE('',#2875,3.5);
#2875 = AXIS2_PLACEMENT_3D('',#2876,#2877,#2878);
#2876 = CARTESIAN_POINT('',(51.267766952969,-43.76776695296,0.));
#2877 = DIRECTION('',(0.,0.,1.));
#2878 = DIRECTION('',(1.,0.,0.));
#2879 = ORIENTED_EDGE('',*,*,#2880,.F.);
#2880 = EDGE_CURVE('',#2429,#2872,#2881,.T.);
#2881 = LINE('',#2882,#2883);
#2882 = CARTESIAN_POINT('',(53.015783757377,-46.8,0.));
#2883 = VECTOR('',#2884,1.);
#2884 = DIRECTION('',(-0.,-0.,-1.));
#2885 = ORIENTED_EDGE('',*,*,#2436,.F.);
#2886 = ORIENTED_EDGE('',*,*,#2443,.F.);
#2887 = ORIENTED_EDGE('',*,*,#2452,.F.);
#2888 = ORIENTED_EDGE('',*,*,#1435,.T.);
#2889 = ORIENTED_EDGE('',*,*,#2890,.F.);
#2890 = EDGE_CURVE('',#2891,#1436,#2893,.T.);
#2891 = VERTEX_POINT('',#2892);
#2892 = CARTESIAN_POINT('',(54.767766952969,-43.76776695296,0.));
#2893 = CIRCLE('',#2894,3.5);
#2894 = AXIS2_PLACEMENT_3D('',#2895,#2896,#2897);
#2895 = CARTESIAN_POINT('',(51.267766952969,-43.76776695296,0.));
#2896 = DIRECTION('',(0.,0.,1.));
#2897 = DIRECTION('',(1.,0.,0.));
#2898 = ORIENTED_EDGE('',*,*,#2899,.F.);
#2899 = EDGE_CURVE('',#2402,#2891,#2900,.T.);
#2900 = CIRCLE('',#2901,3.5);
#2901 = AXIS2_PLACEMENT_3D('',#2902,#2903,#2904);
#2902 = CARTESIAN_POINT('',(51.267766952969,-43.76776695296,0.));
#2903 = DIRECTION('',(0.,0.,1.));
#2904 = DIRECTION('',(1.,0.,0.));
#2905 = CYLINDRICAL_SURFACE('',#2906,3.5);
#2906 = AXIS2_PLACEMENT_3D('',#2907,#2908,#2909);
#2907 = CARTESIAN_POINT('',(51.267766952969,-43.76776695296,0.));
#2908 = DIRECTION('',(-0.,-0.,-1.));
#2909 = DIRECTION('',(1.,0.,0.));
#2910 = ADVANCED_FACE('',(#2911),#2941,.T.);
#2911 = FACE_BOUND('',#2912,.T.);
#2912 = EDGE_LOOP('',(#2913,#2914,#2915,#2916,#2917,#2918,#2926,#2935));
#2913 = ORIENTED_EDGE('',*,*,#1443,.F.);
#2914 = ORIENTED_EDGE('',*,*,#2890,.F.);
#2915 = ORIENTED_EDGE('',*,*,#2899,.F.);
#2916 = ORIENTED_EDGE('',*,*,#2410,.T.);
#2917 = ORIENTED_EDGE('',*,*,#2257,.F.);
#2918 = ORIENTED_EDGE('',*,*,#2919,.F.);
#2919 = EDGE_CURVE('',#2920,#2258,#2922,.T.);
#2920 = VERTEX_POINT('',#2921);
#2921 = CARTESIAN_POINT('',(45.691126483255,-24.41128,0.));
#2922 = LINE('',#2923,#2924);
#2923 = CARTESIAN_POINT('',(42.578263085345,-24.41128,0.));
#2924 = VECTOR('',#2925,1.);
#2925 = DIRECTION('',(1.,0.,0.));
#2926 = ORIENTED_EDGE('',*,*,#2927,.F.);
#2927 = EDGE_CURVE('',#2928,#2920,#2930,.T.);
#2928 = VERTEX_POINT('',#2929);
#2929 = CARTESIAN_POINT('',(44.17825,-25.92415648325,0.));
#2930 = CIRCLE('',#2931,3.5);
#2931 = AXIS2_PLACEMENT_3D('',#2932,#2933,#2934);
#2932 = CARTESIAN_POINT('',(42.57825,-22.81128,0.));
#2933 = DIRECTION('',(0.,0.,1.));
#2934 = DIRECTION('',(1.,0.,0.));
#2935 = ORIENTED_EDGE('',*,*,#2936,.F.);
#2936 = EDGE_CURVE('',#1444,#2928,#2937,.T.);
#2937 = LINE('',#2938,#2939);
#2938 = CARTESIAN_POINT('',(44.17825,-48.,0.));
#2939 = VECTOR('',#2940,1.);
#2940 = DIRECTION('',(0.,1.,0.));
#2941 = PLANE('',#2942);
#2942 = AXIS2_PLACEMENT_3D('',#2943,#2944,#2945);
#2943 = CARTESIAN_POINT('',(2.645059241065E-15,8.590040478689,0.));
#2944 = DIRECTION('',(0.,0.,1.));
#2945 = DIRECTION('',(1.,0.,0.));
#2946 = ADVANCED_FACE('',(#2947),#2965,.F.);
#2947 = FACE_BOUND('',#2948,.F.);
#2948 = EDGE_LOOP('',(#2949,#2950,#2951,#2959));
#2949 = ORIENTED_EDGE('',*,*,#2936,.F.);
#2950 = ORIENTED_EDGE('',*,*,#1451,.T.);
#2951 = ORIENTED_EDGE('',*,*,#2952,.F.);
#2952 = EDGE_CURVE('',#2953,#1452,#2955,.T.);
#2953 = VERTEX_POINT('',#2954);
#2954 = CARTESIAN_POINT('',(44.17825,-25.92415648325,16.6));
#2955 = LINE('',#2956,#2957);
#2956 = CARTESIAN_POINT('',(44.17825,-16.88672308147,16.6));
#2957 = VECTOR('',#2958,1.);
#2958 = DIRECTION('',(0.,-1.,0.));
#2959 = ORIENTED_EDGE('',*,*,#2960,.T.);
#2960 = EDGE_CURVE('',#2953,#2928,#2961,.T.);
#2961 = LINE('',#2962,#2963);
#2962 = CARTESIAN_POINT('',(44.17825,-25.92415648325,0.));
#2963 = VECTOR('',#2964,1.);
#2964 = DIRECTION('',(-0.,-0.,-1.));
#2965 = PLANE('',#2966);
#2966 = AXIS2_PLACEMENT_3D('',#2967,#2968,#2969);
#2967 = CARTESIAN_POINT('',(44.17825,-48.,0.));
#2968 = DIRECTION('',(-1.,0.,0.));
#2969 = DIRECTION('',(0.,1.,0.));
#2970 = ADVANCED_FACE('',(#2971,#3014),#3025,.T.);
#2971 = FACE_BOUND('',#2972,.T.);
#2972 = EDGE_LOOP('',(#2973,#2981,#2982,#2983,#2992,#2998,#2999,#3007));
#2973 = ORIENTED_EDGE('',*,*,#2974,.F.);
#2974 = EDGE_CURVE('',#1460,#2975,#2977,.T.);
#2975 = VERTEX_POINT('',#2976);
#2976 = CARTESIAN_POINT('',(40.97825,-25.92415648325,16.6));
#2977 = LINE('',#2978,#2979);
#2978 = CARTESIAN_POINT('',(40.97825,-4.292363081476,16.6));
#2979 = VECTOR('',#2980,1.);
#2980 = DIRECTION('',(0.,1.,0.));
#2981 = ORIENTED_EDGE('',*,*,#1459,.F.);
#2982 = ORIENTED_EDGE('',*,*,#2952,.F.);
#2983 = ORIENTED_EDGE('',*,*,#2984,.F.);
#2984 = EDGE_CURVE('',#2985,#2953,#2987,.T.);
#2985 = VERTEX_POINT('',#2986);
#2986 = CARTESIAN_POINT('',(45.691126483255,-24.41128,16.6));
#2987 = CIRCLE('',#2988,3.5);
#2988 = AXIS2_PLACEMENT_3D('',#2989,#2990,#2991);
#2989 = CARTESIAN_POINT('',(42.57825,-22.81128,16.6));
#2990 = DIRECTION('',(0.,0.,-1.));
#2991 = DIRECTION('',(1.,0.,0.));
#2992 = ORIENTED_EDGE('',*,*,#2993,.F.);
#2993 = EDGE_CURVE('',#2266,#2985,#2994,.T.);
#2994 = LINE('',#2995,#2996);
#2995 = CARTESIAN_POINT('',(21.366939632865,-24.41128,16.6));
#2996 = VECTOR('',#2997,1.);
#2997 = DIRECTION('',(-1.,0.,0.));
#2998 = ORIENTED_EDGE('',*,*,#2273,.F.);
#2999 = ORIENTED_EDGE('',*,*,#3000,.F.);
#3000 = EDGE_CURVE('',#3001,#2274,#3003,.T.);
#3001 = VERTEX_POINT('',#3002);
#3002 = CARTESIAN_POINT('',(45.691126483255,-21.21128,16.6));
#3003 = LINE('',#3004,#3005);
#3004 = CARTESIAN_POINT('',(27.827808090193,-21.21128,16.6));
#3005 = VECTOR('',#3006,1.);
#3006 = DIRECTION('',(1.,0.,0.));
#3007 = ORIENTED_EDGE('',*,*,#3008,.F.);
#3008 = EDGE_CURVE('',#2975,#3001,#3009,.T.);
#3009 = CIRCLE('',#3010,3.5);
#3010 = AXIS2_PLACEMENT_3D('',#3011,#3012,#3013);
#3011 = CARTESIAN_POINT('',(42.57825,-22.81128,16.6));
#3012 = DIRECTION('',(0.,0.,-1.));
#3013 = DIRECTION('',(1.,0.,0.));
#3014 = FACE_BOUND('',#3015,.T.);
#3015 = EDGE_LOOP('',(#3016));
#3016 = ORIENTED_EDGE('',*,*,#3017,.F.);
#3017 = EDGE_CURVE('',#3018,#3018,#3020,.T.);
#3018 = VERTEX_POINT('',#3019);
#3019 = CARTESIAN_POINT('',(43.82825,-22.81128,16.6));
#3020 = CIRCLE('',#3021,1.25);
#3021 = AXIS2_PLACEMENT_3D('',#3022,#3023,#3024);
#3022 = CARTESIAN_POINT('',(42.57825,-22.81128,16.6));
#3023 = DIRECTION('',(0.,0.,1.));
#3024 = DIRECTION('',(1.,0.,0.));
#3025 = PLANE('',#3026);
#3026 = AXIS2_PLACEMENT_3D('',#3027,#3028,#3029);
#3027 = CARTESIAN_POINT('',(44.828831962795,-31.04738654791,16.6));
#3028 = DIRECTION('',(0.,0.,1.));
#3029 = DIRECTION('',(1.,0.,0.));
#3030 = ADVANCED_FACE('',(#3031),#3049,.F.);
#3031 = FACE_BOUND('',#3032,.F.);
#3032 = EDGE_LOOP('',(#3033,#3041,#3047,#3048));
#3033 = ORIENTED_EDGE('',*,*,#3034,.F.);
#3034 = EDGE_CURVE('',#3035,#1468,#3037,.T.);
#3035 = VERTEX_POINT('',#3036);
#3036 = CARTESIAN_POINT('',(40.97825,-25.92415648325,0.));
#3037 = LINE('',#3038,#3039);
#3038 = CARTESIAN_POINT('',(40.97825,-22.81128,0.));
#3039 = VECTOR('',#3040,1.);
#3040 = DIRECTION('',(0.,-1.,0.));
#3041 = ORIENTED_EDGE('',*,*,#3042,.F.);
#3042 = EDGE_CURVE('',#2975,#3035,#3043,.T.);
#3043 = LINE('',#3044,#3045);
#3044 = CARTESIAN_POINT('',(40.97825,-25.92415648325,0.));
#3045 = VECTOR('',#3046,1.);
#3046 = DIRECTION('',(-0.,-0.,-1.));
#3047 = ORIENTED_EDGE('',*,*,#2974,.F.);
#3048 = ORIENTED_EDGE('',*,*,#1467,.F.);
#3049 = PLANE('',#3050);
#3050 = AXIS2_PLACEMENT_3D('',#3051,#3052,#3053);
#3051 = CARTESIAN_POINT('',(40.97825,-22.81128,0.));
#3052 = DIRECTION('',(1.,0.,0.));
#3053 = DIRECTION('',(0.,-1.,0.));
#3054 = ADVANCED_FACE('',(#3055,#3100,#3103,#3106,#3109,#3112),#3115,.T.
  );
#3055 = FACE_BOUND('',#3056,.T.);
#3056 = EDGE_LOOP('',(#3057,#3058,#3059,#3068,#3076,#3085,#3094));
#3057 = ORIENTED_EDGE('',*,*,#1475,.F.);
#3058 = ORIENTED_EDGE('',*,*,#3034,.F.);
#3059 = ORIENTED_EDGE('',*,*,#3060,.F.);
#3060 = EDGE_CURVE('',#3061,#3035,#3063,.T.);
#3061 = VERTEX_POINT('',#3062);
#3062 = CARTESIAN_POINT('',(40.881616639017,-19.75,0.));
#3063 = CIRCLE('',#3064,3.5);
#3064 = AXIS2_PLACEMENT_3D('',#3065,#3066,#3067);
#3065 = CARTESIAN_POINT('',(42.57825,-22.81128,0.));
#3066 = DIRECTION('',(0.,0.,1.));
#3067 = DIRECTION('',(1.,0.,0.));
#3068 = ORIENTED_EDGE('',*,*,#3069,.F.);
#3069 = EDGE_CURVE('',#3070,#3061,#3072,.T.);
#3070 = VERTEX_POINT('',#3071);
#3071 = CARTESIAN_POINT('',(-40.98973467506,-19.75,0.));
#3072 = LINE('',#3073,#3074);
#3073 = CARTESIAN_POINT('',(-55.5,-19.75,0.));
#3074 = VECTOR('',#3075,1.);
#3075 = DIRECTION('',(1.,0.,0.));
#3076 = ORIENTED_EDGE('',*,*,#3077,.F.);
#3077 = EDGE_CURVE('',#3078,#3070,#3080,.T.);
#3078 = VERTEX_POINT('',#3079);
#3079 = CARTESIAN_POINT('',(-38.12275,-23.19228,0.));
#3080 = CIRCLE('',#3081,3.5);
#3081 = AXIS2_PLACEMENT_3D('',#3082,#3083,#3084);
#3082 = CARTESIAN_POINT('',(-41.62275,-23.19228,0.));
#3083 = DIRECTION('',(0.,0.,1.));
#3084 = DIRECTION('',(1.,0.,0.));
#3085 = ORIENTED_EDGE('',*,*,#3086,.F.);
#3086 = EDGE_CURVE('',#3087,#3078,#3089,.T.);
#3087 = VERTEX_POINT('',#3088);
#3088 = CARTESIAN_POINT('',(-40.02275,-26.30515648325,0.));
#3089 = CIRCLE('',#3090,3.5);
#3090 = AXIS2_PLACEMENT_3D('',#3091,#3092,#3093);
#3091 = CARTESIAN_POINT('',(-41.62275,-23.19228,0.));
#3092 = DIRECTION('',(0.,0.,1.));
#3093 = DIRECTION('',(1.,0.,0.));
#3094 = ORIENTED_EDGE('',*,*,#3095,.F.);
#3095 = EDGE_CURVE('',#1476,#3087,#3096,.T.);
#3096 = LINE('',#3097,#3098);
#3097 = CARTESIAN_POINT('',(-40.02275,-48.,0.));
#3098 = VECTOR('',#3099,1.);
#3099 = DIRECTION('',(0.,1.,0.));
#3100 = FACE_BOUND('',#3101,.T.);
#3101 = EDGE_LOOP('',(#3102));
#3102 = ORIENTED_EDGE('',*,*,#2675,.F.);
#3103 = FACE_BOUND('',#3104,.T.);
#3104 = EDGE_LOOP('',(#3105));
#3105 = ORIENTED_EDGE('',*,*,#2650,.F.);
#3106 = FACE_BOUND('',#3107,.T.);
#3107 = EDGE_LOOP('',(#3108));
#3108 = ORIENTED_EDGE('',*,*,#2700,.F.);
#3109 = FACE_BOUND('',#3110,.T.);
#3110 = EDGE_LOOP('',(#3111));
#3111 = ORIENTED_EDGE('',*,*,#2725,.F.);
#3112 = FACE_BOUND('',#3113,.T.);
#3113 = EDGE_LOOP('',(#3114));
#3114 = ORIENTED_EDGE('',*,*,#2750,.F.);
#3115 = PLANE('',#3116);
#3116 = AXIS2_PLACEMENT_3D('',#3117,#3118,#3119);
#3117 = CARTESIAN_POINT('',(2.645059241065E-15,8.590040478689,0.));
#3118 = DIRECTION('',(0.,0.,1.));
#3119 = DIRECTION('',(1.,0.,0.));
#3120 = ADVANCED_FACE('',(#3121),#3139,.F.);
#3121 = FACE_BOUND('',#3122,.F.);
#3122 = EDGE_LOOP('',(#3123,#3124,#3125,#3133));
#3123 = ORIENTED_EDGE('',*,*,#3095,.F.);
#3124 = ORIENTED_EDGE('',*,*,#1483,.T.);
#3125 = ORIENTED_EDGE('',*,*,#3126,.F.);
#3126 = EDGE_CURVE('',#3127,#1484,#3129,.T.);
#3127 = VERTEX_POINT('',#3128);
#3128 = CARTESIAN_POINT('',(-40.02275,-26.30515648325,16.6));
#3129 = LINE('',#3130,#3131);
#3130 = CARTESIAN_POINT('',(-40.02275,-16.88672308147,16.6));
#3131 = VECTOR('',#3132,1.);
#3132 = DIRECTION('',(0.,-1.,0.));
#3133 = ORIENTED_EDGE('',*,*,#3134,.T.);
#3134 = EDGE_CURVE('',#3127,#3087,#3135,.T.);
#3135 = LINE('',#3136,#3137);
#3136 = CARTESIAN_POINT('',(-40.02275,-26.30515648325,0.));
#3137 = VECTOR('',#3138,1.);
#3138 = DIRECTION('',(-0.,-0.,-1.));
#3139 = PLANE('',#3140);
#3140 = AXIS2_PLACEMENT_3D('',#3141,#3142,#3143);
#3141 = CARTESIAN_POINT('',(-40.02275,-48.,0.));
#3142 = DIRECTION('',(-1.,0.,0.));
#3143 = DIRECTION('',(0.,1.,0.));
#3144 = ADVANCED_FACE('',(#3145,#3197),#3208,.T.);
#3145 = FACE_BOUND('',#3146,.T.);
#3146 = EDGE_LOOP('',(#3147,#3155,#3156,#3157,#3166,#3175,#3181,#3182,
    #3190));
#3147 = ORIENTED_EDGE('',*,*,#3148,.F.);
#3148 = EDGE_CURVE('',#1492,#3149,#3151,.T.);
#3149 = VERTEX_POINT('',#3150);
#3150 = CARTESIAN_POINT('',(-43.22275,-26.30515648325,16.6));
#3151 = LINE('',#3152,#3153);
#3152 = CARTESIAN_POINT('',(-43.22275,-4.482863081476,16.6));
#3153 = VECTOR('',#3154,1.);
#3154 = DIRECTION('',(0.,1.,0.));
#3155 = ORIENTED_EDGE('',*,*,#1491,.F.);
#3156 = ORIENTED_EDGE('',*,*,#3126,.F.);
#3157 = ORIENTED_EDGE('',*,*,#3158,.F.);
#3158 = EDGE_CURVE('',#3159,#3127,#3161,.T.);
#3159 = VERTEX_POINT('',#3160);
#3160 = CARTESIAN_POINT('',(-38.12275,-23.19228,16.6));
#3161 = CIRCLE('',#3162,3.5);
#3162 = AXIS2_PLACEMENT_3D('',#3163,#3164,#3165);
#3163 = CARTESIAN_POINT('',(-41.62275,-23.19228,16.6));
#3164 = DIRECTION('',(0.,0.,-1.));
#3165 = DIRECTION('',(1.,0.,0.));
#3166 = ORIENTED_EDGE('',*,*,#3167,.F.);
#3167 = EDGE_CURVE('',#3168,#3159,#3170,.T.);
#3168 = VERTEX_POINT('',#3169);
#3169 = CARTESIAN_POINT('',(-44.73562648325,-21.59228,16.6));
#3170 = CIRCLE('',#3171,3.5);
#3171 = AXIS2_PLACEMENT_3D('',#3172,#3173,#3174);
#3172 = CARTESIAN_POINT('',(-41.62275,-23.19228,16.6));
#3173 = DIRECTION('',(0.,0.,-1.));
#3174 = DIRECTION('',(1.,0.,0.));
#3175 = ORIENTED_EDGE('',*,*,#3176,.F.);
#3176 = EDGE_CURVE('',#1795,#3168,#3177,.T.);
#3177 = LINE('',#3178,#3179);
#3178 = CARTESIAN_POINT('',(-20.73356069821,-21.59228,16.6));
#3179 = VECTOR('',#3180,1.);
#3180 = DIRECTION('',(1.,0.,0.));
#3181 = ORIENTED_EDGE('',*,*,#1802,.F.);
#3182 = ORIENTED_EDGE('',*,*,#3183,.F.);
#3183 = EDGE_CURVE('',#3184,#1803,#3186,.T.);
#3184 = VERTEX_POINT('',#3185);
#3185 = CARTESIAN_POINT('',(-44.73562648325,-24.79228,16.6));
#3186 = LINE('',#3187,#3188);
#3187 = CARTESIAN_POINT('',(-27.6721919098,-24.79228,16.6));
#3188 = VECTOR('',#3189,1.);
#3189 = DIRECTION('',(-1.,0.,0.));
#3190 = ORIENTED_EDGE('',*,*,#3191,.F.);
#3191 = EDGE_CURVE('',#3149,#3184,#3192,.T.);
#3192 = CIRCLE('',#3193,3.5);
#3193 = AXIS2_PLACEMENT_3D('',#3194,#3195,#3196);
#3194 = CARTESIAN_POINT('',(-41.62275,-23.19228,16.6));
#3195 = DIRECTION('',(0.,0.,-1.));
#3196 = DIRECTION('',(1.,0.,0.));
#3197 = FACE_BOUND('',#3198,.T.);
#3198 = EDGE_LOOP('',(#3199));
#3199 = ORIENTED_EDGE('',*,*,#3200,.F.);
#3200 = EDGE_CURVE('',#3201,#3201,#3203,.T.);
#3201 = VERTEX_POINT('',#3202);
#3202 = CARTESIAN_POINT('',(-40.37275,-23.19228,16.6));
#3203 = CIRCLE('',#3204,1.25);
#3204 = AXIS2_PLACEMENT_3D('',#3205,#3206,#3207);
#3205 = CARTESIAN_POINT('',(-41.62275,-23.19228,16.6));
#3206 = DIRECTION('',(0.,0.,1.));
#3207 = DIRECTION('',(1.,0.,0.));
#3208 = PLANE('',#3209);
#3209 = AXIS2_PLACEMENT_3D('',#3210,#3211,#3212);
#3210 = CARTESIAN_POINT('',(-44.13386190718,-31.02272780714,16.6));
#3211 = DIRECTION('',(0.,0.,1.));
#3212 = DIRECTION('',(1.,0.,0.));
#3213 = ADVANCED_FACE('',(#3214),#3232,.F.);
#3214 = FACE_BOUND('',#3215,.F.);
#3215 = EDGE_LOOP('',(#3216,#3224,#3230,#3231));
#3216 = ORIENTED_EDGE('',*,*,#3217,.F.);
#3217 = EDGE_CURVE('',#3218,#1500,#3220,.T.);
#3218 = VERTEX_POINT('',#3219);
#3219 = CARTESIAN_POINT('',(-43.22275,-26.30515648325,0.));
#3220 = LINE('',#3221,#3222);
#3221 = CARTESIAN_POINT('',(-43.22275,-23.19228,0.));
#3222 = VECTOR('',#3223,1.);
#3223 = DIRECTION('',(0.,-1.,0.));
#3224 = ORIENTED_EDGE('',*,*,#3225,.F.);
#3225 = EDGE_CURVE('',#3149,#3218,#3226,.T.);
#3226 = LINE('',#3227,#3228);
#3227 = CARTESIAN_POINT('',(-43.22275,-26.30515648325,0.));
#3228 = VECTOR('',#3229,1.);
#3229 = DIRECTION('',(-0.,-0.,-1.));
#3230 = ORIENTED_EDGE('',*,*,#3148,.F.);
#3231 = ORIENTED_EDGE('',*,*,#1499,.F.);
#3232 = PLANE('',#3233);
#3233 = AXIS2_PLACEMENT_3D('',#3234,#3235,#3236);
#3234 = CARTESIAN_POINT('',(-43.22275,-23.19228,0.));
#3235 = DIRECTION('',(1.,0.,0.));
#3236 = DIRECTION('',(0.,-1.,0.));
#3237 = ADVANCED_FACE('',(#3238),#3275,.T.);
#3238 = FACE_BOUND('',#3239,.T.);
#3239 = EDGE_LOOP('',(#3240,#3241,#3250,#3257,#3258,#3259,#3268,#3274));
#3240 = ORIENTED_EDGE('',*,*,#1632,.T.);
#3241 = ORIENTED_EDGE('',*,*,#3242,.F.);
#3242 = EDGE_CURVE('',#3243,#1633,#3245,.T.);
#3243 = VERTEX_POINT('',#3244);
#3244 = CARTESIAN_POINT('',(-47.76776695296,-43.76776695296,0.));
#3245 = CIRCLE('',#3246,3.5);
#3246 = AXIS2_PLACEMENT_3D('',#3247,#3248,#3249);
#3247 = CARTESIAN_POINT('',(-51.26776695296,-43.76776695296,0.));
#3248 = DIRECTION('',(0.,0.,1.));
#3249 = DIRECTION('',(1.,0.,0.));
#3250 = ORIENTED_EDGE('',*,*,#3251,.F.);
#3251 = EDGE_CURVE('',#1508,#3243,#3252,.T.);
#3252 = CIRCLE('',#3253,3.5);
#3253 = AXIS2_PLACEMENT_3D('',#3254,#3255,#3256);
#3254 = CARTESIAN_POINT('',(-51.26776695296,-43.76776695296,0.));
#3255 = DIRECTION('',(0.,0.,1.));
#3256 = DIRECTION('',(1.,0.,0.));
#3257 = ORIENTED_EDGE('',*,*,#1507,.T.);
#3258 = ORIENTED_EDGE('',*,*,#3217,.F.);
#3259 = ORIENTED_EDGE('',*,*,#3260,.F.);
#3260 = EDGE_CURVE('',#3261,#3218,#3263,.T.);
#3261 = VERTEX_POINT('',#3262);
#3262 = CARTESIAN_POINT('',(-44.73562648325,-24.79228,0.));
#3263 = CIRCLE('',#3264,3.5);
#3264 = AXIS2_PLACEMENT_3D('',#3265,#3266,#3267);
#3265 = CARTESIAN_POINT('',(-41.62275,-23.19228,0.));
#3266 = DIRECTION('',(0.,0.,1.));
#3267 = DIRECTION('',(1.,0.,0.));
#3268 = ORIENTED_EDGE('',*,*,#3269,.F.);
#3269 = EDGE_CURVE('',#1657,#3261,#3270,.T.);
#3270 = LINE('',#3271,#3272);
#3271 = CARTESIAN_POINT('',(-55.5,-24.79228,0.));
#3272 = VECTOR('',#3273,1.);
#3273 = DIRECTION('',(1.,0.,0.));
#3274 = ORIENTED_EDGE('',*,*,#1656,.F.);
#3275 = PLANE('',#3276);
#3276 = AXIS2_PLACEMENT_3D('',#3277,#3278,#3279);
#3277 = CARTESIAN_POINT('',(2.645059241065E-15,8.590040478689,0.));
#3278 = DIRECTION('',(0.,0.,1.));
#3279 = DIRECTION('',(1.,0.,0.));
#3280 = ADVANCED_FACE('',(#3281),#3304,.T.);
#3281 = FACE_BOUND('',#3282,.F.);
#3282 = EDGE_LOOP('',(#3283,#3284,#3292,#3299,#3300,#3301,#3302,#3303));
#3283 = ORIENTED_EDGE('',*,*,#1580,.F.);
#3284 = ORIENTED_EDGE('',*,*,#3285,.T.);
#3285 = EDGE_CURVE('',#1581,#3286,#3288,.T.);
#3286 = VERTEX_POINT('',#3287);
#3287 = CARTESIAN_POINT('',(-53.01578375737,-46.8,0.));
#3288 = LINE('',#3289,#3290);
#3289 = CARTESIAN_POINT('',(-53.01578375737,-46.8,0.));
#3290 = VECTOR('',#3291,1.);
#3291 = DIRECTION('',(-0.,-0.,-1.));
#3292 = ORIENTED_EDGE('',*,*,#3293,.F.);
#3293 = EDGE_CURVE('',#1633,#3286,#3294,.T.);
#3294 = CIRCLE('',#3295,3.5);
#3295 = AXIS2_PLACEMENT_3D('',#3296,#3297,#3298);
#3296 = CARTESIAN_POINT('',(-51.26776695296,-43.76776695296,0.));
#3297 = DIRECTION('',(0.,0.,1.));
#3298 = DIRECTION('',(1.,0.,0.));
#3299 = ORIENTED_EDGE('',*,*,#3242,.F.);
#3300 = ORIENTED_EDGE('',*,*,#3251,.F.);
#3301 = ORIENTED_EDGE('',*,*,#1515,.F.);
#3302 = ORIENTED_EDGE('',*,*,#1564,.F.);
#3303 = ORIENTED_EDGE('',*,*,#1573,.F.);
#3304 = CYLINDRICAL_SURFACE('',#3305,3.5);
#3305 = AXIS2_PLACEMENT_3D('',#3306,#3307,#3308);
#3306 = CARTESIAN_POINT('',(-51.26776695296,-43.76776695296,0.));
#3307 = DIRECTION('',(-0.,-0.,-1.));
#3308 = DIRECTION('',(1.,0.,0.));
#3309 = ADVANCED_FACE('',(#3310),#3321,.T.);
#3310 = FACE_BOUND('',#3311,.T.);
#3311 = EDGE_LOOP('',(#3312,#3313,#3314,#3320));
#3312 = ORIENTED_EDGE('',*,*,#1589,.T.);
#3313 = ORIENTED_EDGE('',*,*,#3285,.T.);
#3314 = ORIENTED_EDGE('',*,*,#3315,.F.);
#3315 = EDGE_CURVE('',#1615,#3286,#3316,.T.);
#3316 = LINE('',#3317,#3318);
#3317 = CARTESIAN_POINT('',(-53.5,-46.8,0.));
#3318 = VECTOR('',#3319,1.);
#3319 = DIRECTION('',(1.,0.,0.));
#3320 = ORIENTED_EDGE('',*,*,#1614,.T.);
#3321 = PLANE('',#3322);
#3322 = AXIS2_PLACEMENT_3D('',#3323,#3324,#3325);
#3323 = CARTESIAN_POINT('',(-53.5,-46.8,28.));
#3324 = DIRECTION('',(0.,1.,0.));
#3325 = DIRECTION('',(0.,0.,-1.));
#3326 = ADVANCED_FACE('',(#3327),#3346,.F.);
#3327 = FACE_BOUND('',#3328,.T.);
#3328 = EDGE_LOOP('',(#3329,#3337,#3338,#3339));
#3329 = ORIENTED_EDGE('',*,*,#3330,.F.);
#3330 = EDGE_CURVE('',#1598,#3331,#3333,.T.);
#3331 = VERTEX_POINT('',#3332);
#3332 = CARTESIAN_POINT('',(-50.01776695296,-43.76776695296,12.));
#3333 = LINE('',#3334,#3335);
#3334 = CARTESIAN_POINT('',(-50.01776695296,-43.76776695296,28.));
#3335 = VECTOR('',#3336,1.);
#3336 = DIRECTION('',(-5.551115123126E-17,0.,-1.));
#3337 = ORIENTED_EDGE('',*,*,#1597,.T.);
#3338 = ORIENTED_EDGE('',*,*,#3330,.T.);
#3339 = ORIENTED_EDGE('',*,*,#3340,.F.);
#3340 = EDGE_CURVE('',#3331,#3331,#3341,.T.);
#3341 = CIRCLE('',#3342,1.25);
#3342 = AXIS2_PLACEMENT_3D('',#3343,#3344,#3345);
#3343 = CARTESIAN_POINT('',(-51.26776695296,-43.76776695296,12.));
#3344 = DIRECTION('',(0.,0.,1.));
#3345 = DIRECTION('',(1.,0.,0.));
#3346 = CYLINDRICAL_SURFACE('',#3347,1.25);
#3347 = AXIS2_PLACEMENT_3D('',#3348,#3349,#3350);
#3348 = CARTESIAN_POINT('',(-51.26776695296,-43.76776695296,28.));
#3349 = DIRECTION('',(-0.,-0.,-1.));
#3350 = DIRECTION('',(1.,0.,0.));
#3351 = ADVANCED_FACE('',(#3352),#3357,.T.);
#3352 = FACE_BOUND('',#3353,.T.);
#3353 = EDGE_LOOP('',(#3354,#3355,#3356));
#3354 = ORIENTED_EDGE('',*,*,#3293,.F.);
#3355 = ORIENTED_EDGE('',*,*,#1641,.T.);
#3356 = ORIENTED_EDGE('',*,*,#3315,.T.);
#3357 = PLANE('',#3358);
#3358 = AXIS2_PLACEMENT_3D('',#3359,#3360,#3361);
#3359 = CARTESIAN_POINT('',(2.645059241065E-15,8.590040478689,0.));
#3360 = DIRECTION('',(0.,0.,1.));
#3361 = DIRECTION('',(1.,0.,0.));
#3362 = ADVANCED_FACE('',(#3363),#3374,.F.);
#3363 = FACE_BOUND('',#3364,.F.);
#3364 = EDGE_LOOP('',(#3365,#3366,#3367,#3368));
#3365 = ORIENTED_EDGE('',*,*,#3269,.F.);
#3366 = ORIENTED_EDGE('',*,*,#1810,.T.);
#3367 = ORIENTED_EDGE('',*,*,#3183,.F.);
#3368 = ORIENTED_EDGE('',*,*,#3369,.T.);
#3369 = EDGE_CURVE('',#3184,#3261,#3370,.T.);
#3370 = LINE('',#3371,#3372);
#3371 = CARTESIAN_POINT('',(-44.73562648325,-24.79228,0.));
#3372 = VECTOR('',#3373,1.);
#3373 = DIRECTION('',(-0.,-0.,-1.));
#3374 = PLANE('',#3375);
#3375 = AXIS2_PLACEMENT_3D('',#3376,#3377,#3378);
#3376 = CARTESIAN_POINT('',(-55.5,-24.79228,0.));
#3377 = DIRECTION('',(0.,1.,0.));
#3378 = DIRECTION('',(1.,0.,0.));
#3379 = ADVANCED_FACE('',(#3380),#3398,.F.);
#3380 = FACE_BOUND('',#3381,.F.);
#3381 = EDGE_LOOP('',(#3382,#3390,#3396,#3397));
#3382 = ORIENTED_EDGE('',*,*,#3383,.F.);
#3383 = EDGE_CURVE('',#3384,#1787,#3386,.T.);
#3384 = VERTEX_POINT('',#3385);
#3385 = CARTESIAN_POINT('',(-44.73562648325,-21.59228,0.));
#3386 = LINE('',#3387,#3388);
#3387 = CARTESIAN_POINT('',(-41.62273757681,-21.59228,0.));
#3388 = VECTOR('',#3389,1.);
#3389 = DIRECTION('',(-1.,0.,0.));
#3390 = ORIENTED_EDGE('',*,*,#3391,.F.);
#3391 = EDGE_CURVE('',#3168,#3384,#3392,.T.);
#3392 = LINE('',#3393,#3394);
#3393 = CARTESIAN_POINT('',(-44.73562648325,-21.59228,0.));
#3394 = VECTOR('',#3395,1.);
#3395 = DIRECTION('',(-0.,-0.,-1.));
#3396 = ORIENTED_EDGE('',*,*,#3176,.F.);
#3397 = ORIENTED_EDGE('',*,*,#1794,.F.);
#3398 = PLANE('',#3399);
#3399 = AXIS2_PLACEMENT_3D('',#3400,#3401,#3402);
#3400 = CARTESIAN_POINT('',(-41.62273757681,-21.59228,0.));
#3401 = DIRECTION('',(0.,-1.,0.));
#3402 = DIRECTION('',(-1.,0.,0.));
#3403 = ADVANCED_FACE('',(#3404),#3423,.T.);
#3404 = FACE_BOUND('',#3405,.T.);
#3405 = EDGE_LOOP('',(#3406,#3407,#3416,#3422));
#3406 = ORIENTED_EDGE('',*,*,#3383,.F.);
#3407 = ORIENTED_EDGE('',*,*,#3408,.F.);
#3408 = EDGE_CURVE('',#3409,#3384,#3411,.T.);
#3409 = VERTEX_POINT('',#3410);
#3410 = CARTESIAN_POINT('',(-42.25576532493,-19.75,0.));
#3411 = CIRCLE('',#3412,3.5);
#3412 = AXIS2_PLACEMENT_3D('',#3413,#3414,#3415);
#3413 = CARTESIAN_POINT('',(-41.62275,-23.19228,0.));
#3414 = DIRECTION('',(0.,0.,1.));
#3415 = DIRECTION('',(1.,0.,0.));
#3416 = ORIENTED_EDGE('',*,*,#3417,.F.);
#3417 = EDGE_CURVE('',#1779,#3409,#3418,.T.);
#3418 = LINE('',#3419,#3420);
#3419 = CARTESIAN_POINT('',(-55.5,-19.75,0.));
#3420 = VECTOR('',#3421,1.);
#3421 = DIRECTION('',(1.,0.,0.));
#3422 = ORIENTED_EDGE('',*,*,#1786,.F.);
#3423 = PLANE('',#3424);
#3424 = AXIS2_PLACEMENT_3D('',#3425,#3426,#3427);
#3425 = CARTESIAN_POINT('',(2.645059241065E-15,8.590040478689,0.));
#3426 = DIRECTION('',(0.,0.,1.));
#3427 = DIRECTION('',(1.,0.,0.));
#3428 = ADVANCED_FACE('',(#3429),#3447,.F.);
#3429 = FACE_BOUND('',#3430,.F.);
#3430 = EDGE_LOOP('',(#3431,#3432,#3433,#3441));
#3431 = ORIENTED_EDGE('',*,*,#3417,.F.);
#3432 = ORIENTED_EDGE('',*,*,#1778,.T.);
#3433 = ORIENTED_EDGE('',*,*,#3434,.T.);
#3434 = EDGE_CURVE('',#1771,#3435,#3437,.T.);
#3435 = VERTEX_POINT('',#3436);
#3436 = CARTESIAN_POINT('',(-42.25576532493,-19.75,4.8));
#3437 = LINE('',#3438,#3439);
#3438 = CARTESIAN_POINT('',(-55.5,-19.75,4.8));
#3439 = VECTOR('',#3440,1.);
#3440 = DIRECTION('',(1.,0.,0.));
#3441 = ORIENTED_EDGE('',*,*,#3442,.T.);
#3442 = EDGE_CURVE('',#3435,#3409,#3443,.T.);
#3443 = LINE('',#3444,#3445);
#3444 = CARTESIAN_POINT('',(-42.25576532493,-19.75,0.));
#3445 = VECTOR('',#3446,1.);
#3446 = DIRECTION('',(-0.,-0.,-1.));
#3447 = PLANE('',#3448);
#3448 = AXIS2_PLACEMENT_3D('',#3449,#3450,#3451);
#3449 = CARTESIAN_POINT('',(-55.5,-19.75,0.));
#3450 = DIRECTION('',(0.,1.,0.));
#3451 = DIRECTION('',(1.,0.,0.));
#3452 = ADVANCED_FACE('',(#3453),#3528,.T.);
#3453 = FACE_BOUND('',#3454,.T.);
#3454 = EDGE_LOOP('',(#3455,#3463,#3464,#3465,#3474,#3482,#3491,#3497,
    #3498,#3506,#3514,#3522));
#3455 = ORIENTED_EDGE('',*,*,#3456,.T.);
#3456 = EDGE_CURVE('',#3457,#1763,#3459,.T.);
#3457 = VERTEX_POINT('',#3458);
#3458 = CARTESIAN_POINT('',(-0.6,-16.75,4.8));
#3459 = LINE('',#3460,#3461);
#3460 = CARTESIAN_POINT('',(55.5,-16.75,4.8));
#3461 = VECTOR('',#3462,1.);
#3462 = DIRECTION('',(-1.,0.,0.));
#3463 = ORIENTED_EDGE('',*,*,#1770,.T.);
#3464 = ORIENTED_EDGE('',*,*,#3434,.T.);
#3465 = ORIENTED_EDGE('',*,*,#3466,.T.);
#3466 = EDGE_CURVE('',#3435,#3467,#3469,.T.);
#3467 = VERTEX_POINT('',#3468);
#3468 = CARTESIAN_POINT('',(-40.98973467506,-19.75,4.8));
#3469 = CIRCLE('',#3470,3.5);
#3470 = AXIS2_PLACEMENT_3D('',#3471,#3472,#3473);
#3471 = CARTESIAN_POINT('',(-41.62275,-23.19228,4.8));
#3472 = DIRECTION('',(0.,0.,-1.));
#3473 = DIRECTION('',(1.,0.,0.));
#3474 = ORIENTED_EDGE('',*,*,#3475,.T.);
#3475 = EDGE_CURVE('',#3467,#3476,#3478,.T.);
#3476 = VERTEX_POINT('',#3477);
#3477 = CARTESIAN_POINT('',(40.881616639018,-19.75,4.8));
#3478 = LINE('',#3479,#3480);
#3479 = CARTESIAN_POINT('',(-55.5,-19.75,4.8));
#3480 = VECTOR('',#3481,1.);
#3481 = DIRECTION('',(1.,0.,0.));
#3482 = ORIENTED_EDGE('',*,*,#3483,.T.);
#3483 = EDGE_CURVE('',#3476,#3484,#3486,.T.);
#3484 = VERTEX_POINT('',#3485);
#3485 = CARTESIAN_POINT('',(44.274883360982,-19.75,4.8));
#3486 = CIRCLE('',#3487,3.5);
#3487 = AXIS2_PLACEMENT_3D('',#3488,#3489,#3490);
#3488 = CARTESIAN_POINT('',(42.57825,-22.81128,4.8));
#3489 = DIRECTION('',(0.,0.,-1.));
#3490 = DIRECTION('',(1.,0.,0.));
#3491 = ORIENTED_EDGE('',*,*,#3492,.T.);
#3492 = EDGE_CURVE('',#3484,#2298,#3493,.T.);
#3493 = LINE('',#3494,#3495);
#3494 = CARTESIAN_POINT('',(-55.5,-19.75,4.8));
#3495 = VECTOR('',#3496,1.);
#3496 = DIRECTION('',(1.,0.,0.));
#3497 = ORIENTED_EDGE('',*,*,#2305,.T.);
#3498 = ORIENTED_EDGE('',*,*,#3499,.T.);
#3499 = EDGE_CURVE('',#2306,#3500,#3502,.T.);
#3500 = VERTEX_POINT('',#3501);
#3501 = CARTESIAN_POINT('',(0.6,-16.75,4.8));
#3502 = LINE('',#3503,#3504);
#3503 = CARTESIAN_POINT('',(55.5,-16.75,4.8));
#3504 = VECTOR('',#3505,1.);
#3505 = DIRECTION('',(-1.,0.,0.));
#3506 = ORIENTED_EDGE('',*,*,#3507,.T.);
#3507 = EDGE_CURVE('',#3500,#3508,#3510,.T.);
#3508 = VERTEX_POINT('',#3509);
#3509 = CARTESIAN_POINT('',(0.6,-13.75,4.8));
#3510 = LINE('',#3511,#3512);
#3511 = CARTESIAN_POINT('',(0.6,-16.75,4.8));
#3512 = VECTOR('',#3513,1.);
#3513 = DIRECTION('',(0.,1.,0.));
#3514 = ORIENTED_EDGE('',*,*,#3515,.T.);
#3515 = EDGE_CURVE('',#3508,#3516,#3518,.T.);
#3516 = VERTEX_POINT('',#3517);
#3517 = CARTESIAN_POINT('',(-0.6,-13.75,4.8));
#3518 = LINE('',#3519,#3520);
#3519 = CARTESIAN_POINT('',(0.6,-13.75,4.8));
#3520 = VECTOR('',#3521,1.);
#3521 = DIRECTION('',(-1.,0.,0.));
#3522 = ORIENTED_EDGE('',*,*,#3523,.T.);
#3523 = EDGE_CURVE('',#3516,#3457,#3524,.T.);
#3524 = LINE('',#3525,#3526);
#3525 = CARTESIAN_POINT('',(-0.6,-13.75,4.8));
#3526 = VECTOR('',#3527,1.);
#3527 = DIRECTION('',(0.,-1.,0.));
#3528 = PLANE('',#3529);
#3529 = AXIS2_PLACEMENT_3D('',#3530,#3531,#3532);
#3530 = CARTESIAN_POINT('',(5.830094242134E-15,-18.15769230769,4.8));
#3531 = DIRECTION('',(0.,0.,1.));
#3532 = DIRECTION('',(1.,0.,0.));
#3533 = ADVANCED_FACE('',(#3534),#3552,.F.);
#3534 = FACE_BOUND('',#3535,.F.);
#3535 = EDGE_LOOP('',(#3536,#3544,#3550,#3551));
#3536 = ORIENTED_EDGE('',*,*,#3537,.F.);
#3537 = EDGE_CURVE('',#3538,#1755,#3540,.T.);
#3538 = VERTEX_POINT('',#3539);
#3539 = CARTESIAN_POINT('',(-0.6,-16.75,0.));
#3540 = LINE('',#3541,#3542);
#3541 = CARTESIAN_POINT('',(55.5,-16.75,0.));
#3542 = VECTOR('',#3543,1.);
#3543 = DIRECTION('',(-1.,0.,0.));
#3544 = ORIENTED_EDGE('',*,*,#3545,.T.);
#3545 = EDGE_CURVE('',#3538,#3457,#3546,.T.);
#3546 = LINE('',#3547,#3548);
#3547 = CARTESIAN_POINT('',(-0.6,-16.75,0.));
#3548 = VECTOR('',#3549,1.);
#3549 = DIRECTION('',(0.,0.,1.));
#3550 = ORIENTED_EDGE('',*,*,#3456,.T.);
#3551 = ORIENTED_EDGE('',*,*,#1762,.F.);
#3552 = PLANE('',#3553);
#3553 = AXIS2_PLACEMENT_3D('',#3554,#3555,#3556);
#3554 = CARTESIAN_POINT('',(55.5,-16.75,0.));
#3555 = DIRECTION('',(0.,-1.,0.));
#3556 = DIRECTION('',(-1.,0.,0.));
#3557 = ADVANCED_FACE('',(#3558,#3758,#3792),#3803,.T.);
#3558 = FACE_BOUND('',#3559,.T.);
#3559 = EDGE_LOOP('',(#3560,#3568,#3569,#3577,#3586,#3594,#3603,#3611,
    #3620,#3626,#3627,#3635,#3643,#3649,#3650,#3658,#3667,#3676,#3684,
    #3693,#3702,#3710,#3719,#3728,#3734,#3735,#3736,#3744,#3752));
#3560 = ORIENTED_EDGE('',*,*,#3561,.F.);
#3561 = EDGE_CURVE('',#2314,#3562,#3564,.T.);
#3562 = VERTEX_POINT('',#3563);
#3563 = CARTESIAN_POINT('',(0.6,-16.75,0.));
#3564 = LINE('',#3565,#3566);
#3565 = CARTESIAN_POINT('',(55.5,-16.75,0.));
#3566 = VECTOR('',#3567,1.);
#3567 = DIRECTION('',(-1.,0.,0.));
#3568 = ORIENTED_EDGE('',*,*,#2321,.F.);
#3569 = ORIENTED_EDGE('',*,*,#3570,.T.);
#3570 = EDGE_CURVE('',#2322,#3571,#3573,.T.);
#3571 = VERTEX_POINT('',#3572);
#3572 = CARTESIAN_POINT('',(52.88938769134,-10.95,0.));
#3573 = LINE('',#3574,#3575);
#3574 = CARTESIAN_POINT('',(55.5,-10.95,0.));
#3575 = VECTOR('',#3576,1.);
#3576 = DIRECTION('',(-1.,0.,0.));
#3577 = ORIENTED_EDGE('',*,*,#3578,.F.);
#3578 = EDGE_CURVE('',#3579,#3571,#3581,.T.);
#3579 = VERTEX_POINT('',#3580);
#3580 = CARTESIAN_POINT('',(49.35,-7.41061230866,0.));
#3581 = CIRCLE('',#3582,3.);
#3582 = AXIS2_PLACEMENT_3D('',#3583,#3584,#3585);
#3583 = CARTESIAN_POINT('',(49.95,-10.35,0.));
#3584 = DIRECTION('',(0.,0.,1.));
#3585 = DIRECTION('',(1.,0.,0.));
#3586 = ORIENTED_EDGE('',*,*,#3587,.F.);
#3587 = EDGE_CURVE('',#3588,#3579,#3590,.T.);
#3588 = VERTEX_POINT('',#3589);
#3589 = CARTESIAN_POINT('',(49.35,35.11061230866,0.));
#3590 = LINE('',#3591,#3592);
#3591 = CARTESIAN_POINT('',(49.35,35.11061230866,0.));
#3592 = VECTOR('',#3593,1.);
#3593 = DIRECTION('',(0.,-1.,0.));
#3594 = ORIENTED_EDGE('',*,*,#3595,.F.);
#3595 = EDGE_CURVE('',#3596,#3588,#3598,.T.);
#3596 = VERTEX_POINT('',#3597);
#3597 = CARTESIAN_POINT('',(49.35,40.98938769134,0.));
#3598 = CIRCLE('',#3599,3.);
#3599 = AXIS2_PLACEMENT_3D('',#3600,#3601,#3602);
#3600 = CARTESIAN_POINT('',(49.95,38.05,0.));
#3601 = DIRECTION('',(0.,0.,1.));
#3602 = DIRECTION('',(1.,0.,0.));
#3603 = ORIENTED_EDGE('',*,*,#3604,.F.);
#3604 = EDGE_CURVE('',#3605,#3596,#3607,.T.);
#3605 = VERTEX_POINT('',#3606);
#3606 = CARTESIAN_POINT('',(49.35,51.839940128492,0.));
#3607 = LINE('',#3608,#3609);
#3608 = CARTESIAN_POINT('',(49.35,59.,0.));
#3609 = VECTOR('',#3610,1.);
#3610 = DIRECTION('',(0.,-1.,0.));
#3611 = ORIENTED_EDGE('',*,*,#3612,.F.);
#3612 = EDGE_CURVE('',#3613,#3605,#3615,.T.);
#3613 = VERTEX_POINT('',#3614);
#3614 = CARTESIAN_POINT('',(49.35,57.69559377744,0.));
#3615 = CIRCLE('',#3616,3.5);
#3616 = AXIS2_PLACEMENT_3D('',#3617,#3618,#3619);
#3617 = CARTESIAN_POINT('',(51.267766952966,54.767766952966,0.));
#3618 = DIRECTION('',(0.,0.,1.));
#3619 = DIRECTION('',(1.,0.,0.));
#3620 = ORIENTED_EDGE('',*,*,#3621,.F.);
#3621 = EDGE_CURVE('',#2002,#3613,#3622,.T.);
#3622 = LINE('',#3623,#3624);
#3623 = CARTESIAN_POINT('',(49.35,59.,0.));
#3624 = VECTOR('',#3625,1.);
#3625 = DIRECTION('',(0.,-1.,0.));
#3626 = ORIENTED_EDGE('',*,*,#2009,.F.);
#3627 = ORIENTED_EDGE('',*,*,#3628,.F.);
#3628 = EDGE_CURVE('',#3629,#2010,#3631,.T.);
#3629 = VERTEX_POINT('',#3630);
#3630 = CARTESIAN_POINT('',(0.6,41.45,0.));
#3631 = LINE('',#3632,#3633);
#3632 = CARTESIAN_POINT('',(0.6,41.45,0.));
#3633 = VECTOR('',#3634,1.);
#3634 = DIRECTION('',(0.,1.,0.));
#3635 = ORIENTED_EDGE('',*,*,#3636,.F.);
#3636 = EDGE_CURVE('',#3637,#3629,#3639,.T.);
#3637 = VERTEX_POINT('',#3638);
#3638 = CARTESIAN_POINT('',(-0.6,41.45,0.));
#3639 = LINE('',#3640,#3641);
#3640 = CARTESIAN_POINT('',(-0.6,41.45,0.));
#3641 = VECTOR('',#3642,1.);
#3642 = DIRECTION('',(1.,0.,0.));
#3643 = ORIENTED_EDGE('',*,*,#3644,.F.);
#3644 = EDGE_CURVE('',#2034,#3637,#3645,.T.);
#3645 = LINE('',#3646,#3647);
#3646 = CARTESIAN_POINT('',(-0.6,59.,0.));
#3647 = VECTOR('',#3648,1.);
#3648 = DIRECTION('',(0.,-1.,0.));
#3649 = ORIENTED_EDGE('',*,*,#2041,.F.);
#3650 = ORIENTED_EDGE('',*,*,#3651,.F.);
#3651 = EDGE_CURVE('',#3652,#2042,#3654,.T.);
#3652 = VERTEX_POINT('',#3653);
#3653 = CARTESIAN_POINT('',(-43.45,55.917882294446,0.));
#3654 = LINE('',#3655,#3656);
#3655 = CARTESIAN_POINT('',(-43.45,40.98938769134,0.));
#3656 = VECTOR('',#3657,1.);
#3657 = DIRECTION('',(0.,1.,0.));
#3658 = ORIENTED_EDGE('',*,*,#3659,.F.);
#3659 = EDGE_CURVE('',#3660,#3652,#3662,.T.);
#3660 = VERTEX_POINT('',#3661);
#3661 = CARTESIAN_POINT('',(-38.91015,52.57592,0.));
#3662 = CIRCLE('',#3663,3.5);
#3663 = AXIS2_PLACEMENT_3D('',#3664,#3665,#3666);
#3664 = CARTESIAN_POINT('',(-42.41015,52.57592,0.));
#3665 = DIRECTION('',(0.,0.,1.));
#3666 = DIRECTION('',(1.,0.,0.));
#3667 = ORIENTED_EDGE('',*,*,#3668,.F.);
#3668 = EDGE_CURVE('',#3669,#3660,#3671,.T.);
#3669 = VERTEX_POINT('',#3670);
#3670 = CARTESIAN_POINT('',(-43.45,49.233957705554,0.));
#3671 = CIRCLE('',#3672,3.5);
#3672 = AXIS2_PLACEMENT_3D('',#3673,#3674,#3675);
#3673 = CARTESIAN_POINT('',(-42.41015,52.57592,0.));
#3674 = DIRECTION('',(0.,0.,1.));
#3675 = DIRECTION('',(1.,0.,0.));
#3676 = ORIENTED_EDGE('',*,*,#3677,.F.);
#3677 = EDGE_CURVE('',#3678,#3669,#3680,.T.);
#3678 = VERTEX_POINT('',#3679);
#3679 = CARTESIAN_POINT('',(-43.45,40.98938769134,0.));
#3680 = LINE('',#3681,#3682);
#3681 = CARTESIAN_POINT('',(-43.45,40.98938769134,0.));
#3682 = VECTOR('',#3683,1.);
#3683 = DIRECTION('',(0.,1.,0.));
#3684 = ORIENTED_EDGE('',*,*,#3685,.F.);
#3685 = EDGE_CURVE('',#3686,#3678,#3688,.T.);
#3686 = VERTEX_POINT('',#3687);
#3687 = CARTESIAN_POINT('',(-41.05,38.05,0.));
#3688 = CIRCLE('',#3689,3.);
#3689 = AXIS2_PLACEMENT_3D('',#3690,#3691,#3692);
#3690 = CARTESIAN_POINT('',(-44.05,38.05,0.));
#3691 = DIRECTION('',(0.,0.,1.));
#3692 = DIRECTION('',(1.,0.,0.));
#3693 = ORIENTED_EDGE('',*,*,#3694,.F.);
#3694 = EDGE_CURVE('',#3695,#3686,#3697,.T.);
#3695 = VERTEX_POINT('',#3696);
#3696 = CARTESIAN_POINT('',(-43.45,35.11061230866,0.));
#3697 = CIRCLE('',#3698,3.);
#3698 = AXIS2_PLACEMENT_3D('',#3699,#3700,#3701);
#3699 = CARTESIAN_POINT('',(-44.05,38.05,0.));
#3700 = DIRECTION('',(0.,0.,1.));
#3701 = DIRECTION('',(1.,0.,0.));
#3702 = ORIENTED_EDGE('',*,*,#3703,.F.);
#3703 = EDGE_CURVE('',#3704,#3695,#3706,.T.);
#3704 = VERTEX_POINT('',#3705);
#3705 = CARTESIAN_POINT('',(-43.45,-7.41061230866,0.));
#3706 = LINE('',#3707,#3708);
#3707 = CARTESIAN_POINT('',(-43.45,-7.41061230866,0.));
#3708 = VECTOR('',#3709,1.);
#3709 = DIRECTION('',(0.,1.,0.));
#3710 = ORIENTED_EDGE('',*,*,#3711,.F.);
#3711 = EDGE_CURVE('',#3712,#3704,#3714,.T.);
#3712 = VERTEX_POINT('',#3713);
#3713 = CARTESIAN_POINT('',(-41.05,-10.35,0.));
#3714 = CIRCLE('',#3715,3.);
#3715 = AXIS2_PLACEMENT_3D('',#3716,#3717,#3718);
#3716 = CARTESIAN_POINT('',(-44.05,-10.35,0.));
#3717 = DIRECTION('',(0.,0.,1.));
#3718 = DIRECTION('',(1.,0.,0.));
#3719 = ORIENTED_EDGE('',*,*,#3720,.F.);
#3720 = EDGE_CURVE('',#3721,#3712,#3723,.T.);
#3721 = VERTEX_POINT('',#3722);
#3722 = CARTESIAN_POINT('',(-46.98938769134,-10.95,0.));
#3723 = CIRCLE('',#3724,3.);
#3724 = AXIS2_PLACEMENT_3D('',#3725,#3726,#3727);
#3725 = CARTESIAN_POINT('',(-44.05,-10.35,0.));
#3726 = DIRECTION('',(0.,0.,1.));
#3727 = DIRECTION('',(1.,0.,0.));
#3728 = ORIENTED_EDGE('',*,*,#3729,.F.);
#3729 = EDGE_CURVE('',#1747,#3721,#3730,.T.);
#3730 = LINE('',#3731,#3732);
#3731 = CARTESIAN_POINT('',(-55.5,-10.95,0.));
#3732 = VECTOR('',#3733,1.);
#3733 = DIRECTION('',(1.,0.,0.));
#3734 = ORIENTED_EDGE('',*,*,#1754,.F.);
#3735 = ORIENTED_EDGE('',*,*,#3537,.F.);
#3736 = ORIENTED_EDGE('',*,*,#3737,.F.);
#3737 = EDGE_CURVE('',#3738,#3538,#3740,.T.);
#3738 = VERTEX_POINT('',#3739);
#3739 = CARTESIAN_POINT('',(-0.6,-13.75,0.));
#3740 = LINE('',#3741,#3742);
#3741 = CARTESIAN_POINT('',(-0.6,-13.75,0.));
#3742 = VECTOR('',#3743,1.);
#3743 = DIRECTION('',(0.,-1.,0.));
#3744 = ORIENTED_EDGE('',*,*,#3745,.F.);
#3745 = EDGE_CURVE('',#3746,#3738,#3748,.T.);
#3746 = VERTEX_POINT('',#3747);
#3747 = CARTESIAN_POINT('',(0.6,-13.75,0.));
#3748 = LINE('',#3749,#3750);
#3749 = CARTESIAN_POINT('',(0.6,-13.75,0.));
#3750 = VECTOR('',#3751,1.);
#3751 = DIRECTION('',(-1.,0.,0.));
#3752 = ORIENTED_EDGE('',*,*,#3753,.F.);
#3753 = EDGE_CURVE('',#3562,#3746,#3754,.T.);
#3754 = LINE('',#3755,#3756);
#3755 = CARTESIAN_POINT('',(0.6,-16.75,0.));
#3756 = VECTOR('',#3757,1.);
#3757 = DIRECTION('',(0.,1.,0.));
#3758 = FACE_BOUND('',#3759,.T.);
#3759 = EDGE_LOOP('',(#3760,#3770,#3778,#3786));
#3760 = ORIENTED_EDGE('',*,*,#3761,.T.);
#3761 = EDGE_CURVE('',#3762,#3764,#3766,.T.);
#3762 = VERTEX_POINT('',#3763);
#3763 = CARTESIAN_POINT('',(-37.5,-11.,0.));
#3764 = VERTEX_POINT('',#3765);
#3765 = CARTESIAN_POINT('',(-37.5,39.,0.));
#3766 = LINE('',#3767,#3768);
#3767 = CARTESIAN_POINT('',(-37.5,23.795020239345,0.));
#3768 = VECTOR('',#3769,1.);
#3769 = DIRECTION('',(0.,1.,0.));
#3770 = ORIENTED_EDGE('',*,*,#3771,.T.);
#3771 = EDGE_CURVE('',#3764,#3772,#3774,.T.);
#3772 = VERTEX_POINT('',#3773);
#3773 = CARTESIAN_POINT('',(37.5,39.,0.));
#3774 = LINE('',#3775,#3776);
#3775 = CARTESIAN_POINT('',(18.75,39.,0.));
#3776 = VECTOR('',#3777,1.);
#3777 = DIRECTION('',(1.,0.,0.));
#3778 = ORIENTED_EDGE('',*,*,#3779,.T.);
#3779 = EDGE_CURVE('',#3772,#3780,#3782,.T.);
#3780 = VERTEX_POINT('',#3781);
#3781 = CARTESIAN_POINT('',(37.5,-11.,0.));
#3782 = LINE('',#3783,#3784);
#3783 = CARTESIAN_POINT('',(37.5,-1.204979760655,0.));
#3784 = VECTOR('',#3785,1.);
#3785 = DIRECTION('',(0.,-1.,0.));
#3786 = ORIENTED_EDGE('',*,*,#3787,.T.);
#3787 = EDGE_CURVE('',#3780,#3762,#3788,.T.);
#3788 = LINE('',#3789,#3790);
#3789 = CARTESIAN_POINT('',(-18.75,-11.,0.));
#3790 = VECTOR('',#3791,1.);
#3791 = DIRECTION('',(-1.,0.,0.));
#3792 = FACE_BOUND('',#3793,.T.);
#3793 = EDGE_LOOP('',(#3794));
#3794 = ORIENTED_EDGE('',*,*,#3795,.F.);
#3795 = EDGE_CURVE('',#3796,#3796,#3798,.T.);
#3796 = VERTEX_POINT('',#3797);
#3797 = CARTESIAN_POINT('',(46.20525,51.28052,0.));
#3798 = CIRCLE('',#3799,3.5);
#3799 = AXIS2_PLACEMENT_3D('',#3800,#3801,#3802);
#3800 = CARTESIAN_POINT('',(42.70525,51.28052,0.));
#3801 = DIRECTION('',(0.,0.,1.));
#3802 = DIRECTION('',(1.,0.,0.));
#3803 = PLANE('',#3804);
#3804 = AXIS2_PLACEMENT_3D('',#3805,#3806,#3807);
#3805 = CARTESIAN_POINT('',(2.645059241065E-15,8.590040478689,0.));
#3806 = DIRECTION('',(0.,0.,1.));
#3807 = DIRECTION('',(1.,0.,0.));
#3808 = ADVANCED_FACE('',(#3809),#3827,.F.);
#3809 = FACE_BOUND('',#3810,.F.);
#3810 = EDGE_LOOP('',(#3811,#3812,#3820,#3826));
#3811 = ORIENTED_EDGE('',*,*,#1746,.T.);
#3812 = ORIENTED_EDGE('',*,*,#3813,.T.);
#3813 = EDGE_CURVE('',#1739,#3814,#3816,.T.);
#3814 = VERTEX_POINT('',#3815);
#3815 = CARTESIAN_POINT('',(-46.98938769134,-10.95,4.8));
#3816 = LINE('',#3817,#3818);
#3817 = CARTESIAN_POINT('',(-55.5,-10.95,4.8));
#3818 = VECTOR('',#3819,1.);
#3819 = DIRECTION('',(1.,0.,0.));
#3820 = ORIENTED_EDGE('',*,*,#3821,.F.);
#3821 = EDGE_CURVE('',#3721,#3814,#3822,.T.);
#3822 = LINE('',#3823,#3824);
#3823 = CARTESIAN_POINT('',(-46.98938769134,-10.95,0.));
#3824 = VECTOR('',#3825,1.);
#3825 = DIRECTION('',(0.,0.,1.));
#3826 = ORIENTED_EDGE('',*,*,#3729,.F.);
#3827 = PLANE('',#3828);
#3828 = AXIS2_PLACEMENT_3D('',#3829,#3830,#3831);
#3829 = CARTESIAN_POINT('',(-55.5,-10.95,0.));
#3830 = DIRECTION('',(0.,1.,0.));
#3831 = DIRECTION('',(1.,0.,0.));
#3832 = ADVANCED_FACE('',(#3833),#3852,.T.);
#3833 = FACE_BOUND('',#3834,.T.);
#3834 = EDGE_LOOP('',(#3835,#3836,#3837,#3846));
#3835 = ORIENTED_EDGE('',*,*,#1738,.T.);
#3836 = ORIENTED_EDGE('',*,*,#3813,.T.);
#3837 = ORIENTED_EDGE('',*,*,#3838,.T.);
#3838 = EDGE_CURVE('',#3814,#3839,#3841,.T.);
#3839 = VERTEX_POINT('',#3840);
#3840 = CARTESIAN_POINT('',(-46.98938769134,-9.75,4.8));
#3841 = CIRCLE('',#3842,3.);
#3842 = AXIS2_PLACEMENT_3D('',#3843,#3844,#3845);
#3843 = CARTESIAN_POINT('',(-44.05,-10.35,4.8));
#3844 = DIRECTION('',(0.,0.,-1.));
#3845 = DIRECTION('',(1.,0.,0.));
#3846 = ORIENTED_EDGE('',*,*,#3847,.T.);
#3847 = EDGE_CURVE('',#3839,#1731,#3848,.T.);
#3848 = LINE('',#3849,#3850);
#3849 = CARTESIAN_POINT('',(-46.98938769134,-9.75,4.8));
#3850 = VECTOR('',#3851,1.);
#3851 = DIRECTION('',(-1.,0.,0.));
#3852 = PLANE('',#3853);
#3853 = AXIS2_PLACEMENT_3D('',#3854,#3855,#3856);
#3854 = CARTESIAN_POINT('',(-0.727626294896,7.947535940201,4.8));
#3855 = DIRECTION('',(0.,0.,1.));
#3856 = DIRECTION('',(1.,0.,0.));
#3857 = ADVANCED_FACE('',(#3858),#3876,.F.);
#3858 = FACE_BOUND('',#3859,.F.);
#3859 = EDGE_LOOP('',(#3860,#3868,#3869,#3870));
#3860 = ORIENTED_EDGE('',*,*,#3861,.T.);
#3861 = EDGE_CURVE('',#3862,#3839,#3864,.T.);
#3862 = VERTEX_POINT('',#3863);
#3863 = CARTESIAN_POINT('',(-46.98938769134,-9.75,0.));
#3864 = LINE('',#3865,#3866);
#3865 = CARTESIAN_POINT('',(-46.98938769134,-9.75,0.));
#3866 = VECTOR('',#3867,1.);
#3867 = DIRECTION('',(0.,0.,1.));
#3868 = ORIENTED_EDGE('',*,*,#3847,.T.);
#3869 = ORIENTED_EDGE('',*,*,#1730,.F.);
#3870 = ORIENTED_EDGE('',*,*,#3871,.F.);
#3871 = EDGE_CURVE('',#3862,#1723,#3872,.T.);
#3872 = LINE('',#3873,#3874);
#3873 = CARTESIAN_POINT('',(-46.98938769134,-9.75,0.));
#3874 = VECTOR('',#3875,1.);
#3875 = DIRECTION('',(-1.,0.,0.));
#3876 = PLANE('',#3877);
#3877 = AXIS2_PLACEMENT_3D('',#3878,#3879,#3880);
#3878 = CARTESIAN_POINT('',(-46.98938769134,-9.75,0.));
#3879 = DIRECTION('',(0.,-1.,0.));
#3880 = DIRECTION('',(-1.,0.,0.));
#3881 = ADVANCED_FACE('',(#3882),#3918,.T.);
#3882 = FACE_BOUND('',#3883,.T.);
#3883 = EDGE_LOOP('',(#3884,#3885,#3886,#3895,#3903,#3912));
#3884 = ORIENTED_EDGE('',*,*,#1722,.F.);
#3885 = ORIENTED_EDGE('',*,*,#3871,.F.);
#3886 = ORIENTED_EDGE('',*,*,#3887,.F.);
#3887 = EDGE_CURVE('',#3888,#3862,#3890,.T.);
#3888 = VERTEX_POINT('',#3889);
#3889 = CARTESIAN_POINT('',(-44.65,-7.41061230866,0.));
#3890 = CIRCLE('',#3891,3.);
#3891 = AXIS2_PLACEMENT_3D('',#3892,#3893,#3894);
#3892 = CARTESIAN_POINT('',(-44.05,-10.35,0.));
#3893 = DIRECTION('',(0.,0.,1.));
#3894 = DIRECTION('',(1.,0.,0.));
#3895 = ORIENTED_EDGE('',*,*,#3896,.F.);
#3896 = EDGE_CURVE('',#3897,#3888,#3899,.T.);
#3897 = VERTEX_POINT('',#3898);
#3898 = CARTESIAN_POINT('',(-44.65,35.11061230866,0.));
#3899 = LINE('',#3900,#3901);
#3900 = CARTESIAN_POINT('',(-44.65,35.11061230866,0.));
#3901 = VECTOR('',#3902,1.);
#3902 = DIRECTION('',(0.,-1.,0.));
#3903 = ORIENTED_EDGE('',*,*,#3904,.F.);
#3904 = EDGE_CURVE('',#3905,#3897,#3907,.T.);
#3905 = VERTEX_POINT('',#3906);
#3906 = CARTESIAN_POINT('',(-46.98938769134,37.45,0.));
#3907 = CIRCLE('',#3908,3.);
#3908 = AXIS2_PLACEMENT_3D('',#3909,#3910,#3911);
#3909 = CARTESIAN_POINT('',(-44.05,38.05,0.));
#3910 = DIRECTION('',(0.,0.,1.));
#3911 = DIRECTION('',(1.,0.,0.));
#3912 = ORIENTED_EDGE('',*,*,#3913,.F.);
#3913 = EDGE_CURVE('',#1715,#3905,#3914,.T.);
#3914 = LINE('',#3915,#3916);
#3915 = CARTESIAN_POINT('',(-55.5,37.45,0.));
#3916 = VECTOR('',#3917,1.);
#3917 = DIRECTION('',(1.,0.,0.));
#3918 = PLANE('',#3919);
#3919 = AXIS2_PLACEMENT_3D('',#3920,#3921,#3922);
#3920 = CARTESIAN_POINT('',(2.645059241065E-15,8.590040478689,0.));
#3921 = DIRECTION('',(0.,0.,1.));
#3922 = DIRECTION('',(1.,0.,0.));
#3923 = ADVANCED_FACE('',(#3924),#3942,.F.);
#3924 = FACE_BOUND('',#3925,.F.);
#3925 = EDGE_LOOP('',(#3926,#3927,#3935,#3941));
#3926 = ORIENTED_EDGE('',*,*,#1714,.T.);
#3927 = ORIENTED_EDGE('',*,*,#3928,.T.);
#3928 = EDGE_CURVE('',#1707,#3929,#3931,.T.);
#3929 = VERTEX_POINT('',#3930);
#3930 = CARTESIAN_POINT('',(-46.98938769134,37.45,4.8));
#3931 = LINE('',#3932,#3933);
#3932 = CARTESIAN_POINT('',(-55.5,37.45,4.8));
#3933 = VECTOR('',#3934,1.);
#3934 = DIRECTION('',(1.,0.,0.));
#3935 = ORIENTED_EDGE('',*,*,#3936,.F.);
#3936 = EDGE_CURVE('',#3905,#3929,#3937,.T.);
#3937 = LINE('',#3938,#3939);
#3938 = CARTESIAN_POINT('',(-46.98938769134,37.45,0.));
#3939 = VECTOR('',#3940,1.);
#3940 = DIRECTION('',(0.,0.,1.));
#3941 = ORIENTED_EDGE('',*,*,#3913,.F.);
#3942 = PLANE('',#3943);
#3943 = AXIS2_PLACEMENT_3D('',#3944,#3945,#3946);
#3944 = CARTESIAN_POINT('',(-55.5,37.45,0.));
#3945 = DIRECTION('',(0.,1.,0.));
#3946 = DIRECTION('',(1.,0.,0.));
#3947 = ADVANCED_FACE('',(#3948),#3967,.T.);
#3948 = FACE_BOUND('',#3949,.T.);
#3949 = EDGE_LOOP('',(#3950,#3958,#3959,#3960));
#3950 = ORIENTED_EDGE('',*,*,#3951,.T.);
#3951 = EDGE_CURVE('',#3952,#1699,#3954,.T.);
#3952 = VERTEX_POINT('',#3953);
#3953 = CARTESIAN_POINT('',(-46.98938769134,38.65,4.8));
#3954 = LINE('',#3955,#3956);
#3955 = CARTESIAN_POINT('',(-46.98938769134,38.65,4.8));
#3956 = VECTOR('',#3957,1.);
#3957 = DIRECTION('',(-1.,0.,0.));
#3958 = ORIENTED_EDGE('',*,*,#1706,.T.);
#3959 = ORIENTED_EDGE('',*,*,#3928,.T.);
#3960 = ORIENTED_EDGE('',*,*,#3961,.T.);
#3961 = EDGE_CURVE('',#3929,#3952,#3962,.T.);
#3962 = CIRCLE('',#3963,3.);
#3963 = AXIS2_PLACEMENT_3D('',#3964,#3965,#3966);
#3964 = CARTESIAN_POINT('',(-44.05,38.05,4.8));
#3965 = DIRECTION('',(0.,0.,-1.));
#3966 = DIRECTION('',(1.,0.,0.));
#3967 = PLANE('',#3968);
#3968 = AXIS2_PLACEMENT_3D('',#3969,#3970,#3971);
#3969 = CARTESIAN_POINT('',(-0.727626294896,7.947535940201,4.8));
#3970 = DIRECTION('',(0.,0.,1.));
#3971 = DIRECTION('',(1.,0.,0.));
#3972 = ADVANCED_FACE('',(#3973),#3991,.F.);
#3973 = FACE_BOUND('',#3974,.F.);
#3974 = EDGE_LOOP('',(#3975,#3983,#3984,#3985));
#3975 = ORIENTED_EDGE('',*,*,#3976,.T.);
#3976 = EDGE_CURVE('',#3977,#3952,#3979,.T.);
#3977 = VERTEX_POINT('',#3978);
#3978 = CARTESIAN_POINT('',(-46.98938769134,38.65,0.));
#3979 = LINE('',#3980,#3981);
#3980 = CARTESIAN_POINT('',(-46.98938769134,38.65,0.));
#3981 = VECTOR('',#3982,1.);
#3982 = DIRECTION('',(0.,0.,1.));
#3983 = ORIENTED_EDGE('',*,*,#3951,.T.);
#3984 = ORIENTED_EDGE('',*,*,#1698,.F.);
#3985 = ORIENTED_EDGE('',*,*,#3986,.F.);
#3986 = EDGE_CURVE('',#3977,#1691,#3987,.T.);
#3987 = LINE('',#3988,#3989);
#3988 = CARTESIAN_POINT('',(-46.98938769134,38.65,0.));
#3989 = VECTOR('',#3990,1.);
#3990 = DIRECTION('',(-1.,0.,0.));
#3991 = PLANE('',#3992);
#3992 = AXIS2_PLACEMENT_3D('',#3993,#3994,#3995);
#3993 = CARTESIAN_POINT('',(-46.98938769134,38.65,0.));
#3994 = DIRECTION('',(0.,-1.,0.));
#3995 = DIRECTION('',(-1.,0.,0.));
#3996 = ADVANCED_FACE('',(#3997),#4033,.T.);
#3997 = FACE_BOUND('',#3998,.T.);
#3998 = EDGE_LOOP('',(#3999,#4000,#4001,#4010,#4018,#4027));
#3999 = ORIENTED_EDGE('',*,*,#1690,.F.);
#4000 = ORIENTED_EDGE('',*,*,#3986,.F.);
#4001 = ORIENTED_EDGE('',*,*,#4002,.F.);
#4002 = EDGE_CURVE('',#4003,#3977,#4005,.T.);
#4003 = VERTEX_POINT('',#4004);
#4004 = CARTESIAN_POINT('',(-44.65,40.98938769134,0.));
#4005 = CIRCLE('',#4006,3.);
#4006 = AXIS2_PLACEMENT_3D('',#4007,#4008,#4009);
#4007 = CARTESIAN_POINT('',(-44.05,38.05,0.));
#4008 = DIRECTION('',(0.,0.,1.));
#4009 = DIRECTION('',(1.,0.,0.));
#4010 = ORIENTED_EDGE('',*,*,#4011,.F.);
#4011 = EDGE_CURVE('',#4012,#4003,#4014,.T.);
#4012 = VERTEX_POINT('',#4013);
#4013 = CARTESIAN_POINT('',(-44.65,49.886482888354,0.));
#4014 = LINE('',#4015,#4016);
#4015 = CARTESIAN_POINT('',(-44.65,59.,0.));
#4016 = VECTOR('',#4017,1.);
#4017 = DIRECTION('',(0.,-1.,0.));
#4018 = ORIENTED_EDGE('',*,*,#4019,.F.);
#4019 = EDGE_CURVE('',#4020,#4012,#4022,.T.);
#4020 = VERTEX_POINT('',#4021);
#4021 = CARTESIAN_POINT('',(-45.52302648325,50.97592,0.));
#4022 = CIRCLE('',#4023,3.5);
#4023 = AXIS2_PLACEMENT_3D('',#4024,#4025,#4026);
#4024 = CARTESIAN_POINT('',(-42.41015,52.57592,0.));
#4025 = DIRECTION('',(0.,0.,1.));
#4026 = DIRECTION('',(1.,0.,0.));
#4027 = ORIENTED_EDGE('',*,*,#4028,.F.);
#4028 = EDGE_CURVE('',#1683,#4020,#4029,.T.);
#4029 = LINE('',#4030,#4031);
#4030 = CARTESIAN_POINT('',(-55.5,50.97592,0.));
#4031 = VECTOR('',#4032,1.);
#4032 = DIRECTION('',(1.,0.,0.));
#4033 = PLANE('',#4034);
#4034 = AXIS2_PLACEMENT_3D('',#4035,#4036,#4037);
#4035 = CARTESIAN_POINT('',(2.645059241065E-15,8.590040478689,0.));
#4036 = DIRECTION('',(0.,0.,1.));
#4037 = DIRECTION('',(1.,0.,0.));
#4038 = ADVANCED_FACE('',(#4039),#4057,.F.);
#4039 = FACE_BOUND('',#4040,.F.);
#4040 = EDGE_LOOP('',(#4041,#4042,#4043,#4051));
#4041 = ORIENTED_EDGE('',*,*,#4028,.F.);
#4042 = ORIENTED_EDGE('',*,*,#1682,.T.);
#4043 = ORIENTED_EDGE('',*,*,#4044,.F.);
#4044 = EDGE_CURVE('',#4045,#1675,#4047,.T.);
#4045 = VERTEX_POINT('',#4046);
#4046 = CARTESIAN_POINT('',(-45.52302648325,50.97592,16.6));
#4047 = LINE('',#4048,#4049);
#4048 = CARTESIAN_POINT('',(-27.6721919098,50.97592,16.6));
#4049 = VECTOR('',#4050,1.);
#4050 = DIRECTION('',(-1.,0.,0.));
#4051 = ORIENTED_EDGE('',*,*,#4052,.T.);
#4052 = EDGE_CURVE('',#4045,#4020,#4053,.T.);
#4053 = LINE('',#4054,#4055);
#4054 = CARTESIAN_POINT('',(-45.52302648325,50.97592,0.));
#4055 = VECTOR('',#4056,1.);
#4056 = DIRECTION('',(-0.,-0.,-1.));
#4057 = PLANE('',#4058);
#4058 = AXIS2_PLACEMENT_3D('',#4059,#4060,#4061);
#4059 = CARTESIAN_POINT('',(-55.5,50.97592,0.));
#4060 = DIRECTION('',(0.,1.,0.));
#4061 = DIRECTION('',(1.,0.,0.));
#4062 = ADVANCED_FACE('',(#4063,#4103),#4114,.T.);
#4063 = FACE_BOUND('',#4064,.T.);
#4064 = EDGE_LOOP('',(#4065,#4066,#4067,#4068,#4077,#4086,#4094,#4101,
    #4102));
#4065 = ORIENTED_EDGE('',*,*,#1833,.F.);
#4066 = ORIENTED_EDGE('',*,*,#1674,.F.);
#4067 = ORIENTED_EDGE('',*,*,#4044,.F.);
#4068 = ORIENTED_EDGE('',*,*,#4069,.F.);
#4069 = EDGE_CURVE('',#4070,#4045,#4072,.T.);
#4070 = VERTEX_POINT('',#4071);
#4071 = CARTESIAN_POINT('',(-38.91015,52.57592,16.6));
#4072 = CIRCLE('',#4073,3.5);
#4073 = AXIS2_PLACEMENT_3D('',#4074,#4075,#4076);
#4074 = CARTESIAN_POINT('',(-42.41015,52.57592,16.6));
#4075 = DIRECTION('',(0.,0.,-1.));
#4076 = DIRECTION('',(1.,0.,0.));
#4077 = ORIENTED_EDGE('',*,*,#4078,.F.);
#4078 = EDGE_CURVE('',#4079,#4070,#4081,.T.);
#4079 = VERTEX_POINT('',#4080);
#4080 = CARTESIAN_POINT('',(-45.52302648325,54.17592,16.6));
#4081 = CIRCLE('',#4082,3.5);
#4082 = AXIS2_PLACEMENT_3D('',#4083,#4084,#4085);
#4083 = CARTESIAN_POINT('',(-42.41015,52.57592,16.6));
#4084 = DIRECTION('',(0.,0.,-1.));
#4085 = DIRECTION('',(1.,0.,0.));
#4086 = ORIENTED_EDGE('',*,*,#4087,.F.);
#4087 = EDGE_CURVE('',#4088,#4079,#4090,.T.);
#4088 = VERTEX_POINT('',#4089);
#4089 = CARTESIAN_POINT('',(-47.81817028317,54.17592,16.6));
#4090 = LINE('',#4091,#4092);
#4091 = CARTESIAN_POINT('',(-21.12726036645,54.17592,16.6));
#4092 = VECTOR('',#4093,1.);
#4093 = DIRECTION('',(1.,0.,0.));
#4094 = ORIENTED_EDGE('',*,*,#4095,.T.);
#4095 = EDGE_CURVE('',#4088,#1850,#4096,.T.);
#4096 = CIRCLE('',#4097,3.5);
#4097 = AXIS2_PLACEMENT_3D('',#4098,#4099,#4100);
#4098 = CARTESIAN_POINT('',(-51.26776695296,54.767766952966,16.6));
#4099 = DIRECTION('',(0.,0.,-1.));
#4100 = DIRECTION('',(1.,0.,0.));
#4101 = ORIENTED_EDGE('',*,*,#1857,.T.);
#4102 = ORIENTED_EDGE('',*,*,#1866,.T.);
#4103 = FACE_BOUND('',#4104,.T.);
#4104 = EDGE_LOOP('',(#4105));
#4105 = ORIENTED_EDGE('',*,*,#4106,.F.);
#4106 = EDGE_CURVE('',#4107,#4107,#4109,.T.);
#4107 = VERTEX_POINT('',#4108);
#4108 = CARTESIAN_POINT('',(-41.16015,52.57592,16.6));
#4109 = CIRCLE('',#4110,1.25);
#4110 = AXIS2_PLACEMENT_3D('',#4111,#4112,#4113);
#4111 = CARTESIAN_POINT('',(-42.41015,52.57592,16.6));
#4112 = DIRECTION('',(0.,0.,1.));
#4113 = DIRECTION('',(1.,0.,0.));
#4114 = PLANE('',#4115);
#4115 = AXIS2_PLACEMENT_3D('',#4116,#4117,#4118);
#4116 = CARTESIAN_POINT('',(-47.0803021609,52.571622964422,16.6));
#4117 = DIRECTION('',(0.,0.,1.));
#4118 = DIRECTION('',(1.,0.,0.));
#4119 = ADVANCED_FACE('',(#4120),#4151,.T.);
#4120 = FACE_BOUND('',#4121,.F.);
#4121 = EDGE_LOOP('',(#4122,#4123,#4132,#4141,#4147,#4148,#4149,#4150));
#4122 = ORIENTED_EDGE('',*,*,#1937,.T.);
#4123 = ORIENTED_EDGE('',*,*,#4124,.F.);
#4124 = EDGE_CURVE('',#4125,#1929,#4127,.T.);
#4125 = VERTEX_POINT('',#4126);
#4126 = CARTESIAN_POINT('',(-47.76776695296,54.767766952966,0.));
#4127 = CIRCLE('',#4128,3.5);
#4128 = AXIS2_PLACEMENT_3D('',#4129,#4130,#4131);
#4129 = CARTESIAN_POINT('',(-51.26776695296,54.767766952966,0.));
#4130 = DIRECTION('',(0.,0.,1.));
#4131 = DIRECTION('',(1.,0.,0.));
#4132 = ORIENTED_EDGE('',*,*,#4133,.F.);
#4133 = EDGE_CURVE('',#4134,#4125,#4136,.T.);
#4134 = VERTEX_POINT('',#4135);
#4135 = CARTESIAN_POINT('',(-47.81817028317,54.17592,0.));
#4136 = CIRCLE('',#4137,3.5);
#4137 = AXIS2_PLACEMENT_3D('',#4138,#4139,#4140);
#4138 = CARTESIAN_POINT('',(-51.26776695296,54.767766952966,0.));
#4139 = DIRECTION('',(0.,0.,1.));
#4140 = DIRECTION('',(1.,0.,0.));
#4141 = ORIENTED_EDGE('',*,*,#4142,.F.);
#4142 = EDGE_CURVE('',#4088,#4134,#4143,.T.);
#4143 = LINE('',#4144,#4145);
#4144 = CARTESIAN_POINT('',(-47.81817028317,54.17592,0.));
#4145 = VECTOR('',#4146,1.);
#4146 = DIRECTION('',(-0.,-0.,-1.));
#4147 = ORIENTED_EDGE('',*,*,#4095,.T.);
#4148 = ORIENTED_EDGE('',*,*,#1849,.F.);
#4149 = ORIENTED_EDGE('',*,*,#1883,.F.);
#4150 = ORIENTED_EDGE('',*,*,#1892,.F.);
#4151 = CYLINDRICAL_SURFACE('',#4152,3.5);
#4152 = AXIS2_PLACEMENT_3D('',#4153,#4154,#4155);
#4153 = CARTESIAN_POINT('',(-51.26776695296,54.767766952966,0.));
#4154 = DIRECTION('',(-0.,-0.,-1.));
#4155 = DIRECTION('',(1.,0.,0.));
#4156 = ADVANCED_FACE('',(#4157),#4176,.F.);
#4157 = FACE_BOUND('',#4158,.T.);
#4158 = EDGE_LOOP('',(#4159,#4167,#4168,#4169));
#4159 = ORIENTED_EDGE('',*,*,#4160,.F.);
#4160 = EDGE_CURVE('',#1903,#4161,#4163,.T.);
#4161 = VERTEX_POINT('',#4162);
#4162 = CARTESIAN_POINT('',(-49.56776695296,54.767766952966,6.));
#4163 = LINE('',#4164,#4165);
#4164 = CARTESIAN_POINT('',(-49.56776695296,54.767766952966,28.));
#4165 = VECTOR('',#4166,1.);
#4166 = DIRECTION('',(-6.055761952501E-17,0.,-1.));
#4167 = ORIENTED_EDGE('',*,*,#1902,.T.);
#4168 = ORIENTED_EDGE('',*,*,#4160,.T.);
#4169 = ORIENTED_EDGE('',*,*,#4170,.F.);
#4170 = EDGE_CURVE('',#4161,#4161,#4171,.T.);
#4171 = CIRCLE('',#4172,1.7);
#4172 = AXIS2_PLACEMENT_3D('',#4173,#4174,#4175);
#4173 = CARTESIAN_POINT('',(-51.26776695296,54.767766952966,6.));
#4174 = DIRECTION('',(0.,0.,1.));
#4175 = DIRECTION('',(1.,0.,0.));
#4176 = CYLINDRICAL_SURFACE('',#4177,1.7);
#4177 = AXIS2_PLACEMENT_3D('',#4178,#4179,#4180);
#4178 = CARTESIAN_POINT('',(-51.26776695296,54.767766952966,28.));
#4179 = DIRECTION('',(-0.,-0.,-1.));
#4180 = DIRECTION('',(1.,0.,0.));
#4181 = ADVANCED_FACE('',(#4182),#4212,.T.);
#4182 = FACE_BOUND('',#4183,.T.);
#4183 = EDGE_LOOP('',(#4184,#4185,#4186,#4187,#4188,#4189,#4197,#4206));
#4184 = ORIENTED_EDGE('',*,*,#1975,.F.);
#4185 = ORIENTED_EDGE('',*,*,#1951,.T.);
#4186 = ORIENTED_EDGE('',*,*,#1928,.T.);
#4187 = ORIENTED_EDGE('',*,*,#4124,.F.);
#4188 = ORIENTED_EDGE('',*,*,#4133,.F.);
#4189 = ORIENTED_EDGE('',*,*,#4190,.F.);
#4190 = EDGE_CURVE('',#4191,#4134,#4193,.T.);
#4191 = VERTEX_POINT('',#4192);
#4192 = CARTESIAN_POINT('',(-45.52302648325,54.17592,0.));
#4193 = LINE('',#4194,#4195);
#4194 = CARTESIAN_POINT('',(-42.4101369133,54.17592,0.));
#4195 = VECTOR('',#4196,1.);
#4196 = DIRECTION('',(-1.,0.,0.));
#4197 = ORIENTED_EDGE('',*,*,#4198,.F.);
#4198 = EDGE_CURVE('',#4199,#4191,#4201,.T.);
#4199 = VERTEX_POINT('',#4200);
#4200 = CARTESIAN_POINT('',(-44.65,55.265357111646,0.));
#4201 = CIRCLE('',#4202,3.5);
#4202 = AXIS2_PLACEMENT_3D('',#4203,#4204,#4205);
#4203 = CARTESIAN_POINT('',(-42.41015,52.57592,0.));
#4204 = DIRECTION('',(0.,0.,1.));
#4205 = DIRECTION('',(1.,0.,0.));
#4206 = ORIENTED_EDGE('',*,*,#4207,.F.);
#4207 = EDGE_CURVE('',#1976,#4199,#4208,.T.);
#4208 = LINE('',#4209,#4210);
#4209 = CARTESIAN_POINT('',(-44.65,59.,0.));
#4210 = VECTOR('',#4211,1.);
#4211 = DIRECTION('',(0.,-1.,0.));
#4212 = PLANE('',#4213);
#4213 = AXIS2_PLACEMENT_3D('',#4214,#4215,#4216);
#4214 = CARTESIAN_POINT('',(2.645059241065E-15,8.590040478689,0.));
#4215 = DIRECTION('',(0.,0.,1.));
#4216 = DIRECTION('',(1.,0.,0.));
#4217 = ADVANCED_FACE('',(#4218),#4236,.F.);
#4218 = FACE_BOUND('',#4219,.F.);
#4219 = EDGE_LOOP('',(#4220,#4221,#4222,#4230));
#4220 = ORIENTED_EDGE('',*,*,#4207,.F.);
#4221 = ORIENTED_EDGE('',*,*,#2065,.T.);
#4222 = ORIENTED_EDGE('',*,*,#4223,.T.);
#4223 = EDGE_CURVE('',#2058,#4224,#4226,.T.);
#4224 = VERTEX_POINT('',#4225);
#4225 = CARTESIAN_POINT('',(-44.65,55.265357111646,4.8));
#4226 = LINE('',#4227,#4228);
#4227 = CARTESIAN_POINT('',(-44.65,59.,4.8));
#4228 = VECTOR('',#4229,1.);
#4229 = DIRECTION('',(0.,-1.,0.));
#4230 = ORIENTED_EDGE('',*,*,#4231,.T.);
#4231 = EDGE_CURVE('',#4224,#4199,#4232,.T.);
#4232 = LINE('',#4233,#4234);
#4233 = CARTESIAN_POINT('',(-44.65,55.265357111646,0.));
#4234 = VECTOR('',#4235,1.);
#4235 = DIRECTION('',(-0.,-0.,-1.));
#4236 = PLANE('',#4237);
#4237 = AXIS2_PLACEMENT_3D('',#4238,#4239,#4240);
#4238 = CARTESIAN_POINT('',(-44.65,59.,0.));
#4239 = DIRECTION('',(1.,0.,0.));
#4240 = DIRECTION('',(0.,-1.,0.));
#4241 = ADVANCED_FACE('',(#4242),#4261,.T.);
#4242 = FACE_BOUND('',#4243,.T.);
#4243 = EDGE_LOOP('',(#4244,#4253,#4259,#4260));
#4244 = ORIENTED_EDGE('',*,*,#4245,.T.);
#4245 = EDGE_CURVE('',#4224,#4246,#4248,.T.);
#4246 = VERTEX_POINT('',#4247);
#4247 = CARTESIAN_POINT('',(-43.45,55.917882294446,4.8));
#4248 = CIRCLE('',#4249,3.5);
#4249 = AXIS2_PLACEMENT_3D('',#4250,#4251,#4252);
#4250 = CARTESIAN_POINT('',(-42.41015,52.57592,4.8));
#4251 = DIRECTION('',(0.,0.,-1.));
#4252 = DIRECTION('',(1.,0.,0.));
#4253 = ORIENTED_EDGE('',*,*,#4254,.T.);
#4254 = EDGE_CURVE('',#4246,#2050,#4255,.T.);
#4255 = LINE('',#4256,#4257);
#4256 = CARTESIAN_POINT('',(-43.45,40.98938769134,4.8));
#4257 = VECTOR('',#4258,1.);
#4258 = DIRECTION('',(0.,1.,0.));
#4259 = ORIENTED_EDGE('',*,*,#2057,.T.);
#4260 = ORIENTED_EDGE('',*,*,#4223,.T.);
#4261 = PLANE('',#4262);
#4262 = AXIS2_PLACEMENT_3D('',#4263,#4264,#4265);
#4263 = CARTESIAN_POINT('',(-0.727626294896,7.947535940201,4.8));
#4264 = DIRECTION('',(0.,0.,1.));
#4265 = DIRECTION('',(1.,0.,0.));
#4266 = ADVANCED_FACE('',(#4267),#4278,.F.);
#4267 = FACE_BOUND('',#4268,.F.);
#4268 = EDGE_LOOP('',(#4269,#4270,#4276,#4277));
#4269 = ORIENTED_EDGE('',*,*,#3651,.F.);
#4270 = ORIENTED_EDGE('',*,*,#4271,.F.);
#4271 = EDGE_CURVE('',#4246,#3652,#4272,.T.);
#4272 = LINE('',#4273,#4274);
#4273 = CARTESIAN_POINT('',(-43.45,55.917882294446,0.));
#4274 = VECTOR('',#4275,1.);
#4275 = DIRECTION('',(-0.,-0.,-1.));
#4276 = ORIENTED_EDGE('',*,*,#4254,.T.);
#4277 = ORIENTED_EDGE('',*,*,#2049,.F.);
#4278 = PLANE('',#4279);
#4279 = AXIS2_PLACEMENT_3D('',#4280,#4281,#4282);
#4280 = CARTESIAN_POINT('',(-43.45,40.98938769134,0.));
#4281 = DIRECTION('',(-1.,0.,0.));
#4282 = DIRECTION('',(0.,1.,0.));
#4283 = ADVANCED_FACE('',(#4284),#4302,.F.);
#4284 = FACE_BOUND('',#4285,.F.);
#4285 = EDGE_LOOP('',(#4286,#4287,#4295,#4301));
#4286 = ORIENTED_EDGE('',*,*,#2033,.T.);
#4287 = ORIENTED_EDGE('',*,*,#4288,.T.);
#4288 = EDGE_CURVE('',#2026,#4289,#4291,.T.);
#4289 = VERTEX_POINT('',#4290);
#4290 = CARTESIAN_POINT('',(-0.6,41.45,4.8));
#4291 = LINE('',#4292,#4293);
#4292 = CARTESIAN_POINT('',(-0.6,59.,4.8));
#4293 = VECTOR('',#4294,1.);
#4294 = DIRECTION('',(0.,-1.,0.));
#4295 = ORIENTED_EDGE('',*,*,#4296,.F.);
#4296 = EDGE_CURVE('',#3637,#4289,#4297,.T.);
#4297 = LINE('',#4298,#4299);
#4298 = CARTESIAN_POINT('',(-0.6,41.45,0.));
#4299 = VECTOR('',#4300,1.);
#4300 = DIRECTION('',(0.,0.,1.));
#4301 = ORIENTED_EDGE('',*,*,#3644,.F.);
#4302 = PLANE('',#4303);
#4303 = AXIS2_PLACEMENT_3D('',#4304,#4305,#4306);
#4304 = CARTESIAN_POINT('',(-0.6,59.,0.));
#4305 = DIRECTION('',(1.,0.,0.));
#4306 = DIRECTION('',(0.,-1.,0.));
#4307 = ADVANCED_FACE('',(#4308),#4326,.T.);
#4308 = FACE_BOUND('',#4309,.T.);
#4309 = EDGE_LOOP('',(#4310,#4311,#4319,#4325));
#4310 = ORIENTED_EDGE('',*,*,#4288,.T.);
#4311 = ORIENTED_EDGE('',*,*,#4312,.T.);
#4312 = EDGE_CURVE('',#4289,#4313,#4315,.T.);
#4313 = VERTEX_POINT('',#4314);
#4314 = CARTESIAN_POINT('',(0.6,41.45,4.8));
#4315 = LINE('',#4316,#4317);
#4316 = CARTESIAN_POINT('',(-0.6,41.45,4.8));
#4317 = VECTOR('',#4318,1.);
#4318 = DIRECTION('',(1.,0.,0.));
#4319 = ORIENTED_EDGE('',*,*,#4320,.T.);
#4320 = EDGE_CURVE('',#4313,#2018,#4321,.T.);
#4321 = LINE('',#4322,#4323);
#4322 = CARTESIAN_POINT('',(0.6,41.45,4.8));
#4323 = VECTOR('',#4324,1.);
#4324 = DIRECTION('',(0.,1.,0.));
#4325 = ORIENTED_EDGE('',*,*,#2025,.T.);
#4326 = PLANE('',#4327);
#4327 = AXIS2_PLACEMENT_3D('',#4328,#4329,#4330);
#4328 = CARTESIAN_POINT('',(-0.727626294896,7.947535940201,4.8));
#4329 = DIRECTION('',(0.,0.,1.));
#4330 = DIRECTION('',(1.,0.,0.));
#4331 = ADVANCED_FACE('',(#4332),#4343,.F.);
#4332 = FACE_BOUND('',#4333,.F.);
#4333 = EDGE_LOOP('',(#4334,#4340,#4341,#4342));
#4334 = ORIENTED_EDGE('',*,*,#4335,.T.);
#4335 = EDGE_CURVE('',#3629,#4313,#4336,.T.);
#4336 = LINE('',#4337,#4338);
#4337 = CARTESIAN_POINT('',(0.6,41.45,0.));
#4338 = VECTOR('',#4339,1.);
#4339 = DIRECTION('',(0.,0.,1.));
#4340 = ORIENTED_EDGE('',*,*,#4320,.T.);
#4341 = ORIENTED_EDGE('',*,*,#2017,.F.);
#4342 = ORIENTED_EDGE('',*,*,#3628,.F.);
#4343 = PLANE('',#4344);
#4344 = AXIS2_PLACEMENT_3D('',#4345,#4346,#4347);
#4345 = CARTESIAN_POINT('',(0.6,41.45,0.));
#4346 = DIRECTION('',(-1.,0.,0.));
#4347 = DIRECTION('',(0.,1.,0.));
#4348 = ADVANCED_FACE('',(#4349),#4379,.F.);
#4349 = FACE_BOUND('',#4350,.F.);
#4350 = EDGE_LOOP('',(#4351,#4352,#4353,#4359,#4365,#4373));
#4351 = ORIENTED_EDGE('',*,*,#3621,.F.);
#4352 = ORIENTED_EDGE('',*,*,#2001,.T.);
#4353 = ORIENTED_EDGE('',*,*,#4354,.T.);
#4354 = EDGE_CURVE('',#1994,#2089,#4355,.T.);
#4355 = LINE('',#4356,#4357);
#4356 = CARTESIAN_POINT('',(49.35,59.,4.8));
#4357 = VECTOR('',#4358,1.);
#4358 = DIRECTION('',(0.,-1.,0.));
#4359 = ORIENTED_EDGE('',*,*,#4360,.T.);
#4360 = EDGE_CURVE('',#2089,#2130,#4361,.T.);
#4361 = LINE('',#4362,#4363);
#4362 = CARTESIAN_POINT('',(49.35,59.,4.8));
#4363 = VECTOR('',#4364,1.);
#4364 = DIRECTION('',(0.,-1.,0.));
#4365 = ORIENTED_EDGE('',*,*,#4366,.T.);
#4366 = EDGE_CURVE('',#2130,#4367,#4369,.T.);
#4367 = VERTEX_POINT('',#4368);
#4368 = CARTESIAN_POINT('',(49.35,57.695593777441,4.8));
#4369 = LINE('',#4370,#4371);
#4370 = CARTESIAN_POINT('',(49.35,59.,4.8));
#4371 = VECTOR('',#4372,1.);
#4372 = DIRECTION('',(0.,-1.,0.));
#4373 = ORIENTED_EDGE('',*,*,#4374,.T.);
#4374 = EDGE_CURVE('',#4367,#3613,#4375,.T.);
#4375 = LINE('',#4376,#4377);
#4376 = CARTESIAN_POINT('',(49.35,57.69559377744,0.));
#4377 = VECTOR('',#4378,1.);
#4378 = DIRECTION('',(-0.,-0.,-1.));
#4379 = PLANE('',#4380);
#4380 = AXIS2_PLACEMENT_3D('',#4381,#4382,#4383);
#4381 = CARTESIAN_POINT('',(49.35,59.,0.));
#4382 = DIRECTION('',(1.,0.,0.));
#4383 = DIRECTION('',(0.,-1.,0.));
#4384 = ADVANCED_FACE('',(#4385),#4390,.T.);
#4385 = FACE_BOUND('',#4386,.T.);
#4386 = EDGE_LOOP('',(#4387,#4388,#4389));
#4387 = ORIENTED_EDGE('',*,*,#2096,.F.);
#4388 = ORIENTED_EDGE('',*,*,#1993,.T.);
#4389 = ORIENTED_EDGE('',*,*,#4354,.T.);
#4390 = PLANE('',#4391);
#4391 = AXIS2_PLACEMENT_3D('',#4392,#4393,#4394);
#4392 = CARTESIAN_POINT('',(-0.727626294896,7.947535940201,4.8));
#4393 = DIRECTION('',(0.,0.,1.));
#4394 = DIRECTION('',(1.,0.,0.));
#4395 = ADVANCED_FACE('',(#4396),#4401,.T.);
#4396 = FACE_BOUND('',#4397,.T.);
#4397 = EDGE_LOOP('',(#4398,#4399,#4400));
#4398 = ORIENTED_EDGE('',*,*,#4360,.T.);
#4399 = ORIENTED_EDGE('',*,*,#2138,.T.);
#4400 = ORIENTED_EDGE('',*,*,#2088,.F.);
#4401 = PLANE('',#4402);
#4402 = AXIS2_PLACEMENT_3D('',#4403,#4404,#4405);
#4403 = CARTESIAN_POINT('',(50.55,58.907410600255,4.8));
#4404 = DIRECTION('',(0.,0.,-1.));
#4405 = DIRECTION('',(-0.984568433376,0.175,0.));
#4406 = ADVANCED_FACE('',(#4407),#4419,.T.);
#4407 = FACE_BOUND('',#4408,.T.);
#4408 = EDGE_LOOP('',(#4409,#4410,#4411,#4412));
#4409 = ORIENTED_EDGE('',*,*,#2120,.T.);
#4410 = ORIENTED_EDGE('',*,*,#2129,.T.);
#4411 = ORIENTED_EDGE('',*,*,#4366,.T.);
#4412 = ORIENTED_EDGE('',*,*,#4413,.T.);
#4413 = EDGE_CURVE('',#4367,#2113,#4414,.T.);
#4414 = CIRCLE('',#4415,3.5);
#4415 = AXIS2_PLACEMENT_3D('',#4416,#4417,#4418);
#4416 = CARTESIAN_POINT('',(51.267766952966,54.767766952966,4.8));
#4417 = DIRECTION('',(0.,0.,-1.));
#4418 = DIRECTION('',(1.,0.,0.));
#4419 = PLANE('',#4420);
#4420 = AXIS2_PLACEMENT_3D('',#4421,#4422,#4423);
#4421 = CARTESIAN_POINT('',(-0.727626294896,7.947535940201,4.8));
#4422 = DIRECTION('',(0.,0.,1.));
#4423 = DIRECTION('',(1.,0.,0.));
#4424 = ADVANCED_FACE('',(#4425),#4465,.T.);
#4425 = FACE_BOUND('',#4426,.F.);
#4426 = EDGE_LOOP('',(#4427,#4436,#4444,#4453,#4459,#4460,#4461,#4462,
    #4463,#4464));
#4427 = ORIENTED_EDGE('',*,*,#4428,.F.);
#4428 = EDGE_CURVE('',#4429,#2193,#4431,.T.);
#4429 = VERTEX_POINT('',#4430);
#4430 = CARTESIAN_POINT('',(50.55,51.342155970787,0.));
#4431 = CIRCLE('',#4432,3.5);
#4432 = AXIS2_PLACEMENT_3D('',#4433,#4434,#4435);
#4433 = CARTESIAN_POINT('',(51.267766952966,54.767766952966,0.));
#4434 = DIRECTION('',(0.,0.,1.));
#4435 = DIRECTION('',(1.,0.,0.));
#4436 = ORIENTED_EDGE('',*,*,#4437,.F.);
#4437 = EDGE_CURVE('',#4438,#4429,#4440,.T.);
#4438 = VERTEX_POINT('',#4439);
#4439 = CARTESIAN_POINT('',(50.55,51.342155970787,4.8));
#4440 = LINE('',#4441,#4442);
#4441 = CARTESIAN_POINT('',(50.55,51.342155970787,0.));
#4442 = VECTOR('',#4443,1.);
#4443 = DIRECTION('',(-0.,-0.,-1.));
#4444 = ORIENTED_EDGE('',*,*,#4445,.T.);
#4445 = EDGE_CURVE('',#4438,#4446,#4448,.T.);
#4446 = VERTEX_POINT('',#4447);
#4447 = CARTESIAN_POINT('',(49.35,51.839940128492,4.8));
#4448 = CIRCLE('',#4449,3.5);
#4449 = AXIS2_PLACEMENT_3D('',#4450,#4451,#4452);
#4450 = CARTESIAN_POINT('',(51.267766952966,54.767766952966,4.8));
#4451 = DIRECTION('',(0.,0.,-1.));
#4452 = DIRECTION('',(1.,0.,0.));
#4453 = ORIENTED_EDGE('',*,*,#4454,.T.);
#4454 = EDGE_CURVE('',#4446,#3605,#4455,.T.);
#4455 = LINE('',#4456,#4457);
#4456 = CARTESIAN_POINT('',(49.35,51.839940128492,0.));
#4457 = VECTOR('',#4458,1.);
#4458 = DIRECTION('',(-0.,-0.,-1.));
#4459 = ORIENTED_EDGE('',*,*,#3612,.F.);
#4460 = ORIENTED_EDGE('',*,*,#4374,.F.);
#4461 = ORIENTED_EDGE('',*,*,#4413,.T.);
#4462 = ORIENTED_EDGE('',*,*,#2112,.F.);
#4463 = ORIENTED_EDGE('',*,*,#2157,.F.);
#4464 = ORIENTED_EDGE('',*,*,#2201,.T.);
#4465 = CYLINDRICAL_SURFACE('',#4466,3.5);
#4466 = AXIS2_PLACEMENT_3D('',#4467,#4468,#4469);
#4467 = CARTESIAN_POINT('',(51.267766952966,54.767766952966,0.));
#4468 = DIRECTION('',(-0.,-0.,-1.));
#4469 = DIRECTION('',(1.,0.,0.));
#4470 = ADVANCED_FACE('',(#4471),#4490,.F.);
#4471 = FACE_BOUND('',#4472,.T.);
#4472 = EDGE_LOOP('',(#4473,#4481,#4482,#4483));
#4473 = ORIENTED_EDGE('',*,*,#4474,.F.);
#4474 = EDGE_CURVE('',#2167,#4475,#4477,.T.);
#4475 = VERTEX_POINT('',#4476);
#4476 = CARTESIAN_POINT('',(52.967766952966,54.767766952966,6.));
#4477 = LINE('',#4478,#4479);
#4478 = CARTESIAN_POINT('',(52.967766952966,54.767766952966,28.));
#4479 = VECTOR('',#4480,1.);
#4480 = DIRECTION('',(-6.055761952501E-17,0.,-1.));
#4481 = ORIENTED_EDGE('',*,*,#2166,.T.);
#4482 = ORIENTED_EDGE('',*,*,#4474,.T.);
#4483 = ORIENTED_EDGE('',*,*,#4484,.F.);
#4484 = EDGE_CURVE('',#4475,#4475,#4485,.T.);
#4485 = CIRCLE('',#4486,1.7);
#4486 = AXIS2_PLACEMENT_3D('',#4487,#4488,#4489);
#4487 = CARTESIAN_POINT('',(51.267766952966,54.767766952966,6.));
#4488 = DIRECTION('',(0.,0.,1.));
#4489 = DIRECTION('',(1.,0.,0.));
#4490 = CYLINDRICAL_SURFACE('',#4491,1.7);
#4491 = AXIS2_PLACEMENT_3D('',#4492,#4493,#4494);
#4492 = CARTESIAN_POINT('',(51.267766952966,54.767766952966,28.));
#4493 = DIRECTION('',(-0.,-0.,-1.));
#4494 = DIRECTION('',(1.,0.,0.));
#4495 = ADVANCED_FACE('',(#4496),#4525,.T.);
#4496 = FACE_BOUND('',#4497,.T.);
#4497 = EDGE_LOOP('',(#4498,#4506,#4507,#4508,#4509,#4510,#4518));
#4498 = ORIENTED_EDGE('',*,*,#4499,.F.);
#4499 = EDGE_CURVE('',#2240,#4500,#4502,.T.);
#4500 = VERTEX_POINT('',#4501);
#4501 = CARTESIAN_POINT('',(52.88938769134,38.65,0.));
#4502 = LINE('',#4503,#4504);
#4503 = CARTESIAN_POINT('',(55.5,38.65,0.));
#4504 = VECTOR('',#4505,1.);
#4505 = DIRECTION('',(-1.,0.,0.));
#4506 = ORIENTED_EDGE('',*,*,#2239,.F.);
#4507 = ORIENTED_EDGE('',*,*,#2215,.T.);
#4508 = ORIENTED_EDGE('',*,*,#2192,.T.);
#4509 = ORIENTED_EDGE('',*,*,#4428,.F.);
#4510 = ORIENTED_EDGE('',*,*,#4511,.F.);
#4511 = EDGE_CURVE('',#4512,#4429,#4514,.T.);
#4512 = VERTEX_POINT('',#4513);
#4513 = CARTESIAN_POINT('',(50.55,40.98938769134,0.));
#4514 = LINE('',#4515,#4516);
#4515 = CARTESIAN_POINT('',(50.55,40.98938769134,0.));
#4516 = VECTOR('',#4517,1.);
#4517 = DIRECTION('',(0.,1.,0.));
#4518 = ORIENTED_EDGE('',*,*,#4519,.F.);
#4519 = EDGE_CURVE('',#4500,#4512,#4520,.T.);
#4520 = CIRCLE('',#4521,3.);
#4521 = AXIS2_PLACEMENT_3D('',#4522,#4523,#4524);
#4522 = CARTESIAN_POINT('',(49.95,38.05,0.));
#4523 = DIRECTION('',(0.,0.,1.));
#4524 = DIRECTION('',(1.,0.,0.));
#4525 = PLANE('',#4526);
#4526 = AXIS2_PLACEMENT_3D('',#4527,#4528,#4529);
#4527 = CARTESIAN_POINT('',(2.645059241065E-15,8.590040478689,0.));
#4528 = DIRECTION('',(0.,0.,1.));
#4529 = DIRECTION('',(1.,0.,0.));
#4530 = ADVANCED_FACE('',(#4531),#4549,.F.);
#4531 = FACE_BOUND('',#4532,.F.);
#4532 = EDGE_LOOP('',(#4533,#4534,#4542,#4548));
#4533 = ORIENTED_EDGE('',*,*,#2377,.T.);
#4534 = ORIENTED_EDGE('',*,*,#4535,.T.);
#4535 = EDGE_CURVE('',#2370,#4536,#4538,.T.);
#4536 = VERTEX_POINT('',#4537);
#4537 = CARTESIAN_POINT('',(52.88938769134,38.65,4.8));
#4538 = LINE('',#4539,#4540);
#4539 = CARTESIAN_POINT('',(55.5,38.65,4.8));
#4540 = VECTOR('',#4541,1.);
#4541 = DIRECTION('',(-1.,0.,0.));
#4542 = ORIENTED_EDGE('',*,*,#4543,.F.);
#4543 = EDGE_CURVE('',#4500,#4536,#4544,.T.);
#4544 = LINE('',#4545,#4546);
#4545 = CARTESIAN_POINT('',(52.88938769134,38.65,0.));
#4546 = VECTOR('',#4547,1.);
#4547 = DIRECTION('',(0.,0.,1.));
#4548 = ORIENTED_EDGE('',*,*,#4499,.F.);
#4549 = PLANE('',#4550);
#4550 = AXIS2_PLACEMENT_3D('',#4551,#4552,#4553);
#4551 = CARTESIAN_POINT('',(55.5,38.65,0.));
#4552 = DIRECTION('',(0.,-1.,0.));
#4553 = DIRECTION('',(-1.,0.,0.));
#4554 = ADVANCED_FACE('',(#4555),#4583,.T.);
#4555 = FACE_BOUND('',#4556,.T.);
#4556 = EDGE_LOOP('',(#4557,#4558,#4559,#4568,#4577));
#4557 = ORIENTED_EDGE('',*,*,#2369,.T.);
#4558 = ORIENTED_EDGE('',*,*,#4535,.T.);
#4559 = ORIENTED_EDGE('',*,*,#4560,.T.);
#4560 = EDGE_CURVE('',#4536,#4561,#4563,.T.);
#4561 = VERTEX_POINT('',#4562);
#4562 = CARTESIAN_POINT('',(52.95,38.05,4.8));
#4563 = CIRCLE('',#4564,3.);
#4564 = AXIS2_PLACEMENT_3D('',#4565,#4566,#4567);
#4565 = CARTESIAN_POINT('',(49.95,38.05,4.8));
#4566 = DIRECTION('',(0.,0.,-1.));
#4567 = DIRECTION('',(1.,0.,0.));
#4568 = ORIENTED_EDGE('',*,*,#4569,.T.);
#4569 = EDGE_CURVE('',#4561,#4570,#4572,.T.);
#4570 = VERTEX_POINT('',#4571);
#4571 = CARTESIAN_POINT('',(52.88938769134,37.45,4.8));
#4572 = CIRCLE('',#4573,3.);
#4573 = AXIS2_PLACEMENT_3D('',#4574,#4575,#4576);
#4574 = CARTESIAN_POINT('',(49.95,38.05,4.8));
#4575 = DIRECTION('',(0.,0.,-1.));
#4576 = DIRECTION('',(1.,0.,0.));
#4577 = ORIENTED_EDGE('',*,*,#4578,.T.);
#4578 = EDGE_CURVE('',#4570,#2362,#4579,.T.);
#4579 = LINE('',#4580,#4581);
#4580 = CARTESIAN_POINT('',(52.88938769134,37.45,4.8));
#4581 = VECTOR('',#4582,1.);
#4582 = DIRECTION('',(1.,0.,0.));
#4583 = PLANE('',#4584);
#4584 = AXIS2_PLACEMENT_3D('',#4585,#4586,#4587);
#4585 = CARTESIAN_POINT('',(-0.727626294896,7.947535940201,4.8));
#4586 = DIRECTION('',(0.,0.,1.));
#4587 = DIRECTION('',(1.,0.,0.));
#4588 = ADVANCED_FACE('',(#4589),#4607,.F.);
#4589 = FACE_BOUND('',#4590,.F.);
#4590 = EDGE_LOOP('',(#4591,#4599,#4600,#4601));
#4591 = ORIENTED_EDGE('',*,*,#4592,.T.);
#4592 = EDGE_CURVE('',#4593,#4570,#4595,.T.);
#4593 = VERTEX_POINT('',#4594);
#4594 = CARTESIAN_POINT('',(52.88938769134,37.45,0.));
#4595 = LINE('',#4596,#4597);
#4596 = CARTESIAN_POINT('',(52.88938769134,37.45,0.));
#4597 = VECTOR('',#4598,1.);
#4598 = DIRECTION('',(0.,0.,1.));
#4599 = ORIENTED_EDGE('',*,*,#4578,.T.);
#4600 = ORIENTED_EDGE('',*,*,#2361,.F.);
#4601 = ORIENTED_EDGE('',*,*,#4602,.F.);
#4602 = EDGE_CURVE('',#4593,#2354,#4603,.T.);
#4603 = LINE('',#4604,#4605);
#4604 = CARTESIAN_POINT('',(52.88938769134,37.45,0.));
#4605 = VECTOR('',#4606,1.);
#4606 = DIRECTION('',(1.,0.,0.));
#4607 = PLANE('',#4608);
#4608 = AXIS2_PLACEMENT_3D('',#4609,#4610,#4611);
#4609 = CARTESIAN_POINT('',(52.88938769134,37.45,0.));
#4610 = DIRECTION('',(0.,1.,0.));
#4611 = DIRECTION('',(1.,0.,0.));
#4612 = ADVANCED_FACE('',(#4613),#4649,.T.);
#4613 = FACE_BOUND('',#4614,.T.);
#4614 = EDGE_LOOP('',(#4615,#4623,#4624,#4625,#4634,#4642));
#4615 = ORIENTED_EDGE('',*,*,#4616,.T.);
#4616 = EDGE_CURVE('',#4617,#2346,#4619,.T.);
#4617 = VERTEX_POINT('',#4618);
#4618 = CARTESIAN_POINT('',(52.88938769134,-9.75,0.));
#4619 = LINE('',#4620,#4621);
#4620 = CARTESIAN_POINT('',(52.88938769134,-9.75,0.));
#4621 = VECTOR('',#4622,1.);
#4622 = DIRECTION('',(1.,0.,0.));
#4623 = ORIENTED_EDGE('',*,*,#2353,.F.);
#4624 = ORIENTED_EDGE('',*,*,#4602,.F.);
#4625 = ORIENTED_EDGE('',*,*,#4626,.F.);
#4626 = EDGE_CURVE('',#4627,#4593,#4629,.T.);
#4627 = VERTEX_POINT('',#4628);
#4628 = CARTESIAN_POINT('',(50.55,35.11061230866,0.));
#4629 = CIRCLE('',#4630,3.);
#4630 = AXIS2_PLACEMENT_3D('',#4631,#4632,#4633);
#4631 = CARTESIAN_POINT('',(49.95,38.05,0.));
#4632 = DIRECTION('',(0.,0.,1.));
#4633 = DIRECTION('',(1.,0.,0.));
#4634 = ORIENTED_EDGE('',*,*,#4635,.F.);
#4635 = EDGE_CURVE('',#4636,#4627,#4638,.T.);
#4636 = VERTEX_POINT('',#4637);
#4637 = CARTESIAN_POINT('',(50.55,-7.41061230866,0.));
#4638 = LINE('',#4639,#4640);
#4639 = CARTESIAN_POINT('',(50.55,-7.41061230866,0.));
#4640 = VECTOR('',#4641,1.);
#4641 = DIRECTION('',(0.,1.,0.));
#4642 = ORIENTED_EDGE('',*,*,#4643,.F.);
#4643 = EDGE_CURVE('',#4617,#4636,#4644,.T.);
#4644 = CIRCLE('',#4645,3.);
#4645 = AXIS2_PLACEMENT_3D('',#4646,#4647,#4648);
#4646 = CARTESIAN_POINT('',(49.95,-10.35,0.));
#4647 = DIRECTION('',(0.,0.,1.));
#4648 = DIRECTION('',(1.,0.,0.));
#4649 = PLANE('',#4650);
#4650 = AXIS2_PLACEMENT_3D('',#4651,#4652,#4653);
#4651 = CARTESIAN_POINT('',(2.645059241065E-15,8.590040478689,0.));
#4652 = DIRECTION('',(0.,0.,1.));
#4653 = DIRECTION('',(1.,0.,0.));
#4654 = ADVANCED_FACE('',(#4655),#4673,.T.);
#4655 = FACE_BOUND('',#4656,.T.);
#4656 = EDGE_LOOP('',(#4657,#4665,#4671,#4672));
#4657 = ORIENTED_EDGE('',*,*,#4658,.T.);
#4658 = EDGE_CURVE('',#4617,#4659,#4661,.T.);
#4659 = VERTEX_POINT('',#4660);
#4660 = CARTESIAN_POINT('',(52.88938769134,-9.75,4.8));
#4661 = LINE('',#4662,#4663);
#4662 = CARTESIAN_POINT('',(52.88938769134,-9.75,0.));
#4663 = VECTOR('',#4664,1.);
#4664 = DIRECTION('',(0.,0.,1.));
#4665 = ORIENTED_EDGE('',*,*,#4666,.T.);
#4666 = EDGE_CURVE('',#4659,#2338,#4667,.T.);
#4667 = LINE('',#4668,#4669);
#4668 = CARTESIAN_POINT('',(52.88938769134,-9.75,4.8));
#4669 = VECTOR('',#4670,1.);
#4670 = DIRECTION('',(1.,0.,0.));
#4671 = ORIENTED_EDGE('',*,*,#2345,.F.);
#4672 = ORIENTED_EDGE('',*,*,#4616,.F.);
#4673 = PLANE('',#4674);
#4674 = AXIS2_PLACEMENT_3D('',#4675,#4676,#4677);
#4675 = CARTESIAN_POINT('',(52.88938769134,-9.75,0.));
#4676 = DIRECTION('',(0.,1.,0.));
#4677 = DIRECTION('',(1.,0.,0.));
#4678 = ADVANCED_FACE('',(#4679),#4707,.T.);
#4679 = FACE_BOUND('',#4680,.T.);
#4680 = EDGE_LOOP('',(#4681,#4692,#4698,#4699,#4700));
#4681 = ORIENTED_EDGE('',*,*,#4682,.T.);
#4682 = EDGE_CURVE('',#4683,#4685,#4687,.T.);
#4683 = VERTEX_POINT('',#4684);
#4684 = CARTESIAN_POINT('',(52.95,-10.35,4.8));
#4685 = VERTEX_POINT('',#4686);
#4686 = CARTESIAN_POINT('',(52.88938769134,-10.95,4.8));
#4687 = CIRCLE('',#4688,3.);
#4688 = AXIS2_PLACEMENT_3D('',#4689,#4690,#4691);
#4689 = CARTESIAN_POINT('',(49.95,-10.35,4.8));
#4690 = DIRECTION('',(0.,0.,-1.));
#4691 = DIRECTION('',(1.,0.,0.));
#4692 = ORIENTED_EDGE('',*,*,#4693,.F.);
#4693 = EDGE_CURVE('',#2330,#4685,#4694,.T.);
#4694 = LINE('',#4695,#4696);
#4695 = CARTESIAN_POINT('',(55.5,-10.95,4.8));
#4696 = VECTOR('',#4697,1.);
#4697 = DIRECTION('',(-1.,0.,0.));
#4698 = ORIENTED_EDGE('',*,*,#2337,.F.);
#4699 = ORIENTED_EDGE('',*,*,#4666,.F.);
#4700 = ORIENTED_EDGE('',*,*,#4701,.T.);
#4701 = EDGE_CURVE('',#4659,#4683,#4702,.T.);
#4702 = CIRCLE('',#4703,3.);
#4703 = AXIS2_PLACEMENT_3D('',#4704,#4705,#4706);
#4704 = CARTESIAN_POINT('',(49.95,-10.35,4.8));
#4705 = DIRECTION('',(0.,0.,-1.));
#4706 = DIRECTION('',(1.,0.,0.));
#4707 = PLANE('',#4708);
#4708 = AXIS2_PLACEMENT_3D('',#4709,#4710,#4711);
#4709 = CARTESIAN_POINT('',(-0.727626294896,7.947535940201,4.8));
#4710 = DIRECTION('',(0.,0.,1.));
#4711 = DIRECTION('',(1.,0.,0.));
#4712 = ADVANCED_FACE('',(#4713),#4724,.T.);
#4713 = FACE_BOUND('',#4714,.T.);
#4714 = EDGE_LOOP('',(#4715,#4716,#4717,#4723));
#4715 = ORIENTED_EDGE('',*,*,#2329,.T.);
#4716 = ORIENTED_EDGE('',*,*,#4693,.T.);
#4717 = ORIENTED_EDGE('',*,*,#4718,.F.);
#4718 = EDGE_CURVE('',#3571,#4685,#4719,.T.);
#4719 = LINE('',#4720,#4721);
#4720 = CARTESIAN_POINT('',(52.88938769134,-10.95,0.));
#4721 = VECTOR('',#4722,1.);
#4722 = DIRECTION('',(0.,0.,1.));
#4723 = ORIENTED_EDGE('',*,*,#3570,.F.);
#4724 = PLANE('',#4725);
#4725 = AXIS2_PLACEMENT_3D('',#4726,#4727,#4728);
#4726 = CARTESIAN_POINT('',(55.5,-10.95,0.));
#4727 = DIRECTION('',(0.,-1.,0.));
#4728 = DIRECTION('',(-1.,0.,0.));
#4729 = ADVANCED_FACE('',(#4730),#4741,.F.);
#4730 = FACE_BOUND('',#4731,.F.);
#4731 = EDGE_LOOP('',(#4732,#4733,#4734,#4735));
#4732 = ORIENTED_EDGE('',*,*,#3561,.F.);
#4733 = ORIENTED_EDGE('',*,*,#2313,.T.);
#4734 = ORIENTED_EDGE('',*,*,#3499,.T.);
#4735 = ORIENTED_EDGE('',*,*,#4736,.F.);
#4736 = EDGE_CURVE('',#3562,#3500,#4737,.T.);
#4737 = LINE('',#4738,#4739);
#4738 = CARTESIAN_POINT('',(0.6,-16.75,0.));
#4739 = VECTOR('',#4740,1.);
#4740 = DIRECTION('',(0.,0.,1.));
#4741 = PLANE('',#4742);
#4742 = AXIS2_PLACEMENT_3D('',#4743,#4744,#4745);
#4743 = CARTESIAN_POINT('',(55.5,-16.75,0.));
#4744 = DIRECTION('',(0.,-1.,0.));
#4745 = DIRECTION('',(-1.,0.,0.));
#4746 = ADVANCED_FACE('',(#4747),#4765,.F.);
#4747 = FACE_BOUND('',#4748,.F.);
#4748 = EDGE_LOOP('',(#4749,#4757,#4763,#4764));
#4749 = ORIENTED_EDGE('',*,*,#4750,.F.);
#4750 = EDGE_CURVE('',#4751,#2290,#4753,.T.);
#4751 = VERTEX_POINT('',#4752);
#4752 = CARTESIAN_POINT('',(44.274883360983,-19.75,0.));
#4753 = LINE('',#4754,#4755);
#4754 = CARTESIAN_POINT('',(-55.5,-19.75,0.));
#4755 = VECTOR('',#4756,1.);
#4756 = DIRECTION('',(1.,0.,0.));
#4757 = ORIENTED_EDGE('',*,*,#4758,.F.);
#4758 = EDGE_CURVE('',#3484,#4751,#4759,.T.);
#4759 = LINE('',#4760,#4761);
#4760 = CARTESIAN_POINT('',(44.274883360983,-19.75,0.));
#4761 = VECTOR('',#4762,1.);
#4762 = DIRECTION('',(-0.,-0.,-1.));
#4763 = ORIENTED_EDGE('',*,*,#3492,.T.);
#4764 = ORIENTED_EDGE('',*,*,#2297,.F.);
#4765 = PLANE('',#4766);
#4766 = AXIS2_PLACEMENT_3D('',#4767,#4768,#4769);
#4767 = CARTESIAN_POINT('',(-55.5,-19.75,0.));
#4768 = DIRECTION('',(0.,1.,0.));
#4769 = DIRECTION('',(1.,0.,0.));
#4770 = ADVANCED_FACE('',(#4771),#4790,.T.);
#4771 = FACE_BOUND('',#4772,.T.);
#4772 = EDGE_LOOP('',(#4773,#4781,#4782,#4783));
#4773 = ORIENTED_EDGE('',*,*,#4774,.F.);
#4774 = EDGE_CURVE('',#2282,#4775,#4777,.T.);
#4775 = VERTEX_POINT('',#4776);
#4776 = CARTESIAN_POINT('',(45.691126483255,-21.21128,0.));
#4777 = LINE('',#4778,#4779);
#4778 = CARTESIAN_POINT('',(55.5,-21.21128,0.));
#4779 = VECTOR('',#4780,1.);
#4780 = DIRECTION('',(-1.,0.,0.));
#4781 = ORIENTED_EDGE('',*,*,#2289,.F.);
#4782 = ORIENTED_EDGE('',*,*,#4750,.F.);
#4783 = ORIENTED_EDGE('',*,*,#4784,.F.);
#4784 = EDGE_CURVE('',#4775,#4751,#4785,.T.);
#4785 = CIRCLE('',#4786,3.5);
#4786 = AXIS2_PLACEMENT_3D('',#4787,#4788,#4789);
#4787 = CARTESIAN_POINT('',(42.57825,-22.81128,0.));
#4788 = DIRECTION('',(0.,0.,1.));
#4789 = DIRECTION('',(1.,0.,0.));
#4790 = PLANE('',#4791);
#4791 = AXIS2_PLACEMENT_3D('',#4792,#4793,#4794);
#4792 = CARTESIAN_POINT('',(2.645059241065E-15,8.590040478689,0.));
#4793 = DIRECTION('',(0.,0.,1.));
#4794 = DIRECTION('',(1.,0.,0.));
#4795 = ADVANCED_FACE('',(#4796),#4807,.F.);
#4796 = FACE_BOUND('',#4797,.F.);
#4797 = EDGE_LOOP('',(#4798,#4799,#4800,#4801));
#4798 = ORIENTED_EDGE('',*,*,#4774,.F.);
#4799 = ORIENTED_EDGE('',*,*,#2281,.T.);
#4800 = ORIENTED_EDGE('',*,*,#3000,.F.);
#4801 = ORIENTED_EDGE('',*,*,#4802,.T.);
#4802 = EDGE_CURVE('',#3001,#4775,#4803,.T.);
#4803 = LINE('',#4804,#4805);
#4804 = CARTESIAN_POINT('',(45.691126483255,-21.21128,0.));
#4805 = VECTOR('',#4806,1.);
#4806 = DIRECTION('',(-0.,-0.,-1.));
#4807 = PLANE('',#4808);
#4808 = AXIS2_PLACEMENT_3D('',#4809,#4810,#4811);
#4809 = CARTESIAN_POINT('',(55.5,-21.21128,0.));
#4810 = DIRECTION('',(0.,-1.,0.));
#4811 = DIRECTION('',(-1.,0.,0.));
#4812 = ADVANCED_FACE('',(#4813),#4824,.F.);
#4813 = FACE_BOUND('',#4814,.F.);
#4814 = EDGE_LOOP('',(#4815,#4816,#4822,#4823));
#4815 = ORIENTED_EDGE('',*,*,#2919,.F.);
#4816 = ORIENTED_EDGE('',*,*,#4817,.F.);
#4817 = EDGE_CURVE('',#2985,#2920,#4818,.T.);
#4818 = LINE('',#4819,#4820);
#4819 = CARTESIAN_POINT('',(45.691126483255,-24.41128,0.));
#4820 = VECTOR('',#4821,1.);
#4821 = DIRECTION('',(-0.,-0.,-1.));
#4822 = ORIENTED_EDGE('',*,*,#2993,.F.);
#4823 = ORIENTED_EDGE('',*,*,#2265,.F.);
#4824 = PLANE('',#4825);
#4825 = AXIS2_PLACEMENT_3D('',#4826,#4827,#4828);
#4826 = CARTESIAN_POINT('',(42.578263085345,-24.41128,0.));
#4827 = DIRECTION('',(0.,1.,0.));
#4828 = DIRECTION('',(1.,0.,0.));
#4829 = ADVANCED_FACE('',(#4830),#4840,.T.);
#4830 = FACE_BOUND('',#4831,.T.);
#4831 = EDGE_LOOP('',(#4832,#4838,#4839));
#4832 = ORIENTED_EDGE('',*,*,#4833,.T.);
#4833 = EDGE_CURVE('',#2872,#2394,#4834,.T.);
#4834 = LINE('',#4835,#4836);
#4835 = CARTESIAN_POINT('',(45.5,-46.8,0.));
#4836 = VECTOR('',#4837,1.);
#4837 = DIRECTION('',(1.,0.,0.));
#4838 = ORIENTED_EDGE('',*,*,#2401,.T.);
#4839 = ORIENTED_EDGE('',*,*,#2871,.F.);
#4840 = PLANE('',#4841);
#4841 = AXIS2_PLACEMENT_3D('',#4842,#4843,#4844);
#4842 = CARTESIAN_POINT('',(2.645059241065E-15,8.590040478689,0.));
#4843 = DIRECTION('',(0.,0.,1.));
#4844 = DIRECTION('',(1.,0.,0.));
#4845 = ADVANCED_FACE('',(#4846),#4852,.T.);
#4846 = FACE_BOUND('',#4847,.T.);
#4847 = EDGE_LOOP('',(#4848,#4849,#4850,#4851));
#4848 = ORIENTED_EDGE('',*,*,#2880,.F.);
#4849 = ORIENTED_EDGE('',*,*,#2428,.T.);
#4850 = ORIENTED_EDGE('',*,*,#2393,.F.);
#4851 = ORIENTED_EDGE('',*,*,#4833,.F.);
#4852 = PLANE('',#4853);
#4853 = AXIS2_PLACEMENT_3D('',#4854,#4855,#4856);
#4854 = CARTESIAN_POINT('',(45.5,-46.8,28.));
#4855 = DIRECTION('',(0.,1.,0.));
#4856 = DIRECTION('',(0.,0.,-1.));
#4857 = ADVANCED_FACE('',(#4858),#4877,.F.);
#4858 = FACE_BOUND('',#4859,.T.);
#4859 = EDGE_LOOP('',(#4860,#4868,#4869,#4870));
#4860 = ORIENTED_EDGE('',*,*,#4861,.F.);
#4861 = EDGE_CURVE('',#2463,#4862,#4864,.T.);
#4862 = VERTEX_POINT('',#4863);
#4863 = CARTESIAN_POINT('',(52.517766952969,-43.76776695296,12.));
#4864 = LINE('',#4865,#4866);
#4865 = CARTESIAN_POINT('',(52.517766952969,-43.76776695296,28.));
#4866 = VECTOR('',#4867,1.);
#4867 = DIRECTION('',(-5.551115123126E-17,0.,-1.));
#4868 = ORIENTED_EDGE('',*,*,#2462,.T.);
#4869 = ORIENTED_EDGE('',*,*,#4861,.T.);
#4870 = ORIENTED_EDGE('',*,*,#4871,.F.);
#4871 = EDGE_CURVE('',#4862,#4862,#4872,.T.);
#4872 = CIRCLE('',#4873,1.25);
#4873 = AXIS2_PLACEMENT_3D('',#4874,#4875,#4876);
#4874 = CARTESIAN_POINT('',(51.267766952969,-43.76776695296,12.));
#4875 = DIRECTION('',(0.,0.,1.));
#4876 = DIRECTION('',(1.,0.,0.));
#4877 = CYLINDRICAL_SURFACE('',#4878,1.25);
#4878 = AXIS2_PLACEMENT_3D('',#4879,#4880,#4881);
#4879 = CARTESIAN_POINT('',(51.267766952969,-43.76776695296,28.));
#4880 = DIRECTION('',(-0.,-0.,-1.));
#4881 = DIRECTION('',(1.,0.,0.));
#4882 = ADVANCED_FACE('',(#4883),#4899,.F.);
#4883 = FACE_BOUND('',#4884,.F.);
#4884 = EDGE_LOOP('',(#4885,#4891,#4892,#4898));
#4885 = ORIENTED_EDGE('',*,*,#4886,.F.);
#4886 = EDGE_CURVE('',#3780,#2785,#4887,.T.);
#4887 = LINE('',#4888,#4889);
#4888 = CARTESIAN_POINT('',(37.5,-11.,28.));
#4889 = VECTOR('',#4890,1.);
#4890 = DIRECTION('',(-0.,-0.,-1.));
#4891 = ORIENTED_EDGE('',*,*,#3787,.T.);
#4892 = ORIENTED_EDGE('',*,*,#4893,.T.);
#4893 = EDGE_CURVE('',#3762,#2776,#4894,.T.);
#4894 = LINE('',#4895,#4896);
#4895 = CARTESIAN_POINT('',(-37.5,-11.,28.));
#4896 = VECTOR('',#4897,1.);
#4897 = DIRECTION('',(-0.,-0.,-1.));
#4898 = ORIENTED_EDGE('',*,*,#2792,.T.);
#4899 = PLANE('',#4900);
#4900 = AXIS2_PLACEMENT_3D('',#4901,#4902,#4903);
#4901 = CARTESIAN_POINT('',(-37.5,-11.,28.));
#4902 = DIRECTION('',(0.,-1.,0.));
#4903 = DIRECTION('',(1.,0.,0.));
#4904 = ADVANCED_FACE('',(#4905),#4916,.F.);
#4905 = FACE_BOUND('',#4906,.F.);
#4906 = EDGE_LOOP('',(#4907,#4908,#4909,#4915));
#4907 = ORIENTED_EDGE('',*,*,#4893,.F.);
#4908 = ORIENTED_EDGE('',*,*,#3761,.T.);
#4909 = ORIENTED_EDGE('',*,*,#4910,.T.);
#4910 = EDGE_CURVE('',#3764,#2807,#4911,.T.);
#4911 = LINE('',#4912,#4913);
#4912 = CARTESIAN_POINT('',(-37.5,39.,28.));
#4913 = VECTOR('',#4914,1.);
#4914 = DIRECTION('',(-0.,-0.,-1.));
#4915 = ORIENTED_EDGE('',*,*,#2816,.T.);
#4916 = PLANE('',#4917);
#4917 = AXIS2_PLACEMENT_3D('',#4918,#4919,#4920);
#4918 = CARTESIAN_POINT('',(-37.5,39.,28.));
#4919 = DIRECTION('',(-1.,0.,0.));
#4920 = DIRECTION('',(0.,-1.,0.));
#4921 = ADVANCED_FACE('',(#4922),#4933,.F.);
#4922 = FACE_BOUND('',#4923,.F.);
#4923 = EDGE_LOOP('',(#4924,#4930,#4931,#4932));
#4924 = ORIENTED_EDGE('',*,*,#4925,.F.);
#4925 = EDGE_CURVE('',#3772,#2833,#4926,.T.);
#4926 = LINE('',#4927,#4928);
#4927 = CARTESIAN_POINT('',(37.5,39.,28.));
#4928 = VECTOR('',#4929,1.);
#4929 = DIRECTION('',(-0.,-0.,-1.));
#4930 = ORIENTED_EDGE('',*,*,#3779,.T.);
#4931 = ORIENTED_EDGE('',*,*,#4886,.T.);
#4932 = ORIENTED_EDGE('',*,*,#2840,.T.);
#4933 = PLANE('',#4934);
#4934 = AXIS2_PLACEMENT_3D('',#4935,#4936,#4937);
#4935 = CARTESIAN_POINT('',(37.5,-11.,28.));
#4936 = DIRECTION('',(1.,0.,0.));
#4937 = DIRECTION('',(0.,1.,0.));
#4938 = ADVANCED_FACE('',(#4939),#4945,.F.);
#4939 = FACE_BOUND('',#4940,.F.);
#4940 = EDGE_LOOP('',(#4941,#4942,#4943,#4944));
#4941 = ORIENTED_EDGE('',*,*,#4910,.F.);
#4942 = ORIENTED_EDGE('',*,*,#3771,.T.);
#4943 = ORIENTED_EDGE('',*,*,#4925,.T.);
#4944 = ORIENTED_EDGE('',*,*,#2857,.T.);
#4945 = PLANE('',#4946);
#4946 = AXIS2_PLACEMENT_3D('',#4947,#4948,#4949);
#4947 = CARTESIAN_POINT('',(37.5,39.,28.));
#4948 = DIRECTION('',(0.,1.,0.));
#4949 = DIRECTION('',(-1.,0.,0.));
#4950 = ADVANCED_FACE('',(#4951),#4957,.T.);
#4951 = FACE_BOUND('',#4952,.F.);
#4952 = EDGE_LOOP('',(#4953,#4954,#4955,#4956));
#4953 = ORIENTED_EDGE('',*,*,#4817,.T.);
#4954 = ORIENTED_EDGE('',*,*,#2927,.F.);
#4955 = ORIENTED_EDGE('',*,*,#2960,.F.);
#4956 = ORIENTED_EDGE('',*,*,#2984,.F.);
#4957 = CYLINDRICAL_SURFACE('',#4958,3.5);
#4958 = AXIS2_PLACEMENT_3D('',#4959,#4960,#4961);
#4959 = CARTESIAN_POINT('',(42.57825,-22.81128,0.));
#4960 = DIRECTION('',(-0.,-0.,-1.));
#4961 = DIRECTION('',(1.,0.,0.));
#4962 = ADVANCED_FACE('',(#4963),#4978,.T.);
#4963 = FACE_BOUND('',#4964,.F.);
#4964 = EDGE_LOOP('',(#4965,#4966,#4967,#4968,#4969,#4970,#4976,#4977));
#4965 = ORIENTED_EDGE('',*,*,#4784,.F.);
#4966 = ORIENTED_EDGE('',*,*,#4802,.F.);
#4967 = ORIENTED_EDGE('',*,*,#3008,.F.);
#4968 = ORIENTED_EDGE('',*,*,#3042,.T.);
#4969 = ORIENTED_EDGE('',*,*,#3060,.F.);
#4970 = ORIENTED_EDGE('',*,*,#4971,.F.);
#4971 = EDGE_CURVE('',#3476,#3061,#4972,.T.);
#4972 = LINE('',#4973,#4974);
#4973 = CARTESIAN_POINT('',(40.881616639017,-19.75,0.));
#4974 = VECTOR('',#4975,1.);
#4975 = DIRECTION('',(-0.,-0.,-1.));
#4976 = ORIENTED_EDGE('',*,*,#3483,.T.);
#4977 = ORIENTED_EDGE('',*,*,#4758,.T.);
#4978 = CYLINDRICAL_SURFACE('',#4979,3.5);
#4979 = AXIS2_PLACEMENT_3D('',#4980,#4981,#4982);
#4980 = CARTESIAN_POINT('',(42.57825,-22.81128,0.));
#4981 = DIRECTION('',(-0.,-0.,-1.));
#4982 = DIRECTION('',(1.,0.,0.));
#4983 = ADVANCED_FACE('',(#4984),#5003,.F.);
#4984 = FACE_BOUND('',#4985,.T.);
#4985 = EDGE_LOOP('',(#4986,#4994,#4995,#4996));
#4986 = ORIENTED_EDGE('',*,*,#4987,.F.);
#4987 = EDGE_CURVE('',#3018,#4988,#4990,.T.);
#4988 = VERTEX_POINT('',#4989);
#4989 = CARTESIAN_POINT('',(43.82825,-22.81128,0.6));
#4990 = LINE('',#4991,#4992);
#4991 = CARTESIAN_POINT('',(43.82825,-22.81128,16.6));
#4992 = VECTOR('',#4993,1.);
#4993 = DIRECTION('',(-5.551115123126E-17,0.,-1.));
#4994 = ORIENTED_EDGE('',*,*,#3017,.T.);
#4995 = ORIENTED_EDGE('',*,*,#4987,.T.);
#4996 = ORIENTED_EDGE('',*,*,#4997,.F.);
#4997 = EDGE_CURVE('',#4988,#4988,#4998,.T.);
#4998 = CIRCLE('',#4999,1.25);
#4999 = AXIS2_PLACEMENT_3D('',#5000,#5001,#5002);
#5000 = CARTESIAN_POINT('',(42.57825,-22.81128,0.6));
#5001 = DIRECTION('',(0.,0.,1.));
#5002 = DIRECTION('',(1.,0.,0.));
#5003 = CYLINDRICAL_SURFACE('',#5004,1.25);
#5004 = AXIS2_PLACEMENT_3D('',#5005,#5006,#5007);
#5005 = CARTESIAN_POINT('',(42.57825,-22.81128,16.6));
#5006 = DIRECTION('',(-0.,-0.,-1.));
#5007 = DIRECTION('',(1.,0.,0.));
#5008 = ADVANCED_FACE('',(#5009),#5026,.T.);
#5009 = FACE_BOUND('',#5010,.F.);
#5010 = EDGE_LOOP('',(#5011,#5012,#5013,#5014,#5015,#5021,#5022,#5023,
    #5024,#5025));
#5011 = ORIENTED_EDGE('',*,*,#3391,.T.);
#5012 = ORIENTED_EDGE('',*,*,#3408,.F.);
#5013 = ORIENTED_EDGE('',*,*,#3442,.F.);
#5014 = ORIENTED_EDGE('',*,*,#3466,.T.);
#5015 = ORIENTED_EDGE('',*,*,#5016,.T.);
#5016 = EDGE_CURVE('',#3467,#3070,#5017,.T.);
#5017 = LINE('',#5018,#5019);
#5018 = CARTESIAN_POINT('',(-40.98973467506,-19.75,0.));
#5019 = VECTOR('',#5020,1.);
#5020 = DIRECTION('',(-0.,-0.,-1.));
#5021 = ORIENTED_EDGE('',*,*,#3077,.F.);
#5022 = ORIENTED_EDGE('',*,*,#3086,.F.);
#5023 = ORIENTED_EDGE('',*,*,#3134,.F.);
#5024 = ORIENTED_EDGE('',*,*,#3158,.F.);
#5025 = ORIENTED_EDGE('',*,*,#3167,.F.);
#5026 = CYLINDRICAL_SURFACE('',#5027,3.5);
#5027 = AXIS2_PLACEMENT_3D('',#5028,#5029,#5030);
#5028 = CARTESIAN_POINT('',(-41.62275,-23.19228,0.));
#5029 = DIRECTION('',(-0.,-0.,-1.));
#5030 = DIRECTION('',(1.,0.,0.));
#5031 = ADVANCED_FACE('',(#5032),#5038,.F.);
#5032 = FACE_BOUND('',#5033,.F.);
#5033 = EDGE_LOOP('',(#5034,#5035,#5036,#5037));
#5034 = ORIENTED_EDGE('',*,*,#3069,.F.);
#5035 = ORIENTED_EDGE('',*,*,#5016,.F.);
#5036 = ORIENTED_EDGE('',*,*,#3475,.T.);
#5037 = ORIENTED_EDGE('',*,*,#4971,.T.);
#5038 = PLANE('',#5039);
#5039 = AXIS2_PLACEMENT_3D('',#5040,#5041,#5042);
#5040 = CARTESIAN_POINT('',(-55.5,-19.75,0.));
#5041 = DIRECTION('',(0.,1.,0.));
#5042 = DIRECTION('',(1.,0.,0.));
#5043 = ADVANCED_FACE('',(#5044),#5050,.T.);
#5044 = FACE_BOUND('',#5045,.F.);
#5045 = EDGE_LOOP('',(#5046,#5047,#5048,#5049));
#5046 = ORIENTED_EDGE('',*,*,#3225,.T.);
#5047 = ORIENTED_EDGE('',*,*,#3260,.F.);
#5048 = ORIENTED_EDGE('',*,*,#3369,.F.);
#5049 = ORIENTED_EDGE('',*,*,#3191,.F.);
#5050 = CYLINDRICAL_SURFACE('',#5051,3.5);
#5051 = AXIS2_PLACEMENT_3D('',#5052,#5053,#5054);
#5052 = CARTESIAN_POINT('',(-41.62275,-23.19228,0.));
#5053 = DIRECTION('',(-0.,-0.,-1.));
#5054 = DIRECTION('',(1.,0.,0.));
#5055 = ADVANCED_FACE('',(#5056),#5075,.F.);
#5056 = FACE_BOUND('',#5057,.T.);
#5057 = EDGE_LOOP('',(#5058,#5066,#5067,#5068));
#5058 = ORIENTED_EDGE('',*,*,#5059,.F.);
#5059 = EDGE_CURVE('',#3201,#5060,#5062,.T.);
#5060 = VERTEX_POINT('',#5061);
#5061 = CARTESIAN_POINT('',(-40.37275,-23.19228,0.6));
#5062 = LINE('',#5063,#5064);
#5063 = CARTESIAN_POINT('',(-40.37275,-23.19228,16.6));
#5064 = VECTOR('',#5065,1.);
#5065 = DIRECTION('',(-5.551115123126E-17,0.,-1.));
#5066 = ORIENTED_EDGE('',*,*,#3200,.T.);
#5067 = ORIENTED_EDGE('',*,*,#5059,.T.);
#5068 = ORIENTED_EDGE('',*,*,#5069,.F.);
#5069 = EDGE_CURVE('',#5060,#5060,#5070,.T.);
#5070 = CIRCLE('',#5071,1.25);
#5071 = AXIS2_PLACEMENT_3D('',#5072,#5073,#5074);
#5072 = CARTESIAN_POINT('',(-41.62275,-23.19228,0.6));
#5073 = DIRECTION('',(0.,0.,1.));
#5074 = DIRECTION('',(1.,0.,0.));
#5075 = CYLINDRICAL_SURFACE('',#5076,1.25);
#5076 = AXIS2_PLACEMENT_3D('',#5077,#5078,#5079);
#5077 = CARTESIAN_POINT('',(-41.62275,-23.19228,16.6));
#5078 = DIRECTION('',(-0.,-0.,-1.));
#5079 = DIRECTION('',(1.,0.,0.));
#5080 = ADVANCED_FACE('',(#5081),#5084,.T.);
#5081 = FACE_BOUND('',#5082,.T.);
#5082 = EDGE_LOOP('',(#5083));
#5083 = ORIENTED_EDGE('',*,*,#3340,.T.);
#5084 = PLANE('',#5085);
#5085 = AXIS2_PLACEMENT_3D('',#5086,#5087,#5088);
#5086 = CARTESIAN_POINT('',(-51.26776695296,-43.76776695296,12.));
#5087 = DIRECTION('',(0.,0.,1.));
#5088 = DIRECTION('',(1.,0.,0.));
#5089 = ADVANCED_FACE('',(#5090),#5101,.F.);
#5090 = FACE_BOUND('',#5091,.F.);
#5091 = EDGE_LOOP('',(#5092,#5098,#5099,#5100));
#5092 = ORIENTED_EDGE('',*,*,#5093,.T.);
#5093 = EDGE_CURVE('',#3738,#3516,#5094,.T.);
#5094 = LINE('',#5095,#5096);
#5095 = CARTESIAN_POINT('',(-0.6,-13.75,0.));
#5096 = VECTOR('',#5097,1.);
#5097 = DIRECTION('',(0.,0.,1.));
#5098 = ORIENTED_EDGE('',*,*,#3523,.T.);
#5099 = ORIENTED_EDGE('',*,*,#3545,.F.);
#5100 = ORIENTED_EDGE('',*,*,#3737,.F.);
#5101 = PLANE('',#5102);
#5102 = AXIS2_PLACEMENT_3D('',#5103,#5104,#5105);
#5103 = CARTESIAN_POINT('',(-0.6,-13.75,0.));
#5104 = DIRECTION('',(1.,0.,0.));
#5105 = DIRECTION('',(0.,-1.,0.));
#5106 = ADVANCED_FACE('',(#5107),#5118,.F.);
#5107 = FACE_BOUND('',#5108,.F.);
#5108 = EDGE_LOOP('',(#5109,#5115,#5116,#5117));
#5109 = ORIENTED_EDGE('',*,*,#5110,.T.);
#5110 = EDGE_CURVE('',#3746,#3508,#5111,.T.);
#5111 = LINE('',#5112,#5113);
#5112 = CARTESIAN_POINT('',(0.6,-13.75,0.));
#5113 = VECTOR('',#5114,1.);
#5114 = DIRECTION('',(0.,0.,1.));
#5115 = ORIENTED_EDGE('',*,*,#3515,.T.);
#5116 = ORIENTED_EDGE('',*,*,#5093,.F.);
#5117 = ORIENTED_EDGE('',*,*,#3745,.F.);
#5118 = PLANE('',#5119);
#5119 = AXIS2_PLACEMENT_3D('',#5120,#5121,#5122);
#5120 = CARTESIAN_POINT('',(0.6,-13.75,0.));
#5121 = DIRECTION('',(0.,-1.,0.));
#5122 = DIRECTION('',(-1.,0.,0.));
#5123 = ADVANCED_FACE('',(#5124),#5130,.F.);
#5124 = FACE_BOUND('',#5125,.F.);
#5125 = EDGE_LOOP('',(#5126,#5127,#5128,#5129));
#5126 = ORIENTED_EDGE('',*,*,#4736,.T.);
#5127 = ORIENTED_EDGE('',*,*,#3507,.T.);
#5128 = ORIENTED_EDGE('',*,*,#5110,.F.);
#5129 = ORIENTED_EDGE('',*,*,#3753,.F.);
#5130 = PLANE('',#5131);
#5131 = AXIS2_PLACEMENT_3D('',#5132,#5133,#5134);
#5132 = CARTESIAN_POINT('',(0.6,-16.75,0.));
#5133 = DIRECTION('',(-1.,0.,0.));
#5134 = DIRECTION('',(0.,1.,0.));
#5135 = ADVANCED_FACE('',(#5136),#5183,.T.);
#5136 = FACE_BOUND('',#5137,.F.);
#5137 = EDGE_LOOP('',(#5138,#5139,#5147,#5154,#5155,#5156,#5157,#5158,
    #5159,#5160,#5168,#5177));
#5138 = ORIENTED_EDGE('',*,*,#3711,.F.);
#5139 = ORIENTED_EDGE('',*,*,#5140,.T.);
#5140 = EDGE_CURVE('',#3712,#5141,#5143,.T.);
#5141 = VERTEX_POINT('',#5142);
#5142 = CARTESIAN_POINT('',(-41.05,-10.35,5.));
#5143 = LINE('',#5144,#5145);
#5144 = CARTESIAN_POINT('',(-41.05,-10.35,0.));
#5145 = VECTOR('',#5146,1.);
#5146 = DIRECTION('',(0.,0.,1.));
#5147 = ORIENTED_EDGE('',*,*,#5148,.T.);
#5148 = EDGE_CURVE('',#5141,#5141,#5149,.T.);
#5149 = CIRCLE('',#5150,3.);
#5150 = AXIS2_PLACEMENT_3D('',#5151,#5152,#5153);
#5151 = CARTESIAN_POINT('',(-44.05,-10.35,5.));
#5152 = DIRECTION('',(0.,0.,1.));
#5153 = DIRECTION('',(1.,0.,0.));
#5154 = ORIENTED_EDGE('',*,*,#5140,.F.);
#5155 = ORIENTED_EDGE('',*,*,#3720,.F.);
#5156 = ORIENTED_EDGE('',*,*,#3821,.T.);
#5157 = ORIENTED_EDGE('',*,*,#3838,.T.);
#5158 = ORIENTED_EDGE('',*,*,#3861,.F.);
#5159 = ORIENTED_EDGE('',*,*,#3887,.F.);
#5160 = ORIENTED_EDGE('',*,*,#5161,.T.);
#5161 = EDGE_CURVE('',#3888,#5162,#5164,.T.);
#5162 = VERTEX_POINT('',#5163);
#5163 = CARTESIAN_POINT('',(-44.65,-7.41061230866,4.8));
#5164 = LINE('',#5165,#5166);
#5165 = CARTESIAN_POINT('',(-44.65,-7.41061230866,0.));
#5166 = VECTOR('',#5167,1.);
#5167 = DIRECTION('',(0.,0.,1.));
#5168 = ORIENTED_EDGE('',*,*,#5169,.T.);
#5169 = EDGE_CURVE('',#5162,#5170,#5172,.T.);
#5170 = VERTEX_POINT('',#5171);
#5171 = CARTESIAN_POINT('',(-43.45,-7.41061230866,4.8));
#5172 = CIRCLE('',#5173,3.);
#5173 = AXIS2_PLACEMENT_3D('',#5174,#5175,#5176);
#5174 = CARTESIAN_POINT('',(-44.05,-10.35,4.8));
#5175 = DIRECTION('',(0.,0.,-1.));
#5176 = DIRECTION('',(1.,0.,0.));
#5177 = ORIENTED_EDGE('',*,*,#5178,.F.);
#5178 = EDGE_CURVE('',#3704,#5170,#5179,.T.);
#5179 = LINE('',#5180,#5181);
#5180 = CARTESIAN_POINT('',(-43.45,-7.41061230866,0.));
#5181 = VECTOR('',#5182,1.);
#5182 = DIRECTION('',(0.,0.,1.));
#5183 = CYLINDRICAL_SURFACE('',#5184,3.);
#5184 = AXIS2_PLACEMENT_3D('',#5185,#5186,#5187);
#5185 = CARTESIAN_POINT('',(-44.05,-10.35,0.));
#5186 = DIRECTION('',(-0.,-0.,-1.));
#5187 = DIRECTION('',(1.,0.,0.));
#5188 = ADVANCED_FACE('',(#5189),#5207,.F.);
#5189 = FACE_BOUND('',#5190,.F.);
#5190 = EDGE_LOOP('',(#5191,#5192,#5200,#5206));
#5191 = ORIENTED_EDGE('',*,*,#5178,.T.);
#5192 = ORIENTED_EDGE('',*,*,#5193,.T.);
#5193 = EDGE_CURVE('',#5170,#5194,#5196,.T.);
#5194 = VERTEX_POINT('',#5195);
#5195 = CARTESIAN_POINT('',(-43.45,35.11061230866,4.8));
#5196 = LINE('',#5197,#5198);
#5197 = CARTESIAN_POINT('',(-43.45,-7.41061230866,4.8));
#5198 = VECTOR('',#5199,1.);
#5199 = DIRECTION('',(0.,1.,0.));
#5200 = ORIENTED_EDGE('',*,*,#5201,.F.);
#5201 = EDGE_CURVE('',#3695,#5194,#5202,.T.);
#5202 = LINE('',#5203,#5204);
#5203 = CARTESIAN_POINT('',(-43.45,35.11061230866,0.));
#5204 = VECTOR('',#5205,1.);
#5205 = DIRECTION('',(0.,0.,1.));
#5206 = ORIENTED_EDGE('',*,*,#3703,.F.);
#5207 = PLANE('',#5208);
#5208 = AXIS2_PLACEMENT_3D('',#5209,#5210,#5211);
#5209 = CARTESIAN_POINT('',(-43.45,-7.41061230866,0.));
#5210 = DIRECTION('',(-1.,0.,0.));
#5211 = DIRECTION('',(0.,1.,0.));
#5212 = ADVANCED_FACE('',(#5213),#5277,.T.);
#5213 = FACE_BOUND('',#5214,.F.);
#5214 = EDGE_LOOP('',(#5215,#5216,#5224,#5231,#5232,#5233,#5234,#5243,
    #5249,#5250,#5251,#5252,#5253,#5254,#5262,#5271));
#5215 = ORIENTED_EDGE('',*,*,#3685,.F.);
#5216 = ORIENTED_EDGE('',*,*,#5217,.T.);
#5217 = EDGE_CURVE('',#3686,#5218,#5220,.T.);
#5218 = VERTEX_POINT('',#5219);
#5219 = CARTESIAN_POINT('',(-41.05,38.05,5.));
#5220 = LINE('',#5221,#5222);
#5221 = CARTESIAN_POINT('',(-41.05,38.05,0.));
#5222 = VECTOR('',#5223,1.);
#5223 = DIRECTION('',(0.,0.,1.));
#5224 = ORIENTED_EDGE('',*,*,#5225,.T.);
#5225 = EDGE_CURVE('',#5218,#5218,#5226,.T.);
#5226 = CIRCLE('',#5227,3.);
#5227 = AXIS2_PLACEMENT_3D('',#5228,#5229,#5230);
#5228 = CARTESIAN_POINT('',(-44.05,38.05,5.));
#5229 = DIRECTION('',(0.,0.,1.));
#5230 = DIRECTION('',(1.,0.,0.));
#5231 = ORIENTED_EDGE('',*,*,#5217,.F.);
#5232 = ORIENTED_EDGE('',*,*,#3694,.F.);
#5233 = ORIENTED_EDGE('',*,*,#5201,.T.);
#5234 = ORIENTED_EDGE('',*,*,#5235,.T.);
#5235 = EDGE_CURVE('',#5194,#5236,#5238,.T.);
#5236 = VERTEX_POINT('',#5237);
#5237 = CARTESIAN_POINT('',(-44.65,35.11061230866,4.8));
#5238 = CIRCLE('',#5239,3.);
#5239 = AXIS2_PLACEMENT_3D('',#5240,#5241,#5242);
#5240 = CARTESIAN_POINT('',(-44.05,38.05,4.8));
#5241 = DIRECTION('',(0.,0.,-1.));
#5242 = DIRECTION('',(1.,0.,0.));
#5243 = ORIENTED_EDGE('',*,*,#5244,.F.);
#5244 = EDGE_CURVE('',#3897,#5236,#5245,.T.);
#5245 = LINE('',#5246,#5247);
#5246 = CARTESIAN_POINT('',(-44.65,35.11061230866,0.));
#5247 = VECTOR('',#5248,1.);
#5248 = DIRECTION('',(0.,0.,1.));
#5249 = ORIENTED_EDGE('',*,*,#3904,.F.);
#5250 = ORIENTED_EDGE('',*,*,#3936,.T.);
#5251 = ORIENTED_EDGE('',*,*,#3961,.T.);
#5252 = ORIENTED_EDGE('',*,*,#3976,.F.);
#5253 = ORIENTED_EDGE('',*,*,#4002,.F.);
#5254 = ORIENTED_EDGE('',*,*,#5255,.T.);
#5255 = EDGE_CURVE('',#4003,#5256,#5258,.T.);
#5256 = VERTEX_POINT('',#5257);
#5257 = CARTESIAN_POINT('',(-44.65,40.98938769134,4.8));
#5258 = LINE('',#5259,#5260);
#5259 = CARTESIAN_POINT('',(-44.65,40.98938769134,0.));
#5260 = VECTOR('',#5261,1.);
#5261 = DIRECTION('',(0.,0.,1.));
#5262 = ORIENTED_EDGE('',*,*,#5263,.T.);
#5263 = EDGE_CURVE('',#5256,#5264,#5266,.T.);
#5264 = VERTEX_POINT('',#5265);
#5265 = CARTESIAN_POINT('',(-43.45,40.98938769134,4.8));
#5266 = CIRCLE('',#5267,3.);
#5267 = AXIS2_PLACEMENT_3D('',#5268,#5269,#5270);
#5268 = CARTESIAN_POINT('',(-44.05,38.05,4.8));
#5269 = DIRECTION('',(0.,0.,-1.));
#5270 = DIRECTION('',(1.,0.,0.));
#5271 = ORIENTED_EDGE('',*,*,#5272,.F.);
#5272 = EDGE_CURVE('',#3678,#5264,#5273,.T.);
#5273 = LINE('',#5274,#5275);
#5274 = CARTESIAN_POINT('',(-43.45,40.98938769134,0.));
#5275 = VECTOR('',#5276,1.);
#5276 = DIRECTION('',(0.,0.,1.));
#5277 = CYLINDRICAL_SURFACE('',#5278,3.);
#5278 = AXIS2_PLACEMENT_3D('',#5279,#5280,#5281);
#5279 = CARTESIAN_POINT('',(-44.05,38.05,0.));
#5280 = DIRECTION('',(-0.,-0.,-1.));
#5281 = DIRECTION('',(1.,0.,0.));
#5282 = ADVANCED_FACE('',(#5283),#5301,.F.);
#5283 = FACE_BOUND('',#5284,.F.);
#5284 = EDGE_LOOP('',(#5285,#5286,#5287,#5295));
#5285 = ORIENTED_EDGE('',*,*,#3677,.F.);
#5286 = ORIENTED_EDGE('',*,*,#5272,.T.);
#5287 = ORIENTED_EDGE('',*,*,#5288,.T.);
#5288 = EDGE_CURVE('',#5264,#5289,#5291,.T.);
#5289 = VERTEX_POINT('',#5290);
#5290 = CARTESIAN_POINT('',(-43.45,49.233957705554,4.8));
#5291 = LINE('',#5292,#5293);
#5292 = CARTESIAN_POINT('',(-43.45,40.98938769134,4.8));
#5293 = VECTOR('',#5294,1.);
#5294 = DIRECTION('',(0.,1.,0.));
#5295 = ORIENTED_EDGE('',*,*,#5296,.T.);
#5296 = EDGE_CURVE('',#5289,#3669,#5297,.T.);
#5297 = LINE('',#5298,#5299);
#5298 = CARTESIAN_POINT('',(-43.45,49.233957705554,0.));
#5299 = VECTOR('',#5300,1.);
#5300 = DIRECTION('',(-0.,-0.,-1.));
#5301 = PLANE('',#5302);
#5302 = AXIS2_PLACEMENT_3D('',#5303,#5304,#5305);
#5303 = CARTESIAN_POINT('',(-43.45,40.98938769134,0.));
#5304 = DIRECTION('',(-1.,0.,0.));
#5305 = DIRECTION('',(0.,1.,0.));
#5306 = ADVANCED_FACE('',(#5307),#5341,.T.);
#5307 = FACE_BOUND('',#5308,.F.);
#5308 = EDGE_LOOP('',(#5309,#5315,#5316,#5317,#5318,#5319,#5320,#5321,
    #5322,#5331,#5337,#5338,#5339,#5340));
#5309 = ORIENTED_EDGE('',*,*,#5310,.T.);
#5310 = EDGE_CURVE('',#4079,#4191,#5311,.T.);
#5311 = LINE('',#5312,#5313);
#5312 = CARTESIAN_POINT('',(-45.52302648325,54.17592,0.));
#5313 = VECTOR('',#5314,1.);
#5314 = DIRECTION('',(-0.,-0.,-1.));
#5315 = ORIENTED_EDGE('',*,*,#4198,.F.);
#5316 = ORIENTED_EDGE('',*,*,#4231,.F.);
#5317 = ORIENTED_EDGE('',*,*,#4245,.T.);
#5318 = ORIENTED_EDGE('',*,*,#4271,.T.);
#5319 = ORIENTED_EDGE('',*,*,#3659,.F.);
#5320 = ORIENTED_EDGE('',*,*,#3668,.F.);
#5321 = ORIENTED_EDGE('',*,*,#5296,.F.);
#5322 = ORIENTED_EDGE('',*,*,#5323,.T.);
#5323 = EDGE_CURVE('',#5289,#5324,#5326,.T.);
#5324 = VERTEX_POINT('',#5325);
#5325 = CARTESIAN_POINT('',(-44.65,49.886482888354,4.8));
#5326 = CIRCLE('',#5327,3.5);
#5327 = AXIS2_PLACEMENT_3D('',#5328,#5329,#5330);
#5328 = CARTESIAN_POINT('',(-42.41015,52.57592,4.8));
#5329 = DIRECTION('',(0.,0.,-1.));
#5330 = DIRECTION('',(1.,0.,0.));
#5331 = ORIENTED_EDGE('',*,*,#5332,.T.);
#5332 = EDGE_CURVE('',#5324,#4012,#5333,.T.);
#5333 = LINE('',#5334,#5335);
#5334 = CARTESIAN_POINT('',(-44.65,49.886482888354,0.));
#5335 = VECTOR('',#5336,1.);
#5336 = DIRECTION('',(-0.,-0.,-1.));
#5337 = ORIENTED_EDGE('',*,*,#4019,.F.);
#5338 = ORIENTED_EDGE('',*,*,#4052,.F.);
#5339 = ORIENTED_EDGE('',*,*,#4069,.F.);
#5340 = ORIENTED_EDGE('',*,*,#4078,.F.);
#5341 = CYLINDRICAL_SURFACE('',#5342,3.5);
#5342 = AXIS2_PLACEMENT_3D('',#5343,#5344,#5345);
#5343 = CARTESIAN_POINT('',(-42.41015,52.57592,0.));
#5344 = DIRECTION('',(-0.,-0.,-1.));
#5345 = DIRECTION('',(1.,0.,0.));
#5346 = ADVANCED_FACE('',(#5347),#5353,.F.);
#5347 = FACE_BOUND('',#5348,.F.);
#5348 = EDGE_LOOP('',(#5349,#5350,#5351,#5352));
#5349 = ORIENTED_EDGE('',*,*,#4296,.T.);
#5350 = ORIENTED_EDGE('',*,*,#4312,.T.);
#5351 = ORIENTED_EDGE('',*,*,#4335,.F.);
#5352 = ORIENTED_EDGE('',*,*,#3636,.F.);
#5353 = PLANE('',#5354);
#5354 = AXIS2_PLACEMENT_3D('',#5355,#5356,#5357);
#5355 = CARTESIAN_POINT('',(-0.6,41.45,0.));
#5356 = DIRECTION('',(0.,1.,0.));
#5357 = DIRECTION('',(1.,0.,0.));
#5358 = ADVANCED_FACE('',(#5359),#5377,.F.);
#5359 = FACE_BOUND('',#5360,.F.);
#5360 = EDGE_LOOP('',(#5361,#5362,#5363,#5371));
#5361 = ORIENTED_EDGE('',*,*,#3604,.F.);
#5362 = ORIENTED_EDGE('',*,*,#4454,.F.);
#5363 = ORIENTED_EDGE('',*,*,#5364,.T.);
#5364 = EDGE_CURVE('',#4446,#5365,#5367,.T.);
#5365 = VERTEX_POINT('',#5366);
#5366 = CARTESIAN_POINT('',(49.35,40.98938769134,4.8));
#5367 = LINE('',#5368,#5369);
#5368 = CARTESIAN_POINT('',(49.35,59.,4.8));
#5369 = VECTOR('',#5370,1.);
#5370 = DIRECTION('',(0.,-1.,0.));
#5371 = ORIENTED_EDGE('',*,*,#5372,.F.);
#5372 = EDGE_CURVE('',#3596,#5365,#5373,.T.);
#5373 = LINE('',#5374,#5375);
#5374 = CARTESIAN_POINT('',(49.35,40.98938769134,0.));
#5375 = VECTOR('',#5376,1.);
#5376 = DIRECTION('',(0.,0.,1.));
#5377 = PLANE('',#5378);
#5378 = AXIS2_PLACEMENT_3D('',#5379,#5380,#5381);
#5379 = CARTESIAN_POINT('',(49.35,59.,0.));
#5380 = DIRECTION('',(1.,0.,0.));
#5381 = DIRECTION('',(0.,-1.,0.));
#5382 = ADVANCED_FACE('',(#5383),#5447,.T.);
#5383 = FACE_BOUND('',#5384,.F.);
#5384 = EDGE_LOOP('',(#5385,#5386,#5394,#5401,#5402,#5403,#5404,#5405,
    #5413,#5422,#5428,#5429,#5430,#5439,#5445,#5446));
#5385 = ORIENTED_EDGE('',*,*,#4560,.T.);
#5386 = ORIENTED_EDGE('',*,*,#5387,.T.);
#5387 = EDGE_CURVE('',#4561,#5388,#5390,.T.);
#5388 = VERTEX_POINT('',#5389);
#5389 = CARTESIAN_POINT('',(52.95,38.05,5.));
#5390 = LINE('',#5391,#5392);
#5391 = CARTESIAN_POINT('',(52.95,38.05,0.));
#5392 = VECTOR('',#5393,1.);
#5393 = DIRECTION('',(0.,0.,1.));
#5394 = ORIENTED_EDGE('',*,*,#5395,.T.);
#5395 = EDGE_CURVE('',#5388,#5388,#5396,.T.);
#5396 = CIRCLE('',#5397,3.);
#5397 = AXIS2_PLACEMENT_3D('',#5398,#5399,#5400);
#5398 = CARTESIAN_POINT('',(49.95,38.05,5.));
#5399 = DIRECTION('',(0.,0.,1.));
#5400 = DIRECTION('',(1.,0.,0.));
#5401 = ORIENTED_EDGE('',*,*,#5387,.F.);
#5402 = ORIENTED_EDGE('',*,*,#4569,.T.);
#5403 = ORIENTED_EDGE('',*,*,#4592,.F.);
#5404 = ORIENTED_EDGE('',*,*,#4626,.F.);
#5405 = ORIENTED_EDGE('',*,*,#5406,.T.);
#5406 = EDGE_CURVE('',#4627,#5407,#5409,.T.);
#5407 = VERTEX_POINT('',#5408);
#5408 = CARTESIAN_POINT('',(50.55,35.11061230866,4.8));
#5409 = LINE('',#5410,#5411);
#5410 = CARTESIAN_POINT('',(50.55,35.11061230866,0.));
#5411 = VECTOR('',#5412,1.);
#5412 = DIRECTION('',(0.,0.,1.));
#5413 = ORIENTED_EDGE('',*,*,#5414,.T.);
#5414 = EDGE_CURVE('',#5407,#5415,#5417,.T.);
#5415 = VERTEX_POINT('',#5416);
#5416 = CARTESIAN_POINT('',(49.35,35.11061230866,4.8));
#5417 = CIRCLE('',#5418,3.);
#5418 = AXIS2_PLACEMENT_3D('',#5419,#5420,#5421);
#5419 = CARTESIAN_POINT('',(49.95,38.05,4.8));
#5420 = DIRECTION('',(0.,0.,-1.));
#5421 = DIRECTION('',(1.,0.,0.));
#5422 = ORIENTED_EDGE('',*,*,#5423,.F.);
#5423 = EDGE_CURVE('',#3588,#5415,#5424,.T.);
#5424 = LINE('',#5425,#5426);
#5425 = CARTESIAN_POINT('',(49.35,35.11061230866,0.));
#5426 = VECTOR('',#5427,1.);
#5427 = DIRECTION('',(0.,0.,1.));
#5428 = ORIENTED_EDGE('',*,*,#3595,.F.);
#5429 = ORIENTED_EDGE('',*,*,#5372,.T.);
#5430 = ORIENTED_EDGE('',*,*,#5431,.T.);
#5431 = EDGE_CURVE('',#5365,#5432,#5434,.T.);
#5432 = VERTEX_POINT('',#5433);
#5433 = CARTESIAN_POINT('',(50.55,40.98938769134,4.8));
#5434 = CIRCLE('',#5435,3.);
#5435 = AXIS2_PLACEMENT_3D('',#5436,#5437,#5438);
#5436 = CARTESIAN_POINT('',(49.95,38.05,4.8));
#5437 = DIRECTION('',(0.,0.,-1.));
#5438 = DIRECTION('',(1.,0.,0.));
#5439 = ORIENTED_EDGE('',*,*,#5440,.F.);
#5440 = EDGE_CURVE('',#4512,#5432,#5441,.T.);
#5441 = LINE('',#5442,#5443);
#5442 = CARTESIAN_POINT('',(50.55,40.98938769134,0.));
#5443 = VECTOR('',#5444,1.);
#5444 = DIRECTION('',(0.,0.,1.));
#5445 = ORIENTED_EDGE('',*,*,#4519,.F.);
#5446 = ORIENTED_EDGE('',*,*,#4543,.T.);
#5447 = CYLINDRICAL_SURFACE('',#5448,3.);
#5448 = AXIS2_PLACEMENT_3D('',#5449,#5450,#5451);
#5449 = CARTESIAN_POINT('',(49.95,38.05,0.));
#5450 = DIRECTION('',(-0.,-0.,-1.));
#5451 = DIRECTION('',(1.,0.,0.));
#5452 = ADVANCED_FACE('',(#5453),#5471,.F.);
#5453 = FACE_BOUND('',#5454,.F.);
#5454 = EDGE_LOOP('',(#5455,#5456,#5464,#5470));
#5455 = ORIENTED_EDGE('',*,*,#5423,.T.);
#5456 = ORIENTED_EDGE('',*,*,#5457,.T.);
#5457 = EDGE_CURVE('',#5415,#5458,#5460,.T.);
#5458 = VERTEX_POINT('',#5459);
#5459 = CARTESIAN_POINT('',(49.35,-7.41061230866,4.8));
#5460 = LINE('',#5461,#5462);
#5461 = CARTESIAN_POINT('',(49.35,35.11061230866,4.8));
#5462 = VECTOR('',#5463,1.);
#5463 = DIRECTION('',(0.,-1.,0.));
#5464 = ORIENTED_EDGE('',*,*,#5465,.F.);
#5465 = EDGE_CURVE('',#3579,#5458,#5466,.T.);
#5466 = LINE('',#5467,#5468);
#5467 = CARTESIAN_POINT('',(49.35,-7.41061230866,0.));
#5468 = VECTOR('',#5469,1.);
#5469 = DIRECTION('',(0.,0.,1.));
#5470 = ORIENTED_EDGE('',*,*,#3587,.F.);
#5471 = PLANE('',#5472);
#5472 = AXIS2_PLACEMENT_3D('',#5473,#5474,#5475);
#5473 = CARTESIAN_POINT('',(49.35,35.11061230866,0.));
#5474 = DIRECTION('',(1.,0.,0.));
#5475 = DIRECTION('',(0.,-1.,0.));
#5476 = ADVANCED_FACE('',(#5477),#5517,.T.);
#5477 = FACE_BOUND('',#5478,.F.);
#5478 = EDGE_LOOP('',(#5479,#5480,#5488,#5495,#5496,#5497,#5498,#5499,
    #5500,#5509,#5515,#5516));
#5479 = ORIENTED_EDGE('',*,*,#4701,.T.);
#5480 = ORIENTED_EDGE('',*,*,#5481,.T.);
#5481 = EDGE_CURVE('',#4683,#5482,#5484,.T.);
#5482 = VERTEX_POINT('',#5483);
#5483 = CARTESIAN_POINT('',(52.95,-10.35,5.));
#5484 = LINE('',#5485,#5486);
#5485 = CARTESIAN_POINT('',(52.95,-10.35,0.));
#5486 = VECTOR('',#5487,1.);
#5487 = DIRECTION('',(0.,0.,1.));
#5488 = ORIENTED_EDGE('',*,*,#5489,.T.);
#5489 = EDGE_CURVE('',#5482,#5482,#5490,.T.);
#5490 = CIRCLE('',#5491,3.);
#5491 = AXIS2_PLACEMENT_3D('',#5492,#5493,#5494);
#5492 = CARTESIAN_POINT('',(49.95,-10.35,5.));
#5493 = DIRECTION('',(0.,0.,1.));
#5494 = DIRECTION('',(1.,0.,0.));
#5495 = ORIENTED_EDGE('',*,*,#5481,.F.);
#5496 = ORIENTED_EDGE('',*,*,#4682,.T.);
#5497 = ORIENTED_EDGE('',*,*,#4718,.F.);
#5498 = ORIENTED_EDGE('',*,*,#3578,.F.);
#5499 = ORIENTED_EDGE('',*,*,#5465,.T.);
#5500 = ORIENTED_EDGE('',*,*,#5501,.T.);
#5501 = EDGE_CURVE('',#5458,#5502,#5504,.T.);
#5502 = VERTEX_POINT('',#5503);
#5503 = CARTESIAN_POINT('',(50.55,-7.41061230866,4.8));
#5504 = CIRCLE('',#5505,3.);
#5505 = AXIS2_PLACEMENT_3D('',#5506,#5507,#5508);
#5506 = CARTESIAN_POINT('',(49.95,-10.35,4.8));
#5507 = DIRECTION('',(0.,0.,-1.));
#5508 = DIRECTION('',(1.,0.,0.));
#5509 = ORIENTED_EDGE('',*,*,#5510,.F.);
#5510 = EDGE_CURVE('',#4636,#5502,#5511,.T.);
#5511 = LINE('',#5512,#5513);
#5512 = CARTESIAN_POINT('',(50.55,-7.41061230866,0.));
#5513 = VECTOR('',#5514,1.);
#5514 = DIRECTION('',(0.,0.,1.));
#5515 = ORIENTED_EDGE('',*,*,#4643,.F.);
#5516 = ORIENTED_EDGE('',*,*,#4658,.T.);
#5517 = CYLINDRICAL_SURFACE('',#5518,3.);
#5518 = AXIS2_PLACEMENT_3D('',#5519,#5520,#5521);
#5519 = CARTESIAN_POINT('',(49.95,-10.35,0.));
#5520 = DIRECTION('',(-0.,-0.,-1.));
#5521 = DIRECTION('',(1.,0.,0.));
#5522 = ADVANCED_FACE('',(#5523),#5542,.T.);
#5523 = FACE_BOUND('',#5524,.F.);
#5524 = EDGE_LOOP('',(#5525,#5533,#5534,#5535));
#5525 = ORIENTED_EDGE('',*,*,#5526,.F.);
#5526 = EDGE_CURVE('',#3796,#5527,#5529,.T.);
#5527 = VERTEX_POINT('',#5528);
#5528 = CARTESIAN_POINT('',(46.20525,51.28052,16.6));
#5529 = LINE('',#5530,#5531);
#5530 = CARTESIAN_POINT('',(46.20525,51.28052,0.));
#5531 = VECTOR('',#5532,1.);
#5532 = DIRECTION('',(0.,0.,1.));
#5533 = ORIENTED_EDGE('',*,*,#3795,.F.);
#5534 = ORIENTED_EDGE('',*,*,#5526,.T.);
#5535 = ORIENTED_EDGE('',*,*,#5536,.F.);
#5536 = EDGE_CURVE('',#5527,#5527,#5537,.T.);
#5537 = CIRCLE('',#5538,3.5);
#5538 = AXIS2_PLACEMENT_3D('',#5539,#5540,#5541);
#5539 = CARTESIAN_POINT('',(42.70525,51.28052,16.6));
#5540 = DIRECTION('',(0.,0.,-1.));
#5541 = DIRECTION('',(1.,0.,0.));
#5542 = CYLINDRICAL_SURFACE('',#5543,3.5);
#5543 = AXIS2_PLACEMENT_3D('',#5544,#5545,#5546);
#5544 = CARTESIAN_POINT('',(42.70525,51.28052,0.));
#5545 = DIRECTION('',(-0.,-0.,-1.));
#5546 = DIRECTION('',(1.,0.,0.));
#5547 = ADVANCED_FACE('',(#5548),#5559,.F.);
#5548 = FACE_BOUND('',#5549,.F.);
#5549 = EDGE_LOOP('',(#5550,#5551,#5557,#5558));
#5550 = ORIENTED_EDGE('',*,*,#5244,.T.);
#5551 = ORIENTED_EDGE('',*,*,#5552,.T.);
#5552 = EDGE_CURVE('',#5236,#5162,#5553,.T.);
#5553 = LINE('',#5554,#5555);
#5554 = CARTESIAN_POINT('',(-44.65,35.11061230866,4.8));
#5555 = VECTOR('',#5556,1.);
#5556 = DIRECTION('',(0.,-1.,0.));
#5557 = ORIENTED_EDGE('',*,*,#5161,.F.);
#5558 = ORIENTED_EDGE('',*,*,#3896,.F.);
#5559 = PLANE('',#5560);
#5560 = AXIS2_PLACEMENT_3D('',#5561,#5562,#5563);
#5561 = CARTESIAN_POINT('',(-44.65,35.11061230866,0.));
#5562 = DIRECTION('',(1.,0.,0.));
#5563 = DIRECTION('',(0.,-1.,0.));
#5564 = ADVANCED_FACE('',(#5565),#5576,.F.);
#5565 = FACE_BOUND('',#5566,.F.);
#5566 = EDGE_LOOP('',(#5567,#5568,#5569,#5575));
#5567 = ORIENTED_EDGE('',*,*,#4011,.F.);
#5568 = ORIENTED_EDGE('',*,*,#5332,.F.);
#5569 = ORIENTED_EDGE('',*,*,#5570,.T.);
#5570 = EDGE_CURVE('',#5324,#5256,#5571,.T.);
#5571 = LINE('',#5572,#5573);
#5572 = CARTESIAN_POINT('',(-44.65,59.,4.8));
#5573 = VECTOR('',#5574,1.);
#5574 = DIRECTION('',(0.,-1.,0.));
#5575 = ORIENTED_EDGE('',*,*,#5255,.F.);
#5576 = PLANE('',#5577);
#5577 = AXIS2_PLACEMENT_3D('',#5578,#5579,#5580);
#5578 = CARTESIAN_POINT('',(-44.65,59.,0.));
#5579 = DIRECTION('',(1.,0.,0.));
#5580 = DIRECTION('',(0.,-1.,0.));
#5581 = ADVANCED_FACE('',(#5582),#5588,.F.);
#5582 = FACE_BOUND('',#5583,.F.);
#5583 = EDGE_LOOP('',(#5584,#5585,#5586,#5587));
#5584 = ORIENTED_EDGE('',*,*,#4190,.F.);
#5585 = ORIENTED_EDGE('',*,*,#5310,.F.);
#5586 = ORIENTED_EDGE('',*,*,#4087,.F.);
#5587 = ORIENTED_EDGE('',*,*,#4142,.T.);
#5588 = PLANE('',#5589);
#5589 = AXIS2_PLACEMENT_3D('',#5590,#5591,#5592);
#5590 = CARTESIAN_POINT('',(-42.4101369133,54.17592,0.));
#5591 = DIRECTION('',(0.,-1.,0.));
#5592 = DIRECTION('',(-1.,0.,0.));
#5593 = ADVANCED_FACE('',(#5594),#5613,.F.);
#5594 = FACE_BOUND('',#5595,.T.);
#5595 = EDGE_LOOP('',(#5596,#5604,#5605,#5606));
#5596 = ORIENTED_EDGE('',*,*,#5597,.F.);
#5597 = EDGE_CURVE('',#4107,#5598,#5600,.T.);
#5598 = VERTEX_POINT('',#5599);
#5599 = CARTESIAN_POINT('',(-41.16015,52.57592,0.6));
#5600 = LINE('',#5601,#5602);
#5601 = CARTESIAN_POINT('',(-41.16015,52.57592,16.6));
#5602 = VECTOR('',#5603,1.);
#5603 = DIRECTION('',(-5.551115123126E-17,0.,-1.));
#5604 = ORIENTED_EDGE('',*,*,#4106,.T.);
#5605 = ORIENTED_EDGE('',*,*,#5597,.T.);
#5606 = ORIENTED_EDGE('',*,*,#5607,.F.);
#5607 = EDGE_CURVE('',#5598,#5598,#5608,.T.);
#5608 = CIRCLE('',#5609,1.25);
#5609 = AXIS2_PLACEMENT_3D('',#5610,#5611,#5612);
#5610 = CARTESIAN_POINT('',(-42.41015,52.57592,0.6));
#5611 = DIRECTION('',(0.,0.,1.));
#5612 = DIRECTION('',(1.,0.,0.));
#5613 = CYLINDRICAL_SURFACE('',#5614,1.25);
#5614 = AXIS2_PLACEMENT_3D('',#5615,#5616,#5617);
#5615 = CARTESIAN_POINT('',(-42.41015,52.57592,16.6));
#5616 = DIRECTION('',(-0.,-0.,-1.));
#5617 = DIRECTION('',(1.,0.,0.));
#5618 = ADVANCED_FACE('',(#5619),#5622,.T.);
#5619 = FACE_BOUND('',#5620,.T.);
#5620 = EDGE_LOOP('',(#5621));
#5621 = ORIENTED_EDGE('',*,*,#4170,.T.);
#5622 = PLANE('',#5623);
#5623 = AXIS2_PLACEMENT_3D('',#5624,#5625,#5626);
#5624 = CARTESIAN_POINT('',(-51.26776695296,54.767766952966,6.));
#5625 = DIRECTION('',(0.,0.,1.));
#5626 = DIRECTION('',(1.,0.,0.));
#5627 = ADVANCED_FACE('',(#5628),#5639,.T.);
#5628 = FACE_BOUND('',#5629,.T.);
#5629 = EDGE_LOOP('',(#5630,#5631,#5632,#5633));
#5630 = ORIENTED_EDGE('',*,*,#4445,.T.);
#5631 = ORIENTED_EDGE('',*,*,#5364,.T.);
#5632 = ORIENTED_EDGE('',*,*,#5431,.T.);
#5633 = ORIENTED_EDGE('',*,*,#5634,.T.);
#5634 = EDGE_CURVE('',#5432,#4438,#5635,.T.);
#5635 = LINE('',#5636,#5637);
#5636 = CARTESIAN_POINT('',(50.55,40.98938769134,4.8));
#5637 = VECTOR('',#5638,1.);
#5638 = DIRECTION('',(0.,1.,0.));
#5639 = PLANE('',#5640);
#5640 = AXIS2_PLACEMENT_3D('',#5641,#5642,#5643);
#5641 = CARTESIAN_POINT('',(-0.727626294896,7.947535940201,4.8));
#5642 = DIRECTION('',(0.,0.,1.));
#5643 = DIRECTION('',(1.,0.,0.));
#5644 = ADVANCED_FACE('',(#5645),#5651,.F.);
#5645 = FACE_BOUND('',#5646,.F.);
#5646 = EDGE_LOOP('',(#5647,#5648,#5649,#5650));
#5647 = ORIENTED_EDGE('',*,*,#4511,.F.);
#5648 = ORIENTED_EDGE('',*,*,#5440,.T.);
#5649 = ORIENTED_EDGE('',*,*,#5634,.T.);
#5650 = ORIENTED_EDGE('',*,*,#4437,.T.);
#5651 = PLANE('',#5652);
#5652 = AXIS2_PLACEMENT_3D('',#5653,#5654,#5655);
#5653 = CARTESIAN_POINT('',(50.55,40.98938769134,0.));
#5654 = DIRECTION('',(-1.,0.,0.));
#5655 = DIRECTION('',(0.,1.,0.));
#5656 = ADVANCED_FACE('',(#5657),#5660,.T.);
#5657 = FACE_BOUND('',#5658,.T.);
#5658 = EDGE_LOOP('',(#5659));
#5659 = ORIENTED_EDGE('',*,*,#4484,.T.);
#5660 = PLANE('',#5661);
#5661 = AXIS2_PLACEMENT_3D('',#5662,#5663,#5664);
#5662 = CARTESIAN_POINT('',(51.267766952966,54.767766952966,6.));
#5663 = DIRECTION('',(0.,0.,1.));
#5664 = DIRECTION('',(1.,0.,0.));
#5665 = ADVANCED_FACE('',(#5666),#5677,.F.);
#5666 = FACE_BOUND('',#5667,.F.);
#5667 = EDGE_LOOP('',(#5668,#5669,#5675,#5676));
#5668 = ORIENTED_EDGE('',*,*,#5510,.T.);
#5669 = ORIENTED_EDGE('',*,*,#5670,.T.);
#5670 = EDGE_CURVE('',#5502,#5407,#5671,.T.);
#5671 = LINE('',#5672,#5673);
#5672 = CARTESIAN_POINT('',(50.55,-7.41061230866,4.8));
#5673 = VECTOR('',#5674,1.);
#5674 = DIRECTION('',(0.,1.,0.));
#5675 = ORIENTED_EDGE('',*,*,#5406,.F.);
#5676 = ORIENTED_EDGE('',*,*,#4635,.F.);
#5677 = PLANE('',#5678);
#5678 = AXIS2_PLACEMENT_3D('',#5679,#5680,#5681);
#5679 = CARTESIAN_POINT('',(50.55,-7.41061230866,0.));
#5680 = DIRECTION('',(-1.,0.,0.));
#5681 = DIRECTION('',(0.,1.,0.));
#5682 = ADVANCED_FACE('',(#5683),#5686,.T.);
#5683 = FACE_BOUND('',#5684,.T.);
#5684 = EDGE_LOOP('',(#5685));
#5685 = ORIENTED_EDGE('',*,*,#4871,.T.);
#5686 = PLANE('',#5687);
#5687 = AXIS2_PLACEMENT_3D('',#5688,#5689,#5690);
#5688 = CARTESIAN_POINT('',(51.267766952969,-43.76776695296,12.));
#5689 = DIRECTION('',(0.,0.,1.));
#5690 = DIRECTION('',(1.,0.,0.));
#5691 = ADVANCED_FACE('',(#5692),#5695,.T.);
#5692 = FACE_BOUND('',#5693,.T.);
#5693 = EDGE_LOOP('',(#5694));
#5694 = ORIENTED_EDGE('',*,*,#4997,.T.);
#5695 = PLANE('',#5696);
#5696 = AXIS2_PLACEMENT_3D('',#5697,#5698,#5699);
#5697 = CARTESIAN_POINT('',(42.57825,-22.81128,0.6));
#5698 = DIRECTION('',(0.,0.,1.));
#5699 = DIRECTION('',(1.,0.,0.));
#5700 = ADVANCED_FACE('',(#5701),#5704,.T.);
#5701 = FACE_BOUND('',#5702,.T.);
#5702 = EDGE_LOOP('',(#5703));
#5703 = ORIENTED_EDGE('',*,*,#5069,.T.);
#5704 = PLANE('',#5705);
#5705 = AXIS2_PLACEMENT_3D('',#5706,#5707,#5708);
#5706 = CARTESIAN_POINT('',(-41.62275,-23.19228,0.6));
#5707 = DIRECTION('',(0.,0.,1.));
#5708 = DIRECTION('',(1.,0.,0.));
#5709 = ADVANCED_FACE('',(#5710),#5716,.T.);
#5710 = FACE_BOUND('',#5711,.T.);
#5711 = EDGE_LOOP('',(#5712,#5713,#5714,#5715));
#5712 = ORIENTED_EDGE('',*,*,#5235,.T.);
#5713 = ORIENTED_EDGE('',*,*,#5552,.T.);
#5714 = ORIENTED_EDGE('',*,*,#5169,.T.);
#5715 = ORIENTED_EDGE('',*,*,#5193,.T.);
#5716 = PLANE('',#5717);
#5717 = AXIS2_PLACEMENT_3D('',#5718,#5719,#5720);
#5718 = CARTESIAN_POINT('',(-0.727626294896,7.947535940201,4.8));
#5719 = DIRECTION('',(0.,0.,1.));
#5720 = DIRECTION('',(1.,0.,0.));
#5721 = ADVANCED_FACE('',(#5722,#5725),#5736,.T.);
#5722 = FACE_BOUND('',#5723,.T.);
#5723 = EDGE_LOOP('',(#5724));
#5724 = ORIENTED_EDGE('',*,*,#5148,.T.);
#5725 = FACE_BOUND('',#5726,.T.);
#5726 = EDGE_LOOP('',(#5727));
#5727 = ORIENTED_EDGE('',*,*,#5728,.F.);
#5728 = EDGE_CURVE('',#5729,#5729,#5731,.T.);
#5729 = VERTEX_POINT('',#5730);
#5730 = CARTESIAN_POINT('',(-42.8,-10.35,5.));
#5731 = CIRCLE('',#5732,1.25);
#5732 = AXIS2_PLACEMENT_3D('',#5733,#5734,#5735);
#5733 = CARTESIAN_POINT('',(-44.05,-10.35,5.));
#5734 = DIRECTION('',(0.,0.,1.));
#5735 = DIRECTION('',(1.,0.,0.));
#5736 = PLANE('',#5737);
#5737 = AXIS2_PLACEMENT_3D('',#5738,#5739,#5740);
#5738 = CARTESIAN_POINT('',(2.95,13.85,5.));
#5739 = DIRECTION('',(0.,0.,1.));
#5740 = DIRECTION('',(1.,0.,0.));
#5741 = ADVANCED_FACE('',(#5742),#5748,.T.);
#5742 = FACE_BOUND('',#5743,.T.);
#5743 = EDGE_LOOP('',(#5744,#5745,#5746,#5747));
#5744 = ORIENTED_EDGE('',*,*,#5263,.T.);
#5745 = ORIENTED_EDGE('',*,*,#5288,.T.);
#5746 = ORIENTED_EDGE('',*,*,#5323,.T.);
#5747 = ORIENTED_EDGE('',*,*,#5570,.T.);
#5748 = PLANE('',#5749);
#5749 = AXIS2_PLACEMENT_3D('',#5750,#5751,#5752);
#5750 = CARTESIAN_POINT('',(-0.727626294896,7.947535940201,4.8));
#5751 = DIRECTION('',(0.,0.,1.));
#5752 = DIRECTION('',(1.,0.,0.));
#5753 = ADVANCED_FACE('',(#5754,#5757),#5768,.T.);
#5754 = FACE_BOUND('',#5755,.T.);
#5755 = EDGE_LOOP('',(#5756));
#5756 = ORIENTED_EDGE('',*,*,#5225,.T.);
#5757 = FACE_BOUND('',#5758,.T.);
#5758 = EDGE_LOOP('',(#5759));
#5759 = ORIENTED_EDGE('',*,*,#5760,.F.);
#5760 = EDGE_CURVE('',#5761,#5761,#5763,.T.);
#5761 = VERTEX_POINT('',#5762);
#5762 = CARTESIAN_POINT('',(-42.8,38.05,5.));
#5763 = CIRCLE('',#5764,1.25);
#5764 = AXIS2_PLACEMENT_3D('',#5765,#5766,#5767);
#5765 = CARTESIAN_POINT('',(-44.05,38.05,5.));
#5766 = DIRECTION('',(0.,0.,1.));
#5767 = DIRECTION('',(1.,0.,0.));
#5768 = PLANE('',#5769);
#5769 = AXIS2_PLACEMENT_3D('',#5770,#5771,#5772);
#5770 = CARTESIAN_POINT('',(2.95,13.85,5.));
#5771 = DIRECTION('',(0.,0.,1.));
#5772 = DIRECTION('',(1.,0.,0.));
#5773 = ADVANCED_FACE('',(#5774),#5780,.T.);
#5774 = FACE_BOUND('',#5775,.T.);
#5775 = EDGE_LOOP('',(#5776,#5777,#5778,#5779));
#5776 = ORIENTED_EDGE('',*,*,#5457,.T.);
#5777 = ORIENTED_EDGE('',*,*,#5501,.T.);
#5778 = ORIENTED_EDGE('',*,*,#5670,.T.);
#5779 = ORIENTED_EDGE('',*,*,#5414,.T.);
#5780 = PLANE('',#5781);
#5781 = AXIS2_PLACEMENT_3D('',#5782,#5783,#5784);
#5782 = CARTESIAN_POINT('',(-0.727626294896,7.947535940201,4.8));
#5783 = DIRECTION('',(0.,0.,1.));
#5784 = DIRECTION('',(1.,0.,0.));
#5785 = ADVANCED_FACE('',(#5786,#5789),#5800,.T.);
#5786 = FACE_BOUND('',#5787,.T.);
#5787 = EDGE_LOOP('',(#5788));
#5788 = ORIENTED_EDGE('',*,*,#5395,.T.);
#5789 = FACE_BOUND('',#5790,.T.);
#5790 = EDGE_LOOP('',(#5791));
#5791 = ORIENTED_EDGE('',*,*,#5792,.F.);
#5792 = EDGE_CURVE('',#5793,#5793,#5795,.T.);
#5793 = VERTEX_POINT('',#5794);
#5794 = CARTESIAN_POINT('',(51.2,38.05,5.));
#5795 = CIRCLE('',#5796,1.25);
#5796 = AXIS2_PLACEMENT_3D('',#5797,#5798,#5799);
#5797 = CARTESIAN_POINT('',(49.95,38.05,5.));
#5798 = DIRECTION('',(0.,0.,1.));
#5799 = DIRECTION('',(1.,0.,0.));
#5800 = PLANE('',#5801);
#5801 = AXIS2_PLACEMENT_3D('',#5802,#5803,#5804);
#5802 = CARTESIAN_POINT('',(2.95,13.85,5.));
#5803 = DIRECTION('',(0.,0.,1.));
#5804 = DIRECTION('',(1.,0.,0.));
#5805 = ADVANCED_FACE('',(#5806,#5809),#5820,.T.);
#5806 = FACE_BOUND('',#5807,.T.);
#5807 = EDGE_LOOP('',(#5808));
#5808 = ORIENTED_EDGE('',*,*,#5489,.T.);
#5809 = FACE_BOUND('',#5810,.T.);
#5810 = EDGE_LOOP('',(#5811));
#5811 = ORIENTED_EDGE('',*,*,#5812,.F.);
#5812 = EDGE_CURVE('',#5813,#5813,#5815,.T.);
#5813 = VERTEX_POINT('',#5814);
#5814 = CARTESIAN_POINT('',(51.2,-10.35,5.));
#5815 = CIRCLE('',#5816,1.25);
#5816 = AXIS2_PLACEMENT_3D('',#5817,#5818,#5819);
#5817 = CARTESIAN_POINT('',(49.95,-10.35,5.));
#5818 = DIRECTION('',(0.,0.,1.));
#5819 = DIRECTION('',(1.,0.,0.));
#5820 = PLANE('',#5821);
#5821 = AXIS2_PLACEMENT_3D('',#5822,#5823,#5824);
#5822 = CARTESIAN_POINT('',(2.95,13.85,5.));
#5823 = DIRECTION('',(0.,0.,1.));
#5824 = DIRECTION('',(1.,0.,0.));
#5825 = ADVANCED_FACE('',(#5826),#5829,.F.);
#5826 = FACE_BOUND('',#5827,.F.);
#5827 = EDGE_LOOP('',(#5828));
#5828 = ORIENTED_EDGE('',*,*,#5536,.T.);
#5829 = PLANE('',#5830);
#5830 = AXIS2_PLACEMENT_3D('',#5831,#5832,#5833);
#5831 = CARTESIAN_POINT('',(0.155616180385,14.226553837048,16.6));
#5832 = DIRECTION('',(-0.,-0.,-1.));
#5833 = DIRECTION('',(-1.,0.,0.));
#5834 = ADVANCED_FACE('',(#5835),#5838,.T.);
#5835 = FACE_BOUND('',#5836,.T.);
#5836 = EDGE_LOOP('',(#5837));
#5837 = ORIENTED_EDGE('',*,*,#5607,.T.);
#5838 = PLANE('',#5839);
#5839 = AXIS2_PLACEMENT_3D('',#5840,#5841,#5842);
#5840 = CARTESIAN_POINT('',(-42.41015,52.57592,0.6));
#5841 = DIRECTION('',(0.,0.,1.));
#5842 = DIRECTION('',(1.,0.,0.));
#5843 = ADVANCED_FACE('',(#5844),#5863,.F.);
#5844 = FACE_BOUND('',#5845,.T.);
#5845 = EDGE_LOOP('',(#5846,#5854,#5855,#5856));
#5846 = ORIENTED_EDGE('',*,*,#5847,.F.);
#5847 = EDGE_CURVE('',#5729,#5848,#5850,.T.);
#5848 = VERTEX_POINT('',#5849);
#5849 = CARTESIAN_POINT('',(-42.8,-10.35,0.));
#5850 = LINE('',#5851,#5852);
#5851 = CARTESIAN_POINT('',(-42.8,-10.35,5.));
#5852 = VECTOR('',#5853,1.);
#5853 = DIRECTION('',(-4.440892098501E-17,0.,-1.));
#5854 = ORIENTED_EDGE('',*,*,#5728,.T.);
#5855 = ORIENTED_EDGE('',*,*,#5847,.T.);
#5856 = ORIENTED_EDGE('',*,*,#5857,.F.);
#5857 = EDGE_CURVE('',#5848,#5848,#5858,.T.);
#5858 = CIRCLE('',#5859,1.25);
#5859 = AXIS2_PLACEMENT_3D('',#5860,#5861,#5862);
#5860 = CARTESIAN_POINT('',(-44.05,-10.35,0.));
#5861 = DIRECTION('',(0.,0.,1.));
#5862 = DIRECTION('',(1.,0.,0.));
#5863 = CYLINDRICAL_SURFACE('',#5864,1.25);
#5864 = AXIS2_PLACEMENT_3D('',#5865,#5866,#5867);
#5865 = CARTESIAN_POINT('',(-44.05,-10.35,5.));
#5866 = DIRECTION('',(-0.,-0.,-1.));
#5867 = DIRECTION('',(1.,0.,0.));
#5868 = ADVANCED_FACE('',(#5869),#5888,.F.);
#5869 = FACE_BOUND('',#5870,.T.);
#5870 = EDGE_LOOP('',(#5871,#5879,#5880,#5881));
#5871 = ORIENTED_EDGE('',*,*,#5872,.F.);
#5872 = EDGE_CURVE('',#5761,#5873,#5875,.T.);
#5873 = VERTEX_POINT('',#5874);
#5874 = CARTESIAN_POINT('',(-42.8,38.05,0.));
#5875 = LINE('',#5876,#5877);
#5876 = CARTESIAN_POINT('',(-42.8,38.05,5.));
#5877 = VECTOR('',#5878,1.);
#5878 = DIRECTION('',(-4.440892098501E-17,0.,-1.));
#5879 = ORIENTED_EDGE('',*,*,#5760,.T.);
#5880 = ORIENTED_EDGE('',*,*,#5872,.T.);
#5881 = ORIENTED_EDGE('',*,*,#5882,.F.);
#5882 = EDGE_CURVE('',#5873,#5873,#5883,.T.);
#5883 = CIRCLE('',#5884,1.25);
#5884 = AXIS2_PLACEMENT_3D('',#5885,#5886,#5887);
#5885 = CARTESIAN_POINT('',(-44.05,38.05,0.));
#5886 = DIRECTION('',(0.,0.,1.));
#5887 = DIRECTION('',(1.,0.,0.));
#5888 = CYLINDRICAL_SURFACE('',#5889,1.25);
#5889 = AXIS2_PLACEMENT_3D('',#5890,#5891,#5892);
#5890 = CARTESIAN_POINT('',(-44.05,38.05,5.));
#5891 = DIRECTION('',(-0.,-0.,-1.));
#5892 = DIRECTION('',(1.,0.,0.));
#5893 = ADVANCED_FACE('',(#5894),#5913,.F.);
#5894 = FACE_BOUND('',#5895,.T.);
#5895 = EDGE_LOOP('',(#5896,#5904,#5905,#5906));
#5896 = ORIENTED_EDGE('',*,*,#5897,.F.);
#5897 = EDGE_CURVE('',#5793,#5898,#5900,.T.);
#5898 = VERTEX_POINT('',#5899);
#5899 = CARTESIAN_POINT('',(51.2,38.05,0.));
#5900 = LINE('',#5901,#5902);
#5901 = CARTESIAN_POINT('',(51.2,38.05,5.));
#5902 = VECTOR('',#5903,1.);
#5903 = DIRECTION('',(-4.440892098501E-17,0.,-1.));
#5904 = ORIENTED_EDGE('',*,*,#5792,.T.);
#5905 = ORIENTED_EDGE('',*,*,#5897,.T.);
#5906 = ORIENTED_EDGE('',*,*,#5907,.F.);
#5907 = EDGE_CURVE('',#5898,#5898,#5908,.T.);
#5908 = CIRCLE('',#5909,1.25);
#5909 = AXIS2_PLACEMENT_3D('',#5910,#5911,#5912);
#5910 = CARTESIAN_POINT('',(49.95,38.05,0.));
#5911 = DIRECTION('',(0.,0.,1.));
#5912 = DIRECTION('',(1.,0.,0.));
#5913 = CYLINDRICAL_SURFACE('',#5914,1.25);
#5914 = AXIS2_PLACEMENT_3D('',#5915,#5916,#5917);
#5915 = CARTESIAN_POINT('',(49.95,38.05,5.));
#5916 = DIRECTION('',(-0.,-0.,-1.));
#5917 = DIRECTION('',(1.,0.,0.));
#5918 = ADVANCED_FACE('',(#5919),#5938,.F.);
#5919 = FACE_BOUND('',#5920,.T.);
#5920 = EDGE_LOOP('',(#5921,#5929,#5930,#5931));
#5921 = ORIENTED_EDGE('',*,*,#5922,.F.);
#5922 = EDGE_CURVE('',#5813,#5923,#5925,.T.);
#5923 = VERTEX_POINT('',#5924);
#5924 = CARTESIAN_POINT('',(51.2,-10.35,0.));
#5925 = LINE('',#5926,#5927);
#5926 = CARTESIAN_POINT('',(51.2,-10.35,5.));
#5927 = VECTOR('',#5928,1.);
#5928 = DIRECTION('',(-4.440892098501E-17,0.,-1.));
#5929 = ORIENTED_EDGE('',*,*,#5812,.T.);
#5930 = ORIENTED_EDGE('',*,*,#5922,.T.);
#5931 = ORIENTED_EDGE('',*,*,#5932,.F.);
#5932 = EDGE_CURVE('',#5923,#5923,#5933,.T.);
#5933 = CIRCLE('',#5934,1.25);
#5934 = AXIS2_PLACEMENT_3D('',#5935,#5936,#5937);
#5935 = CARTESIAN_POINT('',(49.95,-10.35,0.));
#5936 = DIRECTION('',(0.,0.,1.));
#5937 = DIRECTION('',(1.,0.,0.));
#5938 = CYLINDRICAL_SURFACE('',#5939,1.25);
#5939 = AXIS2_PLACEMENT_3D('',#5940,#5941,#5942);
#5940 = CARTESIAN_POINT('',(49.95,-10.35,5.));
#5941 = DIRECTION('',(-0.,-0.,-1.));
#5942 = DIRECTION('',(1.,0.,0.));
#5943 = ADVANCED_FACE('',(#5944),#5947,.T.);
#5944 = FACE_BOUND('',#5945,.T.);
#5945 = EDGE_LOOP('',(#5946));
#5946 = ORIENTED_EDGE('',*,*,#5857,.T.);
#5947 = PLANE('',#5948);
#5948 = AXIS2_PLACEMENT_3D('',#5949,#5950,#5951);
#5949 = CARTESIAN_POINT('',(-44.05,-10.35,0.));
#5950 = DIRECTION('',(0.,0.,1.));
#5951 = DIRECTION('',(1.,0.,0.));
#5952 = ADVANCED_FACE('',(#5953),#5956,.T.);
#5953 = FACE_BOUND('',#5954,.T.);
#5954 = EDGE_LOOP('',(#5955));
#5955 = ORIENTED_EDGE('',*,*,#5882,.T.);
#5956 = PLANE('',#5957);
#5957 = AXIS2_PLACEMENT_3D('',#5958,#5959,#5960);
#5958 = CARTESIAN_POINT('',(-44.05,38.05,0.));
#5959 = DIRECTION('',(0.,0.,1.));
#5960 = DIRECTION('',(1.,0.,0.));
#5961 = ADVANCED_FACE('',(#5962),#5965,.T.);
#5962 = FACE_BOUND('',#5963,.T.);
#5963 = EDGE_LOOP('',(#5964));
#5964 = ORIENTED_EDGE('',*,*,#5907,.T.);
#5965 = PLANE('',#5966);
#5966 = AXIS2_PLACEMENT_3D('',#5967,#5968,#5969);
#5967 = CARTESIAN_POINT('',(49.95,38.05,0.));
#5968 = DIRECTION('',(0.,0.,1.));
#5969 = DIRECTION('',(1.,0.,0.));
#5970 = ADVANCED_FACE('',(#5971),#5974,.T.);
#5971 = FACE_BOUND('',#5972,.T.);
#5972 = EDGE_LOOP('',(#5973));
#5973 = ORIENTED_EDGE('',*,*,#5932,.T.);
#5974 = PLANE('',#5975);
#5975 = AXIS2_PLACEMENT_3D('',#5976,#5977,#5978);
#5976 = CARTESIAN_POINT('',(49.95,-10.35,0.));
#5977 = DIRECTION('',(0.,0.,1.));
#5978 = DIRECTION('',(1.,0.,0.));
#5979 = ( GEOMETRIC_REPRESENTATION_CONTEXT(3) 
GLOBAL_UNCERTAINTY_ASSIGNED_CONTEXT((#5983)) 
GLOBAL_UNIT_ASSIGNED_CONTEXT((#5980,#5981,#5982)) REPRESENTATION_CONTEXT
('Context #1','3D Context with UNIT and UNCERTAINTY') );
#5980 = ( LENGTH_UNIT() NAMED_UNIT(*) SI_UNIT(.MILLI.,.METRE.) );
#5981 = ( NAMED_UNIT(*) PLANE_ANGLE_UNIT() SI_UNIT($,.RADIAN.) );
#5982 = ( NAMED_UNIT(*) SI_UNIT($,.STERADIAN.) SOLID_ANGLE_UNIT() );
#5983 = UNCERTAINTY_MEASURE_WITH_UNIT(LENGTH_MEASURE(2.E-05),#5980,
  'distance_accuracy_value','confusion accuracy');
#5984 = PRODUCT_RELATED_PRODUCT_CATEGORY('part',$,(#7));
#5985 = MECHANICAL_DESIGN_GEOMETRIC_PRESENTATION_REPRESENTATION('',(
    #5986),#5979);
#5986 = STYLED_ITEM('color',(#5987),#15);
#5987 = PRESENTATION_STYLE_ASSIGNMENT((#5988,#5996));
#5988 = SURFACE_STYLE_USAGE(.BOTH.,#5989);
#5989 = SURFACE_SIDE_STYLE('',(#5990,#5994));
#5990 = SURFACE_STYLE_FILL_AREA(#5991);
#5991 = FILL_AREA_STYLE('',(#5992));
#5992 = FILL_AREA_STYLE_COLOUR('',#5993);
#5993 = COLOUR_RGB('',0.447058818107,0.474509808674,0.501960817233);
#5994 = SURFACE_STYLE_RENDERING_WITH_PROPERTIES(.NORMAL_SHADING.,#5993,(
    #5995));
#5995 = SURFACE_STYLE_TRANSPARENT(0.699999988079);
#5996 = CURVE_STYLE('',#5997,POSITIVE_LENGTH_MEASURE(0.1),#5998);
#5997 = DRAUGHTING_PRE_DEFINED_CURVE_FONT('continuous');
#5998 = COLOUR_RGB('',9.803921802644E-02,9.803921802644E-02,
  9.803921802644E-02);
ENDSEC;
END-ISO-10303-21;
