ISO-10303-21;
HEADER;
FILE_DESCRIPTION(('FreeCAD Model'),'2;1');
FILE_NAME('Open CASCADE Shape Model','2026-05-04T13:13:41',('Author'),(
    ''),'Open CASCADE STEP processor 7.8','FreeCAD','Unknown');
FILE_SCHEMA(('AUTOMOTIVE_DESIGN { 1 0 10303 214 1 1 1 1 }'));
ENDSEC;
DATA;
#1 = APPLICATION_PROTOCOL_DEFINITION('international standard',
  'automotive_design',2000,#2);
#2 = APPLICATION_CONTEXT(
  'core data for automotive mechanical design processes');
#3 = SHAPE_DEFINITION_REPRESENTATION(#4,#10);
#4 = PRODUCT_DEFINITION_SHAPE('','',#5);
#5 = PRODUCT_DEFINITION('design','',#6,#9);
#6 = PRODUCT_DEFINITION_FORMATION('','',#7);
#7 = PRODUCT('Front','Front','',(#8));
#8 = PRODUCT_CONTEXT('',#2,'mechanical');
#9 = PRODUCT_DEFINITION_CONTEXT('part definition',#2,'design');
#10 = SHAPE_REPRESENTATION('',(#11,#15),#19);
#11 = AXIS2_PLACEMENT_3D('',#12,#13,#14);
#12 = CARTESIAN_POINT('',(0.,0.,0.));
#13 = DIRECTION('',(0.,0.,1.));
#14 = DIRECTION('',(1.,0.,-0.));
#15 = AXIS2_PLACEMENT_3D('',#16,#17,#18);
#16 = CARTESIAN_POINT('',(0.,0.,0.));
#17 = DIRECTION('',(0.,0.,1.));
#18 = DIRECTION('',(1.,0.,0.));
#19 = ( GEOMETRIC_REPRESENTATION_CONTEXT(3) 
GLOBAL_UNCERTAINTY_ASSIGNED_CONTEXT((#23)) GLOBAL_UNIT_ASSIGNED_CONTEXT(
(#20,#21,#22)) REPRESENTATION_CONTEXT('Context #1',
  '3D Context with UNIT and UNCERTAINTY') );
#20 = ( LENGTH_UNIT() NAMED_UNIT(*) SI_UNIT(.MILLI.,.METRE.) );
#21 = ( NAMED_UNIT(*) PLANE_ANGLE_UNIT() SI_UNIT($,.RADIAN.) );
#22 = ( NAMED_UNIT(*) SI_UNIT($,.STERADIAN.) SOLID_ANGLE_UNIT() );
#23 = UNCERTAINTY_MEASURE_WITH_UNIT(LENGTH_MEASURE(2.E-06),#20,
  'distance_accuracy_value','confusion accuracy');
#24 = PRODUCT_RELATED_PRODUCT_CATEGORY('part',$,(#7));
#25 = SHAPE_DEFINITION_REPRESENTATION(#26,#32);
#26 = PRODUCT_DEFINITION_SHAPE('','',#27);
#27 = PRODUCT_DEFINITION('design','',#28,#31);
#28 = PRODUCT_DEFINITION_FORMATION('','',#29);
#29 = PRODUCT('Body','Body','',(#30));
#30 = PRODUCT_CONTEXT('',#2,'mechanical');
#31 = PRODUCT_DEFINITION_CONTEXT('part definition',#2,'design');
#32 = ADVANCED_BREP_SHAPE_REPRESENTATION('',(#11,#33),#2488);
#33 = MANIFOLD_SOLID_BREP('',#34);
#34 = CLOSED_SHELL('',(#35,#75,#108,#139,#331,#356,#395,#419,#723,#754,
    #785,#810,#835,#859,#883,#908,#933,#950,#975,#1000,#1024,#1047,#1070
    ,#1089,#1106,#1131,#1156,#1173,#1213,#1225,#1237,#1255,#1275,#1300,
    #1325,#1350,#1375,#1400,#1431,#1455,#1479,#1496,#1521,#1546,#1571,
    #1596,#1621,#1646,#1671,#1696,#1727,#1752,#1777,#1801,#1825,#1850,
    #1875,#1892,#1901,#1910,#1931,#1951,#1971,#2008,#2028,#2048,#2068,
    #2088,#2108,#2128,#2148,#2173,#2198,#2223,#2248,#2273,#2298,#2323,
    #2348,#2373,#2398,#2407,#2416,#2425,#2434,#2443,#2452,#2461,#2470,
    #2479));
#35 = ADVANCED_FACE('',(#36),#70,.T.);
#36 = FACE_BOUND('',#37,.T.);
#37 = EDGE_LOOP('',(#38,#48,#56,#64));
#38 = ORIENTED_EDGE('',*,*,#39,.F.);
#39 = EDGE_CURVE('',#40,#42,#44,.T.);
#40 = VERTEX_POINT('',#41);
#41 = CARTESIAN_POINT('',(-52.5,1.134647931167E-14,51.1));
#42 = VERTEX_POINT('',#43);
#43 = CARTESIAN_POINT('',(-52.5,-22.6,51.1));
#44 = LINE('',#45,#46);
#45 = CARTESIAN_POINT('',(-52.5,1.134647931167E-14,51.1));
#46 = VECTOR('',#47,1.);
#47 = DIRECTION('',(0.,-1.,2.22044604925E-16));
#48 = ORIENTED_EDGE('',*,*,#49,.F.);
#49 = EDGE_CURVE('',#50,#40,#52,.T.);
#50 = VERTEX_POINT('',#51);
#51 = CARTESIAN_POINT('',(52.500000000001,1.134647931167E-14,51.1));
#52 = LINE('',#53,#54);
#53 = CARTESIAN_POINT('',(52.500000000001,1.134647931167E-14,51.1));
#54 = VECTOR('',#55,1.);
#55 = DIRECTION('',(-1.,0.,0.));
#56 = ORIENTED_EDGE('',*,*,#57,.T.);
#57 = EDGE_CURVE('',#50,#58,#60,.T.);
#58 = VERTEX_POINT('',#59);
#59 = CARTESIAN_POINT('',(52.500000000001,-22.6,51.1));
#60 = LINE('',#61,#62);
#61 = CARTESIAN_POINT('',(52.500000000001,1.134647931167E-14,51.1));
#62 = VECTOR('',#63,1.);
#63 = DIRECTION('',(0.,-1.,2.22044604925E-16));
#64 = ORIENTED_EDGE('',*,*,#65,.F.);
#65 = EDGE_CURVE('',#42,#58,#66,.T.);
#66 = LINE('',#67,#68);
#67 = CARTESIAN_POINT('',(-52.5,-22.6,51.1));
#68 = VECTOR('',#69,1.);
#69 = DIRECTION('',(1.,0.,0.));
#70 = PLANE('',#71);
#71 = AXIS2_PLACEMENT_3D('',#72,#73,#74);
#72 = CARTESIAN_POINT('',(52.500000000001,1.134647931167E-14,51.1));
#73 = DIRECTION('',(-0.,-2.22044604925E-16,-1.));
#74 = DIRECTION('',(-1.,0.,0.));
#75 = ADVANCED_FACE('',(#76),#103,.F.);
#76 = FACE_BOUND('',#77,.T.);
#77 = EDGE_LOOP('',(#78,#79,#88,#96));
#78 = ORIENTED_EDGE('',*,*,#39,.T.);
#79 = ORIENTED_EDGE('',*,*,#80,.F.);
#80 = EDGE_CURVE('',#81,#42,#83,.T.);
#81 = VERTEX_POINT('',#82);
#82 = CARTESIAN_POINT('',(-61.1,-22.6,42.5));
#83 = CIRCLE('',#84,8.6);
#84 = AXIS2_PLACEMENT_3D('',#85,#86,#87);
#85 = CARTESIAN_POINT('',(-52.5,-22.6,42.5));
#86 = DIRECTION('',(0.,1.,-0.));
#87 = DIRECTION('',(-1.,0.,8.26212483442E-16));
#88 = ORIENTED_EDGE('',*,*,#89,.F.);
#89 = EDGE_CURVE('',#90,#81,#92,.T.);
#90 = VERTEX_POINT('',#91);
#91 = CARTESIAN_POINT('',(-61.1,9.436895709314E-15,42.5));
#92 = LINE('',#93,#94);
#93 = CARTESIAN_POINT('',(-61.1,9.436895709314E-15,42.5));
#94 = VECTOR('',#95,1.);
#95 = DIRECTION('',(0.,-1.,2.22044604925E-16));
#96 = ORIENTED_EDGE('',*,*,#97,.F.);
#97 = EDGE_CURVE('',#40,#90,#98,.T.);
#98 = CIRCLE('',#99,8.6);
#99 = AXIS2_PLACEMENT_3D('',#100,#101,#102);
#100 = CARTESIAN_POINT('',(-52.5,9.436895709314E-15,42.5));
#101 = DIRECTION('',(0.,-1.,2.22044604925E-16));
#102 = DIRECTION('',(1.,0.,0.));
#103 = CYLINDRICAL_SURFACE('',#104,8.6);
#104 = AXIS2_PLACEMENT_3D('',#105,#106,#107);
#105 = CARTESIAN_POINT('',(-52.5,9.436895709314E-15,42.5));
#106 = DIRECTION('',(0.,1.,-2.22044604925E-16));
#107 = DIRECTION('',(1.,0.,0.));
#108 = ADVANCED_FACE('',(#109),#134,.F.);
#109 = FACE_BOUND('',#110,.T.);
#110 = EDGE_LOOP('',(#111,#119,#120,#128));
#111 = ORIENTED_EDGE('',*,*,#112,.F.);
#112 = EDGE_CURVE('',#42,#113,#115,.T.);
#113 = VERTEX_POINT('',#114);
#114 = CARTESIAN_POINT('',(-52.5,-23.6,50.1));
#115 = LINE('',#116,#117);
#116 = CARTESIAN_POINT('',(-52.5,-22.6,51.1));
#117 = VECTOR('',#118,1.);
#118 = DIRECTION('',(-6.979318927994E-16,-0.707106781187,-0.707106781187
    ));
#119 = ORIENTED_EDGE('',*,*,#65,.T.);
#120 = ORIENTED_EDGE('',*,*,#121,.T.);
#121 = EDGE_CURVE('',#58,#122,#124,.T.);
#122 = VERTEX_POINT('',#123);
#123 = CARTESIAN_POINT('',(52.500000000001,-23.6,50.1));
#124 = LINE('',#125,#126);
#125 = CARTESIAN_POINT('',(52.500000000001,-23.1,50.6));
#126 = VECTOR('',#127,1.);
#127 = DIRECTION('',(0.,-0.707106781187,-0.707106781187));
#128 = ORIENTED_EDGE('',*,*,#129,.F.);
#129 = EDGE_CURVE('',#113,#122,#130,.T.);
#130 = LINE('',#131,#132);
#131 = CARTESIAN_POINT('',(-52.5,-23.6,50.1));
#132 = VECTOR('',#133,1.);
#133 = DIRECTION('',(1.,0.,0.));
#134 = PLANE('',#135);
#135 = AXIS2_PLACEMENT_3D('',#136,#137,#138);
#136 = CARTESIAN_POINT('',(-52.5,-23.1,50.6));
#137 = DIRECTION('',(0.,-0.707106781187,0.707106781187));
#138 = DIRECTION('',(-1.,-0.,-0.));
#139 = ADVANCED_FACE('',(#140,#210,#221,#232),#326,.T.);
#140 = FACE_BOUND('',#141,.T.);
#141 = EDGE_LOOP('',(#142,#152,#161,#169,#178,#186,#195,#203));
#142 = ORIENTED_EDGE('',*,*,#143,.F.);
#143 = EDGE_CURVE('',#144,#146,#148,.T.);
#144 = VERTEX_POINT('',#145);
#145 = CARTESIAN_POINT('',(-62.5,9.436895709314E-15,42.5));
#146 = VERTEX_POINT('',#147);
#147 = CARTESIAN_POINT('',(-62.5,-9.436895709314E-15,-42.5));
#148 = LINE('',#149,#150);
#149 = CARTESIAN_POINT('',(-62.5,9.436895709314E-15,42.5));
#150 = VECTOR('',#151,1.);
#151 = DIRECTION('',(0.,-2.22044604925E-16,-1.));
#152 = ORIENTED_EDGE('',*,*,#153,.F.);
#153 = EDGE_CURVE('',#154,#144,#156,.T.);
#154 = VERTEX_POINT('',#155);
#155 = CARTESIAN_POINT('',(-52.5,1.165734175856E-14,52.5));
#156 = CIRCLE('',#157,10.);
#157 = AXIS2_PLACEMENT_3D('',#158,#159,#160);
#158 = CARTESIAN_POINT('',(-52.5,9.436895709314E-15,42.5));
#159 = DIRECTION('',(0.,-1.,2.22044604925E-16));
#160 = DIRECTION('',(1.,0.,0.));
#161 = ORIENTED_EDGE('',*,*,#162,.F.);
#162 = EDGE_CURVE('',#163,#154,#165,.T.);
#163 = VERTEX_POINT('',#164);
#164 = CARTESIAN_POINT('',(52.500000000001,1.165734175856E-14,52.5));
#165 = LINE('',#166,#167);
#166 = CARTESIAN_POINT('',(52.500000000001,1.165734175856E-14,52.5));
#167 = VECTOR('',#168,1.);
#168 = DIRECTION('',(-1.,0.,0.));
#169 = ORIENTED_EDGE('',*,*,#170,.F.);
#170 = EDGE_CURVE('',#171,#163,#173,.T.);
#171 = VERTEX_POINT('',#172);
#172 = CARTESIAN_POINT('',(62.5,9.436895709314E-15,42.5));
#173 = CIRCLE('',#174,10.);
#174 = AXIS2_PLACEMENT_3D('',#175,#176,#177);
#175 = CARTESIAN_POINT('',(52.5,9.436895709314E-15,42.5));
#176 = DIRECTION('',(0.,-1.,2.22044604925E-16));
#177 = DIRECTION('',(1.,0.,0.));
#178 = ORIENTED_EDGE('',*,*,#179,.F.);
#179 = EDGE_CURVE('',#180,#171,#182,.T.);
#180 = VERTEX_POINT('',#181);
#181 = CARTESIAN_POINT('',(62.5,-9.436895709314E-15,-42.5));
#182 = LINE('',#183,#184);
#183 = CARTESIAN_POINT('',(62.5,-9.436895709314E-15,-42.5));
#184 = VECTOR('',#185,1.);
#185 = DIRECTION('',(0.,2.22044604925E-16,1.));
#186 = ORIENTED_EDGE('',*,*,#187,.F.);
#187 = EDGE_CURVE('',#188,#180,#190,.T.);
#188 = VERTEX_POINT('',#189);
#189 = CARTESIAN_POINT('',(52.500000000001,-1.165734175856E-14,-52.5));
#190 = CIRCLE('',#191,10.);
#191 = AXIS2_PLACEMENT_3D('',#192,#193,#194);
#192 = CARTESIAN_POINT('',(52.5,-9.436895709314E-15,-42.5));
#193 = DIRECTION('',(0.,-1.,2.22044604925E-16));
#194 = DIRECTION('',(1.,0.,0.));
#195 = ORIENTED_EDGE('',*,*,#196,.F.);
#196 = EDGE_CURVE('',#197,#188,#199,.T.);
#197 = VERTEX_POINT('',#198);
#198 = CARTESIAN_POINT('',(-52.5,-1.165734175856E-14,-52.5));
#199 = LINE('',#200,#201);
#200 = CARTESIAN_POINT('',(-52.5,-1.165734175856E-14,-52.5));
#201 = VECTOR('',#202,1.);
#202 = DIRECTION('',(1.,0.,0.));
#203 = ORIENTED_EDGE('',*,*,#204,.F.);
#204 = EDGE_CURVE('',#146,#197,#205,.T.);
#205 = CIRCLE('',#206,10.);
#206 = AXIS2_PLACEMENT_3D('',#207,#208,#209);
#207 = CARTESIAN_POINT('',(-52.5,-9.436895709314E-15,-42.5));
#208 = DIRECTION('',(0.,-1.,2.22044604925E-16));
#209 = DIRECTION('',(1.,0.,0.));
#210 = FACE_BOUND('',#211,.T.);
#211 = EDGE_LOOP('',(#212));
#212 = ORIENTED_EDGE('',*,*,#213,.F.);
#213 = EDGE_CURVE('',#214,#214,#216,.T.);
#214 = VERTEX_POINT('',#215);
#215 = CARTESIAN_POINT('',(-51.25,-9.436895709314E-15,-42.5));
#216 = CIRCLE('',#217,1.25);
#217 = AXIS2_PLACEMENT_3D('',#218,#219,#220);
#218 = CARTESIAN_POINT('',(-52.5,-9.436895709314E-15,-42.5));
#219 = DIRECTION('',(-0.,1.,0.));
#220 = DIRECTION('',(1.,0.,0.));
#221 = FACE_BOUND('',#222,.T.);
#222 = EDGE_LOOP('',(#223));
#223 = ORIENTED_EDGE('',*,*,#224,.F.);
#224 = EDGE_CURVE('',#225,#225,#227,.T.);
#225 = VERTEX_POINT('',#226);
#226 = CARTESIAN_POINT('',(53.75,-9.436895709314E-15,-42.5));
#227 = CIRCLE('',#228,1.25);
#228 = AXIS2_PLACEMENT_3D('',#229,#230,#231);
#229 = CARTESIAN_POINT('',(52.5,-9.436895709314E-15,-42.5));
#230 = DIRECTION('',(-0.,1.,0.));
#231 = DIRECTION('',(1.,0.,0.));
#232 = FACE_BOUND('',#233,.T.);
#233 = EDGE_LOOP('',(#234,#235,#236,#244,#252,#261,#270,#278,#286,#294,
    #303,#311,#319));
#234 = ORIENTED_EDGE('',*,*,#49,.T.);
#235 = ORIENTED_EDGE('',*,*,#97,.T.);
#236 = ORIENTED_EDGE('',*,*,#237,.T.);
#237 = EDGE_CURVE('',#90,#238,#240,.T.);
#238 = VERTEX_POINT('',#239);
#239 = CARTESIAN_POINT('',(-61.1,-9.436895709314E-15,-42.5));
#240 = LINE('',#241,#242);
#241 = CARTESIAN_POINT('',(-61.1,9.436895709314E-15,42.5));
#242 = VECTOR('',#243,1.);
#243 = DIRECTION('',(0.,-2.22044604925E-16,-1.));
#244 = ORIENTED_EDGE('',*,*,#245,.F.);
#245 = EDGE_CURVE('',#246,#238,#248,.T.);
#246 = VERTEX_POINT('',#247);
#247 = CARTESIAN_POINT('',(-56.5,-9.436895709314E-15,-42.5));
#248 = LINE('',#249,#250);
#249 = CARTESIAN_POINT('',(-52.5,-9.436895709314E-15,-42.5));
#250 = VECTOR('',#251,1.);
#251 = DIRECTION('',(-1.,-1.65110422023E-30,-7.435912350978E-15));
#252 = ORIENTED_EDGE('',*,*,#253,.F.);
#253 = EDGE_CURVE('',#254,#246,#256,.T.);
#254 = VERTEX_POINT('',#255);
#255 = CARTESIAN_POINT('',(-48.5,-9.436895709314E-15,-42.5));
#256 = CIRCLE('',#257,4.);
#257 = AXIS2_PLACEMENT_3D('',#258,#259,#260);
#258 = CARTESIAN_POINT('',(-52.5,-9.436895709314E-15,-42.5));
#259 = DIRECTION('',(0.,-1.,2.22044604925E-16));
#260 = DIRECTION('',(1.,0.,0.));
#261 = ORIENTED_EDGE('',*,*,#262,.F.);
#262 = EDGE_CURVE('',#263,#254,#265,.T.);
#263 = VERTEX_POINT('',#264);
#264 = CARTESIAN_POINT('',(-52.5,-1.032507412901E-14,-46.5));
#265 = CIRCLE('',#266,4.);
#266 = AXIS2_PLACEMENT_3D('',#267,#268,#269);
#267 = CARTESIAN_POINT('',(-52.5,-9.436895709314E-15,-42.5));
#268 = DIRECTION('',(0.,-1.,2.22044604925E-16));
#269 = DIRECTION('',(1.,0.,0.));
#270 = ORIENTED_EDGE('',*,*,#271,.F.);
#271 = EDGE_CURVE('',#272,#263,#274,.T.);
#272 = VERTEX_POINT('',#273);
#273 = CARTESIAN_POINT('',(-52.5,-1.134647931167E-14,-51.1));
#274 = LINE('',#275,#276);
#275 = CARTESIAN_POINT('',(-52.5,-1.134647931167E-14,-51.1));
#276 = VECTOR('',#277,1.);
#277 = DIRECTION('',(0.,2.22044604925E-16,1.));
#278 = ORIENTED_EDGE('',*,*,#279,.T.);
#279 = EDGE_CURVE('',#272,#280,#282,.T.);
#280 = VERTEX_POINT('',#281);
#281 = CARTESIAN_POINT('',(52.500000000001,-1.134647931167E-14,-51.1));
#282 = LINE('',#283,#284);
#283 = CARTESIAN_POINT('',(-52.5,-1.134647931167E-14,-51.1));
#284 = VECTOR('',#285,1.);
#285 = DIRECTION('',(1.,0.,0.));
#286 = ORIENTED_EDGE('',*,*,#287,.F.);
#287 = EDGE_CURVE('',#288,#280,#290,.T.);
#288 = VERTEX_POINT('',#289);
#289 = CARTESIAN_POINT('',(52.5,-1.032507412901E-14,-46.5));
#290 = LINE('',#291,#292);
#291 = CARTESIAN_POINT('',(52.5,-9.436895709314E-15,-42.5));
#292 = VECTOR('',#293,1.);
#293 = DIRECTION('',(0.,-2.22044604925E-16,-1.));
#294 = ORIENTED_EDGE('',*,*,#295,.F.);
#295 = EDGE_CURVE('',#296,#288,#298,.T.);
#296 = VERTEX_POINT('',#297);
#297 = CARTESIAN_POINT('',(56.5,-9.436895709314E-15,-42.5));
#298 = CIRCLE('',#299,4.);
#299 = AXIS2_PLACEMENT_3D('',#300,#301,#302);
#300 = CARTESIAN_POINT('',(52.5,-9.436895709314E-15,-42.5));
#301 = DIRECTION('',(0.,-1.,2.22044604925E-16));
#302 = DIRECTION('',(1.,0.,0.));
#303 = ORIENTED_EDGE('',*,*,#304,.F.);
#304 = EDGE_CURVE('',#305,#296,#307,.T.);
#305 = VERTEX_POINT('',#306);
#306 = CARTESIAN_POINT('',(61.1,-9.436895709314E-15,-42.5));
#307 = LINE('',#308,#309);
#308 = CARTESIAN_POINT('',(61.1,-9.436895709314E-15,-42.5));
#309 = VECTOR('',#310,1.);
#310 = DIRECTION('',(-1.,0.,0.));
#311 = ORIENTED_EDGE('',*,*,#312,.T.);
#312 = EDGE_CURVE('',#305,#313,#315,.T.);
#313 = VERTEX_POINT('',#314);
#314 = CARTESIAN_POINT('',(61.1,9.436895709314E-15,42.5));
#315 = LINE('',#316,#317);
#316 = CARTESIAN_POINT('',(61.1,-9.436895709314E-15,-42.5));
#317 = VECTOR('',#318,1.);
#318 = DIRECTION('',(0.,2.22044604925E-16,1.));
#319 = ORIENTED_EDGE('',*,*,#320,.T.);
#320 = EDGE_CURVE('',#313,#50,#321,.T.);
#321 = CIRCLE('',#322,8.6);
#322 = AXIS2_PLACEMENT_3D('',#323,#324,#325);
#323 = CARTESIAN_POINT('',(52.5,9.436895709314E-15,42.5));
#324 = DIRECTION('',(0.,-1.,2.22044604925E-16));
#325 = DIRECTION('',(1.,0.,0.));
#326 = PLANE('',#327);
#327 = AXIS2_PLACEMENT_3D('',#328,#329,#330);
#328 = CARTESIAN_POINT('',(-2.558565116029E-14,-1.363191907656E-29,
    -6.139270567355E-14));
#329 = DIRECTION('',(0.,1.,0.));
#330 = DIRECTION('',(0.,0.,1.));
#331 = ADVANCED_FACE('',(#332),#351,.F.);
#332 = FACE_BOUND('',#333,.T.);
#333 = EDGE_LOOP('',(#334,#335,#336,#344));
#334 = ORIENTED_EDGE('',*,*,#57,.F.);
#335 = ORIENTED_EDGE('',*,*,#320,.F.);
#336 = ORIENTED_EDGE('',*,*,#337,.T.);
#337 = EDGE_CURVE('',#313,#338,#340,.T.);
#338 = VERTEX_POINT('',#339);
#339 = CARTESIAN_POINT('',(61.1,-22.6,42.5));
#340 = LINE('',#341,#342);
#341 = CARTESIAN_POINT('',(61.1,9.436895709314E-15,42.5));
#342 = VECTOR('',#343,1.);
#343 = DIRECTION('',(0.,-1.,2.22044604925E-16));
#344 = ORIENTED_EDGE('',*,*,#345,.F.);
#345 = EDGE_CURVE('',#58,#338,#346,.T.);
#346 = CIRCLE('',#347,8.6);
#347 = AXIS2_PLACEMENT_3D('',#348,#349,#350);
#348 = CARTESIAN_POINT('',(52.5,-22.6,42.5));
#349 = DIRECTION('',(-0.,1.,0.));
#350 = DIRECTION('',(1.074076228475E-13,0.,1.));
#351 = CYLINDRICAL_SURFACE('',#352,8.6);
#352 = AXIS2_PLACEMENT_3D('',#353,#354,#355);
#353 = CARTESIAN_POINT('',(52.5,9.436895709314E-15,42.5));
#354 = DIRECTION('',(0.,1.,-2.22044604925E-16));
#355 = DIRECTION('',(1.,0.,0.));
#356 = ADVANCED_FACE('',(#357),#390,.F.);
#357 = FACE_BOUND('',#358,.T.);
#358 = EDGE_LOOP('',(#359,#381,#382,#383));
#359 = ORIENTED_EDGE('',*,*,#360,.T.);
#360 = EDGE_CURVE('',#361,#81,#363,.T.);
#361 = VERTEX_POINT('',#362);
#362 = CARTESIAN_POINT('',(-59.33913043478,-23.6,45.814558024236));
#363 = B_SPLINE_CURVE_WITH_KNOTS('',6,(#364,#365,#366,#367,#368,#369,
    #370,#371,#372,#373,#374,#375,#376,#377,#378,#379,#380),
  .UNSPECIFIED.,.F.,.F.,(7,5,5,7),(0.,0.503557600627,0.686353939905,1.),
  .UNSPECIFIED.);
#364 = CARTESIAN_POINT('',(-59.33913043478,-23.6,45.814558024236));
#365 = CARTESIAN_POINT('',(-59.5624666276,-23.46482283066,
    45.663684555475));
#366 = CARTESIAN_POINT('',(-59.78164103664,-23.33504989765,
    45.489323026293));
#367 = CARTESIAN_POINT('',(-59.99448705211,-23.21155954596,
    45.289389945326));
#368 = CARTESIAN_POINT('',(-60.19735024833,-23.09603643027,
    45.061920200972));
#369 = CARTESIAN_POINT('',(-60.38518821674,-22.99072077153,
    44.805736419643));
#370 = CARTESIAN_POINT('',(-60.61242501661,-22.86480745805,
    44.417607508403));
#371 = CARTESIAN_POINT('',(-60.67013425357,-22.83299293937,
    44.310518152362));
#372 = CARTESIAN_POINT('',(-60.72472664208,-22.80303688573,
    44.199757048482));
#373 = CARTESIAN_POINT('',(-60.77586918532,-22.77509046445,
    44.085424753314));
#374 = CARTESIAN_POINT('',(-60.82321985347,-22.74930930578,
    43.967690405022));
#375 = CARTESIAN_POINT('',(-60.9406125938,-22.68558535601,
    43.639392966599));
#376 = CARTESIAN_POINT('',(-61.00269417903,-22.65211523838,
    43.422546261025));
#377 = CARTESIAN_POINT('',(-61.05086308093,-22.62628213189,
    43.197824882311));
#378 = CARTESIAN_POINT('',(-61.08362983619,-22.60875623314,
    42.967299364464));
#379 = CARTESIAN_POINT('',(-61.09999996702,-22.60000001763,
    42.733592702146));
#380 = CARTESIAN_POINT('',(-61.1,-22.6,42.500000564639));
#381 = ORIENTED_EDGE('',*,*,#80,.T.);
#382 = ORIENTED_EDGE('',*,*,#112,.T.);
#383 = ORIENTED_EDGE('',*,*,#384,.F.);
#384 = EDGE_CURVE('',#361,#113,#385,.T.);
#385 = CIRCLE('',#386,7.6);
#386 = AXIS2_PLACEMENT_3D('',#387,#388,#389);
#387 = CARTESIAN_POINT('',(-52.5,-23.6,42.5));
#388 = DIRECTION('',(0.,1.,-0.));
#389 = DIRECTION('',(-1.,0.,8.26212483442E-16));
#390 = CONICAL_SURFACE('',#391,8.6,0.785398163397);
#391 = AXIS2_PLACEMENT_3D('',#392,#393,#394);
#392 = CARTESIAN_POINT('',(-52.5,-22.6,42.5));
#393 = DIRECTION('',(0.,1.,0.));
#394 = DIRECTION('',(-1.,0.,8.26212483442E-16));
#395 = ADVANCED_FACE('',(#396),#414,.T.);
#396 = FACE_BOUND('',#397,.T.);
#397 = EDGE_LOOP('',(#398,#399,#407,#413));
#398 = ORIENTED_EDGE('',*,*,#89,.T.);
#399 = ORIENTED_EDGE('',*,*,#400,.F.);
#400 = EDGE_CURVE('',#401,#81,#403,.T.);
#401 = VERTEX_POINT('',#402);
#402 = CARTESIAN_POINT('',(-61.1,-22.6,-42.5));
#403 = LINE('',#404,#405);
#404 = CARTESIAN_POINT('',(-61.1,-22.6,-42.5));
#405 = VECTOR('',#406,1.);
#406 = DIRECTION('',(0.,0.,1.));
#407 = ORIENTED_EDGE('',*,*,#408,.F.);
#408 = EDGE_CURVE('',#238,#401,#409,.T.);
#409 = LINE('',#410,#411);
#410 = CARTESIAN_POINT('',(-61.1,-9.436895709314E-15,-42.5));
#411 = VECTOR('',#412,1.);
#412 = DIRECTION('',(0.,-1.,2.22044604925E-16));
#413 = ORIENTED_EDGE('',*,*,#237,.F.);
#414 = PLANE('',#415);
#415 = AXIS2_PLACEMENT_3D('',#416,#417,#418);
#416 = CARTESIAN_POINT('',(-61.1,9.436895709314E-15,42.5));
#417 = DIRECTION('',(1.,0.,0.));
#418 = DIRECTION('',(0.,-2.22044604925E-16,-1.));
#419 = ADVANCED_FACE('',(#420,#541,#552,#563,#574,#585,#596,#630,#641,
    #652,#663,#674,#685,#696,#707),#718,.T.);
#420 = FACE_BOUND('',#421,.T.);
#421 = EDGE_LOOP('',(#422,#432,#440,#449,#458,#466,#474,#483,#490,#491,
    #492,#501,#510,#518,#526,#535));
#422 = ORIENTED_EDGE('',*,*,#423,.T.);
#423 = EDGE_CURVE('',#424,#426,#428,.T.);
#424 = VERTEX_POINT('',#425);
#425 = CARTESIAN_POINT('',(52.500000000001,-23.6,-50.1));
#426 = VERTEX_POINT('',#427);
#427 = CARTESIAN_POINT('',(-52.5,-23.6,-50.1));
#428 = LINE('',#429,#430);
#429 = CARTESIAN_POINT('',(52.500000000001,-23.6,-50.1));
#430 = VECTOR('',#431,1.);
#431 = DIRECTION('',(-1.,0.,0.));
#432 = ORIENTED_EDGE('',*,*,#433,.F.);
#433 = EDGE_CURVE('',#434,#426,#436,.T.);
#434 = VERTEX_POINT('',#435);
#435 = CARTESIAN_POINT('',(-52.5,-23.6,-46.5));
#436 = LINE('',#437,#438);
#437 = CARTESIAN_POINT('',(-52.5,-23.6,-25.55));
#438 = VECTOR('',#439,1.);
#439 = DIRECTION('',(0.,0.,-1.));
#440 = ORIENTED_EDGE('',*,*,#441,.F.);
#441 = EDGE_CURVE('',#442,#434,#444,.T.);
#442 = VERTEX_POINT('',#443);
#443 = CARTESIAN_POINT('',(-48.5,-23.6,-42.5));
#444 = CIRCLE('',#445,4.);
#445 = AXIS2_PLACEMENT_3D('',#446,#447,#448);
#446 = CARTESIAN_POINT('',(-52.5,-23.6,-42.5));
#447 = DIRECTION('',(0.,1.,-2.22044604925E-16));
#448 = DIRECTION('',(1.,0.,0.));
#449 = ORIENTED_EDGE('',*,*,#450,.F.);
#450 = EDGE_CURVE('',#451,#442,#453,.T.);
#451 = VERTEX_POINT('',#452);
#452 = CARTESIAN_POINT('',(-56.5,-23.6,-42.5));
#453 = CIRCLE('',#454,4.);
#454 = AXIS2_PLACEMENT_3D('',#455,#456,#457);
#455 = CARTESIAN_POINT('',(-52.5,-23.6,-42.5));
#456 = DIRECTION('',(0.,1.,-2.22044604925E-16));
#457 = DIRECTION('',(1.,0.,0.));
#458 = ORIENTED_EDGE('',*,*,#459,.F.);
#459 = EDGE_CURVE('',#460,#451,#462,.T.);
#460 = VERTEX_POINT('',#461);
#461 = CARTESIAN_POINT('',(-60.1,-23.6,-42.5));
#462 = LINE('',#463,#464);
#463 = CARTESIAN_POINT('',(-26.25,-23.6,-42.5));
#464 = VECTOR('',#465,1.);
#465 = DIRECTION('',(1.,0.,7.435912350978E-15));
#466 = ORIENTED_EDGE('',*,*,#467,.T.);
#467 = EDGE_CURVE('',#460,#468,#470,.T.);
#468 = VERTEX_POINT('',#469);
#469 = CARTESIAN_POINT('',(-60.1,-23.6,39.854248688935));
#470 = LINE('',#471,#472);
#471 = CARTESIAN_POINT('',(-60.1,-23.6,-42.5));
#472 = VECTOR('',#473,1.);
#473 = DIRECTION('',(0.,0.,1.));
#474 = ORIENTED_EDGE('',*,*,#475,.F.);
#475 = EDGE_CURVE('',#476,#468,#478,.T.);
#476 = VERTEX_POINT('',#477);
#477 = CARTESIAN_POINT('',(-53.1,-23.6,42.5));
#478 = CIRCLE('',#479,4.);
#479 = AXIS2_PLACEMENT_3D('',#480,#481,#482);
#480 = CARTESIAN_POINT('',(-57.1,-23.6,42.5));
#481 = DIRECTION('',(0.,1.,-2.22044604925E-16));
#482 = DIRECTION('',(1.,0.,0.));
#483 = ORIENTED_EDGE('',*,*,#484,.F.);
#484 = EDGE_CURVE('',#361,#476,#485,.T.);
#485 = CIRCLE('',#486,4.);
#486 = AXIS2_PLACEMENT_3D('',#487,#488,#489);
#487 = CARTESIAN_POINT('',(-57.1,-23.6,42.5));
#488 = DIRECTION('',(0.,1.,-2.22044604925E-16));
#489 = DIRECTION('',(1.,0.,0.));
#490 = ORIENTED_EDGE('',*,*,#384,.T.);
#491 = ORIENTED_EDGE('',*,*,#129,.T.);
#492 = ORIENTED_EDGE('',*,*,#493,.T.);
#493 = EDGE_CURVE('',#122,#494,#496,.T.);
#494 = VERTEX_POINT('',#495);
#495 = CARTESIAN_POINT('',(59.339130434783,-23.6,45.814558024236));
#496 = CIRCLE('',#497,7.6);
#497 = AXIS2_PLACEMENT_3D('',#498,#499,#500);
#498 = CARTESIAN_POINT('',(52.5,-23.6,42.5));
#499 = DIRECTION('',(-0.,1.,0.));
#500 = DIRECTION('',(1.074076228475E-13,0.,1.));
#501 = ORIENTED_EDGE('',*,*,#502,.F.);
#502 = EDGE_CURVE('',#503,#494,#505,.T.);
#503 = VERTEX_POINT('',#504);
#504 = CARTESIAN_POINT('',(60.1,-23.6,39.854248688935));
#505 = CIRCLE('',#506,4.);
#506 = AXIS2_PLACEMENT_3D('',#507,#508,#509);
#507 = CARTESIAN_POINT('',(57.1,-23.6,42.5));
#508 = DIRECTION('',(0.,1.,-2.22044604925E-16));
#509 = DIRECTION('',(1.,0.,0.));
#510 = ORIENTED_EDGE('',*,*,#511,.T.);
#511 = EDGE_CURVE('',#503,#512,#514,.T.);
#512 = VERTEX_POINT('',#513);
#513 = CARTESIAN_POINT('',(60.1,-23.6,-42.5));
#514 = LINE('',#515,#516);
#515 = CARTESIAN_POINT('',(60.1,-23.6,42.5));
#516 = VECTOR('',#517,1.);
#517 = DIRECTION('',(0.,0.,-1.));
#518 = ORIENTED_EDGE('',*,*,#519,.F.);
#519 = EDGE_CURVE('',#520,#512,#522,.T.);
#520 = VERTEX_POINT('',#521);
#521 = CARTESIAN_POINT('',(56.5,-23.6,-42.5));
#522 = LINE('',#523,#524);
#523 = CARTESIAN_POINT('',(30.55,-23.6,-42.5));
#524 = VECTOR('',#525,1.);
#525 = DIRECTION('',(1.,0.,0.));
#526 = ORIENTED_EDGE('',*,*,#527,.F.);
#527 = EDGE_CURVE('',#528,#520,#530,.T.);
#528 = VERTEX_POINT('',#529);
#529 = CARTESIAN_POINT('',(52.5,-23.6,-46.5));
#530 = CIRCLE('',#531,4.);
#531 = AXIS2_PLACEMENT_3D('',#532,#533,#534);
#532 = CARTESIAN_POINT('',(52.5,-23.6,-42.5));
#533 = DIRECTION('',(0.,1.,-2.22044604925E-16));
#534 = DIRECTION('',(1.,0.,0.));
#535 = ORIENTED_EDGE('',*,*,#536,.F.);
#536 = EDGE_CURVE('',#424,#528,#537,.T.);
#537 = LINE('',#538,#539);
#538 = CARTESIAN_POINT('',(52.5,-23.6,-21.25));
#539 = VECTOR('',#540,1.);
#540 = DIRECTION('',(0.,0.,1.));
#541 = FACE_BOUND('',#542,.T.);
#542 = EDGE_LOOP('',(#543));
#543 = ORIENTED_EDGE('',*,*,#544,.F.);
#544 = EDGE_CURVE('',#545,#545,#547,.T.);
#545 = VERTEX_POINT('',#546);
#546 = CARTESIAN_POINT('',(-45.725534,-23.6,-30.010134));
#547 = CIRCLE('',#548,3.5);
#548 = AXIS2_PLACEMENT_3D('',#549,#550,#551);
#549 = CARTESIAN_POINT('',(-42.225534,-23.6,-30.010134));
#550 = DIRECTION('',(0.,1.,-2.22044604925E-16));
#551 = DIRECTION('',(-1.,0.,0.));
#552 = FACE_BOUND('',#553,.T.);
#553 = EDGE_LOOP('',(#554));
#554 = ORIENTED_EDGE('',*,*,#555,.F.);
#555 = EDGE_CURVE('',#556,#556,#558,.T.);
#556 = VERTEX_POINT('',#557);
#557 = CARTESIAN_POINT('',(-18.80511371454,-23.6,-33.73006812764));
#558 = CIRCLE('',#559,3.5);
#559 = AXIS2_PLACEMENT_3D('',#560,#561,#562);
#560 = CARTESIAN_POINT('',(-22.30511371454,-23.6,-33.73006812764));
#561 = DIRECTION('',(0.,1.,-2.22044604925E-16));
#562 = DIRECTION('',(1.,0.,0.));
#563 = FACE_BOUND('',#564,.T.);
#564 = EDGE_LOOP('',(#565));
#565 = ORIENTED_EDGE('',*,*,#566,.F.);
#566 = EDGE_CURVE('',#567,#567,#569,.T.);
#567 = VERTEX_POINT('',#568);
#568 = CARTESIAN_POINT('',(-47.43150083832,-23.6,-12.00017128663));
#569 = CIRCLE('',#570,3.206243908376);
#570 = AXIS2_PLACEMENT_3D('',#571,#572,#573);
#571 = CARTESIAN_POINT('',(-44.22525692994,-23.6,-12.00017128663));
#572 = DIRECTION('',(0.,1.,-2.22044604925E-16));
#573 = DIRECTION('',(-1.,0.,0.));
#574 = FACE_BOUND('',#575,.T.);
#575 = EDGE_LOOP('',(#576));
#576 = ORIENTED_EDGE('',*,*,#577,.F.);
#577 = EDGE_CURVE('',#578,#578,#580,.T.);
#578 = VERTEX_POINT('',#579);
#579 = CARTESIAN_POINT('',(-47.43150083832,-23.6,36.539828713367));
#580 = CIRCLE('',#581,3.206243908376);
#581 = AXIS2_PLACEMENT_3D('',#582,#583,#584);
#582 = CARTESIAN_POINT('',(-44.22525692994,-23.6,36.539828713367));
#583 = DIRECTION('',(0.,1.,-2.22044604925E-16));
#584 = DIRECTION('',(-1.,0.,0.));
#585 = FACE_BOUND('',#586,.T.);
#586 = EDGE_LOOP('',(#587));
#587 = ORIENTED_EDGE('',*,*,#588,.F.);
#588 = EDGE_CURVE('',#589,#589,#591,.T.);
#589 = VERTEX_POINT('',#590);
#590 = CARTESIAN_POINT('',(-45.852534,-23.6,44.081666));
#591 = CIRCLE('',#592,3.5);
#592 = AXIS2_PLACEMENT_3D('',#593,#594,#595);
#593 = CARTESIAN_POINT('',(-42.352534,-23.6,44.081666));
#594 = DIRECTION('',(0.,1.,-2.22044604925E-16));
#595 = DIRECTION('',(-1.,0.,0.));
#596 = FACE_BOUND('',#597,.T.);
#597 = EDGE_LOOP('',(#598,#608,#616,#624));
#598 = ORIENTED_EDGE('',*,*,#599,.T.);
#599 = EDGE_CURVE('',#600,#602,#604,.T.);
#600 = VERTEX_POINT('',#601);
#601 = CARTESIAN_POINT('',(-36.31525692994,-23.6,-12.21017128663));
#602 = VERTEX_POINT('',#603);
#603 = CARTESIAN_POINT('',(37.124743070051,-23.6,-12.21017128663));
#604 = LINE('',#605,#606);
#605 = CARTESIAN_POINT('',(-36.31525692994,-23.6,-12.21017128663));
#606 = VECTOR('',#607,1.);
#607 = DIRECTION('',(1.,0.,0.));
#608 = ORIENTED_EDGE('',*,*,#609,.T.);
#609 = EDGE_CURVE('',#602,#610,#612,.T.);
#610 = VERTEX_POINT('',#611);
#611 = CARTESIAN_POINT('',(37.124743070051,-23.6,36.749828713367));
#612 = LINE('',#613,#614);
#613 = CARTESIAN_POINT('',(37.124743070051,-23.6,-12.21017128663));
#614 = VECTOR('',#615,1.);
#615 = DIRECTION('',(0.,2.22044604925E-16,1.));
#616 = ORIENTED_EDGE('',*,*,#617,.T.);
#617 = EDGE_CURVE('',#610,#618,#620,.T.);
#618 = VERTEX_POINT('',#619);
#619 = CARTESIAN_POINT('',(-36.31525692994,-23.6,36.749828713367));
#620 = LINE('',#621,#622);
#621 = CARTESIAN_POINT('',(37.124743070051,-23.6,36.749828713367));
#622 = VECTOR('',#623,1.);
#623 = DIRECTION('',(-1.,0.,0.));
#624 = ORIENTED_EDGE('',*,*,#625,.T.);
#625 = EDGE_CURVE('',#618,#600,#626,.T.);
#626 = LINE('',#627,#628);
#627 = CARTESIAN_POINT('',(-36.31525692994,-23.6,36.749828713367));
#628 = VECTOR('',#629,1.);
#629 = DIRECTION('',(0.,-2.22044604925E-16,-1.));
#630 = FACE_BOUND('',#631,.T.);
#631 = EDGE_LOOP('',(#632));
#632 = ORIENTED_EDGE('',*,*,#633,.F.);
#633 = EDGE_CURVE('',#634,#634,#636,.T.);
#634 = VERTEX_POINT('',#635);
#635 = CARTESIAN_POINT('',(10.375057627097,-23.6,-33.73006812764));
#636 = CIRCLE('',#637,3.5);
#637 = AXIS2_PLACEMENT_3D('',#638,#639,#640);
#638 = CARTESIAN_POINT('',(6.875057627097,-23.6,-33.73006812764));
#639 = DIRECTION('',(0.,1.,-2.22044604925E-16));
#640 = DIRECTION('',(1.,0.,0.));
#641 = FACE_BOUND('',#642,.T.);
#642 = EDGE_LOOP('',(#643));
#643 = ORIENTED_EDGE('',*,*,#644,.F.);
#644 = EDGE_CURVE('',#645,#645,#647,.T.);
#645 = VERTEX_POINT('',#646);
#646 = CARTESIAN_POINT('',(21.910019638821,-23.6,-45.26503013936));
#647 = CIRCLE('',#648,3.5);
#648 = AXIS2_PLACEMENT_3D('',#649,#650,#651);
#649 = CARTESIAN_POINT('',(18.410019638821,-23.6,-45.26503013936));
#650 = DIRECTION('',(0.,1.,-2.22044604925E-16));
#651 = DIRECTION('',(1.,0.,0.));
#652 = FACE_BOUND('',#653,.T.);
#653 = EDGE_LOOP('',(#654));
#654 = ORIENTED_EDGE('',*,*,#655,.F.);
#655 = EDGE_CURVE('',#656,#656,#658,.T.);
#656 = VERTEX_POINT('',#657);
#657 = CARTESIAN_POINT('',(21.910019638821,-23.6,-22.19510611591));
#658 = CIRCLE('',#659,3.5);
#659 = AXIS2_PLACEMENT_3D('',#660,#661,#662);
#660 = CARTESIAN_POINT('',(18.410019638821,-23.6,-22.19510611591));
#661 = DIRECTION('',(0.,1.,-2.22044604925E-16));
#662 = DIRECTION('',(1.,0.,0.));
#663 = FACE_BOUND('',#664,.T.);
#664 = EDGE_LOOP('',(#665));
#665 = ORIENTED_EDGE('',*,*,#666,.F.);
#666 = EDGE_CURVE('',#667,#667,#669,.T.);
#667 = VERTEX_POINT('',#668);
#668 = CARTESIAN_POINT('',(33.444981650545,-23.6,-33.73006812764));
#669 = CIRCLE('',#670,3.5);
#670 = AXIS2_PLACEMENT_3D('',#671,#672,#673);
#671 = CARTESIAN_POINT('',(29.944981650545,-23.6,-33.73006812764));
#672 = DIRECTION('',(0.,1.,-2.22044604925E-16));
#673 = DIRECTION('',(1.,0.,0.));
#674 = FACE_BOUND('',#675,.T.);
#675 = EDGE_LOOP('',(#676));
#676 = ORIENTED_EDGE('',*,*,#677,.F.);
#677 = EDGE_CURVE('',#678,#678,#680,.T.);
#678 = VERTEX_POINT('',#679);
#679 = CARTESIAN_POINT('',(38.475466,-23.6,-30.391134));
#680 = CIRCLE('',#681,3.5);
#681 = AXIS2_PLACEMENT_3D('',#682,#683,#684);
#682 = CARTESIAN_POINT('',(41.975466,-23.6,-30.391134));
#683 = DIRECTION('',(0.,1.,-2.22044604925E-16));
#684 = DIRECTION('',(-1.,0.,0.));
#685 = FACE_BOUND('',#686,.T.);
#686 = EDGE_LOOP('',(#687));
#687 = ORIENTED_EDGE('',*,*,#688,.F.);
#688 = EDGE_CURVE('',#689,#689,#691,.T.);
#689 = VERTEX_POINT('',#690);
#690 = CARTESIAN_POINT('',(46.668499161674,-23.6,-12.00017128663));
#691 = CIRCLE('',#692,3.206243908376);
#692 = AXIS2_PLACEMENT_3D('',#693,#694,#695);
#693 = CARTESIAN_POINT('',(49.874743070051,-23.6,-12.00017128663));
#694 = DIRECTION('',(0.,1.,-2.22044604925E-16));
#695 = DIRECTION('',(-1.,0.,0.));
#696 = FACE_BOUND('',#697,.T.);
#697 = EDGE_LOOP('',(#698));
#698 = ORIENTED_EDGE('',*,*,#699,.F.);
#699 = EDGE_CURVE('',#700,#700,#702,.T.);
#700 = VERTEX_POINT('',#701);
#701 = CARTESIAN_POINT('',(46.668499161674,-23.6,36.539828713367));
#702 = CIRCLE('',#703,3.206243908376);
#703 = AXIS2_PLACEMENT_3D('',#704,#705,#706);
#704 = CARTESIAN_POINT('',(49.874743070051,-23.6,36.539828713367));
#705 = DIRECTION('',(0.,1.,-2.22044604925E-16));
#706 = DIRECTION('',(-1.,0.,0.));
#707 = FACE_BOUND('',#708,.T.);
#708 = EDGE_LOOP('',(#709));
#709 = ORIENTED_EDGE('',*,*,#710,.F.);
#710 = EDGE_CURVE('',#711,#711,#713,.T.);
#711 = VERTEX_POINT('',#712);
#712 = CARTESIAN_POINT('',(39.262866,-23.6,45.377066));
#713 = CIRCLE('',#714,3.5);
#714 = AXIS2_PLACEMENT_3D('',#715,#716,#717);
#715 = CARTESIAN_POINT('',(42.762866,-23.6,45.377066));
#716 = DIRECTION('',(0.,1.,-2.22044604925E-16));
#717 = DIRECTION('',(-1.,0.,0.));
#718 = PLANE('',#719);
#719 = AXIS2_PLACEMENT_3D('',#720,#721,#722);
#720 = CARTESIAN_POINT('',(-2.204994559794E-14,-23.6,-5.635587499586E-14
    ));
#721 = DIRECTION('',(0.,1.,0.));
#722 = DIRECTION('',(0.,0.,1.));
#723 = ADVANCED_FACE('',(#724),#749,.F.);
#724 = FACE_BOUND('',#725,.T.);
#725 = EDGE_LOOP('',(#726,#727,#728,#748));
#726 = ORIENTED_EDGE('',*,*,#121,.F.);
#727 = ORIENTED_EDGE('',*,*,#345,.T.);
#728 = ORIENTED_EDGE('',*,*,#729,.T.);
#729 = EDGE_CURVE('',#338,#494,#730,.T.);
#730 = B_SPLINE_CURVE_WITH_KNOTS('',6,(#731,#732,#733,#734,#735,#736,
    #737,#738,#739,#740,#741,#742,#743,#744,#745,#746,#747),
  .UNSPECIFIED.,.F.,.F.,(7,5,5,7),(0.,0.314286154795,0.497128689322,1.),
  .UNSPECIFIED.);
#731 = CARTESIAN_POINT('',(61.1,-22.6,42.500000558227));
#732 = CARTESIAN_POINT('',(61.099999967327,-22.60000001747,
    42.734117536501));
#733 = CARTESIAN_POINT('',(61.083556186515,-22.60879562873,
    42.968349950466));
#734 = CARTESIAN_POINT('',(61.050641882516,-22.62640044083,
    43.199378927787));
#735 = CARTESIAN_POINT('',(61.002260807978,-22.65234766196,
    43.424565414451));
#736 = CARTESIAN_POINT('',(60.939914687286,-22.68596162338,
    43.64182819514));
#737 = CARTESIAN_POINT('',(60.822119504951,-22.74990813037,
    43.970481154678));
#738 = CARTESIAN_POINT('',(60.774670971229,-22.77574443837,
    44.088203052823));
#739 = CARTESIAN_POINT('',(60.723432529823,-22.80374551389,
    44.202516744659));
#740 = CARTESIAN_POINT('',(60.668746615235,-22.83375554663,
    44.313253771324));
#741 = CARTESIAN_POINT('',(60.610946473295,-22.86562326098,
    44.420314233192));
#742 = CARTESIAN_POINT('',(60.383648287265,-22.99158376162,
    44.807859088795));
#743 = CARTESIAN_POINT('',(60.195925423855,-23.09684651065,
    45.063553917701));
#744 = CARTESIAN_POINT('',(59.993238746816,-23.21228118056,
    45.290607219052));
#745 = CARTESIAN_POINT('',(59.780607092124,-23.33565796009,
    45.490195429668));
#746 = CARTESIAN_POINT('',(59.561668916593,-23.46529977828,
    45.664277006554));
#747 = CARTESIAN_POINT('',(59.338583232476,-23.60033120861,
    45.814927617803));
#748 = ORIENTED_EDGE('',*,*,#493,.F.);
#749 = CONICAL_SURFACE('',#750,8.6,0.785398163397);
#750 = AXIS2_PLACEMENT_3D('',#751,#752,#753);
#751 = CARTESIAN_POINT('',(52.5,-22.6,42.5));
#752 = DIRECTION('',(0.,1.,0.));
#753 = DIRECTION('',(1.074076228475E-13,0.,1.));
#754 = ADVANCED_FACE('',(#755),#780,.F.);
#755 = FACE_BOUND('',#756,.F.);
#756 = EDGE_LOOP('',(#757,#765,#773,#779));
#757 = ORIENTED_EDGE('',*,*,#758,.T.);
#758 = EDGE_CURVE('',#144,#759,#761,.T.);
#759 = VERTEX_POINT('',#760);
#760 = CARTESIAN_POINT('',(-62.5,-24.,42.5));
#761 = LINE('',#762,#763);
#762 = CARTESIAN_POINT('',(-62.5,9.436895709314E-15,42.5));
#763 = VECTOR('',#764,1.);
#764 = DIRECTION('',(0.,-1.,2.22044604925E-16));
#765 = ORIENTED_EDGE('',*,*,#766,.T.);
#766 = EDGE_CURVE('',#759,#767,#769,.T.);
#767 = VERTEX_POINT('',#768);
#768 = CARTESIAN_POINT('',(-62.5,-24.,-42.5));
#769 = LINE('',#770,#771);
#770 = CARTESIAN_POINT('',(-62.5,-24.,42.5));
#771 = VECTOR('',#772,1.);
#772 = DIRECTION('',(0.,-2.22044604925E-16,-1.));
#773 = ORIENTED_EDGE('',*,*,#774,.F.);
#774 = EDGE_CURVE('',#146,#767,#775,.T.);
#775 = LINE('',#776,#777);
#776 = CARTESIAN_POINT('',(-62.5,-9.436895709314E-15,-42.5));
#777 = VECTOR('',#778,1.);
#778 = DIRECTION('',(0.,-1.,2.22044604925E-16));
#779 = ORIENTED_EDGE('',*,*,#143,.F.);
#780 = PLANE('',#781);
#781 = AXIS2_PLACEMENT_3D('',#782,#783,#784);
#782 = CARTESIAN_POINT('',(-62.5,9.436895709314E-15,42.5));
#783 = DIRECTION('',(1.,0.,0.));
#784 = DIRECTION('',(0.,-2.22044604925E-16,-1.));
#785 = ADVANCED_FACE('',(#786),#805,.T.);
#786 = FACE_BOUND('',#787,.F.);
#787 = EDGE_LOOP('',(#788,#796,#803,#804));
#788 = ORIENTED_EDGE('',*,*,#789,.T.);
#789 = EDGE_CURVE('',#154,#790,#792,.T.);
#790 = VERTEX_POINT('',#791);
#791 = CARTESIAN_POINT('',(-52.5,-24.,52.5));
#792 = LINE('',#793,#794);
#793 = CARTESIAN_POINT('',(-52.5,1.165734175856E-14,52.5));
#794 = VECTOR('',#795,1.);
#795 = DIRECTION('',(0.,-1.,2.22044604925E-16));
#796 = ORIENTED_EDGE('',*,*,#797,.T.);
#797 = EDGE_CURVE('',#790,#759,#798,.T.);
#798 = CIRCLE('',#799,10.);
#799 = AXIS2_PLACEMENT_3D('',#800,#801,#802);
#800 = CARTESIAN_POINT('',(-52.5,-24.,42.5));
#801 = DIRECTION('',(0.,-1.,0.));
#802 = DIRECTION('',(0.,0.,1.));
#803 = ORIENTED_EDGE('',*,*,#758,.F.);
#804 = ORIENTED_EDGE('',*,*,#153,.F.);
#805 = CYLINDRICAL_SURFACE('',#806,10.);
#806 = AXIS2_PLACEMENT_3D('',#807,#808,#809);
#807 = CARTESIAN_POINT('',(-52.5,9.436895709314E-15,42.5));
#808 = DIRECTION('',(0.,1.,-2.22044604925E-16));
#809 = DIRECTION('',(1.,0.,0.));
#810 = ADVANCED_FACE('',(#811),#830,.T.);
#811 = FACE_BOUND('',#812,.F.);
#812 = EDGE_LOOP('',(#813,#814,#823,#829));
#813 = ORIENTED_EDGE('',*,*,#774,.T.);
#814 = ORIENTED_EDGE('',*,*,#815,.T.);
#815 = EDGE_CURVE('',#767,#816,#818,.T.);
#816 = VERTEX_POINT('',#817);
#817 = CARTESIAN_POINT('',(-52.5,-24.,-52.5));
#818 = CIRCLE('',#819,10.);
#819 = AXIS2_PLACEMENT_3D('',#820,#821,#822);
#820 = CARTESIAN_POINT('',(-52.5,-24.,-42.5));
#821 = DIRECTION('',(-0.,-1.,0.));
#822 = DIRECTION('',(-1.,0.,7.105427357601E-16));
#823 = ORIENTED_EDGE('',*,*,#824,.F.);
#824 = EDGE_CURVE('',#197,#816,#825,.T.);
#825 = LINE('',#826,#827);
#826 = CARTESIAN_POINT('',(-52.5,-1.165734175856E-14,-52.5));
#827 = VECTOR('',#828,1.);
#828 = DIRECTION('',(0.,-1.,2.22044604925E-16));
#829 = ORIENTED_EDGE('',*,*,#204,.F.);
#830 = CYLINDRICAL_SURFACE('',#831,10.);
#831 = AXIS2_PLACEMENT_3D('',#832,#833,#834);
#832 = CARTESIAN_POINT('',(-52.5,-9.436895709314E-15,-42.5));
#833 = DIRECTION('',(0.,1.,-2.22044604925E-16));
#834 = DIRECTION('',(1.,0.,0.));
#835 = ADVANCED_FACE('',(#836),#854,.F.);
#836 = FACE_BOUND('',#837,.F.);
#837 = EDGE_LOOP('',(#838,#846,#852,#853));
#838 = ORIENTED_EDGE('',*,*,#839,.T.);
#839 = EDGE_CURVE('',#163,#840,#842,.T.);
#840 = VERTEX_POINT('',#841);
#841 = CARTESIAN_POINT('',(52.500000000001,-24.,52.5));
#842 = LINE('',#843,#844);
#843 = CARTESIAN_POINT('',(52.500000000001,1.165734175856E-14,52.5));
#844 = VECTOR('',#845,1.);
#845 = DIRECTION('',(0.,-1.,2.22044604925E-16));
#846 = ORIENTED_EDGE('',*,*,#847,.T.);
#847 = EDGE_CURVE('',#840,#790,#848,.T.);
#848 = LINE('',#849,#850);
#849 = CARTESIAN_POINT('',(52.500000000001,-24.,52.5));
#850 = VECTOR('',#851,1.);
#851 = DIRECTION('',(-1.,0.,0.));
#852 = ORIENTED_EDGE('',*,*,#789,.F.);
#853 = ORIENTED_EDGE('',*,*,#162,.F.);
#854 = PLANE('',#855);
#855 = AXIS2_PLACEMENT_3D('',#856,#857,#858);
#856 = CARTESIAN_POINT('',(52.500000000001,1.165734175856E-14,52.5));
#857 = DIRECTION('',(-0.,-2.22044604925E-16,-1.));
#858 = DIRECTION('',(-1.,0.,0.));
#859 = ADVANCED_FACE('',(#860),#878,.F.);
#860 = FACE_BOUND('',#861,.F.);
#861 = EDGE_LOOP('',(#862,#863,#871,#877));
#862 = ORIENTED_EDGE('',*,*,#824,.T.);
#863 = ORIENTED_EDGE('',*,*,#864,.T.);
#864 = EDGE_CURVE('',#816,#865,#867,.T.);
#865 = VERTEX_POINT('',#866);
#866 = CARTESIAN_POINT('',(52.500000000001,-24.,-52.5));
#867 = LINE('',#868,#869);
#868 = CARTESIAN_POINT('',(-52.5,-24.,-52.5));
#869 = VECTOR('',#870,1.);
#870 = DIRECTION('',(1.,0.,0.));
#871 = ORIENTED_EDGE('',*,*,#872,.F.);
#872 = EDGE_CURVE('',#188,#865,#873,.T.);
#873 = LINE('',#874,#875);
#874 = CARTESIAN_POINT('',(52.500000000001,-1.165734175856E-14,-52.5));
#875 = VECTOR('',#876,1.);
#876 = DIRECTION('',(0.,-1.,2.22044604925E-16));
#877 = ORIENTED_EDGE('',*,*,#196,.F.);
#878 = PLANE('',#879);
#879 = AXIS2_PLACEMENT_3D('',#880,#881,#882);
#880 = CARTESIAN_POINT('',(-52.5,-1.165734175856E-14,-52.5));
#881 = DIRECTION('',(0.,2.22044604925E-16,1.));
#882 = DIRECTION('',(1.,0.,0.));
#883 = ADVANCED_FACE('',(#884),#903,.T.);
#884 = FACE_BOUND('',#885,.F.);
#885 = EDGE_LOOP('',(#886,#894,#901,#902));
#886 = ORIENTED_EDGE('',*,*,#887,.T.);
#887 = EDGE_CURVE('',#171,#888,#890,.T.);
#888 = VERTEX_POINT('',#889);
#889 = CARTESIAN_POINT('',(62.5,-24.,42.5));
#890 = LINE('',#891,#892);
#891 = CARTESIAN_POINT('',(62.5,9.436895709314E-15,42.5));
#892 = VECTOR('',#893,1.);
#893 = DIRECTION('',(0.,-1.,2.22044604925E-16));
#894 = ORIENTED_EDGE('',*,*,#895,.T.);
#895 = EDGE_CURVE('',#888,#840,#896,.T.);
#896 = CIRCLE('',#897,10.);
#897 = AXIS2_PLACEMENT_3D('',#898,#899,#900);
#898 = CARTESIAN_POINT('',(52.5,-24.,42.5));
#899 = DIRECTION('',(0.,-1.,0.));
#900 = DIRECTION('',(1.,0.,7.105427357601E-16));
#901 = ORIENTED_EDGE('',*,*,#839,.F.);
#902 = ORIENTED_EDGE('',*,*,#170,.F.);
#903 = CYLINDRICAL_SURFACE('',#904,10.);
#904 = AXIS2_PLACEMENT_3D('',#905,#906,#907);
#905 = CARTESIAN_POINT('',(52.5,9.436895709314E-15,42.5));
#906 = DIRECTION('',(0.,1.,-2.22044604925E-16));
#907 = DIRECTION('',(1.,0.,0.));
#908 = ADVANCED_FACE('',(#909),#928,.T.);
#909 = FACE_BOUND('',#910,.F.);
#910 = EDGE_LOOP('',(#911,#912,#921,#927));
#911 = ORIENTED_EDGE('',*,*,#872,.T.);
#912 = ORIENTED_EDGE('',*,*,#913,.T.);
#913 = EDGE_CURVE('',#865,#914,#916,.T.);
#914 = VERTEX_POINT('',#915);
#915 = CARTESIAN_POINT('',(62.5,-24.,-42.5));
#916 = CIRCLE('',#917,10.);
#917 = AXIS2_PLACEMENT_3D('',#918,#919,#920);
#918 = CARTESIAN_POINT('',(52.5,-24.,-42.5));
#919 = DIRECTION('',(0.,-1.,0.));
#920 = DIRECTION('',(1.357136625302E-13,0.,-1.));
#921 = ORIENTED_EDGE('',*,*,#922,.F.);
#922 = EDGE_CURVE('',#180,#914,#923,.T.);
#923 = LINE('',#924,#925);
#924 = CARTESIAN_POINT('',(62.5,-9.436895709314E-15,-42.5));
#925 = VECTOR('',#926,1.);
#926 = DIRECTION('',(0.,-1.,2.22044604925E-16));
#927 = ORIENTED_EDGE('',*,*,#187,.F.);
#928 = CYLINDRICAL_SURFACE('',#929,10.);
#929 = AXIS2_PLACEMENT_3D('',#930,#931,#932);
#930 = CARTESIAN_POINT('',(52.5,-9.436895709314E-15,-42.5));
#931 = DIRECTION('',(0.,1.,-2.22044604925E-16));
#932 = DIRECTION('',(1.,0.,0.));
#933 = ADVANCED_FACE('',(#934),#945,.F.);
#934 = FACE_BOUND('',#935,.F.);
#935 = EDGE_LOOP('',(#936,#937,#943,#944));
#936 = ORIENTED_EDGE('',*,*,#922,.T.);
#937 = ORIENTED_EDGE('',*,*,#938,.T.);
#938 = EDGE_CURVE('',#914,#888,#939,.T.);
#939 = LINE('',#940,#941);
#940 = CARTESIAN_POINT('',(62.5,-24.,-42.5));
#941 = VECTOR('',#942,1.);
#942 = DIRECTION('',(0.,2.22044604925E-16,1.));
#943 = ORIENTED_EDGE('',*,*,#887,.F.);
#944 = ORIENTED_EDGE('',*,*,#179,.F.);
#945 = PLANE('',#946);
#946 = AXIS2_PLACEMENT_3D('',#947,#948,#949);
#947 = CARTESIAN_POINT('',(62.5,-9.436895709314E-15,-42.5));
#948 = DIRECTION('',(-1.,0.,0.));
#949 = DIRECTION('',(0.,2.22044604925E-16,1.));
#950 = ADVANCED_FACE('',(#951),#970,.F.);
#951 = FACE_BOUND('',#952,.T.);
#952 = EDGE_LOOP('',(#953,#961,#962,#963));
#953 = ORIENTED_EDGE('',*,*,#954,.F.);
#954 = EDGE_CURVE('',#214,#955,#957,.T.);
#955 = VERTEX_POINT('',#956);
#956 = CARTESIAN_POINT('',(-51.25,-15.,-42.5));
#957 = LINE('',#958,#959);
#958 = CARTESIAN_POINT('',(-51.25,-9.436895709314E-15,-42.5));
#959 = VECTOR('',#960,1.);
#960 = DIRECTION('',(-5.921189464668E-17,-1.,0.));
#961 = ORIENTED_EDGE('',*,*,#213,.T.);
#962 = ORIENTED_EDGE('',*,*,#954,.T.);
#963 = ORIENTED_EDGE('',*,*,#964,.F.);
#964 = EDGE_CURVE('',#955,#955,#965,.T.);
#965 = CIRCLE('',#966,1.25);
#966 = AXIS2_PLACEMENT_3D('',#967,#968,#969);
#967 = CARTESIAN_POINT('',(-52.5,-15.,-42.5));
#968 = DIRECTION('',(-0.,1.,0.));
#969 = DIRECTION('',(1.,0.,0.));
#970 = CYLINDRICAL_SURFACE('',#971,1.25);
#971 = AXIS2_PLACEMENT_3D('',#972,#973,#974);
#972 = CARTESIAN_POINT('',(-52.5,-9.436895709314E-15,-42.5));
#973 = DIRECTION('',(-0.,-1.,-0.));
#974 = DIRECTION('',(1.,0.,0.));
#975 = ADVANCED_FACE('',(#976),#995,.F.);
#976 = FACE_BOUND('',#977,.T.);
#977 = EDGE_LOOP('',(#978,#986,#987,#988));
#978 = ORIENTED_EDGE('',*,*,#979,.F.);
#979 = EDGE_CURVE('',#225,#980,#982,.T.);
#980 = VERTEX_POINT('',#981);
#981 = CARTESIAN_POINT('',(53.75,-15.,-42.5));
#982 = LINE('',#983,#984);
#983 = CARTESIAN_POINT('',(53.75,-9.436895709314E-15,-42.5));
#984 = VECTOR('',#985,1.);
#985 = DIRECTION('',(-5.921189464668E-17,-1.,0.));
#986 = ORIENTED_EDGE('',*,*,#224,.T.);
#987 = ORIENTED_EDGE('',*,*,#979,.T.);
#988 = ORIENTED_EDGE('',*,*,#989,.F.);
#989 = EDGE_CURVE('',#980,#980,#990,.T.);
#990 = CIRCLE('',#991,1.25);
#991 = AXIS2_PLACEMENT_3D('',#992,#993,#994);
#992 = CARTESIAN_POINT('',(52.5,-15.,-42.5));
#993 = DIRECTION('',(-0.,1.,0.));
#994 = DIRECTION('',(1.,0.,0.));
#995 = CYLINDRICAL_SURFACE('',#996,1.25);
#996 = AXIS2_PLACEMENT_3D('',#997,#998,#999);
#997 = CARTESIAN_POINT('',(52.5,-9.436895709314E-15,-42.5));
#998 = DIRECTION('',(-0.,-1.,-0.));
#999 = DIRECTION('',(1.,0.,0.));
#1000 = ADVANCED_FACE('',(#1001),#1019,.T.);
#1001 = FACE_BOUND('',#1002,.T.);
#1002 = EDGE_LOOP('',(#1003,#1004,#1005,#1013));
#1003 = ORIENTED_EDGE('',*,*,#337,.F.);
#1004 = ORIENTED_EDGE('',*,*,#312,.F.);
#1005 = ORIENTED_EDGE('',*,*,#1006,.T.);
#1006 = EDGE_CURVE('',#305,#1007,#1009,.T.);
#1007 = VERTEX_POINT('',#1008);
#1008 = CARTESIAN_POINT('',(61.1,-22.6,-42.5));
#1009 = LINE('',#1010,#1011);
#1010 = CARTESIAN_POINT('',(61.1,-9.436895709314E-15,-42.5));
#1011 = VECTOR('',#1012,1.);
#1012 = DIRECTION('',(0.,-1.,2.22044604925E-16));
#1013 = ORIENTED_EDGE('',*,*,#1014,.F.);
#1014 = EDGE_CURVE('',#338,#1007,#1015,.T.);
#1015 = LINE('',#1016,#1017);
#1016 = CARTESIAN_POINT('',(61.1,-22.6,42.5));
#1017 = VECTOR('',#1018,1.);
#1018 = DIRECTION('',(0.,0.,-1.));
#1019 = PLANE('',#1020);
#1020 = AXIS2_PLACEMENT_3D('',#1021,#1022,#1023);
#1021 = CARTESIAN_POINT('',(61.1,-9.436895709314E-15,-42.5));
#1022 = DIRECTION('',(-1.,0.,0.));
#1023 = DIRECTION('',(0.,2.22044604925E-16,1.));
#1024 = ADVANCED_FACE('',(#1025),#1042,.F.);
#1025 = FACE_BOUND('',#1026,.F.);
#1026 = EDGE_LOOP('',(#1027,#1028,#1034,#1035,#1041));
#1027 = ORIENTED_EDGE('',*,*,#245,.F.);
#1028 = ORIENTED_EDGE('',*,*,#1029,.F.);
#1029 = EDGE_CURVE('',#451,#246,#1030,.T.);
#1030 = LINE('',#1031,#1032);
#1031 = CARTESIAN_POINT('',(-56.5,-9.436895709314E-15,-42.5));
#1032 = VECTOR('',#1033,1.);
#1033 = DIRECTION('',(0.,1.,-2.22044604925E-16));
#1034 = ORIENTED_EDGE('',*,*,#459,.F.);
#1035 = ORIENTED_EDGE('',*,*,#1036,.F.);
#1036 = EDGE_CURVE('',#401,#460,#1037,.T.);
#1037 = LINE('',#1038,#1039);
#1038 = CARTESIAN_POINT('',(-61.1,-22.6,-42.5));
#1039 = VECTOR('',#1040,1.);
#1040 = DIRECTION('',(0.707106781187,-0.707106781187,4.329780281177E-17)
  );
#1041 = ORIENTED_EDGE('',*,*,#408,.F.);
#1042 = PLANE('',#1043);
#1043 = AXIS2_PLACEMENT_3D('',#1044,#1045,#1046);
#1044 = CARTESIAN_POINT('',(-52.5,-9.436895709314E-15,-42.5));
#1045 = DIRECTION('',(7.435912350978E-15,-2.22044604925E-16,-1.));
#1046 = DIRECTION('',(-1.,-1.65110422023E-30,-7.435912350978E-15));
#1047 = ADVANCED_FACE('',(#1048),#1065,.F.);
#1048 = FACE_BOUND('',#1049,.F.);
#1049 = EDGE_LOOP('',(#1050,#1051,#1052,#1058,#1059));
#1050 = ORIENTED_EDGE('',*,*,#304,.F.);
#1051 = ORIENTED_EDGE('',*,*,#1006,.T.);
#1052 = ORIENTED_EDGE('',*,*,#1053,.T.);
#1053 = EDGE_CURVE('',#1007,#512,#1054,.T.);
#1054 = LINE('',#1055,#1056);
#1055 = CARTESIAN_POINT('',(60.6,-23.1,-42.5));
#1056 = VECTOR('',#1057,1.);
#1057 = DIRECTION('',(-0.707106781187,-0.707106781187,-0.));
#1058 = ORIENTED_EDGE('',*,*,#519,.F.);
#1059 = ORIENTED_EDGE('',*,*,#1060,.F.);
#1060 = EDGE_CURVE('',#296,#520,#1061,.T.);
#1061 = LINE('',#1062,#1063);
#1062 = CARTESIAN_POINT('',(56.5,-9.436895709314E-15,-42.5));
#1063 = VECTOR('',#1064,1.);
#1064 = DIRECTION('',(0.,-1.,2.22044604925E-16));
#1065 = PLANE('',#1066);
#1066 = AXIS2_PLACEMENT_3D('',#1067,#1068,#1069);
#1067 = CARTESIAN_POINT('',(61.1,-9.436895709314E-15,-42.5));
#1068 = DIRECTION('',(-0.,-2.22044604925E-16,-1.));
#1069 = DIRECTION('',(-1.,0.,0.));
#1070 = ADVANCED_FACE('',(#1071),#1084,.T.);
#1071 = FACE_BOUND('',#1072,.F.);
#1072 = EDGE_LOOP('',(#1073,#1074,#1075,#1076,#1082,#1083));
#1073 = ORIENTED_EDGE('',*,*,#1029,.T.);
#1074 = ORIENTED_EDGE('',*,*,#253,.F.);
#1075 = ORIENTED_EDGE('',*,*,#262,.F.);
#1076 = ORIENTED_EDGE('',*,*,#1077,.F.);
#1077 = EDGE_CURVE('',#434,#263,#1078,.T.);
#1078 = LINE('',#1079,#1080);
#1079 = CARTESIAN_POINT('',(-52.5,-1.032507412901E-14,-46.5));
#1080 = VECTOR('',#1081,1.);
#1081 = DIRECTION('',(0.,1.,-2.22044604925E-16));
#1082 = ORIENTED_EDGE('',*,*,#441,.F.);
#1083 = ORIENTED_EDGE('',*,*,#450,.F.);
#1084 = CYLINDRICAL_SURFACE('',#1085,4.);
#1085 = AXIS2_PLACEMENT_3D('',#1086,#1087,#1088);
#1086 = CARTESIAN_POINT('',(-52.5,-9.436895709314E-15,-42.5));
#1087 = DIRECTION('',(0.,1.,-2.22044604925E-16));
#1088 = DIRECTION('',(1.,0.,0.));
#1089 = ADVANCED_FACE('',(#1090),#1101,.T.);
#1090 = FACE_BOUND('',#1091,.F.);
#1091 = EDGE_LOOP('',(#1092,#1093,#1094,#1095));
#1092 = ORIENTED_EDGE('',*,*,#295,.F.);
#1093 = ORIENTED_EDGE('',*,*,#1060,.T.);
#1094 = ORIENTED_EDGE('',*,*,#527,.F.);
#1095 = ORIENTED_EDGE('',*,*,#1096,.T.);
#1096 = EDGE_CURVE('',#528,#288,#1097,.T.);
#1097 = LINE('',#1098,#1099);
#1098 = CARTESIAN_POINT('',(52.5,-1.032507412901E-14,-46.5));
#1099 = VECTOR('',#1100,1.);
#1100 = DIRECTION('',(0.,1.,-2.22044604925E-16));
#1101 = CYLINDRICAL_SURFACE('',#1102,4.);
#1102 = AXIS2_PLACEMENT_3D('',#1103,#1104,#1105);
#1103 = CARTESIAN_POINT('',(52.5,-9.436895709314E-15,-42.5));
#1104 = DIRECTION('',(0.,1.,-2.22044604925E-16));
#1105 = DIRECTION('',(1.,0.,0.));
#1106 = ADVANCED_FACE('',(#1107),#1126,.F.);
#1107 = FACE_BOUND('',#1108,.F.);
#1108 = EDGE_LOOP('',(#1109,#1110,#1111,#1112,#1120));
#1109 = ORIENTED_EDGE('',*,*,#287,.F.);
#1110 = ORIENTED_EDGE('',*,*,#1096,.F.);
#1111 = ORIENTED_EDGE('',*,*,#536,.F.);
#1112 = ORIENTED_EDGE('',*,*,#1113,.F.);
#1113 = EDGE_CURVE('',#1114,#424,#1116,.T.);
#1114 = VERTEX_POINT('',#1115);
#1115 = CARTESIAN_POINT('',(52.500000000001,-22.6,-51.1));
#1116 = LINE('',#1117,#1118);
#1117 = CARTESIAN_POINT('',(52.500000000001,-22.6,-51.1));
#1118 = VECTOR('',#1119,1.);
#1119 = DIRECTION('',(-9.60453232068E-14,-0.707106781187,0.707106781187)
  );
#1120 = ORIENTED_EDGE('',*,*,#1121,.F.);
#1121 = EDGE_CURVE('',#280,#1114,#1122,.T.);
#1122 = LINE('',#1123,#1124);
#1123 = CARTESIAN_POINT('',(52.500000000001,-1.134647931167E-14,-51.1));
#1124 = VECTOR('',#1125,1.);
#1125 = DIRECTION('',(0.,-1.,2.22044604925E-16));
#1126 = PLANE('',#1127);
#1127 = AXIS2_PLACEMENT_3D('',#1128,#1129,#1130);
#1128 = CARTESIAN_POINT('',(52.5,-9.436895709314E-15,-42.5));
#1129 = DIRECTION('',(1.,0.,0.));
#1130 = DIRECTION('',(0.,-2.22044604925E-16,-1.));
#1131 = ADVANCED_FACE('',(#1132),#1151,.F.);
#1132 = FACE_BOUND('',#1133,.F.);
#1133 = EDGE_LOOP('',(#1134,#1135,#1143,#1149,#1150));
#1134 = ORIENTED_EDGE('',*,*,#271,.F.);
#1135 = ORIENTED_EDGE('',*,*,#1136,.T.);
#1136 = EDGE_CURVE('',#272,#1137,#1139,.T.);
#1137 = VERTEX_POINT('',#1138);
#1138 = CARTESIAN_POINT('',(-52.5,-22.6,-51.1));
#1139 = LINE('',#1140,#1141);
#1140 = CARTESIAN_POINT('',(-52.5,-1.134647931167E-14,-51.1));
#1141 = VECTOR('',#1142,1.);
#1142 = DIRECTION('',(0.,-1.,2.22044604925E-16));
#1143 = ORIENTED_EDGE('',*,*,#1144,.T.);
#1144 = EDGE_CURVE('',#1137,#426,#1145,.T.);
#1145 = LINE('',#1146,#1147);
#1146 = CARTESIAN_POINT('',(-52.5,-22.6,-51.1));
#1147 = VECTOR('',#1148,1.);
#1148 = DIRECTION('',(0.,-0.707106781187,0.707106781187));
#1149 = ORIENTED_EDGE('',*,*,#433,.F.);
#1150 = ORIENTED_EDGE('',*,*,#1077,.T.);
#1151 = PLANE('',#1152);
#1152 = AXIS2_PLACEMENT_3D('',#1153,#1154,#1155);
#1153 = CARTESIAN_POINT('',(-52.5,-1.134647931167E-14,-51.1));
#1154 = DIRECTION('',(-1.,0.,0.));
#1155 = DIRECTION('',(0.,2.22044604925E-16,1.));
#1156 = ADVANCED_FACE('',(#1157),#1168,.T.);
#1157 = FACE_BOUND('',#1158,.T.);
#1158 = EDGE_LOOP('',(#1159,#1160,#1161,#1162));
#1159 = ORIENTED_EDGE('',*,*,#1121,.F.);
#1160 = ORIENTED_EDGE('',*,*,#279,.F.);
#1161 = ORIENTED_EDGE('',*,*,#1136,.T.);
#1162 = ORIENTED_EDGE('',*,*,#1163,.F.);
#1163 = EDGE_CURVE('',#1114,#1137,#1164,.T.);
#1164 = LINE('',#1165,#1166);
#1165 = CARTESIAN_POINT('',(52.500000000001,-22.6,-51.1));
#1166 = VECTOR('',#1167,1.);
#1167 = DIRECTION('',(-1.,0.,0.));
#1168 = PLANE('',#1169);
#1169 = AXIS2_PLACEMENT_3D('',#1170,#1171,#1172);
#1170 = CARTESIAN_POINT('',(-52.5,-1.134647931167E-14,-51.1));
#1171 = DIRECTION('',(0.,2.22044604925E-16,1.));
#1172 = DIRECTION('',(1.,0.,0.));
#1173 = ADVANCED_FACE('',(#1174),#1208,.T.);
#1174 = FACE_BOUND('',#1175,.F.);
#1175 = EDGE_LOOP('',(#1176,#1177,#1184,#1191,#1198,#1199,#1200,#1201));
#1176 = ORIENTED_EDGE('',*,*,#475,.F.);
#1177 = ORIENTED_EDGE('',*,*,#1178,.T.);
#1178 = EDGE_CURVE('',#476,#1179,#1181,.T.);
#1179 = VERTEX_POINT('',#1180);
#1180 = CARTESIAN_POINT('',(-53.1,9.436895709314E-15,42.5));
#1181 = B_SPLINE_CURVE_WITH_KNOTS('',1,(#1182,#1183),.UNSPECIFIED.,.F.,
  .F.,(2,2),(-23.6,0.),.PIECEWISE_BEZIER_KNOTS.);
#1182 = CARTESIAN_POINT('',(-53.1,-23.6,42.5));
#1183 = CARTESIAN_POINT('',(-53.1,9.436895709314E-15,42.5));
#1184 = ORIENTED_EDGE('',*,*,#1185,.F.);
#1185 = EDGE_CURVE('',#90,#1179,#1186,.T.);
#1186 = CIRCLE('',#1187,4.);
#1187 = AXIS2_PLACEMENT_3D('',#1188,#1189,#1190);
#1188 = CARTESIAN_POINT('',(-57.1,9.436895709314E-15,42.5));
#1189 = DIRECTION('',(0.,-1.,2.22044604925E-16));
#1190 = DIRECTION('',(1.,0.,0.));
#1191 = ORIENTED_EDGE('',*,*,#1192,.F.);
#1192 = EDGE_CURVE('',#1179,#90,#1193,.T.);
#1193 = CIRCLE('',#1194,4.);
#1194 = AXIS2_PLACEMENT_3D('',#1195,#1196,#1197);
#1195 = CARTESIAN_POINT('',(-57.1,9.436895709314E-15,42.5));
#1196 = DIRECTION('',(0.,-1.,2.22044604925E-16));
#1197 = DIRECTION('',(1.,0.,0.));
#1198 = ORIENTED_EDGE('',*,*,#1178,.F.);
#1199 = ORIENTED_EDGE('',*,*,#484,.F.);
#1200 = ORIENTED_EDGE('',*,*,#360,.T.);
#1201 = ORIENTED_EDGE('',*,*,#1202,.T.);
#1202 = EDGE_CURVE('',#81,#468,#1203,.T.);
#1203 = ELLIPSE('',#1204,5.656854249492,4.);
#1204 = AXIS2_PLACEMENT_3D('',#1205,#1206,#1207);
#1205 = CARTESIAN_POINT('',(-57.1,-26.6,42.5));
#1206 = DIRECTION('',(-0.707106781187,-0.707106781187,0.));
#1207 = DIRECTION('',(-0.707106781187,0.707106781187,-3.140184917368E-16
    ));
#1208 = CYLINDRICAL_SURFACE('',#1209,4.);
#1209 = AXIS2_PLACEMENT_3D('',#1210,#1211,#1212);
#1210 = CARTESIAN_POINT('',(-57.1,9.436895709314E-15,42.5));
#1211 = DIRECTION('',(0.,1.,-2.22044604925E-16));
#1212 = DIRECTION('',(1.,0.,0.));
#1213 = ADVANCED_FACE('',(#1214),#1220,.F.);
#1214 = FACE_BOUND('',#1215,.T.);
#1215 = EDGE_LOOP('',(#1216,#1217,#1218,#1219));
#1216 = ORIENTED_EDGE('',*,*,#1036,.F.);
#1217 = ORIENTED_EDGE('',*,*,#400,.T.);
#1218 = ORIENTED_EDGE('',*,*,#1202,.T.);
#1219 = ORIENTED_EDGE('',*,*,#467,.F.);
#1220 = PLANE('',#1221);
#1221 = AXIS2_PLACEMENT_3D('',#1222,#1223,#1224);
#1222 = CARTESIAN_POINT('',(-60.6,-23.1,-42.5));
#1223 = DIRECTION('',(-0.707106781187,-0.707106781187,0.));
#1224 = DIRECTION('',(-0.,-0.,-1.));
#1225 = ADVANCED_FACE('',(#1226),#1232,.F.);
#1226 = FACE_BOUND('',#1227,.T.);
#1227 = EDGE_LOOP('',(#1228,#1229,#1230,#1231));
#1228 = ORIENTED_EDGE('',*,*,#1113,.F.);
#1229 = ORIENTED_EDGE('',*,*,#1163,.T.);
#1230 = ORIENTED_EDGE('',*,*,#1144,.T.);
#1231 = ORIENTED_EDGE('',*,*,#423,.F.);
#1232 = PLANE('',#1233);
#1233 = AXIS2_PLACEMENT_3D('',#1234,#1235,#1236);
#1234 = CARTESIAN_POINT('',(52.500000000001,-23.1,-50.6));
#1235 = DIRECTION('',(0.,-0.707106781187,-0.707106781187));
#1236 = DIRECTION('',(1.,0.,0.));
#1237 = ADVANCED_FACE('',(#1238),#1250,.F.);
#1238 = FACE_BOUND('',#1239,.T.);
#1239 = EDGE_LOOP('',(#1240,#1247,#1248,#1249));
#1240 = ORIENTED_EDGE('',*,*,#1241,.T.);
#1241 = EDGE_CURVE('',#503,#338,#1242,.T.);
#1242 = ELLIPSE('',#1243,5.656854249492,4.);
#1243 = AXIS2_PLACEMENT_3D('',#1244,#1245,#1246);
#1244 = CARTESIAN_POINT('',(57.1,-26.6,42.5));
#1245 = DIRECTION('',(0.707106781187,-0.707106781187,0.));
#1246 = DIRECTION('',(0.707106781187,0.707106781187,-3.140184917368E-16)
  );
#1247 = ORIENTED_EDGE('',*,*,#1014,.T.);
#1248 = ORIENTED_EDGE('',*,*,#1053,.T.);
#1249 = ORIENTED_EDGE('',*,*,#511,.F.);
#1250 = PLANE('',#1251);
#1251 = AXIS2_PLACEMENT_3D('',#1252,#1253,#1254);
#1252 = CARTESIAN_POINT('',(60.6,-23.1,42.5));
#1253 = DIRECTION('',(0.707106781187,-0.707106781187,0.));
#1254 = DIRECTION('',(0.,0.,1.));
#1255 = ADVANCED_FACE('',(#1256),#1270,.T.);
#1256 = FACE_BOUND('',#1257,.F.);
#1257 = EDGE_LOOP('',(#1258,#1259,#1266,#1267,#1268,#1269));
#1258 = ORIENTED_EDGE('',*,*,#337,.F.);
#1259 = ORIENTED_EDGE('',*,*,#1260,.F.);
#1260 = EDGE_CURVE('',#313,#313,#1261,.T.);
#1261 = CIRCLE('',#1262,4.);
#1262 = AXIS2_PLACEMENT_3D('',#1263,#1264,#1265);
#1263 = CARTESIAN_POINT('',(57.1,9.436895709314E-15,42.5));
#1264 = DIRECTION('',(0.,-1.,2.22044604925E-16));
#1265 = DIRECTION('',(1.,0.,0.));
#1266 = ORIENTED_EDGE('',*,*,#337,.T.);
#1267 = ORIENTED_EDGE('',*,*,#729,.T.);
#1268 = ORIENTED_EDGE('',*,*,#502,.F.);
#1269 = ORIENTED_EDGE('',*,*,#1241,.T.);
#1270 = CYLINDRICAL_SURFACE('',#1271,4.);
#1271 = AXIS2_PLACEMENT_3D('',#1272,#1273,#1274);
#1272 = CARTESIAN_POINT('',(57.1,9.436895709314E-15,42.5));
#1273 = DIRECTION('',(0.,1.,-2.22044604925E-16));
#1274 = DIRECTION('',(1.,0.,0.));
#1275 = ADVANCED_FACE('',(#1276),#1295,.T.);
#1276 = FACE_BOUND('',#1277,.F.);
#1277 = EDGE_LOOP('',(#1278,#1286,#1287,#1288));
#1278 = ORIENTED_EDGE('',*,*,#1279,.F.);
#1279 = EDGE_CURVE('',#545,#1280,#1282,.T.);
#1280 = VERTEX_POINT('',#1281);
#1281 = CARTESIAN_POINT('',(-45.725534,-7.6,-30.010134));
#1282 = LINE('',#1283,#1284);
#1283 = CARTESIAN_POINT('',(-45.725534,-23.6,-30.010134));
#1284 = VECTOR('',#1285,1.);
#1285 = DIRECTION('',(0.,1.,-2.22044604925E-16));
#1286 = ORIENTED_EDGE('',*,*,#544,.F.);
#1287 = ORIENTED_EDGE('',*,*,#1279,.T.);
#1288 = ORIENTED_EDGE('',*,*,#1289,.F.);
#1289 = EDGE_CURVE('',#1280,#1280,#1290,.T.);
#1290 = CIRCLE('',#1291,3.5);
#1291 = AXIS2_PLACEMENT_3D('',#1292,#1293,#1294);
#1292 = CARTESIAN_POINT('',(-42.225534,-7.6,-30.010134));
#1293 = DIRECTION('',(0.,-1.,2.22044604925E-16));
#1294 = DIRECTION('',(-1.,0.,0.));
#1295 = CYLINDRICAL_SURFACE('',#1296,3.5);
#1296 = AXIS2_PLACEMENT_3D('',#1297,#1298,#1299);
#1297 = CARTESIAN_POINT('',(-42.225534,-23.6,-30.010134));
#1298 = DIRECTION('',(0.,-1.,2.22044604925E-16));
#1299 = DIRECTION('',(-1.,0.,0.));
#1300 = ADVANCED_FACE('',(#1301),#1320,.F.);
#1301 = FACE_BOUND('',#1302,.T.);
#1302 = EDGE_LOOP('',(#1303,#1304,#1312,#1319));
#1303 = ORIENTED_EDGE('',*,*,#555,.T.);
#1304 = ORIENTED_EDGE('',*,*,#1305,.T.);
#1305 = EDGE_CURVE('',#556,#1306,#1308,.T.);
#1306 = VERTEX_POINT('',#1307);
#1307 = CARTESIAN_POINT('',(-18.80511371454,-25.,-33.73006812764));
#1308 = LINE('',#1309,#1310);
#1309 = CARTESIAN_POINT('',(-18.80511371454,-7.489579651497E-15,
    -33.73006812764));
#1310 = VECTOR('',#1311,1.);
#1311 = DIRECTION('',(0.,-1.,2.22044604925E-16));
#1312 = ORIENTED_EDGE('',*,*,#1313,.F.);
#1313 = EDGE_CURVE('',#1306,#1306,#1314,.T.);
#1314 = CIRCLE('',#1315,3.5);
#1315 = AXIS2_PLACEMENT_3D('',#1316,#1317,#1318);
#1316 = CARTESIAN_POINT('',(-22.30511371454,-25.,-33.73006812764));
#1317 = DIRECTION('',(0.,1.,-2.22044604925E-16));
#1318 = DIRECTION('',(1.,0.,0.));
#1319 = ORIENTED_EDGE('',*,*,#1305,.F.);
#1320 = CYLINDRICAL_SURFACE('',#1321,3.5);
#1321 = AXIS2_PLACEMENT_3D('',#1322,#1323,#1324);
#1322 = CARTESIAN_POINT('',(-22.30511371454,-7.489579651497E-15,
    -33.73006812764));
#1323 = DIRECTION('',(0.,1.,-2.22044604925E-16));
#1324 = DIRECTION('',(1.,0.,0.));
#1325 = ADVANCED_FACE('',(#1326),#1345,.T.);
#1326 = FACE_BOUND('',#1327,.F.);
#1327 = EDGE_LOOP('',(#1328,#1336,#1337,#1338));
#1328 = ORIENTED_EDGE('',*,*,#1329,.F.);
#1329 = EDGE_CURVE('',#567,#1330,#1332,.T.);
#1330 = VERTEX_POINT('',#1331);
#1331 = CARTESIAN_POINT('',(-47.43150083832,-19.59,-12.00017128663));
#1332 = LINE('',#1333,#1334);
#1333 = CARTESIAN_POINT('',(-47.43150083832,-23.6,-12.00017128663));
#1334 = VECTOR('',#1335,1.);
#1335 = DIRECTION('',(0.,1.,-2.22044604925E-16));
#1336 = ORIENTED_EDGE('',*,*,#566,.F.);
#1337 = ORIENTED_EDGE('',*,*,#1329,.T.);
#1338 = ORIENTED_EDGE('',*,*,#1339,.F.);
#1339 = EDGE_CURVE('',#1330,#1330,#1340,.T.);
#1340 = CIRCLE('',#1341,3.206243908376);
#1341 = AXIS2_PLACEMENT_3D('',#1342,#1343,#1344);
#1342 = CARTESIAN_POINT('',(-44.22525692994,-19.59,-12.00017128663));
#1343 = DIRECTION('',(0.,-1.,2.22044604925E-16));
#1344 = DIRECTION('',(-1.,0.,0.));
#1345 = CYLINDRICAL_SURFACE('',#1346,3.206243908376);
#1346 = AXIS2_PLACEMENT_3D('',#1347,#1348,#1349);
#1347 = CARTESIAN_POINT('',(-44.22525692994,-23.6,-12.00017128663));
#1348 = DIRECTION('',(0.,-1.,2.22044604925E-16));
#1349 = DIRECTION('',(-1.,0.,0.));
#1350 = ADVANCED_FACE('',(#1351),#1370,.T.);
#1351 = FACE_BOUND('',#1352,.F.);
#1352 = EDGE_LOOP('',(#1353,#1361,#1362,#1363));
#1353 = ORIENTED_EDGE('',*,*,#1354,.F.);
#1354 = EDGE_CURVE('',#578,#1355,#1357,.T.);
#1355 = VERTEX_POINT('',#1356);
#1356 = CARTESIAN_POINT('',(-47.43150083832,-19.59,36.539828713367));
#1357 = LINE('',#1358,#1359);
#1358 = CARTESIAN_POINT('',(-47.43150083832,-23.6,36.539828713367));
#1359 = VECTOR('',#1360,1.);
#1360 = DIRECTION('',(0.,1.,-2.22044604925E-16));
#1361 = ORIENTED_EDGE('',*,*,#577,.F.);
#1362 = ORIENTED_EDGE('',*,*,#1354,.T.);
#1363 = ORIENTED_EDGE('',*,*,#1364,.F.);
#1364 = EDGE_CURVE('',#1355,#1355,#1365,.T.);
#1365 = CIRCLE('',#1366,3.206243908376);
#1366 = AXIS2_PLACEMENT_3D('',#1367,#1368,#1369);
#1367 = CARTESIAN_POINT('',(-44.22525692994,-19.59,36.539828713367));
#1368 = DIRECTION('',(0.,-1.,2.22044604925E-16));
#1369 = DIRECTION('',(-1.,0.,0.));
#1370 = CYLINDRICAL_SURFACE('',#1371,3.206243908376);
#1371 = AXIS2_PLACEMENT_3D('',#1372,#1373,#1374);
#1372 = CARTESIAN_POINT('',(-44.22525692994,-23.6,36.539828713367));
#1373 = DIRECTION('',(0.,-1.,2.22044604925E-16));
#1374 = DIRECTION('',(-1.,0.,0.));
#1375 = ADVANCED_FACE('',(#1376),#1395,.T.);
#1376 = FACE_BOUND('',#1377,.F.);
#1377 = EDGE_LOOP('',(#1378,#1386,#1387,#1388));
#1378 = ORIENTED_EDGE('',*,*,#1379,.F.);
#1379 = EDGE_CURVE('',#589,#1380,#1382,.T.);
#1380 = VERTEX_POINT('',#1381);
#1381 = CARTESIAN_POINT('',(-45.852534,-7.6,44.081666));
#1382 = LINE('',#1383,#1384);
#1383 = CARTESIAN_POINT('',(-45.852534,-23.6,44.081666));
#1384 = VECTOR('',#1385,1.);
#1385 = DIRECTION('',(0.,1.,-2.22044604925E-16));
#1386 = ORIENTED_EDGE('',*,*,#588,.F.);
#1387 = ORIENTED_EDGE('',*,*,#1379,.T.);
#1388 = ORIENTED_EDGE('',*,*,#1389,.F.);
#1389 = EDGE_CURVE('',#1380,#1380,#1390,.T.);
#1390 = CIRCLE('',#1391,3.5);
#1391 = AXIS2_PLACEMENT_3D('',#1392,#1393,#1394);
#1392 = CARTESIAN_POINT('',(-42.352534,-7.6,44.081666));
#1393 = DIRECTION('',(0.,-1.,2.22044604925E-16));
#1394 = DIRECTION('',(-1.,0.,0.));
#1395 = CYLINDRICAL_SURFACE('',#1396,3.5);
#1396 = AXIS2_PLACEMENT_3D('',#1397,#1398,#1399);
#1397 = CARTESIAN_POINT('',(-42.352534,-23.6,44.081666));
#1398 = DIRECTION('',(0.,-1.,2.22044604925E-16));
#1399 = DIRECTION('',(-1.,0.,0.));
#1400 = ADVANCED_FACE('',(#1401),#1426,.T.);
#1401 = FACE_BOUND('',#1402,.T.);
#1402 = EDGE_LOOP('',(#1403,#1404,#1412,#1420));
#1403 = ORIENTED_EDGE('',*,*,#599,.F.);
#1404 = ORIENTED_EDGE('',*,*,#1405,.T.);
#1405 = EDGE_CURVE('',#600,#1406,#1408,.T.);
#1406 = VERTEX_POINT('',#1407);
#1407 = CARTESIAN_POINT('',(-36.31525692994,-25.,-12.21017128663));
#1408 = LINE('',#1409,#1410);
#1409 = CARTESIAN_POINT('',(-36.31525692994,-23.6,-12.21017128663));
#1410 = VECTOR('',#1411,1.);
#1411 = DIRECTION('',(0.,-1.,2.22044604925E-16));
#1412 = ORIENTED_EDGE('',*,*,#1413,.T.);
#1413 = EDGE_CURVE('',#1406,#1414,#1416,.T.);
#1414 = VERTEX_POINT('',#1415);
#1415 = CARTESIAN_POINT('',(37.124743070051,-25.,-12.21017128663));
#1416 = LINE('',#1417,#1418);
#1417 = CARTESIAN_POINT('',(-18.15762846497,-25.,-12.21017128663));
#1418 = VECTOR('',#1419,1.);
#1419 = DIRECTION('',(1.,0.,0.));
#1420 = ORIENTED_EDGE('',*,*,#1421,.F.);
#1421 = EDGE_CURVE('',#602,#1414,#1422,.T.);
#1422 = LINE('',#1423,#1424);
#1423 = CARTESIAN_POINT('',(37.124743070051,-23.6,-12.21017128663));
#1424 = VECTOR('',#1425,1.);
#1425 = DIRECTION('',(0.,-1.,2.22044604925E-16));
#1426 = PLANE('',#1427);
#1427 = AXIS2_PLACEMENT_3D('',#1428,#1429,#1430);
#1428 = CARTESIAN_POINT('',(-36.31525692994,-23.6,-12.21017128663));
#1429 = DIRECTION('',(0.,2.22044604925E-16,1.));
#1430 = DIRECTION('',(1.,0.,0.));
#1431 = ADVANCED_FACE('',(#1432),#1450,.T.);
#1432 = FACE_BOUND('',#1433,.T.);
#1433 = EDGE_LOOP('',(#1434,#1435,#1443,#1449));
#1434 = ORIENTED_EDGE('',*,*,#625,.F.);
#1435 = ORIENTED_EDGE('',*,*,#1436,.T.);
#1436 = EDGE_CURVE('',#618,#1437,#1439,.T.);
#1437 = VERTEX_POINT('',#1438);
#1438 = CARTESIAN_POINT('',(-36.31525692994,-25.,36.749828713367));
#1439 = LINE('',#1440,#1441);
#1440 = CARTESIAN_POINT('',(-36.31525692994,-23.6,36.749828713367));
#1441 = VECTOR('',#1442,1.);
#1442 = DIRECTION('',(0.,-1.,2.22044604925E-16));
#1443 = ORIENTED_EDGE('',*,*,#1444,.T.);
#1444 = EDGE_CURVE('',#1437,#1406,#1445,.T.);
#1445 = LINE('',#1446,#1447);
#1446 = CARTESIAN_POINT('',(-36.31525692994,-25.,18.374914356683));
#1447 = VECTOR('',#1448,1.);
#1448 = DIRECTION('',(0.,0.,-1.));
#1449 = ORIENTED_EDGE('',*,*,#1405,.F.);
#1450 = PLANE('',#1451);
#1451 = AXIS2_PLACEMENT_3D('',#1452,#1453,#1454);
#1452 = CARTESIAN_POINT('',(-36.31525692994,-23.6,36.749828713367));
#1453 = DIRECTION('',(1.,0.,0.));
#1454 = DIRECTION('',(0.,-2.22044604925E-16,-1.));
#1455 = ADVANCED_FACE('',(#1456),#1474,.T.);
#1456 = FACE_BOUND('',#1457,.T.);
#1457 = EDGE_LOOP('',(#1458,#1459,#1460,#1468));
#1458 = ORIENTED_EDGE('',*,*,#609,.F.);
#1459 = ORIENTED_EDGE('',*,*,#1421,.T.);
#1460 = ORIENTED_EDGE('',*,*,#1461,.T.);
#1461 = EDGE_CURVE('',#1414,#1462,#1464,.T.);
#1462 = VERTEX_POINT('',#1463);
#1463 = CARTESIAN_POINT('',(37.124743070051,-25.,36.749828713367));
#1464 = LINE('',#1465,#1466);
#1465 = CARTESIAN_POINT('',(37.124743070051,-25.,-6.105085643317));
#1466 = VECTOR('',#1467,1.);
#1467 = DIRECTION('',(0.,0.,1.));
#1468 = ORIENTED_EDGE('',*,*,#1469,.F.);
#1469 = EDGE_CURVE('',#610,#1462,#1470,.T.);
#1470 = LINE('',#1471,#1472);
#1471 = CARTESIAN_POINT('',(37.124743070051,-23.6,36.749828713367));
#1472 = VECTOR('',#1473,1.);
#1473 = DIRECTION('',(0.,-1.,2.22044604925E-16));
#1474 = PLANE('',#1475);
#1475 = AXIS2_PLACEMENT_3D('',#1476,#1477,#1478);
#1476 = CARTESIAN_POINT('',(37.124743070051,-23.6,-12.21017128663));
#1477 = DIRECTION('',(-1.,0.,0.));
#1478 = DIRECTION('',(0.,2.22044604925E-16,1.));
#1479 = ADVANCED_FACE('',(#1480),#1491,.T.);
#1480 = FACE_BOUND('',#1481,.T.);
#1481 = EDGE_LOOP('',(#1482,#1483,#1484,#1490));
#1482 = ORIENTED_EDGE('',*,*,#617,.F.);
#1483 = ORIENTED_EDGE('',*,*,#1469,.T.);
#1484 = ORIENTED_EDGE('',*,*,#1485,.T.);
#1485 = EDGE_CURVE('',#1462,#1437,#1486,.T.);
#1486 = LINE('',#1487,#1488);
#1487 = CARTESIAN_POINT('',(18.562371535025,-25.,36.749828713367));
#1488 = VECTOR('',#1489,1.);
#1489 = DIRECTION('',(-1.,0.,0.));
#1490 = ORIENTED_EDGE('',*,*,#1436,.F.);
#1491 = PLANE('',#1492);
#1492 = AXIS2_PLACEMENT_3D('',#1493,#1494,#1495);
#1493 = CARTESIAN_POINT('',(37.124743070051,-23.6,36.749828713367));
#1494 = DIRECTION('',(-0.,-2.22044604925E-16,-1.));
#1495 = DIRECTION('',(-1.,0.,0.));
#1496 = ADVANCED_FACE('',(#1497),#1516,.F.);
#1497 = FACE_BOUND('',#1498,.T.);
#1498 = EDGE_LOOP('',(#1499,#1500,#1508,#1515));
#1499 = ORIENTED_EDGE('',*,*,#633,.T.);
#1500 = ORIENTED_EDGE('',*,*,#1501,.T.);
#1501 = EDGE_CURVE('',#634,#1502,#1504,.T.);
#1502 = VERTEX_POINT('',#1503);
#1503 = CARTESIAN_POINT('',(10.375057627097,-25.,-33.73006812764));
#1504 = LINE('',#1505,#1506);
#1505 = CARTESIAN_POINT('',(10.375057627097,-7.489579651497E-15,
    -33.73006812764));
#1506 = VECTOR('',#1507,1.);
#1507 = DIRECTION('',(0.,-1.,2.22044604925E-16));
#1508 = ORIENTED_EDGE('',*,*,#1509,.F.);
#1509 = EDGE_CURVE('',#1502,#1502,#1510,.T.);
#1510 = CIRCLE('',#1511,3.5);
#1511 = AXIS2_PLACEMENT_3D('',#1512,#1513,#1514);
#1512 = CARTESIAN_POINT('',(6.875057627097,-25.,-33.73006812764));
#1513 = DIRECTION('',(0.,1.,-2.22044604925E-16));
#1514 = DIRECTION('',(1.,0.,0.));
#1515 = ORIENTED_EDGE('',*,*,#1501,.F.);
#1516 = CYLINDRICAL_SURFACE('',#1517,3.5);
#1517 = AXIS2_PLACEMENT_3D('',#1518,#1519,#1520);
#1518 = CARTESIAN_POINT('',(6.875057627097,-7.489579651497E-15,
    -33.73006812764));
#1519 = DIRECTION('',(0.,1.,-2.22044604925E-16));
#1520 = DIRECTION('',(1.,0.,0.));
#1521 = ADVANCED_FACE('',(#1522),#1541,.F.);
#1522 = FACE_BOUND('',#1523,.T.);
#1523 = EDGE_LOOP('',(#1524,#1525,#1533,#1540));
#1524 = ORIENTED_EDGE('',*,*,#644,.T.);
#1525 = ORIENTED_EDGE('',*,*,#1526,.T.);
#1526 = EDGE_CURVE('',#645,#1527,#1529,.T.);
#1527 = VERTEX_POINT('',#1528);
#1528 = CARTESIAN_POINT('',(21.910019638821,-25.,-45.26503013936));
#1529 = LINE('',#1530,#1531);
#1530 = CARTESIAN_POINT('',(21.910019638821,-1.005085573422E-14,
    -45.26503013936));
#1531 = VECTOR('',#1532,1.);
#1532 = DIRECTION('',(0.,-1.,2.22044604925E-16));
#1533 = ORIENTED_EDGE('',*,*,#1534,.F.);
#1534 = EDGE_CURVE('',#1527,#1527,#1535,.T.);
#1535 = CIRCLE('',#1536,3.5);
#1536 = AXIS2_PLACEMENT_3D('',#1537,#1538,#1539);
#1537 = CARTESIAN_POINT('',(18.410019638821,-25.,-45.26503013936));
#1538 = DIRECTION('',(0.,1.,-2.22044604925E-16));
#1539 = DIRECTION('',(1.,0.,0.));
#1540 = ORIENTED_EDGE('',*,*,#1526,.F.);
#1541 = CYLINDRICAL_SURFACE('',#1542,3.5);
#1542 = AXIS2_PLACEMENT_3D('',#1543,#1544,#1545);
#1543 = CARTESIAN_POINT('',(18.410019638821,-1.005085573422E-14,
    -45.26503013936));
#1544 = DIRECTION('',(0.,1.,-2.22044604925E-16));
#1545 = DIRECTION('',(1.,0.,0.));
#1546 = ADVANCED_FACE('',(#1547),#1566,.F.);
#1547 = FACE_BOUND('',#1548,.T.);
#1548 = EDGE_LOOP('',(#1549,#1550,#1558,#1565));
#1549 = ORIENTED_EDGE('',*,*,#655,.T.);
#1550 = ORIENTED_EDGE('',*,*,#1551,.T.);
#1551 = EDGE_CURVE('',#656,#1552,#1554,.T.);
#1552 = VERTEX_POINT('',#1553);
#1553 = CARTESIAN_POINT('',(21.910019638821,-25.,-22.19510611591));
#1554 = LINE('',#1555,#1556);
#1555 = CARTESIAN_POINT('',(21.910019638821,-4.928303568778E-15,
    -22.19510611591));
#1556 = VECTOR('',#1557,1.);
#1557 = DIRECTION('',(0.,-1.,2.22044604925E-16));
#1558 = ORIENTED_EDGE('',*,*,#1559,.F.);
#1559 = EDGE_CURVE('',#1552,#1552,#1560,.T.);
#1560 = CIRCLE('',#1561,3.5);
#1561 = AXIS2_PLACEMENT_3D('',#1562,#1563,#1564);
#1562 = CARTESIAN_POINT('',(18.410019638821,-25.,-22.19510611591));
#1563 = DIRECTION('',(0.,1.,-2.22044604925E-16));
#1564 = DIRECTION('',(1.,0.,0.));
#1565 = ORIENTED_EDGE('',*,*,#1551,.F.);
#1566 = CYLINDRICAL_SURFACE('',#1567,3.5);
#1567 = AXIS2_PLACEMENT_3D('',#1568,#1569,#1570);
#1568 = CARTESIAN_POINT('',(18.410019638821,-4.928303568778E-15,
    -22.19510611591));
#1569 = DIRECTION('',(0.,1.,-2.22044604925E-16));
#1570 = DIRECTION('',(1.,0.,0.));
#1571 = ADVANCED_FACE('',(#1572),#1591,.F.);
#1572 = FACE_BOUND('',#1573,.T.);
#1573 = EDGE_LOOP('',(#1574,#1575,#1583,#1590));
#1574 = ORIENTED_EDGE('',*,*,#666,.T.);
#1575 = ORIENTED_EDGE('',*,*,#1576,.T.);
#1576 = EDGE_CURVE('',#667,#1577,#1579,.T.);
#1577 = VERTEX_POINT('',#1578);
#1578 = CARTESIAN_POINT('',(33.444981650545,-25.,-33.73006812764));
#1579 = LINE('',#1580,#1581);
#1580 = CARTESIAN_POINT('',(33.444981650545,-7.489579651497E-15,
    -33.73006812764));
#1581 = VECTOR('',#1582,1.);
#1582 = DIRECTION('',(0.,-1.,2.22044604925E-16));
#1583 = ORIENTED_EDGE('',*,*,#1584,.F.);
#1584 = EDGE_CURVE('',#1577,#1577,#1585,.T.);
#1585 = CIRCLE('',#1586,3.5);
#1586 = AXIS2_PLACEMENT_3D('',#1587,#1588,#1589);
#1587 = CARTESIAN_POINT('',(29.944981650545,-25.,-33.73006812764));
#1588 = DIRECTION('',(0.,1.,-2.22044604925E-16));
#1589 = DIRECTION('',(1.,0.,0.));
#1590 = ORIENTED_EDGE('',*,*,#1576,.F.);
#1591 = CYLINDRICAL_SURFACE('',#1592,3.5);
#1592 = AXIS2_PLACEMENT_3D('',#1593,#1594,#1595);
#1593 = CARTESIAN_POINT('',(29.944981650545,-7.489579651497E-15,
    -33.73006812764));
#1594 = DIRECTION('',(0.,1.,-2.22044604925E-16));
#1595 = DIRECTION('',(1.,0.,0.));
#1596 = ADVANCED_FACE('',(#1597),#1616,.T.);
#1597 = FACE_BOUND('',#1598,.F.);
#1598 = EDGE_LOOP('',(#1599,#1607,#1608,#1609));
#1599 = ORIENTED_EDGE('',*,*,#1600,.F.);
#1600 = EDGE_CURVE('',#678,#1601,#1603,.T.);
#1601 = VERTEX_POINT('',#1602);
#1602 = CARTESIAN_POINT('',(38.475466,-7.6,-30.391134));
#1603 = LINE('',#1604,#1605);
#1604 = CARTESIAN_POINT('',(38.475466,-23.6,-30.391134));
#1605 = VECTOR('',#1606,1.);
#1606 = DIRECTION('',(0.,1.,-2.22044604925E-16));
#1607 = ORIENTED_EDGE('',*,*,#677,.F.);
#1608 = ORIENTED_EDGE('',*,*,#1600,.T.);
#1609 = ORIENTED_EDGE('',*,*,#1610,.F.);
#1610 = EDGE_CURVE('',#1601,#1601,#1611,.T.);
#1611 = CIRCLE('',#1612,3.5);
#1612 = AXIS2_PLACEMENT_3D('',#1613,#1614,#1615);
#1613 = CARTESIAN_POINT('',(41.975466,-7.6,-30.391134));
#1614 = DIRECTION('',(0.,-1.,2.22044604925E-16));
#1615 = DIRECTION('',(-1.,0.,0.));
#1616 = CYLINDRICAL_SURFACE('',#1617,3.5);
#1617 = AXIS2_PLACEMENT_3D('',#1618,#1619,#1620);
#1618 = CARTESIAN_POINT('',(41.975466,-23.6,-30.391134));
#1619 = DIRECTION('',(0.,-1.,2.22044604925E-16));
#1620 = DIRECTION('',(-1.,0.,0.));
#1621 = ADVANCED_FACE('',(#1622),#1641,.T.);
#1622 = FACE_BOUND('',#1623,.F.);
#1623 = EDGE_LOOP('',(#1624,#1632,#1633,#1634));
#1624 = ORIENTED_EDGE('',*,*,#1625,.F.);
#1625 = EDGE_CURVE('',#689,#1626,#1628,.T.);
#1626 = VERTEX_POINT('',#1627);
#1627 = CARTESIAN_POINT('',(46.668499161674,-19.59,-12.00017128663));
#1628 = LINE('',#1629,#1630);
#1629 = CARTESIAN_POINT('',(46.668499161674,-23.6,-12.00017128663));
#1630 = VECTOR('',#1631,1.);
#1631 = DIRECTION('',(0.,1.,-2.22044604925E-16));
#1632 = ORIENTED_EDGE('',*,*,#688,.F.);
#1633 = ORIENTED_EDGE('',*,*,#1625,.T.);
#1634 = ORIENTED_EDGE('',*,*,#1635,.F.);
#1635 = EDGE_CURVE('',#1626,#1626,#1636,.T.);
#1636 = CIRCLE('',#1637,3.206243908376);
#1637 = AXIS2_PLACEMENT_3D('',#1638,#1639,#1640);
#1638 = CARTESIAN_POINT('',(49.874743070051,-19.59,-12.00017128663));
#1639 = DIRECTION('',(0.,-1.,2.22044604925E-16));
#1640 = DIRECTION('',(-1.,0.,0.));
#1641 = CYLINDRICAL_SURFACE('',#1642,3.206243908376);
#1642 = AXIS2_PLACEMENT_3D('',#1643,#1644,#1645);
#1643 = CARTESIAN_POINT('',(49.874743070051,-23.6,-12.00017128663));
#1644 = DIRECTION('',(0.,-1.,2.22044604925E-16));
#1645 = DIRECTION('',(-1.,0.,0.));
#1646 = ADVANCED_FACE('',(#1647),#1666,.T.);
#1647 = FACE_BOUND('',#1648,.F.);
#1648 = EDGE_LOOP('',(#1649,#1657,#1658,#1659));
#1649 = ORIENTED_EDGE('',*,*,#1650,.F.);
#1650 = EDGE_CURVE('',#700,#1651,#1653,.T.);
#1651 = VERTEX_POINT('',#1652);
#1652 = CARTESIAN_POINT('',(46.668499161674,-19.59,36.539828713367));
#1653 = LINE('',#1654,#1655);
#1654 = CARTESIAN_POINT('',(46.668499161674,-23.6,36.539828713367));
#1655 = VECTOR('',#1656,1.);
#1656 = DIRECTION('',(0.,1.,-2.22044604925E-16));
#1657 = ORIENTED_EDGE('',*,*,#699,.F.);
#1658 = ORIENTED_EDGE('',*,*,#1650,.T.);
#1659 = ORIENTED_EDGE('',*,*,#1660,.F.);
#1660 = EDGE_CURVE('',#1651,#1651,#1661,.T.);
#1661 = CIRCLE('',#1662,3.206243908376);
#1662 = AXIS2_PLACEMENT_3D('',#1663,#1664,#1665);
#1663 = CARTESIAN_POINT('',(49.874743070051,-19.59,36.539828713367));
#1664 = DIRECTION('',(0.,-1.,2.22044604925E-16));
#1665 = DIRECTION('',(-1.,0.,0.));
#1666 = CYLINDRICAL_SURFACE('',#1667,3.206243908376);
#1667 = AXIS2_PLACEMENT_3D('',#1668,#1669,#1670);
#1668 = CARTESIAN_POINT('',(49.874743070051,-23.6,36.539828713367));
#1669 = DIRECTION('',(0.,-1.,2.22044604925E-16));
#1670 = DIRECTION('',(-1.,0.,0.));
#1671 = ADVANCED_FACE('',(#1672),#1691,.T.);
#1672 = FACE_BOUND('',#1673,.F.);
#1673 = EDGE_LOOP('',(#1674,#1682,#1683,#1684));
#1674 = ORIENTED_EDGE('',*,*,#1675,.F.);
#1675 = EDGE_CURVE('',#711,#1676,#1678,.T.);
#1676 = VERTEX_POINT('',#1677);
#1677 = CARTESIAN_POINT('',(39.262866,-7.6,45.377066));
#1678 = LINE('',#1679,#1680);
#1679 = CARTESIAN_POINT('',(39.262866,-23.6,45.377066));
#1680 = VECTOR('',#1681,1.);
#1681 = DIRECTION('',(0.,1.,-2.22044604925E-16));
#1682 = ORIENTED_EDGE('',*,*,#710,.F.);
#1683 = ORIENTED_EDGE('',*,*,#1675,.T.);
#1684 = ORIENTED_EDGE('',*,*,#1685,.F.);
#1685 = EDGE_CURVE('',#1676,#1676,#1686,.T.);
#1686 = CIRCLE('',#1687,3.5);
#1687 = AXIS2_PLACEMENT_3D('',#1688,#1689,#1690);
#1688 = CARTESIAN_POINT('',(42.762866,-7.6,45.377066));
#1689 = DIRECTION('',(0.,-1.,2.22044604925E-16));
#1690 = DIRECTION('',(-1.,0.,0.));
#1691 = CYLINDRICAL_SURFACE('',#1692,3.5);
#1692 = AXIS2_PLACEMENT_3D('',#1693,#1694,#1695);
#1693 = CARTESIAN_POINT('',(42.762866,-23.6,45.377066));
#1694 = DIRECTION('',(0.,-1.,2.22044604925E-16));
#1695 = DIRECTION('',(-1.,0.,0.));
#1696 = ADVANCED_FACE('',(#1697),#1722,.T.);
#1697 = FACE_BOUND('',#1698,.F.);
#1698 = EDGE_LOOP('',(#1699,#1707,#1715,#1721));
#1699 = ORIENTED_EDGE('',*,*,#1700,.F.);
#1700 = EDGE_CURVE('',#1701,#759,#1703,.T.);
#1701 = VERTEX_POINT('',#1702);
#1702 = CARTESIAN_POINT('',(-61.5,-25.,42.5));
#1703 = LINE('',#1704,#1705);
#1704 = CARTESIAN_POINT('',(-62.5,-24.,42.5));
#1705 = VECTOR('',#1706,1.);
#1706 = DIRECTION('',(-0.707106781187,0.707106781187,4.329780281177E-17)
  );
#1707 = ORIENTED_EDGE('',*,*,#1708,.T.);
#1708 = EDGE_CURVE('',#1701,#1709,#1711,.T.);
#1709 = VERTEX_POINT('',#1710);
#1710 = CARTESIAN_POINT('',(-61.5,-25.,-42.5));
#1711 = LINE('',#1712,#1713);
#1712 = CARTESIAN_POINT('',(-61.5,-25.,42.5));
#1713 = VECTOR('',#1714,1.);
#1714 = DIRECTION('',(0.,-2.22044604925E-16,-1.));
#1715 = ORIENTED_EDGE('',*,*,#1716,.T.);
#1716 = EDGE_CURVE('',#1709,#767,#1717,.T.);
#1717 = LINE('',#1718,#1719);
#1718 = CARTESIAN_POINT('',(-62.,-24.5,-42.5));
#1719 = VECTOR('',#1720,1.);
#1720 = DIRECTION('',(-0.707106781187,0.707106781187,-1.570092458684E-16
    ));
#1721 = ORIENTED_EDGE('',*,*,#766,.F.);
#1722 = PLANE('',#1723);
#1723 = AXIS2_PLACEMENT_3D('',#1724,#1725,#1726);
#1724 = CARTESIAN_POINT('',(-62.,-24.5,42.5));
#1725 = DIRECTION('',(-0.707106781187,-0.707106781187,0.));
#1726 = DIRECTION('',(-1.110223024625E-16,1.110223024625E-16,1.));
#1727 = ADVANCED_FACE('',(#1728),#1747,.T.);
#1728 = FACE_BOUND('',#1729,.F.);
#1729 = EDGE_LOOP('',(#1730,#1738,#1745,#1746));
#1730 = ORIENTED_EDGE('',*,*,#1731,.F.);
#1731 = EDGE_CURVE('',#1732,#790,#1734,.T.);
#1732 = VERTEX_POINT('',#1733);
#1733 = CARTESIAN_POINT('',(-52.5,-25.,51.5));
#1734 = LINE('',#1735,#1736);
#1735 = CARTESIAN_POINT('',(-52.5,-24.5,52.));
#1736 = VECTOR('',#1737,1.);
#1737 = DIRECTION('',(0.,0.707106781187,0.707106781187));
#1738 = ORIENTED_EDGE('',*,*,#1739,.T.);
#1739 = EDGE_CURVE('',#1732,#1701,#1740,.T.);
#1740 = CIRCLE('',#1741,9.);
#1741 = AXIS2_PLACEMENT_3D('',#1742,#1743,#1744);
#1742 = CARTESIAN_POINT('',(-52.5,-25.,42.5));
#1743 = DIRECTION('',(0.,-1.,0.));
#1744 = DIRECTION('',(0.,0.,1.));
#1745 = ORIENTED_EDGE('',*,*,#1700,.T.);
#1746 = ORIENTED_EDGE('',*,*,#797,.F.);
#1747 = CONICAL_SURFACE('',#1748,10.,0.785398163397);
#1748 = AXIS2_PLACEMENT_3D('',#1749,#1750,#1751);
#1749 = CARTESIAN_POINT('',(-52.5,-24.,42.5));
#1750 = DIRECTION('',(0.,1.,0.));
#1751 = DIRECTION('',(0.,0.,1.));
#1752 = ADVANCED_FACE('',(#1753),#1772,.T.);
#1753 = FACE_BOUND('',#1754,.F.);
#1754 = EDGE_LOOP('',(#1755,#1756,#1765,#1771));
#1755 = ORIENTED_EDGE('',*,*,#1716,.F.);
#1756 = ORIENTED_EDGE('',*,*,#1757,.T.);
#1757 = EDGE_CURVE('',#1709,#1758,#1760,.T.);
#1758 = VERTEX_POINT('',#1759);
#1759 = CARTESIAN_POINT('',(-52.5,-25.,-51.5));
#1760 = CIRCLE('',#1761,9.);
#1761 = AXIS2_PLACEMENT_3D('',#1762,#1763,#1764);
#1762 = CARTESIAN_POINT('',(-52.5,-25.,-42.5));
#1763 = DIRECTION('',(-0.,-1.,0.));
#1764 = DIRECTION('',(-1.,0.,7.105427357601E-16));
#1765 = ORIENTED_EDGE('',*,*,#1766,.T.);
#1766 = EDGE_CURVE('',#1758,#816,#1767,.T.);
#1767 = LINE('',#1768,#1769);
#1768 = CARTESIAN_POINT('',(-52.5,-24.,-52.5));
#1769 = VECTOR('',#1770,1.);
#1770 = DIRECTION('',(-5.457273895906E-16,0.707106781187,-0.707106781187
    ));
#1771 = ORIENTED_EDGE('',*,*,#815,.F.);
#1772 = CONICAL_SURFACE('',#1773,10.,0.785398163397);
#1773 = AXIS2_PLACEMENT_3D('',#1774,#1775,#1776);
#1774 = CARTESIAN_POINT('',(-52.5,-24.,-42.5));
#1775 = DIRECTION('',(0.,1.,0.));
#1776 = DIRECTION('',(-1.,0.,7.105427357601E-16));
#1777 = ADVANCED_FACE('',(#1778),#1796,.T.);
#1778 = FACE_BOUND('',#1779,.F.);
#1779 = EDGE_LOOP('',(#1780,#1788,#1794,#1795));
#1780 = ORIENTED_EDGE('',*,*,#1781,.F.);
#1781 = EDGE_CURVE('',#1782,#840,#1784,.T.);
#1782 = VERTEX_POINT('',#1783);
#1783 = CARTESIAN_POINT('',(52.500000000001,-25.,51.5));
#1784 = LINE('',#1785,#1786);
#1785 = CARTESIAN_POINT('',(52.500000000001,-24.5,52.));
#1786 = VECTOR('',#1787,1.);
#1787 = DIRECTION('',(0.,0.707106781187,0.707106781187));
#1788 = ORIENTED_EDGE('',*,*,#1789,.T.);
#1789 = EDGE_CURVE('',#1782,#1732,#1790,.T.);
#1790 = LINE('',#1791,#1792);
#1791 = CARTESIAN_POINT('',(52.500000000001,-25.,51.5));
#1792 = VECTOR('',#1793,1.);
#1793 = DIRECTION('',(-1.,0.,0.));
#1794 = ORIENTED_EDGE('',*,*,#1731,.T.);
#1795 = ORIENTED_EDGE('',*,*,#847,.F.);
#1796 = PLANE('',#1797);
#1797 = AXIS2_PLACEMENT_3D('',#1798,#1799,#1800);
#1798 = CARTESIAN_POINT('',(52.500000000001,-24.5,52.));
#1799 = DIRECTION('',(0.,-0.707106781187,0.707106781187));
#1800 = DIRECTION('',(1.,0.,0.));
#1801 = ADVANCED_FACE('',(#1802),#1820,.T.);
#1802 = FACE_BOUND('',#1803,.F.);
#1803 = EDGE_LOOP('',(#1804,#1805,#1813,#1819));
#1804 = ORIENTED_EDGE('',*,*,#1766,.F.);
#1805 = ORIENTED_EDGE('',*,*,#1806,.T.);
#1806 = EDGE_CURVE('',#1758,#1807,#1809,.T.);
#1807 = VERTEX_POINT('',#1808);
#1808 = CARTESIAN_POINT('',(52.500000000001,-25.,-51.5));
#1809 = LINE('',#1810,#1811);
#1810 = CARTESIAN_POINT('',(-52.5,-25.,-51.5));
#1811 = VECTOR('',#1812,1.);
#1812 = DIRECTION('',(1.,0.,0.));
#1813 = ORIENTED_EDGE('',*,*,#1814,.T.);
#1814 = EDGE_CURVE('',#1807,#865,#1815,.T.);
#1815 = LINE('',#1816,#1817);
#1816 = CARTESIAN_POINT('',(52.500000000001,-24.5,-52.));
#1817 = VECTOR('',#1818,1.);
#1818 = DIRECTION('',(0.,0.707106781187,-0.707106781187));
#1819 = ORIENTED_EDGE('',*,*,#864,.F.);
#1820 = PLANE('',#1821);
#1821 = AXIS2_PLACEMENT_3D('',#1822,#1823,#1824);
#1822 = CARTESIAN_POINT('',(-52.5,-24.5,-52.));
#1823 = DIRECTION('',(0.,-0.707106781187,-0.707106781187));
#1824 = DIRECTION('',(-1.,-0.,-0.));
#1825 = ADVANCED_FACE('',(#1826),#1845,.T.);
#1826 = FACE_BOUND('',#1827,.F.);
#1827 = EDGE_LOOP('',(#1828,#1836,#1843,#1844));
#1828 = ORIENTED_EDGE('',*,*,#1829,.F.);
#1829 = EDGE_CURVE('',#1830,#888,#1832,.T.);
#1830 = VERTEX_POINT('',#1831);
#1831 = CARTESIAN_POINT('',(61.5,-25.,42.5));
#1832 = LINE('',#1833,#1834);
#1833 = CARTESIAN_POINT('',(62.,-24.5,42.5));
#1834 = VECTOR('',#1835,1.);
#1835 = DIRECTION('',(0.707106781187,0.707106781187,-1.570092458684E-16)
  );
#1836 = ORIENTED_EDGE('',*,*,#1837,.T.);
#1837 = EDGE_CURVE('',#1830,#1782,#1838,.T.);
#1838 = CIRCLE('',#1839,9.);
#1839 = AXIS2_PLACEMENT_3D('',#1840,#1841,#1842);
#1840 = CARTESIAN_POINT('',(52.5,-25.,42.5));
#1841 = DIRECTION('',(0.,-1.,0.));
#1842 = DIRECTION('',(1.,0.,7.105427357601E-16));
#1843 = ORIENTED_EDGE('',*,*,#1781,.T.);
#1844 = ORIENTED_EDGE('',*,*,#895,.F.);
#1845 = CONICAL_SURFACE('',#1846,10.,0.785398163397);
#1846 = AXIS2_PLACEMENT_3D('',#1847,#1848,#1849);
#1847 = CARTESIAN_POINT('',(52.5,-24.,42.5));
#1848 = DIRECTION('',(0.,1.,0.));
#1849 = DIRECTION('',(1.,0.,7.105427357601E-16));
#1850 = ADVANCED_FACE('',(#1851),#1870,.T.);
#1851 = FACE_BOUND('',#1852,.F.);
#1852 = EDGE_LOOP('',(#1853,#1854,#1863,#1869));
#1853 = ORIENTED_EDGE('',*,*,#1814,.F.);
#1854 = ORIENTED_EDGE('',*,*,#1855,.T.);
#1855 = EDGE_CURVE('',#1807,#1856,#1858,.T.);
#1856 = VERTEX_POINT('',#1857);
#1857 = CARTESIAN_POINT('',(61.5,-25.,-42.5));
#1858 = CIRCLE('',#1859,9.);
#1859 = AXIS2_PLACEMENT_3D('',#1860,#1861,#1862);
#1860 = CARTESIAN_POINT('',(52.5,-25.,-42.5));
#1861 = DIRECTION('',(0.,-1.,0.));
#1862 = DIRECTION('',(1.357136625302E-13,0.,-1.));
#1863 = ORIENTED_EDGE('',*,*,#1864,.T.);
#1864 = EDGE_CURVE('',#1856,#914,#1865,.T.);
#1865 = LINE('',#1866,#1867);
#1866 = CARTESIAN_POINT('',(62.5,-24.,-42.5));
#1867 = VECTOR('',#1868,1.);
#1868 = DIRECTION('',(0.707106781187,0.707106781187,4.591317839671E-16)
  );
#1869 = ORIENTED_EDGE('',*,*,#913,.F.);
#1870 = CONICAL_SURFACE('',#1871,10.,0.785398163397);
#1871 = AXIS2_PLACEMENT_3D('',#1872,#1873,#1874);
#1872 = CARTESIAN_POINT('',(52.5,-24.,-42.5));
#1873 = DIRECTION('',(0.,1.,0.));
#1874 = DIRECTION('',(1.357136625302E-13,0.,-1.));
#1875 = ADVANCED_FACE('',(#1876),#1887,.T.);
#1876 = FACE_BOUND('',#1877,.F.);
#1877 = EDGE_LOOP('',(#1878,#1879,#1885,#1886));
#1878 = ORIENTED_EDGE('',*,*,#1864,.F.);
#1879 = ORIENTED_EDGE('',*,*,#1880,.T.);
#1880 = EDGE_CURVE('',#1856,#1830,#1881,.T.);
#1881 = LINE('',#1882,#1883);
#1882 = CARTESIAN_POINT('',(61.5,-25.,-42.5));
#1883 = VECTOR('',#1884,1.);
#1884 = DIRECTION('',(0.,2.22044604925E-16,1.));
#1885 = ORIENTED_EDGE('',*,*,#1829,.T.);
#1886 = ORIENTED_EDGE('',*,*,#938,.F.);
#1887 = PLANE('',#1888);
#1888 = AXIS2_PLACEMENT_3D('',#1889,#1890,#1891);
#1889 = CARTESIAN_POINT('',(62.,-24.5,-42.5));
#1890 = DIRECTION('',(0.707106781187,-0.707106781187,0.));
#1891 = DIRECTION('',(-1.110223024625E-16,-1.110223024625E-16,-1.));
#1892 = ADVANCED_FACE('',(#1893),#1896,.T.);
#1893 = FACE_BOUND('',#1894,.T.);
#1894 = EDGE_LOOP('',(#1895));
#1895 = ORIENTED_EDGE('',*,*,#964,.T.);
#1896 = PLANE('',#1897);
#1897 = AXIS2_PLACEMENT_3D('',#1898,#1899,#1900);
#1898 = CARTESIAN_POINT('',(-52.5,-15.,-42.5));
#1899 = DIRECTION('',(0.,1.,0.));
#1900 = DIRECTION('',(1.,0.,0.));
#1901 = ADVANCED_FACE('',(#1902),#1905,.T.);
#1902 = FACE_BOUND('',#1903,.T.);
#1903 = EDGE_LOOP('',(#1904));
#1904 = ORIENTED_EDGE('',*,*,#989,.T.);
#1905 = PLANE('',#1906);
#1906 = AXIS2_PLACEMENT_3D('',#1907,#1908,#1909);
#1907 = CARTESIAN_POINT('',(52.5,-15.,-42.5));
#1908 = DIRECTION('',(0.,1.,0.));
#1909 = DIRECTION('',(1.,0.,0.));
#1910 = ADVANCED_FACE('',(#1911,#1915),#1926,.T.);
#1911 = FACE_BOUND('',#1912,.T.);
#1912 = EDGE_LOOP('',(#1913,#1914));
#1913 = ORIENTED_EDGE('',*,*,#1192,.F.);
#1914 = ORIENTED_EDGE('',*,*,#1185,.F.);
#1915 = FACE_BOUND('',#1916,.T.);
#1916 = EDGE_LOOP('',(#1917));
#1917 = ORIENTED_EDGE('',*,*,#1918,.F.);
#1918 = EDGE_CURVE('',#1919,#1919,#1921,.T.);
#1919 = VERTEX_POINT('',#1920);
#1920 = CARTESIAN_POINT('',(-55.85,9.436895709314E-15,42.5));
#1921 = CIRCLE('',#1922,1.25);
#1922 = AXIS2_PLACEMENT_3D('',#1923,#1924,#1925);
#1923 = CARTESIAN_POINT('',(-57.1,9.436895709314E-15,42.5));
#1924 = DIRECTION('',(-0.,1.,0.));
#1925 = DIRECTION('',(1.,0.,0.));
#1926 = PLANE('',#1927);
#1927 = AXIS2_PLACEMENT_3D('',#1928,#1929,#1930);
#1928 = CARTESIAN_POINT('',(-4.332752937704E-13,-4.331675537378E-15,
    -19.50813233602));
#1929 = DIRECTION('',(0.,1.,0.));
#1930 = DIRECTION('',(0.,0.,1.));
#1931 = ADVANCED_FACE('',(#1932,#1935),#1946,.T.);
#1932 = FACE_BOUND('',#1933,.T.);
#1933 = EDGE_LOOP('',(#1934));
#1934 = ORIENTED_EDGE('',*,*,#1260,.F.);
#1935 = FACE_BOUND('',#1936,.T.);
#1936 = EDGE_LOOP('',(#1937));
#1937 = ORIENTED_EDGE('',*,*,#1938,.F.);
#1938 = EDGE_CURVE('',#1939,#1939,#1941,.T.);
#1939 = VERTEX_POINT('',#1940);
#1940 = CARTESIAN_POINT('',(58.35,9.436895709314E-15,42.5));
#1941 = CIRCLE('',#1942,1.25);
#1942 = AXIS2_PLACEMENT_3D('',#1943,#1944,#1945);
#1943 = CARTESIAN_POINT('',(57.1,9.436895709314E-15,42.5));
#1944 = DIRECTION('',(-0.,1.,0.));
#1945 = DIRECTION('',(1.,0.,0.));
#1946 = PLANE('',#1947);
#1947 = AXIS2_PLACEMENT_3D('',#1948,#1949,#1950);
#1948 = CARTESIAN_POINT('',(-4.332752937704E-13,-4.331675537378E-15,
    -19.50813233602));
#1949 = DIRECTION('',(0.,1.,0.));
#1950 = DIRECTION('',(0.,0.,1.));
#1951 = ADVANCED_FACE('',(#1952,#1955),#1966,.F.);
#1952 = FACE_BOUND('',#1953,.F.);
#1953 = EDGE_LOOP('',(#1954));
#1954 = ORIENTED_EDGE('',*,*,#1289,.T.);
#1955 = FACE_BOUND('',#1956,.F.);
#1956 = EDGE_LOOP('',(#1957));
#1957 = ORIENTED_EDGE('',*,*,#1958,.T.);
#1958 = EDGE_CURVE('',#1959,#1959,#1961,.T.);
#1959 = VERTEX_POINT('',#1960);
#1960 = CARTESIAN_POINT('',(-40.975534,-7.6,-30.010134));
#1961 = CIRCLE('',#1962,1.25);
#1962 = AXIS2_PLACEMENT_3D('',#1963,#1964,#1965);
#1963 = CARTESIAN_POINT('',(-42.225534,-7.6,-30.010134));
#1964 = DIRECTION('',(2.540718180781E-33,1.,-2.22044604925E-16));
#1965 = DIRECTION('',(1.,-2.540718180781E-33,0.));
#1966 = PLANE('',#1967);
#1967 = AXIS2_PLACEMENT_3D('',#1968,#1969,#1970);
#1968 = CARTESIAN_POINT('',(0.197099819615,-7.6,7.027699837048));
#1969 = DIRECTION('',(-2.540718180781E-33,-1.,2.22044604925E-16));
#1970 = DIRECTION('',(1.,2.465190328816E-32,1.224646799147E-16));
#1971 = ADVANCED_FACE('',(#1972,#1982,#1985,#1988,#1991,#1994,#1997),
  #2003,.F.);
#1972 = FACE_BOUND('',#1973,.F.);
#1973 = EDGE_LOOP('',(#1974,#1975,#1976,#1977,#1978,#1979,#1980,#1981));
#1974 = ORIENTED_EDGE('',*,*,#1789,.F.);
#1975 = ORIENTED_EDGE('',*,*,#1837,.F.);
#1976 = ORIENTED_EDGE('',*,*,#1880,.F.);
#1977 = ORIENTED_EDGE('',*,*,#1855,.F.);
#1978 = ORIENTED_EDGE('',*,*,#1806,.F.);
#1979 = ORIENTED_EDGE('',*,*,#1757,.F.);
#1980 = ORIENTED_EDGE('',*,*,#1708,.F.);
#1981 = ORIENTED_EDGE('',*,*,#1739,.F.);
#1982 = FACE_BOUND('',#1983,.F.);
#1983 = EDGE_LOOP('',(#1984));
#1984 = ORIENTED_EDGE('',*,*,#1313,.F.);
#1985 = FACE_BOUND('',#1986,.F.);
#1986 = EDGE_LOOP('',(#1987));
#1987 = ORIENTED_EDGE('',*,*,#1509,.F.);
#1988 = FACE_BOUND('',#1989,.F.);
#1989 = EDGE_LOOP('',(#1990));
#1990 = ORIENTED_EDGE('',*,*,#1534,.F.);
#1991 = FACE_BOUND('',#1992,.F.);
#1992 = EDGE_LOOP('',(#1993));
#1993 = ORIENTED_EDGE('',*,*,#1559,.F.);
#1994 = FACE_BOUND('',#1995,.F.);
#1995 = EDGE_LOOP('',(#1996));
#1996 = ORIENTED_EDGE('',*,*,#1584,.F.);
#1997 = FACE_BOUND('',#1998,.F.);
#1998 = EDGE_LOOP('',(#1999,#2000,#2001,#2002));
#1999 = ORIENTED_EDGE('',*,*,#1413,.T.);
#2000 = ORIENTED_EDGE('',*,*,#1461,.T.);
#2001 = ORIENTED_EDGE('',*,*,#1485,.T.);
#2002 = ORIENTED_EDGE('',*,*,#1444,.T.);
#2003 = PLANE('',#2004);
#2004 = AXIS2_PLACEMENT_3D('',#2005,#2006,#2007);
#2005 = CARTESIAN_POINT('',(-2.204994559794E-14,-25.,-5.635587499586E-14
    ));
#2006 = DIRECTION('',(0.,1.,0.));
#2007 = DIRECTION('',(0.,0.,1.));
#2008 = ADVANCED_FACE('',(#2009,#2012),#2023,.F.);
#2009 = FACE_BOUND('',#2010,.F.);
#2010 = EDGE_LOOP('',(#2011));
#2011 = ORIENTED_EDGE('',*,*,#1339,.T.);
#2012 = FACE_BOUND('',#2013,.F.);
#2013 = EDGE_LOOP('',(#2014));
#2014 = ORIENTED_EDGE('',*,*,#2015,.T.);
#2015 = EDGE_CURVE('',#2016,#2016,#2018,.T.);
#2016 = VERTEX_POINT('',#2017);
#2017 = CARTESIAN_POINT('',(-42.97525692994,-19.59,-12.00017128663));
#2018 = CIRCLE('',#2019,1.25);
#2019 = AXIS2_PLACEMENT_3D('',#2020,#2021,#2022);
#2020 = CARTESIAN_POINT('',(-44.22525692994,-19.59,-12.00017128663));
#2021 = DIRECTION('',(-0.,1.,2.22044604925E-16));
#2022 = DIRECTION('',(1.,0.,0.));
#2023 = PLANE('',#2024);
#2024 = AXIS2_PLACEMENT_3D('',#2025,#2026,#2027);
#2025 = CARTESIAN_POINT('',(2.824743070051,-19.59,12.269828713367));
#2026 = DIRECTION('',(0.,-1.,-2.22044604925E-16));
#2027 = DIRECTION('',(-1.,0.,0.));
#2028 = ADVANCED_FACE('',(#2029,#2032),#2043,.F.);
#2029 = FACE_BOUND('',#2030,.F.);
#2030 = EDGE_LOOP('',(#2031));
#2031 = ORIENTED_EDGE('',*,*,#1364,.T.);
#2032 = FACE_BOUND('',#2033,.F.);
#2033 = EDGE_LOOP('',(#2034));
#2034 = ORIENTED_EDGE('',*,*,#2035,.T.);
#2035 = EDGE_CURVE('',#2036,#2036,#2038,.T.);
#2036 = VERTEX_POINT('',#2037);
#2037 = CARTESIAN_POINT('',(-42.97525692994,-19.59,36.539828713367));
#2038 = CIRCLE('',#2039,1.25);
#2039 = AXIS2_PLACEMENT_3D('',#2040,#2041,#2042);
#2040 = CARTESIAN_POINT('',(-44.22525692994,-19.59,36.539828713367));
#2041 = DIRECTION('',(-0.,1.,2.22044604925E-16));
#2042 = DIRECTION('',(1.,0.,0.));
#2043 = PLANE('',#2044);
#2044 = AXIS2_PLACEMENT_3D('',#2045,#2046,#2047);
#2045 = CARTESIAN_POINT('',(2.824743070051,-19.59,12.269828713367));
#2046 = DIRECTION('',(0.,-1.,-2.22044604925E-16));
#2047 = DIRECTION('',(-1.,0.,0.));
#2048 = ADVANCED_FACE('',(#2049,#2052),#2063,.F.);
#2049 = FACE_BOUND('',#2050,.F.);
#2050 = EDGE_LOOP('',(#2051));
#2051 = ORIENTED_EDGE('',*,*,#1389,.T.);
#2052 = FACE_BOUND('',#2053,.F.);
#2053 = EDGE_LOOP('',(#2054));
#2054 = ORIENTED_EDGE('',*,*,#2055,.T.);
#2055 = EDGE_CURVE('',#2056,#2056,#2058,.T.);
#2056 = VERTEX_POINT('',#2057);
#2057 = CARTESIAN_POINT('',(-41.102534,-7.6,44.081666));
#2058 = CIRCLE('',#2059,1.25);
#2059 = AXIS2_PLACEMENT_3D('',#2060,#2061,#2062);
#2060 = CARTESIAN_POINT('',(-42.352534,-7.6,44.081666));
#2061 = DIRECTION('',(2.540718180781E-33,1.,-2.22044604925E-16));
#2062 = DIRECTION('',(1.,-2.540718180781E-33,0.));
#2063 = PLANE('',#2064);
#2064 = AXIS2_PLACEMENT_3D('',#2065,#2066,#2067);
#2065 = CARTESIAN_POINT('',(0.197099819615,-7.6,7.027699837048));
#2066 = DIRECTION('',(-2.540718180781E-33,-1.,2.22044604925E-16));
#2067 = DIRECTION('',(1.,2.465190328816E-32,1.224646799147E-16));
#2068 = ADVANCED_FACE('',(#2069,#2072),#2083,.F.);
#2069 = FACE_BOUND('',#2070,.F.);
#2070 = EDGE_LOOP('',(#2071));
#2071 = ORIENTED_EDGE('',*,*,#1610,.T.);
#2072 = FACE_BOUND('',#2073,.F.);
#2073 = EDGE_LOOP('',(#2074));
#2074 = ORIENTED_EDGE('',*,*,#2075,.T.);
#2075 = EDGE_CURVE('',#2076,#2076,#2078,.T.);
#2076 = VERTEX_POINT('',#2077);
#2077 = CARTESIAN_POINT('',(43.225466,-7.6,-30.391134));
#2078 = CIRCLE('',#2079,1.25);
#2079 = AXIS2_PLACEMENT_3D('',#2080,#2081,#2082);
#2080 = CARTESIAN_POINT('',(41.975466,-7.6,-30.391134));
#2081 = DIRECTION('',(2.540718180781E-33,1.,-2.22044604925E-16));
#2082 = DIRECTION('',(1.,-2.540718180781E-33,0.));
#2083 = PLANE('',#2084);
#2084 = AXIS2_PLACEMENT_3D('',#2085,#2086,#2087);
#2085 = CARTESIAN_POINT('',(0.197099819615,-7.6,7.027699837048));
#2086 = DIRECTION('',(-2.540718180781E-33,-1.,2.22044604925E-16));
#2087 = DIRECTION('',(1.,2.465190328816E-32,1.224646799147E-16));
#2088 = ADVANCED_FACE('',(#2089,#2092),#2103,.F.);
#2089 = FACE_BOUND('',#2090,.F.);
#2090 = EDGE_LOOP('',(#2091));
#2091 = ORIENTED_EDGE('',*,*,#1635,.T.);
#2092 = FACE_BOUND('',#2093,.F.);
#2093 = EDGE_LOOP('',(#2094));
#2094 = ORIENTED_EDGE('',*,*,#2095,.T.);
#2095 = EDGE_CURVE('',#2096,#2096,#2098,.T.);
#2096 = VERTEX_POINT('',#2097);
#2097 = CARTESIAN_POINT('',(51.124743070051,-19.59,-12.00017128663));
#2098 = CIRCLE('',#2099,1.25);
#2099 = AXIS2_PLACEMENT_3D('',#2100,#2101,#2102);
#2100 = CARTESIAN_POINT('',(49.874743070051,-19.59,-12.00017128663));
#2101 = DIRECTION('',(-0.,1.,2.22044604925E-16));
#2102 = DIRECTION('',(1.,0.,0.));
#2103 = PLANE('',#2104);
#2104 = AXIS2_PLACEMENT_3D('',#2105,#2106,#2107);
#2105 = CARTESIAN_POINT('',(2.824743070051,-19.59,12.269828713367));
#2106 = DIRECTION('',(0.,-1.,-2.22044604925E-16));
#2107 = DIRECTION('',(-1.,0.,0.));
#2108 = ADVANCED_FACE('',(#2109,#2112),#2123,.F.);
#2109 = FACE_BOUND('',#2110,.F.);
#2110 = EDGE_LOOP('',(#2111));
#2111 = ORIENTED_EDGE('',*,*,#1660,.T.);
#2112 = FACE_BOUND('',#2113,.F.);
#2113 = EDGE_LOOP('',(#2114));
#2114 = ORIENTED_EDGE('',*,*,#2115,.T.);
#2115 = EDGE_CURVE('',#2116,#2116,#2118,.T.);
#2116 = VERTEX_POINT('',#2117);
#2117 = CARTESIAN_POINT('',(51.124743070051,-19.59,36.539828713367));
#2118 = CIRCLE('',#2119,1.25);
#2119 = AXIS2_PLACEMENT_3D('',#2120,#2121,#2122);
#2120 = CARTESIAN_POINT('',(49.874743070051,-19.59,36.539828713367));
#2121 = DIRECTION('',(-0.,1.,2.22044604925E-16));
#2122 = DIRECTION('',(1.,0.,0.));
#2123 = PLANE('',#2124);
#2124 = AXIS2_PLACEMENT_3D('',#2125,#2126,#2127);
#2125 = CARTESIAN_POINT('',(2.824743070051,-19.59,12.269828713367));
#2126 = DIRECTION('',(0.,-1.,-2.22044604925E-16));
#2127 = DIRECTION('',(-1.,0.,0.));
#2128 = ADVANCED_FACE('',(#2129,#2132),#2143,.F.);
#2129 = FACE_BOUND('',#2130,.F.);
#2130 = EDGE_LOOP('',(#2131));
#2131 = ORIENTED_EDGE('',*,*,#1685,.T.);
#2132 = FACE_BOUND('',#2133,.F.);
#2133 = EDGE_LOOP('',(#2134));
#2134 = ORIENTED_EDGE('',*,*,#2135,.T.);
#2135 = EDGE_CURVE('',#2136,#2136,#2138,.T.);
#2136 = VERTEX_POINT('',#2137);
#2137 = CARTESIAN_POINT('',(44.012866,-7.6,45.377066));
#2138 = CIRCLE('',#2139,1.25);
#2139 = AXIS2_PLACEMENT_3D('',#2140,#2141,#2142);
#2140 = CARTESIAN_POINT('',(42.762866,-7.6,45.377066));
#2141 = DIRECTION('',(2.540718180781E-33,1.,-2.22044604925E-16));
#2142 = DIRECTION('',(1.,-2.540718180781E-33,0.));
#2143 = PLANE('',#2144);
#2144 = AXIS2_PLACEMENT_3D('',#2145,#2146,#2147);
#2145 = CARTESIAN_POINT('',(0.197099819615,-7.6,7.027699837048));
#2146 = DIRECTION('',(-2.540718180781E-33,-1.,2.22044604925E-16));
#2147 = DIRECTION('',(1.,2.465190328816E-32,1.224646799147E-16));
#2148 = ADVANCED_FACE('',(#2149),#2168,.F.);
#2149 = FACE_BOUND('',#2150,.T.);
#2150 = EDGE_LOOP('',(#2151,#2159,#2160,#2161));
#2151 = ORIENTED_EDGE('',*,*,#2152,.F.);
#2152 = EDGE_CURVE('',#1919,#2153,#2155,.T.);
#2153 = VERTEX_POINT('',#2154);
#2154 = CARTESIAN_POINT('',(-55.85,-15.,42.5));
#2155 = LINE('',#2156,#2157);
#2156 = CARTESIAN_POINT('',(-55.85,9.436895709314E-15,42.5));
#2157 = VECTOR('',#2158,1.);
#2158 = DIRECTION('',(-5.921189464668E-17,-1.,0.));
#2159 = ORIENTED_EDGE('',*,*,#1918,.T.);
#2160 = ORIENTED_EDGE('',*,*,#2152,.T.);
#2161 = ORIENTED_EDGE('',*,*,#2162,.F.);
#2162 = EDGE_CURVE('',#2153,#2153,#2163,.T.);
#2163 = CIRCLE('',#2164,1.25);
#2164 = AXIS2_PLACEMENT_3D('',#2165,#2166,#2167);
#2165 = CARTESIAN_POINT('',(-57.1,-15.,42.5));
#2166 = DIRECTION('',(-0.,1.,0.));
#2167 = DIRECTION('',(1.,0.,0.));
#2168 = CYLINDRICAL_SURFACE('',#2169,1.25);
#2169 = AXIS2_PLACEMENT_3D('',#2170,#2171,#2172);
#2170 = CARTESIAN_POINT('',(-57.1,9.436895709314E-15,42.5));
#2171 = DIRECTION('',(-0.,-1.,-0.));
#2172 = DIRECTION('',(1.,0.,0.));
#2173 = ADVANCED_FACE('',(#2174),#2193,.F.);
#2174 = FACE_BOUND('',#2175,.T.);
#2175 = EDGE_LOOP('',(#2176,#2184,#2185,#2186));
#2176 = ORIENTED_EDGE('',*,*,#2177,.F.);
#2177 = EDGE_CURVE('',#1939,#2178,#2180,.T.);
#2178 = VERTEX_POINT('',#2179);
#2179 = CARTESIAN_POINT('',(58.35,-15.,42.5));
#2180 = LINE('',#2181,#2182);
#2181 = CARTESIAN_POINT('',(58.35,9.436895709314E-15,42.5));
#2182 = VECTOR('',#2183,1.);
#2183 = DIRECTION('',(-5.921189464668E-17,-1.,0.));
#2184 = ORIENTED_EDGE('',*,*,#1938,.T.);
#2185 = ORIENTED_EDGE('',*,*,#2177,.T.);
#2186 = ORIENTED_EDGE('',*,*,#2187,.F.);
#2187 = EDGE_CURVE('',#2178,#2178,#2188,.T.);
#2188 = CIRCLE('',#2189,1.25);
#2189 = AXIS2_PLACEMENT_3D('',#2190,#2191,#2192);
#2190 = CARTESIAN_POINT('',(57.1,-15.,42.5));
#2191 = DIRECTION('',(-0.,1.,0.));
#2192 = DIRECTION('',(1.,0.,0.));
#2193 = CYLINDRICAL_SURFACE('',#2194,1.25);
#2194 = AXIS2_PLACEMENT_3D('',#2195,#2196,#2197);
#2195 = CARTESIAN_POINT('',(57.1,9.436895709314E-15,42.5));
#2196 = DIRECTION('',(-0.,-1.,-0.));
#2197 = DIRECTION('',(1.,0.,0.));
#2198 = ADVANCED_FACE('',(#2199),#2218,.F.);
#2199 = FACE_BOUND('',#2200,.T.);
#2200 = EDGE_LOOP('',(#2201,#2209,#2210,#2211));
#2201 = ORIENTED_EDGE('',*,*,#2202,.F.);
#2202 = EDGE_CURVE('',#1959,#2203,#2205,.T.);
#2203 = VERTEX_POINT('',#2204);
#2204 = CARTESIAN_POINT('',(-40.975534,-12.6,-30.010134));
#2205 = LINE('',#2206,#2207);
#2206 = CARTESIAN_POINT('',(-40.975534,-7.6,-30.010134));
#2207 = VECTOR('',#2208,1.);
#2208 = DIRECTION('',(-4.440892098501E-17,-1.,2.22044604925E-16));
#2209 = ORIENTED_EDGE('',*,*,#1958,.T.);
#2210 = ORIENTED_EDGE('',*,*,#2202,.T.);
#2211 = ORIENTED_EDGE('',*,*,#2212,.F.);
#2212 = EDGE_CURVE('',#2203,#2203,#2213,.T.);
#2213 = CIRCLE('',#2214,1.25);
#2214 = AXIS2_PLACEMENT_3D('',#2215,#2216,#2217);
#2215 = CARTESIAN_POINT('',(-42.225534,-12.6,-30.010134));
#2216 = DIRECTION('',(2.540718180781E-33,1.,-2.22044604925E-16));
#2217 = DIRECTION('',(1.,-2.540718180781E-33,5.641527646774E-49));
#2218 = CYLINDRICAL_SURFACE('',#2219,1.25);
#2219 = AXIS2_PLACEMENT_3D('',#2220,#2221,#2222);
#2220 = CARTESIAN_POINT('',(-42.225534,-7.6,-30.010134));
#2221 = DIRECTION('',(-2.540718180781E-33,-1.,2.22044604925E-16));
#2222 = DIRECTION('',(1.,-2.540718180781E-33,0.));
#2223 = ADVANCED_FACE('',(#2224),#2243,.F.);
#2224 = FACE_BOUND('',#2225,.T.);
#2225 = EDGE_LOOP('',(#2226,#2234,#2235,#2236));
#2226 = ORIENTED_EDGE('',*,*,#2227,.F.);
#2227 = EDGE_CURVE('',#2016,#2228,#2230,.T.);
#2228 = VERTEX_POINT('',#2229);
#2229 = CARTESIAN_POINT('',(-42.97525692994,-23.59,-12.00017128663));
#2230 = LINE('',#2231,#2232);
#2231 = CARTESIAN_POINT('',(-42.97525692994,-19.59,-12.00017128663));
#2232 = VECTOR('',#2233,1.);
#2233 = DIRECTION('',(-5.551115123126E-17,-1.,-2.22044604925E-16));
#2234 = ORIENTED_EDGE('',*,*,#2015,.T.);
#2235 = ORIENTED_EDGE('',*,*,#2227,.T.);
#2236 = ORIENTED_EDGE('',*,*,#2237,.F.);
#2237 = EDGE_CURVE('',#2228,#2228,#2238,.T.);
#2238 = CIRCLE('',#2239,1.25);
#2239 = AXIS2_PLACEMENT_3D('',#2240,#2241,#2242);
#2240 = CARTESIAN_POINT('',(-44.22525692994,-23.59,-12.00017128663));
#2241 = DIRECTION('',(-0.,1.,2.22044604925E-16));
#2242 = DIRECTION('',(1.,0.,0.));
#2243 = CYLINDRICAL_SURFACE('',#2244,1.25);
#2244 = AXIS2_PLACEMENT_3D('',#2245,#2246,#2247);
#2245 = CARTESIAN_POINT('',(-44.22525692994,-19.59,-12.00017128663));
#2246 = DIRECTION('',(-0.,-1.,-2.22044604925E-16));
#2247 = DIRECTION('',(1.,0.,0.));
#2248 = ADVANCED_FACE('',(#2249),#2268,.F.);
#2249 = FACE_BOUND('',#2250,.T.);
#2250 = EDGE_LOOP('',(#2251,#2259,#2260,#2261));
#2251 = ORIENTED_EDGE('',*,*,#2252,.F.);
#2252 = EDGE_CURVE('',#2036,#2253,#2255,.T.);
#2253 = VERTEX_POINT('',#2254);
#2254 = CARTESIAN_POINT('',(-42.97525692994,-23.59,36.539828713367));
#2255 = LINE('',#2256,#2257);
#2256 = CARTESIAN_POINT('',(-42.97525692994,-19.59,36.539828713367));
#2257 = VECTOR('',#2258,1.);
#2258 = DIRECTION('',(-5.551115123126E-17,-1.,-2.22044604925E-16));
#2259 = ORIENTED_EDGE('',*,*,#2035,.T.);
#2260 = ORIENTED_EDGE('',*,*,#2252,.T.);
#2261 = ORIENTED_EDGE('',*,*,#2262,.F.);
#2262 = EDGE_CURVE('',#2253,#2253,#2263,.T.);
#2263 = CIRCLE('',#2264,1.25);
#2264 = AXIS2_PLACEMENT_3D('',#2265,#2266,#2267);
#2265 = CARTESIAN_POINT('',(-44.22525692994,-23.59,36.539828713367));
#2266 = DIRECTION('',(-0.,1.,2.22044604925E-16));
#2267 = DIRECTION('',(1.,0.,0.));
#2268 = CYLINDRICAL_SURFACE('',#2269,1.25);
#2269 = AXIS2_PLACEMENT_3D('',#2270,#2271,#2272);
#2270 = CARTESIAN_POINT('',(-44.22525692994,-19.59,36.539828713367));
#2271 = DIRECTION('',(-0.,-1.,-2.22044604925E-16));
#2272 = DIRECTION('',(1.,0.,0.));
#2273 = ADVANCED_FACE('',(#2274),#2293,.F.);
#2274 = FACE_BOUND('',#2275,.T.);
#2275 = EDGE_LOOP('',(#2276,#2284,#2285,#2286));
#2276 = ORIENTED_EDGE('',*,*,#2277,.F.);
#2277 = EDGE_CURVE('',#2056,#2278,#2280,.T.);
#2278 = VERTEX_POINT('',#2279);
#2279 = CARTESIAN_POINT('',(-41.102534,-12.6,44.081666));
#2280 = LINE('',#2281,#2282);
#2281 = CARTESIAN_POINT('',(-41.102534,-7.6,44.081666));
#2282 = VECTOR('',#2283,1.);
#2283 = DIRECTION('',(-4.440892098501E-17,-1.,2.22044604925E-16));
#2284 = ORIENTED_EDGE('',*,*,#2055,.T.);
#2285 = ORIENTED_EDGE('',*,*,#2277,.T.);
#2286 = ORIENTED_EDGE('',*,*,#2287,.F.);
#2287 = EDGE_CURVE('',#2278,#2278,#2288,.T.);
#2288 = CIRCLE('',#2289,1.25);
#2289 = AXIS2_PLACEMENT_3D('',#2290,#2291,#2292);
#2290 = CARTESIAN_POINT('',(-42.352534,-12.6,44.081666));
#2291 = DIRECTION('',(2.540718180781E-33,1.,-2.22044604925E-16));
#2292 = DIRECTION('',(1.,-2.540718180781E-33,5.641527646774E-49));
#2293 = CYLINDRICAL_SURFACE('',#2294,1.25);
#2294 = AXIS2_PLACEMENT_3D('',#2295,#2296,#2297);
#2295 = CARTESIAN_POINT('',(-42.352534,-7.6,44.081666));
#2296 = DIRECTION('',(-2.540718180781E-33,-1.,2.22044604925E-16));
#2297 = DIRECTION('',(1.,-2.540718180781E-33,0.));
#2298 = ADVANCED_FACE('',(#2299),#2318,.F.);
#2299 = FACE_BOUND('',#2300,.T.);
#2300 = EDGE_LOOP('',(#2301,#2309,#2310,#2311));
#2301 = ORIENTED_EDGE('',*,*,#2302,.F.);
#2302 = EDGE_CURVE('',#2076,#2303,#2305,.T.);
#2303 = VERTEX_POINT('',#2304);
#2304 = CARTESIAN_POINT('',(43.225466,-12.6,-30.391134));
#2305 = LINE('',#2306,#2307);
#2306 = CARTESIAN_POINT('',(43.225466,-7.6,-30.391134));
#2307 = VECTOR('',#2308,1.);
#2308 = DIRECTION('',(-4.440892098501E-17,-1.,2.22044604925E-16));
#2309 = ORIENTED_EDGE('',*,*,#2075,.T.);
#2310 = ORIENTED_EDGE('',*,*,#2302,.T.);
#2311 = ORIENTED_EDGE('',*,*,#2312,.F.);
#2312 = EDGE_CURVE('',#2303,#2303,#2313,.T.);
#2313 = CIRCLE('',#2314,1.25);
#2314 = AXIS2_PLACEMENT_3D('',#2315,#2316,#2317);
#2315 = CARTESIAN_POINT('',(41.975466,-12.6,-30.391134));
#2316 = DIRECTION('',(2.540718180781E-33,1.,-2.22044604925E-16));
#2317 = DIRECTION('',(1.,-2.540718180781E-33,5.641527646774E-49));
#2318 = CYLINDRICAL_SURFACE('',#2319,1.25);
#2319 = AXIS2_PLACEMENT_3D('',#2320,#2321,#2322);
#2320 = CARTESIAN_POINT('',(41.975466,-7.6,-30.391134));
#2321 = DIRECTION('',(-2.540718180781E-33,-1.,2.22044604925E-16));
#2322 = DIRECTION('',(1.,-2.540718180781E-33,0.));
#2323 = ADVANCED_FACE('',(#2324),#2343,.F.);
#2324 = FACE_BOUND('',#2325,.T.);
#2325 = EDGE_LOOP('',(#2326,#2334,#2335,#2336));
#2326 = ORIENTED_EDGE('',*,*,#2327,.F.);
#2327 = EDGE_CURVE('',#2096,#2328,#2330,.T.);
#2328 = VERTEX_POINT('',#2329);
#2329 = CARTESIAN_POINT('',(51.124743070051,-23.59,-12.00017128663));
#2330 = LINE('',#2331,#2332);
#2331 = CARTESIAN_POINT('',(51.124743070051,-19.59,-12.00017128663));
#2332 = VECTOR('',#2333,1.);
#2333 = DIRECTION('',(-5.551115123126E-17,-1.,-2.22044604925E-16));
#2334 = ORIENTED_EDGE('',*,*,#2095,.T.);
#2335 = ORIENTED_EDGE('',*,*,#2327,.T.);
#2336 = ORIENTED_EDGE('',*,*,#2337,.F.);
#2337 = EDGE_CURVE('',#2328,#2328,#2338,.T.);
#2338 = CIRCLE('',#2339,1.25);
#2339 = AXIS2_PLACEMENT_3D('',#2340,#2341,#2342);
#2340 = CARTESIAN_POINT('',(49.874743070051,-23.59,-12.00017128663));
#2341 = DIRECTION('',(-0.,1.,2.22044604925E-16));
#2342 = DIRECTION('',(1.,0.,0.));
#2343 = CYLINDRICAL_SURFACE('',#2344,1.25);
#2344 = AXIS2_PLACEMENT_3D('',#2345,#2346,#2347);
#2345 = CARTESIAN_POINT('',(49.874743070051,-19.59,-12.00017128663));
#2346 = DIRECTION('',(-0.,-1.,-2.22044604925E-16));
#2347 = DIRECTION('',(1.,0.,0.));
#2348 = ADVANCED_FACE('',(#2349),#2368,.F.);
#2349 = FACE_BOUND('',#2350,.T.);
#2350 = EDGE_LOOP('',(#2351,#2359,#2360,#2361));
#2351 = ORIENTED_EDGE('',*,*,#2352,.F.);
#2352 = EDGE_CURVE('',#2116,#2353,#2355,.T.);
#2353 = VERTEX_POINT('',#2354);
#2354 = CARTESIAN_POINT('',(51.124743070051,-23.59,36.539828713367));
#2355 = LINE('',#2356,#2357);
#2356 = CARTESIAN_POINT('',(51.124743070051,-19.59,36.539828713367));
#2357 = VECTOR('',#2358,1.);
#2358 = DIRECTION('',(-5.551115123126E-17,-1.,-2.22044604925E-16));
#2359 = ORIENTED_EDGE('',*,*,#2115,.T.);
#2360 = ORIENTED_EDGE('',*,*,#2352,.T.);
#2361 = ORIENTED_EDGE('',*,*,#2362,.F.);
#2362 = EDGE_CURVE('',#2353,#2353,#2363,.T.);
#2363 = CIRCLE('',#2364,1.25);
#2364 = AXIS2_PLACEMENT_3D('',#2365,#2366,#2367);
#2365 = CARTESIAN_POINT('',(49.874743070051,-23.59,36.539828713367));
#2366 = DIRECTION('',(-0.,1.,2.22044604925E-16));
#2367 = DIRECTION('',(1.,0.,0.));
#2368 = CYLINDRICAL_SURFACE('',#2369,1.25);
#2369 = AXIS2_PLACEMENT_3D('',#2370,#2371,#2372);
#2370 = CARTESIAN_POINT('',(49.874743070051,-19.59,36.539828713367));
#2371 = DIRECTION('',(-0.,-1.,-2.22044604925E-16));
#2372 = DIRECTION('',(1.,0.,0.));
#2373 = ADVANCED_FACE('',(#2374),#2393,.F.);
#2374 = FACE_BOUND('',#2375,.T.);
#2375 = EDGE_LOOP('',(#2376,#2384,#2385,#2386));
#2376 = ORIENTED_EDGE('',*,*,#2377,.F.);
#2377 = EDGE_CURVE('',#2136,#2378,#2380,.T.);
#2378 = VERTEX_POINT('',#2379);
#2379 = CARTESIAN_POINT('',(44.012866,-12.6,45.377066));
#2380 = LINE('',#2381,#2382);
#2381 = CARTESIAN_POINT('',(44.012866,-7.6,45.377066));
#2382 = VECTOR('',#2383,1.);
#2383 = DIRECTION('',(-4.440892098501E-17,-1.,2.22044604925E-16));
#2384 = ORIENTED_EDGE('',*,*,#2135,.T.);
#2385 = ORIENTED_EDGE('',*,*,#2377,.T.);
#2386 = ORIENTED_EDGE('',*,*,#2387,.F.);
#2387 = EDGE_CURVE('',#2378,#2378,#2388,.T.);
#2388 = CIRCLE('',#2389,1.25);
#2389 = AXIS2_PLACEMENT_3D('',#2390,#2391,#2392);
#2390 = CARTESIAN_POINT('',(42.762866,-12.6,45.377066));
#2391 = DIRECTION('',(2.540718180781E-33,1.,-2.22044604925E-16));
#2392 = DIRECTION('',(1.,-2.540718180781E-33,5.641527646774E-49));
#2393 = CYLINDRICAL_SURFACE('',#2394,1.25);
#2394 = AXIS2_PLACEMENT_3D('',#2395,#2396,#2397);
#2395 = CARTESIAN_POINT('',(42.762866,-7.6,45.377066));
#2396 = DIRECTION('',(-2.540718180781E-33,-1.,2.22044604925E-16));
#2397 = DIRECTION('',(1.,-2.540718180781E-33,0.));
#2398 = ADVANCED_FACE('',(#2399),#2402,.T.);
#2399 = FACE_BOUND('',#2400,.T.);
#2400 = EDGE_LOOP('',(#2401));
#2401 = ORIENTED_EDGE('',*,*,#2162,.T.);
#2402 = PLANE('',#2403);
#2403 = AXIS2_PLACEMENT_3D('',#2404,#2405,#2406);
#2404 = CARTESIAN_POINT('',(-57.1,-15.,42.5));
#2405 = DIRECTION('',(0.,1.,0.));
#2406 = DIRECTION('',(1.,0.,0.));
#2407 = ADVANCED_FACE('',(#2408),#2411,.T.);
#2408 = FACE_BOUND('',#2409,.T.);
#2409 = EDGE_LOOP('',(#2410));
#2410 = ORIENTED_EDGE('',*,*,#2187,.T.);
#2411 = PLANE('',#2412);
#2412 = AXIS2_PLACEMENT_3D('',#2413,#2414,#2415);
#2413 = CARTESIAN_POINT('',(57.1,-15.,42.5));
#2414 = DIRECTION('',(0.,1.,0.));
#2415 = DIRECTION('',(1.,0.,0.));
#2416 = ADVANCED_FACE('',(#2417),#2420,.F.);
#2417 = FACE_BOUND('',#2418,.T.);
#2418 = EDGE_LOOP('',(#2419));
#2419 = ORIENTED_EDGE('',*,*,#2212,.T.);
#2420 = PLANE('',#2421);
#2421 = AXIS2_PLACEMENT_3D('',#2422,#2423,#2424);
#2422 = CARTESIAN_POINT('',(-42.225534,-12.6,-30.010134));
#2423 = DIRECTION('',(-2.540718180781E-33,-1.,2.22044604925E-16));
#2424 = DIRECTION('',(-1.,2.540718180781E-33,-5.641527646774E-49));
#2425 = ADVANCED_FACE('',(#2426),#2429,.T.);
#2426 = FACE_BOUND('',#2427,.T.);
#2427 = EDGE_LOOP('',(#2428));
#2428 = ORIENTED_EDGE('',*,*,#2237,.T.);
#2429 = PLANE('',#2430);
#2430 = AXIS2_PLACEMENT_3D('',#2431,#2432,#2433);
#2431 = CARTESIAN_POINT('',(-44.22525692994,-23.59,-12.00017128663));
#2432 = DIRECTION('',(0.,1.,2.22044604925E-16));
#2433 = DIRECTION('',(1.,0.,0.));
#2434 = ADVANCED_FACE('',(#2435),#2438,.T.);
#2435 = FACE_BOUND('',#2436,.T.);
#2436 = EDGE_LOOP('',(#2437));
#2437 = ORIENTED_EDGE('',*,*,#2262,.T.);
#2438 = PLANE('',#2439);
#2439 = AXIS2_PLACEMENT_3D('',#2440,#2441,#2442);
#2440 = CARTESIAN_POINT('',(-44.22525692994,-23.59,36.539828713367));
#2441 = DIRECTION('',(0.,1.,2.22044604925E-16));
#2442 = DIRECTION('',(1.,0.,0.));
#2443 = ADVANCED_FACE('',(#2444),#2447,.F.);
#2444 = FACE_BOUND('',#2445,.T.);
#2445 = EDGE_LOOP('',(#2446));
#2446 = ORIENTED_EDGE('',*,*,#2287,.T.);
#2447 = PLANE('',#2448);
#2448 = AXIS2_PLACEMENT_3D('',#2449,#2450,#2451);
#2449 = CARTESIAN_POINT('',(-42.352534,-12.6,44.081666));
#2450 = DIRECTION('',(-2.540718180781E-33,-1.,2.22044604925E-16));
#2451 = DIRECTION('',(-1.,2.540718180781E-33,-5.641527646774E-49));
#2452 = ADVANCED_FACE('',(#2453),#2456,.F.);
#2453 = FACE_BOUND('',#2454,.T.);
#2454 = EDGE_LOOP('',(#2455));
#2455 = ORIENTED_EDGE('',*,*,#2312,.T.);
#2456 = PLANE('',#2457);
#2457 = AXIS2_PLACEMENT_3D('',#2458,#2459,#2460);
#2458 = CARTESIAN_POINT('',(41.975466,-12.6,-30.391134));
#2459 = DIRECTION('',(-2.540718180781E-33,-1.,2.22044604925E-16));
#2460 = DIRECTION('',(-1.,2.540718180781E-33,-5.641527646774E-49));
#2461 = ADVANCED_FACE('',(#2462),#2465,.T.);
#2462 = FACE_BOUND('',#2463,.T.);
#2463 = EDGE_LOOP('',(#2464));
#2464 = ORIENTED_EDGE('',*,*,#2337,.T.);
#2465 = PLANE('',#2466);
#2466 = AXIS2_PLACEMENT_3D('',#2467,#2468,#2469);
#2467 = CARTESIAN_POINT('',(49.874743070051,-23.59,-12.00017128663));
#2468 = DIRECTION('',(0.,1.,2.22044604925E-16));
#2469 = DIRECTION('',(1.,0.,0.));
#2470 = ADVANCED_FACE('',(#2471),#2474,.T.);
#2471 = FACE_BOUND('',#2472,.T.);
#2472 = EDGE_LOOP('',(#2473));
#2473 = ORIENTED_EDGE('',*,*,#2362,.T.);
#2474 = PLANE('',#2475);
#2475 = AXIS2_PLACEMENT_3D('',#2476,#2477,#2478);
#2476 = CARTESIAN_POINT('',(49.874743070051,-23.59,36.539828713367));
#2477 = DIRECTION('',(0.,1.,2.22044604925E-16));
#2478 = DIRECTION('',(1.,0.,0.));
#2479 = ADVANCED_FACE('',(#2480),#2483,.F.);
#2480 = FACE_BOUND('',#2481,.T.);
#2481 = EDGE_LOOP('',(#2482));
#2482 = ORIENTED_EDGE('',*,*,#2387,.T.);
#2483 = PLANE('',#2484);
#2484 = AXIS2_PLACEMENT_3D('',#2485,#2486,#2487);
#2485 = CARTESIAN_POINT('',(42.762866,-12.6,45.377066));
#2486 = DIRECTION('',(-2.540718180781E-33,-1.,2.22044604925E-16));
#2487 = DIRECTION('',(-1.,2.540718180781E-33,-5.641527646774E-49));
#2488 = ( GEOMETRIC_REPRESENTATION_CONTEXT(3) 
GLOBAL_UNCERTAINTY_ASSIGNED_CONTEXT((#2492)) 
GLOBAL_UNIT_ASSIGNED_CONTEXT((#2489,#2490,#2491)) REPRESENTATION_CONTEXT
('Context #1','3D Context with UNIT and UNCERTAINTY') );
#2489 = ( LENGTH_UNIT() NAMED_UNIT(*) SI_UNIT(.MILLI.,.METRE.) );
#2490 = ( NAMED_UNIT(*) PLANE_ANGLE_UNIT() SI_UNIT($,.RADIAN.) );
#2491 = ( NAMED_UNIT(*) SI_UNIT($,.STERADIAN.) SOLID_ANGLE_UNIT() );
#2492 = UNCERTAINTY_MEASURE_WITH_UNIT(LENGTH_MEASURE(2.E-06),#2489,
  'distance_accuracy_value','confusion accuracy');
#2493 = CONTEXT_DEPENDENT_SHAPE_REPRESENTATION(#2494,#2496);
#2494 = ( REPRESENTATION_RELATIONSHIP('','',#32,#10) 
REPRESENTATION_RELATIONSHIP_WITH_TRANSFORMATION(#2495) 
SHAPE_REPRESENTATION_RELATIONSHIP() );
#2495 = ITEM_DEFINED_TRANSFORMATION('','',#11,#15);
#2496 = PRODUCT_DEFINITION_SHAPE('Placement','Placement of an item',
  #2497);
#2497 = NEXT_ASSEMBLY_USAGE_OCCURRENCE('1','Body','',#5,#27,$);
#2498 = PRODUCT_RELATED_PRODUCT_CATEGORY('part',$,(#29));
#2499 = MECHANICAL_DESIGN_GEOMETRIC_PRESENTATION_REPRESENTATION('',(
    #2500),#2488);
#2500 = STYLED_ITEM('color',(#2501),#33);
#2501 = PRESENTATION_STYLE_ASSIGNMENT((#2502,#2508));
#2502 = SURFACE_STYLE_USAGE(.BOTH.,#2503);
#2503 = SURFACE_SIDE_STYLE('',(#2504));
#2504 = SURFACE_STYLE_FILL_AREA(#2505);
#2505 = FILL_AREA_STYLE('',(#2506));
#2506 = FILL_AREA_STYLE_COLOUR('',#2507);
#2507 = COLOUR_RGB('',0.447059003357,0.474510015008,0.501960993452);
#2508 = CURVE_STYLE('',#2509,POSITIVE_LENGTH_MEASURE(0.1),#2510);
#2509 = DRAUGHTING_PRE_DEFINED_CURVE_FONT('continuous');
#2510 = COLOUR_RGB('',9.803921802644E-02,9.803921802644E-02,
  9.803921802644E-02);
ENDSEC;
END-ISO-10303-21;
